timestamp,open,high,low,close,volume
2021-01-04,129.85385422543547,129.94137947234472,123.27946608977872,125.85670471191406,143301900
2021-01-05,125.35096549709283,128.12271674575476,124.90358954867594,127.41275024414062,97664900
2021-01-06,124.21310565475042,127.45167334436817,122.90989509434218,123.12385559082031,155088000
2021-01-07,124.83553507837492,128.0157526782517,124.34926390945633,127.32524108886719,109578200
2021-01-08,128.79375026318803,128.9882705657379,126.65416049347947,128.4241943359375,105158200
2021-01-11,125.64275514317653,126.59584254088283,124.97169851220295,125.43851470947266,100384500
2021-01-12,124.97166974271053,126.1289973076945,123.376701166046,125.26343536376953,91951100
2021-01-13,125.22453134083729,127.84067229611607,124.96195562519107,127.29605102539062,88636800
2021-01-14,127.20853432464988,127.40303981441828,125.22453974548624,125.37042999267578,90221800
2021-01-15,125.24398598218208,126.64444915422231,123.5128620166925,123.64901733398438,111598500
2021-01-19,124.27145353534586,125.1759255883475,123.45452156734409,124.32008361816406,90757300
2021-01-20,125.12730680892926,128.85214592405728,125.02032655299224,128.40476989746094,104319500
2021-01-21,130.12617990258715,135.8349992091979,129.92193946307938,133.11187744140625,120150900
2021-01-22,132.53807846792435,136.01006199526975,131.31268037347158,135.25148010253906,114459400
2021-01-25,139.1416483205631,141.106173284309,132.79093279458516,138.99575805664062,157611700
2021-01-26,139.6570621664172,140.33783872046894,137.48828243304504,139.22914123535156,98390600
2021-01-27,139.49172564743122,140.3378474829839,136.55465878230473,138.1593475341797,140843800
2021-01-28,135.68910643879175,138.09128711738055,132.94653001780165,133.32582092285156,142621100
2021-01-29,132.1004504499765,132.98546769252428,126.63476631172155,128.3367156982422,177523800
2021-02-01,130.07752674070377,131.66277536673383,127.3349504556567,130.45681762695312,106239800
2021-02-02,132.00318020332065,132.5672565949287,130.91393742770222,131.28350830078125,83305400
2021-02-03,132.03231758895785,132.0420525079875,129.94135789213308,130.26229858398438,89880900
2021-02-04,132.55748642168908,133.62727378925396,130.89443296109326,133.6175537109375,84183100
2021-02-05,133.77834319417587,133.84651517913278,132.32708394868678,133.20367431640625,75693800
2021-02-08,132.49262578464683,133.39844945852406,131.41149002924152,133.34974670410156,71297200
2021-02-09,133.06725182462114,134.29449558670797,132.3172860388913,132.47311401367188,76774200
2021-02-10,132.93089894279558,133.42764614924684,130.9049865610518,131.86924743652344,73046600
2021-02-11,132.36597838425936,132.84324151471785,130.29137814000228,131.6160125732422,64280000
2021-02-12,130.8563275721737,132.0056353585524,130.21348684657468,131.84979248046875,60145100
2021-02-16,131.96666370650627,132.47313069680968,129.33686380627134,129.72647094726562,80576300
2021-02-17,127.83691038959827,128.781687221056,126.10319957479774,127.43756866455078,97918500
2021-02-18,125.84023543219843,126.61943492722637,124.09678975209331,126.33698272705078,96856700
2021-02-19,126.85320926611831,127.31098844832445,125.45065303655015,126.4928207397461,87668800
2021-02-22,124.68116007602796,126.34669893995918,122.33383475744539,122.72343444824219,103916400
2021-02-23,120.54168521506156,123.41496896895947,115.31132670254333,122.58707427978516,158273000
2021-02-24,121.691012957123,122.29488547484925,119.0514857660057,122.09034729003906,111039900
2021-02-25,121.43778116304092,123.17149227710611,117.40543965947438,117.84373474121094,148199500
2021-02-26,119.40211317040608,121.6033452358005,118.04825992472897,118.10670471191406,164560400
2021-03-01,120.53193824590555,124.60323956834041,119.59690349547498,124.46688079833984,116307900
2021-03-02,125.07077944616279,125.3727157063762,121.75919289657611,121.8663330078125,102260900
2021-03-03,121.56438254510716,122.44098002866822,118.6716145648539,118.88589477539062,112966300
2021-03-04,118.58395606502583,120.38584631369558,115.53535272389263,117.0060806274414,178155000
2021-03-05,117.8339897181949,118.76902459264008,114.51266119025206,118.26254272460938,153766600
2021-03-08,117.78528895665244,117.85346835184752,113.1880285063647,113.3341293334961,154376600
2021-03-09,115.93468789918522,118.8858931954571,115.7009310503409,117.94111633300781,129525800
2021-03-10,118.52552453136408,118.99303824849771,116.34376908141869,116.85999298095703,111943300
2021-03-11,119.35341713456053,120.00599237807343,118.10670400337277,118.78849792480469,103026500
2021-03-12,117.26907585524096,118.01904922400895,116.0613233493951,117.8826904296875,88105100
2021-03-15,118.25279105319385,120.77543569972144,117.28853020817765,120.76569366455078,92403800
2021-03-16,122.43122794234345,123.91170522216095,121.47671654048351,122.30461120605469,115227900
2021-03-17,120.82414250531377,122.58707194968112,119.15860369194408,121.51567840576172,111932600
2021-03-18,119.68456358302885,119.97676520351848,117.1911374972353,117.39567565917969,121229700
2021-03-19,116.7820720526636,118.27228410779664,116.56779183514182,116.8697280883789,185549500
2021-03-22,117.20088106018801,120.6488260443175,117.13270167198472,120.18130493164062,111912300
2021-03-23,120.12288150317761,121.0092136525593,118.96382433837393,119.35342407226562,95467100
2021-03-24,119.62614392900645,119.7040653634643,116.94765592524341,116.96713256835938,88530500
2021-03-25,116.43143354135354,118.49630686413842,115.9054750318424,117.4541244506836,98844700
2021-03-26,117.22034674678821,118.32096632192953,115.82753300565001,118.0579833984375,94071200
2021-03-29,118.48655542775977,119.3923715504468,117.59048134086395,118.23331451416016,80819200
2021-03-30,116.98660451621751,117.26906411360106,115.76911009525196,116.78206634521484,85671900
2021-03-31,118.48656634745086,120.30793336547684,117.99956854695249,118.97356414794922,118323800
2021-04-01,120.44428559619276,120.95075998024407,119.30470522783453,119.80144500732422,75089100
2021-04-05,120.6488353850815,122.87928615898178,119.86963594729222,122.62604522705078,88651200
2021-04-06,123.21043811923847,123.82405264578033,122.38254338092113,122.927978515625,80171300
2021-04-07,122.55786509964642,124.59351228641088,121.88580577435263,124.57403564453125,83466700
2021-04-08,125.59674758502777,126.99930382725644,125.17793655097103,126.97008514404297,88844600
2021-04-09,126.42461457311639,129.58035037412546,126.1031942856078,129.54139709472656,106686700
2021-04-12,129.073907454543,129.39532780187267,127.23305627401432,127.82719421386719,91420000
2021-04-13,128.99599269074992,131.15826433043802,128.49924537282473,130.93423461914062,91266500
2021-04-14,131.43098018165665,131.48941754486856,128.2362755221187,128.59664916992188,87222800
2021-04-15,130.34008581919048,131.48939338315375,130.1647588997771,131.0023956298828,89347100
2021-04-16,130.80763872455088,131.1680124141945,129.81415884861858,130.67127990722656,84922400
2021-04-19,130.03811104016313,131.94714842450873,129.87253361765187,131.33352661132812,94264200
2021-04-20,131.50889480005515,132.0056272235911,128.38236227240412,129.6485595703125,94812300
2021-04-21,128.91807261047788,130.27192605122198,127.88563953707525,130.02842712402344,68847100
2021-04-22,129.58037371612286,130.66150947358742,127.99277092528317,128.5089874267578,84566500
2021-04-23,128.72326849315886,131.60628729046172,128.72326849315886,130.8271026611328,78657500
2021-04-26,131.32387598904162,131.5478908966376,130.08689696866605,131.21673583984375,66905100
2021-04-27,131.49912083847275,131.88872793710226,130.62253087504087,130.89524841308594,66015800
2021-04-28,130.81733580986761,131.5088791677975,129.61932548257246,130.1063232421875,107760100
2021-04-29,132.92117853809344,133.50558183329358,129.00571212903608,130.00892639160156,151101000
2021-04-30,128.3530983774782,130.08680880809916,127.66157004294367,128.0414276123047,109839500
2021-05-03,128.6063859381181,130.58361088598772,128.40185516343865,129.0933837890625,75135100
2021-05-04,127.77847859118502,128.07068022860358,123.40523322106765,124.52532958984375,137564700
2021-05-05,125.84022317213565,127.05771762012843,124.64221279666873,124.76883697509766,84000900
2021-05-06,124.56430537762937,126.37593791446682,123.82406658932013,126.36620330810547,78128300
2021-05-07,127.66379828936026,128.06380344320834,126.32714777247271,127.03938293457031,78973300
2021-05-10,126.25886120807223,126.38568557584613,123.72216543128324,123.76119232177734,88071200
2021-05-11,120.4927732833166,123.19532046962064,119.78054551827158,122.8440933227539,126142800
2021-05-12,120.39522003263365,121.60502403427476,119.27322096428664,119.78055572509766,112172300
2021-05-13,121.54648377421124,123.07825403932372,121.23427605914434,121.92698669433594,105861300
2021-05-14,123.17580356771927,124.7758688561986,122.78554210729591,124.3465805053711,81918000
2021-05-17,123.7319305977149,123.83925269137897,122.12210663637244,123.19532012939453,74244600
2021-05-18,123.47825121325309,123.89778097564653,121.7415955505699,121.80989074707031,63342900
2021-05-19,120.16105011854478,121.87818865261369,119.86835215925528,121.65379333496094,92612000
2021-05-20,122.18066775166193,124.61003446523176,122.05382847219842,124.21001434326172,76857100
2021-05-21,124.7075655227382,124.88318279629019,122.16111877804317,122.37576293945312,79295400
2021-05-24,122.94166434682049,124.82466923282675,122.87336914136405,124.00511932373047,63092900
2021-05-25,124.70759385237946,125.19542633961541,123.24411872152993,123.80999755859375,72009500
2021-05-26,123.86851440973157,124.28804417802037,123.34166255348855,123.76119232177734,56575900
2021-05-27,123.3611810284224,124.5319579811851,122.03429651202822,122.22942352294922,94625600
2021-05-28,122.51237540484098,122.73677818956268,121.51721563777299,121.57575225830078,71311100
2021-06-01,122.03428414331518,122.29770632572136,120.92204391783555,121.2537612915039,67637100
2021-06-02,121.253779962891,122.19040306312083,121.02938463288338,122.01478576660156,59278900
2021-06-03,121.64403199734149,121.80989069682863,120.13177164794705,120.53179168701172,76229200
2021-06-04,121.04890215666704,123.08801464449839,120.83425795335646,122.8245849609375,75169300
2021-06-07,123.09774990370911,123.24409888195902,121.79038257021139,122.8343276977539,71057600
2021-06-08,123.51727923465421,125.33199613747028,123.13677635872094,123.65386962890625,74403800
2021-06-09,124.11243947005046,124.63929137968418,123.43923856713752,124.03438568115234,56877900
2021-06-10,123.92708340443244,125.0685997797003,122.87338686024545,123.03924560546875,71186400
2021-06-11,123.44899075181716,124.33683580636276,123.02946096276283,124.2490234375,53522400
2021-06-14,124.70756306020407,127.36132438958391,123.97582567545629,127.30278778076172,96906500
2021-06-15,126.77595907590421,127.4198916269695,126.23934861668313,126.48326110839844,62746300
2021-06-16,127.19550206765987,127.70284430122783,125.3320216426943,126.9808578491211,91815000
2021-06-17,126.6393832290609,129.3224209462561,126.49302678487064,128.58091735839844,96721700
2021-06-18,127.52720715689915,128.30771518043744,127.06865050509046,127.28329467773438,108953300
2021-06-21,127.12717628510836,129.18579802932504,126.06372153950791,129.07847595214844,79663300
2021-06-22,128.91260151651892,130.81511548198895,128.4150106343884,130.71754455566406,74783600
2021-06-23,130.51271488266488,131.0493254021088,129.98585550457855,130.4444122314453,60214200
2021-06-24,131.17616869873564,131.36154462192493,129.69317620046218,130.1614990234375,68711000
2021-06-25,130.2102425761428,130.6297648884673,129.57606120699057,129.86875915527344,70783700
2021-06-28,130.1614570490265,131.95664929646315,130.10292043684166,131.4980926513672,62111300
2021-06-29,131.51761747124857,133.16646828417475,131.07857796707717,133.01036071777344,64556100
2021-06-30,132.8542586809143,134.0640700400228,132.56156070353867,133.62503051757812,63261400
2021-07-01,133.27382165358517,133.98604212249344,132.45426418125246,133.92750549316406,52485800
2021-07-02,134.54215013282746,136.59102140885628,134.39580856478537,136.552001953125,78852600
2021-07-06,136.65926878574828,139.66425694043204,136.65926878574828,138.56178283691406,108181800
2021-07-07,140.04479519196917,141.3619286538461,139.1862333107396,141.0497283935547,104911600
2021-07-08,138.13253828734636,140.55214628534262,137.24469315334258,139.7521209716797,105575500
2021-07-09,139.27403406481795,142.10341304013653,139.17646311232951,141.57656860351562,99890800
2021-07-12,142.64976728517905,142.7570893612842,140.49357462424308,140.9813995361328,76299700
2021-07-13,140.52287651879445,143.8693639556699,140.1326224508896,142.0936737060547,100827100
2021-07-14,144.49373760521436,145.9279439651733,144.08395159902543,145.51815795898438,127050800
2021-07-15,145.6059901139749,146.34747864637848,143.50833398770226,144.86448669433594,106820300
2021-07-16,144.8449961921481,146.1133292004128,142.32781756831105,142.8253936767578,93251400
2021-07-19,140.2496710710599,140.56188618036083,138.22031752231123,138.9813232421875,121434600
2021-07-20,139.9667464752501,143.5181116494979,139.47892150687957,142.5912322998047,96350000
2021-07-21,141.98635160042446,142.57174758950413,141.10827250404336,141.85951232910156,74993500
2021-07-22,142.38634335455993,144.59130668501456,142.25950410848452,143.22540283203125,77338200
2021-07-23,143.95716474814094,145.0986734955369,143.34250046599004,144.94256591796875,71447400
2021-07-26,144.6596522812441,146.181664137203,144.10352454843763,145.36212158203125,72434100
2021-07-27,145.48892025406204,145.5767400665626,142.00585756681636,143.19615173339844,104818600
2021-07-28,141.28387882976534,143.391286472983,139.06914908747908,141.44973754882812,118931200
2021-07-29,141.16680912935195,142.9815188308623,141.05948702759235,142.0936737060547,56699500
2021-07-30,140.8643007480157,142.7668145815472,140.60087117499373,142.30825805664062,70440600
2021-08-02,142.7961507964113,143.3717807887823,141.7131785780533,141.9766082763672,62880000
2021-08-03,142.25952902121162,144.43522442777342,141.64486473611035,143.77178955078125,64786600
2021-08-04,143.68399557594776,144.19132291330385,142.71809660960577,143.3717803955078,56368300
2021-08-05,143.40104166770632,144.2401013148973,142.61076750096896,143.47909545898438,46397700
2021-08-06,143.00027443873307,143.74287381363573,142.29675296375655,142.79507446289062,54126800
2021-08-09,142.853744492803,143.34230040071924,142.18931561461758,142.7462615966797,48908700
2021-08-10,143.08824157374232,144.32917762337323,141.97433481779836,142.26747131347656,69023100
2021-08-11,142.70716850336376,143.36183156118472,142.19906623850963,142.52151489257812,48493500
2021-08-12,142.84394884807298,145.63848865290169,142.5019538202862,145.48214721679688,72282600
2021-08-13,145.56036386786354,146.0196076628779,144.87638850599475,145.68739318847656,59375000
2021-08-16,145.1401675406519,147.72952253031957,143.1175540441941,147.66111755371094,103296000
2021-08-17,146.79151932278535,148.20832862251999,145.67761233221978,146.75244140625,92229700
2021-08-18,146.37133747643588,147.2702784625577,142.8048707810112,143.01007080078125,86326000
2021-08-19,141.71052547158095,144.61254875765684,141.19265740190144,143.34230041503906,86960300
2021-08-20,144.0653382889344,145.10107421090675,143.42044104748524,144.7981719970703,60549600
2021-08-23,144.91545125791524,146.7524262457425,144.50506608373868,146.28341674804688,60131800
2021-08-24,146.02932738546966,147.40705833624506,145.73619092005404,146.1954345703125,48606400
2021-08-25,146.38108802855803,146.87942449217206,144.4170990582826,144.9642791748047,58991300
2021-08-26,144.95454377317253,145.70690913613237,144.13375851701343,144.16307067871094,48597200
2021-08-27,144.10446179134948,145.34539810446006,143.46934500714787,145.19883728027344,55802400
2021-08-30,145.58964568755835,149.97688265994054,145.2085727146907,149.61534118652344,90956700
2021-08-31,149.16587817080352,149.3026732146875,147.8272249811444,148.35487365722656,86453100
2021-09-01,149.33200056452,151.43278500420377,148.85321040744938,149.01931762695312,80313700
2021-09-02,150.34814443756616,151.17869519131676,148.911789313974,150.1331787109375,71115500
2021-09-03,150.24070759279422,151.0908050119508,149.58604446464392,150.7683563232422,57808700
2021-09-07,151.4230043452141,153.66058362239795,150.8562777588282,153.1036376953125,82278300
2021-09-08,153.38697789342345,153.4456022050819,150.45564303417842,151.55978393554688,74420200
2021-09-09,151.93112186962642,152.53692642541913,150.42636132134103,150.5436248779297,57305700
2021-09-10,151.45231569560596,151.9213251437336,145.2965089144569,145.56033325195312,140893200
2021-09-13,147.18234237769772,147.95425407222461,145.34536758274155,146.12705993652344,102404300
2021-09-14,146.90878293557242,147.61230470977705,143.54751554982687,144.7298126220703,109296300
2021-09-15,145.15972903193406,146.01959220126037,143.01985176888803,145.6189727783203,83281300
2021-09-16,145.04246503666727,145.56033305169905,143.8503875542624,145.3844451904297,68034100
2021-09-17,145.41377207009813,145.41377207009813,142.42379770872697,142.71693420410156,129868800
2021-09-20,140.50868223734292,141.52487196661303,138.0365905336095,139.66836547851562,123478900
2021-09-21,140.63571172252995,141.2903898304163,139.51203897648207,140.14715576171875,75834000
2021-09-22,141.14376881169068,143.0784456211062,140.41093510559722,142.51173400878906,76404300
2021-09-23,143.29341147385273,143.71357721861844,142.30653411634987,143.46929931640625,64838200
2021-09-24,142.3261258424034,144.0946960320379,142.22840868658764,143.55728149414062,53477900
2021-09-27,142.14047228283127,142.61926249136263,140.52824357765476,142.04275512695312,74150700
2021-09-28,139.97125238193445,141.43691994614318,138.44696050068399,138.66192626953125,108972300
2021-09-29,139.2091217179658,141.14379894035906,138.77919013309102,139.56088256835938,74602000
2021-09-30,140.37190261492736,141.07542439314534,138.0463714641766,138.26133728027344,89056700
2021-10-01,138.65214546670163,139.64880358400276,135.9260103602956,139.38497924804688,94639600
2021-10-04,138.5153657120816,138.9550779570537,135.10525501528176,135.95533752441406,98322000
2021-10-05,136.2973628189778,138.98442090910424,136.17033348366243,137.88027954101562,80861100
2021-10-06,136.27778622694314,138.8964387383312,135.20295726507902,138.7498779296875,83221100
2021-10-07,139.7855986818326,140.9190518423827,139.45338427911526,140.0103302001953,61732700
2021-10-08,140.73339820397527,140.87995899645605,139.2970427994977,139.62925720214844,58773200
2021-10-11,139.01367183693614,141.49552874663496,138.5641939396708,139.5413055419922,64452200
2021-10-12,139.9517211619384,139.97126757292082,137.8118439004276,138.27108764648438,73035900
2021-10-13,138.00726310614547,138.16358964828814,136.0139468710265,137.684814453125,78762700
2021-10-14,138.85737578524592,140.58686806127858,138.27110266842462,140.4696044921875,69907100
2021-10-15,140.4793699361988,141.58349614959462,140.22531132197605,141.52487182617188,67940300
2021-10-18,140.1666871499396,143.47909561279081,139.88333128324254,143.19573974609375,85589200
2021-10-19,143.6451724796259,145.75573713641117,143.19570948817753,145.35511779785156,76378900
2021-10-20,145.29649358936246,146.3224637629304,144.7297670657769,145.8436737060547,58418800
2021-10-21,145.40400691653662,146.21501151275598,144.48551942420278,146.0586700439453,61421000
2021-10-22,146.26383951681254,146.7426146643611,145.23786934278849,145.28672790527344,58883400
2021-10-25,145.27696242983234,145.95117189778182,144.24122639888336,145.23788452148438,50720600
2021-10-26,145.91212476055014,147.3875583918874,145.59944178965912,145.90235900878906,60893400
2021-10-27,145.94143694606547,146.30296358535784,145.0913543468451,145.443115234375,56094900
2021-10-28,146.39089965518153,149.66421529809745,146.29318250961379,149.0779571533203,100077900
2021-10-29,143.85040287273776,146.5081482073945,143.0589446865979,146.37135314941406,124953200
2021-11-01,145.57987978563986,146.2736207539483,144.4171144592604,145.55056762695312,74588300
2021-11-02,145.25744630214584,148.10084526807523,145.24766564186768,146.58631896972656,69122000
2021-11-03,146.94786074576106,148.4916993652847,146.39091470548655,148.02268981933594,54511500
2021-11-04,148.11061107430388,148.94114717338857,147.19212358039826,147.5048065185547,60394600
2021-11-05,148.6301118041856,148.9334561453401,146.83938576662882,148.033203125,65463900
2021-11-08,148.16042562432813,148.3169952703634,146.93725326087116,147.21124267578125,55020900
2021-11-09,146.97639448653322,148.17999196283563,146.83939977322487,147.57330322265625,56787900
2021-11-10,146.80023551358215,146.9078752619248,144.67681041564214,144.74530029296875,65187100
2021-11-11,145.76302891424749,146.22292804332957,144.51048652142552,144.6964111328125,41000000
2021-11-12,145.24435777936998,147.1720784304826,144.31474986015922,146.77088928222656,63804000
2021-11-15,147.1426937815547,148.62029511004687,146.22286605075,146.7806396484375,59222800
2021-11-16,146.72195341819835,148.23868992516853,146.13482479249984,147.7592010498047,59256200
2021-11-17,147.75923582189736,151.67338776419928,147.74945581731131,150.19580078125,88807000
2021-11-18,150.41107449173293,155.26461435018126,149.76523586281957,154.48178100585938,137827700
2021-11-19,154.26649442831288,157.56417731455713,153.17053675502055,157.10426330566406,117305600
2021-11-22,158.20998681834752,162.14371301680876,157.54458827093626,157.5641632080078,117467900
2021-11-23,157.6620164381372,158.32742995233392,155.64623082003743,157.94580078125,96041900
2021-11-24,157.29998440577035,158.66015163635032,156.2138066222637,158.46444702148438,69463600
2021-11-26,156.14530861301552,157.00641185994465,153.00419520836275,153.4445343017578,76959800
2021-11-29,155.94955010034442,157.7304958999759,155.38199643665857,156.80088806152344,88748200
2021-11-30,156.55627065978888,161.9675835913138,156.48776584559891,161.75230407714844,174048100
2021-12-01,163.88548659020162,166.64497001692308,160.99880341826756,161.23365783691406,152052500
2021-12-02,155.33309702351337,160.6759050938818,154.4132690949476,160.24534606933594,136739200
2021-12-03,160.49978216462458,161.41961013164072,156.29206642790317,158.36656188964844,118023100
2021-12-06,160.76395823883925,164.27692006238982,160.75417823673777,161.77186584472656,107497000
2021-12-07,165.45116789916563,167.89751232351225,164.72704457429052,167.50608825683594,120405400
2021-12-08,168.4357343791699,172.18353634737676,167.03641741062992,171.32241821289062,116998900
2021-12-09,171.15603176332104,172.9565375380552,170.18727407030087,170.81353759765625,108923700
2021-12-10,171.4496116481563,175.77474686026093,170.9407678198788,175.59860229492188,115402700
2021-12-13,177.23278564494396,178.2211185132973,171.76276218304858,171.96826171875,153237000
2021-12-14,171.48875398461132,173.92531854630914,168.51400556372403,170.5885009765625,139380400
2021-12-15,171.35175229088827,175.6475325738547,168.611843504033,175.4518280029297,131063300
2021-12-16,175.43223547777242,177.25231617436867,167.08531019517628,168.56289672851562,150185800
2021-12-17,166.2829122189755,169.74694420568176,166.0480727156741,167.46694946289062,195432700
2021-12-20,164.66835958996737,166.91899978685493,163.86596626176092,166.1068115234375,107499100
2021-12-21,167.8779657038139,169.48276731961977,165.49033075391415,169.27728271484375,91185900
2021-12-22,169.32618739702795,172.08567137280502,168.45528928513505,171.87039184570312,92135300
2021-12-23,172.07586375572322,173.0544014741378,171.50831008728667,172.4966278076172,68356600
2021-12-27,173.28926405046633,176.54779687853835,173.26970404402934,176.45973205566406,74919600
2021-12-28,176.29338521436063,177.43827272382592,174.69836371754772,175.44204711914062,79144300
2021-12-29,175.48117571727812,176.7532777728696,174.316713410959,175.5301055908203,62348900
2021-12-30,175.6181590245021,176.6945564474762,174.26777224500728,174.3754119873047,59773000
2021-12-31,174.2678163999058,175.38334904304386,173.45562812611084,173.7589874267578,64062300
2022-01-03,174.01337226981713,178.95499096160628,173.895952516217,178.10365295410156,104487900
2022-01-04,178.71038559647081,179.013729963492,175.27570793184105,175.84326171875,99310400
2022-01-05,175.7551772531539,176.3031560396219,170.89184312629723,171.16583251953125,94537600
2022-01-06,168.99347567343597,171.53767993498516,167.95622799076347,168.30850219726562,96904000
2022-01-07,169.1794172582698,170.40258963561612,167.35933616352636,168.47486877441406,86709100
2022-01-10,165.4511773077938,168.79777487885306,164.56070430318124,168.4944305419922,106765600
2022-01-11,168.62165897014336,171.42026304461638,167.1538521125257,171.32241821289062,76138300
2022-01-12,172.3400748149154,173.37732250749067,171.0679876032979,171.7627410888672,74805200
2022-01-13,172.00737775161056,172.82934594142114,168.10300645305696,168.4944305419922,84505800
2022-01-14,167.66267899736397,170.05031384521072,167.41804452412237,169.35556030273438,80440800
2022-01-18,167.82899175117316,168.836884364845,165.7740715864879,166.15570068359375,90956700
2022-01-19,166.3514456378891,167.40826837840387,162.37858408989868,162.662353515625,94815000
2022-01-20,163.3962221186515,166.0382709410417,160.6563135530504,160.97923278808594,91420500
2022-01-21,160.8911718694381,162.76018251834915,158.81667665863466,158.92431640625,122848900
2022-01-24,156.58562410189697,158.81668910799385,151.37979580013618,158.15127563476562,162294600
2022-01-25,155.5679206315474,159.26679197315192,153.64999508546384,156.3507537841797,115798400
2022-01-26,159.99093736491258,160.8618354481178,154.43284958250229,156.26271057128906,108275300
2022-01-27,158.96343730234798,160.32360403043404,154.8829371180898,155.80276489257812,121954600
2022-01-28,162.15349217595866,166.69390660020625,159.30594382680772,166.67433166503906,179935700
2022-01-31,166.5079991576081,171.24411862639118,165.87194061535732,171.02883911132812,115541600
2022-02-01,170.27534392743365,171.0875320298687,168.61183278338754,170.8624725341797,86213900
2022-02-02,170.99951350894017,172.10526621408275,169.60999135687587,172.0661163330078,84914300
2022-02-03,170.7352853699913,172.4575215973305,168.42593537257994,169.18919372558594,89418100
2022-02-04,168.20936061040763,170.58045176088635,167.22957631528553,168.90501403808594,82465400
2022-02-07,169.36554243968104,170.4335039135459,167.4941505320522,168.18980407714844,77251200
2022-02-08,168.25840756625686,171.80523803495097,167.96446919200875,171.29574584960938,74829200
2022-02-09,172.4910539110368,173.07891560572492,171.36429283315064,172.71640014648438,71285000
2022-02-10,170.61965636290995,171.9325638827204,168.08201833200982,168.64048767089844,90865900
2022-02-11,168.8462728505392,169.58111126110254,164.64298876993468,165.23086547851562,98670700
2022-02-14,163.98653444619794,166.15186486791518,163.19291135712115,165.4660186767578,86185500
2022-02-15,167.5137664381475,169.45373566949445,166.80832036305304,169.29696655273438,62527400
2022-02-16,168.3759824121772,169.83585183660028,166.6123672162483,169.06182861328125,61177400
2022-02-17,167.57254946752525,168.43476465088062,165.06430342539218,165.4660186767578,69589300
2022-02-18,166.38699918366942,167.0924302194162,162.83037691642315,163.91793823242188,82772700
2022-02-22,161.64484588368407,163.32028399061443,158.87205389872815,160.99819946289062,91162800
2022-02-23,162.19351371308113,162.79118283457873,156.5205682404435,156.8341064453125,90009200
2022-02-24,149.49553451506446,159.5579264390306,148.9272576589058,159.4501495361328,141147500
2022-02-25,160.52789462372328,161.78201763247694,157.61793335879435,161.51748657226562,91974200
2022-02-28,159.76365924798694,162.07595128148682,159.14639022474867,161.78201293945312,95056600
2022-03-01,161.37049453342058,163.23209394256236,158.69568719407653,159.90081787109375,83474400
2022-03-02,161.0667710705488,163.97673219026618,159.65587901852524,163.19290161132812,79724800
2022-03-03,165.06432138955572,165.4954290281514,162.20335200198932,162.86959838867188,76678400
2022-03-04,161.16475211398938,162.2033212553789,158.82306783943153,159.87142944335938,83737200
2022-03-07,160.05757297165496,161.6840185904636,155.82489737817548,156.07965087890625,96418800
2022-03-08,155.60938587479396,159.58730866544224,152.65043241487155,154.2572784423828,131148300
2022-03-09,158.2156295977199,160.10662184800367,156.18748303740642,159.65591430664062,91454900
2022-03-10,156.961460328922,157.14762175986647,152.82676890064815,155.3154296875,105342000
2022-03-11,155.71711132575638,156.0600418102309,151.37667406119195,151.60202026367188,96970100
2022-03-14,148.38840322217212,151.00442681332026,147.065702727949,147.57518005371094,108732100
2022-03-15,147.84950323761805,152.42511088063213,147.3400259647883,151.95480346679688,92964300
2022-03-16,153.8751841039313,156.7655458657659,151.33754541830783,156.36383056640625,102300200
2022-03-17,155.40365445965918,157.74533933374323,154.44346962371964,157.37301635742188,75615400
2022-03-18,157.2652159266267,161.15496186500974,156.53037749922927,160.66506958007812,123511700
2022-03-21,160.2045664067095,162.9871658912754,159.71467413165345,162.03677368164062,95811400
2022-03-22,162.16415722656538,165.99511891868582,161.57629538795769,165.40725708007812,81532000
2022-03-23,164.59399656875675,169.14998832074127,164.26085849061369,166.7691192626953,98062700
2022-03-24,167.60194065734933,170.61967882805246,166.76913277034842,170.5511016845703,90131400
2022-03-25,170.36494232979024,171.73663471959298,169.25778100424003,171.18795776367188,80546200
2022-03-28,168.6895021580393,172.1775327221898,168.52294058057433,172.0501708984375,90371900
2022-03-29,173.11810933027303,175.39120138120336,172.77517880756406,175.34222412109375,100589400
2022-03-30,174.94056143752658,175.97913082903224,173.12795375967593,174.17633056640625,92633200
2022-03-31,174.2448693810398,174.4310308254092,170.8744083575564,171.08016967773438,103049300
2022-04-01,170.51188591642043,171.34470867552832,168.46414001265768,170.78622436523438,78751300
2022-04-04,171.04100211349504,174.88175589117134,170.91362533338986,174.832763671875,76468400
2022-04-05,173.9117489626708,174.6955795536943,170.8940109049415,171.5210723876953,73401800
2022-04-06,168.87566890286308,170.11999949152553,166.69075350018778,168.35638427734375,89058800
2022-04-07,167.69994098041755,169.85546417791434,166.41642550623965,168.66012573242188,77594700
2022-04-08,168.30738857225097,168.30738857225097,165.77954264267717,166.65155029296875,76575500
2022-04-11,165.29944535757966,165.61296861541499,162.1543306146452,162.39927673339844,72246700
2022-04-12,164.62339868320723,166.4359910689201,163.27129126604743,164.2706756591797,79265200
2022-04-13,164.00611547230426,167.5823226689275,163.39865390857594,166.95526123046875,70618900
2022-04-14,167.17083120352376,167.80770011623432,161.70363174912274,161.94857788085938,75329400
2022-04-18,160.60625594535696,163.23208589340007,160.26334037791807,161.73301696777344,69023900
2022-04-19,161.6840380358106,164.4274375522312,160.59647667199232,164.0159149169922,67723800
2022-04-20,165.34844979022682,165.46603411276996,162.7422340206999,163.84938049316406,67929800
2022-04-21,165.49542471534926,168.06245565058305,162.5560708382442,163.05575561523438,87227800
2022-04-22,163.09495550660975,164.4764404677371,158.2352171809879,158.51934814453125,84882400
2022-04-25,157.8628653370747,159.87142644375086,155.25665006996203,159.58729553222656,96046400
2022-04-26,158.97005703556184,159.0582340646371,153.55184919980582,153.63023376464844,95623200
2022-04-27,152.7581849182673,156.5597381127117,152.2389003975014,153.40484619140625,88063200
2022-04-28,156.0306713643422,161.19413952588084,155.71713316880462,160.33192443847656,130216800
2022-04-29,158.568327600733,162.84018882642286,154.07112011517893,154.46302795410156,131747600
2022-05-02,153.54203875876948,155.03130046543404,150.17157761678854,154.7667694091797,123055300
2022-05-03,154.95291204808,157.46117291588328,153.15991957685017,156.2560272216797,88966500
2022-05-04,156.4421811299961,163.11451083359574,156.040465917951,162.663818359375,108256500
2022-05-05,160.53770657596968,160.76305283929582,151.8176149978829,153.600830078125,130525300
2022-05-06,153.08074566682737,156.44635165846242,151.28510401095104,154.326904296875,116124600
2022-05-09,152.02103374851995,152.90414437032265,148.6456356183626,149.20492553710938,131577900
2022-05-10,152.59999379126018,153.79708852885074,150.05861170075954,151.60894775390625,115366700
2022-05-11,150.61792919171955,152.5313135713574,143.07231197215032,143.74935913085938,142689800
2022-05-12,140.08934914213407,143.45494014257622,136.1938888181264,139.88328552246094,182602000
2022-05-13,141.87521108197208,145.31931779066926,140.4230033804494,144.347900390625,113990900
2022-05-16,142.817149092285,144.75016147394118,141.472862097978,142.8073272705078,86643800
2022-05-17,146.06502676243824,146.95794432736452,143.92595034164182,146.43789672851562,78336300
2022-05-18,144.09277542323014,144.59319436014727,137.27325546059197,138.17599487304688,109742900
2022-05-19,137.25364468817165,139.00022255113117,134.03523053806913,134.77114868164062,136095600
2022-05-20,136.47842763585558,138.0581987019196,130.12010100370028,135.006591796875,137426100
2022-05-23,135.202883911534,140.57018180016163,135.06551311431642,140.42300415039062,117726300
2022-05-24,138.1661112834994,139.3043344057715,134.75145688896902,137.7245635986328,104132700
2022-05-25,135.8308524536192,139.12776621000188,135.742545873108,137.88162231445312,92482700
2022-05-26,134.8103917996885,141.62989697300142,134.56508575048807,141.08041381835938,90601500
2022-05-27,142.6601657784012,146.869610416665,142.5326018592053,146.8303680419922,90978500
2022-05-31,146.27108722583742,147.8312299883083,144.08294665114528,146.04539489746094,103718400
2022-06-01,147.08549081541827,148.8909545900905,144.90717205322113,145.9178466796875,74286600
2022-06-02,145.05436821890447,148.42978169809749,144.10257959347064,148.37091064453125,72348100
2022-06-03,144.14176365900607,145.19168026383338,141.74759027288843,142.6503143310547,88570300
2022-06-06,144.2693764860653,145.78046996633253,142.17936438712687,143.39608764648438,71598400
2022-06-07,141.63970888221743,146.20239508903217,141.39440285018887,145.9178466796875,67808200
2022-06-08,145.79026939576806,147.05604181726716,144.6913032640919,145.18191528320312,53950200
2022-06-09,144.3184289860741,145.17208908244996,139.85385675234653,139.9617919921875,69473000
2022-06-10,137.64614851793758,138.11713200650152,134.48660496140988,134.5552978515625,91437900
2022-06-13,130.37524138815306,132.6614953380435,128.97209811172078,129.40383911132812,122207100
2022-06-14,130.63035125622758,131.37607607962988,129.0113227305463,130.2672882080078,84784300
2022-06-15,131.76858160626196,134.7613181921413,129.67858439406757,132.88717651367188,91533000
2022-06-16,129.60008071626916,129.90425779121338,126.61715107258264,127.61800384521484,108123900
2022-06-17,127.62781429709099,130.58129318016776,127.37268647196602,129.08982849121094,134520300
2022-06-21,130.91491273074396,134.48656772231706,130.8167993077871,133.31890869140625,81000500
2022-06-22,132.25917204519908,135.17340842764006,131.3957051346055,132.8086700439453,73409200
2022-06-23,134.25110181028134,135.98785785879153,133.08344262037107,135.6738739013672,72433800
2022-06-24,137.27323450557805,139.24550436943025,137.14568556404583,139.0001983642578,89116800
2022-06-27,140.02066475796738,140.79584011879487,138.32315139441545,139.0001983642578,70207900
2022-06-28,139.46137923230657,140.72715167094702,134.74169394010806,134.85943603515625,67083400
2022-06-29,134.87910369225645,138.02882542347956,134.10392808303297,136.61585998535156,66242400
2022-06-30,134.67301697127326,135.77198324759192,131.25836106107414,134.15296936035156,98964500
2022-07-01,133.4856899787513,136.4293616172376,133.11283508569903,136.32142639160156,71051600
2022-07-05,135.18326636531972,138.9511638153359,134.3590266331402,138.902099609375,73353800
2022-07-06,138.6960579320058,141.41403840686974,138.43112318423007,140.236572265625,74064300
2022-07-07,140.5995991745189,143.79839942455877,140.58979232323185,143.60215759277344,66253700
2022-07-08,142.53262737695925,144.77963926575595,142.27751446518533,144.27920532226562,64547800
2022-07-11,142.93489980535588,143.88668829327412,141.08038702449986,142.14991760253906,63141600
2022-07-12,143.02322474684678,145.66272006961017,142.32656399441228,143.12135314941406,77588800
2022-07-13,140.3052405126538,143.7002675399076,139.45156535802397,142.75830078125,71185600
2022-07-14,141.37478416032295,146.1533412106034,140.5603662797928,145.68235778808594,78140700
2022-07-15,146.96775651820843,148.0274804295402,145.41742051675783,147.35043334960938,76259900
2022-07-18,147.90974591488566,148.72416382298212,143.94559163866427,144.30865478515625,81420900
2022-07-19,145.14266864096726,148.3905180514349,144.15163767930207,148.1648406982422,82982400
2022-07-20,148.28258588894056,150.83377461851506,147.5466677906739,150.16653442382812,64823400
2022-07-21,151.59913522400217,152.6490522792443,149.08720372847873,152.4331817626953,65086600
2022-07-22,152.47238671293337,153.34567541649065,150.52956751320949,151.19679260253906,66675400
2022-07-25,151.11829629325123,152.1289557716175,149.4207830391442,150.0782012939453,53623900
2022-07-26,149.40118236976926,150.21560020375307,147.96860350790257,148.7535858154297,55138700
2022-07-27,149.7151850174758,154.37599980512033,149.30307266450654,153.84613037109375,78620700
2022-07-28,154.03253631118739,154.68014773185416,151.5107984661639,154.39559936523438,81378700
2022-07-29,158.2125962735302,160.55772152561576,156.50526076605678,159.458740234375,101786900
2022-08-01,157.98691167692704,160.51847204780725,157.86916955763294,158.47752380371094,67829400
2022-08-02,157.09395202290318,159.36057683120032,156.63277559316523,157.00563049316406,59907000
2022-08-03,157.82008857109244,163.46212742924678,157.73178199101062,163.01077270507812,82507500
2022-08-04,162.89303446062004,164.05088687619767,161.34269832888046,162.69679260253906,55474100
2022-08-05,160.3680135481735,162.96204234831043,160.16166370349944,162.4707489013672,56697000
2022-08-08,163.47299550022427,164.88792318870864,161.34078349494277,161.99911499023438,60276900
2022-08-09,161.16394115258205,162.9326009401167,160.40734488370262,162.0482635498047,63135500
2022-08-10,164.76018146628317,166.3912794896035,163.99376480339055,166.29302978515625,70170500
2022-08-11,167.09876052441393,168.01257432763373,165.26132743753485,165.5561065673828,57149200
2022-08-12,166.86294364369544,169.1720142653812,166.45024387983412,169.10324096679688,68039400
2022-08-15,168.53335189122956,170.37078506094434,168.36631387517275,170.1742706298828,54091700
2022-08-16,169.77138205657383,170.6851957704937,168.6708894053126,170.01702880859375,56377100
2022-08-17,169.76155547008622,173.08268924248625,169.56504107416526,171.51055908203125,79542000
2022-08-18,170.72447915963892,171.85444813238172,170.10544459568962,171.1175079345703,62290100
2022-08-19,170.01704154998163,170.71468497495962,168.32699056998192,168.53334045410156,70346300
2022-08-22,166.73519456201245,166.90223255698254,164.22959465128477,164.65211486816406,69026800
2022-08-23,164.17064162540487,165.7722632709113,163.74812140904885,164.31802368164062,54147100
2022-08-24,164.40645810232692,165.18269520734955,163.35508285359487,164.61279296875,53841500
2022-08-25,165.84104108991514,167.17736007756102,165.41853585512217,167.06927490234375,51218200
2022-08-26,167.59988131493301,168.0715189036816,160.71193645776907,160.77088928222656,78961000
2022-08-29,158.34389469961232,160.06342201093398,157.03706713692557,158.5699005126953,73314000
2022-08-30,159.3068453614504,159.7293506019625,154.97363281420544,156.14291381835938,77906200
2022-08-31,157.51855169061037,157.78385443277264,154.40375206464415,154.48236083984375,87991100
2022-09-01,153.91245042285962,155.66145434866903,151.97675253984187,155.20947265625,74229900
2022-09-02,156.9682888748041,157.56766760419046,152.2715237467297,153.09689331054688,76957800
2022-09-06,153.7454399491292,154.354639292867,151.0138483849535,151.83921813964844,73714800
2022-09-07,152.1241293530868,153.9419063408882,150.93519246411637,153.24427795410156,87449600
2022-09-08,151.94725947173376,153.6373103822705,150.02138227376568,151.77040100097656,84923800
2022-09-09,152.76282069447305,155.07190642293236,152.05535676886382,154.62973022460938,68028800
2022-09-12,156.81106723949068,161.39974706706778,156.52612358553827,160.58419799804688,104956000
2022-09-13,157.11565333541313,157.7445084078153,150.6993615052029,151.1611785888672,122656600
2022-09-14,152.0946413613245,154.3644300184662,150.9351958505273,152.6055908203125,87965400
2022-09-15,151.9570633678186,152.5368010537083,148.7440148881969,149.71676635742188,90481100
2022-09-16,148.57699569456918,148.71455728301882,145.78643705402317,148.07586669921875,162278800
2022-09-19,146.71006595451675,151.8686478234834,146.50373107588743,151.7900390625,81474200
2022-09-20,150.7288529156578,155.3273682721185,150.41443284470995,154.16790771484375,107689800
2022-09-21,154.600234046477,155.9758648340084,150.92536828428254,151.04327392578125,101696800
2022-09-22,149.72659039660394,151.780193333908,148.28218651419172,150.080322265625,86652500
2022-09-23,148.55735322020942,148.83247642204518,145.97314422465584,147.81057739257812,96029900
2022-09-26,147.05396595162924,151.09239889982268,147.0343100146429,148.14463806152344,93339400
2022-09-27,150.08036255735442,152.02588086273627,147.33893608818533,149.11741638183594,84442700
2022-09-28,145.06914652315353,148.01690757279204,142.31789987820665,147.2308349609375,146691400
2022-09-29,143.55598373619551,144.16518295071455,138.23034837016746,139.99900817871094,128138200
2022-09-30,138.8199033723931,140.60821907927374,135.59701890511008,135.7935333251953,124925300
2022-10-03,135.80335372086685,140.57872706512543,135.2924042908768,139.96951293945312,114311700
2022-10-04,142.50460908002574,143.67389015390162,141.74801279814906,143.5559844970703,87830100
2022-10-05,141.56130887045842,144.8136692711772,140.51975411083046,143.85072326660156,79471000
2022-10-06,143.2710319630231,144.9709035584296,142.69130913468942,142.89764404296875,68402200
2022-10-07,140.05798588921024,140.60824736647388,137.02179475777638,137.65065002441406,85925600
2022-10-10,137.974853515625,139.4192574875598,136.15707670936632,137.974853515625,74899000
2022-10-11,137.46394548029593,138.8887089375452,135.8132061545904,136.55996704101562,77033700
2022-10-12,136.70734348798558,137.91592138284778,135.75423283314072,135.93109130859375,70433700
2022-10-13,132.63948360435933,141.0897265721953,132.03026919771912,140.50018310546875,113224000
2022-10-14,141.7971795758865,142.00352951852494,135.78374972822098,135.97044372558594,88598000
2022-10-17,138.61357366022068,140.41169491464842,137.82750095740744,139.93023681640625,85250900
2022-10-18,142.95659405664904,144.1455159806622,138.1615644966325,141.24688720703125,99136600
2022-10-19,139.22275323737964,142.42598143245377,139.03605931008337,141.35496520996094,61758300
2022-10-20,140.52960554450746,143.34962560942563,140.16603813694184,140.89315795898438,64522000
2022-10-21,140.38221977444553,145.2755145225026,140.16604940438248,144.7056121826172,86548600
2022-10-24,144.62699951406933,147.61405773965313,143.45771845108737,146.84764099121094,75981900
2022-10-25,147.47651092815792,149.83472923085242,146.7592264620596,149.6873321533203,74732300
2022-10-26,148.33134005875115,149.34340346890698,145.4621728259598,146.74937438964844,88194300
2022-10-27,145.49168973842666,146.4546209688135,141.62029388228584,142.27862548828125,109180200
2022-10-28,145.6193922207591,154.75745443354808,145.24601935139384,153.02810668945312,164762400
2022-10-31,150.49306337072383,151.5542593756546,149.2746498110423,150.669921875,97943200
2022-11-01,152.37958612806426,152.74313850206963,146.53319676946654,148.02671813964844,80379300
2022-11-02,146.35636351890798,149.52029556888522,142.47514699591338,142.50462341308594,93604600
2022-11-03,139.58632020230726,140.31344004952294,136.33395931941936,136.46170043945312,97918500
2022-11-04,139.84742136761483,140.41826915811382,132.25911500159168,136.19598388671875,140814800
2022-11-07,134.94600177423487,136.95379796987663,133.52872680415337,136.72743225097656,83374600
2022-11-08,138.1938892139262,139.19777957129702,135.31997786188919,137.29824829101562,89908500
2022-11-09,136.31406095143706,136.36327480735815,132.46576869499577,132.74134826660156,74917800
2022-11-10,139.0108096143879,144.55194091796875,137.298266687944,144.55194091796875,118854000
2022-11-11,143.51854343102002,147.64240042758996,142.09141663457416,147.33729553222656,93979700
2022-11-14,146.61884006603,147.90816221784894,145.1031371412935,145.93972778320312,73374100
2022-11-15,149.8174908111913,151.16586309626985,146.2152535189844,147.67189025878906,89868300
2022-11-16,146.77628031248196,147.50459125268796,144.96530968920132,146.44163513183594,64218300
2022-11-17,144.11885756056643,149.08915536088233,143.84327806040238,148.34115600585938,80389400
2022-11-18,149.9060967599958,150.2899408094876,147.60303246304494,148.90219116210938,74829600
2022-11-21,147.790025718782,147.99670287508093,145.3885338782466,145.6739501953125,58724100
2022-11-22,145.7920747269315,148.04592513732047,144.6110022662971,147.80970764160156,51804100
2022-11-23,147.09122719796105,149.43366845656658,146.98296272757275,148.6856689453125,58301400
2022-11-25,145.96920976620405,146.53022062215993,144.79798922240155,145.77236938476562,35195900
2022-11-28,142.84924916455952,144.32557460653223,141.11703271911014,141.9437713623047,69246000
2022-11-29,142.012646377485,142.5244433578434,138.13484450256723,138.94189453125,83763800
2022-11-30,139.16828541868128,146.37276146207836,138.33170993361605,145.6936492919922,111380900
2022-12-01,145.87081033178356,146.7762881829984,144.29605710134743,145.96922302246094,71250400
2022-12-02,143.6563344518848,145.66413072697534,143.35121453595042,145.4771270751953,65447400
2022-12-05,145.4377569527139,148.53803463745106,143.46932286260514,144.3157501220703,68826400
2022-12-06,144.74882702977874,144.9751927748334,139.68009957146649,140.65447998046875,64727200
2022-12-07,139.9458168978351,141.10718574311466,137.7903792762826,138.71554565429688,69721100
2022-12-08,140.1131279990439,141.25482328488022,138.8730200272998,140.39854431152344,62128300
2022-12-09,140.09342685388958,143.27245818375033,138.67615214625445,139.91627502441406,76097000
2022-12-12,140.44774653895632,142.21933993621704,138.83363144766497,142.20950317382812,70462700
2022-12-13,147.1404505596148,147.60303377953338,141.9634742273276,143.17405700683594,93886200
2022-12-14,143.05594605605327,144.3452679150581,138.9320744491566,140.94972229003906,82291200
2022-12-15,138.88288378971373,139.5619960317231,133.88305882406812,134.34564208984375,98931900
2022-12-16,134.5326248058533,135.47746472052233,131.61933586337778,132.38702392578125,160156900
2022-12-19,132.97755207276447,133.0661279935264,129.24737645818792,130.28079223632812,79592600
2022-12-20,129.31628812854967,131.146932591331,127.8399624333377,130.21192932128906,77432800
2022-12-21,130.881192518899,134.6507460089221,130.65482677922608,133.3122100830078,85928000
2022-12-22,132.2295865606811,132.43626376220547,128.24350390512237,130.14303588867188,77852100
2022-12-23,128.85370313619094,130.3300288114699,127.5939064280565,129.77886962890625,63814900
2022-12-27,129.30645953174815,129.3359848460805,126.6884381958862,127.9777603149414,69007800
2022-12-28,127.62340977201893,128.96194542125178,123.88338987714543,124.05070495605469,85438400
2022-12-29,125.969942452078,128.4206408882066,125.71405141675788,127.56437683105469,75703700
2022-12-30,126.38330400552722,127.89899152283257,125.41876807644428,127.87930297851562,77034200
2023-01-03,128.2238013285794,128.83401111884518,122.21023430585915,123.09603118896484,112117500
2023-01-04,124.88731075622333,126.62937927760363,123.10588015763084,124.36567687988281,89113600
2023-01-05,125.12351256937882,125.75341088924934,122.79092293482029,123.04681396484375,80962700
2023-01-06,124.02120184221346,128.2336424206293,122.91887596059405,127.57421875,87754700
2023-01-09,128.41082770495254,131.30442886555136,127.83997988936822,128.0958709716797,70790800
2023-01-10,128.20408860626057,129.1883055110105,126.09786503081405,128.6666717529297,63896200
2023-01-11,129.17849644752224,131.402821722743,128.40097153395064,131.38314819335938,69458900
2023-01-12,131.76696547602162,132.14095769176564,129.36547379890666,131.30438232421875,71379600
2023-01-13,129.94616380817476,132.7905502170586,129.58200833933589,132.63307189941406,57809700
2023-01-17,132.7019826183309,135.12314807764807,132.01303370787318,133.79446411132812,63646600
2023-01-18,134.66054787823845,136.42228931739672,132.89879142112386,133.07595825195312,69672800
2023-01-19,131.9638347529944,134.0995841255356,131.6587298451973,133.1350555419922,58280400
2023-01-20,133.14486670992753,135.84162653742413,132.1015991542997,135.69398498535156,80223600
2023-01-23,135.94008891399082,141.0580308975386,135.72355990616546,138.88290405273438,81760300
2023-01-24,138.0954934654877,140.90051809732327,138.0856567013407,140.28045654296875,66435100
2023-01-25,138.6663258108729,140.18201330953534,136.61915274790366,139.6210174560547,65799300
2023-01-26,140.91037200424128,141.97332836189656,139.6604119793185,141.6879119873047,54105100
2023-01-27,140.90048495518886,144.90623964304373,140.82174580665185,143.6267547607422,70555800
2023-01-30,142.6721295386836,143.25281407268088,140.59543068062553,140.74305725097656,64015300
2023-01-31,140.4477482733763,142.0618633846007,140.03437897857034,142.0126495361328,65874500
2023-02-01,141.69772563249788,144.29605796571016,139.08955653554688,143.13467407226562,77663600
2023-02-02,146.54992610628193,148.79393998354684,145.83145179927072,148.43963623046875,118339000
2023-02-03,145.69362375451536,154.89605760293438,145.4967833818238,152.06150817871094,154357300
2023-02-06,150.16198925829823,150.68362304726807,148.40023248441526,149.33523559570312,69858300
2023-02-07,148.26243261630023,152.77998456473935,148.26243261630023,152.20913696289062,83322600
2023-02-08,151.45135018561032,152.14029923404468,148.78411491914525,149.52227783203125,64120100
2023-02-09,151.35289040745275,151.89421276586904,148.04592065726195,148.4888153076172,56007100
2023-02-10,147.32566223415182,149.17880490718028,147.08908410868764,148.853515625,57450700
2023-02-13,148.79440338379132,152.05713357186568,148.76483299254943,151.6529998779297,62199000
2023-02-14,149.9476888936107,151.5741355635304,148.7056873791277,151.01226806640625,61707600
2023-02-15,150.923562968411,153.279432747917,150.696851620169,153.1118621826172,65573800
2023-02-16,151.31784339392544,154.09758049199988,151.16013965459408,151.51499938964844,68167900
2023-02-17,150.17441057100683,150.81512239489066,148.69583093968438,150.37155151367188,59144100
2023-02-21,148.05510409777494,149.1394018439348,146.29067235544917,146.3596649169922,58867200
2023-02-22,146.74408634882758,147.80866542554767,145.0585140913541,146.7835235595703,51011300
2023-02-23,147.94667430552937,148.1931042440918,145.1373820304515,147.2665252685547,48394200
2023-02-24,145.00924162382364,145.0881010134071,143.6390916917033,144.61495971679688,55469600
2023-02-27,145.60070071444446,147.03984342133134,145.34440390077674,145.8076934814453,44998500
2023-02-28,144.9501024216552,146.95111245136155,144.73324285815977,145.30496215820312,50547000
2023-03-01,144.73322244168676,145.12750429739225,142.9392054041828,143.23492431640625,55479000
2023-03-02,142.31825044455022,144.61497972086136,141.84509404159934,143.82640075683594,52238100
2023-03-03,145.9259528752422,148.9521198871165,145.22610023869615,148.87326049804688,70732300
2023-03-06,151.59384830577196,154.0680147422593,151.26857399298945,151.63328552246094,87558000
2023-03-07,151.505091132307,151.83038038722225,148.97179972168095,149.43508911132812,56182000
2023-03-08,150.62780991403972,151.2783884609091,149.66180891591966,150.68695068359375,47204800
2023-03-09,151.3671337581158,152.33313497413033,148.08468493947933,148.43954467773438,53833600
2023-03-10,148.06496662146847,148.78453780981002,145.5020893181875,146.37937927246094,68572400
2023-03-13,145.69921030606648,150.95309752980933,145.59078054944564,148.32122802734375,84457100
2023-03-14,149.11965944141213,151.2093801741156,147.956517536496,150.41094970703125,73695900
2023-03-15,149.03096880678774,151.06154904978908,147.7791005346977,150.80526733398438,77167900
2023-03-16,149.98712698991974,154.22572509887632,149.47454848721353,153.6244354248047,76161100
2023-03-17,153.8511391851991,154.50171782493953,152.07684064085686,152.78656005859375,98944600
2023-03-20,152.85555389921097,155.5662829465371,151.94867858194203,155.1522674560547,73641400
2023-03-21,155.0734148747329,157.12369840917287,154.30453974820858,157.0054168701172,73938300
2023-03-22,157.02515051318744,159.82459083880553,155.55642275206148,155.57614135742188,75701800
2023-03-23,156.56188320802048,159.24304236266408,155.428296373163,156.6604461669922,67622100
2023-03-24,156.5914588714899,158.0503200650471,155.5958872192805,157.96160888671875,59196500
2023-03-27,157.65599726359355,158.47414634705046,155.615550445655,156.0196990966797,52390300
2023-03-28,155.71413440722972,156.22671283698608,153.75254688783264,155.39869689941406,45992200
2023-03-29,157.09416533498404,158.75018247951246,157.07446176772007,158.47418212890625,51305700
2023-03-30,159.22333929957506,160.1499184415396,158.9670575321584,160.04148864746094,49501700
2023-03-31,160.120319104618,162.64375926608275,159.59788883873148,162.54518127441406,68749800
2023-04-03,161.92416632467473,163.91530912930577,161.87487733545584,163.79702758789062,56976200
2023-04-04,164.22093523724538,164.4574983782598,162.75220722625122,163.26478576660156,46278300
2023-04-05,162.38749456021097,162.69306530915642,159.48947577581393,161.42147827148438,51511700
2023-04-06,160.1104583059446,162.60434321282244,159.686606015777,162.30862426757812,45390100
2023-04-10,159.11486640899105,159.71615600585938,157.79400566862077,159.71615600585938,47716900
2023-04-11,160.03159161422226,160.04144339602837,158.21785602238293,158.50372314453125,47644200
2023-04-12,158.917767985699,159.7457691153541,157.49832888292315,157.8137664794922,50133100
2023-04-13,159.3218986080038,163.43234843413578,159.11489082873655,163.19577026367188,68445600
2023-04-14,162.23961256067847,163.94491858408577,161.48061917083933,162.85076904296875,49386500
2023-04-17,162.73249846964956,163.0282174547124,161.6876377578676,162.87049865722656,41516200
2023-04-18,163.72803148121778,165.01932174992547,163.28444562876558,164.09274291992188,49923000
2023-04-19,163.43235220441335,165.75865162452376,163.1760554202755,165.23622131347656,47720200
2023-04-20,163.71817152684758,165.47275128415967,163.19574132050678,164.27017211914062,52456400
2023-04-21,162.69303779464673,164.0730393438838,162.14103717495192,162.66346740722656,58337300
2023-04-24,162.643765839196,163.23520373133107,161.54961626736943,162.96905517578125,41949600
2023-04-25,162.83105575677226,163.93505711689548,161.3918982344198,161.43133544921875,48714100
2023-04-26,160.73147738017352,162.91977666468185,160.47519563222698,161.42147827148438,45498800
2023-04-27,162.83104713478986,166.1529178634098,162.83104713478986,166.00506591796875,64902300
2023-04-28,166.08390326571939,167.42448254310634,165.48261369922477,167.25689697265625,55275900
2023-05-01,166.86264216717663,168.01593249804148,166.2317821133474,167.168212890625,52472900
2023-05-02,167.66107793363267,167.91737470896658,165.1474894240389,166.13320922851562,48425700
2023-05-03,167.07952089132834,168.47924132633688,164.7729399649435,165.0587921142578,65136000
2023-05-04,162.53531316165655,164.65460440159984,161.96359395737636,163.42245483398438,81235400
2023-05-05,168.53837432535954,171.81097141948842,168.32151475691046,171.09140014648438,113453200
2023-05-08,170.0169614090474,171.36740787815765,169.65224986499234,171.02239990234375,55962800
2023-05-09,170.57881302608763,171.06180609803263,169.14952233576255,169.3170928955078,45326900
2023-05-10,170.5492304195713,171.54480192353225,169.44521410372417,171.08151245117188,53724500
2023-05-11,171.3673768150292,172.09679977091955,169.71135988855104,171.268798828125,49514700
2023-05-12,171.3773829679925,171.8117019924622,168.79122976444327,170.34095764160156,45533100
2023-05-15,170.92332917405315,170.97268634600138,169.2551561693846,169.847412109375,37266700
2023-05-16,169.76844364659667,170.903583292935,169.58089543020992,169.847412109375,42110300
2023-05-17,169.492059065459,170.69628668546216,168.21871333171157,170.4593963623047,57951600
2023-05-18,170.76538642479474,172.97645812210007,170.35081330561755,172.78890991210938,65496700
2023-05-19,174.11159953538055,174.11159953538055,172.68033195301507,172.89749145507812,55809500
2023-05-22,171.73274586766902,172.45332751081392,171.2095929310653,171.9499053955078,43570900
2023-05-23,170.89372201948225,171.140492823502,169.06761204505847,169.343994140625,50747300
2023-05-24,168.88006417332414,170.19288666082696,168.317434571077,169.62037658691406,45143500
2023-05-25,170.18302884098296,171.65377326209193,169.47232768730396,170.7555389404297,56058300
2023-05-26,171.08128541223243,173.49963649375093,170.873991291327,173.1640167236328,54835000
2023-05-30,174.6742829582179,176.6780610308142,174.28932103938652,175.0098876953125,55964400
2023-05-31,175.03946345752533,177.03337571367211,174.4768188110026,174.9604949951172,99625300
2023-06-01,175.40468096744894,177.79342049505456,174.64462268903534,177.76380920410156,68901800
2023-06-02,178.69166987914852,179.43198227661338,176.94452840385708,178.61270141601562,61996900
2023-06-05,180.27101332814428,182.56103856696868,175.74028990045602,177.26040649414062,121946500
2023-06-06,177.64536518975015,177.79342164547316,175.13816542041533,176.8951873779297,64848400
2023-06-07,176.13511905525095,178.8693435880805,175.0295907510138,175.52313232421875,61944600
2023-06-08,175.60209965770608,178.50412674833163,175.1677956906412,178.2376251220703,50214900
2023-06-09,179.15559212759166,179.8761586114367,178.29683460490384,178.62257385253906,48900000
2023-06-12,178.92859184232086,181.51474523727245,178.63246384356634,181.41603088378906,54274900
2023-06-13,180.43882318354116,181.77137654932005,180.08347260699438,180.94223022460938,54929100
2023-06-14,181.00144926283193,182.00827838693002,179.66889592317074,181.57395935058594,57462900
2023-06-15,181.5838370156226,184.11076766616947,181.4061542027307,183.6073455810547,65433200
2023-06-16,184.31803597311566,184.57468723659963,181.88981981135748,182.5314178466797,101256200
2023-06-20,182.0279984336963,183.69617128575536,182.0279984336963,182.6202392578125,49799100
2023-06-21,182.51167734169172,183.015099412311,180.23151756348105,181.58383178710938,49515700
2023-06-22,181.3666633051449,184.63390612000734,181.29756025506936,184.5845489501953,51245300
2023-06-23,183.1532678644832,185.13729942612093,182.6202345686034,184.26866149902344,53117000
2023-06-26,184.41673933227065,185.62098193195177,182.83740033087778,182.87689208984375,48088700
2023-06-27,183.48889069387212,185.9565986299679,183.27173119056016,185.630859375,50730800
2023-06-28,185.50255431027165,187.4471095844542,185.17683008088284,186.80551147460938,51216800
2023-06-29,186.6377214542116,187.61493939202603,186.49953038780623,187.14112854003906,46347300
2023-06-30,189.15475231695294,191.96793030893548,188.7895213028153,191.4645233154297,85213200
2023-07-03,191.27698682945007,191.37570117698604,189.28307449044232,189.9740447998047,31458200
2023-07-05,189.09553270560195,190.48730854754436,188.15779163185775,188.85862731933594,46920300
2023-07-06,187.38788795320247,189.53973735512338,186.7561552507634,189.3324432373047,45094300
2023-07-07,188.93760736945495,190.1813268348204,187.78272178125238,188.21702575683594,46815000
2023-07-10,186.8153498480431,187.53593138541007,184.62402407003376,186.1737518310547,59922200
2023-07-11,186.71667122446578,186.85486227702734,184.18974051380027,185.65061950683594,46638100
2023-07-12,187.22993768452707,189.22385000348103,186.03557542450565,187.31878662109375,60750200
2023-07-13,188.0393349477294,188.72042471252908,187.32863389417258,188.0788116455078,41342300
2023-07-14,187.77283329330808,188.71055932283986,187.18059240914323,188.22689819335938,41616200
2023-07-17,189.42123783678522,191.8099921548826,189.3324039740118,191.4842529296875,50520200
2023-07-18,190.85253399958415,191.81987127398517,189.93453883356673,191.2276153564453,48288200
2023-07-19,190.60574416603285,195.66947000209956,190.16154474141445,192.5799102783203,80507300
2023-07-20,192.57006595398724,193.9322456468904,190.01352397351403,190.63539123535156,59581200
2023-07-21,191.59284231983003,192.4515998266043,188.75990348350925,189.4607391357422,71951700
2023-07-24,190.9117629424984,192.3923877240068,189.76674282999198,190.26028442382812,45377800
2023-07-25,190.83280156435973,191.92846454581797,190.42809382758358,191.11904907226562,37283200
2023-07-26,191.16839008411552,193.112945076557,190.82292002182845,191.9876708984375,47471900
2023-07-27,193.4880175943401,194.65276832710413,190.06283831360423,190.72418212890625,47460200
2023-07-28,192.15548645475204,194.09017617119656,191.63233355900982,193.30050659179688,48291400
2023-07-31,193.52752900074864,193.95198260711592,192.7378594315981,193.91249084472656,38824100
2023-08-01,193.7052107356477,194.1888718595327,192.75760424557473,193.08334350585938,35175100
2023-08-02,192.52068429221174,192.65887532596588,189.37190180440743,190.09246826171875,50389300
2023-08-03,189.09552588996192,189.8851803589987,188.22688789998924,188.70068359375,61235200
2023-08-04,183.12368481919472,184.95966022717982,179.57017917093492,179.6392822265625,115956800
2023-08-07,179.7774569305225,180.76454006954836,175.05920073091434,176.53982543945312,97576100
2023-08-08,177.36897457174686,177.94148460917899,175.2862285117603,177.47755432128906,67823000
2023-08-09,178.53374257918168,178.59296516430098,174.72360063232372,175.88836669921875,60378500
2023-08-10,177.1617092563292,178.41530928434332,175.30600286506225,175.6712188720703,54686900
2023-08-11,175.26594233781003,176.55087114534,174.50485775151037,175.73048400878906,52036700
2023-08-14,175.90840396188517,177.60848075837384,175.2560457553654,177.3811492919922,43675600
2023-08-15,176.80786722765603,177.40090780634856,174.99906405268155,175.39442443847656,43622600
2023-08-16,175.07813825565708,176.471793411816,174.45543132326716,174.52462768554688,46964900
2023-08-17,175.08803154260252,175.4537406821077,171.47042491030345,171.98440551757812,66062900
2023-08-18,170.30410101859755,173.07166917955516,169.96804315644715,172.46873474121094,61172200
2023-08-21,173.04198539684796,174.0897038773481,171.72739039028622,173.8030548095703,46311900
2023-08-22,175.00897300604348,175.62178623446252,174.20835828322907,175.177001953125,42038900
2023-08-23,176.45206899868776,179.44696895877536,176.2642675025049,179.02194213867188,52722800
2023-08-24,178.57713623123834,179.0021629998802,173.97111355320405,174.3368377685547,54945800
2023-08-25,175.3252527852027,177.07473842454561,173.78332608108835,176.54100036621094,51449600
2023-08-28,178.00387451255935,178.49808262553688,176.48172016068384,178.10272216796875,43820700
2023-08-29,177.6183997947506,182.75816135607317,177.42071955816803,181.98719787597656,53003900
2023-08-30,182.7976884731864,185.67398314097,182.6000082560471,185.47628784179688,60813900
2023-08-31,185.66407430986655,186.9292456956689,185.30824391498263,185.6937255859375,60794500
2023-09-01,187.29500162288934,187.7200133732383,186.09901131803056,187.26535034179688,45766500
2023-09-05,186.09901418245303,187.77931882570883,185.43677709113604,187.5025634765625,45280000
2023-09-06,186.21759365485326,186.66239298088038,179.3678770840619,180.79119873046875,81755800
2023-09-07,173.1507234483217,176.14563807720947,171.5297216636145,175.50315856933594,112488800
2023-09-08,176.2840260730559,178.15213198996554,175.7305003611282,176.11598205566406,65551300
2023-09-11,177.98408488615974,178.21141635408188,175.2856982178241,177.2823028564453,58953100
2023-09-12,177.41078552147667,178.04337113056854,172.79488481291048,174.2577362060547,90370200
2023-09-13,174.46533118918654,175.24618840249718,171.96463950783718,172.19198608398438,84267900
2023-09-14,171.98441978182902,174.06009984649242,171.5692867853032,173.7042694091797,60895800
2023-09-15,174.43566940930017,174.45544195430384,171.806494041059,172.98269653320312,109259500
2023-09-18,174.4356561798522,177.30207170667876,174.12924962468128,175.9084014892578,67257600
2023-09-19,175.4636488877364,177.54920768301113,175.07816717117066,176.99569702148438,51826900
2023-09-20,177.183440124748,177.6183455616589,173.36815390370754,173.45712280273438,58436200
2023-09-21,172.52801984046553,174.25774788080986,171.84601037143327,171.91519165039062,63149100
2023-09-22,172.6466384244914,175.0287248458324,172.03382526857388,172.76524353027344,56725400
2023-09-25,172.1820865728236,174.92000347180993,172.13266274999066,174.04031372070312,46172700
2023-09-26,172.79490338049743,173.17049122867175,169.67150500159482,169.96803283691406,64588900
2023-09-27,170.62039864934732,171.03553164114703,167.0917606780329,168.4557647705078,66921800
2023-09-28,167.37841575072204,170.03725806054325,165.67833847638363,168.71278381347656,56294400
2023-09-29,170.02736032081233,171.06520035560507,168.36681324873706,169.22674560546875,51861100
2023-10-02,169.2365980179806,172.28092127496365,168.94994891630552,171.73728942871094,52164500
2023-10-03,170.26454593815689,171.61868620307462,168.84123947337378,170.40292358398438,49594600
2023-10-04,169.10810929534875,172.19197782627828,168.98950418793981,171.64834594726562,53020300
2023-10-05,171.77684421895017,173.41761872545223,170.67970163713667,172.88388061523438,48527900
2023-10-06,171.78674735969838,175.92821386257307,171.17391902858174,175.4340057373047,57266700
2023-10-09,174.7618406122257,176.97589800927489,173.76354582426052,176.91659545898438,42390800
2023-10-10,176.03691333055846,177.6381425852869,175.88864186643335,176.32354736328125,43698000
2023-10-11,176.13575227199846,177.76664794425923,175.54271164011269,177.71722412109375,47551100
2023-10-12,177.98409824545533,180.227791982292,176.96601576479657,178.61668395996094,56743100
2023-10-13,179.31843486264313,179.82252160984507,176.07643148158712,176.77821350097656,51427100
2023-10-16,174.70255348644375,177.0055649122618,174.46532818230494,176.6497344970703,52517000
2023-10-17,174.60372278813253,176.35322375615226,172.77516179309222,175.09793090820312,57549400
2023-10-18,173.5460720953819,175.52290397014596,173.0815153982499,173.8030548095703,54764400
2023-10-19,174.0007735918687,175.77992569036093,173.16062890788183,173.42750549316406,59302900
2023-10-20,173.27920878393786,173.3879351486228,170.6401398397108,170.8773651123047,64244000
2023-10-23,168.93018581492106,171.9942664316387,167.96152725501383,170.9959716796875,55980100
2023-10-24,171.04544171274492,171.6582549852611,169.46396961859497,171.43092346191406,43816600
2023-10-25,169.88897487497013,171.0552987076063,168.67321213575732,169.11801147460938,57157000
2023-10-26,168.3964558542296,169.39476582537458,163.75090293239452,164.95677185058594,70625300
2023-10-27,164.97653958977486,167.00279566914165,164.89746448966903,166.2713623046875,58499100
2023-10-30,167.06210513671374,169.18719386762373,166.91383366211736,168.3173828125,51131000
2023-10-31,167.3882903979478,168.92032345051314,165.95507483465602,168.79183959960938,44846000
2023-11-01,169.01917553597846,172.21175573979943,168.1493644262673,171.95477294921875,56934900
2023-11-02,173.4868204991482,175.72063574409248,173.4275179386151,175.51307678222656,77334800
2023-11-03,172.22162738228718,174.77174274032964,171.34193765305042,174.60369873046875,79829200
2023-11-06,174.33684685023218,177.35150406781844,174.16881791314302,177.15382385253906,63841300
2023-11-07,177.1043884447924,180.32663456302825,176.89682951103612,179.7138214111328,70530000
2023-11-08,180.23768527185777,181.32493395317235,179.4864793691692,180.77142333984375,49340300
2023-11-09,180.84064428465763,181.9871956757889,179.70395654448856,180.29701232910156,53763500
2023-11-10,182.07848170612579,184.65175539538808,181.6430032262288,184.48348999023438,66133400
2023-11-13,183.9094650326421,184.11729742228064,182.31601793716675,182.8999481201172,43627500
2023-11-14,185.77012344749633,186.17591157835597,184.38452385663774,185.51280212402344,60108400
2023-11-15,185.91856087001977,187.55158977984928,185.84927335047647,186.076904296875,53790500
2023-11-16,187.6209157424311,188.9966236513369,186.7103615664657,187.7594757080078,54412900
2023-11-17,188.29390964052354,188.42257785422723,186.63119011836693,187.7396697998047,50922700
2023-11-20,187.93762437034974,189.93685974559065,187.92773262314063,189.48158264160156,46505100
2023-11-21,189.44195782199586,189.55082742435687,187.7891302966246,188.67987060546875,38134500
2023-11-22,189.52115946327928,190.9463411053134,188.8679417719912,189.34300231933594,39617700
2023-11-24,188.9075250877743,188.93721542830764,187.30418629136327,188.01678466796875,24048300
2023-11-27,187.96730652329646,188.70959528304604,186.95778958150402,187.83863830566406,40552600
2023-11-28,187.82873180101734,189.1153685705385,187.45263402635211,188.44235229492188,38415400
2023-11-29,188.93722623545,190.11499348364924,187.02707707633283,187.42295837402344,43014200
2023-11-30,187.888109148078,188.36318478193425,186.2550800746654,187.99697875976562,48794400
2023-12-01,188.37308016671426,189.59042941044567,187.2843840288066,189.2737274169922,45704800
2023-12-04,188.0266631045601,188.09595062883508,185.52267721747734,187.48231506347656,43389500
2023-12-05,188.2543027537032,192.4012092663407,188.22459731438218,191.43128967285156,66628400
2023-12-06,192.4506950223819,192.75750523859645,190.1347581304068,190.3426055908203,41089700
2023-12-07,191.63917909312914,192.9950884718347,191.59958189996593,192.27259826660156,47477700
2023-12-08,192.20330005396386,193.9749043529612,191.67875053796885,193.69778442382812,53406400
2023-12-11,191.12451418849048,191.50061200003438,189.45188773429211,191.19378662109375,60943700
2023-12-12,191.09483821655866,192.71797585416002,189.74882053401817,192.7080841064453,52696900
2023-12-13,193.08412007779322,195.96420366520786,192.84659737493098,195.92462158203125,70404200
2023-12-14,195.9840185786185,197.56755876987646,194.14314196862804,196.07308959960938,66831600
2023-12-15,195.4990685795855,196.36011872958818,194.9745190512041,195.53866577148438,128538400
2023-12-18,194.07387143964067,194.6083278162061,192.39135323196817,193.8759307861328,55751900
2023-12-19,194.1431515248431,194.92502236186388,193.87592334681435,194.91513061523438,40714100
2023-12-20,194.87555255598716,195.64753172216422,192.82684326171875,192.82684326171875,52242800
2023-12-21,194.08377332368417,195.05369307239374,191.51049958819766,192.67835998535156,46482500
2023-12-22,193.17320815773428,193.40085423729087,190.98593919883143,191.60946655273438,37149600
2023-12-26,191.6193643540786,191.89648427525853,190.84738527337694,191.06512451171875,28919300
2023-12-27,190.51090559150927,191.51051576683653,189.1252907315366,191.1641082763672,48087700
2023-12-28,192.14391575114956,192.65857351066379,191.18388776405135,191.5896759033203,34049900
2023-12-29,191.9063700376295,192.40122918172025,189.758683164504,190.5504608154297,42672100
2024-01-02,185.22577720716953,186.5025222946912,181.99930092657837,183.73130798339844,82488700
2024-01-03,182.32593099304364,183.9688672168001,181.5440449736598,182.35562133789062,58414500
2024-01-04,180.27718031693732,181.2075179249861,179.0202489631632,180.03965759277344,71983600
2024-01-05,180.1188384374096,180.88091065327836,178.31754388665928,179.31715393066406,62379700
2024-01-08,180.21780632812883,183.6917273170526,179.63387614033877,183.65213012695312,59144500
2024-01-09,182.02900778818224,183.24635720149604,180.85124046635073,183.23646545410156,42841800
2024-01-10,182.4545871112419,184.48349768333688,182.02900036017593,184.27566528320312,46792900
2024-01-11,184.62205313633504,185.12681915669637,181.73207738578324,183.68182373046875,49128400
2024-01-12,184.14701334878532,184.82002975127756,183.285963125415,184.00845336914062,40477800
2024-01-16,180.28708678689063,182.36548612847807,179.0697224204938,181.74197387695312,65603000
2024-01-17,179.40626628613458,181.0491874231052,178.4462381888341,180.8017578125,47317400
2024-01-18,184.17667408756796,187.1953179109023,183.91935276727983,186.69056701660156,78005800
2024-01-19,187.38337121910467,189.97642838325277,186.8786203129096,189.59043884277344,68903000
2024-01-22,190.32283587135973,193.32168117146784,190.2832386815117,191.896484375,60133900
2024-01-23,193.01487431695855,193.73736447446063,191.83710707958323,193.1732177734375,42355600
2024-01-24,193.41073733606618,194.36087349468033,192.3418398208385,192.5001983642578,53631300
2024-01-25,193.21277578914828,194.25198285271063,191.12446991734407,192.17356872558594,54822100
2024-01-26,192.27257421163478,192.7575265029299,189.96652881027472,190.44158935546875,44594000
2024-01-29,190.03581744325376,190.22386634852867,187.63080907007364,189.75869750976562,47145600
2024-01-30,188.97682064057707,189.82797900977772,185.54249682198056,186.10662841796875,55859400
2024-01-31,185.11689921687164,185.17629499887522,182.45456974695213,182.50404357910156,55467800
2024-02-01,182.0982496756258,185.02780697184838,181.92999940067185,184.93873596191406,64885400
2024-02-02,178.01074479617154,185.40394215196616,177.40701599262258,183.9391632080078,102551700
2024-02-05,186.21550453356022,187.3042007769885,183.92925752426459,185.75033569335938,69668800
2024-02-06,184.93875326056028,187.36355995873058,184.8496822422945,187.35366821289062,43490800
2024-02-07,188.67990426473503,189.0856924097343,186.67077723703076,187.46255493164062,53439000
2024-02-08,187.44274927884152,187.59120098390878,185.42373058041275,186.38375854492188,40962000
2024-02-09,186.9486117161699,188.27653811843788,186.30447993507684,187.14682006835938,45155200
2024-02-12,186.72067805809255,186.96842336096995,185.1053738445565,185.46212768554688,41781900
2024-02-13,184.0945513111777,184.53058538645126,181.85492449203093,183.37112426757812,56529500
2024-02-14,183.648627470826,183.8567250370981,180.7945970211484,182.48916625976562,54630500
2024-02-15,181.89462620990932,182.826151079826,179.71447030737514,182.2018280029297,65434500
2024-02-16,181.76576116844507,183.18287207946292,180.0315441516518,180.665771484375,49752500
2024-02-20,180.1504525533752,180.78467987026374,178.37660298808711,179.9225311279297,53665600
2024-02-21,180.29914247718926,181.24057170015067,179.03068760645021,180.67572021484375,41371400
2024-02-22,181.82524161821627,183.29190480468338,180.81445159653885,182.70721435546875,52292200
2024-02-23,183.34141952676862,183.37114775196545,180.58649310326592,180.87388610839844,45119700
2024-02-26,180.59643039937333,181.11172976770854,179.02075870271764,179.5261688232422,40867400
2024-02-27,179.46671005654383,182.26126931281985,177.94059046680667,180.98291015625,54318900
2024-02-28,180.86396404098633,181.46846314665845,178.50543918901624,179.78379821777344,48953900
2024-02-29,179.63515696026653,180.9234354771045,177.9108443188521,179.11984252929688,136682600
2024-03-01,177.93069482167198,178.90185225837237,175.78026722267666,178.03970336914062,73563100
2024-03-04,174.56133114426578,175.30456703921072,172.22261492332544,173.52081298828125,81510100
2024-03-05,169.21995126633416,170.48840604509627,168.0902332564625,168.58572387695312,95132400
2024-03-06,169.5172478388351,169.69563232435493,167.15870765798908,167.59474182128906,68587700
2024-03-07,167.62445594378354,169.1902079797121,166.97041987504164,167.47581481933594,71765100
2024-03-08,167.4758228221548,172.13343143853632,167.41636636953461,169.19021606445312,76267000
2024-03-11,171.38027491353657,172.80729012575145,170.4983023339276,171.19198608398438,60139500
2024-03-12,171.58839851794536,172.4604668624585,169.4676992338398,171.6676788330078,59825400
2024-03-13,171.21183277143888,171.62804307697533,169.21995080494636,169.5866241455078,52488700
2024-03-14,171.35055836544484,172.73792596009017,170.49831395125625,171.4397430419922,72913500
2024-03-15,169.62625165850892,171.06317138671875,168.75418335618096,171.06317138671875,121752700
2024-03-18,173.98659600973463,176.1072954101753,171.95508129819135,172.1532745361328,75604200
2024-03-19,172.76764601394297,175.0171774056643,171.4694631572472,174.49195861816406,55215200
2024-03-20,174.1352325028599,177.05862426757812,173.51090945491785,177.05862426757812,53423100
2024-03-21,175.4532130863986,175.88924720546055,169.2992135808601,169.82443237304688,106181300
2024-03-22,170.21092760104455,171.48930183291895,168.52626256417108,170.7262420654297,71160100
2024-03-25,169.03166954174233,170.3893089389317,167.92176032191367,169.30914306640625,54288300
2024-03-26,168.46682128354186,169.8740129173693,168.05061095138228,168.179443359375,57388400
2024-03-27,168.87310882923745,172.0343412561863,168.575811446925,171.7469482421875,60273300
2024-03-28,170.20102558587905,170.67669234048742,168.97220342186947,169.93345642089844,65672700
2024-04-01,169.6460781034487,169.70553455748254,167.9514935576168,168.4965362548828,46240500
2024-04-02,167.55510167176752,167.81275133793278,166.71276161053132,167.3172607421875,49329500
2024-04-03,167.2677201117247,169.14067408704202,167.05962251511946,168.11996459960938,47691700
2024-04-04,168.75419869027797,170.3695030458197,167.29747009277344,167.29747009277344,53704400
2024-04-05,168.060533032547,168.85332118166758,167.42630553748577,168.05062866210938,42104800
2024-04-08,167.50555706407098,167.67402205960258,166.72268854116854,166.9307861328125,37425500
2024-04-09,167.17853275073267,168.5460917055098,166.83169838821917,168.13978576660156,42373800
2024-04-10,167.27763553824258,167.5650134431552,165.60287483124418,166.26683044433594,49709300
2024-04-11,166.8217782077108,173.87757491447604,166.64340884278624,173.4613494873047,91070300
2024-04-12,172.68837774790788,176.75140669942581,172.63884078505302,174.95773315429688,101670900
2024-04-15,173.77847120218846,175.0370216134587,170.94426424521788,171.13255310058594,73531800
2024-04-16,170.20102235595408,172.19288913903023,166.7524119884344,167.85240173339844,73711200
2024-04-17,168.08032842085646,169.11094225529814,166.48484802246094,166.48484802246094,50901200
2024-04-18,166.5145852231191,167.11908441586118,165.04793714543356,165.53350830078125,43122900
2024-04-19,164.7109957890585,164.89926951971245,162.6002009445124,163.51190185546875,68149400
2024-04-22,164.0272236912775,165.75152141981465,163.28398774037723,164.34432983398438,48116400
2024-04-23,163.85875133255257,165.54341638804536,163.43262154349364,165.39476013183594,49537800
2024-04-24,165.03800691456527,167.77312477902248,164.71099641624178,167.4956512451172,48251800
2024-04-25,168.00103426472305,169.07129572836638,166.63347542987228,168.3577880859375,50558300
2024-04-26,168.34790327634968,169.79472746518425,167.65420428921547,167.77313232421875,44838400
2024-04-29,171.80640930182136,174.44242297655094,171.53885525962073,171.93524169921875,68169400
2024-04-30,171.76676673002254,173.4117990890393,168.46679764398493,168.7938232421875,65934800
2024-05-01,168.05060587060277,171.1523820898212,167.58484346320657,167.77313232421875,50383100
2024-05-02,170.95415273119292,171.85594920671264,169.34876810707777,171.46946716308594,94214900
2024-05-03,184.96661732338913,185.31346675883958,181.01261238934663,181.7261199951172,163224100
2024-05-06,180.7054248623681,182.53873097916653,178.79282331517493,180.07119750976562,78569700
2024-05-07,181.79552305097843,183.23244296383282,179.6847430878599,180.75498962402344,77305800
2024-05-08,181.20092748758523,181.4189445721307,179.81354466582562,181.0919189453125,45057100
2024-05-09,180.9135439323752,182.99461071341904,180.46760537105857,182.90542602539062,48983000
2024-05-10,183.48094965782863,183.66949389545601,180.7322193628195,181.64515686035156,50759500
2024-05-13,184.01680743143146,185.6640710757596,183.2030934113359,184.85035705566406,72044800
2024-05-14,186.0709344816443,186.8548800445926,184.8602962551219,185.99154663085938,52393600
2024-05-15,186.46785537715886,189.1868170758504,185.93199122253947,188.2639617919922,70400000
2024-05-16,189.00821119957226,189.6333810173086,188.2044300863017,188.38304138183594,52845200
2024-05-17,188.0555735439889,189.34559954047234,187.72810435814964,188.41281127929688,41282900
2024-05-20,187.87695420764547,190.44707314635468,187.5594028379898,189.57382202148438,44361300
2024-05-21,189.62343971650407,191.25085261805762,189.4547462309282,190.873779296875,42309400
2024-05-22,190.79440205142186,191.3401840301744,188.8097513226368,189.43490600585938,34648500
2024-05-23,189.51432638875355,189.53417713912083,185.19771939756004,185.44580078125,51005900
2024-05-24,187.37088671578107,189.11737394472448,186.59685898409072,188.52197265625,36327000
2024-05-28,190.04022981736387,191.51880009814326,187.64873713728954,188.5319061279297,52280100
2024-05-29,188.15481585355153,190.7745542503335,188.05557725890648,188.82958984375,53068000
2024-05-30,189.29598343446253,190.70508365256933,189.16699143181853,189.82191467285156,49889100
2024-05-31,189.9707702687458,191.09210277636024,188.45251367186646,190.77455139160156,75158300
2024-06-03,191.41956102246726,193.49353258818425,191.04248767189634,192.5408935546875,50080500
2024-06-04,193.14619663099631,193.82098571162214,191.54855228534223,192.85842895507812,47471400
2024-06-05,193.90036613096368,195.38885414673365,193.3744349100596,194.36676025390625,54156800
2024-06-06,194.1881317208236,194.99191275531385,192.67979309240934,192.98741149902344,41181800
2024-06-07,193.1561225415401,195.42855606321456,192.65004206608782,195.37893676757812,53103900
2024-06-10,195.38883614317194,195.7857753291456,190.67529119421684,191.63784790039062,97010200
2024-06-11,192.1638033246204,205.57012886730556,192.14396771907968,205.56019592285156,172373300
2024-06-12,205.7784872423207,218.51002232587345,205.3120931521647,211.43475341796875,198134300
2024-06-13,213.09192677850285,215.08649505325084,209.97602614095345,212.59576416015625,97862700
2024-06-14,212.20878551515116,213.5186471242216,209.67835280423736,210.85922241210938,70122700
2024-06-17,211.73244926121387,217.2696263789355,211.08744385812574,215.0071258544922,93728300
2024-06-18,215.92007781385274,216.95210469802018,211.36530791117931,212.64540100097656,79943300
2024-06-20,212.28815296354617,212.59578653831548,207.24715355520107,208.07077026367188,86172500
2024-06-21,208.77532033595196,210.26380829361358,205.52049454653314,205.8975830078125,241805100
2024-06-24,206.12582769938734,211.06760381745957,205.00449518251241,206.5426025390625,80727000
2024-06-25,207.54484206411715,209.75773850908567,207.0089930344414,207.46546936035156,55549700
2024-06-26,209.87680350658064,213.21101716086312,209.02340313251779,211.61337280273438,66213200
2024-06-27,213.04233172557286,214.0842763709762,210.7202940415425,212.4568634033203,49772700
2024-06-28,214.11402417940656,214.41172478378184,208.6860038316288,209.0035400390625,82542700
2024-07-01,210.46227761796723,215.84067914098924,210.29358412725625,215.08651733398438,60402900
2024-07-02,214.4911377013164,218.68868521261126,213.44920810314017,218.57952880859375,58046200
2024-07-03,218.31159349071294,219.84970092773438,217.34903661716913,219.84970092773438,37369800
2024-07-05,219.94889718329503,224.71206166235044,219.94889718329503,224.6029052734375,60412400
2024-07-08,225.34717053841655,226.10134753003678,221.53664465186893,226.0715789794922,59085900
2024-07-09,226.18069804264906,227.63941744293055,224.63267299949706,226.92494201660156,48076100
2024-07-10,227.54019053238477,231.29117889263895,227.49057123987387,231.1919403076172,62627700
2024-07-11,229.61416127735984,230.60648662367137,224.03729767642758,225.823486328125,64710600
2024-07-12,227.16309831312876,230.8545495178413,226.92493479803437,228.77066040039062,53046500
2024-07-15,234.66508213718535,235.40932611038664,231.3010999839828,232.60104370117188,62631300
2024-07-16,233.19646408342908,234.4567215545301,230.54695713829173,233.01785278320312,43234300
2024-07-17,227.68904591405493,229.6836295353235,224.9006141352506,227.12342834472656,57345900
2024-07-18,228.5126628842939,228.6714385621368,220.5641428905974,222.45947265625,66034600
2024-07-19,223.09459660515446,225.0593965950336,221.56640705838353,222.5885009765625,49151500
2024-07-22,225.2677604657143,226.03185518490554,221.37784711424985,222.24118041992188,48201800
2024-07-23,222.6480544130964,225.19833806517673,220.9710219946754,223.28314208984375,39960300
2024-07-24,222.280880842846,223.0747441599071,215.46361045876344,216.86277770996094,61777600
2024-07-25,217.24978234747041,219.15506035064124,212.97286249707204,215.8208465576172,51391200
2024-07-26,217.0215731059544,217.80551869158998,214.35221522008754,216.28726196289062,41601300
2024-07-29,215.29493390237633,217.61697179557376,214.0942134588753,216.5651092529297,36311800
2024-07-30,217.50779485320817,218.63904514115285,214.46134877521007,217.12078857421875,41643800
2024-07-31,219.7405227481965,222.10226187087767,218.93674165630796,220.3756103515625,50036300
2024-08-01,222.64802807062824,222.7571844619209,215.35444602521784,216.6841583251953,62501000
2024-08-02,217.46808032420208,223.86859053089324,216.03914463167754,218.17263793945312,105568600
2024-08-05,197.56204548052773,211.8614570593827,194.49576385779395,207.66392517089844,119548600
2024-08-06,203.72440665766518,208.37841518370308,199.52687447574846,205.63958740234375,69660500
2024-08-07,205.31209833985366,212.00037630720823,204.80601788828693,208.20970153808594,63516400
2024-08-08,211.47445056104476,212.5560815310077,207.22729938249148,211.67291259765625,47161100
2024-08-09,210.47221789303094,215.11629337558463,210.3432107490655,214.5804443359375,42201600
2024-08-12,214.65993379251097,218.07747160820446,214.1929998012183,216.1103973388672,38028100
2024-08-13,217.58074300671984,220.441953079239,217.58074300671984,219.8260040283203,44155300
2024-08-14,219.1305366370634,221.574473844181,218.2662040703635,220.2730255126953,41960600
2024-08-15,223.13426697458056,223.8793724762866,221.30626328939533,223.25347900390625,46414000
2024-08-16,222.45869413327577,225.34970708383625,222.19045191126241,224.57479858398438,44340200
2024-08-19,224.2469437652095,224.51518597934856,221.58442566604344,224.41583251953125,40687800
2024-08-20,224.2966382287883,225.68749582093912,223.97871925960482,225.03179931640625,30299000
2024-08-21,225.04172779494317,226.4921913011218,223.58131984717622,224.92250061035156,34765500
2024-08-22,226.30341677619586,226.84983046212884,222.43880384726458,223.064697265625,43695300
2024-08-23,224.187342377279,226.73063334528243,222.866020162344,225.35963439941406,38677300
2024-08-26,225.28016094798537,225.79677167752968,222.42889539152742,225.69741821289062,30602200
2024-08-27,224.52513427640764,227.35654136968387,223.4223774795666,226.54188537597656,35934600
2024-08-28,226.43259292076607,228.35993491185639,224.20720569696516,225.01193237304688,38052200
2024-08-29,228.59837969678284,231.3999685703833,227.38634017099784,228.29039001464844,51906300
2024-08-30,228.68777538921813,228.89639643358683,225.99545426270925,227.5055389404297,52990800
2024-09-03,227.05848641015993,227.50554667965343,219.72664341730942,221.3162078857422,50190600
2024-09-04,220.21344869061124,220.33266071869627,216.06071952153204,219.4087371826172,43840200
2024-09-05,220.1836359939166,224.00850159902006,220.07435325324454,220.92874145507812,36615400
2024-09-06,222.4884846157397,223.7700744804958,218.33577084564575,219.37892150878906,48423000
2024-09-09,219.37892899374344,219.82598924771256,215.2957503769675,219.4683380126953,67180000
2024-09-10,217.49133220778626,220.03462329185413,215.3156216628219,218.67356872558594,51591000
2024-09-11,220.01477384708656,221.6341262702352,216.46806414665176,221.20693969726562,44587100
2024-09-12,221.04796566036197,222.09111639532034,218.38546260882887,221.3162078857422,37455600
2024-09-13,222.12091208096655,222.57790161811045,220.46181236980377,221.04795837402344,36766600
2024-09-16,215.12686027714844,215.80243050187988,212.52396316355507,214.90830993652344,59357400
2024-09-17,214.34200737227792,215.48449636527135,213.10016491936787,215.37521362304688,45519300
2024-09-18,216.1302484418979,221.2565773677011,216.12030400107497,219.249755859375,59894900
2024-09-19,223.52170475455895,228.32018565098164,223.16405353373213,227.37637329101562,66781300
2024-09-20,228.46919216926284,231.56882586153637,226.13452245924367,226.7107391357422,318679900
2024-09-23,225.8563676699032,227.95259834339626,224.33635371548323,224.99205017089844,54146000
2024-09-24,227.15779954496355,227.8532433973514,224.2568575968381,225.8861541748047,43556100
2024-09-25,223.462095237407,225.80669443859438,222.55804543582803,224.8927001953125,42308700
2024-09-26,225.81665178414175,227.00881759745033,223.9389864593978,226.03521728515625,36636700
2024-09-27,226.9690618971705,228.02214184296878,225.8166284941723,226.3034210205078,34026000
2024-09-30,228.5387415800987,231.47943115234375,228.1512873446241,231.47943115234375,54541900
2024-10-01,228.02216122790813,228.15130254219565,222.27988260723768,224.7337646484375,63285000
2024-10-02,224.41584231153624,225.8861795938886,221.56457676904253,225.30003356933594,32880600
2024-10-03,223.67074086449446,225.32984066329956,221.86262602596847,224.19728088378906,34044200
2024-10-04,226.41269745663615,226.51205091107013,222.66731173997377,225.31988525390625,37245100
2024-10-07,223.0349151567562,224.2171516536621,219.8856043654075,220.24325561523438,39505400
2024-10-08,222.83619253711748,224.50522136577493,221.79304193960246,224.29660034179688,31855700
2024-10-09,223.76012210676075,228.25062837641602,223.3627386107029,228.0419921875,33591100
2024-10-10,226.29350107451606,228.00227752622936,225.68748134269669,227.54527282714844,28183500
2024-10-11,227.80358186995707,227.91286461183438,225.85636623992795,226.06500244140625,31759200
2024-10-14,227.20748901369805,230.21771386522883,227.1081507143634,229.79052734375,39882100
2024-10-15,232.08545910083197,235.9401430278398,230.85354589755886,232.3238983154297,64751400
2024-10-16,230.0885617348273,230.60515724916505,228.34003796565733,230.2673797607422,34082200
2024-10-17,231.9066247344228,232.3238971476739,229.0156269629083,230.63497924804688,32993800
2024-10-18,234.63867690560429,234.63867690560429,232.4828401919167,233.4663848876953,46431500
2024-10-21,232.9199708414818,235.30431748145634,232.9199708414818,234.9367218017578,36254500
2024-10-22,232.36362533760988,234.67842149785605,231.0820505913223,234.32077026367188,38846600
2024-10-23,232.55238437433343,233.60546433739609,226.27362172475395,229.25404357910156,52287000
2024-10-24,228.4791312160334,229.31366084202813,226.91938502162782,229.06529235839844,31109500
2024-10-25,228.2407111108546,231.69799621804017,228.07182235817814,229.89981079101562,38802300
2024-10-28,231.7973512193415,233.19813797949908,231.032372026897,231.87681579589844,36087100
2024-10-29,231.57877779482254,232.80074647701065,230.80386934668286,232.14505004882812,35417200
2024-10-30,231.0919876952183,231.9463759413976,228.05195968136482,228.59837341308594,47070900
2024-10-31,227.84330777090054,228.330115454563,223.89921505082026,224.43569946289062,64370100
2024-11-01,219.52794977327943,223.87937072005496,218.83252100898451,221.45529174804688,65276700
2024-11-04,219.54780947276666,221.33605042122997,218.2761640538016,220.56114196777344,44944500
2024-11-05,220.35251908634842,222.4884819564664,219.6968226591573,221.9917449951172,28111300
2024-11-06,221.15724252476647,224.5946691536601,219.74651129717958,221.2665252685547,54561100
2024-11-07,223.16404611393824,226.39283627600352,223.1044401056504,225.9954376220703,42137700
2024-11-08,225.9357792784742,227.4176895436531,225.17991383614745,225.7269287109375,38328800
2024-11-11,223.77757009002366,224.47376393957063,220.29658566640109,223.01174926757812,42005600
2024-11-12,223.33001798502116,224.36436096493557,222.14648085284745,223.01174926757812,40398300
2024-11-13,222.79294167641658,225.4185978724207,221.54973296285615,223.89691162109375,48566200
2024-11-14,223.7974607959322,227.62653447284012,223.77756520755418,226.98007202148438,44923900
2024-11-15,225.1699449930133,225.6871240415238,223.05152776948486,223.77755737304688,47923700
2024-11-18,224.02620376766677,228.49181480220403,223.94663659117114,226.78115844726562,44633700
2024-11-19,225.74680903538962,228.90953992555222,225.4285554930197,227.0397491455078,36211800
2024-11-20,226.82094870348703,228.68078414631773,224.6627401240164,227.75584411621094,35169600
2024-11-21,227.63650237265796,228.90954693288327,224.48372676835862,227.27845764160156,42108300
2024-11-22,226.82094518602503,229.46649702017746,226.82094518602503,228.62110900878906,38168300
2024-11-25,230.2024695182051,231.982737654973,228.4918131754458,231.60479736328125,90152800
2024-11-26,232.06231657216094,234.29015208323423,232.06231657216094,233.7829132080078,45986200
2024-11-27,233.19611792325418,234.40949083683986,232.53970008294309,233.6536102294922,33498400
2024-11-29,233.5342752849028,236.51797629056327,232.698842645531,236.04058837890625,28481400
2024-12-02,235.98088183183904,239.48174623326935,235.8714788708015,238.28826904296875,48137100
2024-12-03,238.5070985351772,241.44106801091166,237.60203896586935,241.3316650390625,38861000
2024-12-04,241.55047375645148,242.78374225546824,239.9392801306149,241.68971252441406,44383900
2024-12-05,242.66439419479377,243.21139387343032,240.81449907142343,241.71954345703125,40033900
2024-12-06,241.59025685240857,243.30091318780651,240.76476447856876,241.5206298828125,36870600
2024-12-09,240.51612576959502,245.89673657618508,240.43655859300793,245.40939331054688,44649200
2024-12-10,245.54865007065558,246.861485816723,244.0070681600661,246.4238739013672,36914800
2024-12-11,246.61284788068906,249.43741460876686,244.92207178593077,245.1508331298828,45205800
2024-12-12,245.54864477609476,247.3885997871069,244.34521203481492,246.6128387451172,32777500
2024-12-13,246.47359279661413,247.9355922748061,244.90217516923994,246.7819061279297,33155300
2024-12-16,246.6426692963963,250.01425073054844,246.3045049916291,249.67608642578125,51694800
2024-12-17,248.72129232893911,252.45091820627584,248.42291922357487,252.10281372070312,51356400
2024-12-18,250.7900177691265,252.89849494785605,246.39403346062903,246.7023468017578,56774100
2024-12-19,246.15532490458142,250.6308762664829,245.7475488049507,248.43287658691406,60882300
2024-12-20,246.69240643268387,253.61459983498276,244.35518295150268,253.1073760986328,147495300
2024-12-23,253.38584941381717,254.2610580907384,252.07301363460223,253.8831329345703,40858800
2024-12-24,254.101957652135,256.80716624287646,253.90303208844082,256.7972412109375,23234700
2024-12-26,256.78725468311694,258.6868812844183,256.23029959445824,257.61273193359375,27237100
2024-12-27,256.4292059497028,257.294504767908,251.68513210698922,254.20138549804688,42355300
2024-12-30,250.85962400320443,252.1227283114492,249.38766912858338,250.8297882080078,35557500
2024-12-31,251.06847768562102,251.90391026277229,248.07482152033188,249.0594482421875,39480700
2025-01-02,247.57753302011443,247.74662274918373,240.50617687605325,242.525146484375,55740700
2025-01-03,242.03781127929688,242.853348279154,240.57579666249651,242.03781127929688,40244100
2025-01-06,242.98266113735735,245.98625772407811,241.87869116125097,243.66891479492188,45045600
2025-01-07,241.6598791297847,244.215923537777,240.0387452815234,240.89407348632812,40856000
2025-01-08,240.6056476428208,242.38593107741448,238.74581220273618,241.38140869140625,37628900
2025-01-10,238.70600665338932,238.85520080045117,231.73409784256125,235.5631866455078,61710900
2025-01-13,232.2612117379593,233.39501742033124,228.47191419887113,233.12648010253906,49630700
2025-01-14,233.47458784982285,234.83713969366363,231.2069764534674,232.0125732421875,39435300
2025-01-15,233.36520475508792,237.66174156203553,233.15633900368562,236.57765197753906,39832000
2025-01-16,236.06047699847062,236.7168796666606,226.79110553013876,227.0198516845703,71759100
2025-01-17,230.85888730040747,231.0279618693864,227.2386640256131,228.7305145263672,68488300
2025-01-21,222.783001089375,223.20071739531107,218.1881065481907,221.43038940429688,98070400
2025-01-22,218.59587812819439,222.9023551356524,218.59587812819439,222.6139373779297,64126500
2025-01-23,223.5189735650416,225.7965251191765,221.09222786837518,222.44483947753906,60234800
2025-01-24,223.5587751677507,224.40416321125562,220.207089142254,221.56964111328125,54697900
2025-01-27,222.80289291870474,230.88871192185238,222.76310174211312,228.6111602783203,94863400
2025-01-28,229.59580038333414,238.88505261672515,229.5560092044273,236.9655303955078,75707600
2025-01-29,232.84800364416722,238.5568232574634,232.73860067537262,238.05953979492188,45486100
2025-01-30,237.37331330002667,239.48179056573835,235.9212539220553,236.29917907714844,55658300
2025-01-31,245.84699474947953,245.84699474947953,232.1716998572169,234.71778869628906,100959800
2025-02-03,228.7404632470789,230.5704628324937,224.47376244068877,226.77120971679688,73063300
2025-02-04,226.0153521080233,231.86341095944582,225.4186058340825,231.5352020263672,45067300
2025-02-05,227.2883891710869,231.4058958330951,227.0298072213747,231.2069854736328,39620300
2025-02-06,230.03338922164468,232.5297620441898,229.17806101517482,231.95291137695312,29925300
2025-02-07,231.33627899238985,232.72866665415378,226.0252799376335,226.39328002929688,39707200
2025-02-10,228.57379092662126,229.58935370973873,226.21406518332185,226.662109375,33115600
2025-02-11,227.20971719471092,234.2092091135714,227.1400288616486,231.61053466796875,53718400
2025-02-12,230.19670873650108,235.93172304376256,229.67896101319025,235.84210205078125,45243300
2025-02-13,235.88194100703416,241.28837041996871,234.54775953627293,240.4818878173828,53614100
2025-02-14,240.2030902821229,244.484433375407,239.94422402720738,243.53855895996094,40896200
2025-02-18,243.0905000064508,244.11602908498713,240.7905267294893,243.40911865234375,48822500
2025-02-19,243.59830810290342,244.94244069837237,242.10481731288857,243.80738830566406,32204200
2025-02-20,243.87707690453925,245.70908851524857,243.2298884862767,244.76321411132812,32316900
2025-02-21,244.88267886995578,247.6107939080121,244.155851012499,244.4844207763672,53197400
2025-02-24,243.86711335623195,247.7800669312537,243.3593319822528,246.0277099609375,51326400
2025-02-25,246.92381259977986,248.91513366913293,243.84722519384715,245.9679718017578,48013300
2025-02-26,243.26972892021308,243.91690216055417,238.0922974197643,239.31695556640625,44433600
2025-02-27,238.37109275336516,241.40786042901627,236.0312844149354,236.27024841308594,41153600
2025-02-28,235.9217631442628,241.03945773883657,229.20105446423008,240.79054260253906,56833400
2025-03-03,240.74076386584895,242.9710490242999,235.08541908943457,236.99708557128906,47184000
2025-03-04,236.6784479935277,239.02820722093006,233.66158290717058,234.90615844726562,53798100
2025-03-05,234.39839184729655,235.5234930679701,228.235250954078,234.71701049804688,47227600
2025-03-06,233.42263965762712,236.82779659290307,232.14819548977783,234.30877685546875,45170400
2025-03-07,234.08972499786833,240.32255383879036,233.7412377693079,238.0325469970703,46273600
2025-03-10,234.5178647329352,235.13518456664028,223.24699590534985,226.4928436279297,72071200
2025-03-11,222.8387656202518,224.8599551431671,216.50636447278404,219.88165283203125,76137400
2025-03-12,219.18471261137486,220.78772670269151,213.97741219492326,216.03842163085938,62547500
2025-03-13,215.01289169752292,215.89902897504837,207.51556900756947,208.7700958251953,61368300
2025-03-14,210.3332680009786,213.02154815111564,208.67051688888432,212.5635528564453,60107600
2025-03-17,212.3843419118567,214.28605714072168,209.0588394397278,213.07135009765625,48073400
2025-03-18,213.23063555765447,214.21632963340127,210.57222410469132,211.7670135498047,42432400
2025-03-19,213.29039128502816,217.8106832228152,212.8224296395377,214.30596923828125,54385400
2025-03-20,213.0613904363763,216.5462020975973,211.29906714235267,213.17091369628906,48862900
2025-03-21,210.64192650603025,217.89033350890864,210.36314278996363,217.32281494140625,94127800
2025-03-24,220.04097309502072,220.5188858867363,217.63147647971348,219.7721405029297,44299500
2025-03-25,219.81197343150768,223.12752472855482,219.1249652538438,222.77903747558594,34493600
2025-03-26,222.5400680439697,224.04352508950674,219.51326687455483,220.56866455078125,34466100
2025-03-27,220.4292696466093,224.0136533961419,219.6028696378956,222.87860107421875,37094800
2025-03-28,220.7080664246457,222.8387793372666,216.73537546649092,216.9544219970703,39818600
2025-03-31,216.0682695484103,224.6409066608951,215.29165561007284,221.1660614013672,65299300
2025-04-01,218.85612876373423,222.70932997882656,217.95007407622174,222.22146606445312,36412700
2025-04-02,220.3595869543347,224.21278818927524,220.06088576879955,222.91842651367188,35905900
2025-04-03,204.64805110026137,206.58960121618028,200.37667426890133,202.30825805664062,103419000
2025-04-04,193.0486144227304,199.01262630823254,186.52703508606032,187.56253051757812,125910900
2025-04-07,176.43103817745248,193.30748067285785,173.86223225537526,180.6725616455078,160466300
2025-04-08,185.88981432593783,189.5140179775097,168.47572171547168,171.67178344726562,120859500
2025-04-09,171.20381523449285,199.7394480269994,171.14407803694525,197.98709106445312,184395900
2025-04-10,188.24952597387417,193.9347385570105,182.205859833413,189.59365844726562,121880000
2025-04-11,185.2924188893916,198.67408279715283,185.2525839628914,197.2901153564453,87435900
2025-04-14,210.52244846919626,212.01593914767514,200.28706023476008,201.6411590576172,101352900
2025-04-15,200.98403365195668,202.62686743682656,198.93297540670014,201.2628173828125,51343900
2025-04-16,197.49923485324123,199.82907698305957,191.53522246149657,193.42698669433594,59732400
2025-04-17,196.34424488667963,197.9671763411939,193.5763099497932,196.1251983642578,52164700
2025-04-21,192.43131586910098,192.9590147372882,188.98632373298676,192.32179260253906,46742500
2025-04-22,195.26894368988752,200.715208155226,195.1196006832811,198.8732452392578,52976400
2025-04-23,205.10606155750318,207.09738254349836,201.9199510184256,203.71214294433594,52929200
2025-04-24,204.00088023313933,207.92378505310097,202.0593452871763,207.4657745361328,47311000
2025-04-25,205.47445049920006,208.8397878176709,205.30519003897632,208.371826171875,38222300
2025-04-28,209.08871177088434,210.5822025692478,206.55974070372147,209.2281036376953,38743100
2025-04-29,207.78438836336602,211.31898611202763,207.46576971677675,210.29345703125,36827600
2025-04-30,208.39173986928208,212.65316547487808,205.7731479657814,211.57785034179688,52286500
2025-05-01,208.17271138967982,213.62892699621815,207.99348458901505,212.39431762695312,57365700
2025-05-02,205.19567188008233,206.0917754590827,201.2827333487594,204.45889282226562,101010600
2025-05-05,202.21865389928206,203.21431440062256,197.34987465543003,198.02691650390625,69018500
2025-05-06,197.3498583398735,199.77925700053618,196.165020010421,197.64854431152344,51216500
2025-05-07,198.30570335142838,198.574535944944,192.41139491378883,195.39837646484375,68536700
2025-05-08,196.86200854076802,199.18189948520052,193.8351919089676,196.6330108642578,50478900
2025-05-09,198.1364339272832,199.6697443694255,196.6827629534363,197.66847229003906,36453900
2025-05-12,210.32994399020487,210.62903686932515,206.12274573806786,210.15048217773438,63775800
2025-05-13,209.7915962682986,212.7525871854542,208.36594186281494,212.2840118408203,51909300
2025-05-14,211.78550901932945,213.29093762104833,209.94113079478424,211.68582153320312,49325800
2025-05-15,210.3099886465303,212.31390017581901,208.90426284202815,210.8084716796875,45029500
2025-05-16,211.71573318604425,211.92510277199543,209.1335944967917,210.6190643310547,54737900
2025-05-19,207.27923550566183,208.84446444770495,203.64029993754312,208.14659118652344,46140500
2025-05-20,207.03996203611737,207.83753801206538,204.40797196423648,206.232421875,42496600
2025-05-21,204.5475404614086,206.41186226922272,200.10108001028593,201.4768829345703,59211800
2025-05-22,200.1010778345708,202.1348820380274,199.09413231135568,200.7490997314453,46742400
2025-05-23,193.0824298832746,197.10020219746903,192.8730755135501,194.67758178710938,78432900
2025-05-27,197.6983910952664,200.1309909415137,196.83102019804124,199.60260009765625,56288500
2025-05-28,199.98143310081724,202.11494001836002,199.2935240345892,199.81195068359375,45339700
2025-05-29,202.9623758748587,203.19167383577107,197.90775006205254,199.3433837890625,51396800
2025-05-30,198.7651407343476,201.3472946799051,196.18300200128658,200.24066162109375,70819900
2025-06-02,199.67238359256916,201.51677709467234,199.51286535414474,201.08807373046875,35423300
2025-06-03,200.73914706631285,203.1518034040851,200.35033086337637,202.6533203125,46381600
2025-06-04,202.29440469878628,205.6143037964219,201.48686455307688,202.20468139648438,43604000
2025-06-05,202.88261988754903,204.12882762641604,199.54277706238673,200.02133178710938,55126100
2025-06-06,202.3841235560851,205.07592905349443,201.4370087789868,203.30133056640625,46607700
2025-06-09,203.76991971327615,205.37503589356555,199.4131823149893,200.83883666992188,72862600
2025-06-10,199.9914028593682,203.73002568042446,199.96149509379936,202.05511474609375,54672600
2025-06-11,202.88262262031438,203.8795888248368,197.8080682902945,198.17694091796875,60989900
2025-06-12,198.47602627663701,199.07419684911244,196.7612432530472,198.5956573486328,43904600
2025-06-13,199.12403626091725,199.76209396079906,195.1062640673262,195.85398864746094,51447300
2025-06-16,196.7014416228738,198.08722408394675,195.96368113091867,197.8180389404297,43020700
2025-06-17,196.60172782081946,197.7881200100286,194.61777485692886,195.0464630126953,38856200
2025-06-18,195.34553910938874,196.97059871241268,194.4781834746436,195.9835968017578,45394700
2025-06-20,197.63857663438114,201.08807102199273,196.2627584683704,200.39019775390625,96813500
2025-06-23,201.01828233775666,201.686247808318,198.3563846401482,200.888671875,55814300
2025-06-24,201.9753521214132,202.82277936444737,199.59260382672892,199.6923065185547,54064000
2025-06-25,200.83883469818846,203.05210084338043,200.01135094007643,200.94850158691406,39525700
2025-06-26,200.81888589983927,202.025221644493,198.85487656411598,200.39019775390625,50799100
2025-06-27,201.2774955925489,202.60346239871808,199.39323017588663,200.46995544433594,73188600
2025-06-30,201.39712965217615,206.7608124915243,198.6554726965608,204.54754638671875,91912800
2025-07-01,206.04299395149746,209.55231908550664,205.51460310500556,207.18951416015625,78788900
2025-07-02,208.27621224418834,212.6927652029137,207.50854401160626,211.79550170898438,67941800
2025-07-03,211.5063683517463,213.9987837940836,211.16740350258758,212.90213012695312,34955800
2025-07-07,212.03474730839852,215.57398008038285,208.16652910348648,209.3130340576172,50229000
2025-07-08,209.46258702266434,210.78853856973336,207.81758380403343,209.3728485107422,42848900
2025-07-09,208.89430414855983,210.68884615759353,206.5913149088396,210.49942016601562,48749400
2025-07-10,209.87133445003573,212.83232507172787,209.39279496736208,211.7655792236328,44443600
2025-07-11,209.931172276849,211.48643705736623,209.2233196075129,210.51937866210938,39765800
2025-07-14,209.29309904361602,210.27013683517245,206.91035052542594,207.98707580566406,38840100
2025-07-15,208.5852528191871,211.24715053377864,208.28615994072268,208.4755859375,42296300
2025-07-16,209.6619745482938,211.75559423754484,208.00700716596054,209.52239990234375,47490500
2025-07-17,209.93117746335784,211.1574416148312,208.95413964633332,209.38284301757812,48068100
2025-07-18,210.23023432823226,211.1474413046512,209.06378582955284,210.53929138183594,48974600
2025-07-21,211.45652088357517,215.12534891613055,210.98794558852114,211.83535766601562,51377400
2025-07-22,212.49335516085276,214.29786137817433,211.58611235366487,213.74952697753906,46404100
2025-07-23,214.3477172095632,214.4972560435483,211.76557859278188,213.5002899169922,46989300
2025-07-24,213.25105536667797,215.03563331063384,212.8821827557749,213.11148071289062,46022600
2025-07-25,214.04862920984866,214.58699944946258,212.7525701732737,213.2311248779297,40268800
2025-07-28,213.3806606658472,214.19818019857897,212.41360229785764,213.40060424804688,37858000
2025-07-29,213.53020352524888,214.1582970701604,210.18041185237743,210.62904357910156,51411700
2025-07-30,211.25711581327238,211.74563469104578,207.0898047125579,208.415771484375,45512500
2025-07-31,207.85746883247032,209.2033639475293,206.5315020865265,206.9402618408203,80698400
2025-08-01,210.23025491744008,212.93203997684435,200.88868661623732,201.76602172851562,104434500
2025-08-04,203.8895472057539,207.24933356384108,201.06813110178,202.7330780029297,75109300
2025-08-05,202.78292184745098,204.71703873665678,201.5466934780596,202.30438232421875,44155100
2025-08-06,205.00615029681612,214.72657006985978,204.96626313259566,212.60302734375,108483100
2025-08-07,218.21596748517925,220.1799921230299,215.92294217468134,219.3624725341797,90224800
2025-08-08,220.16004899168945,230.29919347638386,218.58484056145957,228.65420532226562,113854000
2025-08-11,227.4864157407103,229.12329528601256,224.3324234952035,226.74781799316406,61806100
2025-08-12,227.57622481823222,230.36092560837628,226.63802588155738,229.21310424804688,55626200
2025-08-13,230.6304284784954,234.55294488479396,229.99163136972763,232.88612365722656,69878500
2025-08-14,233.61473725595164,234.67271834509882,230.41085227691244,232.33717346191406,51916300
2025-08-15,233.5548328767578,233.834298979768,228.9036945156081,231.1494140625,56038700
2025-08-18,231.2592012143754,232.67649791960375,229.6722297518056,230.45074462890625,37476200
2025-08-19,230.84001516813981,232.42698672077375,228.9136940815642,230.1213836669922,39402600
2025-08-20,229.54248102593337,230.0315543310328,225.3404986724704,225.5800323486328,42263900
2025-08-21,225.8395414786139,226.08906587116957,223.3542730460458,224.47213745117188,30621200
2025-08-22,225.73973438952316,228.65417758009713,224.98118568943215,227.3267059326172,42477800
2025-08-25,226.0491451945495,228.86378779922748,225.79962078901826,226.7278594970703,30983100
2025-08-26,226.43840339540802,229.0534295301293,224.26255788237486,228.87376403808594,54575100
2025-08-27,228.17510050695543,230.46073738560713,227.82576024347395,230.05152893066406,31259500
2025-08-28,230.3809040856524,232.9659733126178,228.90370861616245,232.11758422851562,38074700
2025-08-29,232.0676707602769,232.9360260407387,230.92984008944924,231.69837951660156,39418400
2025-09-02,228.81388239599917,230.4108447009183,226.53822101083426,229.28298950195312,44075600
2025-09-03,236.75874463665696,238.395624134605,233.9141603097862,238.01634216308594,66427800
2025-09-04,237.9963808412042,239.4436193831587,236.28964239378743,239.3238525390625,47549400
2025-09-05,239.54341659874092,240.86091270031892,238.03629475202086,239.2340087890625,54870400
2025-09-08,238.84475646782593,239.69313028194867,235.89038089866295,237.42745971679688,48999500
2025-09-09,236.54912730927947,238.3257397896772,232.9160527142261,233.9041748046875,66313900
2025-09-10,231.7482872752143,231.97784546194652,225.52015268533836,226.35855102539062,83440800
2025-09-11,226.44839058875493,230.01159113632517,226.21881717306923,229.59239196777344,50208600
2025-09-12,228.78394562468256,234.0638755168574,228.58432913969838,233.62472534179688,55824200
2025-09-15,236.54912714503797,237.7368657054393,234.58287368836292,236.24969482421875,42699500
2025-09-16,236.72878926810645,240.76111223381088,235.87043992435724,237.6969451904297,63421100
2025-09-17,238.5153883976145,239.6432435766681,237.27774187166392,238.5353546142578,46508000
2025-09-18,239.5134800259323,240.74113579799257,236.199788714976,237.42745971679688,44249600
2025-09-19,240.77107799962133,245.83144010441063,239.7530294205925,245.032958984375,163741300
2025-09-22,247.82763635806887,256.15178189089505,247.64797087114997,255.5928192138672,105517400
2025-09-23,255.39322235208516,256.8504363399061,253.0975947938589,253.9459686279297,60275200
2025-09-24,254.73446948849343,255.2534845023776,250.56241362070242,251.8300018310547,42303700
2025-09-25,252.72829161839874,256.6807646844572,251.2311452680336,256.3813171386719,55202100
2025-09-26,253.61660096533106,257.10994249251326,253.2972024297037,254.97401428222656,46076300
2025-09-29,254.0757261912774,254.5148915782133,252.52867184357527,253.9459686279297,40127700
2025-09-30,254.37515755125318,255.4331385813304,252.6284867333586,254.14559936523438,37704300
2025-10-01,254.55481135314994,258.29769267334166,254.44502000530687,254.9640350341797,48713900
2025-10-02,256.09186667190835,257.68882891050583,253.66649683440303,256.6408386230469,42630200
2025-10-03,254.18552630266564,258.7468246365968,253.46689477740222,257.5291442871094,49155600
2025-10-06,257.49920544747016,258.5771679771474,254.56481112131073,256.2016906738281,44664100
2025-10-07,256.3214394907812,256.91031341337026,254.94405994391948,255.99208068847656,31955800
2025-10-08,256.03198246417537,258.0281776413904,255.62275879770374,257.5690612792969,36496900
2025-10-09,257.3195337882977,257.50917476461467,252.65841993311406,253.55670166015625,38322000
2025-10-10,254.45500785015722,255.8922708493858,243.53581752909898,244.80340576171875,61999100
2025-10-13,248.90558714178317,249.2149949644775,245.09284695690994,247.18885803222656,38142900
2025-10-14,246.13087266264282,248.37659224814226,244.23447809703134,247.29864501953125,35478000
2025-10-15,249.01537013681215,251.3409393203658,246.99920876557604,248.8656463623047,33893600
2025-10-16,247.7777291727393,248.56621957555782,244.66366953460536,246.979248046875,39777000
2025-10-17,247.5481624372989,252.89796599708643,246.79958926324147,251.81002807617188,49147000
2025-10-20,255.4032084113237,263.87706298772724,255.14370850365398,261.7411193847656,90483000
2025-10-21,261.38182000576944,264.7853366806196,261.33189684706855,262.2701110839844,46695900
2025-10-22,262.15033525743416,262.349966966352,254.94406918261987,257.9583435058594,45015300
2025-10-23,259.4454820834593,260.12418111371363,257.51916110368444,259.0861511230469,32754900
2025-10-24,260.69310343226954,263.6275126875418,258.68691759501684,262.32000732421875,38253700
2025-10-27,264.37609822840903,268.60802232244004,264.1465248140549,268.2986145019531,44888200
2025-10-28,268.4782600095115,269.3765722048576,267.63986169210665,268.4882507324219,41534800
2025-10-29,268.76770579477784,270.8936584399069,266.6018207191691,269.1869201660156,51086700
2025-10-30,271.4725408872279,273.6184749716116,267.969239224885,270.8836669921875,69886500
2025-10-31,276.4630533049319,276.79244258078194,268.647962249571,269.85565185546875,86167100
2025-11-03,269.90556627002525,270.33474092754267,265.74348587775046,268.53814697265625,50194600
2025-11-04,267.8195068636227,270.9734988318123,267.11086611942017,269.5262756347656,49274800
2025-11-05,268.0989800730272,271.18312844251227,266.4221834255846,269.6260986328125,43683100
2025-11-06,267.38037702601645,272.8798740142925,267.38037702601645,269.25677490234375,51204000
2025-11-07,269.28671541495146,271.7719991063764,266.26248096015127,267.9592590332031,48227400
2025-11-10,268.7085692371889,273.4741297822401,267.20997142836535,269.1781311035156,41312400
2025-11-11,269.55775905965567,275.65206242273547,269.5477586519058,274.99267578125,46208300
2025-11-12,274.74292397164845,275.4722525277038,271.4460210796085,273.21435546875,48398000
2025-11-13,273.85374352181776,276.4413491841305,271.83564282199285,272.6948547363281,49602800
2025-11-14,270.7965900477885,275.70200347225597,269.3479639093673,272.15533447265625,47431300
2025-11-17,268.5687054184609,270.2371271729127,265.48159771217263,267.2099609375,45018300
2025-11-18,269.7376065335732,270.4569347049811,265.0719890725528,267.19000244140625,45677300
2025-11-19,265.2817633125939,271.9555110777923,265.2517925781922,268.3089294433594,40424500
2025-11-20,270.5768036466949,275.17250947675234,265.67142054546326,266.0010986328125,45823600
2025-11-21,265.70137680880595,273.0744516711978,265.4216397990326,271.2361755371094,59030800
2025-11-24,270.64675212306133,276.7410558404627,270.64675212306133,275.6620788574219,65585800
2025-11-25,275.012667049666,280.1179060838009,274.9926967216935,276.7110900878906,46914200
2025-11-26,276.70108254872224,279.26868736786383,276.3714044558947,277.29052734375,33431400
2025-11-28,277.0008150112318,278.73917862681736,275.73198274965245,278.5893249511719,20135600
2025-12-01,277.75011957449965,283.1550658399818,275.88187257202503,282.8353576660156,46587700
2025-12-02,282.7354345985028,287.1313151163589,282.36578537497866,285.9224548339844,53669500
2025-12-03,285.9324708384744,288.35019153510143,283.0351573834178,283.8843688964844,43538700
2025-12-04,283.83440686502166,284.46382276925783,278.32954829392816,280.4375915527344,43989100
2025-12-05,280.27774306596746,280.8771882481053,277.79005013345267,278.5193786621094,47265800
2025-12-08,277.86998437615557,279.4085531850005,275.8918244790692,277.6302185058594,38211800
2025-12-09,277.8999627322321,279.7682096639769,276.6611317163261,276.9208679199219,32193300
2025-12-10,277.490342786908,279.48847306800184,276.1815698919154,278.5193786621094,33038300
2025-12-11,278.83908758708685,279.3286197507982,273.5540244422053,277.77008056640625,33248000
2025-12-12,277.64021728323,278.9589906850317,276.5612402656973,278.0198669433594,39532900
2025-12-15,279.8880911943856,279.8880911943856,272.5849275039148,273.8537292480469,50409100
2025-12-16,272.5649667835892,275.2424541197232,271.53593087885605,274.353271484375,37648600
2025-12-17,274.75292651919426,275.90184538512057,271.38608172110213,271.58587646484375,50138700
2025-12-18,273.35420232069225,273.374203136776,266.7004552212896,271.935546875,51630700
2025-12-19,271.8955859651445,274.34330788170604,269.64768928264715,273.4141845703125,144632000
2025-12-22,272.6048920133635,273.62395794129594,270.25711338978425,270.7166748046875,36571800
2025-12-23,270.5868091030317,272.2452609569047,269.30800689497966,272.1053771972656,29642000
2025-12-24,272.085389177814,275.17249671786806,271.9455359163183,273.55401611328125,17910600
2025-12-26,273.9037084592662,275.1125687682936,272.6049054553,273.1444091796875,21521800
2025-12-29,272.4350823114352,274.10350406329195,272.0954038139857,273.50408935546875,23715200
2025-12-30,272.5549704076282,273.82377221524894,272.02546707967076,272.82470703125,22139600
2025-12-31,272.80472532736104,273.42414083736213,271.49595243002375,271.6058349609375,27293600
2026-01-02,272.0054842546519,277.58025431004916,268.7485221479618,270.75665283203125,37838100
2026-01-05,270.38700744645297,271.25618925068443,265.89121426121545,267.0101623535156,45647200
2026-01-06,266.7503924619391,267.2998660934885,261.8749496989937,262.1147155761719,52352100
2026-01-07,262.95395138764474,263.4334831315393,259.56710600115036,260.08660888671875,48309800
2026-01-08,256.7797203952787,259.0476178563403,255.46096229095477,258.7978515625,50419300
2026-01-09,258.8377955175017,259.9667440583015,255.98048371428257,259.1275329589844,39997000
2026-01-12,258.9177364764393,261.05572011368304,256.5599267903311,260.0067138671875,45263800
2026-01-13,258.4781303943212,261.56523797230057,258.148452318208,260.8059387207031,45730800
2026-01-14,259.247418118488,261.57525710051715,256.4700180914029,259.71697998046875,40019400
2026-01-15,260.40631875644857,260.7959687899761,256.8096782083212,257.9685974121094,39388600
2026-01-16,257.6589020182799,258.6579671912775,254.69167723491495,255.29112243652344,72142800
2026-01-20,252.49373739571587,254.55180921698133,243.19244305608962,246.46937561035156,80267500
2026-01-21,248.46750904444812,251.3248360900433,244.9507953165175,247.41848754882812,54641700
2026-01-22,248.96703988447874,250.76536025794266,247.9180183962477,248.1178436279297,39708300
2026-01-23,247.08880782235642,249.17685039145397,244.45126111041233,247.80812072753906,41689000
2026-01-26,251.24490015634893,256.32015295784896,249.5664780183616,255.17123413085938,55969200
2026-01-27,258.92771692213245,261.70511669708895,257.96859246831417,258.0285339355469,49648300
2026-01-28,257.409147241713,258.61800761819165,254.27208306792676,256.2002868652344,41288000
2026-01-29,257.75880668092503,259.4072580677027,254.17216647920577,258.0385437011719,67253000
2026-01-30,254.93144331105526,261.6551472598355,251.94423313215475,259.2374267578125,92443400
2026-02-02,259.7869174093499,270.2371306501278,258.9676766447768,269.7575988769531,73913400
2026-02-03,268.9483513556569,271.6258386480508,267.3598109321867,269.22808837890625,64394700
2026-02-04,272.03545112075,278.68922850453845,272.03545112075,276.23150634765625,90545700
2026-02-05,277.86999494352693,279.2387093202658,272.97458180817284,275.6520690917969,52977400
2026-02-06,276.8609202349588,280.6473855638201,276.67109542368036,277.8599853515625,50453400
2026-02-09,277.9100036621094,278.20001220703125,271.70001220703125,274.6199951171875,44623400
2026-02-10,274.8900146484375,275.3699951171875,272.94000244140625,273.67999267578125,34376900
2026-02-11,274.70001220703125,280.17999267578125,274.45001220703125,275.5,51931300
2026-02-12,275.5899963378906,275.7200012207031,260.17999267578125,261.7300109863281,81077200
2026-02-13,262.010009765625,262.2300109863281,255.4499969482422,255.77999877929688,56290700
2026-02-17,258.04998779296875,266.2900085449219,255.5399932861328,263.8800048828125,58469100
2026-02-18,263.6000061035156,266.82000732421875,262.45001220703125,264.3500061035156,34203300
2026-02-19,262.6000061035156,264.4800109863281,260.04998779296875,260.5799865722656,30845300
2026-02-20,258.9700012207031,264.75,258.1600036621094,264.5799865722656,42070500
2026-02-23,263.489990234375,269.42999267578125,263.3800048828125,266.17999267578125,37308200
2026-02-24,267.8599853515625,274.8900146484375,267.7099914550781,272.1400146484375,47014600
2026-02-25,271.7799987792969,274.94000244140625,271.04998779296875,274.2300109863281,33714300
2026-02-26,274.95001220703125,276.1099853515625,270.79998779296875,272.95001220703125,32345100
2026-02-27,272.80999755859375,272.80999755859375,262.8900146484375,264.17999267578125,72366500
2026-03-02,262.4100036621094,266.5299987792969,260.20001220703125,264.7200012207031,41827900
2026-03-03,263.4800109863281,265.55999755859375,260.1300048828125,263.75,38568900
2026-03-04,264.6499938964844,266.1499938964844,261.4200134277344,262.5199890136719,39803100
2026-03-05,260.7900085449219,261.55999755859375,257.25,260.2900085449219,49658600
2026-03-06,258.6300048828125,258.7699890136719,254.3699951171875,257.4599914550781,41120000
2026-03-09,255.69000244140625,261.1499938964844,253.67999267578125,259.8800048828125,38218500
2026-03-10,257.6499938964844,262.4800109863281,256.95001220703125,260.8299865722656,30590800
2026-03-11,261.0899963378906,262.1300048828125,259.54998779296875,260.80999755859375,26218900
2026-03-12,258.6600036621094,258.95001220703125,254.17999267578125,255.75999450683594,40794000
2026-03-13,255.47999572753906,256.3299865722656,249.52000427246094,250.1199951171875,36930000
2026-03-16,252.11000061035156,253.88999938964844,249.8800048828125,252.82000732421875,32074200
2026-03-17,252.9600067138672,255.1300048828125,252.17999267578125,254.22999572753906,32361600
2026-03-18,252.6300048828125,254.94000244140625,249.0,249.94000244140625,35757900
2026-03-19,249.39999389648438,251.8300018310547,247.3000030517578,248.9600067138672,34864100
2026-03-20,247.97999572753906,249.1999969482422,246.0,247.99000549316406,88331100
2026-03-23,253.97000122070312,254.60000610351562,250.27999877929688,251.49000549316406,40546100
2026-03-24,250.35000610351562,254.8300018310547,249.5500030517578,251.63999938964844,45152300
2026-03-25,254.10000610351562,255.0,251.60000610351562,252.6199951171875,28476700
2026-03-26,252.1199951171875,257.0,250.77000427246094,252.88999938964844,41796700
2026-03-27,253.89999389648438,255.49000549316406,248.07000732421875,248.8000030517578,47900000
2026-03-30,250.07000732421875,250.8699951171875,245.50999450683594,246.6300048828125,39446200
2026-03-31,247.91000366210938,255.47999572753906,247.10000610351562,253.7899932861328,49598100
2026-04-01,254.0800018310547,256.17999267578125,253.3300018310547,255.6300048828125,40059400
2026-04-02,254.1999969482422,256.1300048828125,250.64999389648438,255.9199981689453,31289400
2026-04-06,256.510009765625,262.1600036621094,256.4599914550781,258.8599853515625,29329900
2026-04-07,256.1600036621094,256.20001220703125,245.6999969482422,253.5,62148000
2026-04-08,258.45001220703125,259.75,256.5299987792969,258.8999938964844,41032800
2026-04-09,259.0,261.1199951171875,256.07000732421875,260.489990234375,28121600
2026-04-10,259.9800109863281,262.19000244140625,259.0199890136719,260.4800109863281,31291500
2026-04-13,259.7300109863281,260.17999267578125,256.6600036621094,259.20001220703125,36234700
2026-04-14,259.25,261.92999267578125,257.19000244140625,258.8299865722656,48370700
2026-04-15,258.1600036621094,266.55999755859375,257.80999755859375,266.42999267578125,49913500
2026-04-16,266.79998779296875,267.1600036621094,261.2699890136719,263.3999938964844,43323100
2026-04-17,266.9599914550781,272.29998779296875,266.7200012207031,270.2300109863281,61436200
2026-04-20,270.3299865722656,274.2799987792969,270.2900085449219,273.04998779296875,36590200
2026-04-21,271.5,272.79998779296875,265.3999938964844,266.1700134277344,50209800
2026-04-22,267.82000732421875,273.739990234375,266.8699951171875,273.1700134277344,43195700
2026-04-23,275.0450134277344,275.7699890136719,272.1000061035156,272.1099853515625,14616116
