timestamp,open,high,low,close,volume
2021-01-04,86.77239701320735,86.91002668819559,84.08454171573817,85.33941650390625,9523400
2021-01-05,85.33941480727918,86.64285711887534,84.70792549743126,86.22187042236328,6823800
2021-01-06,84.80506266827048,86.78047612845369,84.34359383924459,85.4770278930664,11017500
2021-01-07,85.90611290040823,86.67522556294058,85.46893092558228,86.3918685913086,8196000
2021-01-08,86.49711929460796,87.05574177245916,85.62276146513886,86.84524536132812,5345900
2021-01-11,86.68332400171894,88.6992135338374,86.68332400171894,88.26203155517578,6334200
2021-01-12,88.42394820826476,89.68691416490645,88.34298996071153,88.8773193359375,6106900
2021-01-13,88.89352642060953,91.81616463295488,88.81256198565502,91.03894805908203,9821300
2021-01-14,90.67037629853027,92.30031804988994,89.68750206317615,91.4321060180664,8268800
2021-01-15,91.07990530430175,91.37476881509457,89.67112061257816,90.52294158935547,9196200
2021-01-19,91.12085398210799,91.98905966982046,90.3099825143584,91.88258361816406,7723800
2021-01-20,92.48050259476143,92.63612047745873,91.30104864737287,92.24297332763672,6554600
2021-01-21,92.25116475148077,92.34945466904742,90.71951925874421,91.1290512084961,5417000
2021-01-22,90.62941183949634,91.40751995952533,89.67110868140735,90.8014144897461,5185500
2021-01-25,89.87586967108405,91.10446531842125,89.44995301392254,90.50654602050781,6928200
2021-01-26,91.16181846793512,91.16181846793512,88.91757878671238,89.1141586303711,5554600
2021-01-27,87.0501209673073,87.3941263477426,84.02777280600259,84.19158935546875,11887900
2021-01-28,85.18264211330643,86.11637442117,84.45367577206139,85.35464477539062,8534300
2021-01-29,85.18264217508016,85.58398172023432,83.38889030653343,83.93766784667969,9380400
2021-02-01,84.36357964319492,85.09254599650562,83.42984731987649,83.79023742675781,7518200
2021-02-02,84.26529183488334,85.43655346257167,83.95404980231558,84.74854278564453,10481300
2021-02-03,86.9845714848573,88.10669112015817,85.19082604464094,87.59886932373047,12101900
2021-02-04,87.53336252660988,89.17967649050645,86.20647673952026,88.89300537109375,9077800
2021-02-05,89.79399165233104,90.31819215667609,88.81930965932601,89.05683898925781,7251000
2021-02-08,89.18787265275407,89.26159165741441,86.66515419726595,87.5087890625,9199100
2021-02-09,86.820767501154,87.23029942332926,86.09180117959893,86.32933044433594,5506900
2021-02-10,86.80440366134584,86.92725825961676,84.95331731019581,85.2236099243164,7446000
2021-02-11,85.64951455511142,85.73961208695489,84.62568464685535,84.9778823852539,5090100
2021-02-12,84.98608128125119,85.6495211129301,84.48645174785078,85.54304504394531,3738400
2021-02-16,86.27198153270182,86.97637681879861,85.19900383004172,85.346435546875,5637300
2021-02-17,85.75598896531288,87.43507248211858,85.30550756372818,87.05830383300781,6940400
2021-02-18,86.26380568574803,87.32039881747927,86.17370816102171,86.86991119384766,5386600
2021-02-19,87.00915420628063,87.39410896077432,85.9279901907501,86.00989532470703,6702400
2021-02-22,85.72323917836808,88.19680964934996,85.37104141687783,87.6889877319336,10272500
2021-02-23,87.61527203934202,88.1312800800297,86.78801569722447,87.04192352294922,7058600
2021-02-24,86.82075675393381,89.63833802938919,86.49313000695707,89.02404022216797,7626200
2021-02-25,88.85205813384277,89.52369030843377,87.69717498968895,87.9101333618164,6237600
2021-02-26,88.19678407841756,88.93394269676104,86.29655644499907,88.24592590332031,9250000
2021-03-01,88.89300718285156,89.44997090433152,88.51623852552129,88.79472351074219,4709500
2021-03-02,89.15510824811422,89.58921113467342,88.30328100418437,88.33604431152344,5487000
2021-03-03,87.52516643442338,87.75450332024987,86.3784757563295,87.40230560302734,7218700
2021-03-04,87.2302910861304,88.2541207937141,85.96073974914239,86.53408813476562,7503700
2021-03-05,86.82896181744276,87.63164090331239,85.23997592444994,87.39411163330078,7277800
2021-03-08,87.51696360149901,88.58994140208094,86.65695038228532,86.91085815429688,6049400
2021-03-09,87.21391905653589,89.02404936449727,87.18115575357753,87.46782684326172,6857500
2021-03-10,87.95927097696998,88.75376395308263,87.68079225282742,88.45890045166016,5762600
2021-03-11,88.56536143950711,88.9748933163643,87.91830032419752,88.35240936279297,4671400
2021-03-12,88.29509377173233,88.93396263453549,87.942896033397,88.63909912109375,5341200
2021-03-15,89.00767504174352,90.39189507173361,88.75376722519835,90.30998992919922,6642200
2021-03-16,90.05606785274155,90.98161400303745,90.01511840959792,90.7850341796875,5570200
2021-03-17,84.98607638776163,86.07542668161732,84.1997757531678,86.03447723388672,19445600
2021-03-18,85.18264250561765,85.99351398745232,84.70758396112404,84.99425506591797,8675100
2021-03-19,85.12531254021836,85.53484449581472,84.29805624020442,84.70758819580078,10899100
2021-03-22,84.77311409330699,87.14840066552048,84.26529222302523,86.7388687133789,7627200
2021-03-23,86.30475266784535,86.77161877205211,85.60035731778453,85.87064361572266,6111600
2021-03-24,85.8542971543002,86.27202158743069,84.4045564731481,84.4127426147461,9420100
2021-03-25,84.28166395401597,85.30549367588458,83.58546099293746,85.08434295654297,6281500
2021-03-26,85.0761572451118,86.91905075372684,85.05158008253659,86.80438232421875,6596900
2021-03-29,86.62420055286725,87.63983804782436,86.40304979856167,87.41869354248047,5472700
2021-03-30,87.52516106119856,87.66440041205072,86.71428962210298,87.46782684326172,5354100
2021-03-31,87.54155021018018,89.42539974061778,87.47602984527455,88.63909912109375,9048000
2021-04-01,89.21243821013817,89.26158629327887,87.90193722401585,88.88481140136719,5091700
2021-04-05,89.34348203904402,89.34348203904402,86.32932696341085,86.93543243408203,10584400
2021-04-06,86.69791116087562,87.05010888212918,85.90341819091094,86.31295013427734,8522500
2021-04-07,86.43580623413177,86.92724328946964,85.32187890925333,86.1737060546875,8037300
2021-04-08,86.32933720698547,87.57431159838096,86.28838151197517,86.90267944335938,5881800
2021-04-09,87.1402057200473,88.22956218053264,86.86172700026329,88.0821304321289,5977500
2021-04-12,88.31144525283598,88.9257430095332,87.93467671193686,88.66364288330078,5647500
2021-04-13,88.48347497539898,88.75376757088088,87.6644110489412,88.63909912109375,6165100
2021-04-14,88.0587668540604,88.43182443168142,87.52819298480678,87.7934799194336,7766700
2021-04-15,87.86810567236218,88.6639666281123,87.5613713511003,88.61422729492188,5730500
2021-04-16,89.11162174163506,89.99038984316482,88.82146514794384,89.4598159790039,8207700
2021-04-19,89.50957949584775,90.1396385016903,88.80491148500676,90.04015350341797,4542900
2021-04-20,89.63392131288833,90.82770949631404,89.57588998678388,90.3883285522461,5411800
2021-04-21,91.01838311669322,92.38627153798146,90.65361118436572,91.85569763183594,6181100
2021-04-22,91.73134475106589,92.09611036546028,90.8691605557828,91.23393249511719,5046000
2021-04-23,90.95207391851996,92.65985854876982,90.81943358385962,92.33654022216797,4611000
2021-04-26,92.48575806686769,92.88369169282828,91.8971527872759,92.3448257446289,5202300
2021-04-27,92.2287447017334,92.72615689131672,91.67330119544769,92.38626098632812,3522900
2021-04-28,92.58523247443965,93.32306198883384,92.28678387030946,92.79248809814453,5116000
2021-04-29,93.16553178408225,93.35620971240184,91.4660397183481,91.93029022216797,6766700
2021-04-30,92.41114260411024,93.10751849464287,91.2836714552041,92.4360122680664,10575400
2021-05-03,93.1821334199653,95.42049171577614,92.51062087127008,95.07230377197266,9138200
2021-05-04,95.02255636111225,96.11686575207783,93.72099135575971,94.4256591796875,8151400
2021-05-05,94.76555081323437,96.39872599274553,94.46710223601715,95.98421478271484,7021400
2021-05-06,95.33757211217103,96.31581875727608,94.64119636053967,96.23291778564453,5803800
2021-05-07,96.481647805175,96.93761276465098,95.3044372324522,95.95936584472656,6808200
2021-05-10,96.48163169878578,97.16142986355867,96.14173577886905,96.34899139404297,7093300
2021-05-11,95.73552551238039,96.63915704321775,94.82359566023624,95.24639892578125,5784600
2021-05-12,95.2132274953344,96.16660458160543,94.87333157845408,95.3044204711914,6208300
2021-05-13,95.7935469432272,97.16142893028449,95.34587405975887,96.66401672363281,6558200
2021-05-14,97.29408538918513,97.48475703061284,96.48164052044528,96.5230941772461,6268500
2021-05-17,96.80496447570363,97.58424772965078,96.63087049183167,96.90444946289062,6183200
2021-05-18,96.25780005346486,97.74175104232557,95.60287153939072,97.16972351074219,8174900
2021-05-19,96.54796346760885,96.58112512793312,94.82359508038634,96.0422592163086,6433600
2021-05-20,95.61946421587388,97.27750942572034,95.43708455574081,97.08683776855469,5526100
2021-05-21,97.42672449922684,98.05678339014256,96.21635236992817,96.26609802246094,5577800
2021-05-24,96.65571675930278,96.83810269585737,95.82669437491927,96.09198760986328,4821300
2021-05-25,96.14174123922592,96.16661090246895,94.66608218736805,94.97281646728516,6574200
2021-05-26,94.94795775109772,95.12205173881095,94.30961312948256,95.0888900756836,5802600
2021-05-27,95.43707991999278,95.50339691821057,92.86710490961197,93.11581420898438,26406000
2021-05-28,93.95312915465932,94.90650637290048,93.56348753568719,93.84535217285156,7104300
2021-06-01,94.25985416033552,94.50027144035018,92.8836801220753,93.02461242675781,6846200
2021-06-02,93.19043349339061,93.39768914337154,91.89715393655017,92.35311889648438,8100700
2021-06-03,92.120980952681,93.19042071897806,91.73133937213791,93.02461242675781,6286100
2021-06-04,93.1821255855501,93.77073077199864,92.98316196652482,93.14896392822266,4255400
2021-06-07,93.43913401934594,94.59976689368256,93.12410771664415,93.6878433227539,5570100
2021-06-08,93.4142408898408,93.75413677251896,92.70128114575833,93.13236999511719,4114200
2021-06-09,93.58005275103375,94.85674809492316,93.46399011294737,94.50856018066406,4884000
2021-06-10,94.80700259692446,96.98732924176475,94.63290865113316,96.36556243896484,6263800
2021-06-11,96.36558932334094,96.46507431652161,95.22983236133035,95.685791015625,4471400
2021-06-14,95.39562574906286,95.7355280347156,94.6660881730665,95.66920471191406,4427600
2021-06-15,95.63605414031522,96.11688879897291,94.93967182002808,96.02569580078125,3590500
2021-06-16,96.34898979262641,96.60598472718993,95.47851369338835,95.77696228027344,6670200
2021-06-17,95.3210077647887,96.07541493445163,94.53343261191293,95.25468444824219,4172300
2021-06-18,94.2101111096431,94.674361659622,93.72099089804952,93.77902221679688,7415400
2021-06-21,94.25158523335529,95.544858517727,93.48887960352562,95.11376953125,4666100
2021-06-22,94.91479608797037,95.56972470361947,94.4090917939241,95.0888900756836,4359900
2021-06-23,94.96452506238865,95.36245230013064,94.46710652780204,94.50856018066406,3837300
2021-06-24,94.85676045627082,96.32413393963252,94.72412013471815,95.1220474243164,7712300
2021-06-25,93.59665579787006,94.1686771092017,92.96659683073972,93.66297912597656,11709400
2021-06-28,93.89508251563349,94.5997503185686,93.54688828688246,93.67953491210938,5141800
2021-06-29,93.38939981734623,93.47230081472149,92.5272155297741,93.0992431640625,5795100
2021-06-30,93.0246159506276,93.61322117919237,92.54378137238378,93.38109588623047,5042600
2021-07-01,93.63808213680451,94.96452310173025,93.58834281434855,94.72410583496094,5306900
2021-07-02,94.93967251762095,95.74382551216108,94.41739051727369,95.4785385131836,5719500
2021-07-06,95.47853781130122,96.08372713339462,95.14692748378188,95.94279479980469,7172100
2021-07-07,96.09200757230798,96.97076945833072,95.59458897839154,96.78838348388672,6695100
2021-07-08,95.96764399427589,96.83811380275424,95.9013206779329,96.4567642211914,3948800
2021-07-09,96.41533561017448,97.26922791781082,96.2578192845147,96.6474609375,4823400
2021-07-12,96.8298451055271,98.11482637898824,96.68062078006716,97.51792907714844,8148400
2021-07-13,97.48475250506176,97.89926375406692,96.73863731680426,97.75004577636719,6540300
2021-07-14,97.96799811906749,98.5380183727923,97.56562824772261,98.37874603271484,6543400
2021-07-15,97.91770685565896,98.48772716158835,97.0291482358539,98.22786712646484,4544600
2021-07-16,98.83979297317367,99.19186260915322,98.0099063227835,98.49610137939453,6826100
2021-07-19,97.8003409450612,98.07696983077444,95.3442251199767,96.75251007080078,6762000
2021-07-20,96.86150721806156,98.6889248703188,96.78606005495816,97.2806396484375,5581400
2021-07-21,97.77518166942647,98.1356357004319,97.06265804407654,98.06857299804688,4133800
2021-07-22,97.77518549623356,98.83978515304646,97.56561933966663,98.52962493896484,6257000
2021-07-23,98.89847384437712,99.47687214855455,98.55478224156757,99.07450866699219,4411100
2021-07-26,99.02420369685836,99.30921701182491,98.30329556514832,98.73919677734375,3730100
2021-07-27,98.73920276938775,99.1667195700557,97.87579112552376,98.88170623779297,3773100
2021-07-28,98.60507336153614,99.6948200186974,98.32845087387699,99.37628173828125,5650400
2021-07-29,99.77864264216421,99.86246783006992,99.04097203496137,99.64452362060547,4632200
2021-07-30,99.75350857017803,99.87924956595367,97.33930831218711,97.49019622802734,9017200
2021-08-02,97.98475976346349,98.27815112785228,96.74413159534743,96.77765655517578,9245500
2021-08-03,96.96207763753351,97.49856654121992,96.30823218588147,97.44827270507812,5902700
2021-08-04,97.05429683576354,97.67461099265884,96.32501055800034,96.46751403808594,4602000
2021-08-05,96.50941564019391,96.86986972833458,95.93939537047032,96.50103759765625,5132400
2021-08-06,96.6183908438617,96.86148837363947,95.92262960988933,95.93939208984375,5340400
2021-08-09,96.04838143702554,96.55972347196679,95.34423568585525,95.61248016357422,5277900
2021-08-10,95.72983105231205,96.42559232361914,94.65685320499398,96.24955749511719,5120800
2021-08-11,96.53457216467798,96.68545368080142,95.18496539876317,95.32746887207031,6840400
2021-08-12,95.52865038540634,97.01238257813179,95.48674098507128,96.93693542480469,4863600
2021-08-13,97.0878325344252,97.8758035226282,96.98723845227596,97.6410903930664,4416400
2021-08-16,98.0769851695554,99.43497649734314,97.83388760125342,99.25894165039062,8180500
2021-08-17,98.98231038880613,100.37382664902314,98.91524766903706,100.30677032470703,6551700
2021-08-18,99.89600370790156,100.52470223884146,98.22785872986765,98.320068359375,5586900
2021-08-19,97.41473587804859,99.71996370504397,97.41473587804859,98.85655212402344,6145200
2021-08-20,98.9990637251875,100.1474887121893,98.62184715337754,99.60261535644531,4112500
2021-08-23,100.42411347740655,100.96898041528105,99.93791841717959,100.0552749633789,4748300
2021-08-24,100.35705583219743,100.35705583219743,99.26730911053832,100.32352447509766,3831500
2021-08-25,100.47442210500233,101.76535069870218,99.64454172171422,100.92708587646484,5241100
2021-08-26,101.31268692723965,101.63960969627597,100.71751967090552,100.92708587646484,5035400
2021-08-27,100.87676924463047,101.12825120861427,100.10556726840971,100.23969268798828,4279900
2021-08-30,100.45762883369538,101.34619367841117,100.20615328536003,101.06956481933594,3260900
2021-08-31,101.28752126028562,101.57252817728182,100.61690696842696,101.24560546875,6021800
2021-09-01,101.43003039050173,101.87430966563406,88.93988487324206,94.11197662353516,50943200
2021-09-02,95.18495509240728,95.34422102955465,92.8964897472025,93.90240478515625,14719200
2021-09-03,93.19827723892236,93.94433237142145,93.06415180611448,93.5671157836914,5364800
2021-09-07,92.58633812091422,93.52519693355855,90.8008365242597,91.39600372314453,12694200
2021-09-08,90.58288336611662,92.96355849049284,90.29787643185907,92.51089477539062,10823200
2021-09-09,91.73969361188503,91.99116919228179,89.86197602190386,89.920654296875,10337100
2021-09-10,90.09669311715152,90.80083239804763,89.15783434717123,89.42607879638672,7620100
2021-09-13,90.02124779583153,91.17805080741141,89.53505272317896,90.09669494628906,7398900
2021-09-14,90.52420560742134,90.59126832014128,89.06562678075029,89.25843048095703,6102700
2021-09-15,89.35061503434018,91.20318531202447,88.88118893435734,90.33976745605469,7444300
2021-09-16,90.73375890352027,91.1612756420854,89.30032719880923,90.59963989257812,5821800
2021-09-17,90.11347068603715,90.74216931873043,89.77816346951009,90.3062744140625,14157200
2021-09-20,88.93990134287547,90.10508899942519,88.48723754605385,89.1913833618164,7103400
2021-09-21,89.06561368207107,90.03800368714609,89.02369789392249,89.82005310058594,6400400
2021-09-22,89.70271036550332,90.180521004813,88.79738292403688,89.19975280761719,6319100
2021-09-23,89.68592592260855,90.75890356531512,89.40091903427452,89.99608612060547,5847800
2021-09-24,89.58535559064477,90.5745082454539,89.22490149451637,89.75300598144531,5836100
2021-09-27,89.80327977714482,91.06906105018284,89.71107016414828,90.29785919189453,4969600
2021-09-28,90.21405911327884,91.05232390431131,89.72786399957131,89.97933959960938,6445600
2021-09-29,90.40684460965839,91.85704532247539,90.09669077063049,91.23672485351562,6270100
2021-09-30,91.53850168021049,92.56118562629268,90.34816735414356,90.42361450195312,7886400
2021-10-01,90.74215738569336,91.94926064826952,89.58535435602613,91.44629669189453,8611500
2021-10-04,91.2367344908774,92.37677508963732,90.27273512180402,91.14453125,9779200
2021-10-05,91.69777629356973,92.69531334695414,91.45467875974278,91.79837036132812,7146900
2021-10-06,91.62233664065863,91.93249049460043,90.65833093160614,91.63909912109375,5710300
2021-10-07,92.0246960659627,93.70960987298879,91.84027681205063,92.93840789794922,7842600
2021-10-08,93.08930821328626,93.67609101267894,92.74561657688993,93.19828033447266,5019800
2021-10-11,93.16472432539744,93.38267490555717,92.44381627948162,92.49411010742188,4613800
2021-10-12,92.30970397877043,92.42706051612356,90.666706060375,91.01039123535156,6305800
2021-10-13,91.0271767789077,91.40439979779791,90.53260358838133,90.97688293457031,5471100
2021-10-14,91.59621941214172,92.47009858019261,91.46047439693331,92.40222930908203,7289500
2021-10-15,92.6058506214201,93.29307473379966,92.54646096322666,92.7585678100586,4634500
2021-10-18,92.47011315187885,92.47011315187885,90.85809957696007,91.14656829833984,7949400
2021-10-19,91.41806692154313,91.68956347389872,90.66296693302328,91.16353607177734,4614900
2021-10-20,91.20595522043115,92.5719239978506,91.20595522043115,91.97802734375,5626800
2021-10-21,91.97800748656974,92.43615253625929,90.90898726699191,92.27495574951172,4811800
2021-10-22,92.19861201408258,92.6652497138159,91.8931776057095,92.59737396240234,4614400
2021-10-25,92.54645647975714,92.59736004917482,91.41804655576081,92.05436706542969,5697400
2021-10-26,92.31739429684568,92.97068709737857,91.79985300348412,92.89432525634766,5047400
2021-10-27,92.97067275371425,93.08945206766967,91.77438705503708,91.96952819824219,4875300
2021-10-28,91.96104913646252,93.24217637539593,91.79984585250091,93.04703521728516,5193300
2021-10-29,95.10023250333666,97.50128380952884,94.53178764897662,97.28917694091797,16545000
2021-11-01,97.78125383762341,98.18001573493851,96.35589560519237,97.40794372558594,7096800
2021-11-02,97.78125490217901,99.8514197671255,97.70489954551485,98.86724090576172,10357800
2021-11-03,98.8672380508064,99.78354114223973,98.62119334257041,99.74960327148438,6186900
2021-11-04,99.74960191566005,99.87686731101601,98.69755382849208,99.31690216064453,4912200
2021-11-05,99.03694191524379,99.5375110180066,97.99337327382345,99.41873168945312,4635800
2021-11-08,99.43569740349491,99.64780427208001,98.23093194344871,98.46849060058594,7015000
2021-11-09,98.62120741590368,98.91815573615399,97.91701753444949,98.08670043945312,3146800
2021-11-10,97.9085334866563,99.35085762819331,97.90004739933298,99.05390930175781,4981100
2021-11-11,99.21509665380528,99.68172781379918,98.66361758018793,98.95207977294922,3120900
2021-11-12,99.60537885341564,99.60537885341564,98.78240323313753,99.24055480957031,2740300
2021-11-15,99.22359182345501,99.94476036439995,98.60424338401675,99.13026428222656,3941000
2021-11-16,98.93511379029879,99.66476182905633,98.70603478095164,98.77391052246094,3476400
2021-11-17,98.92662202895943,99.79202150108775,98.62967376812583,99.56294250488281,4361500
2021-11-18,99.61386235353488,100.42835186616097,98.96056964238483,99.32539367675781,3160300
2021-11-19,99.8005218670282,99.94475945770148,98.29880807968232,98.62120819091797,5885800
2021-11-22,98.37515268860774,99.55446623576354,97.57763534844403,98.1206283569336,3975800
2021-11-23,98.8927020311571,101.24284970513769,98.54485014074467,100.86105346679688,8948300
2021-11-24,100.6913660298021,101.16648331159486,100.18231087459735,100.67440032958984,5792800
2021-11-26,99.78354963143512,100.20776334248688,98.27334985576884,98.85028076171875,5016700
2021-11-29,99.12176488942309,100.0465475569006,98.90965806040677,99.17266845703125,4372500
2021-11-30,98.99450893993695,99.08783647144504,97.65399209917274,97.80670928955078,8172100
2021-12-01,98.23093258470811,100.94590440411358,98.0867014666458,98.34123229980469,6287500
2021-12-02,98.6296810172874,99.7750566635359,98.07820193635676,99.15570831298828,4919800
2021-12-03,99.89384681305592,100.9628672195822,99.26601230832871,100.83560180664062,6428100
2021-12-06,101.49738389885235,103.88994929374992,101.14104588690743,102.95668029785156,8939900
2021-12-07,103.49116145054658,103.62690644806628,102.65969987616283,103.09239959716797,6123300
2021-12-08,103.47422066599012,103.88146872804825,102.4476241326001,103.39786529541016,5278100
2021-12-09,103.68632396972154,105.59528584419645,103.59299642690816,105.332275390625,8082300
2021-12-10,104.96743863906427,106.9103381558143,104.96743863906427,106.45218658447266,7059500
2021-12-13,106.22311223846754,108.37811869942944,106.22311223846754,107.33455657958984,7834200
2021-12-14,106.64731972350238,108.47143989616109,106.37582321917554,107.99632263183594,6381400
2021-12-15,108.81081709394519,110.95733744031538,108.25933797392028,110.4906997680664,9585600
2021-12-16,110.38039634320525,113.07838892932351,110.21919308567496,111.80574798583984,9569000
2021-12-17,111.00824267998279,111.16096635045355,109.76105331270193,109.89680480957031,12631100
2021-12-20,109.03142047430943,111.47489597635912,108.7938617944965,111.02523040771484,7119200
2021-12-21,111.33912169423195,111.4409417833156,109.57439118648398,110.25313568115234,6085900
2021-12-22,110.21922429464543,112.48452426195742,110.10892457226701,112.03485870361328,7070900
2021-12-23,112.27242078305446,113.49415854314755,112.13666926616028,112.91722106933594,5702300
2021-12-27,113.00204977842813,114.09651545048595,112.97659799158782,114.0371322631836,4436800
2021-12-28,114.15587779639255,114.75825383462426,113.4686538631561,114.02012634277344,4237200
2021-12-29,114.20679630235047,115.27581001107804,113.75713088110984,114.8431167602539,5594300
2021-12-30,115.17402572407688,116.09032891871367,115.07221857333128,115.32673645019531,6354300
2021-12-31,115.42005293178302,115.56429697615711,114.7922249676863,114.87705993652344,3963400
2022-01-03,114.88556335485703,115.13160161750731,113.27354344288906,114.89404296875,6839800
2022-01-04,114.81767011594158,115.57276990860703,114.01166675572148,114.6734390258789,6298300
2022-01-05,114.53771297393551,117.21025443160349,114.53771297393551,115.27584075927734,7724900
2022-01-06,115.72548467298647,115.94608406809714,114.67344305066997,114.73282623291016,4667000
2022-01-07,114.74981183881977,115.25038092391065,113.79957724393871,114.43589782714844,8630300
2022-01-10,114.60556513917005,116.14969614583268,114.17287186198972,115.71700286865234,9794400
2022-01-11,115.25888699780612,116.31092886663981,114.36803548766568,116.20912170410156,7159400
2022-01-12,115.82732622352007,116.56545400771084,115.4115920868967,116.48060607910156,6589300
2022-01-13,115.72624125365256,115.82910483795554,113.92605004647041,114.4575424194336,8386400
2022-01-14,114.31181684587581,116.62633909938283,113.40314053924796,116.47203063964844,10484500
2022-01-18,116.16343332788597,118.28079613322849,115.96627374966508,117.25212097167969,12341900
2022-01-19,116.9349480367788,117.86932720040112,115.58908834946705,115.9062728881836,6196700
2022-01-20,115.29762203532955,115.55479406857131,113.79746710178438,114.03749084472656,6612800
2022-01-21,114.06321694986013,115.08332448883114,112.8716657334863,113.13740539550781,7583000
2022-01-24,113.8574704528398,114.22607364270557,109.94848463752986,113.29169464111328,13733800
2022-01-25,112.71738085406795,115.14334770236415,112.1173083067553,114.08894348144531,10296500
2022-01-26,114.26034738395771,116.13768591146162,113.86602833452952,115.06614685058594,8040300
2022-01-27,116.15486231515679,118.55511300858075,116.03485043450128,116.5577621459961,8869100
2022-01-28,116.57488946533523,118.28077138487839,115.38333847879385,118.22933959960938,8014400
2022-01-31,117.28637513149097,117.58639819324914,116.25768726172119,117.34637451171875,10300000
2022-02-01,117.75786048487971,118.16076024569041,116.61774127666132,117.44068908691406,7413900
2022-02-02,116.07768649682474,119.50661149077052,114.05462022718427,118.82939147949219,11363100
2022-02-03,119.58379252643506,121.4782798694682,119.18946028678015,120.63818359375,10272700
2022-02-04,120.14097201985638,122.41264301265872,119.3523207241937,120.56958770751953,6921500
2022-02-07,121.01535526260224,122.59265790055541,120.29528402531665,122.18119049072266,9597800
2022-02-08,121.75257952154722,123.09843915144408,121.08394004946905,123.02127838134766,7559500
2022-02-09,123.42416307175343,123.42416307175343,122.44691988002609,122.75552368164062,5989100
2022-02-10,122.71268111760449,123.80136875958365,121.99260981375193,122.33551025390625,7333400
2022-02-11,122.46408746231826,123.10701106027662,121.33253565136081,121.73543548583984,6475200
2022-02-14,121.53825269507283,122.74695196762107,119.53233459189377,122.58407592773438,9931900
2022-02-15,122.88414037307832,124.69289935563803,122.75554780029144,124.09282684326172,9530100
2022-02-16,124.0756567279635,126.20158658079528,123.57846102974356,125.04431915283203,8028900
2022-02-17,124.12712987354178,124.70147343693233,123.08130634607978,124.27285766601562,5486600
2022-02-18,124.03281689503044,124.92433182110979,122.90126513621955,123.467041015625,7585900
2022-02-22,121.08392248952244,125.45580740091484,121.08392248952244,124.7785873413086,11576800
2022-02-23,125.34435186633526,127.17025857731441,124.60713248315072,125.8072509765625,9271000
2022-02-24,123.10701426105909,124.89862492800953,122.98700237619913,124.53002166748047,12070200
2022-02-25,125.26723463883258,128.89331997119007,125.19865455392598,128.1903839111328,8320700
2022-02-28,125.71298000783382,126.93882771578924,124.95004458243699,126.67308807373047,11090600
2022-03-01,126.58736678417777,128.15610190895515,125.33581619084536,126.6045150756836,7489900
2022-03-02,126.6130785737086,129.65625274172587,126.2016111531152,128.2161102294922,8247200
2022-03-03,128.42185883111728,129.2619421034496,127.59892385259622,128.9362030029297,5408400
2022-03-04,127.3846071313668,129.16763715467653,126.95599137800463,129.0647735595703,5389500
2022-03-07,127.72748394355729,129.22763895631718,127.03312857335861,128.1132354736328,7137700
2022-03-08,127.72746178769762,128.49039711006267,125.46437171279247,126.1415786743164,8817500
2022-03-09,127.09314379630128,128.67902738222915,126.6645280250035,127.59033966064453,5368900
2022-03-10,126.93022252946076,128.370364581442,126.61303810967428,127.8731689453125,4635700
2022-03-11,128.01892387281544,128.92758699111334,127.7103200703452,127.77890014648438,5171400
2022-03-14,129.21047190408927,131.13067475052645,127.74461368657833,130.3848876953125,8647200
2022-03-15,130.52208717037192,134.09674160452096,130.43637185300366,133.62527465820312,8384300
2022-03-16,134.15671709873175,134.43103743141378,131.60217113211905,133.77096557617188,7178900
2022-03-17,134.73103639558545,135.9654515104491,133.90810170588372,135.94830322265625,7227900
2022-03-18,135.44259239930182,136.67700799250045,134.70537270227018,136.4712677001953,9912800
2022-03-21,137.11414651411994,137.97137783097008,136.29121177491842,137.1998748779297,5825000
2022-03-22,137.19988495907492,137.41419280403431,135.45970630442955,137.16558837890625,5756600
2022-03-23,137.16560724684223,138.16856652957765,135.75118050767253,135.8026123046875,6300600
2022-03-24,136.48837059320235,137.7827851658856,136.17119919334561,137.39703369140625,4638100
2022-03-25,137.62849499702466,138.85432954130115,137.35417468819193,138.29713439941406,5129400
2022-03-28,137.6799592509064,138.89722647769048,136.75414761075046,138.84579467773438,4516500
2022-03-29,139.72015580085065,139.9687471607753,138.26285190230138,139.02578735351562,6154100
2022-03-30,138.63147942413866,140.88600245805472,138.63147942413866,140.3716583251953,5151800
2022-03-31,139.6687281126281,141.15174809018464,138.95723744725026,138.96580505371094,8670100
2022-04-01,139.00007511382537,139.7887395626347,137.242761096367,139.45440673828125,5703300
2022-04-04,139.30010284060046,140.44878978013395,138.4085879377584,138.77719116210938,6892400
2022-04-05,138.7771899641463,142.26612801910986,138.73432577834888,140.09732055664062,6683300
2022-04-06,141.00599134484779,145.10355620589297,140.41449961263493,144.79495239257812,8810800
2022-04-07,143.73196301796062,149.66400173547174,143.62051876906327,148.54103088378906,7469000
2022-04-08,148.30100690038068,150.7955529880952,147.87239127350097,149.98118591308594,7204200
2022-04-11,149.92979051142385,150.049802403329,145.14645004812175,145.58363342285156,8163200
2022-04-12,145.13787932854518,146.20941882282636,142.48046923091755,143.4234161376953,8279700
2022-04-13,142.64532448902736,142.64532448902736,135.25370049084452,137.4149932861328,18312600
2022-04-14,136.4640244478976,141.6684076989129,135.57357292325784,140.31976318359375,11074800
2022-04-18,140.01722035330252,140.73475806608187,137.24211416190076,137.76947021484375,6500200
2022-04-19,138.6685195757623,138.754976551141,132.8849120078403,135.167236328125,9359900
2022-04-20,135.17588548631988,136.6801498913556,134.4496943355371,135.46981811523438,6250000
2022-04-21,135.72917382784695,138.6512456130586,134.30272600370162,137.04324340820312,7903300
2022-04-22,135.9712081044834,136.87031300904567,133.4295264736926,133.99147033691406,7938300
2022-04-25,133.86180756902678,135.4179407893626,132.1327735889831,135.12400817871094,6932600
2022-04-26,135.24506182684632,138.05474249724824,134.70906542792162,135.02027893066406,6787800
2022-04-27,135.34879647024283,137.89047888126217,133.61976225229597,136.2651824951172,6039100
2022-04-28,136.904922528313,136.9740854762825,133.42956024387527,135.13265991210938,7465000
2022-04-29,129.29716201317504,129.55651975468862,120.9718589786329,126.98026275634766,25155900
2022-05-02,126.78142397574544,128.72658739761903,124.00633154776999,127.83613586425781,9690800
2022-05-03,127.99175251941888,130.317305505978,127.90529553740093,129.33175659179688,6163400
2022-05-04,128.10411799637072,131.7264462032118,127.59405615116641,131.0521240234375,5791500
2022-05-05,132.07226989562645,132.54775689872702,129.71212891427706,131.56219482421875,6869300
2022-05-06,129.4009088200163,132.72066439727692,128.82168396558257,132.1241455078125,6145600
2022-05-09,131.07804793414618,132.73791879634987,128.75249536645816,130.50747680664062,6969000
2022-05-10,130.77553869231724,133.59386040663136,130.11849708655373,131.48443603515625,6525200
2022-05-11,130.55937635015997,133.7926618669233,130.4902133990682,131.3720245361328,5630000
2022-05-12,132.59959124003782,133.43817359284088,129.80719247322872,133.38629150390625,6914800
2022-05-13,132.63420619262254,133.47278879886244,131.320136563543,132.703369140625,6398500
2022-05-16,133.07508490282888,135.63406082372356,132.50451375369795,134.4064483642578,6565600
2022-05-17,134.32869793957985,134.68313999555662,132.1414702968211,133.8099822998047,6032200
2022-05-18,133.81858096533682,134.60529460328908,131.1904550829198,131.7783203125,6498100
2022-05-19,130.71499814314757,131.75241614597303,129.05512670032974,131.16455078125,5994800
2022-05-20,131.69188909858823,132.7206665400441,127.78426818203205,130.55072021484375,6746400
2022-05-23,131.10400426069114,131.4065905022567,127.24826563713182,127.97445678710938,6886400
2022-05-24,127.10994498376634,130.84466509442333,126.74684939381088,128.90814208984375,6367200
2022-05-25,129.98879189726617,132.26247609527735,129.49601081754403,131.3720245361328,5042600
2022-05-26,131.08673515787294,132.33164192160484,130.01472917988508,130.17034912109375,6659300
2022-05-27,129.2625867990839,129.72077975825096,127.73238800048827,129.67755126953125,8405000
2022-05-31,128.50180994320226,128.70929877793407,126.79871035029215,127.40386962890625,11227800
2022-06-01,127.76697160026302,127.85342858360556,124.76710951223365,126.23678588867188,5597900
2022-06-02,126.78145528689592,127.14456415716147,123.53951544977973,126.86791229248047,5998900
2022-06-03,126.86786149784555,128.13006203999768,126.86786149784555,127.23095703125,4891800
2022-06-06,127.08401268771497,127.79292303598051,125.92556294889876,126.67768859863281,3912400
2022-06-07,127.01483794856067,129.11562114941702,126.10709244674578,128.93406677246094,4991200
2022-06-08,128.7265733256468,129.5478750116206,128.16464256401636,129.02915954589844,4835200
2022-06-09,129.4354929668905,130.1271092408354,125.61432921291184,125.7267074584961,5642900
2022-06-10,124.7843846385206,125.03510196383682,122.89109023682192,123.79883575439453,5464700
2022-06-13,121.77587439760109,122.82194585131168,119.97767731803441,120.53096771240234,5997000
2022-06-14,120.54828889072944,121.60300100364813,117.85099925978277,118.97486114501953,5861800
2022-06-15,118.06709295065272,120.24566629147041,117.7731471453034,119.38114929199219,5981800
2022-06-16,118.04115628060991,120.4185782502406,117.36683401363337,120.29754638671875,6963400
2022-06-17,118.95756010969491,120.62607180705487,118.60310492715749,119.54542541503906,10429900
2022-06-21,120.98916093874969,124.4645232431527,120.77303167190966,124.03226470947266,7160500
2022-06-22,124.24840313455114,129.76402665213502,124.15330572247264,127.56814575195312,7995700
2022-06-23,128.57096319830805,130.36916005601302,127.55082632711343,129.20205688476562,7795000
2022-06-24,130.44698385717223,132.04634575853845,129.34904345357768,131.70053100585938,8527600
2022-06-27,132.2711190100858,134.38918331018573,132.05498973065755,132.39215087890625,5377300
2022-06-28,132.41805008816934,134.10385538066078,130.87921108358938,131.83018493652344,5735700
2022-06-29,133.04914876342778,135.4006358420657,132.57367501042694,133.2566375732422,6140900
2022-06-30,132.41807950877654,133.17020514680723,130.4296875872583,132.40943908691406,7289500
2022-07-01,132.3402542697102,133.01457642510275,130.9397410533536,132.96270751953125,4620000
2022-07-05,131.32012013830797,133.17883950574503,129.38361060238776,133.07508850097656,5478800
2022-07-06,133.66297354962384,133.99149423004283,131.1385854991748,131.86477661132812,5113600
2022-07-07,129.85045243500988,131.9080071427988,129.68619209225596,131.40658569335938,6516100
2022-07-08,131.40658896148196,134.2162693175663,131.22503458037474,132.1414337158203,4078400
2022-07-11,131.64865164923535,133.5678805020593,131.64865164923535,132.46994018554688,4491000
2022-07-12,132.2711242292165,133.6284224894944,131.4584759958635,131.80429077148438,5319500
2022-07-13,131.40661309826942,132.9886811415755,130.8014537025613,131.53628540039062,5221200
2022-07-14,129.92196718782466,131.7718828113231,129.5729310261791,131.27450561523438,7576900
2022-07-15,132.49611374146838,134.26749780129293,132.13834310685655,134.04934692382812,4873000
2022-07-18,134.20642912555155,134.79107190832542,129.9219424843951,130.51531982421875,6838400
2022-07-19,130.89056848107393,131.09126362457928,129.84344659620075,130.6636962890625,5647100
2022-07-20,130.48040418691645,131.28319783310906,128.56940033446017,128.87481689453125,5315700
2022-07-21,128.48213159280644,129.00568565278112,127.4175543615251,128.92715454101562,4066800
2022-07-22,129.5554656982422,130.27099377147016,128.77884897803582,129.5554656982422,3639700
2022-07-25,129.61653849605867,131.71079521563559,129.5903614521155,131.08251953125,4347000
2022-07-26,131.8940166409631,133.9969943184397,131.17848867873695,131.64968872070312,4900600
2022-07-27,130.45420692352312,132.19941370510873,129.9568165996331,131.8939971923828,4145800
2022-07-28,132.1470806352446,132.9935071240327,127.9411252319987,130.67237854003906,6572300
2022-07-29,126.91145714438223,127.6618966986496,121.33552122524806,125.22732543945312,17754700
2022-08-01,123.48214399605104,124.64270850733983,121.42279874475769,122.35649108886719,8523900
2022-08-02,123.19414976217271,124.64267469746788,122.25174974498069,122.50479888916016,5197100
2022-08-03,123.66538174010607,124.79976906916465,122.73168950842063,123.21162414550781,5474200
2022-08-04,123.98825131899187,124.41583190735108,121.02140418981134,121.22209930419922,7071700
2022-08-05,121.33555431398986,122.08599407290548,120.37568486135015,120.45421600341797,5371100
2022-08-08,120.45419827391895,122.8625927951895,120.21860488239219,122.46118927001953,4854600
2022-08-09,122.75787308433635,124.11914594058086,122.05980082764663,122.38265991210938,3819700
2022-08-10,122.9585870540581,123.08947227937308,121.291910839045,122.9847640991211,4075300
2022-08-11,122.36516304777814,124.66883534045957,121.86778606605336,123.97948455810547,5972800
2022-08-12,123.81371133621717,124.8608328838464,122.40009791266134,124.43326568603516,5208700
2022-08-15,124.87829152883658,125.02663253093553,122.53098590617897,124.16275024414062,4513200
2022-08-16,124.00570071511171,125.63746522038737,123.97952367175566,124.3896484375,3852300
2022-08-17,123.4036104824634,124.57289621482099,122.64444954374811,123.42106628417969,3605200
2022-08-18,123.46468487067128,123.54321599701093,122.00743849524872,123.29015350341797,3525200
2022-08-19,123.71774283608151,125.09645818308366,123.43851659541802,123.7788314819336,4530700
2022-08-22,123.88353743642934,124.48563606674698,122.129608947357,122.46118927001953,4023500
2022-08-23,121.85908024158765,122.9062151518541,120.81195864619468,121.3093490600586,3768100
2022-08-24,121.3355421808146,121.69331287873858,120.15752190808935,120.34077453613281,5018900
2022-08-25,121.09120100427428,121.78055196527384,120.13133175237736,121.5798568725586,3301200
2022-08-26,121.19590698370403,122.03361225340578,118.89223413561622,118.97949981689453,3838800
2022-08-29,118.8486106492413,119.30236826083022,117.5920593032256,118.4210433959961,3835800
2022-08-30,117.92365478988552,119.10167502397033,117.70550388097165,118.28142547607422,4337100
2022-08-31,118.40358280205933,118.70898606846018,117.0772216221962,117.33028411865234,5789600
2022-09-01,117.48732609333688,120.93410700264735,117.01612609642885,120.81194305419922,4521000
2022-09-02,120.9952197364646,121.64093788622914,118.50829412246097,118.91841888427734,3601600
2022-09-06,119.80848948434493,121.59732971457285,118.88353170190165,120.06153869628906,4810600
2022-09-07,120.02663309052356,121.32680398984733,118.09817319166687,121.03885650634766,4141700
2022-09-08,121.85035264233963,122.66188082397014,120.98647038090189,122.61824798583984,3988300
2022-09-09,122.5135507520425,124.05806298631907,122.2517803012121,123.40361022949219,4427000
2022-09-12,123.04582104887996,124.6688641746708,122.44373578751063,124.11913299560547,4938400
2022-09-13,122.64442241042299,123.84860616492924,119.97425787821139,120.88175964355469,6195900
2022-09-14,121.44025691485311,122.54846735646993,120.65491890056225,121.7718505859375,4673600
2022-09-15,122.15577731147239,125.56764711606183,121.6322098488641,124.35472869873047,6416900
2022-09-16,125.1313462113052,126.39663203565205,123.35124079275064,125.70726776123047,13887500
2022-09-19,125.34078165734175,125.53275551619492,123.41232182608914,124.48563385009766,5042500
2022-09-20,123.75264773512706,124.33729054363515,122.48736187557874,123.70901489257812,4532900
2022-09-21,124.04058483717226,125.33204763134775,122.41754176005813,122.43499755859375,5076100
2022-09-22,122.34776651673131,126.05633211688315,122.16451388735513,124.79104614257812,6161000
2022-09-23,123.97079438665538,125.14880120588171,122.99346934355712,124.83466339111328,5751600
2022-09-26,123.9795283473454,124.60780404133385,122.26049808947074,123.22036743164062,5697800
2022-09-27,124.42455092737156,126.99872902505774,123.29016352241028,123.66539001464844,5598000
2022-09-28,125.84689604631488,126.80676536116529,124.45072491832785,126.1784896850586,5226700
2022-09-29,126.39665216912803,126.74568832565797,123.76138524823654,124.53800201416016,5509400
2022-09-30,124.08422310842633,124.18894458935169,117.00740773050042,117.11212921142578,15359000
2022-10-03,118.56939974931302,121.11740105722829,118.07200922931992,120.69855499267578,7437500
2022-10-04,121.47514885796943,124.5379825958122,120.20986302936493,123.90098571777344,6612300
2022-10-05,123.44723867081743,126.06504960470365,123.13310082615608,125.07028198242188,4777900
2022-10-06,124.59906582644254,124.77359720344205,122.07724188134573,122.41755676269531,5124800
2022-10-07,121.30062466030988,122.20813988321623,120.0266308289456,121.08247375488281,4648800
2022-10-10,121.31808741537832,121.80674334116685,119.43326028887226,120.68981170654297,3830800
2022-10-11,120.43675388308722,125.37568019239345,120.43675388308722,123.48213195800781,5675100
2022-10-12,123.59558185053403,124.8346774497558,122.10342373362161,122.14705657958984,4528000
2022-10-13,120.49867555948096,126.21067936512254,120.11964447616985,125.98149871826172,5066200
2022-10-14,125.69942938061445,127.35660759146023,125.35565169029647,125.99913024902344,5290500
2022-10-17,125.74351876394884,127.75329851545968,125.25871397373417,127.29493713378906,4016200
2022-10-18,128.017727292161,128.58187567570064,126.51920940935486,127.46240234375,3540400
2022-10-19,127.63869278602726,128.21165113904956,125.44379610454111,126.16661834716797,3333300
2022-10-20,126.19306900753026,126.9687646523306,125.5495769397919,125.99031829833984,3880100
2022-10-21,126.35174225871106,130.24789464949305,125.54958967669,129.630859375,5419400
2022-10-24,131.08530161092,133.5710758947482,131.07647817546328,133.00692749023438,5139700
2022-10-25,130.48587449956239,132.75129134706873,129.83357250195203,132.06373596191406,5229400
2022-10-26,133.11271232798572,134.7699042904005,132.8394548129833,134.4349365234375,4727900
2022-10-27,135.53675203198105,135.7395027027168,134.0382343872059,135.3075714111328,6850400
2022-10-28,128.63474860878833,131.32327321312087,125.47022932139943,130.1156463623047,10812200
2022-10-31,127.96485222363626,129.3840400226458,127.00403923154575,129.049072265625,8604800
2022-11-01,129.27824080112086,130.1949767831135,127.41831198491823,129.4986114501953,6351200
2022-11-02,129.6044005898315,130.52996011693753,127.35661700981935,127.39188385009766,5345000
2022-11-03,126.93353551598892,128.1852395993949,126.07849604099813,127.30375671386719,3850700
2022-11-04,128.12350833726873,128.32624558031983,126.12253895911024,128.06179809570312,4623700
2022-11-07,128.06180451361274,131.1646273578762,127.55054293782693,130.54759216308594,4304000
2022-11-08,131.19109855486826,133.6592533072553,130.4242127539075,130.92665100097656,4637500
2022-11-09,130.9794898394087,132.72483498549747,129.61318918679206,130.12445068359375,4573700
2022-11-10,132.80418179627506,132.80418179627506,130.23906400803094,131.9755859375,5607700
2022-11-11,131.81689026984927,132.68075282467018,128.47607743347498,132.36341857910156,6786400
2022-11-14,133.08625958144273,136.22433596639186,133.08625958144273,133.75619506835938,7077100
2022-11-15,135.21060862509637,135.23705202572796,132.18712991646223,134.90208435058594,5909500
2022-11-16,135.25470761029732,138.11952638466695,133.30662492556817,133.8707733154297,7358700
2022-11-17,133.07746757759256,134.92858695159853,132.19598472337276,134.12643432617188,5069500
2022-11-18,135.45742732325013,137.19394909301505,135.45742732325013,136.61216735839844,5691100
2022-11-21,136.98240477427913,139.8296035499065,136.12736548814885,138.48974609375,6492100
2022-11-22,139.0010062547132,140.93145548004605,138.8864092019566,140.85211181640625,5351100
2022-11-23,140.9931704497491,141.8658432594212,139.99710403708178,140.49954223632812,3221100
2022-11-25,140.6758118457475,141.6983349402764,140.36730099074225,140.70225524902344,1661900
2022-11-28,141.03722401170853,141.68070258016175,139.12440827509266,139.65328979492188,3902800
2022-11-29,139.5474946204005,140.53475073183307,138.57787192534514,139.45053100585938,3689000
2022-11-30,139.97064920441358,142.077392578125,137.91680609749994,142.077392578125,12342500
2022-12-01,141.91870642706255,143.85796556394465,141.01959035937477,142.4740447998047,5827800
2022-12-02,141.6718820429319,144.3515831813913,141.4867647820481,144.26344299316406,4304900
2022-12-05,143.58470968368022,145.61212248800007,143.58470968368022,144.51026916503906,4859400
2022-12-06,144.58960269314943,144.9069369954563,142.40352941634563,144.31634521484375,5480400
2022-12-07,144.28989814227984,145.91182300156646,143.910853605936,145.79722595214844,4637800
2022-12-08,145.79723674940934,146.52886902226453,144.80998040548852,146.31732177734375,4274400
2022-12-09,146.99604120561457,147.86871386728802,143.5141874439676,143.73455810546875,4644800
2022-12-12,143.86680126155082,145.87658079567427,143.46131329046744,145.7267303466797,4109400
2022-12-13,147.16352725624068,147.6483454088488,145.15374786939066,145.259521484375,5050400
2022-12-14,145.09206261865083,146.30849963880485,143.53183442173523,145.3212432861328,4485400
2022-12-15,144.46623251897668,145.10090128553605,142.7561535341007,143.76986694335938,5268300
2022-12-16,142.84426131856608,143.96374801251673,141.4603271484375,141.4603271484375,18905500
2022-12-19,141.72477314180617,143.0029202378764,141.0901045857624,142.3506317138672,4033400
2022-12-20,142.45638781592058,142.66794845872118,141.09891067976125,141.5484619140625,4221000
2022-12-21,142.3153855548947,143.4436823850509,141.3545725972453,142.98532104492188,3707200
2022-12-22,142.68559393955934,144.02545134951197,142.38589306309933,143.919677734375,3606000
2022-12-23,144.02549106721943,144.40453570991875,143.09112134155194,143.76986694335938,2685100
2022-12-27,144.11360816118463,144.39567562453152,142.60626686058413,143.67286682128906,2669200
2022-12-28,144.29874108162252,145.1714139526711,142.8971865662944,143.00296020507812,2944500
2022-12-29,143.64642438669938,144.45738684353915,142.9676789525776,143.2938232421875,3112500
2022-12-30,143.00290523832317,143.54943354614275,140.87854259059014,142.45639038085938,3680400
2023-01-03,142.8354327922188,143.6992954136281,141.75121297393363,143.13514709472656,4937500
2023-01-04,143.15279668496154,144.80998859918992,142.3682775564861,144.2899169921875,4440400
2023-01-05,143.7609853368296,144.99506897262603,143.099873426696,144.11358642578125,3516000
2023-01-06,145.30358719469044,148.18603903578722,144.66891865260754,146.81092834472656,5099100
2023-01-09,146.23795044620212,146.57291812110586,141.81291770581586,142.50047302246094,7833000
2023-01-10,143.0029313208659,143.17041518201847,139.53871084680438,140.7198944091797,5936200
2023-01-11,140.34967526490854,140.4554488838102,136.68270403892186,138.54263305664062,7492000
2023-01-12,137.92861890016832,138.15997814693935,135.00987243808666,135.45480346679688,7665100
2023-01-13,135.3391302824486,136.86969425706758,134.67173367415143,136.68283081054688,6019300
2023-01-17,136.86077155372777,138.01759481221563,135.7751388811086,135.9976043701172,8507000
2023-01-18,135.36583685453957,135.63279823676172,132.65176794023745,132.76744079589844,6190800
2023-01-19,132.5449638645212,133.95984141717847,131.10339153375486,132.33140563964844,7169900
2023-01-20,132.97209023739956,133.22126412326656,130.94320568756473,133.11447143554688,7059000
2023-01-23,133.35474312977644,133.86195749759847,131.74409480127832,132.18902587890625,7616400
2023-01-24,131.7707975494658,132.47378272021973,130.3114240697088,131.4237518310547,5171400
2023-01-25,131.14786222218967,131.68177126026671,130.36477933915057,131.5126953125,5744300
2023-01-26,131.62841206725113,132.32250348155728,130.90762587379626,131.16567993164062,4577800
2023-01-27,131.0855938121327,131.4148384693042,129.92877027794265,130.16903686523438,4591500
2023-01-30,129.80418445098505,130.9165121125674,129.26136800900412,129.60841369628906,4573400
2023-01-31,129.59062374239494,131.56611871770104,128.50499087927292,131.4771270751953,5628700
2023-02-01,130.48049116491325,131.2012773326022,129.2524770550913,130.45379638671875,5439900
2023-02-02,129.8575807901423,129.8575807901423,127.64183266257673,128.88763427734375,6160800
2023-02-03,129.84867910850446,130.63176212026505,128.76304623427944,129.20797729492188,6553000
2023-02-06,129.68847691649987,130.21349217355592,128.86089829698113,129.0477752685547,4297000
2023-02-07,128.6562813801616,129.43936447868955,127.83760976725505,129.15460205078125,5401900
2023-02-08,129.39487593002968,130.23134863628394,128.55840322377543,128.6829833984375,5753800
2023-02-09,132.14449432197566,136.77177356238832,131.6105717419139,132.3224639892578,12216900
2023-02-10,133.20345284447853,136.30906271841937,132.38478138536033,135.30352783203125,8956700
2023-02-13,135.27685098243975,136.84300351460547,134.60054704269388,136.7985076904297,5602600
2023-02-14,136.96759125783177,137.03878186481026,135.04548560407204,135.78407287597656,4662800
2023-02-15,135.8107442972755,136.584933528621,134.21789717203376,134.4225616455078,5648100
2023-02-16,132.68735568973787,133.92426362795698,132.34920370232464,133.06109619140625,3757500
2023-02-17,132.72294439895032,134.71624065566283,132.24242477559082,134.64505004882812,4562400
2023-02-21,133.3191705085705,136.1667270291517,133.3191705085705,135.25906372070312,8466100
2023-02-22,134.36917185800039,135.39250780179086,133.69288157654228,134.0755157470703,6041700
2023-02-23,134.2801993838548,136.65614338607716,132.7407415931108,135.32135009765625,5993300
2023-02-24,134.63612988307136,136.13109159845027,134.28908422927145,135.89083862304688,5621100
2023-02-27,136.38023982610787,137.70613904171086,136.2378722311955,137.28790283203125,6828800
2023-02-28,137.00315593193045,137.36798902299913,135.81073056349243,136.9497528076172,7561700
2023-03-01,135.93530683011437,138.44472405101965,135.5882612121398,138.1688690185547,5485800
2023-03-02,138.13331262828902,138.61384584487536,137.22566291379533,137.37693786621094,4567800
2023-03-03,137.3324294644842,138.96977258824631,137.0476670543243,138.87188720703125,4851200
2023-03-06,138.63162022455518,139.22783982184617,137.5192925222077,138.17779541015625,4051900
2023-03-07,138.43585794264982,138.52483600862936,135.3035394462936,136.08660888671875,4606900
2023-03-08,135.96201582627242,136.80739563125508,132.18010213654844,133.1233673095703,5860100
2023-03-09,133.54164237150502,134.28912344749122,130.427124310008,131.1212158203125,5350200
2023-03-10,131.55723132407698,134.04884833106289,131.22798663775157,133.22128295898438,6825500
2023-03-13,132.5894332255996,136.43364344471777,132.5894332255996,135.2145233154297,7653800
2023-03-14,135.21452749913814,137.02985357374,134.77850381140635,136.9052734375,6644100
2023-03-15,135.41921786926068,137.3769254965289,135.01878261030822,137.0921630859375,6304600
2023-03-16,136.32687131268938,138.74729731642114,135.71286428978578,138.19558715820312,6331200
2023-03-17,138.62272563815284,138.88079326731224,135.15226865946994,137.2345428466797,42756400
2023-03-20,137.5014761793083,139.1210179131407,137.4480866333227,138.9252471923828,4408200
2023-03-21,139.38800620278005,139.75285294192682,138.01762447042475,139.50369262695312,4675700
2023-03-22,138.5337352499622,139.60158070992318,136.69172763014575,136.7451171875,4376900
2023-03-23,137.1277553514316,139.26341896497465,137.05656475388443,138.19558715820312,4584000
2023-03-24,138.1777855357768,141.02534153465217,137.56377851544374,140.6160125732422,4678700
2023-03-27,141.33681842056384,141.61267353700705,140.0465209136604,140.1888885498047,3887800
2023-03-28,140.42024347764007,141.13213588029004,140.10878630828753,140.8206787109375,3532500
2023-03-29,141.47029729070482,142.11099919962365,139.1388625310516,140.59823608398438,3959900
2023-03-30,140.60712291434623,141.0698550654491,140.08210746921748,140.52703857421875,3635800
2023-03-31,140.98081887410873,141.99527450811297,140.35791823953937,141.81729125976562,4957300
2023-04-03,140.8206642595535,142.79615902452306,140.41132175711664,142.7516632080078,4389400
2023-04-04,142.83177025680348,143.91740317707044,141.95970914286116,142.1821746826172,4224400
2023-04-05,142.37796646084067,143.86403485638917,141.49699790520467,143.08985900878906,5743000
2023-04-06,143.0898208673399,144.32672857813446,142.9296386370941,143.75721740722656,5498300
2023-04-10,143.89963086157024,144.21107450308958,142.5648374824921,143.51698303222656,3309500
2023-04-11,143.70384241014207,144.682682620844,143.43688105150744,143.60595703125,2875800
2023-04-12,144.26444029134515,145.47465329873165,143.80172177250486,144.47801208496094,4005000
2023-04-13,144.585735935259,146.25610585505845,144.18161705370485,146.1034393310547,3868500
2023-04-14,146.05856926355122,146.38186718705884,144.52290070110774,145.11561584472656,3473100
2023-04-17,145.41199728169627,145.66344974090092,144.27147196114785,144.7474365234375,4354100
2023-04-18,144.5857857765021,144.79233306216344,142.25984381580534,143.3195343017578,4996200
2023-04-19,142.49331799633828,144.98091555228407,142.3586162364851,144.7743682861328,4826900
2023-04-20,144.74741713916856,145.27727604587128,144.20859638580114,145.25033569335938,3808100
2023-04-21,146.01366237193744,146.55249680574704,145.5017819926343,145.85202026367188,4812100
2023-04-24,145.99572803653223,147.6032285668624,145.78019149763443,147.35177612304688,4728900
2023-04-25,148.00732897116671,149.2556154827922,147.7199606585777,148.08815002441406,5506200
2023-04-26,146.09448764599017,146.61535729288366,144.13674897264877,145.30421447753906,5192000
2023-04-27,138.18268527415782,138.18268527415782,132.15678895354515,133.69244384765625,17063000
2023-04-28,132.8842266702726,135.9555506423269,132.40826210081906,135.71307373046875,7123800
2023-05-01,135.46159368923273,138.93704970786936,135.44364259062488,138.03900146484375,5601000
2023-05-02,137.89531920200372,139.2154512992194,135.78490021580734,136.16207885742188,5135600
2023-05-03,135.66816112281165,136.06329085796267,133.31526529572287,134.03370666503906,6815300
2023-05-04,133.80920932529872,133.80920932529872,131.42938658700717,132.33641052246094,5694300
2023-05-05,133.3960795031307,134.1504504388987,132.13881744873177,132.93807983398438,4447700
2023-05-08,133.04583681685796,133.09074196797908,131.77959925526284,132.41720581054688,3689500
2023-05-09,132.3813434495872,133.32429719197012,131.35756862437728,131.8604736328125,4201600
2023-05-10,131.58204358955518,131.9951381427082,130.35170807390318,131.4922332763672,4127300
2023-05-11,132.27352853247328,132.5249946642172,130.38763531786597,131.6448974609375,4300400
2023-05-12,131.82452915045366,132.55195992326648,131.17794685761814,132.1478271484375,3526500
2023-05-15,132.61479127264823,133.71938684857034,130.80971911656778,131.6448974609375,4391800
2023-05-16,130.98932616797293,131.95921998065668,128.62745474348014,128.68133544921875,4685400
2023-05-17,128.4388566846756,128.88788078217178,126.19373619719485,128.73521423339844,5482000
2023-05-18,128.07067353581394,128.92381671299384,127.50489870005678,128.81605529785156,4791200
2023-05-19,129.19323546712408,130.93545144902336,129.13935475892188,130.3157958984375,5610300
2023-05-22,130.63907607135076,131.70775564901916,129.12137238226728,130.12718200683594,3867300
2023-05-23,129.72307188654182,130.0553590697584,127.82818945912744,127.9898452758789,5121900
2023-05-24,128.05270561775524,128.36702800844873,126.57093138306819,126.75951385498047,4143500
2023-05-25,125.75370873136995,125.90637530573812,124.16415932286677,124.48745727539062,6986600
2023-05-26,124.57726178195081,125.59206075010427,123.1224279149999,123.5355224609375,7590300
2023-05-30,121.67658089402597,122.8889379946599,121.46104434800775,122.52972412109375,7671500
2023-05-31,122.69136489216449,124.56829641464866,121.92803199352184,123.89476013183594,12579100
2023-06-01,121.47002759013924,121.47002759013924,117.73415647785379,119.83558654785156,11895600
2023-06-02,120.07807071496278,123.005703885754,119.88947450097615,122.9158935546875,6661600
2023-06-05,123.03263999459486,124.20908129401285,122.3950195535659,122.90691375732422,4276200
2023-06-06,123.45469921546338,123.51755546997973,120.90424536695856,121.62267303466797,4359900
2023-06-07,121.14671248736393,123.0865001409202,120.57196211258389,122.5835952758789,4645200
2023-06-08,123.03261810068871,123.83188054606435,122.13456979338441,123.60736846923828,4714200
2023-06-09,123.53551488590382,124.99933791613475,123.10445556344844,124.09230041503906,4359500
2023-06-12,125.34956599280574,125.43038703985792,122.95177900836381,123.68817138671875,4888500
2023-06-13,123.49059651813054,124.35272877391341,123.2122037833537,124.20903778076172,4229100
2023-06-14,124.65809192498538,125.07120020415786,122.20642371416557,122.34112548828125,6128300
2023-06-15,122.80809626197284,122.8889173144547,121.64962006701343,122.03577423095703,6614900
2023-06-16,122.76318591486529,124.75685401049512,122.57460346705405,124.50540161132812,14616000
2023-06-20,123.12244699365968,124.78382839102171,122.72730348631207,123.76904296875,4868800
2023-06-21,122.8081278778164,123.4187942579504,120.94916097338735,122.90691375732422,5828400
2023-06-22,123.16732416244007,123.84086041641578,122.03578818888772,123.40082550048828,4826900
2023-06-23,123.30204768445148,124.55033440851791,121.83822441191542,122.06273651123047,7395600
2023-06-26,122.26926743545431,122.26926743545431,120.06007634772966,121.19161224365234,6468100
2023-06-27,121.12877177639584,121.12877177639584,119.00937701827883,119.08122253417969,7839900
2023-06-28,119.08120096614203,119.59308133241858,117.60840241475572,119.0003662109375,6911900
2023-06-29,118.87465056054477,120.25765263345238,118.6591277358743,119.64697265625,4947600
2023-06-30,119.8625055383781,122.07169664283528,119.26081483259085,120.9940414428711,8711300
2023-07-03,120.33849750480758,121.62270026634785,119.57515080803903,121.24552154541016,2674600
2023-07-05,121.39818370809614,123.822925501872,120.91324357122015,123.58942413330078,6903300
2023-07-06,123.46368076323103,124.18212216897258,122.52971652795803,123.25713348388672,6091000
2023-07-07,123.16733656043867,123.6163607749545,121.55086035068693,121.68556213378906,6873200
2023-07-10,121.60472913544156,122.21539542977828,120.39235839392043,120.77852630615234,5153300
2023-07-11,120.33846315402765,121.9190231100886,120.05108114212827,121.74840545654297,5144800
2023-07-12,121.97293027371977,122.67340687208761,121.04792789061352,121.21855926513672,4944100
2023-07-13,120.7009992046632,121.7633763775474,120.49216210501424,121.30028533935547,4631800
2023-07-14,122.33541339985106,124.05154094375514,121.78153023197484,123.4976577758789,5544100
2023-07-17,123.32514533134406,123.6974165483743,122.18105109570116,122.42621612548828,4033000
2023-07-18,122.39896667489033,125.21377132997972,122.31724962360727,124.01521301269531,5392800
2023-07-19,124.61449737149864,125.35905358683067,124.35116840317767,125.01400756835938,4784200
2023-07-20,126.06731097772239,129.5903720196299,125.80399583260105,129.109130859375,7009800
2023-07-21,129.1182061737576,130.91605077332255,128.88213004817297,130.51654052734375,5654300
2023-07-24,129.9353827340158,131.14301590611663,129.69929281808228,130.0080108642578,4468700
2023-07-25,129.29980027284833,129.7810414192332,128.31916787062497,128.60064697265625,4778200
2023-07-26,128.419016373039,129.19082541905084,127.59274315153668,128.8457794189453,5006800
2023-07-27,131.18844525977036,137.44459375435713,131.18844525977036,135.15643310546875,13664400
2023-07-28,136.12799149465997,137.79871594032278,134.893105196769,136.97244262695312,8000300
2023-07-31,136.59107018775083,136.6546371345141,134.03958050855815,135.81927490234375,9109200
2023-08-01,136.20063120479003,136.99059043216351,134.23933879023033,134.87493896484375,4409600
2023-08-02,134.48451077037853,136.71820733403348,134.48451077037853,135.63768005371094,5756400
2023-08-03,135.25632615138736,135.61952232809924,134.5480700532209,135.33804321289062,4674300
2023-08-04,135.26539560125417,136.7182079579905,133.62191010891155,134.13946533203125,4231200
2023-08-07,134.38462318465022,136.99967974510096,134.20302511351775,136.50027465820312,3800600
2023-08-08,136.90890982481156,137.78967524947234,135.22002099407572,135.85562133789062,4013400
2023-08-09,136.64557069801816,138.07113022982207,136.11892654679602,136.89981079101562,3737100
2023-08-10,137.2902222135048,138.7793484382356,136.71818903083226,137.50814819335938,3275800
2023-08-11,137.97121665275506,139.3786257423344,137.76237959457265,138.1800537109375,3454800
2023-08-14,138.9428288206131,139.05178490845248,137.62622529071578,138.26182556152344,2570900
2023-08-15,137.62623427180108,138.8338679376189,136.91797808948607,138.12562561035156,3636300
2023-08-16,138.55233508643198,139.46942804695325,137.4536579414082,137.60801696777344,3214900
2023-08-17,137.2539046492017,137.93490773198147,136.12797456452356,136.21878051757812,5285700
2023-08-18,136.4639386117584,137.04506071783416,135.50145642248083,136.32774353027344,4050900
2023-08-21,135.93730240775034,136.5184244882382,135.18365732828207,136.3459014892578,3944800
2023-08-22,136.20060592542072,136.20060592542072,134.35735883363338,134.60252380371094,3209300
2023-08-23,134.992963256601,135.29260626193388,132.51411602799226,133.5492401123047,5414800
2023-08-24,133.40400120787393,134.22121345898717,132.88644591837806,133.14068603515625,3986300
2023-08-25,133.494757129953,134.084954210796,132.75018717069426,133.1951141357422,3275100
2023-08-28,133.55831685000862,134.44817082435932,133.26776274892637,133.86703491210938,2806900
2023-08-29,134.37553907439437,135.21090122934203,133.02260790380274,134.0123291015625,3419100
2023-08-30,134.4935437614014,135.11099366635096,133.3857778082917,134.67515563964844,3486400
2023-08-31,134.73873160723534,135.0292995777698,133.35856145728349,133.44029235839844,4110700
2023-09-01,133.80348774974024,135.19273294568785,133.80348774974024,134.5662078857422,3357800
2023-09-05,134.83864395220374,135.25633204315838,132.44151305836644,132.65943908691406,3911100
2023-09-06,132.65940453582368,132.67755464219047,130.51651430588353,132.2144775390625,5304300
2023-09-07,132.70480655590328,135.2926240341446,132.4505664916252,135.21090698242188,5142100
2023-09-08,135.29262705204442,135.98270526261462,134.5662209143131,135.310791015625,4339800
2023-09-11,135.16551485803745,135.6649199726386,134.76599076635654,135.32894897460938,2911600
2023-09-12,135.7466483974183,135.8374543731476,134.0395958100432,135.53781127929688,2424800
2023-09-13,135.67398917485338,138.37983787672596,135.3380320463619,137.25392150878906,5953700
2023-09-14,138.02573160678983,140.459190387452,137.83505845853819,139.5057830810547,6336900
2023-09-15,138.72491184266934,140.4682786371003,137.95310255664967,138.12562561035156,8868300
2023-09-18,138.99725321713,139.80537621847793,138.1074131814421,139.77813720703125,2967600
2023-09-19,139.732764004451,140.41376714577916,137.65344050914857,139.36956787109375,3509700
2023-09-20,139.88711471442915,140.63168475498125,139.2605896449508,139.478515625,2744800
2023-09-21,139.54206450329616,140.60444150084766,138.61591028985387,139.3150634765625,3660300
2023-09-22,139.74184246969924,139.74184246969924,138.48880608049825,138.68856811523438,3049200
2023-09-25,138.41616993108298,140.50458247474248,137.7079277252834,140.4228515625,3740000
2023-09-26,140.19584398021183,140.3774559055976,139.22428668361235,139.7509307861328,3936300
2023-09-27,139.68735401562898,139.83263800370045,137.6625086564162,139.0426788330078,3621300
2023-09-28,139.50574694906953,139.67826994188277,137.44457379842333,138.24362182617188,3697400
2023-09-29,138.43431399045699,138.49786707412383,135.13825460698033,135.3470916748047,5581600
2023-10-02,134.81138006755754,135.16550113923353,133.22237277195222,134.6116180419922,3827800
2023-10-03,134.23024485726557,134.37552883532808,131.97839861746795,133.86703491210938,4580900
2023-10-04,133.0861890913568,134.45727051607932,132.85009911998208,134.1031494140625,3159600
2023-10-05,134.32104623916118,135.77385841014728,133.5583260841631,133.8852081298828,3599500
2023-10-06,133.01351673458103,135.59224488155888,132.67754581853634,134.60252380371094,5370100
2023-10-09,134.6297816563487,135.973623943456,133.62189647725722,135.3925018310547,2903300
2023-10-10,135.64675113767498,135.80111019391035,134.42093988721578,135.1927490234375,3729000
2023-10-11,135.41067574678377,136.56383114745202,135.0837936685912,135.60134887695312,3189800
2023-10-12,135.84896345407506,136.2799981975437,134.82180998334783,136.00486755371094,4554400
2023-10-13,136.60096709753003,137.252109130072,135.12444715857322,135.69305419921875,4304700
2023-10-16,135.9314864164733,137.10536399877083,134.73926306121734,135.0235595703125,3704400
2023-10-17,135.1152764581592,137.25210424366333,134.95019248651832,136.8118896484375,5372400
2023-10-18,136.89444433935626,137.20625252868274,136.04154077005097,136.9036102294922,4910500
2023-10-19,136.23414294367225,136.23414294367225,131.4469172428445,133.45535278320312,6147100
2023-10-20,133.2352404713938,135.28035349111656,133.2352404713938,134.10647583007812,4223800
2023-10-23,134.04230033082717,134.28073944478774,132.2447921069085,132.73085021972656,3903300
2023-10-24,133.11603939857278,134.7851553259849,133.07019594491737,134.17987060546875,3362900
2023-10-25,133.99642286623805,134.7209199847648,132.8133793706444,133.21688842773438,5461500
2023-10-26,132.8500722792118,133.84970013826688,132.27229929933293,133.16188049316406,5569400
2023-10-27,127.26495793209637,131.14425613591604,124.75211889566752,127.41168212890625,9427200
2023-10-30,129.00747291533642,133.62962955367792,129.00747291533642,130.12632751464844,9258500
2023-10-31,130.30970116592434,130.4289276974609,128.09950435325462,129.4751434326172,10394000
2023-11-01,130.09879119014363,131.79541854617233,129.99791041772474,130.65821838378906,4207800
2023-11-02,129.59440768115522,131.85046258514808,128.86073049322178,131.3827362060547,4066800
2023-11-03,132.0154949391412,132.0154949391412,129.20919344018694,129.69525146484375,5414500
2023-11-06,130.12629602291975,130.5664966459387,129.2917382216162,129.49349975585938,4377000
2023-11-07,129.78696259994177,130.3922331456748,128.91572733517887,130.3739013671875,5024400
2023-11-08,131.54780401719367,131.96049301153386,130.1538189311946,130.25469970703125,5299100
2023-11-09,129.31006708716401,129.86032828927972,124.58704541161168,126.59546661376953,14970300
2023-11-10,127.15489972788174,127.80604171477074,125.09144111279277,127.0998764038086,4586400
2023-11-13,127.09990213859872,127.622651810587,126.0360710120356,127.14575958251953,4454700
2023-11-14,127.41168147474758,128.48469224300956,126.52211443429732,126.61381530761719,4509200
2023-11-15,126.78806786312866,126.78806786312866,124.99973986742071,126.19196319580078,6473200
2023-11-16,126.81556701660156,127.31080487039543,125.68754700652894,126.81556701660156,5257000
2023-11-17,126.8889542956091,127.36584644703109,125.99020731286087,126.83393096923828,4332300
2023-11-20,126.12778541775067,127.19161654024727,125.77011974649905,126.8431167602539,4490000
2023-11-21,127.22827911376953,127.80605205071193,126.40290119847364,127.22827911376953,4690800
2023-11-22,127.53090370132007,128.24623486021602,126.8614299743992,126.98982238769531,3428500
2023-11-24,128.39299101429302,128.4663601169768,126.98067427037499,127.17325592041016,1636500
2023-11-27,127.20074507831008,127.82437534391697,126.36618742588635,127.55841064453125,5529400
2023-11-28,127.5217527391542,128.08117988979606,126.48543342885246,126.63217163085938,5347200
2023-11-29,126.57714862973407,127.55843062151816,126.23781478750296,127.01734924316406,3996500
2023-11-30,126.56798284888661,130.86915067869722,126.56798284888661,130.58485412597656,9297400
2023-12-01,130.72242902881752,132.1531058522337,130.48398988844573,131.5203094482422,4903400
2023-12-04,131.52028907946394,133.42784388819732,131.39189664011295,132.1989288330078,4845300
2023-12-05,132.1622528305717,133.0518340257252,130.83247098014144,132.58412170410156,3961700
2023-12-06,132.785875972319,134.87686067647687,132.73085263684354,134.2440643310547,4978800
2023-12-07,135.3995824237469,136.07823614346992,133.16187371983793,135.7022247314453,7225100
2023-12-08,135.7939357928522,137.62812136826741,135.7297325807245,136.9036102294922,5695200
2023-12-11,138.17839166435337,140.04926909944012,138.1508799956369,138.70114135742188,6343500
2023-12-12,139.15048972308182,140.85628292879977,137.71982716223306,140.53530883789062,5882200
2023-12-13,140.2968768669064,141.93848109903675,140.06760362729148,141.5074462890625,8104500
2023-12-14,141.56246019213523,142.29613730874738,140.09510595891095,142.0393524169922,7869600
2023-12-15,141.9109581484635,142.96560936936055,140.41609226701686,141.26898193359375,15203000
2023-12-18,140.3152011137663,141.55328201520163,139.168835091595,140.70037841796875,5379600
2023-12-19,140.856298630413,141.67251077181714,139.81081325834782,140.865478515625,5476700
2023-12-20,141.22314713107602,141.42490869774957,138.97625822891368,139.11383056640625,4716400
2023-12-21,139.4439545422109,140.23265486190317,138.74695510069574,139.93917846679688,4036100
2023-12-22,140.5811790313149,142.57128314473377,140.39776323108018,142.09439086914062,3373400
2023-12-26,141.4615834166899,142.40618800817512,141.35153674388852,141.8009033203125,2073400
2023-12-27,141.2781636329582,142.1218874192577,140.97552129759092,142.0393524169922,3747400
2023-12-28,142.37868197784672,142.72718178048754,141.72753981929063,141.92013549804688,2601200
2023-12-29,141.72751476857943,142.34197925738363,141.60830222063765,142.1218719482422,3712000
2024-01-02,142.0576695386855,146.86324086250525,141.93845699006965,146.5697784423828,8059900
2024-01-03,147.27592030458143,148.33975124542278,146.58810074702924,147.15670776367188,5301400
2024-01-04,147.0191719672058,148.83501213185306,146.2121256745945,148.07383728027344,8332200
2024-01-05,147.9546056880721,149.51366088731206,147.29429765178003,148.69744873046875,5607600
2024-01-08,148.734114817953,149.2752102460427,146.53309752924403,148.04629516601562,6001600
2024-01-09,148.0462863645782,149.9171635431101,147.50520496238278,148.85333251953125,4454000
2024-01-10,148.81667291782367,151.39370179911333,148.45900723667896,151.21945190429688,6609900
2024-01-11,150.63252714448967,151.4303935865312,149.56869589261512,150.2014923095703,4591500
2024-01-12,150.6829111233758,151.19213423222743,150.15516695763122,150.35885620117188,4971400
2024-01-16,149.9699923297862,150.26627271763908,149.08117942108052,149.50706481933594,4747700
2024-01-17,149.7570667010815,150.8680900273195,149.544123977681,150.0255584716797,4423100
2024-01-18,149.21080934896676,151.52544706859916,149.06266914432769,151.192138671875,5074300
2024-01-19,151.75689524469314,152.6457081263304,150.5440274646391,152.55313110351562,5863000
2024-01-22,152.24760727262236,153.1827157908739,151.6180184899196,153.12716674804688,4864000
2024-01-23,152.25684331946158,155.10847825358775,151.89576045496582,155.08070373535156,5784700
2024-01-24,155.330687402058,155.49733451026833,151.8957593549957,152.0438995361328,5422200
2024-01-25,151.84020824323875,152.96049892256383,151.0995214751038,152.8864288330078,4465800
2024-01-26,153.01609016431453,153.56234133210936,151.37732253350111,152.21058654785156,4654300
2024-01-29,153.55305793934195,154.39557525545203,151.5439401501628,151.75689697265625,4704100
2024-01-30,152.04393607142453,152.74758090976977,151.15510889844703,152.69203186035156,3819600
2024-01-31,153.46049669680616,153.56234133210936,151.79395454067634,152.21058654785156,4993900
2024-02-01,151.56247159676283,155.2473708066333,150.60884200823426,155.16404724121094,5584400
2024-02-02,156.85836224080873,160.034052436208,152.97902728715954,156.16397094726562,7870400
2024-02-05,157.2472229105598,160.2932940257036,155.96028491843487,158.5619354248047,6486700
2024-02-06,158.92301973405833,161.06175684805,157.18242178041854,160.44142150878906,7037400
2024-02-07,161.10804987750458,162.54312818826835,160.4692216898078,162.03390502929688,6409100
2024-02-08,161.4228358347581,162.86716747220004,161.3765402561371,161.8302001953125,5709100
2024-02-09,162.08946850915515,162.39498827768202,160.21923714335043,161.17286682128906,3502700
2024-02-12,160.6729013876341,161.8024458350839,159.46003336474018,160.23776245117188,3477100
2024-02-13,161.52468439068045,162.20980811221992,159.219300142507,160.44142150878906,5480400
2024-02-14,160.22846177477163,161.89500357670016,159.87663235896838,161.4876251220703,4348500
2024-02-15,161.11727952687482,163.63560607686918,160.92284377472026,163.49671936035156,5276200
2024-02-16,163.77448320444017,165.6539676418427,163.01528948398754,164.3300018310547,6689900
2024-02-20,162.7930947573217,165.43177316721483,162.50608195287904,162.71902465820312,5484100
2024-02-21,163.21897874338717,163.53378019375023,160.63584939852194,162.1542510986328,3818500
2024-02-22,161.82094659988508,164.19113329812475,160.30254486336108,163.64488220214844,4852300
2024-02-23,164.11708233690422,165.64475184375513,163.8856185444203,164.8855438232422,3941800
2024-02-26,165.57991380354116,166.45947327583264,164.80219895187878,165.55213928222656,4327400
2024-02-27,165.5150913009269,166.21873596826964,163.8578030497579,165.71878051757812,3888500
2024-02-28,166.51503782558484,166.55206581183546,163.774500637947,164.8022003173828,4331300
2024-02-29,164.68182919907525,164.820715929638,162.38571268685547,162.9967803955078,7485700
2024-03-01,162.99676860363218,165.90395261418627,162.71900929002751,165.64471435546875,4028700
2024-03-04,165.12625231900884,166.63538643015454,163.20972560174732,163.92263793945312,4723600
2024-03-05,164.60777433280865,166.27431636178136,164.60777433280865,165.87620544433594,5309800
2024-03-06,165.17253709066264,168.65376115860911,164.894791874541,167.63531494140625,6047100
2024-03-07,168.6815365684521,168.89447927774233,166.22801216951726,167.18165588378906,6125200
2024-03-08,166.41318274799667,168.63522909652045,165.43176458118208,165.58917236328125,6195600
2024-03-11,165.18179608715846,167.82047439499303,165.02440243040422,166.31134033203125,5134800
2024-03-12,166.39468346745414,169.32964250557652,166.36690894401985,167.50570678710938,5391100
2024-03-13,168.968533307656,168.97778677155299,166.11689828311788,166.52427673339844,5987900
2024-03-14,166.80204011222295,168.5426379047555,165.41325761287538,167.76492309570312,6999400
2024-03-15,166.50576906371836,167.19090688767136,164.37629961987838,164.69110107421875,20957800
2024-03-18,165.7373090929168,166.5428126012238,164.40408967445495,165.25587463378906,8569000
2024-03-19,164.9781184930184,166.58909728605033,164.9781184930184,166.33912658691406,7625600
2024-03-20,165.93175499581318,165.9410084610978,162.70051555556458,163.2004852294922,7326600
2024-03-21,163.70042170012292,164.5614742038037,162.8393833238684,164.33926391601562,5743600
2024-03-22,164.08928203387893,165.7187959185263,163.67265009834577,165.2188262939453,4084400
2024-03-25,165.72804543739727,165.91321361240074,164.92255610604775,165.2928924560547,4366400
2024-03-26,165.94100442809614,166.44097408987258,165.1540360751926,165.9039764404297,4392400
2024-03-27,166.46874319831934,167.19090901746227,165.55214159982543,166.97796630859375,5073500
2024-03-28,167.5797593887636,168.7833737457704,166.93166369727578,168.59820556640625,5418700
2024-04-01,168.39452650053295,168.41303343038848,165.95026965400393,167.35755920410156,3502100
2024-04-02,166.08915585754488,167.60755774817622,165.27439879954758,167.2927703857422,4523800
2024-04-03,167.3205485053651,168.1353055808687,163.5060297017416,164.18190002441406,5893000
2024-04-04,164.47816839992532,164.52446398478375,155.03444831339792,155.45108032226562,10539000
2024-04-05,155.54366024241727,158.35825359264032,154.88629689080065,157.39537048339844,7030100
2024-04-08,156.66393873214236,159.21929357620405,155.91398427697058,157.21018981933594,4745000
2024-04-09,157.1453746742132,157.90458260117742,154.98813069878497,157.5249786376953,5933200
2024-04-10,156.08987499949532,157.3583058256376,154.9510774223443,156.49725341796875,3231700
2024-04-11,156.65467287925668,156.81206654371604,154.83073728606993,155.0992431640625,3307000
2024-04-12,153.6788069888989,153.6788069888989,149.52027713301004,151.65093994140625,7029400
2024-04-15,153.74422236687712,153.91242582694932,150.9220232642974,151.0808868408203,5433700
2024-04-16,151.55746921988688,153.01530375700997,151.46402761144992,151.89389038085938,4881300
2024-04-17,153.39842646380765,153.9497932252535,152.53868673360216,153.49188232421875,4792200
2024-04-18,154.15539912445172,156.47295923384752,153.66010012919634,153.8750457763672,4480100
2024-04-19,154.21146504021038,155.68797934650541,152.5573931403396,155.5104217529297,5532400
2024-04-22,156.69721153705308,158.48211290245806,155.9869954993238,156.89346313476562,5580700
2024-04-23,157.54762062291982,159.21103232279242,157.2018595954496,158.43539428710938,4084100
2024-04-24,157.48221424363595,158.03356676755607,155.8188025298466,156.8093719482422,4074700
2024-04-25,156.67852366169174,158.2017513981682,154.72541896452745,156.33274841308594,5503700
2024-04-26,156.1458742028726,156.491649502934,147.32417651900968,149.16514587402344,10721700
2024-04-29,149.13710881987942,150.9687382533109,148.17457330037786,150.94070434570312,6219000
2024-04-30,150.70707261354647,152.37048427211073,149.23055841763932,151.98733520507812,5484800
2024-05-01,151.47337030334853,152.96857865970028,150.58559658023628,151.1276092529297,5176400
2024-05-02,151.54811383361752,151.8004332433757,147.76337972469264,150.27719116210938,5904300
2024-05-03,150.60429720597918,153.49190403312198,150.21180820359353,153.06202697753906,5849900
2024-05-06,153.64144258873696,153.84703412311575,150.4547880652318,152.07147216796875,5834600
2024-05-07,152.66017272856234,153.24891326400956,151.28645431876015,151.90322875976562,5301700
2024-05-08,151.52009064380573,152.23030673482617,149.39876799412113,149.94078063964844,5906700
2024-05-09,150.27719202663107,150.7537969432897,149.53894207599183,149.89404296875,3570000
2024-05-10,150.1837565816684,150.8659387487414,149.84733543938972,150.22113037109375,3509500
2024-05-13,150.71641540527344,151.92193044250294,150.26785863436515,150.71641540527344,3505900
2024-05-14,151.06220185658327,151.62290860911492,149.25862032748472,151.00613403320312,4025000
2024-05-15,151.67896845589001,153.65076761079968,151.26778542690573,153.06202697753906,5261300
2024-05-16,152.7443127689484,154.1273714078269,151.55749151821382,153.5853729248047,4642000
2024-05-17,154.55720942575536,155.58516682546568,153.71616374189193,155.51974487304688,5152200
2024-05-20,155.1366255959536,155.51977472387563,153.6414313977207,153.78160095214844,3058700
2024-05-21,154.53853285864002,154.85627425585398,151.85651769375283,152.2583465576172,3645200
2024-05-22,150.98746787798842,151.3332289929165,148.7539948099657,149.1558380126953,6904900
2024-05-23,148.61376567166337,149.55760701053487,147.42694482780828,147.89419555664062,5672900
2024-05-24,147.98766676254778,148.3801557043715,146.11866365327558,146.77281188964844,3691700
2024-05-28,146.10933735128404,146.10933735128404,143.86652485608113,145.1654815673828,5533500
2024-05-29,144.74497565424457,146.13738839672362,143.6142222613184,144.65151977539062,4254500
2024-05-30,144.52065399020884,146.1840655507547,143.5207447812648,146.07192993164062,4311100
2024-05-31,146.38965852530748,151.0528262791882,145.96913568995944,150.6790313720703,15664400
2024-06-03,149.52024211360944,152.50130422224737,148.42687705427704,149.6977996826172,4467800
2024-06-04,149.69783554850073,152.14622553672157,149.30534653004003,151.52011108398438,4215500
2024-06-05,152.23030088501923,155.10856744754477,151.53877884541458,154.60394287109375,5100500
2024-06-06,154.65066422395842,157.81862385853344,153.5853330439959,157.5289306640625,5186700
2024-06-07,157.93076849015893,159.18299719676878,156.8000152937134,158.32325744628906,3781700
2024-06-10,157.9307721317555,159.56614994968788,156.7065773038299,159.29515075683594,4247500
2024-06-11,159.09889374232228,159.46334878756895,156.45425256399895,156.71591186523438,3790200
2024-06-12,156.88413056757815,157.5008907762276,154.22079534802984,155.21136474609375,4725600
2024-06-13,155.12725515121556,155.9683008308208,154.19275361416004,155.65057373046875,3690800
2024-06-14,155.56648383457204,158.1550572815211,155.12726693803458,157.54762268066406,4377600
2024-06-17,157.37006224858794,159.23906543091968,156.398186867895,158.56622314453125,4076000
2024-06-18,159.27646016235187,161.67812193754278,158.74378738854463,160.13619995117188,4250900
2024-06-20,159.96798594886815,161.49122820466263,158.88397486963737,160.85577392578125,5847500
2024-06-21,161.38841740270814,161.60334877000886,158.48211696556038,159.22972106933594,12228100
2024-06-24,159.9212636188716,162.05192612942506,159.5194205153801,161.42581176757812,6249900
2024-06-25,160.82774508309225,162.05194000430723,159.44467232778865,159.566162109375,4844600
2024-06-26,159.13625428645233,161.06133935583483,159.00542464672353,159.93992614746094,5576100
2024-06-27,160.07075932808024,160.32307873148198,156.7626302164104,157.92141723632812,5382000
2024-06-28,158.8559042511765,160.56604359031073,157.9774706197716,160.2856903076172,24463400
2024-07-01,160.05211970613925,162.49116985911607,158.43542140188606,159.2110595703125,5194500
2024-07-02,157.58499154622663,157.58499154622663,154.6132693794957,155.08987426757812,5965500
2024-07-03,155.21137813614968,156.1552339439053,152.80971627168185,153.10874938964844,3527600
2024-07-05,153.93110695545616,156.35146271278705,152.91250361873028,156.29539489746094,5978300
2024-07-08,155.63189998127777,156.7346193535227,154.77216016631178,155.61322021484375,3500200
2024-07-09,156.0804637447855,157.4915560501992,154.06193683394613,157.04299926757812,4224600
2024-07-10,156.48229729760246,157.41679894077637,155.2300685179966,157.12710571289062,3887800
2024-07-11,156.5477003600579,159.19234140212592,156.38883681101854,158.78115844726562,3689500
2024-07-12,159.45400385328472,160.3885054021934,158.77180745584073,159.12692260742188,4133500
2024-07-15,159.2966714446622,160.67356904746396,157.8914680206536,158.4667510986328,2395100
2024-07-16,159.004332109901,160.1831898082533,157.7405857205992,159.57017517089844,3829500
2024-07-17,159.86253774923503,165.73797517920832,159.86253774923503,165.2947235107422,6983200
2024-07-18,164.52139345894602,166.62447176746025,161.00368577522096,161.3997802734375,5957800
2024-07-19,163.78577673967064,163.95553973669803,161.47521845436845,162.5126190185547,4293600
2024-07-22,163.45572882668554,164.78546960883756,162.21084796977948,163.72921752929688,4066900
2024-07-23,163.455716965869,164.65342615116916,162.93701664646318,163.29537963867188,2933800
2024-07-24,163.34251491641675,166.5490163941689,163.10674338380346,166.18121337890625,6117700
2024-07-25,166.92627794349013,175.51779485845572,162.0222319780236,171.80203247070312,9442200
2024-07-26,173.0091577229061,176.2156593854272,171.74542568896314,174.62184143066406,6948800
2024-07-29,173.56558600345784,175.53664718996717,170.25535846774645,171.58511352539062,5458500
2024-07-30,173.14119560137797,177.02672061154126,172.20754945380733,176.14964294433594,6032200
2024-07-31,175.78183031267923,176.82865653498044,173.00915467575427,174.77273559570312,6473900
2024-08-01,177.0832980607889,180.10117099302218,176.14021187006892,178.9128875732422,6595500
2024-08-02,180.11060268593877,182.87385279996076,175.8478633226617,178.51678466796875,6303900
2024-08-05,176.7815034795788,178.51677861590775,172.6224899270024,173.86737060546875,6459300
2024-08-06,174.87648656042037,177.13047664323008,172.6602423787497,175.14056396484375,4273200
2024-08-07,177.20589203332378,178.79971002106078,175.3951682478949,176.8380889892578,6351000
2024-08-08,176.28166283399383,179.85596742953535,176.28166283399383,179.5635986328125,5744600
2024-08-09,179.92200570940236,180.1389115321731,177.3945412969988,179.12037658691406,3206500
2024-08-12,179.26182489305168,179.72394230711967,177.0172751537974,179.3561248779297,4808300
2024-08-13,179.71450846874222,181.01597206223778,178.60167363225176,180.34637451171875,3477300
2024-08-14,180.12948292154104,182.34574147802655,179.62964833481962,182.01565551757812,4153400
2024-08-15,183.4208582967686,183.89240144324464,180.40297064703827,182.39288330078125,4719900
2024-08-16,182.84554378002528,183.19448104376733,181.3271745326971,182.86439514160156,3674900
2024-08-19,182.39284951547754,185.95771389127478,182.34570672184623,185.6653594970703,4309300
2024-08-20,185.90115343880646,186.2406650579258,183.08133481507613,184.98635864257812,3631800
2024-08-21,185.25985225963748,186.10862406896896,184.5336718687675,185.3447265625,4250400
2024-08-22,185.79739168102842,186.29722617436968,184.23187965545975,185.19381713867188,3676700
2024-08-23,186.0237576561388,186.71220657025663,185.06180567850382,186.3066864013672,4720300
2024-08-26,186.31609236571597,186.7027611302628,184.91090325070047,186.2029266357422,4182300
2024-08-27,186.7216503859522,187.01400481875328,184.07156595587972,184.7694549560547,2504500
2024-08-28,184.39221760487376,185.06180074737375,182.9870139882397,184.27903747558594,3910200
2024-08-29,184.84487069196007,185.25983086739828,182.81724138693886,184.071533203125,4538300
2024-08-30,184.13758372085937,185.31644149115937,183.11904888047775,185.1372528076172,3820800
2024-09-03,184.9769341560723,188.570090420597,184.9392170383059,186.438720703125,4872400
2024-09-04,187.372361301526,188.50407626584567,185.25985740088356,185.7974090576172,4214300
2024-09-05,185.75028073440564,185.91060367576196,181.2234636954253,181.8836212158203,5902800
2024-09-06,182.4589062486582,183.65662987000664,181.8553315967831,182.39288330078125,4312600
2024-09-09,183.87350999999754,185.42017072874813,182.90213240519185,185.24098205566406,3606900
2024-09-10,184.9580481088247,188.1173924158071,181.93074967542177,188.0042266845703,6333300
2024-09-11,186.42926956771606,186.42926956771606,182.4117276125498,183.51513671875,4909300
2024-09-12,183.69435579290854,183.96785888957004,180.384127926543,182.9776153564453,4165200
2024-09-13,182.82669811917785,183.5151470415284,180.8933684590772,183.1567840576172,2718100
2024-09-16,184.67514443098023,184.99579028154437,183.39254663837033,184.5902557373047,3235700
2024-09-17,183.71322052330507,184.9203698781644,180.90282728061896,182.44004821777344,3534100
2024-09-18,182.1382493562347,184.44880775627058,180.86507718154456,181.9590606689453,3236800
2024-09-19,182.42115311999262,183.10961639331472,181.03482967276986,182.600341796875,3929300
2024-09-20,182.01564114596684,182.78897875665112,181.19516073638786,182.45889282226562,11661200
2024-09-23,182.67579506731838,183.24165254657404,181.26116575953273,182.79840087890625,3178000
2024-09-24,181.9684865585431,184.09987066407706,180.68588870055632,182.49661254882812,4286500
2024-09-25,182.9587411937454,183.4963072891592,180.09176518926964,180.3746795654297,5589300
2024-09-26,179.2806972727157,181.89303575701032,178.8280055232972,180.97824096679688,6215700
2024-09-27,181.63841905196114,184.96751239156478,179.4410263439179,183.70376586914062,4891900
2024-09-30,183.7603396066773,186.37267784591089,183.3076478997254,186.2406463623047,4550200
2024-10-01,186.40097677240647,187.64585743104172,185.24098480620765,185.75025939941406,3924600
2024-10-02,184.52424169731609,185.78797369925067,183.38310111085988,185.61822509765625,2946900
2024-10-03,185.6653831240847,185.83514612995808,183.65661922200184,184.32620239257812,3453800
2024-10-04,183.99613547085366,184.50539572057363,182.06280575569843,183.2322235107422,4749700
2024-10-07,183.3548246743854,183.98669072703487,181.86474669142763,182.59092712402344,5033800
2024-10-08,183.2793766177715,183.90181699050123,181.30832982781467,182.0250701904297,4419000
2024-10-09,181.8741729239908,183.7980623714547,181.02538674012357,183.66603088378906,4478900
2024-10-10,183.4679773851898,183.7320547522098,182.27969399018818,183.28880310058594,3562500
2024-10-11,183.90183708934694,184.12818299244645,182.56265620764154,183.137939453125,2973000
2024-10-14,183.18506047950333,185.16553277675715,182.63806878111342,184.51480102539062,3623900
2024-10-15,185.1137040397837,186.55864640718985,181.7770425157481,182.38543701171875,6553500
2024-10-16,181.04503471595427,181.60589535752584,179.40997204489364,181.05455017089844,5576000
2024-10-17,181.13062213217117,182.157290603126,179.15335082359462,179.25791931152344,4419000
2024-10-18,179.63815307836632,180.32259869759568,178.8681553830505,179.53358459472656,5607900
2024-10-21,179.39097707577287,180.0278888551695,176.71022962595964,177.328125,4496500
2024-10-22,177.11902823356965,179.76174325570227,177.03346164969807,179.4385223388672,4210400
2024-10-23,179.38147309356145,179.923331891368,178.24073528876698,178.6019744873047,4266700
2024-10-24,179.12480691644447,181.06407428852242,178.8776516458053,180.28456115722656,6741800
2024-10-25,180.31305720203844,180.50319223957598,177.92701333571716,178.5734405517578,4017400
2024-10-28,178.80160183060914,180.75037016783355,178.25975752036481,180.31307983398438,5383700
2024-10-29,181.08308671687936,181.71999853917248,179.21036955800594,180.0944366455078,6131500
2024-10-30,182.157274292916,192.3574079126212,179.23888685429012,191.54937744140625,10396400
2024-10-31,191.99618575726979,197.0819943399546,191.47334331802574,193.80235290527344,8829300
2024-11-01,194.277667647506,194.61989048159023,192.32891363938725,193.4981689453125,4493900
2024-11-04,193.726293360976,194.1540827505804,190.33259713962747,190.57025146484375,3531800
2024-11-05,190.58926710291632,192.42395152365015,188.5549466674885,191.72048950195312,5109300
2024-11-06,195.62750482875936,195.96972759681196,190.93146810224192,191.26417541503906,7194800
2024-11-07,191.9771522802494,192.32889052916025,189.38197122835507,190.60826110839844,4520200
2024-11-08,191.22616036517317,191.92010686308015,189.62911591865122,189.64813232421875,4596900
2024-11-11,169.75173150056614,169.75173150056614,164.1715983069827,165.816162109375,20760300
2024-11-12,167.31814874017098,167.90754134028307,162.58407856307412,162.64111328125,10557000
2024-11-13,163.19245980157768,164.11455968452458,161.27220891587442,161.93765258789062,8483500
2024-11-14,161.60494336896207,163.1449387758508,160.26456947504903,161.2532196044922,8442500
2024-11-15,161.25320967628141,161.25320967628141,156.5856754709714,156.84234619140625,11265400
2024-11-18,157.4412231714493,158.50592434737734,156.66172457479263,158.06863403320312,8336900
2024-11-19,157.10850930939148,158.8481405327106,155.7206018097388,158.3443145751953,5246000
2024-11-20,158.66752422447718,159.6181414477904,157.4697372397312,159.4755401611328,7135600
2024-11-21,160.26458883147896,163.9434881443206,158.67705946610113,163.24952697753906,6847700
2024-11-22,165.73060415140722,170.02739808611653,164.9320891606545,168.2117156982422,11328600
2024-11-25,168.2782658728603,171.29172074697277,168.02159515965627,168.3162841796875,12465000
2024-11-26,168.34482109446662,172.6796338397782,167.94556355268995,172.19482421875,6947500
2024-11-27,172.19481684397934,175.1417362709902,171.95716251939035,174.0390167236328,5271500
2024-11-29,174.0960440875959,174.47628518877096,173.48764962255495,173.8964080810547,2710700
2024-12-02,173.27852604789504,173.67778358654456,170.0274165143753,172.79371643066406,3936600
2024-12-03,173.2785287094777,174.44778398385904,172.51803193144377,172.53704833984375,4107600
2024-12-04,171.20615653102385,171.53886383427758,167.22306830482768,167.74591064453125,6125500
2024-12-05,166.33899331559323,167.9930724627158,164.9606012789581,167.47023010253906,5444200
2024-12-06,167.30863821176936,168.01210020796543,165.5595059299107,167.4892578125,4839600
2024-12-09,166.91887903824968,169.33345497029805,165.76864029151125,167.85049438476562,4394500
2024-12-10,166.86183299781194,168.18319030217907,165.24578668751118,166.9949188232422,4089600
2024-12-11,167.27060180501303,167.3086201090841,165.25528356284497,165.7591094970703,9492200
2024-12-12,166.27248365162322,167.2231009986609,163.49668273890558,164.63742065429688,4999500
2024-12-13,164.69443277296133,166.2819617840224,163.87690138648946,164.80850219726562,5471600
2024-12-16,163.19246777201826,164.7799968992495,162.1087646460228,163.15444946289062,8157900
2024-12-17,162.1562731184228,167.7839248339787,161.8045494190963,166.71923828125,7664700
2024-12-18,167.33715224208473,167.78394350702914,164.2856790128673,164.47579956054688,5471600
2024-12-19,164.39022494668404,165.29332288822368,161.9281298872389,163.04986572265625,6110500
2024-12-20,163.306530560889,168.06913225409502,162.23234293482795,166.9093780517578,18950900
2024-12-23,166.63370787245606,169.82778272898634,166.00631144932672,169.58062744140625,6945600
2024-12-24,169.59963647178373,171.27271770279492,169.05777764666516,171.11111450195312,2692800
2024-12-26,170.1795123044146,171.44383504808064,169.80877213937484,170.35061645507812,2759300
2024-12-27,169.13383878808756,170.78791821479567,168.53494521017655,169.21939086914062,2745400
2024-12-30,168.2782771804679,168.58246717132934,166.84283578541545,167.49876403808594,3405700
2024-12-31,167.6413580313803,169.057768452129,167.23258507067328,168.9246826171875,3326400
2025-01-02,169.83728555626925,170.90197226085002,169.1148071450736,170.57876586914062,4092000
2025-01-03,170.78789817928563,172.60358060340437,169.97036676616665,172.27085876464844,4380200
2025-01-06,171.85258954125743,172.99332736839278,170.40764722407616,171.2061767578125,6302100
2025-01-07,170.7593588964931,173.17392001296355,169.5805884389687,170.66429138183594,5905200
2025-01-08,170.3506098440444,170.3886426573395,167.47974166153026,169.6851806640625,4488500
2025-01-10,168.1261836903853,168.77259652043153,164.77050563346594,166.51963806152344,5372200
2025-01-13,166.51010808175343,169.19084097617707,165.7305950346603,168.0120849609375,4734100
2025-01-14,167.88852667943243,168.05012988436872,165.4929669542345,166.88087463378906,4779100
2025-01-15,166.50662221615607,167.40863136518612,161.90062708535558,164.42433166503906,8048700
2025-01-16,164.52029280748192,166.92885243968144,163.62788878268316,166.67935180664062,5236000
2025-01-17,165.89250952120287,166.95764592576342,164.3475822072377,164.6258544921875,7852500
2025-01-21,165.20161394972277,168.5601504072315,164.29960467269132,165.6334228515625,7548500
2025-01-22,163.41676704421147,163.9637210013706,161.2672987571035,162.36122131347656,9465000
2025-01-23,163.5703160948086,163.79101580366859,161.67033363470856,163.77182006835938,7116200
2025-01-24,162.47639252844883,164.19403745639943,162.40921477627776,163.41677856445312,5584900
2025-01-27,165.68139778103244,170.27778817936306,165.61422002657017,169.75001525878906,6985200
2025-01-28,169.6540646241628,169.99951465673684,166.70814147942627,167.74449157714844,5603700
2025-01-29,167.4470231560794,169.76920934194217,167.2551097255725,168.17630004882812,3748300
2025-01-30,168.89597185257708,169.0015264265759,166.9480221486438,168.55052185058594,5209200
2025-01-31,179.72967369036334,184.01900549870555,176.24638707823215,176.4670867919922,11926500
2025-02-03,175.7761841039159,183.91344817169156,174.78781603810347,182.4548797607422,9830000
2025-02-04,180.0463304196008,183.424047674497,179.48977124142849,182.27255249023438,7377800
2025-02-05,182.81952017613332,185.56392458282323,182.24376526595285,183.9998016357422,6449600
2025-02-06,184.14375732569684,186.6290855284012,182.85792111772406,185.17051696777344,4586400
2025-02-07,185.3528129292622,186.02451722072385,182.74274941782082,182.8962860107422,3805900
2025-02-10,183.72153108367766,183.72153108367766,181.44731234509095,182.64678955078125,3685700
2025-02-11,182.12861882508946,184.17251799314886,180.65085473259379,184.07656860351562,3977000
2025-02-12,182.80034044493047,186.51391747874723,182.69478585689154,185.1992950439453,4525000
2025-02-13,186.42755819770954,186.42755819770954,183.69274410431146,185.631103515625,4108900
2025-02-14,186.11088929739887,187.29117082504118,184.98818033568205,185.0745391845703,3976900
2025-02-18,184.2396944665605,189.05679891124296,182.96344899263613,188.3179168701172,6065500
2025-02-19,188.8360655826897,190.10272038298422,188.0875930705353,189.37344360351562,4888700
2025-02-20,189.99720285924542,193.22139840253914,188.87449387212396,192.76080322265625,5067000
2025-02-21,192.22341865266836,195.73547664683903,191.93554120604972,193.9122772216797,5889400
2025-02-24,193.6723773204939,197.19404042158462,193.14460445421494,195.83143615722656,6305000
2025-02-25,196.88696609342756,197.68342066113277,194.17136276859966,195.88900756835938,7746800
2025-02-26,195.361246676914,195.59155157006808,193.28854656469412,194.8046875,4766700
2025-02-27,194.8526576395534,198.44149846832997,194.07539880536083,196.7334442138672,5696900
2025-02-28,196.8294069076596,201.12834375618567,196.14811205421202,200.5813751220703,13136400
2025-03-03,201.49298506805664,203.71922190322238,200.46624014163845,202.93235778808594,7016400
2025-03-04,205.80150147553405,206.9434061139778,199.27634257160955,199.36270141601562,7554000
2025-03-05,198.7006119886281,203.60406097058814,197.67385242599534,202.98992919921875,5752800
2025-03-06,202.9035616079765,203.41213877288203,200.07279832507368,202.2318572998047,4346000
2025-03-07,202.57729091973852,206.30047255795114,200.55257297057352,205.62875366210938,6806100
2025-03-10,201.50257612985354,209.82214811129467,200.74449835090164,207.90298461914062,8604000
2025-03-11,207.9029847581915,207.9029847581915,203.82476233463655,204.95706176757812,7144500
2025-03-12,203.43133429714732,205.2257475132728,200.85005700508196,203.48890686035156,6139800
2025-03-13,203.43133584691617,205.1585859664804,202.16468087855043,202.99952697753906,5559500
2025-03-14,201.3010744763306,204.2182114296672,199.87129228310482,203.2106475830078,4511600
2025-03-17,203.64243948272795,206.78986644095204,201.05157169470948,205.80149841308594,5075400
2025-03-18,205.8014942129715,206.48278903976248,203.69041734144997,205.20655822753906,5088200
2025-03-19,205.3793039257683,205.83030857045742,202.260662886822,203.67124938964844,5412900
2025-03-20,204.40050874544227,204.79394078752404,202.57730922866006,203.39295959472656,5836100
2025-03-21,203.1722408226499,204.27576862578715,200.30310074701538,201.52175903320312,16657700
2025-03-24,200.92682265798314,202.49094560069855,199.11321373064885,200.71571350097656,7393800
2025-03-25,200.76370340958806,200.80208023870904,191.32142210375935,193.2021942138672,10089100
2025-03-26,194.91024961328696,194.91024961328696,188.54823226582513,193.163818359375,6742900
2025-03-27,193.85472387533798,195.44761857267656,193.16382379179444,194.52642822265625,4995300
2025-03-28,194.5360114221349,197.6930436983749,193.44208877151772,196.99253845214844,6478100
2025-03-31,196.16730730264254,202.2894440892145,196.16730730264254,201.0515899658203,11093700
2025-04-01,202.01116018216024,203.57526852507905,197.29001958729108,197.9329376220703,7853200
2025-04-02,198.8445256525031,198.8445256525031,192.2425987180819,196.89657592773438,9262800
2025-04-03,201.800048128147,202.17428443085228,193.10623967910414,193.4900665283203,7593100
2025-04-04,191.91633522030529,191.91633522030529,178.64531888277466,179.4033966064453,13505200
2025-04-07,173.7130690556264,180.59326789255616,169.15505610982623,179.0099639892578,12581100
2025-04-08,180.0175185378073,180.77558157834198,165.35511249293776,168.5697021484375,12517100
2025-04-09,161.4976150517501,173.30047376814147,157.74564681155894,172.57118225097656,18977800
2025-04-10,170.56566754006155,170.8055629937044,158.30221312120392,167.15914916992188,13970000
2025-04-11,166.784905809474,169.81718772964857,162.4859835613878,167.97479248046875,9047700
2025-04-14,170.26819000589188,172.9070398485074,169.07830335117248,171.86109924316406,7164400
2025-04-15,172.09352271799895,174.80518505380923,170.74737811671264,171.221923828125,8078500
2025-04-16,170.9604144171855,171.27032539630113,164.3943270152037,166.263427734375,9459300
2025-04-17,167.12537264825033,169.67238532322904,166.4861922965221,167.53211975097656,8998100
2025-04-21,167.99697864893298,168.6748905157724,163.2225137161211,164.79141235351562,7364600
2025-04-22,165.68236905790647,169.14942060251963,165.51773438953546,168.29718017578125,6191900
2025-04-23,169.47869496461692,172.52930556303224,168.89761924236188,171.46401977539062,7119700
2025-04-24,172.00635954039134,175.76394927406665,170.55368492508845,174.6792755126953,8789400
2025-04-25,181.2163126724284,182.74646505224274,174.31127599663637,180.18975830078125,10482100
2025-04-28,182.06855332809636,187.02701132827318,181.71991082637325,186.27162170410156,10408000
2025-04-29,186.513721664798,189.37064528585213,184.56714311386412,187.40469360351562,6671400
2025-04-30,188.35380984108517,189.6031036004042,184.98359384514407,188.94456481933594,8400700
2025-05-01,186.79458792956848,189.64183248914878,183.81176099940677,187.2400665283203,5823600
2025-05-02,189.0123343321609,192.7021254840072,188.48937797363644,192.20822143554688,6424800
2025-05-05,192.20823048799767,192.23728279943006,188.87676085495312,189.8839569091797,5121500
2025-05-06,189.33193843618565,189.64184946947523,179.87987358142468,181.24537658691406,9392000
2025-05-07,182.23319369822417,184.17977244011126,180.85799678112477,182.1557159423828,5771700
2025-05-08,178.32065016533377,180.77082675403724,175.9092050630602,179.7248992919922,8816700
2025-05-09,179.88954445242192,183.7827166584504,178.41749666701824,178.7758331298828,7806100
2025-05-12,174.3209465827603,186.61057568122408,174.3209465827603,184.0732421875,12792700
2025-05-13,183.0660444831456,183.77300862213497,179.56026131946078,182.06854248046875,7523800
2025-05-14,180.63522976720006,181.72956780437843,171.02821117674313,171.84170532226562,12212000
2025-05-15,172.40343723936064,176.36439336802994,170.99918798723203,175.9479522705078,12073300
2025-05-16,175.57994209279116,178.26255202973985,174.82455247229404,178.21412658691406,6152800
2025-05-19,178.4078041935387,179.9379564866251,176.751748711204,179.85079956054688,5216700
2025-05-20,179.0276235136997,180.1316556507871,177.84611362240273,179.0179443359375,5505100
2025-05-21,178.12696651410909,178.97920707592604,175.81237205860293,176.06417846679688,5140900
2025-05-22,175.68646934707726,177.76863035896196,174.56306411191028,176.7808074951172,4689200
2025-05-23,176.61616872885787,178.31095571986972,175.98668232885856,177.47808837890625,4027000
2025-05-27,178.45625484814425,180.12198974294063,178.0979183613545,179.86050415039062,5726700
2025-05-28,179.50215175060447,180.22848900110213,176.61616110225458,177.31344604492188,4787800
2025-05-29,177.6717860063695,180.85797897325332,176.92607561002114,179.7636260986328,4925900
2025-05-30,179.16319467930595,180.79987703832307,177.2359744545241,180.23817443847656,11609000
2025-06-02,179.8701674447581,181.09042358398438,177.3812592782029,181.09042358398438,4435600
2025-06-03,181.0032455516141,182.77551030069566,178.98888315151487,181.3422088623047,5335600
2025-06-04,182.46563070529194,184.17977621478553,181.3615985223252,181.42938232421875,4382200
2025-06-05,181.58431964293766,182.64962022912414,179.21162082174388,181.55526733398438,4417900
2025-06-06,182.5431011764448,184.48000070274952,182.3590933570665,183.8408203125,3607800
2025-06-09,184.49935384328492,185.73896832289162,183.04667923961736,183.19195556640625,4661500
2025-06-10,183.07571637322562,185.82612462563927,182.84329791342236,183.52120971679688,4087500
2025-06-11,183.36625975845794,186.6396244215723,183.0950950289257,185.45811462402344,3908000
2025-06-12,186.13603045875269,187.48217495842675,181.49716287102356,186.34909057617188,5781400
2025-06-13,185.51621277879508,187.36595515874984,184.28627758437761,185.05136108398438,4965700
2025-06-16,184.87704935863061,185.61308061816374,182.969202189636,184.83831787109375,4203900
2025-06-17,183.19195444795048,184.5962036007816,179.19225233484698,179.6280517578125,4733900
2025-06-18,179.4053230788746,181.2163194521806,177.90422295323975,179.63775634765625,3573200
2025-06-20,180.21881944909265,181.19696320305613,178.34971843120053,179.45375061035156,12158100
2025-06-23,178.66930502810476,179.93797187407722,176.5483976479464,177.9623260498047,5157900
2025-06-24,178.69834453899725,180.26722833966747,177.4103046520462,179.6958465576172,4074400
2025-06-25,179.4537213748051,181.18723972959285,178.81454106538305,179.54087829589844,4471100
2025-06-26,180.6449216542772,183.02731442221656,179.92826355525193,180.89671325683594,5734000
2025-06-27,181.97168988448618,182.06854076392543,175.99635710184808,176.5580596923828,29264700
2025-06-30,176.6742692339877,180.37375412995144,176.01573054023447,179.7636260986328,6482600
2025-07-01,179.17288292090444,185.70991873315847,178.5724488046856,183.9957733154297,5937600
2025-07-02,183.71490586136235,186.5137249143406,183.55027118499538,184.73178100585938,4658200
2025-07-03,185.1191627978284,185.42907380928588,182.91109856199026,183.30816650390625,3706200
2025-07-07,183.46312732005785,185.35160142150713,180.935472822004,181.71023559570312,11049100
2025-07-08,180.89672392315506,186.91080342664617,180.7805146808712,183.78271484375,7106900
2025-07-09,182.5527720614463,185.06105328749896,182.37845820513527,184.6058807373047,5594100
2025-07-10,184.48967813345104,191.26882641132062,183.57933300032926,188.8477020263672,6049400
2025-07-11,187.77272862711996,187.87925869479432,185.12886484603752,186.37815856933594,4991000
2025-07-14,185.67119554810185,186.59121989623506,184.04419221117362,185.47750854492188,4072800
2025-07-15,185.79984269342705,186.24916889592492,180.72039673386877,182.0684051513672,6729200
2025-07-16,182.5861262444722,186.9524873358016,182.1758660291464,186.16127014160156,6202600
2025-07-17,184.6178863467317,187.66554192317233,183.89503846295963,186.9622344970703,4853100
2025-07-18,187.06970415767154,187.88046182797257,184.19788259088688,184.8718719482422,5332000
2025-07-21,185.2235262568774,185.49703307358698,180.34923234801448,180.5641326904297,4954800
2025-07-22,180.65204322397773,183.83645255016145,180.61296230426785,182.771728515625,4432100
2025-07-23,182.71312311703662,186.37617684871336,182.43961629747173,186.13197326660156,4344500
2025-07-24,186.3370876474039,187.78278352085738,185.58495137952949,186.4054718017578,3462700
2025-07-25,186.96225235162495,186.96225235162495,184.1588000608284,185.86822509765625,3786800
2025-07-28,186.77666539582194,186.77666539582194,183.28943125512106,184.14903259277344,3776900
2025-07-29,184.76442516414048,188.02699636485548,183.50434123250488,186.78643798828125,6715500
2025-07-30,187.32368510180856,188.23211525910014,183.65085374328726,184.92071533203125,5008400
2025-07-31,192.4910160186614,194.21998143520705,183.269887003755,184.63743591308594,10347900
2025-08-01,185.51657612822234,192.49102986187748,185.3895854954725,190.69369506835938,8082000
2025-08-04,190.29317362930286,192.7938156190013,189.22844971892377,192.6179962158203,4217500
2025-08-05,192.9696579187269,195.2553996847522,191.9244595176369,193.94647216796875,4153400
2025-08-06,192.65708740506113,193.4580823153538,190.1564450885442,191.7486572265625,4057200
2025-08-07,192.48125142479358,195.19679385418348,191.94400060494968,194.24928283691406,4683300
2025-08-08,194.46420168990565,195.68521962177542,192.56917947484314,193.4580841064453,4101700
2025-08-11,193.58503694775507,194.80605473525983,192.32495314925114,194.0343780517578,6067800
2025-08-12,193.49712724425527,195.38238645876382,192.4812470032523,194.0343780517578,3049800
2025-08-13,195.12842330233292,197.04298592876412,194.59118735004694,196.7987823486328,3558500
2025-08-14,197.12112641497677,200.3055356299227,196.2029185989179,199.93434143066406,4635400
2025-08-15,201.1358368898633,202.04426703807337,199.58270572388926,201.8977508544922,4430900
2025-08-18,201.80983607289392,203.50948337973722,201.18467553031874,201.78053283691406,6083500
2025-08-19,201.7414608266174,202.98201918955098,200.344623499892,201.4093475341797,3975500
2025-08-20,201.85866920518146,206.7818216257438,201.85866920518146,204.3007049560547,5782100
2025-08-21,204.29093964382682,207.52419255306137,204.02719561260434,204.64259338378906,5323900
2025-08-22,205.95151267253982,206.5669104189825,202.3177624740258,205.7170867919922,5516900
2025-08-25,205.42404751651992,206.40086180342206,202.249401084088,202.73780822753906,2796200
2025-08-26,202.70851700316757,203.74393782383893,201.7805463566227,203.52903747558594,3702900
2025-08-27,203.97835025200996,205.54124404321132,202.99175836184335,203.2359619140625,3459100
2025-08-28,202.83548387030388,203.18713761526217,200.72557630555755,203.09922790527344,4523100
2025-08-29,203.17738009195017,206.1078230740456,203.07969269721215,205.521728515625,4264700
2025-09-02,205.26775672108124,207.24092578351286,204.1444262363572,207.00648498535156,4335500
2025-09-03,207.4948895939002,208.47170388343275,206.57668177693913,206.9478759765625,3973500
2025-09-04,207.32883641417595,209.2238585523028,206.7525195509322,208.0614471435547,3531600
2025-09-05,207.6218747964031,209.3703657707804,206.10780970618646,207.6316375732422,4465400
2025-09-08,206.09806192885924,207.08463904151031,202.79642470661506,204.92587280273438,5525500
2025-09-09,204.67189564942487,205.83430703170436,204.27139821594986,205.541259765625,3097100
2025-09-10,205.35565949560547,207.34836895016892,203.60716851317255,206.73297119140625,4520600
2025-09-11,215.24101954898862,216.6280939541416,211.72448239155707,215.11402893066406,7647700
2025-09-12,214.0395476392455,215.2703432136575,213.1701834962896,213.2776336669922,4418800
2025-09-15,214.50842575491066,214.50842575491066,209.34106977284245,212.56455993652344,5162100
2025-09-16,213.26786231172156,213.63905650558294,210.8355894027401,211.245849609375,4251000
2025-09-17,214.0200245039078,216.41321661842355,212.2617557384459,215.69036865234375,5258400
2025-09-18,215.94433499132177,216.92114924851143,214.82098965255202,216.84300231933594,4445600
2025-09-19,217.26303069457464,218.30822913014237,216.45227305235935,217.31187438964844,14415100
2025-09-22,217.30211668307555,219.9395123235671,216.29598423708833,217.42909240722656,5990700
2025-09-23,216.8625291374939,219.19711462959106,216.7843822078627,217.44862365722656,4629900
2025-09-24,216.85276507021268,217.08720585771118,213.47298118253883,214.88937377929688,5074500
2025-09-25,214.99685014912146,217.10675787376772,212.97483723612166,213.47300720214844,6666000
2025-09-26,215.5145508360174,216.34483407520452,212.6231738551325,215.49501037597656,4185600
2025-09-29,215.63174445508224,218.0640172894818,214.69399622224068,217.98587036132812,4958400
2025-09-30,217.88818897678982,226.96280190419387,217.4095595230428,226.17156982421875,9187300
2025-10-01,228.22289154055977,239.13390543920303,226.62091669118428,238.71388244628906,12243100
2025-10-02,235.30478760811596,237.04351580673938,229.08248551208735,231.07518005371094,8107700
2025-10-03,231.4073139316467,233.30233615854817,228.29128867025148,228.4866485595703,6547300
2025-10-06,226.33763659034014,227.54887672201954,222.63550223334573,224.85287475585938,11940300
2025-10-07,225.92735364313148,228.65267365477644,222.31314402200934,227.43165588378906,4901000
2025-10-08,226.11296592764802,227.59772781036975,224.35469723824113,225.8785400390625,5412800
2025-10-09,227.86147601849137,228.36940872307642,225.27290917953408,225.34129333496094,4607600
2025-10-10,226.1422624550083,229.23876184990746,225.1556854248047,225.1556854248047,6156900
2025-10-13,224.66727988932044,228.3889398365996,223.90536595861775,224.9603271484375,5411900
2025-10-14,222.7820383620307,225.30220606956672,222.23500984903535,223.8174591064453,5527600
2025-10-15,223.53213757046836,225.25388601238154,221.68249802419675,222.56796264648438,5459400
2025-10-16,222.56795795042967,224.4274456279636,221.82023261877345,223.20745849609375,4737500
2025-10-17,223.84698324118082,226.98548715130588,223.14843868247982,225.8638916015625,7150000
2025-10-20,227.27078972223296,228.51044317077964,226.2869334896692,228.3136749267578,5246700
2025-10-21,228.40222057870514,229.05156930142394,226.11968190370783,227.6544952392578,3298100
2025-10-22,227.9299710058585,228.41206596304906,224.7422714161293,224.9882354736328,3523500
2025-10-23,225.29324456496084,226.14919468507514,223.58132931227752,224.565185546875,5818000
2025-10-24,225.08662702299077,225.34242423822138,222.5974719629211,224.30938720703125,3554700
2025-10-27,224.2700140690449,224.90952959591408,223.4534116350899,224.34872436523438,2784400
2025-10-28,223.33537765168745,224.7127704516055,220.68880183170762,223.8666534423828,3724200
2025-10-29,223.9453455480193,224.3192157115239,220.42313851737015,221.50538635253906,5469300
2025-10-30,223.38457772057635,225.94259511375034,222.7549102839921,224.51600646972656,5020700
2025-10-31,219.39993774436263,220.2558878544471,212.5129441828804,214.52000427246094,10825300
2025-11-03,213.18196518177655,215.46451888922988,208.27253209907533,208.53817749023438,8874300
2025-11-04,208.9415459353932,213.57551545457338,208.9415459353932,212.40472412109375,6184000
2025-11-05,212.25715233689846,213.9198567854693,209.1678443188383,213.27052307128906,4928200
2025-11-06,212.40471937626253,216.13352785583476,212.16858847826634,215.5038604736328,6615300
2025-11-07,215.76950541155708,217.42239166920652,213.58534340008202,215.62193298339844,4647900
2025-11-10,213.496813626431,216.31064319914853,212.66052978005496,215.17921447753906,4530800
2025-11-11,215.4645059501959,221.7808608984743,215.4645059501959,221.53489685058594,4802400
2025-11-12,221.7611866863178,230.22235621013363,221.6529619012764,229.46478271484375,8583200
2025-11-13,229.96656634764503,235.42695655054376,228.41207166393002,228.5399627685547,7968500
2025-11-14,229.83866126613628,231.20622086565194,226.6017807794974,228.6088409423828,5461500
2025-11-17,229.49430729140244,231.5505782976034,225.52936773888595,230.2223663330078,5023100
2025-11-18,231.2062295816559,233.36087727209062,228.3628854864478,230.09446716308594,6232600
2025-11-19,229.76978260952845,234.30536053417322,226.641126932473,229.14996337890625,7618400
2025-11-20,229.49430909415892,231.15702859939583,224.31923049683002,225.74581909179688,4283600
2025-11-21,226.8280537367378,234.167612705506,226.42466908494785,232.46554565429688,8017600
2025-11-24,232.190072485732,233.7839147894875,224.79146936236032,225.80484008789062,10225900
2025-11-25,226.60177357338262,230.30106758510874,226.5919254031345,228.05787658691406,7134100
2025-11-26,228.29399072935934,228.72688986823934,222.9811731452697,223.98471069335938,5920800
2025-11-28,223.18779431283582,224.40776644390698,221.86941554021155,224.02406311035156,2655600
2025-12-01,223.52229860809152,225.78517093262138,220.3641135140267,221.4758758544922,5208300
2025-12-02,221.1905653075746,222.97134268568985,219.50816454519685,220.74781799316406,5096700
2025-12-03,221.21022356302305,227.06416492825045,220.89539738669754,226.52305603027344,4872900
2025-12-04,226.3951692767958,227.21177179099885,223.91584724677196,225.0177764892578,3732900
2025-12-05,225.23420284696374,225.54904405118148,221.41685082678057,222.4302215576172,3985200
2025-12-08,222.43022652532915,222.46957417050768,218.79979450005715,219.51800537109375,4006100
2025-12-09,220.27557080346844,221.1905649041326,216.674653397547,219.39010620117188,4267900
2025-12-10,221.3676518540263,222.33182675639208,217.43222693217692,221.54473876953125,8735200
2025-12-11,221.89893384402524,222.31216668338334,218.652220202294,220.36412048339844,4170600
2025-12-12,220.07880471964503,220.20671083482597,217.53062066112622,219.71478271484375,5467600
2025-12-15,220.61993645447984,224.61439052797297,219.95090638117287,223.77810668945312,5971900
2025-12-16,222.75489936370371,223.1779503494001,218.3275461950132,220.0591278076172,6405900
2025-12-17,220.26573077841593,222.7548857624978,219.26219325130037,220.68878173828125,5243400
2025-12-18,220.3837977715403,222.607307469573,219.19332511559782,219.2228546142578,4760400
2025-12-19,219.3507455641301,225.76549244828294,218.7604408279835,223.1582794189453,18968800
2025-12-22,222.45973811398045,224.95872639277886,220.62976488168763,224.23068237304688,4828100
2025-12-23,224.53567580535932,227.0641785752266,224.23068276818222,225.09646606445312,3612100
2025-12-24,225.75567518954605,227.07403904015487,225.28341335242325,226.17872619628906,1744900
2025-12-26,226.10983685066472,226.88707663548735,224.9882263818167,226.26724243164062,1593900
2025-12-29,226.43450958927065,228.2743309824511,226.0311399368479,227.11337280273438,3803000
2025-12-30,227.0445139380221,227.4774130955863,224.92921396582548,226.03114318847656,2348000
2025-12-31,226.0311355946272,226.53289686724358,224.74227132337876,224.8013153076172,3196900
2026-01-02,225.04728773766595,227.01500027008865,222.066204452042,225.6080780029297,3336800
2026-01-05,223.33538019736494,223.57151111395197,214.34293421194283,216.62547302246094,9341300
2026-01-06,216.20241416700895,220.58057154241638,216.00564591656075,220.31492614746094,9151700
2026-01-07,221.60378142857348,233.21327286863757,221.11185331628417,229.65171813964844,10285400
2026-01-08,227.39869715921867,227.80206680745061,219.51799908257016,220.51170349121094,9365900
2026-01-09,220.13783497073422,221.48571322332924,215.46451780375776,216.52708435058594,6714200
2026-01-12,217.61916033857776,218.8981764307995,214.86435991205124,216.4877166748047,6546100
2026-01-13,215.98597340395472,217.186279296875,212.36538940806486,217.186279296875,4872600
2026-01-14,217.43222987167394,219.7344498790907,213.496804896621,218.307861328125,8426400
2026-01-15,218.927693920746,219.42945519681146,212.34569329743175,213.25083923339844,6954200
2026-01-16,213.83599219737053,215.56168117286487,212.12023062857358,212.58636474609375,8649700
2026-01-20,209.95815699317012,212.27890014648438,208.23248317143262,212.27890014648438,8251400
2026-01-21,210.72182214158173,216.20632071794174,209.82923329283176,214.3715362548828,10727100
2026-01-22,214.50046966055663,217.24768262873746,212.99297182363628,216.31541442871094,5650900
2026-01-23,215.47240365154946,218.01135297073898,214.10376842729895,217.45594787597656,5816400
2026-01-26,217.3071916224599,219.65768672373474,216.70221001890812,218.9535369873047,6553400
2026-01-27,219.0626315431273,224.99342460602307,218.83451305872399,222.0875244140625,5747400
2026-01-28,221.76024816751283,222.18670290762282,214.91701158046567,216.8708038330078,5215800
2026-01-29,216.20631879884536,222.29579891564833,216.20631879884536,218.61631774902344,7834000
2026-01-30,218.69566430929848,222.17679412902504,217.75348382377317,221.1750946044922,6622200
2026-02-02,222.99996920133285,227.899310805404,222.57349931668733,223.78346252441406,5413000
2026-02-03,222.10736197607605,226.81827951911217,221.79991504195445,223.8032989501953,8158500
2026-02-04,208.05394768536442,219.03287197801203,202.5892889212181,215.32363891601562,15319700
2026-02-05,215.1153589171868,218.06092321665352,212.2788901522648,217.21792602539062,10794000
2026-02-06,216.95014294828525,223.96197883232952,216.70219992777294,221.5916290283203,6067100
2026-02-09,221.58172183671343,222.11728724791644,218.30887086425048,221.42303466796875,6767700
2026-02-10,221.90900600898843,223.95205410109338,220.1139009403572,220.6097869873047,6044500
2026-02-11,220.44119063458308,222.3057119066139,216.2559111290729,219.07254028320312,8072400
2026-02-12,219.74695712860552,227.1654083906325,219.09238389374505,225.62815856933594,8712000
2026-02-13,226.54058542130937,232.8085924722355,226.12404294765793,229.59524536132812,8252200
2026-02-17,230.74570987781337,233.31439609014336,229.28780362038455,230.94406127929688,7336400
2026-02-18,232.0746750669173,232.0746750669173,224.20992945360547,226.83811950683594,5495100
2026-02-19,227.08605630267382,227.48275908475674,221.18501540305448,222.5040740966797,5410800
2026-02-20,223.18838471570882,224.82481774591858,221.27427184389998,222.9602813720703,6830300
2026-02-23,223.96198351522077,229.52581048394183,223.93221642955518,227.59185791015625,5463200
2026-02-24,227.11581476882975,228.86132824659705,225.79675603737115,226.5604248046875,4880800
2026-02-25,227.81998549119191,230.63661474365287,224.61655057527955,225.0529327392578,5410900
2026-02-26,225.71741114521754,225.90585026765513,219.31057178178764,222.84127807617188,5331300
2026-02-27,223.2479061584604,230.3589103120584,223.20822679977505,230.17047119140625,8018100
2026-03-02,231.73748058925844,233.72102485834412,229.99195194718828,232.33253479003906,7438800
2026-03-03,231.43993548828763,233.77060595268688,228.3456114106521,231.93582153320312,6595700
2026-03-04,231.63829281941736,235.15908685524792,230.17047432613631,234.2466583251953,5380800
2026-03-05,231.49945126069107,232.86810165746186,226.12404807421413,230.43826293945312,9423100
2026-03-06,228.4646178256333,229.69442065749126,224.93391162868357,228.2166748046875,6139600
2026-03-09,228.07783750494914,228.78198724126977,221.39328791373077,225.5785675048828,7915800
2026-03-10,225.78684234836834,229.36714027323663,224.29918418235505,225.14218139648438,6466800
2026-03-11,224.1900928623697,227.4034248761339,223.44626376537,225.80667114257812,5299200
2026-03-12,223.26772775420474,225.93559709399125,221.73049312339043,223.5156707763672,7607000
2026-03-13,225.02318138296397,226.7389429565767,217.63448192905884,217.87249755859375,5676100
2026-03-16,219.27089112426972,222.5239024189272,218.50723749913828,219.6279296875,3991800
2026-03-17,220.2130671466026,221.44286998025882,217.9518280029297,217.9518280029297,4405700
2026-03-18,216.70220151650423,217.19808756116444,205.89189179620848,206.62579345703125,8597000
2026-03-19,206.65554905186113,208.69859717055627,202.61904444645927,204.5331573486328,7006800
2026-03-20,204.57284449407982,206.07041498438647,201.38924925144096,203.38272094726562,27982400
2026-03-23,205.65386479830477,206.9034922056771,201.54792887894828,203.2438507080078,7419900
2026-03-24,201.36941097689024,204.31497547743083,200.13962319433597,203.5116424560547,6990500
2026-03-25,205.1579825858466,207.95477211182856,204.1662104598652,205.475341796875,6000100
2026-03-26,205.48526225222298,209.71020591801482,204.06702029076038,209.38291931152344,4576300
2026-03-27,209.6804621896633,211.7334377654711,207.39938326095745,207.6770782470703,5654000
2026-03-30,210.51354570448973,212.17973074298357,209.04572719749495,211.36647033691406,7491200
2026-03-31,213.29050171645886,217.36668558230306,213.08223805367527,215.7005157470703,8311700
2026-04-01,216.57327326743052,218.63616109555005,211.99129091004718,213.21116638183594,5702800
2026-04-02,212.22932441306983,212.7946266601919,206.00099662190271,207.12168884277344,5151100
2026-04-06,205.33649104144484,207.28037103610345,203.61081725493554,204.9893798828125,4929100
2026-04-07,204.53316483439713,204.7910352768782,200.00077400971168,204.67201232910156,8801600
2026-04-08,204.56291282235452,210.4738813392719,202.87690323841647,209.84906005859375,5477500
2026-04-09,207.7564167891894,211.7532571707431,207.0225151150997,210.6523895263672,4477800
2026-04-10,211.79293761447903,212.3384153029082,206.04065633632328,206.22909545898438,4633200
2026-04-13,204.73151509788894,206.36794820485068,201.33965620333439,204.7711944580078,7532500
2026-04-14,203.114931523479,208.68868594916296,202.38101471277938,208.52999877929688,6199400
2026-04-15,208.99000549316406,209.82000732421875,205.5500030517578,208.4199981689453,5952100
2026-04-16,207.77999877929688,209.66000366210938,206.52000427246094,208.99000549316406,5075400
2026-04-17,209.66000366210938,212.35000610351562,207.82000732421875,208.3800048828125,8986600
2026-04-20,207.94000244140625,208.3300018310547,202.83999633789062,203.7100067138672,5774300
2026-04-21,204.00999450683594,206.1999969482422,200.9199981689453,205.1199951171875,7772100
2026-04-22,205.1699981689453,205.99000549316406,199.80999755859375,200.5,7644200
2026-04-23,201.0500030517578,202.75999450683594,200.5800018310547,200.87939453125,2845286
