timestamp,open,high,low,close,volume
2021-01-04,113.42201041198365,113.88953723621458,109.26101739599235,110.37373352050781,3472100
2021-01-05,110.579430840189,111.5331822879461,109.49476533696311,110.96279907226562,2112700
2021-01-06,113.141487452975,116.62924057700853,112.96382498321964,115.06769561767578,5861500
2021-01-07,116.44703474983403,117.9389868006589,110.1132918471273,114.15750885009766,8696600
2021-01-08,114.54221302620432,114.66419363676424,112.1494630179949,114.27009582519531,2934500
2021-01-11,112.99395803601776,113.92291203743756,112.02747704768774,113.59449005126953,3311000
2021-01-12,114.4765359111929,114.77680194853811,113.27547176181206,114.1199722290039,2671300
2021-01-13,114.10120659930308,116.24998843198367,113.6883452540897,114.85187530517578,3678300
2021-01-14,115.0864688994217,116.82238238663834,114.56099789372155,116.14678192138672,3404700
2021-01-15,114.92695334524511,115.28351707334707,114.20443340181511,114.61730194091797,3948200
2021-01-19,117.75131595941652,120.16282963566482,116.57840060795513,118.9336166381836,5818500
2021-01-20,119.34648208745179,121.55155430124499,119.23387963937813,120.98856353759766,4090200
2021-01-21,120.37862962453416,120.94163466224177,118.32368700896458,119.57167053222656,3654900
2021-01-22,117.98589461267339,119.22449289109095,117.17892830836578,118.3612289428711,2954800
2021-01-25,116.57839833410881,117.29153285838174,112.90013758180766,113.678955078125,6156700
2021-01-26,111.42695178334385,112.87198426975034,108.58380628537077,108.98728942871094,8932500
2021-01-27,107.77685648100315,109.59722356779727,105.18705713794999,107.05433654785156,5816900
2021-01-28,110.18834470455351,112.95642168458879,109.40952730160718,111.63337707519531,5788500
2021-01-29,110.47924293089334,111.08916035730705,108.66826130662896,109.09051513671875,5059300
2021-02-01,110.441707342524,111.9336594018395,109.78487760503114,109.81302642822266,3359800
2021-02-02,110.99532910761395,114.87063894622007,110.9859437800792,113.25670623779297,4036700
2021-02-03,112.6749256851793,113.51942604742636,112.1869889608116,113.01272583007812,2782500
2021-02-04,113.52881793403964,117.67625195674398,113.3505396730087,117.19770050048828,3915900
2021-02-05,118.81162853604636,119.48722172245702,117.88267448178159,118.49259185791016,3184200
2021-02-08,119.04621752119914,120.48185758814705,118.93361507173533,120.0971450805664,3360900
2021-02-09,119.77811096261637,119.78749628943936,118.41752492955422,118.86792755126953,2175000
2021-02-10,119.75935918105122,120.76337454212369,119.01807574117036,120.32235717773438,2929100
2021-02-11,119.59044881015895,121.15746203352856,119.1494386424983,120.39741516113281,3733000
2021-02-12,120.28480923337575,122.41482737575559,120.10652382122848,121.62661743164062,2873300
2021-02-16,120.96040863491268,122.83707305502962,120.34110593999891,122.62124633789062,2730600
2021-02-17,122.05825751602656,123.07165803691417,120.51939324011872,120.63198852539062,3088800
2021-02-18,119.62799043819571,120.88535952182237,118.30494553470653,120.56632995605469,2269700
2021-02-19,121.50465444846694,125.13599586080431,121.50465444846694,123.58775329589844,3419500
2021-02-22,123.40009350244213,128.05422868478476,123.26872753411641,127.56629180908203,3923100
2021-02-23,128.0542066844524,129.78073463376947,125.9992567118371,128.49522399902344,4814400
2021-02-24,128.73920443639676,132.25795099160706,128.37325536736756,131.26332092285156,4099500
2021-02-25,131.94830809434697,131.9670787528417,127.96039507434122,128.62661743164062,3607500
2021-02-26,128.6453501097506,129.72442641063427,125.53945850651854,126.91880798339844,3654800
2021-03-01,129.65870725084537,131.1506659935489,129.6024096224056,130.15603637695312,2972100
2021-03-02,129.71503993897252,131.54478474489716,129.56490336058584,130.66275024414062,2929100
2021-03-03,131.36652149467864,135.35443375433852,131.36652149467864,133.7967987060547,4393700
2021-03-04,133.38395629337296,135.22309425385404,131.3196277011144,133.8812713623047,4461700
2021-03-05,135.7391611797149,138.83566079810552,133.3182619987119,138.2445068359375,5048300
2021-03-08,138.19758550255088,142.11982211802484,137.67212168447364,141.00320434570312,4283400
2021-03-09,139.41741573102667,139.8865818839843,135.22306917816027,136.1520233154297,5806100
2021-03-10,136.71501978079183,139.1452971176725,136.4710585255449,137.7002716064453,3049800
2021-03-11,136.99649899865165,138.70427044776036,136.1801545794694,138.63858032226562,3147700
2021-03-12,139.90533032978163,141.35035555166172,138.89192988212793,139.37985229492188,2420100
2021-03-15,138.9106828432736,139.73641970304655,137.02464040799632,137.92544555664062,2586300
2021-03-16,138.16942217533253,138.1788003433084,134.01261722963713,134.4630126953125,4031000
2021-03-17,135.83292654974284,135.88923849313144,133.14929662725234,135.7578582763672,3278500
2021-03-18,136.5179181367211,136.52729630164328,133.30882464281956,133.78736877441406,3173600
2021-03-19,133.14936416874042,133.18690548337605,131.12257703072436,132.0327606201172,5098300
2021-03-22,130.88797052050455,132.29546889350001,130.24989714615006,131.31959533691406,2274100
2021-03-23,130.37189392878065,130.89735773349125,126.79685010518945,127.68826293945312,4905400
2021-03-24,129.46167981397483,131.40401979818233,129.12387968831118,129.88392639160156,2638900
2021-03-25,129.4428953915867,133.7404576317143,128.32627803061294,133.50587463378906,2766400
2021-03-26,134.87589334112926,135.10108393537905,132.3517770999361,134.8665008544922,2687500
2021-03-29,133.22444396515138,134.24723726880728,131.65743041271045,133.59039306640625,2220600
2021-03-30,134.08769988342635,135.57026685604072,133.81558977579854,134.64132690429688,2034500
2021-03-31,134.56597615116794,134.8294976939229,133.0319073903116,133.11660766601562,2957300
2021-04-01,133.96364329297447,136.11889055827254,133.84130323345158,136.0624237060547,2629200
2021-04-05,138.26473768500375,138.80118722175843,137.04123638175412,137.46475219726562,2960100
2021-04-06,137.3894442674828,137.90708103853368,135.8836088145189,137.5494384765625,2851200
2021-04-07,138.74471443398488,139.62940017486176,137.14475788770815,138.47178649902344,2399500
2021-04-08,138.16120227281812,138.50001777766238,136.16594902835803,138.38706970214844,2295600
2021-04-09,139.48826029325673,139.70472141231764,138.05770404199617,139.08355712890625,1783400
2021-04-12,138.594171089209,139.07416825986567,137.7941997395372,138.8859405517578,1869000
2021-04-13,137.92592318908115,137.97298369356665,135.37539319880383,137.3988800048828,2132100
2021-04-14,137.22946413422153,139.99645519342755,137.1259367693924,138.74472045898438,2141800
2021-04-15,138.8294488031621,139.84589558300914,136.93773678449963,139.7894287109375,2901200
2021-04-16,140.89996108870903,141.59640481694117,139.93998142232144,141.16348266601562,3480000
2021-04-19,140.4105400740263,140.7117013984524,139.10233870792098,139.7987823486328,2259100
2021-04-20,138.5470968316778,138.8200247989489,136.00597302464362,136.56126403808594,2526700
2021-04-21,135.52597104500006,138.70707134972233,134.60364554087033,138.51882934570312,2161700
2021-04-22,138.88592186061229,140.15646948999134,137.2859506548842,138.5000457763672,3247300
2021-04-23,133.21075414995664,136.44832191337346,132.40136220910244,135.83657836914062,6395300
2021-04-26,138.1612301603341,142.227002678283,136.99419555011877,141.49290466308594,4821100
2021-04-27,141.83170721733376,142.00112216882536,140.09058336094694,141.51171875,2692100
2021-04-28,141.8129012106446,144.4293192841149,140.64588089502809,143.56344604492188,2584500
2021-04-29,144.7963433538445,145.95395711155,143.13990547136504,145.5304412841797,2636000
2021-04-30,144.56107860980708,144.97517378667033,143.5069776881168,144.32579040527344,2712700
2021-05-03,145.492781316845,146.86687047250751,144.94691106929957,145.6904296875,2726200
2021-05-04,145.38929507393996,146.57515691156974,143.8458049018971,145.4363555908203,3025100
2021-05-05,145.7562880027134,147.5068322862751,145.23866559890772,147.1868438720703,3001600
2021-05-06,147.62921369636973,148.2409572095155,144.95634346411182,147.64804077148438,2798800
2021-05-07,146.45275577739994,149.88795700234786,146.1986405558944,149.6244354248047,2617800
2021-05-10,150.3491423229286,151.2338281498262,149.17270145968192,149.34210205078125,2987600
2021-05-11,147.25274665237043,148.5044670113951,144.6080957017623,145.34219360351562,3900100
2021-05-12,145.6151581776343,146.7257115564908,143.1211090736927,143.3375701904297,3487400
2021-05-13,143.44107892086382,145.69983953790586,142.8763815861784,145.01280212402344,2269700
2021-05-14,146.24570666731088,148.6456487470646,145.43631483071138,147.90213012695312,1892700
2021-05-17,147.80800217995002,148.11858422653455,146.70685548433988,147.62918090820312,1541400
2021-05-18,148.0997745151719,148.9844602617149,145.7468930023869,145.86924743652344,2417800
2021-05-19,143.1210871579117,145.67160273993903,142.7916779934848,145.62454223632812,3526800
2021-05-20,146.3210203149198,147.0551183166886,144.87163702671373,146.3774871826172,3031100
2021-05-21,147.47866234024025,149.46449561153585,147.14926742883733,147.63865661621094,3424100
2021-05-24,148.41974247610733,149.55854328994295,147.7138781196634,149.30442810058594,1956900
2021-05-25,149.7091511542909,150.65971011152234,148.4574164714917,148.71151733398438,2484200
2021-05-26,148.85271867678648,150.00092615203812,148.1091999807403,149.2480010986328,3731600
2021-05-27,150.56560439473682,150.8573594329733,149.50211161286032,150.33973693847656,2828400
2021-05-28,150.82909665318323,151.1867392038072,149.51148887853861,150.70675659179688,2436400
2021-06-01,152.9467128672114,154.45256286027075,152.04321436005569,154.12315368652344,3827800
2021-06-02,154.92312978194383,155.93957631141853,153.70904924889982,154.4619598388672,3384600
2021-06-03,154.04786079124304,155.68547159269193,153.23848328850556,154.83843994140625,2454800
2021-06-04,155.29019165039062,155.977229083321,153.70906204679474,155.29019165039062,3239300
2021-06-07,155.88309321186446,156.8430584223092,155.6383843708571,156.15602111816406,2516400
2021-06-08,155.15843798494294,157.30426503755467,154.00082416044603,156.71133422851562,2486300
2021-06-09,155.54431401484322,156.36311228555726,154.16081836793623,154.43374633789062,2700100
2021-06-10,155.45961012368508,155.48785791921705,152.57968489949565,152.68321228027344,3024500
2021-06-11,153.40788986365038,154.85725870064314,152.9467198714547,154.8290252685547,1630100
2021-06-14,154.63141236475636,155.17728272777686,153.51143820277056,154.1702423095703,2125700
2021-06-15,154.28315021321467,157.07837479041228,154.16081013156142,156.48545837402344,3726100
2021-06-16,156.024271984951,156.8430701257952,154.60313677343493,154.98899841308594,3281300
2021-06-17,156.20310347056045,156.23133690065046,151.08323085511648,152.58908081054688,4194400
2021-06-18,149.36093136666403,150.27385063910907,147.99626281699227,148.86212158203125,6900200
2021-06-21,150.65974167799408,155.48786012883636,149.7656493917627,155.1960906982422,3681400
2021-06-22,153.80317917117273,155.51608405255863,152.89968058212284,154.8196258544922,2697600
2021-06-23,155.31843671586836,157.04074796648354,155.09255488664218,156.25018310546875,2327600
2021-06-24,157.2290058483573,158.6595623199056,156.61726218952063,158.31134033203125,2417100
2021-06-25,158.53714942081342,160.38181479862067,158.53714942081342,159.47830200195312,9186000
2021-06-28,158.69716816517214,158.91364363210465,153.5961221102588,155.08314514160156,3433400
2021-06-29,155.8266484379156,156.53251291311358,153.62434036105225,154.58432006835938,2785900
2021-06-30,154.06666014979857,156.38190160011715,154.06666014979857,155.50662231445312,2331800
2021-07-01,156.3086925592261,157.93169981497275,155.4028367503508,157.5259552001953,2685900
2021-07-02,158.24314193955544,159.45095966287505,157.5920497734191,158.99803161621094,2028700
2021-07-06,162.81019436695212,162.81019436695212,158.33749956351448,159.9982452392578,4688100
2021-07-07,160.03598030540425,164.90498839957772,159.82838531863214,161.33815002441406,3998900
2021-07-08,157.53541011426515,160.45115644094577,156.25210219079267,158.0543975830078,4628400
2021-07-09,160.41343117748437,162.59316432092928,159.66798686198,162.24403381347656,3175200
2021-07-12,160.47948828817698,164.2822290070071,160.30020038756408,163.8104248046875,3154100
2021-07-13,164.18786538180032,164.88614079727972,162.6969623476612,162.88568115234375,2675000
2021-07-14,163.11215948137573,164.70686008749192,161.36647806559023,162.7913360595703,3123100
2021-07-15,161.48913031666524,163.4895753848618,161.4513923184233,163.1027069091797,3448200
2021-07-16,163.94252110029385,163.989689999479,159.97935448292083,160.4228515625,4359800
2021-07-19,156.3087200357013,156.99756450952756,152.37387487810727,153.62887573242188,6739800
2021-07-20,153.7515615700374,160.01712103785235,153.4024310545808,159.34715270996094,4243700
2021-07-21,161.11171425539263,163.82929683964957,160.16810579181058,162.78189086914062,3384500
2021-07-22,162.5365418547081,163.4424122258505,159.516997948102,161.26266479492188,3335900
2021-07-23,166.57517130911162,169.53810078205134,163.19705188228022,163.41407775878906,6326600
2021-07-26,163.48014472290856,165.53720399062342,162.58371968057116,162.87623596191406,3115900
2021-07-27,160.84747751261395,165.24468125771463,160.37567336155988,163.1876220703125,7922600
2021-07-28,163.24421457041106,163.66883537026587,160.13975000430312,160.43226623535156,7961700
2021-07-29,161.72503012844288,164.01800584365532,161.35702345789278,162.25344848632812,3186900
2021-07-30,162.6025954274719,163.47071336909647,160.24357458664846,160.9135284423828,3441900
2021-08-02,161.489121747593,163.58393329771866,159.24332941586988,159.72457885742188,2895700
2021-08-03,160.1775520267047,160.68709431055512,155.97849684145731,159.50758361816406,3642000
2021-08-04,158.80929590543698,160.82861729667675,157.88456370900946,158.58282470703125,3544400
2021-08-05,159.14898404833917,160.91352701415084,158.82816067243166,160.0642852783203,2535400
2021-08-06,160.9135348890538,163.10271322823675,160.16809060874994,161.6967315673828,2828700
2021-08-09,160.74369987126593,161.47026798681173,159.27165864362823,161.14944458007812,2560200
2021-08-10,161.10228586168478,162.01758731927563,159.16788542868375,159.93222045898438,3389500
2021-08-11,159.89440537354693,161.10222270833893,159.15839213510552,161.0456085205078,3843400
2021-08-12,160.43230407842373,160.51722537876245,158.49790398021966,159.0168914794922,3372800
2021-08-13,158.6111251517932,158.80928924187353,156.27098045974444,156.7144775390625,4157700
2021-08-16,155.4783744039056,156.5446422031461,153.45905281805614,156.40310668945312,3845400
2021-08-17,155.46892507026587,156.96927346809733,154.1384480811042,155.36512756347656,7631600
2021-08-18,154.59134431108404,155.82746883872755,152.9211536447965,152.98721313476562,3563700
2021-08-19,151.1283243324954,152.00587323058875,148.4579108409504,150.06204223632812,4256400
2021-08-20,149.89221320321116,150.96792629731934,149.1467544389816,150.741455078125,3075000
2021-08-23,152.13797566767076,152.72302265640496,151.08113888542258,151.40196228027344,2006300
2021-08-24,151.54347813538104,152.77015723994495,151.15659532938506,152.10963439941406,2377600
2021-08-25,152.75134813021822,157.79964495111284,151.4491637966528,156.80885314941406,3579900
2021-08-26,156.61070198214276,157.11081332916254,155.11036794108338,156.1766357421875,3164700
2021-08-27,156.02564560611248,159.3660128121735,155.84635771682997,159.13954162597656,3002300
2021-08-30,158.6771819970904,158.80928658883008,154.94993193170873,154.99710083007812,2582100
2021-08-31,154.84616020169523,157.0447553303831,154.48758436517582,156.6012725830078,3536300
2021-09-01,156.95978093189,157.84677492327415,154.87441492078474,155.16693115234375,2569000
2021-09-02,155.74255280546984,155.77085990260622,152.05304089661706,152.91172790527344,4350600
2021-09-03,151.68504751249654,152.18515880344032,149.25053615743678,150.3168182373047,4206500
2021-09-07,149.9110618664786,151.6001289651549,149.62799086520013,150.713134765625,3779000
2021-09-08,150.21301400940152,150.27905910610164,147.95779065181745,149.96766662597656,3056700
2021-09-09,149.82614693296424,153.00610276791127,149.59967572399603,150.40174865722656,3295800
2021-09-10,152.0813380365557,152.35499248871696,149.45810828598962,149.76950073242188,2943700
2021-09-13,151.5812149688089,152.67580389522132,150.74140427833962,152.3455352783203,3192500
2021-09-14,153.50622338802668,156.4785987927111,149.8261560088818,150.48667907714844,4281500
2021-09-15,150.99618964627572,153.15704610977673,150.23186930066322,152.2417449951172,2933100
2021-09-16,153.9025425294159,155.22358858785603,153.0532862932854,153.45904541015625,2765000
2021-09-17,152.45879868354865,154.98766199547765,152.45879868354865,154.67626953125,6390600
2021-09-20,150.37342532958942,152.99665535753783,149.04293411732422,151.51519775390625,5976900
2021-09-21,152.77963454655418,156.02564964105136,152.5720395534186,154.0629425048828,3480600
2021-09-22,156.2804404236822,159.1112660189813,155.60104112894453,158.0449981689453,3562800
2021-09-23,159.93216409695776,164.282198613486,159.7623071284204,163.58392333984375,4399200
2021-09-24,163.59336678079734,166.07506122358953,163.5273216867553,165.81085205078125,2680400
2021-09-27,167.65092342420428,168.71720565547457,166.38649146749992,166.8016815185547,3703300
2021-09-28,165.59382806881166,167.2451426169311,162.95172191215656,163.3763427734375,3862200
2021-09-29,163.1404542363366,163.22537553597752,160.7908641580219,161.8665771484375,2726100
2021-09-30,162.4704599368946,162.64031690730926,157.96945899653264,158.0826873779297,3088200
2021-10-01,158.99802383157189,165.24470716336694,158.97914763104086,164.13125610351562,3956000
2021-10-04,164.07463480763357,167.23571433962385,162.1874179891361,162.92343139648438,3613900
2021-10-05,163.64999787966045,166.13169257880267,162.90455357901823,164.90499877929688,2629400
2021-10-06,162.8196303513638,165.0371014258366,160.31905948229272,163.62168884277344,2922200
2021-10-07,166.0149569669564,167.31090956196962,164.31223657277997,164.87034606933594,3578800
2021-10-08,164.45412437926313,167.41495086683003,164.15141214197965,165.68385314941406,2375300
2021-10-11,166.28926543637309,167.23521953949262,163.96222642580295,164.085205078125,2499200
2021-10-12,164.22707453996142,167.01763595352287,163.74464319617556,165.45681762695312,3069500
2021-10-13,163.44198204287682,164.6811798606832,158.05004544465362,159.60140991210938,5608100
2021-10-14,161.75815392400713,163.06357522371394,160.6324662158964,162.24058532714844,3061900
2021-10-15,164.3784267404781,168.16224265113993,163.7919254591292,166.30816650390625,3043900
2021-10-18,166.0906377116991,168.0109235545698,164.90819497918682,167.2636260986328,2623300
2021-10-19,168.12441078891396,168.37982242628087,166.73385716808022,167.72711181640625,1400100
2021-10-20,167.38659945079598,170.0541973291129,166.68660255283018,169.8933868408203,2398500
2021-10-21,169.87445821673097,170.07310051708632,166.4973947695329,167.8784942626953,3313800
2021-10-22,175.00151462320994,178.81370862486744,172.35284016371142,176.96910095214844,6026100
2021-10-25,176.63799378534094,177.09206211694226,172.00282476462124,172.45687866210938,3889600
2021-10-26,173.50691819252881,173.5825962608672,167.92579416814172,171.17041015625,3832200
2021-10-27,170.36635042840723,173.80015422285246,168.29470850321354,168.40821838378906,3309900
2021-10-28,168.75819411046103,169.5433376917912,163.66897121614844,165.17303466796875,4865700
2021-10-29,166.13794528560098,167.12173132935936,163.68791287100672,164.38792419433594,3455400
2021-11-01,165.14467614864722,166.55415301912183,163.9716878141111,164.794677734375,2250400
2021-11-02,165.5419958587944,165.73118382438113,163.24333393038822,163.81089782714844,3252900
2021-11-03,163.36627559610992,164.43520838344415,162.46762205815702,163.28114318847656,3831200
2021-11-04,162.82709895207168,164.61495178950787,162.38249932911157,163.20547485351562,3315400
2021-11-05,166.6582096215507,168.18119651203477,165.87308031121935,167.14065551757812,3936000
2021-11-08,168.44607595335643,172.24880154933913,168.1811954906879,170.31906127929688,3392000
2021-11-09,170.04466580527642,171.3973873716072,168.78654540144262,170.13926696777344,3203300
2021-11-10,169.666323271438,173.5636494369751,169.666323271438,171.58660888671875,3296700
2021-11-11,172.1541907367565,172.85418752837546,170.9717481194391,171.50148010253906,2119700
2021-11-12,170.94335153495254,172.52309296293424,169.94062818294506,172.0595703125,2390200
2021-11-15,172.66502666154332,173.989356826881,172.201503886617,173.23260498046875,1748300
2021-11-16,173.48794473363088,173.48794473363088,170.02576432483897,171.14198303222656,3299200
2021-11-17,171.38794181412442,171.91768818812125,168.56900288596276,169.90280151367188,3543500
2021-11-18,170.2717287061706,170.62172708515035,166.33655640077413,166.6865692138672,4011500
2021-11-19,164.34060700729233,165.79738445098602,162.55275427847883,164.16087341308594,4456500
2021-11-22,165.53252241532098,165.77846529879818,161.6541046147131,161.66355895996094,4651700
2021-11-23,162.0419178545106,162.65678216101168,158.75945642577182,161.61624145507812,5890300
2021-11-24,159.37439369686325,162.6852341057216,158.82573841130105,162.33523559570312,3590600
2021-11-26,156.16757423964972,156.30947602905218,146.14992280115626,148.34454345703125,6804200
2021-11-29,152.06214583075774,152.68647910053386,145.99857561835734,149.32833862304688,6258500
2021-11-30,146.7080383533092,147.4458814994223,143.50125408470495,144.06883239746094,7444900
2021-12-01,147.66346179689236,148.58103855919725,141.78907964892832,141.94989013671875,6145500
2021-12-02,143.4823234527712,149.37562840146916,143.27422681203697,148.2972412109375,6289300
2021-12-03,149.5364261616553,149.77291468713221,145.3269332949891,147.5120849609375,4069300
2021-12-06,150.47292316627957,153.94457292468135,149.50804595843195,151.9958953857422,4141900
2021-12-07,155.60949294115335,160.01764374337074,155.28787192145117,157.9270782470703,5124500
2021-12-08,158.90139515324424,161.32303578900928,158.23923004723298,159.800048828125,4042400
2021-12-09,158.77839852244247,159.70542948174744,157.54865532836064,158.939208984375,2245300
2021-12-10,160.22574497485664,161.3608872552733,156.99058298031645,158.00274658203125,2768500
2021-12-13,157.40679983302792,157.40679983302792,153.2351520726365,154.47434997558594,3477600
2021-12-14,153.37698081169216,156.32835266948675,152.3553487607373,154.04861450195312,2964200
2021-12-15,153.916202989807,154.23782393012564,149.96210721690397,153.4716033935547,5013000
2021-12-16,155.13647535827263,156.25269428918287,153.14996593674655,154.19052124023438,4900100
2021-12-17,152.29862140683923,152.60133366968773,148.4675041305895,151.36212158203125,9576800
2021-12-20,148.5148077009853,149.65941862090176,145.4688340571021,147.4647979736328,3839600
2021-12-21,149.2242820991678,152.34593399345385,149.00671666444265,152.2135009765625,3722400
2021-12-22,151.85400995140017,154.35132818871313,151.778331891589,153.6891632080078,2877700
2021-12-23,155.00402606871444,157.40674292500387,154.74861444213496,155.31619262695312,3140500
2021-12-27,156.08243421822678,156.08243421822678,153.74592632095806,155.50540161132812,1687300
2021-12-28,154.75811715491528,157.1513801920846,154.75811715491528,155.5243377685547,2035300
2021-12-29,155.72295962086415,156.01620308296663,154.43646146503949,154.9756622314453,2082200
2021-12-30,155.72297263697362,156.83920607614786,155.1364856637471,155.287841796875,1632900
2021-12-31,155.23106417954958,156.24322749949212,154.42699746961534,154.75808715820312,1743600
2022-01-03,155.61894538441962,159.29870723948412,155.51488982824586,159.11898803710938,3236400
2022-01-04,160.5473504980283,164.64333398039608,160.43384061116407,164.22711181640625,4799500
2022-01-05,165.2676420968033,166.7811599499478,162.2311231778579,162.47706604003906,4491900
2022-01-06,163.62455887403888,164.7151451036365,160.97872927818423,163.96595764160156,2649400
2022-01-07,163.57716678412694,166.2988645927134,162.97971527674255,165.3695068359375,3043000
2022-01-10,167.10491448004223,167.10491448004223,161.68995422099948,164.76254272460938,4269400
2022-01-11,165.52121853148097,166.64025347315592,163.57715705262785,166.3178253173828,2762700
2022-01-12,167.1239019385267,167.68342666539863,165.17034784261506,165.45484924316406,3224300
2022-01-13,165.88157988742924,167.2661455338834,163.91854788558646,164.33580017089844,3808800
2022-01-14,159.9924649811075,159.9924649811075,156.19915199161883,159.69847106933594,6508500
2022-01-18,159.2338369826603,160.2106141498203,156.32246163194594,157.583740234375,4336300
2022-01-19,158.11475888114254,158.11475888114254,152.84205633280567,153.05068969726562,3592000
2022-01-20,152.7946432249493,156.06638726833543,151.22042932518843,152.60498046875,4205600
2022-01-21,151.68508185161346,153.51536267133923,149.53237293982042,150.53761291503906,3779100
2022-01-24,147.76851694745727,151.21093870373727,144.95198084755665,150.71780395507812,5405000
2022-01-25,157.55526583650445,165.45484244497868,151.4101024007121,164.1651153564453,13320800
2022-01-26,167.8066597881856,169.9593686959908,164.08921525328165,166.26089477539062,8257300
2022-01-27,167.56957112384413,168.99206326321521,161.81322712443182,163.01759338378906,3649900
2022-01-28,162.88485292857771,168.05325340128445,160.99768899621873,167.91099548339844,4271500
2022-01-31,166.82042959461748,170.8223760551481,166.1660807724901,170.5283966064453,5524300
2022-02-01,170.62320887284915,174.53031644615464,169.75074866086538,174.05615234375,3471200
2022-02-02,173.07938422204384,175.04243065124902,172.25434327255567,174.64413452148438,2841400
2022-02-03,175.25108856557262,176.19941695124092,172.89923822081118,174.5303497314453,3380900
2022-02-04,175.35539522513946,178.9305826157302,174.66310512459853,176.246826171875,4075800
2022-02-07,176.0381686408504,179.1486839835406,175.20363519318326,178.16241455078125,3260800
2022-02-08,178.36160566483997,184.47832089783526,177.91589016306992,183.9757080078125,5133900
2022-02-09,184.26019765340448,188.45180714103068,184.26019765340448,186.25167846679688,4614200
2022-02-10,186.21376927192352,187.9871387881651,184.55419453565878,185.40768432617188,4511100
2022-02-11,185.33179331373333,187.01033846177705,180.60912241638175,181.8988494873047,4834900
2022-02-14,182.3255891647178,184.11792902784183,181.05483274754863,182.41094970703125,3841300
2022-02-15,184.5921105823675,188.1104151858174,184.1463950928925,187.7500457763672,4134300
2022-02-16,187.2948153269679,189.2388909877208,187.04825520978378,188.1293487548828,4122600
2022-02-17,185.52148306841696,187.18105771068213,184.23175591047143,185.59735107421875,3051700
2022-02-18,184.84815320603474,187.53192407077046,184.16535566241015,184.8102264404297,2806300
2022-02-22,185.0947022777318,186.0145818447596,181.84194330159468,182.4962921142578,3420600
2022-02-23,184.3075803860106,184.40240451811016,178.80727426236896,179.1865997314453,3562100
2022-02-24,171.14482807508642,178.759903994797,169.7982034790469,178.61766052246094,5886600
2022-02-25,179.8599510379784,184.21277451502675,179.6702882697404,183.70068359375,5426200
2022-02-28,179.83152658770737,185.04733300422686,179.45218652975433,184.48780822753906,5787800
2022-03-01,184.61106234687483,184.7059009618892,167.63599212385722,168.8593292236328,8562500
2022-03-02,170.49995295958746,172.82336906531276,168.89729015354374,170.9930877685547,4058800
2022-03-03,172.70006226116874,173.97081867327043,169.49470807002942,170.5947723388672,3339900
2022-03-04,167.49372961387567,167.6928849118148,161.99343738187372,164.01336669921875,5348600
2022-03-07,161.33906456236588,161.93650142656836,150.86003614518629,150.90745544433594,7760400
2022-03-08,152.22566847827756,157.697512555902,147.67368957344667,151.7799530029297,7058900
2022-03-09,159.33812514414714,161.90808673579545,158.0958173854159,159.93556213378906,4788200
2022-03-10,157.0336661424979,162.1261985128842,156.31294190615526,160.8364715576172,3840900
2022-03-11,162.8753892854397,163.40645083044612,158.96828122974233,159.2243194580078,3000000
2022-03-14,162.477097277623,165.6824517180268,160.9408099874139,163.8616485595703,4614600
2022-03-15,164.62030884777585,169.08694158162695,164.41167546069667,166.94371032714844,3827300
2022-03-16,169.92148593170663,173.3165035432531,167.19030981614858,171.27760314941406,5239300
2022-03-17,170.86975798548085,178.01068222022784,170.75596323874578,177.3089141845703,6398900
2022-03-18,178.94008315755406,181.13071938565454,175.28901313049153,180.8651885986328,8744100
2022-03-21,180.91258066640833,181.60485622329267,177.86844067816995,179.3193817138672,3166200
2022-03-22,180.6565350929416,184.307604713665,180.2392683396771,181.4436492919922,3007000
2022-03-23,179.0728509883528,179.8220240468588,175.6114436948593,176.40805053710938,3664600
2022-03-24,176.96751273055,179.5848931572539,176.10453066028333,179.12969970703125,2424400
2022-03-25,180.57119380278067,181.37726416989267,179.23404743632616,180.44790649414062,1871900
2022-03-28,180.13498555405445,180.13498555405445,176.66409996629895,179.8979034423828,3043700
2022-03-29,182.39199788234626,183.9757045302636,180.5237898282002,181.07382202148438,2764100
2022-03-30,181.5005988778813,182.17391850892352,178.66509133104975,179.95481872558594,2278000
2022-03-31,179.73667192371454,181.2350324607071,177.28050495771802,177.33740234375,3801600
2022-04-01,178.47538847059988,179.63235018861457,176.65459981692317,177.4986114501953,2647000
2022-04-04,177.9253461191685,178.75987963071228,176.00024088077274,177.96328735351562,2971400
2022-04-05,177.80208558643747,180.9789768416333,175.25108003786661,175.820068359375,2974700
2022-04-06,174.95708685700612,175.3174417579522,172.33969158402192,174.21739196777344,3143300
2022-04-07,172.62922092899908,174.29350656978332,170.33725836380705,173.45660400390625,4062400
2022-04-08,174.03669659920044,177.57449290409753,173.01909801972513,174.70240783691406,3075600
2022-04-11,172.19173220464282,173.50414485473937,168.56834720433423,168.8726806640625,4816800
2022-04-12,167.92165713047697,170.4703845051572,166.15275883632657,166.9420928955078,4348900
2022-04-13,165.6962475126839,171.20266266785737,165.47751692706896,170.79371643066406,2980600
2022-04-14,170.4894220957232,173.53268431144068,169.92830906091336,172.28684997558594,2667100
2022-04-18,172.44850584651218,176.7851559193219,172.1346674186881,175.4442138671875,2182700
2022-04-19,175.94823438021336,178.87737821109909,175.66293994166605,178.00244140625,2713800
2022-04-20,179.10565653941552,180.8365059558974,178.44945020436367,179.2292938232422,2256200
2022-04-21,181.58780409920368,182.99530996912998,175.53931488721815,176.6425018310547,3973200
2022-04-22,176.34769343924802,176.46182574700927,171.48799346702185,171.69720458984375,4373700
2022-04-25,171.16462653073208,175.23499218247568,169.27210545421067,175.0828399658203,4408900
2022-04-26,174.2744483988136,174.90212520184392,169.7951369553543,169.89974975585938,3728100
2022-04-27,168.95826272322827,170.62254817673977,166.9040554807253,168.9297332763672,4085800
2022-04-28,171.51648222408502,174.88308702023838,168.91068190494101,173.06663513183594,2703200
2022-04-29,171.26921913128945,173.38048507205252,165.79134816984313,166.15274047851562,3210100
2022-05-02,166.09570188958935,166.3144470230082,159.30541702523487,163.214111328125,3881800
2022-05-03,164.5265222860682,165.47754264610327,161.98729966614482,163.68011474609375,3152300
2022-05-04,163.78470865074573,169.44327623716566,162.81466393234257,169.1104278564453,2930400
2022-05-05,167.98818944300217,168.1023072110501,161.03623485205978,162.63394165039062,2987100
2022-05-06,160.88410835305623,161.66395199334616,156.92786027616305,158.96304321289062,3129800
2022-05-09,156.9468558820904,157.88837106482936,152.52461794158035,153.13327026367188,4485200
2022-05-10,155.41569814089155,156.6615321111088,150.63206834838547,153.90357971191406,3014800
2022-05-11,153.80848300761485,156.86126403863605,151.250236512039,151.58309936523438,2644300
2022-05-12,147.9787573515266,149.46234662618605,142.5389203368304,145.76287841796875,5314800
2022-05-13,148.321101822861,152.24880498509532,148.24501847316196,150.9744415283203,3625100
2022-05-16,149.70009190139362,150.96495049808925,146.7614429909334,148.76808166503906,2811300
2022-05-17,153.18087365335472,154.78808605370673,150.64163623528427,153.92266845703125,2928100
2022-05-18,152.9145108351215,152.97158422897132,147.7885132327522,148.45423889160156,2697700
2022-05-19,146.0481910487008,148.7966390714902,145.7438575942795,146.45712280273438,2768300
2022-05-20,146.78999288179546,147.2179491255095,142.3772591568532,145.73435974121094,2982500
2022-05-23,148.93928707756953,151.74479400969298,148.37818859342843,151.25025939941406,2726600
2022-05-24,149.5859455249388,150.23264674052166,145.42999232100738,148.00726318359375,2817800
2022-05-25,149.4432909337228,153.83699894627173,148.4257070203216,152.64822387695312,4381000
2022-05-26,154.73101052050524,158.60167037246921,154.73101052050524,157.27023315429688,2463900
2022-05-27,158.89648491090858,161.36912916216576,157.90741560127034,161.29306030273438,2157500
2022-05-31,159.71433658419687,162.41523050115393,158.85840968730193,160.55123901367188,4123500
2022-06-01,160.43713070058834,161.0743125959337,155.81517120306012,157.64112854003906,2276400
2022-06-02,158.0024846391138,160.90309895297563,157.80276402575268,160.8555450439453,1707000
2022-06-03,158.7252552699916,159.8094176471443,157.85031848416799,158.65869140625,1390700
2022-06-06,160.8175250445545,161.9206974713382,158.1261360799487,158.8394012451172,1486000
2022-06-07,156.57597729362107,161.1789119359448,156.39528111977725,160.4276123046875,2083100
2022-06-08,158.58261363756515,160.38004118169619,157.09902449147808,157.83131408691406,2313900
2022-06-09,158.078612762731,158.41147570880196,153.0477066976185,153.0952606201172,2273800
2022-06-10,149.55743073803615,150.14707312707964,146.79947797532424,146.85653686523438,2733300
2022-06-13,142.5199522517424,143.63264464793605,138.2593838907626,139.1248016357422,4156500
2022-06-14,138.80138556304365,140.18036185414678,136.23363410522822,137.51751708984375,3574800
2022-06-15,139.50516243997333,140.64638383479107,136.41434663532425,139.0581817626953,3327800
2022-06-16,135.60597907896067,135.61549856912683,129.80476404202594,130.76528930664062,4815100
2022-06-17,131.24078979953393,138.43050031020343,130.85086802825901,137.1180877685547,10033600
2022-06-21,141.41671528581207,141.41671528581207,137.0990895217173,137.66969299316406,3518800
2022-06-22,135.26360288459838,139.18181608938593,134.4171954626397,137.31781005859375,3419000
2022-06-23,137.44147459472052,137.54608742094584,132.63881859124507,134.7120361328125,3915000
2022-06-24,134.6929768888382,139.10570942437158,134.09382960228172,138.9915771484375,8957200
2022-06-27,140.74147282167976,141.48326735457087,136.89934340942875,137.22268676757812,3151500
2022-06-28,138.92499181494733,142.18698317882573,134.90218161191038,135.22552490234375,2649300
2022-06-29,134.71199560435818,134.74052504734374,131.66873409076723,132.63877868652344,4164900
2022-06-30,130.49097071255179,133.516984958765,128.19998651176192,132.32376098632812,4123500
2022-07-01,131.79879191369085,134.49069839383654,131.22603841626758,134.02294921875,2625300
2022-07-05,130.98734091518614,133.3069610595703,129.48864478643438,133.3069610595703,4057000
2022-07-06,132.9633418698922,134.1183892108041,131.58875993809988,131.8751220703125,4401300
2022-07-07,133.8128999814485,135.71251775811072,132.82968460952418,134.62429809570312,4258000
2022-07-08,135.30210114864215,136.6098703791703,133.37384651479863,135.32118225097656,3631800
2022-07-11,134.08974362842233,135.84616588997937,133.48835406134847,134.1947479248047,2373600
2022-07-12,131.28330249211535,135.44526921992104,130.8346490130424,132.8583526611328,4047400
2022-07-13,130.6246235209534,133.6601931669888,130.16642955077356,133.06834411621094,2753800
2022-07-14,129.53641984431985,131.00648025644298,128.02818266565316,130.28099060058594,4600200
2022-07-15,133.36426425697232,136.60982765753457,132.56240667215414,136.00843811035156,3296600
2022-07-18,137.78394844584952,139.41628517082756,135.09204286722323,135.86524963378906,3330300
2022-07-19,137.84125093293656,141.2109148394242,137.84125093293656,141.06773376464844,3372300
2022-07-20,140.19906567878212,142.32778813490506,139.72177599967878,142.16549682617188,2802300
2022-07-21,141.47818084783344,143.50188396502597,139.79811223818976,143.3586883544922,4683000
2022-07-22,151.78762503270661,153.5726979436034,145.6878648615088,146.06015014648438,9298400
2022-07-25,147.2438308263668,147.74975660009108,144.34191667961392,146.80471801757812,4213800
2022-07-26,145.7928709033047,146.5279009342762,142.0795585567197,143.02459716796875,2812700
2022-07-27,144.71422267397247,145.78334679176285,140.5808927008187,144.74285888671875,5029100
2022-07-28,144.8669153242836,145.71649011926067,140.83859045846768,145.2296600341797,3587900
2022-07-29,145.44924267311364,147.36795638017173,144.41829528552816,147.02430725097656,3197900
2022-08-01,145.8979276799523,147.74027369412755,144.90517140617956,146.3656768798828,2295600
2022-08-02,145.11515497232034,146.3370153591227,143.98874377983782,144.7142333984375,2562900
2022-08-03,147.0720406437419,148.95254847579858,146.34655104923291,148.37025451660156,2609300
2022-08-04,148.93345890491517,150.54670017054698,148.20796935167573,149.74484252929688,3693300
2022-08-05,149.3725281357018,150.86166914781177,148.91433426252655,150.35574340820312,2513600
2022-08-08,151.77812344833887,153.48681415245437,149.81169222977587,150.13624572753906,3080700
2022-08-09,150.47987328829996,151.7208292338743,150.1266836247169,151.58718872070312,2997900
2022-08-10,154.42230796295027,156.75148394419446,154.29820798446138,155.06187438964844,3225400
2022-08-11,156.89466789675737,157.4292300204632,154.81367726864488,155.58689880371094,1968200
2022-08-12,156.99966504864932,158.4601702720433,155.8637133047374,158.30743408203125,1942600
2022-08-15,156.81829642984974,158.517446529014,156.3219110831885,157.88742065429688,1852800
2022-08-16,157.505597811372,158.4410815260304,156.5128416643892,157.83970642089844,1876000
2022-08-17,155.88278186551076,157.00917829811468,154.832738948912,156.4555206298828,1804100
2022-08-18,156.48416480787435,157.49603101799403,155.92096656289476,157.1714630126953,1397700
2022-08-19,156.07372113830337,156.48418326045257,154.6513926867154,154.87095642089844,1895400
2022-08-22,151.75901551003173,151.959483575219,149.84985687890284,150.5371551513672,1969300
2022-08-23,150.82351100726726,152.3508435273007,150.05984474725054,150.18394470214844,2885200
2022-08-24,149.89756903686816,152.31265322225278,149.1911751926249,151.90219116210938,2029200
2022-08-25,152.73268149028797,154.95685291237712,151.56809362866665,154.86138916015625,1936300
2022-08-26,155.79691380123109,156.15964407672902,150.05034160505488,150.16488647460938,2373700
2022-08-29,148.79982296551685,149.4011980077827,147.39659025735676,147.5206756591797,2693600
2022-08-30,148.57072228694676,149.0289162744486,145.95516975041377,147.63523864746094,2104500
2022-08-31,148.49435406580787,149.2675609708347,144.94331789287236,145.09605407714844,3271600
2022-09-01,143.96963840863694,144.4946453031974,140.9436096009314,144.2464599609375,2425200
2022-09-02,146.5088038117134,146.98609338654438,142.16546576760717,142.9864044189453,2028500
2022-09-06,143.18691502415632,144.43741175151774,139.89361889174597,141.8505096435547,2797600
2022-09-07,141.65955045514042,145.76424401525367,141.64046935805644,145.33468627929688,1766400
2022-09-08,144.06511542285207,146.70930433138332,142.71915502798754,146.54702758789062,3399200
2022-09-09,147.43473915997083,151.38669605343586,147.2915581211834,151.24351501464844,3543500
2022-09-12,152.2554049881823,156.0259904744312,152.10266879774935,155.0714111328125,4146300
2022-09-13,150.9571538315957,152.55129934481783,147.8070395641642,148.29388427734375,3519800
2022-09-14,149.0861547162746,150.40347851648312,146.52788975637387,149.20071411132812,2840200
2022-09-15,149.32479896197142,151.57760618047763,148.81887321323967,149.03843688964844,2371600
2022-09-16,147.0815935461784,147.0815935461784,143.67373814653112,146.12701416015625,6527200
2022-09-19,144.38012974390358,148.41799640147877,143.85510817714433,148.30345153808594,2472500
2022-09-20,146.6042833316076,147.568403132872,145.22014632877108,146.50881958007812,1725900
2022-09-21,147.64475855287287,147.77839905411355,141.90774298184635,141.95547485351562,2599900
2022-09-22,142.06048427810896,142.12729724828242,135.99890050013548,136.53346252441406,3249400
2022-09-23,134.3856522065203,135.51206318301632,131.81783195037553,133.88926696777344,3035600
2022-09-26,133.67925028543945,134.87247415624742,130.49095959841367,131.20689392089844,3808700
2022-09-27,133.10654396589982,134.00385086567323,129.91825250282272,131.2451171875,2828700
2022-09-28,132.20922822398373,134.7674936630521,130.31916535737923,134.1756591796875,5269500
2022-09-29,132.10421697832348,132.63877900819608,129.67003706698227,131.53146362304688,2280700
2022-09-30,131.15918056166333,132.37150026388457,128.50545146375882,128.78228759765625,3717200
2022-10-03,131.68420078612542,134.37612118421063,128.79182690818797,133.66018676757812,2677100
2022-10-04,136.5334834978554,138.93902754235674,136.5334834978554,138.85311889648438,2408800
2022-10-05,136.42846976044294,138.69081800645537,135.6266266562517,137.81260681152344,2073800
2022-10-06,136.55257604666008,138.47127525597625,135.67436481109485,135.9130096435547,2526000
2022-10-07,134.04202430314726,134.8725036377315,131.8083122245056,132.6865234375,2579600
2022-10-10,133.65063885791454,134.0038430938515,130.44325191587345,131.26419067382812,2893400
2022-10-11,130.17593700451607,132.8869525060109,129.2404536382287,131.11143493652344,2588700
2022-10-12,131.0732774151666,132.16149720184853,129.92778520272094,130.5291748046875,2397400
2022-10-13,125.86261665800467,136.59471301859782,125.1918487556411,135.63648986816406,5232300
2022-10-14,136.98757841547481,137.86914189751027,130.45248996944227,131.09449768066406,3871900
2022-10-17,134.70700609534717,136.27849140549273,134.2374715093843,135.62689208984375,3139300
2022-10-18,140.02514185584425,140.9067053254205,137.55292458142833,139.8909912109375,3963300
2022-10-19,139.35441169047724,140.9259119861988,136.64265253671567,137.95541381835938,2803900
2022-10-20,137.98413287339116,141.1654407328747,136.2114142066961,136.4701385498047,4319300
2022-10-21,135.09991432656454,135.4161297841578,126.68671454888342,134.18959045410156,11755400
2022-10-24,135.39691940569557,137.78288543402712,134.50576436929015,135.713134765625,4299600
2022-10-25,136.52764884341792,141.2804427457058,135.68442229950176,140.87799072265625,3889100
2022-10-26,141.3954355695351,143.25439121298226,140.35097562432506,140.7438507080078,3559100
2022-10-27,142.23866753124616,143.45561520372507,140.2934754219209,140.830078125,2101300
2022-10-28,140.43719476592133,144.60547168028288,139.9485061805013,144.1551055908203,3383100
2022-10-31,143.7334788528803,144.02094873485117,142.1236709079643,142.24822998046875,3042900
2022-11-01,143.69514252947525,144.33715025200613,140.50425785147016,140.93545532226562,2675500
2022-11-02,140.45636474403133,142.8040087656264,137.3804616999491,137.50503540039062,2851600
2022-11-03,135.19568713538575,136.25931530982973,132.97261725392332,133.49005126953125,3960500
2022-11-04,136.45094222709463,140.24551154235454,135.1094359456664,138.6740264892578,3322100
2022-11-07,140.09221726282917,141.37623273490627,137.75415050989804,140.83963012695312,2918000
2022-11-08,141.2804792263598,145.0175451348751,140.99300924385923,143.9251708984375,3846000
2022-11-09,143.22561998285346,143.22561998285346,139.57479200395352,139.7664337158203,2425500
2022-11-10,146.40694048160896,149.28161055651555,144.98877400529358,148.28506469726562,4701600
2022-11-11,149.95236782350142,152.24252090033906,148.23713994751378,148.41920471191406,3714600
2022-11-14,146.96271985395663,149.96196380896112,146.6656729359841,147.69097900390625,3666500
2022-11-15,150.40272026688513,150.77642673093032,145.95656519305155,147.46096801757812,2916900
2022-11-16,147.76757583951638,149.3965520216031,145.50616896584643,146.1960906982422,2635300
2022-11-17,143.7335088539772,144.74922331046608,142.98609577764282,144.34677124023438,2769600
2022-11-18,145.88947253618085,147.33638420865918,144.6342025667429,146.1290283203125,2631300
2022-11-21,145.88946856455743,147.04892496157305,145.54450765994588,146.4260711669922,2003500
2022-11-22,147.6621883449478,148.66831092187422,146.88601533738893,148.12213134765625,2124600
2022-11-23,147.40345404558784,148.5149962965477,146.49314506920584,147.499267578125,1404400
2022-11-25,147.10642760195054,148.01673670434374,146.77104363833573,147.71009826660156,665800
2022-11-28,146.31111202469302,147.35557186980185,144.08802704149554,144.567138671875,1782900
2022-11-29,144.65338217617722,148.01674037869762,144.24133859289833,147.9688262939453,2655700
2022-11-30,147.41305636470992,151.0063934326172,145.15164898512054,151.0063934326172,3914700
2022-12-01,151.13099158621793,152.2329426168331,148.28506699819414,150.92018127441406,2670300
2022-12-02,148.73539681769492,150.70933414478765,148.52458655739136,150.20147705078125,2285400
2022-12-05,149.44452714874495,152.78871744034188,149.05165204759413,149.55950927734375,3013100
2022-12-06,149.24327419788037,151.7250689563222,146.91479867164946,148.2371368408203,3285100
2022-12-07,148.10296592631042,150.43145575562667,147.86341014171913,148.30419921875,2879800
2022-12-08,149.37742525180622,149.88528241613963,147.03935812926832,147.68136596679688,1632400
2022-12-09,147.55678647305746,148.65873723463721,146.24401082981728,147.4705352783203,1761200
2022-12-12,147.81552925080896,151.16931098814013,147.56639644257103,150.7381134033203,2773900
2022-12-13,153.9097832509438,154.80093830002062,149.63611659038068,150.93930053710938,3110500
2022-12-14,150.98725787773853,151.99338068218344,147.41307431169537,147.6717987060547,3556200
2022-12-15,145.31454231782487,145.91822761217696,140.35095316394302,143.9442901611328,4282200
2022-12-16,142.38238938706544,142.38238938706544,138.127875812314,140.1880645751953,4510600
2022-12-19,139.93891886420792,140.609686845221,137.6583574412741,138.9519500732422,2546000
2022-12-20,138.93279832276124,140.37971020867468,138.22370783345613,139.61312866210938,1607800
2022-12-21,140.91626799569883,141.60618970560097,140.25509180526572,140.95460510253906,2107100
2022-12-22,139.94851616626096,140.57135546396285,136.75763081638607,139.2394256591797,2901100
2022-12-23,139.16276286347562,140.99297283743414,138.4824325226038,140.87799072265625,1671800
2022-12-27,141.1366870133843,141.6828812491143,139.58437012669984,140.2742919921875,1858500
2022-12-28,140.101800557016,140.68631721064273,137.926630108756,137.9936981201172,1490200
2022-12-29,139.01904081133998,141.45292160709994,138.36744135162843,141.16546630859375,1758500
2022-12-30,139.9101704246256,141.74995729633545,139.64186908633414,141.57748413085938,2247200
2023-01-03,143.29269918274701,144.16468585430135,139.64187091899316,140.9738006591797,2762200
2023-01-04,142.35362260837485,145.61158994890283,142.35362260837485,144.2509002685547,2620400
2023-01-05,141.5009035595873,143.00091075310846,140.4047433280137,140.79896545410156,2505700
2023-01-06,142.0585804034394,144.64512261447058,139.8854805857502,144.39512634277344,3077400
2023-01-09,145.5297816011179,146.58747186171027,144.32785084680407,144.61630249023438,3219400
2023-01-10,144.7220632527284,146.32784087188222,143.539367578167,146.15476989746094,2198400
2023-01-11,146.44324845666736,148.18364187011352,146.41440329184832,148.00094604492188,3113600
2023-01-12,148.8086279897439,149.76056236793715,146.53938228447956,148.9624786376953,3322400
2023-01-13,147.34710545652274,150.24134953198444,146.44325115021724,149.7701873779297,2391300
2023-01-17,149.55862153752184,150.09709876927175,147.47207178250562,147.83746337890625,3073400
2023-01-18,148.54902190154525,148.8086283646112,144.5393829132453,144.63552856445312,2762400
2023-01-19,140.97207432324797,142.30862091932616,138.65474798834722,141.20285034179688,3852300
2023-01-20,142.27016513701832,145.9432583872895,142.039389119197,145.7701873779297,3954800
2023-01-23,146.15479149756493,149.09711587361312,145.72209932555916,148.077880859375,3608700
2023-01-24,147.0394090554072,150.64520156495584,146.78941272333444,149.3567352294922,2348500
2023-01-25,147.58751308967902,151.02022031379937,147.47211773948388,150.7413787841797,2916500
2023-01-26,151.58749768942806,152.1451953083864,148.35670730263882,149.8855743408203,3640300
2023-01-27,160.38565568753657,168.78954680741825,159.13564466812863,165.6837615966797,13997300
2023-01-30,168.06838965791218,171.02033889435842,165.87606894175346,166.0203094482422,10240700
2023-01-31,166.26067816773775,168.56837930923837,165.28950874415136,168.20298767089844,5170900
2023-02-01,166.71261044286206,168.38568868688338,165.31835901016896,166.9337615966797,3725200
2023-02-02,167.46260346445197,168.4818383467184,164.50104447008965,166.4722137451172,6895500
2023-02-03,164.96257921162777,173.46262943820656,164.62604742526636,171.9818572998047,5305100
2023-02-06,169.94340088307135,170.91455566427655,168.93377610086418,169.69338989257812,3397800
2023-02-07,168.31837129762815,172.1453143821868,168.02990500699198,171.8280029296875,3526300
2023-02-08,172.83762873218046,173.17417518544016,171.03954516169122,172.11647033691406,2926500
2023-02-09,172.2607032842256,175.07803649456932,171.61647018506986,172.4722442626953,3557900
2023-02-10,171.7030292617435,172.81840986648842,169.70301469819128,172.35687255859375,2586200
2023-02-13,172.34726308157184,174.40496798281504,171.42417379009527,174.3568878173828,3102400
2023-02-14,173.37610425225492,175.1453427926649,171.91455235400025,174.05880737304688,2325900
2023-02-15,172.03954137599118,173.7895594207258,171.63569444382276,173.7222442626953,1501200
2023-02-16,172.57801645458702,172.96264308832932,170.84723328276135,171.0972442626953,1899100
2023-02-17,169.2799265724682,170.77993377266318,167.94338019055033,170.4818572998047,2355300
2023-02-21,168.38567883108607,169.71261502033786,166.65491035885142,166.80874633789062,2713300
2023-02-22,166.8856817620002,169.25108798093166,166.27990395685788,167.98184204101562,2468800
2023-02-23,168.50106754769604,169.80876868628508,166.212586887164,168.4049072265625,2575300
2023-02-24,167.01068592463304,168.21261668904887,165.56836900733398,167.5491485595703,1667400
2023-02-27,168.77993694493904,168.93378761542036,166.42415540722286,166.6356964111328,1909000
2023-02-28,167.31835362699115,168.59720957617753,166.90489653340705,167.29913330078125,2301400
2023-03-01,166.83760871921098,170.3857108630792,166.35683638908264,169.14532470703125,2566500
2023-03-02,167.34720292634114,169.06837584499578,166.0202814568142,168.5972137451172,1795000
2023-03-03,169.24144407558003,172.49146921734823,168.49144053086505,172.2030029296875,2875600
2023-03-06,171.693391546032,173.5780253092377,171.59724589476974,172.17416381835938,2730700
2023-03-07,171.799168471806,172.0203196172038,168.347226948399,168.5780029296875,2906400
2023-03-08,169.06838662878874,169.44338843114002,166.89530114234367,168.10684204101562,2101400
2023-03-09,172.69341707172563,173.3376501969755,165.347216870241,165.5010528564453,4349400
2023-03-10,164.26065479906893,164.26065479906893,158.50099774813583,159.3279266357422,5104300
2023-03-13,155.2798302671112,155.7606025285057,151.36633701679773,151.56826782226562,6123200
2023-03-14,155.28943993328622,158.00100252143292,154.69328702610713,157.6067657470703,5284000
2023-03-15,151.83748489870243,153.80865392026493,149.93361635799133,153.66441345214844,6100800
2023-03-16,151.9817347260591,155.6932974102696,150.09711555617332,154.54905700683594,4737300
2023-03-17,152.13559957476588,152.54905674224173,148.94326421282847,150.5009765625,7447200
2023-03-20,152.2798081334333,154.51059856781308,151.51058421868717,152.63558959960938,3054300
2023-03-21,156.67408340974643,158.2414058421853,155.4817627938535,158.23178100585938,3986800
2023-03-22,158.2990872710142,160.3567920641533,156.25099264165405,156.4913787841797,4367300
2023-03-23,156.41445632967245,159.84717755052526,154.63560764552696,156.50099182128906,3727500
2023-03-24,154.34713786045427,154.52983367553648,151.75097046635312,153.63558959960938,2588700
2023-03-27,157.6452211636354,158.1452284223365,155.6067514757076,156.84713745117188,3984300
2023-03-28,155.9721738016846,156.33755081437138,152.10675996088614,153.08753967285156,4883700
2023-03-29,155.48176870255074,157.87602018964347,154.88561570795227,157.29908752441406,3884800
2023-03-30,157.65488707522772,158.6164318460227,155.58755701481323,156.16448974609375,2644800
2023-03-31,157.3760202151609,158.7318017714271,155.5298561409296,158.60679626464844,3594300
2023-04-03,157.7990772102624,158.88562725040455,156.4240608697633,157.4817657470703,2704400
2023-04-04,158.6644511115073,158.83753674925717,154.64520218337358,156.3086700439453,2063500
2023-04-05,154.95752152163686,155.96124068539436,154.60043677321715,155.45938110351562,2346800
2023-04-06,155.02508244983002,155.17948831835903,152.70881770559342,153.2878875732422,3754500
2023-04-10,152.52546660583477,155.54625549162756,152.2938504071893,155.51730346679688,2372600
2023-04-11,156.02882216802382,156.90707293301202,154.7259367605521,156.18324279785156,2742300
2023-04-12,157.5247503564248,157.5247503564248,153.3265294252862,153.73187255859375,2817600
2023-04-13,154.22405873132854,156.75263365693758,153.4326641423718,156.63682556152344,2729000
2023-04-14,158.50913221119868,159.02063759216287,155.8261367209624,157.52471923828125,2618100
2023-04-17,156.289391791238,158.02658691251995,155.27602674329347,157.9976348876953,2622300
2023-04-18,158.85657683212838,159.29087192405993,157.58262885434488,158.66354370117188,2444500
2023-04-19,158.6346027342791,160.7385432522038,158.02659545373848,159.19436645507812,3768600
2023-04-20,153.45197069953625,158.03622768584313,148.63608279558946,157.58262634277344,10832400
2023-04-21,157.3316945154862,159.02063119924392,155.60414531791,158.06517028808594,3882500
2023-04-24,158.49948410048975,158.56704864448656,154.80312332524372,154.9864959716797,2473500
2023-04-25,153.36511080131018,153.69324354834296,150.5276947180463,150.67245483398438,3421300
2023-04-26,150.33469627545256,151.7726960391706,149.66877020102882,150.28643798828125,2789100
2023-04-27,151.0778155302103,153.16244980135312,150.46980824589807,152.92117309570312,2143500
2023-04-28,151.81128729007932,155.74892440452038,151.40594424208152,155.71031188964844,2380100
2023-05-01,156.20255294549912,156.20255294549912,153.14315120555153,153.76083374023438,1803600
2023-05-02,152.824653255697,152.824653255697,146.60936369372266,147.90260314941406,4925600
2023-05-03,147.91227623172654,149.57226125583014,146.54182621905727,146.89892578125,2655300
2023-05-04,145.7601231542098,145.9724478928905,142.25677969234343,143.61758422851562,3997900
2023-05-05,146.01100152414358,147.9701818795053,145.84693513504652,147.32354736328125,2223200
2023-05-08,148.0570201418199,149.1861931965769,147.61306458693696,147.69992065429688,2271600
2023-05-09,146.69625440413722,148.36588528153948,146.58044628414913,148.02810668945312,2322700
2023-05-10,148.2500493950141,149.27306020027234,142.78754162110857,143.4920654296875,4602600
2023-05-11,142.80686561409934,143.31837108024985,141.17583263750683,142.826171875,2900300
2023-05-12,144.1097775751353,144.1097775751353,141.95757846271448,142.7682647705078,2320000
2023-05-15,143.00952026288957,144.9687006385345,142.7682435600087,144.76602172851562,2271900
2023-05-16,144.9493798632352,147.09191794836562,143.1928785735107,143.2314910888672,1960200
2023-05-17,144.59231438141518,147.55518473365353,144.09045469934588,146.78309631347656,2446500
2023-05-18,146.93751076829318,148.7422557776094,145.78903131641516,148.1245880126953,2629800
2023-05-19,149.17656592383412,149.51434446978175,146.8313487298768,147.6130828857422,2258600
2023-05-22,148.30794740971484,150.4601312648884,147.93155637920145,150.083740234375,2483800
2023-05-23,149.08003644955642,150.3250176407043,147.1787750300755,147.23667907714844,2928400
2023-05-24,146.21367381665925,146.40669222296032,144.8818217783692,145.4608917236328,2308400
2023-05-25,144.38001065563463,146.2137080341644,144.15802544639615,145.80836486816406,3234300
2023-05-26,147.47795698169227,152.7281399464972,147.20772827553554,151.75338745117188,4015400
2023-05-30,151.66651337878403,153.403708399683,151.19362051640022,152.4965057373047,3268200
2023-05-31,152.1683992202696,154.03106314680363,150.80759499213735,153.02734375,5588500
2023-06-01,153.50986605360703,158.2678496402742,152.70882574262302,157.0421600341797,4087200
2023-06-02,159.2329670826401,163.92338645014408,158.75041371037165,162.6783905029297,4820500
2023-06-05,162.3695938254372,162.3695938254372,160.04368260956758,161.5878448486328,2870900
2023-06-06,161.99318599273636,166.6256869580906,161.6553927144303,165.8246612548828,3631500
2023-06-07,167.5908025103901,167.5908025103901,164.74374018193515,165.5640869140625,2789000
2023-06-08,164.69547309358066,165.5447718083956,163.6435101931421,165.1683807373047,2354400
2023-06-09,165.9404588207744,166.2106875357101,164.9753520599011,165.72813415527344,2200900
2023-06-12,166.00803253984952,167.86103602037727,165.93082222069887,167.58116149902344,2609600
2023-06-13,168.32425434511808,169.97457846970315,168.13123596040785,169.02877807617188,2480400
2023-06-14,169.8780900011429,170.8624882584939,167.33985459981716,168.38217163085938,2326100
2023-06-15,165.42894328769944,168.44007148484098,163.65315049073698,167.7451934814453,2797600
2023-06-16,168.12157205657795,168.48831728853452,165.56404537677176,166.20101928710938,4616900
2023-06-20,165.033265078153,165.24558975519284,162.4564316537452,163.49874877929688,2865700
2023-06-21,163.19956364736058,163.19956364736058,161.12457521853898,162.06072998046875,2813600
2023-06-22,161.44308483726385,162.62051646096563,159.4646127006264,162.38888549804688,2755900
2023-06-23,160.2077573875342,162.71704140583623,159.95683487624947,162.20553588867188,4214400
2023-06-26,162.64944153505013,164.55070303562334,161.23073341581303,161.27899169921875,2507100
2023-06-27,160.54551146096816,162.50467695738874,160.38143035661363,162.32130432128906,2433900
2023-06-28,161.42374661529578,163.9426757736603,161.3658425676212,163.85581970214844,2289000
2023-06-29,164.6279166095011,166.29754721866345,164.3769941477186,166.07557678222656,2899200
2023-06-30,168.16024033239512,168.98057240438396,167.28198947323938,168.1216278076172,3371300
2023-07-03,168.21812292228321,170.1772886033443,167.6390529354322,169.31834411621094,1700200
2023-07-05,168.2953224727717,170.4089086453395,167.96717498048238,169.4438018798828,2487800
2023-07-06,166.31581261796575,166.8678021982357,162.91666211258072,165.54107666015625,3157300
2023-07-07,163.78826607408465,166.15120439109924,163.34278804019618,164.43710327148438,2145300
2023-07-10,164.4951522863229,166.4029331036983,164.09809815589614,166.28672790527344,1865600
2023-07-11,167.0518115137629,170.0345354867681,166.87750367290224,169.1242218017578,2281900
2023-07-12,171.4096902106112,172.29095261633262,168.80464792164378,168.8240203857422,2305800
2023-07-13,169.87954024243487,170.538070834681,168.40754372169886,168.73681640625,2080400
2023-07-14,169.82149295327562,170.11202081574555,167.0711940458636,167.91371154785156,1829500
2023-07-17,167.47792309915553,170.69305764277988,167.38107555505013,169.8505401611328,2144100
2023-07-18,169.65684686734082,172.8041997107388,168.92084105292543,172.4168243408203,2685700
2023-07-19,172.62019398097956,173.143132246341,170.74146411977833,171.52587890625,2749100
2023-07-20,170.01514154656195,171.6227159456624,168.55283844002105,171.5161895751953,3940700
2023-07-21,166.73223515250817,167.8652804676459,162.13225765702566,164.8438262939453,9102100
2023-07-24,162.29687451646322,163.66234496468581,161.6577162500366,162.4905548095703,4979900
2023-07-25,162.0644468607873,163.61390381791787,161.16381216706014,161.2412872314453,3286700
2023-07-26,160.92174365032247,163.11035928905187,160.8152172603879,162.45184326171875,2352000
2023-07-27,163.2071922052743,163.21687104826952,158.01648042594508,158.4329071044922,3944200
2023-07-28,160.06951569966103,161.31878093906732,159.44005104696495,160.20509338378906,2925900
2023-07-31,161.25100104026694,163.6526842264366,161.25100104026694,163.54615783691406,3345900
2023-08-01,162.64551953652452,164.44677449994145,161.9773099050675,164.2918243408203,2340100
2023-08-02,161.99665783209423,162.45181462003373,160.80551006509805,161.4833984375,2236200
2023-08-03,160.60213995713906,161.39624833845943,159.8177251950622,161.15414428710938,1708700
2023-08-04,161.27035141477887,162.79077196817175,159.84677839381746,160.18572998046875,2256000
2023-08-07,161.58024121010774,162.04507682652041,160.89265923893132,161.686767578125,2027200
2023-08-08,159.69184531426427,160.74743033385496,158.42322229890902,160.63121032714844,2102900
2023-08-09,160.69900340638847,161.03794024573665,158.33606526685463,158.64596557617188,2445200
2023-08-10,159.50783102051102,161.24128943210786,157.5806775568789,158.37477111816406,2556000
2023-08-11,157.53226751249812,160.54404260088972,157.46448605986927,160.05015563964844,2102500
2023-08-14,159.13983585961913,161.22192477809588,158.5975251521196,160.83456420898438,1827300
2023-08-15,159.19796358248465,159.6046966772758,156.59292123018963,156.79629516601562,2447600
2023-08-16,156.1765037079759,157.8131296493435,155.5663966991711,155.68260192871094,1994900
2023-08-17,156.79626554226473,157.47415390550884,155.31458998515328,155.50827026367188,2473000
2023-08-18,154.20089539873575,155.721315807409,153.9200612243895,155.1693115234375,2139500
2023-08-21,155.79881286621094,156.54448274816727,155.02407690170122,155.79881286621094,2070500
2023-08-22,155.6826117448701,156.166819934297,153.60052244107885,154.05567932128906,2255500
2023-08-23,154.29775524291313,155.0240673944368,153.6876483070385,154.40428161621094,2042500
2023-08-24,153.98786551393587,156.32175226715526,152.75798749244413,152.806396484375,2468600
2023-08-25,153.43589212552743,154.5979888149007,152.3609493630634,153.31968688964844,2969200
2023-08-28,153.95881175401095,155.82786280614144,153.7457589962166,154.1621856689453,2509900
2023-08-29,153.87163321152266,155.71161788687675,153.30027126018035,155.1790008544922,2175800
2023-08-30,155.20805357611144,156.74783163949513,155.06278229397552,155.1112060546875,3039900
2023-08-31,155.5857612159457,155.85691658892864,152.75798748565248,153.00009155273438,3653900
2023-09-01,154.04598090325754,155.10155107563506,153.69735046009458,154.57859802246094,2195500
2023-09-05,155.05312061289442,156.74784898737562,154.31712960993173,154.94659423828125,4151000
2023-09-06,154.04597809269458,154.79164795671838,151.90577170460284,153.009765625,2949200
2023-09-07,152.29314379737804,152.6514678808287,151.1407407994784,151.82830810546875,2617400
2023-09-08,152.06069380031246,152.8063635267914,151.76048718616428,152.45773315429688,1931300
2023-09-11,153.36806151212542,154.1331185484853,152.4286966610149,152.84512329101562,2611100
2023-09-12,152.67081307034283,154.67544176355767,152.47713277930666,153.4939727783203,2659000
2023-09-13,154.30743455808903,155.62448118796195,153.61017370834108,154.11375427246094,2976700
2023-09-14,155.49860425199225,156.84470224752278,154.94659989696686,156.67037963867188,3209900
2023-09-15,156.9124935408727,159.13985400943952,156.70913439079663,158.5781707763672,7273600
2023-09-18,158.61690329190913,158.7718534502794,154.3171472235869,154.5883026123047,2413400
2023-09-19,154.02661083524586,154.82070449338195,153.44555516198756,154.317138671875,2230700
2023-09-20,154.94660103015997,155.14028132607578,151.92514703866684,152.2640838623047,1969700
2023-09-21,150.90830616489592,151.91545256410677,149.56220816709506,149.8236846923828,2712100
2023-09-22,150.10453586139343,150.14326601399043,148.09022805854624,148.24517822265625,2380600
2023-09-25,147.40265264159765,148.46790171355238,146.95717463840413,148.3904266357422,2434400
2023-09-26,146.9571528100325,148.1289428696763,145.41737465652488,146.3470458984375,2332100
2023-09-27,146.71504485106954,146.71504485106954,144.26495320501215,145.1655731201172,3705400
2023-09-28,145.03972047110906,146.11466320767514,144.31340821064174,145.4851837158203,3489800
2023-09-29,146.66662732946318,146.89905253205296,143.9744315344455,144.47801208496094,3579400
2023-10-02,143.73234643586466,145.16559843194744,143.39340959470962,144.7588653564453,2657600
2023-10-03,143.80982925830926,144.46834528929244,139.7521623513023,140.4687957763672,4184100
2023-10-04,141.29193157349044,142.27972033221698,139.8393071305408,141.99888610839844,3476700
2023-10-05,141.56132088931864,143.46720752088103,140.77368300726445,143.02963256835938,2706200
2023-10-06,142.66009201228584,146.19960959178323,142.10581968184204,145.1980438232422,3204600
2023-10-09,143.52552975994232,145.3244518809496,143.3504909177889,144.71185302734375,2279400
2023-10-10,145.37307761287946,147.54151468295254,144.8868800288899,146.7635955810547,2909100
2023-10-11,147.2497975461212,148.5917076658811,145.62589934778944,147.3275909423828,1727000
2023-10-12,148.29025080575644,148.50417891195735,145.96622714072976,147.1039276123047,2377200
2023-10-13,148.69869159863097,149.88501508437196,146.27742189329237,146.92893981933594,2951500
2023-10-16,148.16384617842468,149.1751454565768,147.03587906635562,148.57225036621094,2586300
2023-10-17,147.37621727902,150.4587083482084,147.3178759397883,150.1280975341797,3919400
2023-10-18,148.89313531201321,149.35016220322623,146.95807852854338,147.34703063964844,2632200
2023-10-19,146.25797718927697,151.74228595860478,144.89661489879558,145.48977661132812,4642200
2023-10-20,140.70560520033953,143.85617149876964,137.53560167782248,137.66201782226562,8268100
2023-10-23,137.5939348976609,141.82386038608178,137.02022523189706,140.5986328125,5313500
2023-10-24,141.82383659374224,142.46560610727818,139.57759136486354,140.4333038330078,3521100
2023-10-25,140.11243938464685,140.8417358813451,139.2761788082632,139.5581817626953,2841400
2023-10-26,139.41227308138417,140.90976976217033,139.04277305322873,139.3831024169922,3378000
2023-10-27,139.8790410322958,139.98600508676978,137.13687972900107,137.40914916992188,3442500
2023-10-30,138.78024315281752,139.88877307950114,137.81756657007654,139.3150634765625,3303300
2023-10-31,139.3734067589931,142.63092179894488,139.12058934677356,141.99887084960938,3737200
2023-11-01,142.446161192477,142.7670533506961,141.1334218940872,142.40725708007812,2332600
2023-11-02,144.2354114878297,146.7441934007793,144.2354114878297,146.68585205078125,3108400
2023-11-03,148.36805155916332,149.6321682028624,148.19301271923095,148.54307556152344,2667700
2023-11-06,148.3875205976392,148.844547550644,147.32759850206435,148.76675415039062,2490000
2023-11-07,148.7473004321357,149.54465681008628,148.14442013386278,148.75701904296875,1583300
2023-11-08,148.74728931086878,149.55437907688318,148.22218761366773,148.7861785888672,1804500
2023-11-09,149.4376687991812,149.9044291207164,147.85267490804537,148.16383361816406,2052900
2023-11-10,148.81538707665217,150.21563884161753,147.9013478544553,150.118408203125,2088100
2023-11-13,149.82663513633693,150.97405420433302,149.26264421157614,150.07945251464844,1753600
2023-11-14,152.27709684419102,153.56065081447716,151.7228244487316,152.5785369873047,2968600
2023-11-15,153.18141621798728,155.03869462978594,152.66604794378165,155.02896118164062,3272600
2023-11-16,155.2428672272612,155.68045687948566,153.60925062920367,154.65943908691406,3749100
2023-11-17,155.49574431159738,158.09203812113302,155.49574431159738,158.0725860595703,2975800
2023-11-20,158.41291143630335,160.10486965066676,158.26704324837885,159.32696533203125,3242900
2023-11-21,159.13245551581892,159.58948240940518,157.2654586651902,157.80999755859375,2759700
2023-11-22,158.77269947343814,160.13404692476692,158.3545766268066,159.26861572265625,2527500
2023-11-24,160.0173603277423,160.65914475521097,159.44365068996308,159.8812255859375,950700
2023-11-27,159.2394340198071,159.9784638743947,158.81159259158204,159.51170349121094,2146400
2023-11-28,159.39501738831004,161.39814910097334,159.09357725413275,161.0869903564453,2117800
2023-11-29,161.8065700264571,164.0625342171867,161.8065700264571,162.80813598632812,2720200
2023-11-30,163.3623997606058,166.44489088034172,162.90537281236487,166.05593872070312,4253100
2023-12-01,165.95866641326646,169.5273545739963,165.60860359119528,168.96336364746094,3412000
2023-12-04,168.08823472753295,170.47059999806282,167.89375865520725,168.46746826171875,3631000
2023-12-05,167.3492286200259,167.94239031659595,161.34953686472468,165.96841430664062,6452500
2023-12-06,166.98945013629037,167.6215160194974,162.5650483041436,162.8859405517578,3890700
2023-12-07,163.80969904338187,164.54871404087547,163.10957332467302,163.96527099609375,2797100
2023-12-08,163.69299031988464,164.46119077081582,162.94425676337192,163.78050231933594,2681300
2023-12-11,163.7513567947232,164.83071613306004,163.22626987982315,163.74163818359375,2811400
2023-12-12,163.7416098547,166.3573550406698,163.1387296423459,166.31845092773438,2946200
2023-12-13,166.48377253076725,169.83853267701795,165.45302125544146,169.7412872314453,3207700
2023-12-14,170.88873912223818,174.9338919092295,170.75260438667945,173.922607421875,4548100
2023-12-15,172.63906889076628,176.17858747337146,172.60017960417764,175.52708435058594,7139200
2023-12-18,176.37305520597522,177.79274396203803,176.03271093342065,177.71495056152344,2814400
2023-12-19,178.1525287591297,180.64185806412203,178.133076700867,180.62240600585938,3978300
2023-12-20,180.23344655430694,180.5251532285478,175.55621343048858,175.66317749023438,4020700
2023-12-21,176.81062230434463,180.0973228526792,176.81062230434463,179.68890380859375,3496800
2023-12-22,180.5154476450226,181.22529199952012,179.5333338165377,180.4473876953125,2782600
2023-12-26,180.82664489746094,181.04055822280657,180.01955498054508,180.82664489746094,1230000
2023-12-27,181.00166881560187,181.96434554809827,180.4960190819858,181.89627075195312,1825400
2023-12-28,181.95459298748435,182.87838033770984,181.83791030643434,182.61582946777344,1486100
2023-12-29,182.56720367005894,183.10202401184014,181.38088030740738,182.16851806640625,1915000
2024-01-02,181.34198854089533,183.52987776926457,180.93358433210855,183.1117401123047,2236600
2024-01-03,181.52672954789966,182.31438212664577,180.4668223366319,181.1766815185547,2720500
2024-01-04,181.45955903597365,183.95694525546335,181.21567488405339,182.56192016601562,2777500
2024-01-05,182.2497894268351,184.87397087621304,181.9571254140595,184.4349822998047,2243300
2024-01-08,183.6155273504978,184.6983737329611,181.82054331206604,184.58131408691406,3442100
2024-01-09,183.235055262282,183.39114470264283,181.78150025925012,182.20098876953125,2055500
2024-01-10,180.50355240267547,181.54738380511063,179.17682191001046,180.4450225830078,2757800
2024-01-11,180.48405565295252,180.825499482699,177.58671020393726,180.50357055664062,3493300
2024-01-12,181.283977419305,181.84979046245218,177.49889045470363,177.58668518066406,3366300
2024-01-16,176.58189211551084,176.71846665763206,174.44547925350915,176.54287719726562,4142900
2024-01-17,175.0600586852666,177.15747153172424,174.62107014524344,176.5721435546875,2377600
2024-01-18,175.6941524910332,175.78194721494845,173.4601652791393,175.3917236328125,3215200
2024-01-19,176.57215861176923,178.89394093035904,175.02105869151424,178.68907165527344,3388900
2024-01-22,179.75240197939024,182.20100882739533,179.55729760021504,180.4840545654297,3145100
2024-01-23,181.13765467240916,181.46934847687587,180.2889424722802,180.93280029296875,2327600
2024-01-24,182.5131825350986,183.8106483094038,181.18645184664078,181.27426147460938,3052500
2024-01-25,181.87906293620006,183.72282668559862,181.86929804257076,183.4691925048828,3472500
2024-01-26,187.8298437925792,199.76066924830536,187.55669468687995,196.5023651123047,13555400
2024-01-29,196.9706208447025,197.9363926616421,194.20010015862925,195.94630432128906,4935500
2024-01-30,195.59511954923374,199.43873674899,195.50732481372896,199.15582275390625,4284600
2024-01-31,197.44861847063706,200.29719868115197,195.75119417078528,195.82923889160156,3495000
2024-02-01,195.45854521239863,198.49246512184777,194.99029173701857,198.2485809326172,3028300
2024-02-02,198.41439461807633,201.90681754040253,198.03393592772414,201.3605194091797,3393000
2024-02-05,200.46303479296745,201.66294072383312,198.44366674992963,200.9020233154297,3099300
2024-02-06,200.41427098594113,202.0141506500174,199.0094956934821,200.61912536621094,3255300
2024-02-07,202.01415172218051,204.03350505167575,200.57036150193906,203.96522521972656,3272100
2024-02-08,203.1555109938629,206.16991572372285,202.86284701653,206.04310607910156,4136600
2024-02-09,206.37480107302449,209.00874730348104,205.26268978080907,207.2722930908203,4785100
2024-02-12,207.05767857999086,208.77461792933826,206.43333564518184,207.0674285888672,4041400
2024-02-13,205.07731962911555,205.80897213044133,202.5311683290815,204.540771484375,3381700
2024-02-14,205.9845610463528,206.12113558415567,203.7115737140997,205.7406768798828,2770800
2024-02-15,206.2967288593984,207.90635831756182,205.49678169123942,207.33079528808594,2644500
2024-02-16,207.3308272510083,209.0477665967731,206.68696941428033,207.36009216308594,2831300
2024-02-20,205.83823881594847,208.52096467729376,205.13585121777373,207.2917938232422,3341700
2024-02-21,206.42357940502492,207.48691087532592,203.98473756368725,205.73094177246094,2599400
2024-02-22,207.28204169484638,210.27694662226455,207.28204169484638,208.75511169433594,3027800
2024-02-23,209.74036518686185,211.02808062049428,209.01846275720365,209.31112670898438,2617000
2024-02-26,208.19904228186027,212.21824875249922,208.03320282788337,211.65245056152344,2684500
2024-02-27,212.11092805816202,212.74503581613328,211.0085817585643,212.64747619628906,2428100
2024-02-28,211.86706162217442,213.83765000095497,211.45733797845935,212.69627380371094,2599200
2024-02-29,213.63280294463752,214.36445552324565,212.32557235787024,214.05227661132812,5186500
2024-03-01,213.944933182828,214.98876450850184,213.08645619614353,214.286376953125,2342800
2024-03-04,213.71083798403868,214.20835635615367,211.92560398690728,213.55474853515625,2625300
2024-03-05,212.12068505092117,213.54496018034735,210.83296956737777,211.8865509033203,2672300
2024-03-06,212.29629030760475,213.92543479819565,211.95486139645593,213.10598754882812,2727900
2024-03-07,215.60337482362672,219.19335785512504,215.4082704479551,217.9544219970703,2974100
2024-03-08,217.5836954975966,219.39819432565605,217.38859113785537,217.90562438964844,2242800
2024-03-11,216.491095285942,216.92033380096763,212.94989242248883,214.8034210205078,2808200
2024-03-12,215.8277667555883,217.97394473614747,214.26690192308513,217.20326232910156,2067700
2024-03-13,217.6812581201212,218.0227019185052,216.44232234615234,217.3593292236328,2693100
2024-03-14,218.79339194109156,218.80314195029126,213.74011847072978,215.07659912109375,2417900
2024-03-15,215.57409493036695,216.17893780407837,211.90608231191393,213.11575317382812,5267900
2024-03-18,214.52049971199563,216.3057335372249,213.6327726886639,215.5643310546875,1893000
2024-03-19,215.6423807684434,216.52035780456907,214.00347144603188,216.2667236328125,1817600
2024-03-20,216.07162062520413,222.48088875408112,215.8179715663589,222.33456420898438,2249700
2024-03-21,223.50521886363833,226.0221053914297,223.38815922041843,223.5149688720703,3523700
2024-03-22,223.44670182232716,224.90024209380815,220.38351693696168,220.4322967529297,2284700
2024-03-25,219.82744185383078,221.43708638003056,219.7201322187508,220.5005645751953,2119500
2024-03-26,221.0761268855985,221.32001106577783,218.8324043363559,218.96897888183594,2106400
2024-03-27,221.6419338968692,222.42236622916096,219.63233068893624,222.17848205566406,2153100
2024-03-28,222.8711167533432,222.8711167533432,220.80296886689786,222.1199493408203,2295800
2024-04-01,221.8760459407942,222.97840705845562,221.2809680213717,222.04188537597656,1616700
2024-04-02,220.83224942182656,221.41757742626277,219.0957951969778,220.01280212402344,1984500
2024-04-03,220.28595967138125,221.70048503658887,219.739661451895,221.08590698242188,2070100
2024-04-04,224.22704851728872,224.75546390129514,214.50996308733514,214.88180541992188,3035300
2024-04-05,215.283014998348,218.3361147965673,214.81331078284373,217.69027709960938,1827900
2024-04-08,218.6688284063454,220.02902499136187,218.34590210364877,219.3048858642578,1401200
2024-04-09,218.20892000445895,219.12875310407836,213.29654867064573,215.12644958496094,3503000
2024-04-10,212.84638550130938,214.79372349517067,210.89906243907507,212.98338317871094,3115000
2024-04-11,212.8366332271675,214.4708253548634,209.9107357444283,213.52162170410156,3139000
2024-04-12,212.34735361055334,213.5999082345553,211.48621670719112,213.52162170410156,2441200
2024-04-15,217.13249253523162,217.95447865028123,212.17120533288485,213.71731567382812,3459000
2024-04-16,213.0323225988079,214.6763097246829,211.8678348287355,213.65859985351562,4176700
2024-04-17,214.8524363302557,215.5570000857164,211.8776231984649,213.00296020507812,2256800
2024-04-18,213.5803390677483,216.70194550140536,212.5234932733935,212.83663940429688,3901500
2024-04-19,214.14788484205872,226.63430938784222,214.14788484205872,226.0863037109375,7573700
2024-04-22,227.0550993209417,230.32348359978954,222.80815580184273,228.00430297851562,5151300
2024-04-23,229.73635182096393,234.28664621261157,228.65993070837075,233.83651733398438,4684500
2024-04-24,233.16130614382342,235.39241993848844,232.86773539576149,233.99307250976562,4429200
2024-04-25,233.0242873769363,233.337418530021,230.3626053833939,232.01637268066406,3329000
2024-04-26,230.93998945664558,231.84026220002,229.39386400662332,230.58770751953125,2993300
2024-04-29,231.51731854361415,233.99307213576898,230.58769028592766,233.79736328125,3696300
2024-04-30,232.77963488206902,234.47253788164005,228.75775653246149,229.01217651367188,3564300
2024-05-01,228.2195732351503,230.09840506962192,226.27223509087287,226.497314453125,4176000
2024-05-02,228.5718450495763,228.93390715220463,225.959093945155,227.51499938964844,2734900
2024-05-03,228.2587004899544,228.34678216092664,224.21726137987608,225.8220977783203,3203100
2024-05-06,227.31928183745376,229.54061517453857,226.360298100642,229.30575561523438,2259600
2024-05-07,230.4507093522603,230.9399889899509,228.40552405030482,229.62872314453125,2084300
2024-05-08,229.37427489460111,231.7717569257606,228.51315293563772,231.17483520507812,2501900
2024-05-09,230.9008384068179,234.24750912257548,230.50940576274684,234.0126495361328,3166300
2024-05-10,235.3434945762657,238.31830806253132,235.1575659336937,237.1049041748047,2590800
2024-05-13,237.74096507948627,238.3183114492142,232.9949617103337,233.5331573486328,2768800
2024-05-14,233.04385988734802,236.8993853983417,232.9949438742502,236.3513946533203,2387300
2024-05-15,236.44925459493018,237.6626583970166,235.0988381760892,236.5177459716797,2013400
2024-05-16,236.53732223382747,238.13237844871017,235.68598053956634,236.14590454101562,2605900
2024-05-17,237.5941789074269,237.97581640163307,236.7134666604391,237.61375427246094,1848700
2024-05-20,237.89753476124002,239.16966474527536,236.909195315329,237.1049041748047,1983200
2024-05-21,237.14400969132993,238.35742835573478,236.1654505872822,237.86814880371094,1825800
2024-05-22,237.70183556493046,238.24982636639115,234.39430045830494,234.94229125976562,2292700
2024-05-23,235.66638706797792,235.66638706797792,230.0788081028996,230.41152954101562,3272600
2024-05-24,231.7815213536521,234.9227028016735,231.6151680895976,233.07321166992188,1624200
2024-05-28,232.65245710559842,233.35702094625293,230.82255612225816,232.16317749023438,2315400
2024-05-29,230.40177195539792,232.56439446339593,229.63849693648785,230.8812713623047,2711300
2024-05-30,231.30203826964856,232.23168147482116,229.9418415498413,232.13381958007812,2386300
2024-05-31,232.89709904988607,235.04014617390152,230.85191382249272,234.85421752929688,5102500
2024-06-03,235.03031953889436,236.18502705150084,228.52290743928518,231.80108642578125,2677200
2024-06-04,231.3216159545431,234.85421537473658,230.67576327867164,232.16317749023438,2512100
2024-06-05,231.18460043025505,232.603508219057,228.68927159801564,229.65805053710938,2925100
2024-06-06,229.7559145031407,231.33139545701226,227.7107293008264,228.3468017578125,2709600
2024-06-07,227.4269307099035,229.10025845845422,226.74194230606324,227.6813507080078,2212500
2024-06-10,226.97681467981207,228.90457759368834,225.65576865345096,227.45631408691406,2933500
2024-06-11,226.673453135501,226.673453135501,219.4027654260014,219.7158966064453,3168100
2024-06-12,222.5537196280194,223.50292328041078,218.05235610641844,219.2364044189453,3091100
2024-06-13,218.6199145862359,218.9526211308439,216.00716331246994,217.4260711669922,3011300
2024-06-14,216.63346368527144,220.8021209485352,216.59431295136474,219.9997100830078,2373800
2024-06-17,219.39295898675678,223.5714107484558,219.21682550650206,223.37570190429688,2426700
2024-06-18,222.70051405086284,224.39341735839844,221.9078834540291,224.39341735839844,2176500
2024-06-20,223.65949247683193,226.7125924588682,221.58495171279486,225.2741241455078,2968100
2024-06-21,226.15481950594977,226.15481950594977,222.62222016237183,225.4404754638672,5064300
2024-06-24,226.71258440368072,228.88498698498287,225.27411614142966,226.50709533691406,2152600
2024-06-25,225.910180744812,226.34074918803927,223.63991620111503,225.64596557617188,3206800
2024-06-26,225.10774677110237,227.50522870286588,224.22704948342098,225.73402404785156,3151900
2024-06-27,224.86311111409856,225.3915414417331,222.49499965120353,223.50291442871094,2264200
2024-06-28,224.3347141202809,228.59145294537862,223.83565426469113,226.5854034423828,3901100
2024-07-01,227.34867252486217,229.76571506881217,226.58539750378628,228.79693603515625,2792700
2024-07-02,228.54250255792596,231.1258982307059,227.9749364340752,230.91061401367188,1871700
2024-07-03,231.42925945061242,232.48610521791173,230.14734923975632,230.6562042236328,1365900
2024-07-05,231.34322918505597,232.31487880178184,229.23305122658607,231.26470947265625,2488300
2024-07-08,231.8535874450226,235.06301146078167,229.42934558594,230.1654510498047,2638600
2024-07-09,230.61693212066774,234.76856267989098,229.7826732839727,233.34542846679688,1943400
2024-07-10,232.18729123575355,235.01392592690706,231.2548790357185,234.50355529785156,2203000
2024-07-11,234.44467637788563,235.50467003529297,232.5700725253496,234.326904296875,1868700
2024-07-12,234.54281923605728,235.8089139784084,232.83504925753175,234.20912170410156,2612200
2024-07-15,235.9954092434787,240.12742117929395,235.9954092434787,239.47964477539062,3054400
2024-07-16,239.6170433390302,245.1329220026121,239.28334579895025,245.00534057617188,3074600
2024-07-17,244.20053484613976,246.19292579708844,242.79703426465846,245.32923889160156,2471900
2024-07-18,246.1536466342801,249.02935785030607,243.16995771870435,244.58328247070312,4053300
2024-07-19,237.32040700121004,238.87113765826587,233.24728107334383,237.88966369628906,5750400
2024-07-22,238.50797399143812,241.05981219617271,235.45558947452798,240.2157440185547,2590000
2024-07-23,242.38481349256458,244.37720441471131,240.50037032795203,242.32591247558594,2564000
2024-07-24,240.46111092010452,241.06961995946756,236.21132704018004,236.52540588378906,2838100
2024-07-25,235.5537343438263,240.42185144308408,234.95503466999162,235.7303924560547,3828800
2024-07-26,237.4479668595525,241.8253469217548,237.39890514679442,241.33460998535156,2174400
2024-07-29,242.06094029973247,243.3663025324358,239.7839134040411,243.29759216308594,2059300
2024-07-30,244.83849549673624,248.980301742727,244.61274570789377,247.8025360107422,2498800
2024-07-31,248.42085269365126,251.49285573362275,247.75344267217028,248.35214233398438,2180700
2024-08-01,249.14715498428646,250.27584397648425,241.8449867873843,244.0729217529297,3929700
2024-08-02,239.98018270858657,240.11758845829706,225.78807821668926,227.9767608642578,6902600
2024-08-05,222.44125105122782,226.50455252521635,217.9166556317294,221.73458862304688,4890700
2024-08-06,222.755336544301,228.86009079729925,222.30385193322894,226.8382568359375,3148200
2024-08-07,229.6845129199954,231.79467569189262,224.27658246064652,224.56121826171875,2665300
2024-08-08,226.7695640786302,230.15564628461152,226.73029673315727,229.2134246826172,2239200
2024-08-09,229.19378921586957,233.92448562411957,228.77174765149007,233.44357299804688,1956400
2024-08-12,233.78707520193663,234.56244795369176,231.03894534293755,232.65838623046875,1747000
2024-08-13,234.2876274870854,234.8372504426021,232.0891206889162,234.56243896484375,1913200
2024-08-14,235.3672605647334,239.56796778361146,235.07281539075336,239.24407958984375,2132500
2024-08-15,243.17978571619344,245.7217994530999,240.80462074057127,244.8777313232422,2656800
2024-08-16,244.76977209950277,247.08605107205253,244.5145942802594,247.0467987060547,2149700
2024-08-19,247.33145062521993,249.40236138624513,247.17441118928795,249.34347534179688,1653400
2024-08-20,249.5103134407342,249.9028970376462,247.58661787321518,248.3914337158203,1659700
2024-08-21,245.0151648008374,245.19183790555633,238.84170003010362,241.73704528808594,3502500
2024-08-22,242.1983180767564,244.30848096765976,241.20701985476754,243.1699676513672,1981300
2024-08-23,243.40552705757298,247.49827142104576,243.40552705757298,246.64439392089844,1868200
2024-08-26,247.7436618736315,251.41437997451592,247.28236790189106,249.17662048339844,1931000
2024-08-27,248.99993571354452,251.92472386297143,248.99993571354452,250.3052978515625,2518100
2024-08-28,249.50051348588434,253.83862679233573,249.04902885394378,252.3271484375,2557100
2024-08-29,253.22027563302188,256.7241447750784,252.07193794827293,255.02618408203125,2423500
2024-08-30,255.6641236930472,256.90079037756493,251.35546889662794,253.85821533203125,3442100
2024-09-03,251.03159134018966,252.7099183504485,248.10678824517035,249.5986328125,2970300
2024-09-04,250.2660538409309,251.8265788880946,246.0162697394473,247.07626342773438,3062600
2024-09-05,248.02826989763489,248.47973949416695,243.7686618921674,247.17437744140625,2711200
2024-09-06,246.63456515533343,248.87233938373686,238.81223209580503,239.53851318359375,3653000
2024-09-09,243.65088988623592,248.4601058915352,242.94422749693686,246.27142333984375,3080800
2024-09-10,247.0566257179093,247.8221742064786,236.13281578132586,240.8733367919922,3630900
2024-09-11,239.87222488564518,249.9127140721321,238.98890433030735,249.47103881835938,3149900
2024-09-12,249.45141558755972,252.23879793152653,247.9104943416273,250.42306518554688,2279600
2024-09-13,251.48309476021856,255.38934212567602,251.01197645562956,254.20176696777344,2199200
2024-09-16,256.468946699932,257.9804249178155,254.34895944622977,256.2530212402344,2170200
2024-09-17,256.6750309592517,262.26944389581456,256.50819717766797,260.483154296875,2765700
2024-09-18,259.5016881553937,261.41557420429564,256.16468295031353,257.32281494140625,2577400
2024-09-19,262.86817938439026,265.096144628251,261.4156169722281,263.7711486816406,2973300
2024-09-20,263.42758682956054,266.4603375639612,262.00446765636485,264.00665283203125,5847200
2024-09-23,266.33277404374985,267.3633397297053,262.1026234398762,262.3479919433594,2534900
2024-09-24,262.80929536271145,263.5257822013995,258.15711795436636,261.2781982421875,2340300
2024-09-25,262.1418919603408,263.74169940256525,260.63041358550043,261.23895263671875,2116300
2024-09-26,263.3196717156422,264.006685554411,261.4057854066372,263.1822509765625,1430600
2024-09-27,263.0350221468046,267.6283131062113,262.46578042710036,266.038330078125,2231900
2024-09-30,265.09609298894054,266.45053169487323,262.33815386543614,266.17572021484375,2113100
2024-10-01,266.25427511096626,266.79407384952316,261.58244911800506,263.6239318847656,2429500
2024-10-02,263.6239434089091,266.36226447385127,261.3174733345747,265.9009704589844,2009500
2024-10-03,264.64467092392175,266.07761461621703,262.6817228706147,263.6141052246094,1614500
2024-10-04,267.9044998415899,272.3720433438997,265.6904130660396,271.56512451171875,2239600
2024-10-07,269.97095047823706,271.8996574010903,267.2156248436913,269.4198913574219,3287500
2024-10-08,266.92046267173015,268.15051088680724,261.91170994359305,264.8146057128906,3332800
2024-10-09,264.51941220698325,267.2550382987005,264.13565277094335,267.0877685546875,2087000
2024-10-10,266.6055423657826,268.54409940304396,265.57231395774556,266.15289306640625,2052800
2024-10-11,267.04840236572414,272.68692437263195,266.67446288963754,271.7521057128906,1723200
2024-10-14,271.7520837863561,273.2675115296268,270.718825312569,272.1063232421875,1399000
2024-10-15,276.09170331161505,276.928142085606,272.4802686179958,272.88372802734375,2264600
2024-10-16,274.428694362616,277.3709602182169,273.25768600573986,277.1839904785156,2243600
2024-10-17,279.4669489544435,281.7892655240856,277.97122116537605,281.2185363769531,3571900
2024-10-18,272.38189027841923,274.74360709722794,264.75559062974787,272.3720703125,7884400
2024-10-21,270.6105928034692,271.94887077507053,265.2279009017595,266.4185791015625,4092700
2024-10-22,266.3005060979326,268.47522287266526,264.29305905869387,268.0520935058594,2595400
2024-10-23,267.6584556236087,268.9869135234228,264.66697035810733,266.9007568359375,2051100
2024-10-24,265.91675549387804,266.9007940709528,264.420997637221,265.6707458496094,3490600
2024-10-25,267.31405623332614,268.8098139936122,262.0986641230452,263.08270263671875,2993300
2024-10-28,264.9425157105532,267.62895162226744,263.4074180554227,267.1369323730469,2336900
2024-10-29,265.9856260831554,267.46168400821284,265.2771170779089,266.1135559082031,1749000
2024-10-30,266.67443583731216,270.6794797747283,265.95607691504614,269.70526123046875,2152900
2024-10-31,269.33134858793954,269.7052579911295,264.35211619653984,265.76910400390625,2315400
2024-11-01,267.9536434719004,270.3645495565668,266.6252156604196,268.3374328613281,2508300
2024-11-04,267.98320726923,268.4654065833405,265.4050310523141,265.87738037109375,1944000
2024-11-05,267.3829699154484,271.7717736682045,266.8614306580389,271.5356140136719,1859600
2024-11-06,283.4031321771132,292.0921802731616,282.2321237771377,290.4488525390625,5380500
2024-11-07,287.6541864725985,288.3626955045202,280.10659678489793,282.2419738769531,3876900
2024-11-08,282.1041622938482,285.46958732424383,281.38583337697645,283.0094909667969,1814400
2024-11-11,285.8533359020025,289.48444039035843,285.79429599410014,288.29376220703125,2299500
2024-11-12,287.3392840369727,288.8645319229237,282.9898200172501,283.9049987792969,2251400
2024-11-13,283.3243882311792,285.9714242624864,282.85203892337466,283.0488586425781,2118100
2024-11-14,283.737673173365,285.92223996536217,282.77330457907806,283.69830322265625,2979400
2024-11-15,283.4031060761119,285.91239239897135,280.933159673822,282.2911376953125,2614400
2024-11-18,282.3600087295393,282.9307378443875,279.08314371748924,280.98236083984375,2074400
2024-11-19,277.39060281557244,282.04508529225325,276.81984371863973,280.9921569824219,2512900
2024-11-20,281.5826390049104,283.72783594270913,280.5395604927523,283.11773681640625,2387400
2024-11-21,285.19406775335557,289.3762317079504,282.94061100222933,288.32330322265625,2410300
2024-11-22,288.7169450962951,297.1009739388149,287.8411662796924,296.4908447265625,3788900
2024-11-25,298.212882467339,300.91898858784293,297.67167325542806,300.3384094238281,3478400
2024-11-26,300.7319973895247,302.0703053912662,297.179632750413,300.6926574707031,2130500
2024-11-27,302.09984388641385,302.906762728864,297.95704987552705,299.39373779296875,1697000
2024-11-29,302.345850343468,302.87723957929273,299.8070440487036,299.8168640136719,1326600
2024-12-02,301.3224508027554,301.95224992034935,295.1230196451236,297.4355163574219,2166900
2024-12-03,298.9902391268139,300.121877338532,296.3333533293632,297.287841796875,2128700
2024-12-04,297.17962095474434,298.68519862789884,295.91020290703483,297.7700500488281,1561200
2024-12-05,297.4551606603483,298.58679894478183,295.5264535824154,295.73309326171875,2793600
2024-12-06,296.8254117786252,299.87590735319947,295.8216732072079,299.13787841796875,1797600
2024-12-09,299.2166065224782,300.20064506398234,291.43285805552364,291.9839172363281,2377900
2024-12-10,292.6825490569176,300.11205737474904,291.7772504997312,297.287841796875,2967800
2024-12-11,298.5277797293515,299.27565866120506,294.75892517479997,297.51422119140625,2071200
2024-12-12,298.7836402056745,299.5905590522488,295.4674349809068,295.50677490234375,1668100
2024-12-13,297.63228283383023,299.46261009984715,296.4416046312296,297.3174133300781,1662000
2024-12-16,298.85247813845086,299.3444973451125,296.02826266661907,298.72454833984375,1813700
2024-12-17,297.50437046852795,298.19320948623266,294.91637423054846,296.5301818847656,3611500
2024-12-18,297.77007362557407,298.74426218814006,281.8581569309794,283.1866149902344,3541200
2024-12-19,288.3429376341262,292.12164170240055,286.55201046694157,288.4019775390625,3540200
2024-12-20,287.6836567229278,297.8881309942746,287.33923724753,293.8830871582031,6232400
2024-12-23,291.7477843983128,294.97542990974375,290.4783661546214,294.0307312011719,1902400
2024-12-24,294.512909029695,298.7737827810687,293.2434908787677,298.6163330078125,862900
2024-12-26,296.66796200211905,300.023537164625,296.20546266815546,299.13787841796875,1228900
2024-12-27,296.04802230768274,300.220336411139,293.9421652642183,296.24481201171875,1676000
2024-12-30,292.6038674708789,294.91636405858526,289.4352621535793,292.58416748046875,2392800
2024-12-31,293.29269414906196,294.0996130123136,290.95070749523205,292.0528259277344,1231300
2025-01-02,295.2115430750569,295.54611255355206,289.9174112643688,293.6665954589844,1930100
2025-01-03,296.5763340433973,299.2888022437633,293.4693310341024,298.9435729980469,1979600
2025-01-06,300.16668080020946,300.9853398055646,296.07332557127864,297.7599792480469,2714000
2025-01-07,299.85105942036,300.22587806080816,292.79864743118253,297.8980712890625,2058800
2025-01-08,297.7796893159108,300.0483171787202,294.77132748825545,298.71673583984375,2061300
2025-01-10,296.32978463502815,297.20765254277103,289.15901496741606,289.2970886230469,2685500
2025-01-13,288.5277238606155,293.6468939942503,287.18629936756395,292.96630859375,2202800
2025-01-14,295.5111045189653,296.43827793035206,292.6802787186778,296.2607116699219,2370900
2025-01-15,300.8374203227601,309.6751275865623,300.05819365821185,308.0575256347656,3099500
2025-01-16,308.432324195623,309.71456992878217,305.89739198818916,307.2289733886719,2361000
2025-01-17,308.74793352312247,311.09545641346165,306.52864122611624,308.2942199707031,2183500
2025-01-21,312.61443150239893,315.3367728830249,310.70090605385417,313.61065673828125,2779100
2025-01-22,313.96572960751917,318.4141871409362,313.34432297811503,317.8519592285156,2927400
2025-01-23,319.13423264504996,321.8171117521823,317.59552566754104,321.4225769042969,3935800
2025-01-24,319.9726112007058,320.041663071097,309.4482512825024,316.9543762207031,6260100
2025-01-27,313.7882469412504,314.47867545743327,307.5840828439859,312.1015930175781,3099100
2025-01-28,312.3185389163387,313.53173271726166,306.47932132355294,312.71307373046875,2431300
2025-01-29,312.308649873457,315.1197591953594,309.8526429369585,310.9474792480469,2155400
2025-01-30,312.67361673903685,317.49689297258203,311.68726463575916,314.5970153808594,2517400
2025-01-31,316.53026258422005,317.25031046853314,311.2039671540312,313.11749267578125,2033400
2025-02-03,307.92931776555434,312.67366977903606,304.9702609537654,312.2100830078125,1997200
2025-02-04,310.94752127162155,313.0287098996558,308.8367131814816,311.51959228515625,1884100
2025-02-05,313.60083833247364,316.33302324217004,310.79960154067425,316.1554870605469,2065700
2025-02-06,318.69039057602373,318.8383373805784,312.88076187484796,315.7806396484375,1730400
2025-02-07,316.4513339818385,317.0135619083974,311.9733170783981,312.4467468261719,1607100
2025-02-10,314.10383014579526,314.10383014579526,301.8336079316776,306.0256042480469,3227000
2025-02-11,304.31921710946074,306.27220513529784,302.1591035675899,305.34503173828125,1856100
2025-02-12,302.66216274352024,303.75699917967853,299.7622850192647,302.2182922363281,2238400
2025-02-13,303.3526197806182,305.4042492991904,301.7054283942028,303.3033142089844,1975200
2025-02-14,303.2342058124497,307.5938951510657,303.22436276060637,306.7949523925781,1725500
2025-02-18,309.1129609345309,309.4088545833213,304.8124492652504,308.580322265625,2024500
2025-02-19,306.1439906685108,307.7418763642293,302.68188492706787,305.6902770996094,2148200
2025-02-20,305.49295984049996,305.7296747014811,294.61349787212885,299.7129211425781,2830300
2025-02-21,300.77827879714016,300.77827879714016,289.8396351830795,291.36846923828125,3280200
2025-02-24,293.0550661835443,294.8995699470671,288.4291023980791,291.49664306640625,2450600
2025-02-25,292.9366964281527,294.3373296349347,285.57851829390563,289.3365173339844,2511700
2025-02-26,291.11197880242025,295.25463964089397,289.662039983685,292.0588684082031,1899400
2025-02-27,291.9602669862679,296.89202825292784,289.04067274470816,290.1848449707031,2031800
2025-02-28,292.24629130991366,296.9610534531792,290.94429922823883,296.8525390625,3336300
2025-03-03,297.316086818922,299.31838024682554,289.1096306597893,291.4571533203125,2342500
2025-03-04,287.59071610689085,287.78796848482193,273.791628459544,279.60125732421875,5901200
2025-03-05,279.1376862782579,282.21510047688395,276.8000362658816,280.30157470703125,2569200
2025-03-06,275.9813421011848,278.3091490181295,270.7832766819403,271.8781433105469,2944200
2025-03-07,269.9251632823689,270.42821256768536,261.09729850843956,269.4812927246094,3817000
2025-03-10,264.05634561927025,264.9243403930909,253.93639226361296,257.7535705566406,4284100
2025-03-11,253.94620576270074,256.6882634239221,250.07970729832056,251.9044647216797,4925600
2025-03-12,256.6290867659027,259.2330708052188,251.51979002033647,257.1913146972656,5514900
2025-03-13,256.10633782017914,257.940968529714,250.06000918398348,252.93028259277344,4194000
2025-03-14,256.59947963975173,263.0206411139041,255.46518080311907,262.00469970703125,4336800
2025-03-17,261.5707323943593,262.80367259754513,257.7042186726938,260.77178955078125,2975800
2025-03-18,260.9888074676639,261.8765184591736,256.90529476520516,259.13446044921875,3251700
2025-03-19,259.44017894044106,268.2976312006107,257.69434664541467,266.9561767578125,2894200
2025-03-20,265.35833658904323,270.8029900080079,264.55939369878973,267.1337585449219,2129500
2025-03-21,264.1944150457739,266.867420798765,261.5411254983233,266.818115234375,4229700
2025-03-24,271.47369880780894,274.4524713078078,270.4873467096677,274.0677795410156,2651400
2025-03-25,275.0936261671308,275.971494085161,272.44033630625137,275.46844482421875,2767600
2025-03-26,276.1785932900249,278.2795281194393,270.85229786821856,272.2331848144531,2578600
2025-03-27,271.10876238576384,271.74004226822734,266.8477435834615,268.3075256347656,2312000
2025-03-28,266.93651969464145,268.91909739004706,259.42052021205274,261.8568115234375,3261500
2025-03-31,258.9075538534082,266.6504238812551,255.4651946466914,265.3780212402344,3946000
2025-04-01,262.113213983033,267.1732053919162,261.5016804585662,266.7885437011719,2881400
2025-04-02,263.2475193180245,273.53516421931965,262.93187943027846,271.493408203125,2473700
2025-04-03,256.6488339944674,257.43790365105093,243.806510110863,244.4377899169922,7736200
2025-04-04,235.45195787151167,236.4910688172502,226.2484275100474,231.2559356689453,9097500
2025-04-07,222.95298238375256,239.43027524411633,218.14339623809292,231.8497314453125,6283600
2025-04-08,243.279927170013,244.4377885669538,225.0015212865409,228.98971557617188,4782100
2025-04-09,224.605692629074,262.02346233088366,223.91294182735552,259.6384582519531,8640600
2025-04-10,252.37460356487324,252.84962014953723,236.04576312468785,244.3289337158203,4799900
2025-04-11,244.3289256427978,250.14793523955598,240.61782566537642,248.5249481201172,4413500
2025-04-14,253.85900885830634,254.94760417694124,249.54425130572668,252.73085021972656,3067000
2025-04-15,253.34442851198335,257.9264048441858,252.65169286037184,255.18511962890625,3509100
2025-04-16,252.51315599452155,256.2539437657887,247.040521473575,250.29638671875,4244900
2025-04-17,250.32606637930834,252.968367810167,244.53675934557467,248.7030792236328,3907500
2025-04-21,246.26859870615468,247.66396081088044,236.7879735557786,239.99435424804688,4302900
2025-04-22,244.55653513553528,250.61306055684977,243.8143151412986,249.8015594482422,2324100
2025-04-23,259.15353262231554,267.36745214771037,256.57062149633015,257.4414978027344,3872900
2025-04-24,255.3929507742847,265.219935928157,255.32366966218098,264.5469970703125,2696300
2025-04-25,264.23030347940266,266.0709944678319,261.2614236650274,262.0630187988281,1940100
2025-04-28,262.19169319003964,265.2199483936778,259.80668928372165,262.20159912109375,1561500
2025-04-29,262.6766191729042,264.70537211686695,259.11395685754036,264.2501220703125,1730800
2025-04-30,258.25294634652226,264.64595585958756,254.54184663579835,263.64642333984375,3522700
2025-05-01,265.2199571362935,269.8316212091279,263.7552987394458,265.7543640136719,2473800
2025-05-02,271.65249044265755,275.21515209522147,270.2670193002732,273.9781188964844,3099300
2025-05-05,272.60255672601767,278.6689731045652,271.2368670759095,275.1459045410156,2416300
2025-05-06,271.6327367458883,275.23496208690295,270.7717361820905,272.51348876953125,3064000
2025-05-07,274.46307665620196,275.91782917314873,271.04888252121236,273.3744812011719,2329200
2025-05-08,276.82827329835663,282.5384081886861,275.83864664970974,280.7174987792969,3418000
2025-05-09,282.0436232626509,284.0228767592309,280.0346821716626,281.5587158203125,2704600
2025-05-12,294.25558683514436,296.0666205316619,291.6726757545159,295.8192138671875,4089000
2025-05-13,296.8879943257291,299.87665592957836,295.7202421296233,299.16412353515625,3531700
2025-05-14,300.00531824998995,300.47044399181357,296.3437177003869,296.9869689941406,1954400
2025-05-15,294.9582174629359,297.8083471100104,293.9191215379026,296.4426574707031,1955000
2025-05-16,297.2442462306655,298.52087306601976,294.7404920130843,296.61090087890625,2962200
2025-05-19,293.92902812598004,297.7687844534825,292.6227136679826,296.19525146484375,2751300
2025-05-20,293.4143748377732,295.10665803313225,291.1382457857436,293.09771728515625,2706600
2025-05-21,290.000214003909,291.0689975418072,282.15245139105184,283.0332336425781,3447500
2025-05-22,282.667049110386,286.051555152104,282.1128606333678,284.2009582519531,2051800
2025-05-23,278.89659735989216,284.1218250064026,278.5403160516479,282.2613220214844,1724200
2025-05-27,287.5162028628815,290.81164601458687,285.1608868212455,290.71270751953125,2604300
2025-05-28,290.41580219241456,292.31589847835426,289.34701879476506,290.31683349609375,1676900
2025-05-29,293.18679423283015,293.533139391537,289.7626643580598,292.31591796875,2362200
2025-05-30,291.910225826973,292.6821335425612,288.6048758550434,290.999755859375,5251700
2025-06-02,289.31738064692655,292.6821054897853,287.3183153230492,292.2664489746094,1751200
2025-06-03,292.13779944681016,295.15614865186586,289.6142333662309,294.3050842285156,2202400
2025-06-04,294.7207018559679,295.5519845942543,292.73154268159936,292.8601989746094,1842100
2025-06-05,293.4242994212116,295.4035527056717,291.08879504203264,292.889892578125,1696900
2025-06-06,297.1750184433312,300.3517117821743,296.12601652831125,299.3323974609375,2099000
2025-06-09,300.63870213269973,300.63870213269973,296.47235200198975,298.43182373046875,2097800
2025-06-10,298.5703729208229,298.64952976452105,294.9087422288531,296.4129638671875,2045300
2025-06-11,297.0661284928405,300.242851869018,295.5520008858904,295.9973449707031,2013500
2025-06-12,293.59255001010666,295.4827103248442,290.95023357996735,294.8988342285156,1604500
2025-06-13,289.5152592157577,290.28716678095617,283.1816548088719,284.8046569824219,3405600
2025-06-16,287.91208845219364,293.37484716236287,287.01152453148086,291.16796875,2307800
2025-06-17,289.0600505969266,291.5341172734736,287.93189189694596,289.7725830078125,2625800
2025-06-18,289.05014743999953,296.1358780937552,289.05014743999953,293.34515380859375,3691500
2025-06-20,294.493082175599,296.64058527235295,293.56286091913876,295.49261474609375,5687000
2025-06-23,293.7410019972187,296.7593513277182,288.8522437221663,296.5218505859375,3101700
2025-06-24,299.95586345964097,306.0123741253577,299.0157059996641,305.18109130859375,2805900
2025-06-25,305.68579161481745,307.5462643552726,303.9935082919489,305.3888854980469,2467200
2025-06-26,306.3686050645733,309.0307031695538,304.9732580647513,308.1895446777344,3255200
2025-06-27,310.8219038262043,316.79925684238316,309.85208910373933,313.899658203125,4605500
2025-06-30,315.2752372493071,316.8091766403416,314.29551655380675,315.6711120605469,3416600
2025-07-01,313.6423501530682,321.01508038145244,313.01888056476906,319.18426513671875,3836200
2025-07-02,319.63948296838305,323.23183232593726,318.00660513340574,322.2322998046875,3040200
2025-07-03,322.76808226229974,326.54810717936454,321.6271443226636,325.5460510253906,1541800
2025-07-07,324.9408258962549,325.8238318336757,317.73801772581515,320.1885681152344,2160300
2025-07-08,321.9148642463983,321.9148642463983,314.4540936563185,314.4838562011719,2643900
2025-07-09,316.1506337955235,318.4027471989433,314.81125866105623,314.8509521484375,2424200
2025-07-10,315.34698290660464,323.53201534021173,314.9997330509397,322.67877197265625,2844400
2025-07-11,320.43659260628834,321.79579922064875,316.68636074149003,316.9542236328125,2091200
2025-07-14,316.77565339727613,319.2361044366961,315.1783161324765,318.392822265625,1890900
2025-07-15,316.10098209745763,316.9343938742697,307.98540557052826,308.20367431640625,3006500
2025-07-16,309.97960374851635,310.02919789822715,304.1954968056298,309.44384765625,2921900
2025-07-17,308.47156160107147,314.48383752242376,308.13421240975885,312.8666687011719,3223300
2025-07-18,309.40414621521774,309.40414621521774,300.1277999406583,305.52496337890625,5481100
2025-07-21,305.5348934681408,306.73538685938564,300.5841979980469,300.5841979980469,2667200
2025-07-22,300.5941261670307,303.74907726919156,299.3539695755593,301.7449951171875,2296100
2025-07-23,305.5745333947785,307.1520086839029,302.8362584068048,306.2293395996094,2139100
2025-07-24,305.87216494629416,308.0548523394731,304.58241439039693,305.82257080078125,2288100
2025-07-25,306.9834015342815,310.1879466449931,305.0884387145148,309.1561279296875,2149300
2025-07-28,309.14621214898926,311.0312439355715,306.85440540532886,308.29296875,1653800
2025-07-29,310.445872422327,311.15027277419983,305.42572177789845,306.11029052734375,1796400
2025-07-30,306.12022940352284,306.318666561592,298.9967774768271,301.0207214355469,3132400
2025-07-31,299.5226036660042,301.5167850855657,295.7227773217739,296.9530029296875,2718200
2025-08-01,291.7145668806945,292.5876418876949,286.06937215690436,291.9526672363281,3012900
2025-08-04,293.2126778382346,296.744640980525,293.2027468979267,296.2386474609375,1876000
2025-08-05,297.488729335597,297.98479190568224,292.90511603236996,294.30401611328125,2181000
2025-08-06,294.86950905675764,295.70289055429964,292.12133327519916,293.2126770019531,3430500
2025-08-07,295.35570136155786,295.9410516303958,288.3413685222841,292.4090881347656,2842500
2025-08-08,294.6611620176344,295.78226825283684,292.22054268865537,295.0877685546875,1778100
2025-08-11,294.7802535727483,295.09774092374647,292.56783361164423,293.89727783203125,2316700
2025-08-12,296.5462085459031,302.6676341933911,296.129532927957,300.822265625,2170500
2025-08-13,302.2906349854425,305.17772300205104,300.04842230484934,304.4534606933594,2586800
2025-08-14,303.13394502887945,305.52497041736586,300.127806854782,305.30670166015625,2108300
2025-08-15,307.0230534703437,307.37030334303114,301.84415875647943,303.0644836425781,2728000
2025-08-18,301.8739425435095,304.8205557824918,300.4056165333197,304.6320495605469,2115100
2025-08-19,304.245101821408,306.14006448924266,302.1715638932975,303.68951416015625,2215800
2025-08-20,303.3224477057149,306.58651780773886,301.47707909313067,305.9714050292969,2481700
2025-08-21,304.37408752703874,306.09044468323435,301.62588144544196,305.74322509765625,1848500
2025-08-22,307.77709585277705,319.17660527124553,307.707639818828,316.6466979980469,2785200
2025-08-25,316.5474480302392,317.43045394708304,312.92619728712185,313.3131103515625,1599600
2025-08-26,312.5392422952765,318.26382357652193,311.64633574874813,318.0753173828125,1848600
2025-08-27,317.40070859583847,320.97233510854613,316.9939336289144,319.9206848144531,1970100
2025-08-28,321.43860271571896,324.9606650008282,319.46428344772954,324.41497802734375,2194800
2025-08-29,324.70273334189596,329.44509057361694,324.23643328810243,328.6712341308594,2981300
2025-09-02,324.0876264117437,328.77045863830705,320.16871970102704,328.572021484375,3225100
2025-09-03,328.1453972531633,329.45500973323243,318.8789518755663,321.16082763671875,3439000
2025-09-04,322.44067208264084,328.4331164352855,320.2778465333666,328.0461730957031,2485100
2025-09-05,328.08586256613194,329.84191315125963,322.66886781903366,323.65106201171875,2971800
2025-09-08,323.93881694763184,324.8714170814397,321.44857294381944,322.84747314453125,2264400
2025-09-09,320.2481066991842,324.0181704061248,318.2737569323562,321.785888671875,2056000
2025-09-10,320.4464996138299,322.09343103261193,318.71028056283933,320.8036804199219,1846600
2025-09-11,320.9525085259617,328.0858912767411,319.8810266108365,326.7266845703125,2825900
2025-09-12,327.0044553497036,327.0044553497036,321.49814260330373,322.74822998046875,2000300
2025-09-15,323.482398593991,327.6691680098801,323.43280444654323,324.6828918457031,1646300
2025-09-16,325.218624681683,325.40713088968,321.1509356306108,324.4646301269531,1987600
2025-09-17,326.30997001368087,334.84225273132324,325.81390741704183,333.35406494140625,3586500
2025-09-18,335.83435070498933,339.7730886141558,332.3619128099599,338.9794006347656,3204000
2025-09-19,339.8326465153894,341.64822232526575,337.0447771012013,338.4337463378906,8632000
2025-09-22,336.8364355880125,342.78918677471023,335.7153292701564,338.29486083984375,3328000
2025-09-23,339.24727537223123,346.440182691901,337.3324811040194,338.7809753417969,2697600
2025-09-24,340.26917965654565,342.28319259317755,335.8443097603647,337.7987976074219,2279100
2025-09-25,334.2569210061506,338.0865099311388,331.36983290060175,337.50115966796875,2223900
2025-09-26,338.7611494373279,340.62631931318475,336.35026227753286,338.98931884765625,1728600
2025-09-29,341.05297355528955,342.1343864062359,335.83438523630684,339.6143798828125,1658100
2025-09-30,338.90997587505933,340.2592516199456,325.5658797651111,329.5443115234375,3327300
2025-10-01,328.393444182164,333.1258705293265,325.81391258328745,325.97265625,2598800
2025-10-02,325.86352010029697,329.3657206952733,323.71059518647263,327.8775329589844,1907600
2025-10-03,329.38555427331124,329.4252477574822,326.13138494820737,327.639404296875,2404000
2025-10-06,329.3855412915281,331.3697915402723,323.6808218263887,329.3756103515625,2116200
2025-10-07,330.0304062365906,332.3023811779189,323.17481820849656,325.38726806640625,1708900
2025-10-08,326.0818022813821,326.5580029991707,321.03185837751937,321.2699890136719,2184300
2025-10-09,323.9090144882893,325.72459010456856,321.4981274775752,321.88507080078125,2094800
2025-10-10,323.45665128267524,326.3410986359547,314.2562394989882,314.5645751953125,2684700
2025-10-13,317.4589805625754,322.6211296579506,317.3495544755568,321.3877868652344,1693100
2025-10-14,319.88584926640965,334.52693724923444,318.78181449438694,331.06561279296875,2810400
2025-10-15,332.07018644130835,335.11380993125726,328.50939191465136,328.8873596191406,2186000
2025-10-16,329.2454298245293,330.7175066462058,318.2845176745439,321.3877868652344,3268000
2025-10-17,330.59812954430225,346.8306459901645,329.2255228100895,344.76177978515625,7025200
2025-10-20,345.52768379999446,348.34249903436324,340.81307393061246,347.6064758300781,3465400
2025-10-21,350.20244883950977,354.7579125484271,348.9094302553571,353.315673828125,2658400
2025-10-22,353.3753604260776,355.8122382398658,347.308056151034,350.1129455566406,2710000
2025-10-23,350.8290779346624,354.2705204603085,348.6706978957558,353.0272216796875,1892600
2025-10-24,356.4786205801425,360.3776189148858,354.95682408566324,355.64312744140625,2397500
2025-10-27,360.0593576871479,360.89485089676236,356.9859264808591,359.73114013671875,2179900
2025-10-28,359.2835273092961,360.58650206713787,357.51307097279533,359.09454345703125,1416800
2025-10-29,357.07540828612474,360.05932534701157,353.9721393994383,356.2995910644531,1840500
2025-10-30,356.66760087393413,363.78921986635805,356.04097343762425,356.9560546875,2045100
2025-10-31,355.0861583291464,360.04939771969026,354.09151923018516,358.7961730957031,2155600
2025-11-03,359.0646946166121,361.59108628560364,356.92622674439946,359.6813659667969,1822900
2025-11-04,357.3936929321339,360.59643172779096,354.93693338682573,358.5574035644531,1887800
2025-11-05,357.7617286078792,365.8481490830752,354.499313680725,363.8389587402344,2195800
2025-11-06,364.07768381956083,367.28042275236214,360.4671392366293,363.76934814453125,2354600
2025-11-07,362.1878945903022,368.01646511656406,359.0647132623774,366.5643005371094,2752200
2025-11-10,367.4992655446378,369.8068051872968,360.8152895794026,365.9078369140625,2876800
2025-11-11,365.91777840544063,371.0799272019189,364.29651188077366,368.17559814453125,2132900
2025-11-12,369.12047151486405,375.2076878042552,368.5237123870576,370.7715759277344,2961500
2025-11-13,369.1005781092454,371.8855854857264,361.39212595861926,362.7746887207031,2273500
2025-11-14,359.86039477313057,360.2582746747899,353.49471094825327,355.2651672363281,2943500
2025-11-17,354.31034181984245,356.3095761263927,337.58050485382694,339.42059326171875,3599000
2025-11-18,335.0441980828513,341.8873201757737,332.30894046660325,338.8337707519531,4216800
2025-11-19,339.8780736672319,343.46873613012025,338.9132726529461,342.7923889160156,2005000
2025-11-20,348.09384575984745,351.2369089467552,338.4955845509733,341.9569091796875,3095700
2025-11-21,343.74724218442805,354.399817304462,342.45419328064446,350.9981689453125,3044100
2025-11-24,351.72423693333565,354.47940637899006,348.3026763585399,354.0218505859375,3330900
2025-11-25,355.1358638013967,361.8397516983825,353.4052015523643,360.6959228515625,2059400
2025-11-26,360.76554383366556,364.76401249066413,360.76554383366556,362.018798828125,1679900
2025-11-28,363.72955985616574,365.5596920819576,362.05857352226565,363.3117980957031,872300
2025-12-01,361.9093438757396,364.5650434488518,358.2093158138351,358.3783874511719,2229100
2025-12-02,360.1389033320267,361.71045007054994,355.4342799284419,358.7663269042969,2135400
2025-12-03,359.08456447758874,368.21537365878555,358.86574268122075,366.1564636230469,2651800
2025-12-04,367.01185432411114,371.0600425533513,366.15647930874,369.1602783203125,2027200
2025-12-05,367.46939395113554,372.8702764840891,367.08147016778736,368.36456298828125,1978700
2025-12-08,367.92693030889143,368.01644417986364,358.7663132650407,360.33782958984375,2581400
2025-12-09,361.0838192098836,366.0968086057192,360.5566617186333,361.9591064453125,2197600
2025-12-10,361.0539599719762,375.9536632420519,361.0539599719762,373.55657958984375,2804400
2025-12-11,374.4815936329594,383.8511066222339,373.58642457953204,382.8266296386719,2975800
2025-12-12,384.4180182318192,385.4126572339799,376.57033228883745,380.50909423828125,2477800
2025-12-15,382.33924961524457,383.682018420629,377.8335358755593,380.5190734863281,2734700
2025-12-16,381.9414088148391,382.71722608733523,376.78918563713484,378.7088317871094,2584400
2025-12-17,379.50450214214237,382.2795534792883,372.5420290718079,373.5963439941406,2973900
2025-12-18,377.9628605809376,378.49997419771876,371.8458361449625,373.5068664550781,2884400
2025-12-19,373.5267760075511,375.5259799572821,370.7716062747848,374.4915771484375,7934300
2025-12-22,376.3017787396175,380.36987916895447,375.058479926097,378.80828857421875,2747400
2025-12-23,378.7088001718675,382.4884162394786,378.0622908910884,380.1410827636719,1768200
2025-12-24,380.14110141485173,382.66749310406857,378.69886264898986,381.05615234375,817100
2025-12-26,380.2803389326809,380.61854292500476,378.23138489482005,379.0072021484375,1114900
2025-12-29,378.9574646830512,379.345388468776,372.9597926372658,373.30792236328125,1736800
2025-12-30,373.01946734159685,373.41731687547986,370.9506315530209,371.3882751464844,1319500
2025-12-31,371.26891448099457,372.36302352805154,367.8871477160711,367.96673583984375,1469300
2026-01-02,368.3355574765444,371.6949323890816,366.0926481279051,371.5553894042969,2076100
2026-01-05,371.12672383413,382.49082227931405,371.0768935723936,378.60308837890625,2362000
2026-01-06,379.17127750339887,385.042730055995,375.0243838913124,382.3512268066406,2544100
2026-01-07,382.69016888063817,383.7767301967582,375.33342139471614,377.028076171875,2178600
2026-01-08,376.9782321638874,383.91628960220544,375.3234599087965,381.7730712890625,2707700
2026-01-09,381.792994923297,383.6770532864193,372.651880327836,374.42626953125,2767700
2026-01-12,359.36392299274087,360.8990783662373,354.38965817631794,358.456787109375,7015900
2026-01-13,358.46675948451883,359.15458744616825,354.8282682108719,356.8717956542969,3775000
2026-01-14,355.316709731422,357.26057662793386,349.6147346459122,357.1309814453125,3583400
2026-01-15,357.2406230003498,359.9620305926197,354.6089585516818,356.2437744140625,2868300
2026-01-16,360.01186785007377,368.23586884677434,358.7658070929979,363.6404113769531,3555100
2026-01-20,354.8780993507942,360.02184174476196,350.24275947445386,351.0801086425781,3049600
2026-01-21,351.18975416119844,361.4872173685917,351.1598499196672,358.4767150878906,2780300
2026-01-22,361.58689195429275,368.93366103164544,361.58689195429275,366.8601989746094,2628500
2026-01-23,361.58690195563105,362.60367657121776,357.1210092966014,360.5501708984375,2801800
2026-01-26,361.04859804123106,363.7201449967772,359.52342089512996,362.1052551269531,2131200
2026-01-27,362.1152208380345,362.27472025961134,354.6488043711492,358.3172302246094,1916000
2026-01-28,358.10786898951096,360.4305431834633,355.42634391419824,355.8649597167969,2386500
2026-01-29,359.13461973963143,361.1482733004185,354.52918426011075,357.3702087402344,4217500
2026-01-30,353.88124878302744,354.8880755918794,343.4143386077548,351.0601806640625,5381200
2026-02-02,349.2459135517423,354.1802958753626,345.9164428739498,351.71807861328125,2603200
2026-02-03,352.81460437418673,357.240614424768,345.80676019766696,348.5281677246094,2854600
2026-02-04,348.52817366093933,356.2038894689898,346.444763780694,352.5554504394531,3241900
2026-02-05,349.445260351986,356.1939447623899,347.2522117112467,353.50244140625,4074900
2026-02-06,357.0711700699889,360.251119443136,353.5722218531909,358.0181579589844,3301700
2026-02-09,357.8686266046314,360.5999818750656,354.5590821438083,358.52655029296875,2219700
2026-02-10,358.48668493501594,368.3355538679769,358.1975903260302,362.055419921875,3506900
2026-02-11,366.40166487202373,368.3355535680419,352.83457018049273,352.8943786621094,3437100
2026-02-12,355.37651097077014,357.92844084585215,339.3073170812556,341.7994384765625,4141900
2026-02-13,341.52033529435045,343.78317065702544,335.15045815952396,336.4364013671875,3814400
2026-02-17,337.662534716363,345.5376325134648,336.93482429207376,343.4442443847656,3186000
2026-02-18,344.99931302942497,346.9531276808179,343.91275175416143,345.1488342285156,1900600
2026-02-19,342.66669943458095,343.533952831907,337.2239147048278,341.5701599121094,2786500
2026-02-20,340.4736362838814,345.18874123992083,337.43326014098136,345.08905029296875,2738900
2026-02-23,342.2679687109815,344.7401337390668,316.1505235416346,320.2276306152344,7092600
2026-02-24,319.4799795371485,322.5702161020781,315.07392601685416,319.47003173828125,7925900
2026-02-25,322.4406388252587,328.0927837584301,321.3042472432537,326.0592041015625,3843800
2026-02-26,328.80053394369764,335.55916613967537,328.7108212215295,334.2632751464844,3215500
2026-02-27,319.8886963752543,320.4967898151394,306.68045297360635,307.926513671875,9817300
2026-03-02,302.2445011065722,309.4417490586937,300.33053845083447,306.4611511230469,6280000
2026-03-03,299.1642204159863,308.4349307006505,298.8053695202548,306.8499450683594,5673100
2026-03-04,308.1358598772296,311.4753088119728,306.03252390801913,310.229248046875,4055200
2026-03-05,305.8929487101737,308.5246436329359,303.83944301502066,306.2418518066406,4601800
2026-03-06,299.7324232728935,302.0451192760784,293.5818845797268,300.0514221191406,5500100
2026-03-09,293.6018195656761,305.3347167408517,291.50843140268216,304.4176330566406,4695000
2026-03-10,304.9858353916993,307.2785749584316,300.0713487692581,302.19464111328125,3488800
2026-03-11,301.5167996526296,305.8830014227181,299.9019097752336,305.02569580078125,3512200
2026-03-12,299.5928774977241,303.8793141766132,297.78858402123046,300.9386291503906,3602400
2026-03-13,303.36095440009984,304.7465580488578,298.8950619979368,299.0146789550781,2645800
2026-03-16,300.0613959369337,303.0718676480312,294.8976972559651,297.26025390625,3604200
2026-03-17,302.90238255677735,305.3247476276016,298.8950623803992,299.3236999511719,3616000
2026-03-18,298.20725902502403,300.1212217636428,292.4354969887858,293.4622802734375,3303100
2026-03-19,291.3589066194968,296.6820744751761,290.36205802282115,294.00054931640625,3027200
2026-03-20,294.0404275716921,295.5656046859302,290.0530332420337,294.5687561035156,7116500
2026-03-23,304.0188895573279,304.0188895573279,297.0209930864767,300.95855712890625,4319800
2026-03-24,297.8683293238899,302.8824765918258,297.0110541255836,301.04827880859375,3639100
2026-03-25,304.03883246068614,305.4144884389168,295.97433068631403,299.2938232421875,2823800
2026-03-26,297.62907957149616,301.7460689600601,294.91765029229157,298.4465026855469,2887500
2026-03-27,296.35313757800276,297.0110613240325,290.5813754952829,291.34893798828125,2751000
2026-03-30,293.75134800805347,300.5099805260836,292.77445581695855,296.552490234375,3851100
2026-03-31,302.02518819690084,303.5104828190895,296.64218162621756,301.5267639160156,3516600
2026-04-01,305.80324208835884,306.2817403806107,298.68575871687125,300.5000305175781,3403300
2026-04-02,295.3999938964844,302.75,292.5799865722656,300.17999267578125,2105500
2026-04-06,298.760009765625,305.7900085449219,298.4100036621094,305.7300109863281,2185200
2026-04-07,302.5299987792969,307.1199951171875,301.7099914550781,307.0299987792969,2265500
2026-04-08,317.25,322.5,314.94000244140625,316.3399963378906,3654200
2026-04-09,314.30999755859375,318.1499938964844,312.17999267578125,317.7699890136719,1996200
2026-04-10,317.3699951171875,318.0,313.1300048828125,313.5,1991300
2026-04-13,311.17999267578125,324.2200012207031,310.0,323.82000732421875,2581800
2026-04-14,325.0,328.9100036621094,323.75,326.9599914550781,2288700
2026-04-15,328.8800048828125,332.3999938964844,327.239990234375,329.05999755859375,2542300
2026-04-16,328.7699890136719,331.1700134277344,325.2300109863281,325.760009765625,2018700
2026-04-17,330.0,339.9800109863281,329.5299987792969,331.69000244140625,4775500
2026-04-20,331.67999267578125,334.739990234375,329.5299987792969,329.8699951171875,2280600
2026-04-21,331.79998779296875,338.0899963378906,328.45001220703125,329.7900085449219,2916800
2026-04-22,331.1099853515625,334.5,328.0,332.8999938964844,4336600
2026-04-23,332.20001220703125,332.20001220703125,316.1400146484375,316.3424987792969,2579326
