timestamp,open,high,low,close,volume
2021-01-04,89.92899425667346,90.15858706359202,88.10992988828038,89.22256469726562,7832900
2021-01-05,89.01064241955233,89.77005913077299,88.33952856699251,89.54046630859375,6680950
2021-01-06,89.78772869930319,90.84737661536714,89.46983297706858,89.9113540649414,6377450
2021-01-07,89.27554657925232,89.68174509865946,88.41016917527762,88.63975524902344,6781300
2021-01-08,89.34620027902355,89.85836631582245,88.86935673480492,89.82304382324219,5498000
2021-01-11,89.32853538042907,90.22923529066647,89.02829758563256,89.293212890625,5840150
2021-01-12,89.43448714050194,89.45215175216985,88.48080022269637,88.81636047363281,4814400
2021-01-13,89.61110959612107,90.51180951675478,89.48747751184179,89.85836029052734,5726400
2021-01-14,90.90036184112721,91.48316616174723,90.37053115701099,90.58246612548828,5760850
2021-01-15,90.5824506257865,91.05929411765149,90.29987745324533,90.6707534790039,4762000
2021-01-19,92.75472998671088,93.00198066211003,92.20724153613021,92.84303283691406,6784350
2021-01-20,92.98434056629547,92.98434056629547,91.67743522733997,92.26024627685547,6813100
2021-01-21,92.82538098306077,93.14327665407382,92.11894466145932,92.8077163696289,8027400
2021-01-22,93.12561131399256,94.556141822389,92.93134099021422,94.04397583007812,6686350
2021-01-25,94.89169096569738,95.73941046343833,94.6444402876574,95.38619232177734,6871400
2021-01-26,96.28691222443557,96.51650505880086,95.70410119960292,96.14562225341797,5807200
2021-01-27,94.25590518349033,94.36187265332325,91.88935225383064,92.01297760009766,7275100
2021-01-28,92.04831143836164,93.49650001923987,91.81872533103292,91.90702819824219,4187400
2021-01-29,91.35953038936734,92.20724995545814,89.20490561488056,89.36385345458984,6346250
2021-02-01,90.5294774603104,90.60012244858976,88.67509030897715,89.01065063476562,7295450
2021-02-02,89.22257626854656,89.4168466121283,88.3395341519581,88.4101791381836,5674900
2021-02-03,88.58678769438411,88.90468340546941,87.82737091091113,88.30421447753906,4534850
2021-02-04,88.85169957777762,89.09895029076844,88.37485602969106,88.94000244140625,3658850
2021-02-05,88.21591038410573,88.48081898160946,87.68608645202144,87.8273696899414,4904700
2021-02-08,88.48081738733238,89.24023414656459,87.95099346479465,88.4101791381836,4279550
2021-02-09,88.58677640817973,89.43449595071303,88.37484820681541,89.0282974243164,4029050
2021-02-10,89.68175220176099,89.78771967755077,87.88034553579354,88.25122833251953,4828300
2021-02-11,88.90467103536899,89.06361886879581,87.59776587862896,88.46315002441406,6638000
2021-02-12,89.94665852090482,91.37718898405635,89.717065714876,91.28887939453125,5928200
2021-02-16,90.10561516736264,90.52947159542578,89.36385631263751,89.87602233886719,4411650
2021-02-17,90.15859961590506,91.46550492523072,89.80538141848649,90.86503601074219,4757000
2021-02-18,90.93567311699621,91.80105055174599,90.79438315544253,90.95333099365234,4881050
2021-02-19,90.29989382164106,90.35287419575992,89.27556167482919,89.34620666503906,3447800
2021-02-22,89.48748830363998,89.73474576494056,88.94000648202395,89.31088256835938,5388000
2021-02-23,89.54046525822172,89.66409060631196,86.92666159747967,87.08560943603516,7267950
2021-02-24,87.70374504456855,88.86936039947682,87.43882970783068,88.48081970214844,6109300
2021-02-25,89.74097155531261,89.77697678231767,87.76073214109809,88.04876708984375,6397950
2021-02-26,87.94075674840958,88.06677161693125,86.37456704871522,87.09465789794922,4275600
2021-03-01,87.2386732708691,87.6347239306856,86.55459450774383,86.57259368896484,5692350
2021-03-02,87.13065047900305,87.1846548813028,85.81648383982493,85.92449951171875,7178250
2021-03-03,85.76248896348532,85.76248896348532,84.34031336174132,84.89838409423828,7015850
2021-03-04,85.6724791712904,86.32055953886987,83.67423366035206,85.02439880371094,7998200
2021-03-05,85.63646673466715,86.62658638299149,84.88037761433404,86.5185775756836,5587400
2021-03-08,85.96050727479967,87.25666790663455,85.7984871958203,86.75260162353516,5876500
2021-03-09,88.93088419593015,89.79498910253336,88.33680820978681,88.69685363769531,7769550
2021-03-10,90.37105296086237,90.53307304915708,89.47094288529063,89.6689682006836,6364350
2021-03-11,88.12077313369369,88.69684300235456,87.47269281462657,87.61670684814453,6326950
2021-03-12,86.89661998586291,87.45469065655901,86.19453528655465,87.1666488647461,4459900
2021-03-15,87.45469831411299,87.81473685081562,86.6445978719423,87.79673767089844,5322700
2021-03-16,89.92099392340458,90.85710918443633,89.75897384231651,90.10101318359375,8383900
2021-03-17,89.65095606451514,90.22702592437159,88.37280149216457,90.13701629638672,6504050
2021-03-18,89.05689269739965,89.95700276915895,88.7148464750624,88.80486297607422,4896100
2021-03-19,88.60684271806974,89.0748969604854,88.01276674050477,88.58883666992188,3394400
2021-03-22,89.97499406817924,92.18926382668643,89.77696877096982,92.1712646484375,5046000
2021-03-23,89.92098967500279,90.3890438497577,88.49881423789881,88.93087005615234,5445900
2021-03-24,88.44481589556467,88.75085001785394,87.77872951065028,87.8327407836914,3241300
2021-03-25,88.08477685730475,89.63296736185191,87.86875235143393,89.470947265625,3400100
2021-03-26,89.21889785520659,91.21713611160135,89.07487697152388,91.16313171386719,4853750
2021-03-29,91.00110862758713,91.9192245623028,90.87509379220161,91.46916961669922,4326200
2021-03-30,90.26303485358952,90.317039259138,89.45293443388884,89.95700073242188,3542400
2021-03-31,90.08300493498936,90.24502499976536,89.47092989775713,89.5069351196289,3344150
2021-04-01,89.30890735810542,89.6329474786778,88.80484800045669,89.16488647460938,2979300
2021-04-05,88.94886201665902,89.65094665546796,88.93086283986887,89.16488647460938,2647000
2021-04-06,89.02087654032273,89.43492629841892,88.49881111465163,88.60682678222656,3563900
2021-04-07,88.3187954301149,88.42680423475045,86.87861394022747,87.1666488647461,4734550
2021-04-08,89.41693501996647,89.65096557137998,88.98488601290555,89.11090087890625,5180650
2021-04-09,90.2810283780326,90.29902755495398,89.43492284955893,89.9029769897461,3716100
2021-04-12,89.70496999527441,89.86698321007489,88.87686353829129,88.96687316894531,3945250
2021-04-13,88.5888235219966,89.29090821506772,88.13876852722852,88.55281829833984,3866950
2021-04-14,90.08301444460776,90.58707386943576,89.5429497941071,89.72296905517578,5931800
2021-04-15,91.3431679098854,92.33328755906253,91.09113133559615,91.50518798828125,6951500
2021-04-16,91.4511713376684,91.82921587592209,91.10913202219515,91.3431625366211,11083100
2021-04-19,92.96336508519465,93.26940607391201,92.26128034330058,92.94536590576172,8060350
2021-04-20,93.77347110400785,94.2415253374493,93.52144137313206,94.0975112915039,6971200
2021-04-21,95.26764920324084,95.73571029854588,94.8535993834218,95.60969543457031,5715850
2021-04-22,95.53768301528497,95.59168742236602,94.38554321558998,94.88960266113281,4718000
2021-04-23,94.94360997200872,94.97960833036336,93.89947903006393,94.07949829101562,3281350
2021-04-26,94.42154776304133,94.47555216973362,93.59344814638355,94.27752685546875,3225750
2021-04-27,95.05162206543423,95.06962811252824,94.16951804208416,94.27752685546875,4171100
2021-04-28,94.25952205835975,94.69157102074021,93.48542689452576,93.75546264648438,4072550
2021-04-29,94.07948954418639,94.11549476648814,91.19914043298547,92.477294921875,5575450
2021-04-30,95.89771166211399,98.21999690292583,95.30363581885314,95.53766632080078,7649000
2021-05-03,96.07775324221828,96.74383968210039,95.62769817773888,96.67182922363281,3318350
2021-05-04,95.89773495877628,96.09576028796998,94.94362040971062,95.28565979003906,4074850
2021-05-05,95.89772444460904,96.67181962806112,95.55568510178158,96.5818099975586,3680250
2021-05-06,95.89771231526596,96.34776727814935,95.35764773326466,96.2757568359375,2751200
2021-05-07,96.3657762498734,97.30189149189478,96.3657762498734,96.86984252929688,2387950
2021-05-10,98.20200733328222,98.47204310139193,97.51792175675384,97.8959732055664,4181000
2021-05-11,96.0057432749646,97.55392682542531,96.0057432749646,97.39190673828125,3740050
2021-05-12,98.50803482726455,99.04809942217052,97.89595978842608,98.11198425292969,4172750
2021-05-13,98.03997417061828,99.40814514120675,97.98596977111666,99.10210418701172,3655800
2021-05-14,99.44415561779397,99.69618531851033,99.15612069307608,99.39014434814453,2599250
2021-05-17,99.89422107387921,100.59630584716797,99.78620539056747,100.59630584716797,2764100
2021-05-18,101.19037053588704,101.47840547822862,100.79432678222656,100.79432678222656,3491350
2021-05-19,101.26237262929668,101.46039792342769,100.72230801539925,101.42439270019531,5173600
2021-05-20,102.55854141948348,103.74668641223923,102.3965213355943,103.4046401977539,5086150
2021-05-21,103.65667413166555,103.9267030197172,103.24261747552289,103.33263397216797,3626400
2021-05-24,103.53065226464338,103.90870369505677,103.38663823134335,103.45864868164062,2162250
2021-05-25,103.20662705862809,103.26063146693475,102.1804952297359,102.45053100585938,3702150
2021-05-26,102.63053780583844,102.72055429847003,101.74843386332027,101.78443908691406,2031700
2021-05-27,101.1903625095999,103.2606182147352,101.17236333157265,102.41451263427734,6182700
2021-05-28,102.16249635883554,103.38664664432503,102.07248672228677,102.19850158691406,2781550
2021-06-01,102.86456957723118,102.90057480126309,101.08235562506442,101.26237487792969,3378550
2021-06-02,100.59630395385273,101.22637825974174,100.5602987267598,100.99234771728516,3038900
2021-06-03,100.41626928141548,101.51440457885879,100.32625965498285,101.26237487792969,2748850
2021-06-04,101.96446749408435,102.72056352286363,101.83845263383694,102.25250244140625,2434400
2021-06-07,101.92846105315422,102.54053616733452,101.44240079772034,101.53241729736328,3141300
2021-06-08,102.25249581022968,102.25249581022968,100.6683002690484,101.37039184570312,2582350
2021-06-09,102.5405405342561,103.80069604268148,102.3605212618932,103.69268035888672,3743250
2021-06-10,104.66479421815389,105.99696009725442,104.32275487561876,105.9249496459961,3779150
2021-06-11,106.44701526415703,106.48302048983606,105.3668790956695,105.79893493652344,3842200
2021-06-14,106.14096730186174,106.15897334716486,104.98882762505201,105.78092193603516,3298350
2021-06-15,106.1949854045675,106.23098376290206,105.45689544740621,105.9249496459961,2970200
2021-06-16,105.96097181481035,106.82507676619699,104.91684070649168,105.15087127685547,3484200
2021-06-17,104.5207652626412,105.24084907054898,104.1787191016384,105.0428237915039,2437500
2021-06-18,104.10672855738135,105.49289194959418,103.63866749973238,105.07884216308594,7053650
2021-06-21,104.77280752187933,105.24086170986753,104.37675691622393,104.97083282470703,2652550
2021-06-22,104.7008125029429,104.9888474766077,103.85470676336075,104.21475219726562,2449950
2021-06-23,105.94295972542153,105.94295972542153,104.19675074015822,104.37677001953125,2902400
2021-06-24,105.11485698038574,106.33900727277027,105.00684816283687,105.16886138916016,2623950
2021-06-25,106.30298350028599,106.96906293905732,105.87093457086984,106.84304809570312,4766250
2021-06-28,107.61715571264408,108.6792858496143,107.52714608082519,108.13922119140625,2911150
2021-06-29,108.22922645226768,108.6252770570295,107.85118189351925,108.33724212646484,2333650
2021-06-30,108.12121822067151,108.53526800635545,107.50914313155296,107.83318328857422,2287750
2021-07-01,107.77917258579627,108.80529746600891,107.49113765218034,108.57127380371094,2377350
2021-07-02,108.48125016446915,109.59739146762264,108.13921084935092,109.43537139892578,2598650
2021-07-06,108.75129248860479,109.02132824188733,107.77917201754103,107.83318328857422,3446800
2021-07-07,107.58113861083984,107.68915427747575,106.75303910184637,107.58113861083984,3217350
2021-07-08,107.02308410984189,107.4191278539084,105.90694959371787,106.68103790283203,3447500
2021-07-09,106.42900613241879,107.85118160268813,106.33899650447776,107.34712219238281,3086800
2021-07-12,108.53526264784593,109.68740231935263,108.42724697840687,108.9133071899414,5033950
2021-07-13,108.17522052641017,109.20134538131153,108.13921530218451,109.11133575439453,4160800
2021-07-14,108.1752179034925,108.33723797493235,107.34711836826403,107.65315246582031,11868900
2021-07-15,105.8349410436203,105.96095590089914,102.34250966390789,102.54053497314453,13527900
2021-07-16,102.23450469970703,103.47665413988751,101.53241993494002,102.23450469970703,14321400
2021-07-19,101.6044116728716,102.39651284724252,100.81231736579483,101.67642211914062,20534050
2021-07-20,103.09859555963403,104.23273603116506,102.18047955548711,103.58465576171875,32770100
2021-07-21,104.25074798243003,104.52078375021773,103.56666240671738,103.99871826171875,9776550
2021-07-22,104.68280550429388,105.27687458867341,104.19674523491338,104.34075927734375,24302450
2021-07-23,105.0608432736097,105.70892359072748,104.44876818158677,104.82681274414062,7064900
2021-07-26,103.54866459455462,103.72868386392747,102.16249424503992,102.23450469970703,9868350
2021-07-27,103.85469310151679,103.85469310151679,101.8564545974345,103.44064331054688,7919550
2021-07-28,102.66655157039065,103.38664236758335,102.2705078125,102.2705078125,5399450
2021-07-29,104.43075842744605,105.49288849450022,103.53064843391859,103.76467895507812,5300900
2021-07-30,103.42264601289308,103.81868976472845,102.84657613086466,103.04460144042969,3668250
2021-08-02,102.70254734686583,103.58465814889523,102.23449317886467,103.29662322998047,3626500
2021-08-03,103.53064632838695,103.9266969150186,103.35062708026025,103.8006820678711,2624550
2021-08-04,103.51266315052452,104.05272784567691,103.15261773132453,103.17062377929688,3472650
2021-08-05,104.70081618546895,105.18687650824188,104.17875063130961,105.15087127685547,4437550
2021-08-06,103.02658362743729,103.11659324860678,101.24436977948223,101.60440826416016,3110100
2021-08-09,102.00046808565713,102.30650906613245,100.81232312353582,101.46040344238281,4826350
2021-08-10,101.49641063387719,102.30651104813012,101.26238009924975,101.5504150390625,3347200
2021-08-11,102.2705068208866,102.46852526426456,101.67643088886857,101.91046142578125,3078400
2021-08-12,103.54363930470122,104.41466801608509,102.90850944355488,104.26949310302734,4587350
2021-08-13,104.88647848162475,106.41078054203861,104.77760421308741,106.12043762207031,3598700
2021-08-16,105.37643060245392,106.91887602506681,105.3401368731509,106.61038970947266,3058500
2021-08-17,106.17485592478552,107.84433261023979,106.12041880017202,107.69915771484375,3453800
2021-08-18,108.08025015984927,109.22347143552854,107.78990725966268,107.86248779296875,4869400
2021-08-19,107.28181938735817,108.49763523811842,107.10035764118948,107.40884399414062,2163500
2021-08-20,107.66289239165064,108.15284045555498,107.19108080980895,107.77176666259766,1747000
2021-08-23,107.22736715028192,107.69917177728321,106.66482474065035,106.70111846923828,3057350
2021-08-24,105.90267315696785,106.28374690908542,104.99535074393327,106.1930160522461,2117000
2021-08-25,106.95516145137945,106.97331177578248,105.97525852555235,106.30189514160156,2803400
2021-08-26,106.80999341260737,107.17292375495471,106.02969559937277,106.62852478027344,1857700
2021-08-27,106.86444381820138,107.48142340015049,106.084145908021,106.39263916015625,2622300
2021-08-30,106.4652051272864,106.71926120934422,106.17486224154072,106.35633087158203,1148250
2021-08-31,106.06599291908259,106.71926617297491,105.55788765365482,105.75749969482422,2208450
2021-09-01,106.59224770927302,106.91887743265825,105.93897441786027,106.55595397949219,2172150
2021-09-02,107.3725424528526,108.18913409587705,107.22737445093792,108.13469696044922,1627150
2021-09-03,107.3362476375998,107.4995659540223,106.39263146741648,106.75556182861328,2665300
2021-09-07,107.08219307914143,107.10034340473878,105.63047853579728,105.95711517333984,2531800
2021-09-08,103.99730065430994,104.17876237353772,103.36217079237099,103.56178283691406,1920750
2021-09-09,103.47105224092374,103.8884197340677,101.87416280283146,102.1463623046875,2815700
2021-09-10,103.08997147337892,103.16255200293212,102.07376791410978,102.09191131591797,1965400
2021-09-13,102.76334686064648,102.78149026457305,101.25718820885602,101.54753112792969,2006500
2021-09-14,102.2370981566001,102.49114734549939,101.14831394065416,101.54753112792969,3241500
2021-09-15,102.58185925573324,102.72703414960672,101.85600555332562,102.43669128417969,3461500
2021-09-16,102.47299398254039,102.9447985843114,101.63825211429851,102.70889282226562,2672350
2021-09-17,101.91046238696457,102.27339276951948,100.04138026194047,100.8216781616211,3652200
2021-09-20,101.92860455275115,106.33819237976778,101.7652931510228,106.15673065185547,8744350
2021-09-21,106.82813811849006,107.98950969031937,106.39262724021437,107.2999496459961,4347950
2021-09-22,106.46522311502024,107.2092342404127,105.6304880427596,106.59225463867188,3194100
2021-09-23,107.49956296905256,108.44317219071354,107.49956296905256,107.93507385253906,2661100
2021-09-24,110.60260792576942,111.23773087118816,109.31421170945086,109.5138168334961,5054100
2021-09-27,107.88064396604756,108.04396228890074,106.19302360400496,106.55595397949219,2924650
2021-09-28,105.95710702099045,105.95710702099045,103.63436393035188,104.5779800415039,3116300
2021-09-29,107.02775137854722,108.62464076922357,106.5922404952941,108.27985382080078,4274100
2021-09-30,108.76980173701956,109.87673612086246,108.76980173701956,108.98756408691406,3900600
2021-10-01,107.59029377333265,108.78795908581246,106.50150272051056,108.29800415039062,3035750
2021-10-04,108.96941781244826,109.8767402037631,108.66093152211505,109.85859680175781,3463050
2021-10-05,109.11459495100331,109.76786819369171,108.66093374606088,108.6790771484375,2069650
2021-10-06,108.22542493917618,108.71537991191745,107.4814207781219,108.62464904785156,3344150
2021-10-07,108.09840286679153,110.04007247684697,108.02581540491697,109.55011749267578,1910200
2021-10-08,110.1489445352165,110.89294865192842,109.74972045033472,109.98562622070312,1556700
2021-10-11,110.76592400152322,111.31031607548059,110.31226278617194,110.33040618896484,1876750
2021-10-12,110.31226085645774,110.42113511595218,109.24162013006485,109.36864471435547,1373100
2021-10-13,108.89683382239136,110.07635573753423,108.89683382239136,109.69528198242188,2226300
2021-10-14,109.5864003152015,109.93118726362428,108.20727328847238,108.27985382080078,2794450
2021-10-15,109.36864681335007,109.85860175744023,109.0238667811329,109.27791595458984,1756600
2021-10-18,108.47946597656222,108.64278428853791,107.29995098768953,107.59029388427734,2114300
2021-10-19,108.08025199873055,109.76787229800357,107.9895142164928,109.18717956542969,1702100
2021-10-20,109.40494731088778,110.29411947300574,109.2779227162995,110.02192687988281,1490750
2021-10-21,109.80414917044213,111.14698931161976,109.76786236761487,111.0925521850586,1298750
2021-10-22,112.3083690653612,112.61686229058441,111.92729530683913,112.12690734863281,1998700
2021-10-25,112.39910062367112,112.43539435170696,111.29217306902149,112.09061431884766,1572350
2021-10-26,112.38096050957293,113.14310805366702,112.12691132820824,112.97978973388672,1234850
2021-10-27,113.65121001278494,113.76008427457167,111.8002714168817,112.09061431884766,1256750
2021-10-28,112.5624174169007,114.06857595958233,112.48983688413107,112.8527603149414,1264950
2021-10-29,113.2156913153136,113.34271590128755,112.43539347443321,113.19754791259766,1975650
2021-11-01,112.85278026553222,113.92342118926486,112.5987310501248,113.34273529052734,1409900
2021-11-02,114.21375180557544,116.51835174584988,113.66935969958395,115.33883666992188,2727600
2021-11-03,116.04655185357105,116.26430732042334,115.12107900538619,115.82879638671875,1985050
2021-11-04,115.75620892366082,116.11913931662897,115.24810360457681,115.82879638671875,1405950
2021-11-05,113.95969797458324,114.57667751552187,112.92535093864507,114.48594665527344,2034250
2021-11-08,115.52029022631594,115.90136398132205,114.26818777887269,114.30448150634766,2278500
2021-11-09,114.21374728779804,114.30448507047511,113.56048093984123,113.77823638916016,1809100
2021-11-10,114.81259647542286,115.13923314768583,114.26820432909184,114.57669067382812,1259550
2021-11-11,114.39520681228964,114.84886800022957,114.05041987917026,114.17744445800781,1226000
2021-11-12,109.49567326962084,109.84045330772481,106.10228925333968,106.70111846923828,7077900
2021-11-15,108.73352612358414,109.55011776590614,107.40883609151575,108.47947692871094,3977850
2021-11-16,104.52353599122176,105.63047040857934,103.3258707198212,104.5779800415039,3987250
2021-11-17,105.24940779021583,105.86638735415477,104.50540363272957,104.75945281982422,2608350
2021-11-18,103.23513727560248,103.57992420356373,101.76527947895178,102.90850067138672,3977900
2021-11-19,103.997301492465,104.28764439896196,102.63631782032537,102.81777954101562,2400350
2021-11-22,102.74518864719865,103.18070645353737,102.0737719963171,102.6181640625,2536750
2021-11-23,102.25523435051733,103.32587508704587,102.0374789071463,102.9448013305664,2913600
2021-11-24,102.16449598516203,102.58186343858688,101.89230343153031,102.2370834350586,1583000
2021-11-26,103.43475492492368,103.57992983349713,101.74713468552085,102.672607421875,2906900
2021-11-29,101.14830785559602,102.01933656041612,100.7490837700165,100.76722717285156,3107600
2021-11-30,100.34986481240726,101.16645642812993,99.27922401008666,99.49698638916016,3493900
2021-12-01,100.5313313380145,101.148310887714,99.55142141984687,99.58771514892578,2451100
2021-12-02,99.87806157556645,100.56762168537958,99.22478827378873,99.42440032958984,2679150
2021-12-03,98.97073792607273,99.18849338334473,97.33755469072982,98.40819549560547,2875550
2021-12-06,100.34986457102518,101.43865569681016,100.00508452180324,100.54947662353516,2607000
2021-12-07,98.2630217926068,99.42439339371793,97.31940563612383,99.36994934082031,3350550
2021-12-08,99.55141925809846,100.1865421973853,98.68039054608188,100.04137420654297,2007400
2021-12-09,100.31357311270528,100.94870301437497,99.58771926806733,99.7328872680664,2412100
2021-12-10,98.2993150907418,98.57151460624623,97.51902411909298,98.0271224975586,1980500
2021-12-13,98.51707103181315,99.38809973323667,98.49892070672804,99.04331970214844,1844050
2021-12-14,98.95257708156447,99.60585030626054,98.62594046921645,98.89813995361328,1792850
2021-12-15,99.69658705914469,101.16645190167995,99.1521949804608,101.11201477050781,2417350
2021-12-16,101.83787562807608,103.77954522746158,101.72900135818391,103.59808349609375,3427950
2021-12-17,102.65446354832672,103.43476142514419,101.54752902901257,101.65641021728516,3006650
2021-12-20,102.63632202148438,102.78149001951446,101.62011834598884,102.63632202148438,2049350
2021-12-21,102.83592698610146,103.79769352606039,102.54558406819262,103.32588195800781,3752600
2021-12-22,103.39845603762859,105.52159397447487,103.07181943195994,105.39456939697266,2047650
2021-12-23,104.34207358315497,105.08607765702901,104.08802442461072,104.59612274169922,1736800
2021-12-27,104.55983582082648,105.37642739952155,104.39651750508746,105.35828399658203,1085400
2021-12-28,105.35828114520659,106.1385789745841,105.35828114520659,105.83008575439453,1094350
2021-12-29,106.08413760442339,106.50150509449634,105.81194502689104,106.42892456054688,1358250
2021-12-30,106.21116155391125,106.84629140898097,105.8663815221791,106.10228729248047,1091850
2021-12-31,105.93896973683488,106.51965554302775,105.63047650848944,105.70306396484375,668550
2022-01-03,105.7393555992822,105.92081731425404,104.79573945232306,105.81194305419922,1660500
2022-01-04,103.72509347560295,104.70500330047186,103.56177517145812,103.9247055053711,2323300
2022-01-05,103.87028381169296,104.75945599346127,103.16256644036211,103.21701049804688,2402200
2022-01-06,103.08997833968995,103.5073458322813,101.81972553657839,102.83592224121094,3098200
2022-01-07,102.79963449268902,104.43281071972699,102.58187212456065,104.3057861328125,2297400
2022-01-10,102.99923949556597,105.10422726215462,102.47299774565941,105.03164672851562,2834650
2022-01-11,103.68881254518452,105.44902038236394,103.65251881508254,105.43087005615234,2219550
2022-01-12,105.41272308884722,106.08413976723399,105.32199222781996,105.97526550292969,1767250
2022-01-13,106.48336746214616,106.50151086603655,105.3582895182696,105.43087005615234,1732200
2022-01-14,105.6123322235407,107.04590332412228,105.55788817056924,106.7918472290039,2506900
2022-01-18,107.68103352691355,108.84240520801781,107.04591055203505,108.5883560180664,2950750
2022-01-19,108.15282929428231,108.60649050260115,107.82619267050708,107.93507385253906,1781950
2022-01-20,109.24162361923652,110.00377114932323,108.5883503521217,109.18717956542969,3086000
2022-01-21,108.58835422658919,109.36865210989309,107.1003459194332,107.24551391601562,2947000
2022-01-24,104.75946016874661,104.83204763367175,100.71280245051273,103.38033294677734,5211850
2022-01-25,102.52743555403451,105.48530864189632,102.41855436937526,104.97720336914062,3077900
2022-01-26,104.70501663624128,105.66677625963301,103.08998371306603,103.65251922607422,2241650
2022-01-27,105.28569269735557,109.18717488511034,105.12237438757752,108.00765991210938,5052350
2022-01-28,106.79185260142236,107.68103167326699,106.2474605005662,107.60844421386719,2519350
2022-01-31,105.28569786651255,105.97526486635526,104.90462409909459,105.63047790527344,3345100
2022-02-01,104.06988030213576,105.24940223403168,103.83398145361322,104.66871643066406,6864850
2022-02-02,104.68686077624282,107.33624756557705,104.36022414361697,107.08219146728516,4754550
2022-02-03,104.48726109776297,105.28570239560266,103.59808201321682,104.03359985351562,3493500
2022-02-04,102.16450519965387,102.81777846300288,100.98499018289228,101.11201477050781,5300100
2022-02-07,101.96489353188966,102.99924056190248,101.65640722434799,102.85407257080078,3908450
2022-02-08,102.61816819656825,102.87221737620017,101.83787033208684,102.79963684082031,3816150
2022-02-09,103.4166175714013,104.34208343956576,103.1988551958041,103.79769134521484,2785550
2022-02-10,105.53975448103074,109.1871879390509,105.41272988294138,106.33819580078125,7270100
2022-02-11,105.39458605833065,106.26561483703733,104.74131274372029,105.3219985961914,4519100
2022-02-14,103.97913981939713,104.66870674294289,102.83591172131446,104.41465759277344,3267350
2022-02-15,108.13467675355233,109.69527228585801,107.95321505448798,109.4230728149414,4177950
2022-02-16,109.73157559655635,111.18329008285674,109.67713154422461,110.40299224853516,3780500
2022-02-17,110.72963855078436,111.16514947357688,109.67714112978004,110.67520141601562,3991550
2022-02-18,109.55011493703763,110.02192650589421,108.08025694113498,108.62464904785156,17490850
2022-02-22,112.14505105491894,112.34466309725293,109.87674497807058,110.34855651855469,4977200
2022-02-23,111.92729074638437,111.92729074638437,109.65898476809727,109.85859680175781,4257500
2022-02-24,106.51054217991218,107.43287106009676,105.23772382169848,107.2299575805664,4713500
2022-02-25,109.40666557748882,111.89695099594103,109.24064608047124,111.74938201904297,3234050
2022-02-28,112.19208289521099,112.56101584962397,110.88237759201515,112.30276489257812,3679450
2022-03-01,114.79305041649438,115.54935980908547,112.33965927928357,113.15130615234375,4120300
2022-03-02,114.20276256224409,115.27266744935214,113.42800967445767,114.36878204345703,3608650
2022-03-03,111.14064037000087,112.13675734181989,109.20375094933827,110.80860137939453,3210550
2022-03-04,106.86103024443527,108.06006066649569,105.36685484665693,106.01248931884766,4642100
2022-03-07,105.53288051547416,106.01249552710988,104.02026154673699,104.22317504882812,4840650
2022-03-08,104.9794811577337,107.85715002458558,103.96492071671148,106.4183120727539,5116600
2022-03-09,108.28141435657706,111.78625995737812,107.87558738846315,111.47267150878906,4628400
2022-03-10,110.60568535441165,112.5425747308287,110.36588489530509,112.33966827392578,3333800
2022-03-11,111.69402117071154,112.33965558111048,111.12218179319349,111.23285675048828,3171000
2022-03-14,113.5571332239351,113.57557670517346,111.17752304596824,111.39888000488281,4669600
2022-03-15,112.26589250914321,113.61249207073585,111.65715196163318,113.2066650390625,2928200
2022-03-16,114.18433844602956,114.36880144007901,112.72705686787751,114.29501342773438,3477600
2022-03-17,114.57170192252468,117.89208469539012,114.47947043599174,117.4493637084961,4334400
2022-03-18,115.82607883404403,117.00665884166159,115.38335781278148,116.63772583007812,3523300
2022-03-21,116.60082609687227,118.29790801524528,116.60082609687227,117.09888458251953,2321200
2022-03-22,117.22800996386316,117.70762496594921,116.52703798063592,117.43092346191406,2104500
2022-03-23,116.84062788457929,118.99888121684451,116.84062788457929,118.64839172363281,3762700
2022-03-24,118.61149473317718,121.85808212462653,118.11342927717469,121.78429412841797,7603050
2022-03-25,119.86586783080529,121.26779760000119,119.64450383237453,120.1425552368164,4682800
2022-03-28,120.1425723701611,120.991113374722,119.38626989650581,120.6037368774414,3179350
2022-03-29,121.83965129119782,122.85420462013539,120.80663337033131,121.6551742553711,2386550
2022-03-30,122.17169407537675,123.99790138350404,122.0979060734616,123.81343841552734,3401850
2022-03-31,124.10858627105254,124.60665180539054,122.2454777762159,122.37460327148438,3070600
2022-04-01,121.24937252896004,123.38916842002355,121.1386834825507,123.24159240722656,1914900
2022-04-04,122.57751802144539,123.42607308312522,122.42995607794,122.98334503173828,2039250
2022-04-05,123.46295452669112,125.6765383900926,123.42606756087106,123.68431854248047,3476500
2022-04-06,125.43672401949246,127.79788363160937,125.04934759003154,127.41050720214844,2798350
2022-04-07,127.85325416320521,131.22898201584536,127.83481771438481,130.9891815185547,4154850
2022-04-08,130.2697422416891,132.26196202080257,130.2697422416891,131.2289581298828,4541000
2022-04-11,130.95224009848266,131.48719249546392,129.42118497456613,130.2881622314453,3794550
2022-04-12,127.26293080198708,127.81633374152086,125.47361058093207,126.56196594238281,3708450
2022-04-13,126.50664349724427,127.57654846822605,126.19305502859815,127.22605895996094,3152300
2022-04-14,127.41050604098362,128.0007959386332,126.87555362223537,127.37361907958984,1972800
2022-04-18,127.28138131960391,127.53963227175397,126.28526447261592,126.56196594238281,1546900
2022-04-19,126.48819192194492,127.31828234934568,124.71732202283312,125.95323944091797,3051400
2022-04-20,125.9163279929758,127.63186007318835,125.36292509989295,127.00466918945312,3102500
2022-04-21,127.13383281869596,127.44742131788888,124.25617068751505,124.31150817871094,4651150
2022-04-22,123.22316460652233,123.37072655604949,121.3785065380033,121.48918151855469,4253900
2022-04-25,119.8474224349059,121.82120576600354,119.55227042438317,121.67362976074219,3573950
2022-04-26,121.63673554827707,122.28236294079647,119.88430225587112,120.013427734375,4420850
2022-04-27,122.33770847485006,123.05712391296417,121.15712857263087,122.09790802001953,4535850
2022-04-28,121.21246464512895,123.9979019165039,120.75130018639373,123.9979019165039,4471900
2022-04-29,122.17169444408022,125.06780667828386,121.98721740192445,122.48528289794922,5390900
2022-05-02,121.67363504931254,122.70663898379685,121.04645811012509,122.5406265258789,2797250
2022-05-03,122.65130220676721,124.09013314486504,122.65130220676721,123.90567016601562,3636850
2022-05-04,122.8726541915462,123.49983107293382,120.71440799577574,123.13090515136719,4037350
2022-05-05,121.26781312681747,121.74742814801519,118.85131564743916,119.81053161621094,4007700
2022-05-06,117.0066508225411,119.29402267133077,116.58238035118192,118.72218322753906,4331800
2022-05-09,116.69305874627356,117.28335576376325,114.99597681102703,115.4386978149414,4098550
2022-05-10,116.23189126186325,118.3163566605883,116.19500429623224,117.39402770996094,3024150
2022-05-11,114.12897630684571,115.84450862666392,113.13286644115375,113.31732940673828,5243250
2022-05-12,111.62024980612323,113.68627178306554,111.30666133131564,113.35423278808594,4400200
2022-05-13,115.32802416421669,116.7853057382506,114.94064765572023,116.47171020507812,2915650
2022-05-16,116.85908136450843,119.53384390591842,116.85908136450843,118.96199035644531,2802050
2022-05-17,120.89887291269693,121.41537484069589,120.25324550269823,121.08333587646484,3223850
2022-05-18,118.46393643367236,119.05422641788105,116.60082795360421,116.80374145507812,4385050
2022-05-19,116.82218774516562,119.51538658019862,116.49014876146988,119.0542221069336,3221700
2022-05-20,120.78819623057746,122.41148999170954,119.86586735123885,122.1347885131836,3584600
2022-05-23,122.59595521939158,124.18236204707301,122.28236677228811,122.50373077392578,3240600
2022-05-24,123.11247701136877,123.53675456455095,122.31927346956024,122.94646453857422,3067250
2022-05-25,122.57751442326332,123.6658699256121,122.33771395768562,123.24159240722656,1930100
2022-05-26,123.09403259124443,123.90567252838107,122.6882055858644,123.03868103027344,3108700
2022-05-27,123.22315647197102,124.32994842529297,122.90955392507081,124.32994842529297,2715150
2022-05-31,121.5445104041009,123.14936787660149,121.17558444596484,122.63286590576172,2885850
2022-06-01,122.70663238905578,123.02023491541836,120.82508759899203,121.96878051757812,2640700
2022-06-02,122.57750559420255,123.55518605334443,121.02799979231219,123.53673553466797,1928500
2022-06-03,121.96878249835923,122.96489942937787,120.88042704509675,121.19401550292969,2791100
2022-06-06,118.46393037020003,119.38625930291897,116.82218599585013,117.17266845703125,5117050
2022-06-07,117.79986501833292,121.08335411839379,117.79986501833292,120.9726791381836,3039450
2022-06-08,119.20180562951424,120.6037355835972,119.14645406739037,119.38626861572266,2519000
2022-06-09,118.46393023516335,118.64839320677234,115.58626143510844,115.66004943847656,2704950
2022-06-10,113.05907826540846,114.62703458088615,112.78237678064836,113.98140716552734,3476950
2022-06-13,111.4726663943744,111.91538030581304,110.53188701814844,110.69790649414062,3471500
2022-06-14,107.78336022987793,110.27364554711231,107.74646622795007,109.31442260742188,7496400
2022-06-15,111.50956192551608,112.30276531762235,109.94159862252916,111.73091888427734,3835300
2022-06-16,112.26588439941406,113.09598188750407,110.58724593985947,112.26588439941406,5464300
2022-06-17,112.9114967253716,113.630912106287,112.1551873458438,112.69013977050781,4186000
2022-06-21,115.12509660807096,116.2687825094433,114.49791265503234,115.89985656738281,2783700
2022-06-22,116.08432611875774,118.33481108431616,116.04743211509808,117.22801208496094,2658150
2022-06-23,117.48626945082833,119.03578250458261,117.17268095791728,118.8882064819336,2190400
2022-06-24,122.59596168642301,123.46295314654408,121.28625627329517,123.4076156616211,2821650
2022-06-27,122.22703742540769,123.72120583344932,121.48917144446037,122.68820190429688,2319050
2022-06-28,122.57750197130518,122.87265396691632,120.97265873444033,121.6182861328125,3675900
2022-06-29,122.85420675685351,124.60664011233308,122.74353179233009,123.62895965576172,2932350
2022-06-30,121.08335287466922,122.52218389711905,120.25326238437091,121.87655639648438,2365650
2022-07-01,118.24256019690492,121.6920752919852,118.18722271560566,121.6551742553711,4428750
2022-07-05,119.40469800667401,120.88041570882329,119.10954602207141,120.8435287475586,4672200
2022-07-06,121.96877652740388,122.92799237311776,121.00954660806813,122.65129089355469,3506050
2022-07-07,123.16780989564134,123.72121293150708,122.44839439319017,123.44451141357422,3200500
2022-07-08,121.74741260681635,124.03478429699696,121.63673764436916,123.55518341064453,3057450
2022-07-11,121.98723001407905,124.6066551031139,121.98723001407905,123.11247253417969,3565500
2022-07-12,123.94256824307861,124.51440768592875,122.85421276872513,123.07557678222656,3366100
2022-07-13,120.89888305164021,123.11246694973696,120.88043253162951,122.30082702636719,2843700
2022-07-14,118.96196815230904,120.08721044701068,118.26100331037237,120.05032348632812,2975250
2022-07-15,120.76978428736517,124.31152493762099,120.76978428736517,124.25618743896484,4223050
2022-07-18,125.32605916873779,125.75032259414724,121.96878243567701,122.42994689941406,3322050
2022-07-19,125.16002671000108,126.15614359328451,124.38527382532126,125.73188018798828,2544000
2022-07-20,123.37071676651715,123.55519381763004,120.97266991190318,121.36004638671875,2492100
2022-07-21,118.02121872876138,120.76976226203325,117.8736497469868,120.56684875488281,2137200
2022-07-22,120.21636135673144,121.26781587892701,119.90277286690313,120.36393737792969,1812900
2022-07-25,122.09790950607089,122.55907397578879,121.3600435397977,122.04257202148438,2130900
2022-07-26,122.79887528375548,124.14548173704921,122.44838578078394,123.07557678222656,2037450
2022-07-27,123.6842937845329,124.84642296915123,122.70661346571664,124.49593353271484,2029250
2022-07-28,123.2231527912275,123.85032971904731,121.5629578740239,123.07557678222656,3121150
2022-07-29,123.53674243617762,124.10858188449468,121.34159502057656,122.17169952392578,3399000
2022-08-01,122.706642444187,123.3522839950702,120.97267351577852,121.10179901123047,2887850
2022-08-02,122.87266295678779,123.48140343705742,120.29013910072925,120.38237762451172,3241550
2022-08-03,120.91733477370154,121.00955922742553,119.3493642505372,120.49305725097656,3659250
2022-08-04,121.8580864168632,122.28236389160156,120.45615666038371,122.28236389160156,2707300
2022-08-05,121.50761932139783,122.28237225141102,121.23091782535806,121.8027572631836,3168000
2022-08-08,121.15712649797624,121.74741643897791,119.51538215976466,120.1241226196289,1744950
2022-08-09,121.5998397409502,122.54061916685716,121.32313825408085,121.54450225830078,2231950
2022-08-10,123.70275692747097,123.7396579674924,121.61829852220282,122.30082702636719,2832500
2022-08-11,120.84253435614612,120.84253435614612,119.37496005488065,120.09945678710938,3606900
2022-08-12,120.21091323583761,124.81798281678071,120.17376573531723,123.79624938964844,5691950
2022-08-15,124.92944733993231,125.20810321693155,123.51760129002241,124.112060546875,2335400
2022-08-16,123.61050102601801,124.72511044862846,122.97888004362117,123.9820327758789,2217250
2022-08-17,124.5579097772983,125.1337881692008,123.22037296885617,123.38755798339844,2670200
2022-08-18,124.01918115029356,124.20494700529564,122.84882933503066,123.53617858886719,2633300
2022-08-19,124.5021821155301,125.11522225468802,123.66622859706214,124.78083801269531,2366150
2022-08-22,125.39386069728175,126.78712581614043,124.66936396931729,124.91085815429688,2780600
2022-08-23,124.22352997212872,124.22352997212872,122.77452226301087,123.40614318847656,2949650
2022-08-24,123.53619140486211,125.76541024220492,122.99746044834825,125.6539535522461,2057700
2022-08-25,126.32271488408092,126.80571746826172,125.39387139228621,126.80571746826172,1795350
2022-08-26,126.50847014184231,126.80570683735034,123.18320901923134,123.20178985595703,2022400
2022-08-29,123.20180474039296,123.22038557936345,121.75281110729772,122.29154205322266,1492550
2022-08-30,121.82710877401989,121.91998461403809,117.53584953775076,117.74019622802734,5748450
2022-08-31,116.51411346372242,117.61014891308953,115.4738063483276,115.88249969482422,6347000
2022-09-01,114.04339853492932,114.860785312589,113.17028341752491,114.7864761352539,6530050
2022-09-02,113.85763553243342,114.8422073540098,112.24144277418763,112.7430191040039,5654400
2022-09-06,112.92878523036401,113.801893230402,111.90705888090758,112.22286224365234,5181000
2022-09-07,109.71499211269945,111.53552444501891,108.43318360175576,111.1268310546875,6019050
2022-09-08,110.60667819761126,112.650130924755,110.10510189116404,112.05567169189453,3531800
2022-09-09,113.65327746404806,113.65327746404806,112.74300782621144,113.04023742675781,2217450
2022-09-12,114.52639236047803,115.5109640822297,114.30346484548649,114.712158203125,1817100
2022-09-13,112.18571071522548,112.40863115891848,109.34345202697206,109.58495330810547,3316100
2022-09-14,109.75214242281211,110.36517539789689,108.63752606168343,109.0833740234375,2542950
2022-09-15,108.87902787162895,108.97191079721816,107.63437399189186,108.00591278076172,3349650
2022-09-16,108.6746827443399,109.157678216249,106.96561421210905,107.8387222290039,3508950
2022-09-19,107.69011744338371,107.80157412779327,106.31542594805337,107.7272720336914,1815150
2022-09-20,106.48260723981019,107.07706645129382,105.66522759564842,106.6312255859375,2130300
2022-09-21,106.51976804382022,106.66837931210905,104.69923571657445,104.84784698486328,2971700
2022-09-22,104.32769027610902,105.05218699337512,103.64034814517873,104.6063461303711,3775750
2022-09-23,102.20993492838927,102.97158628018835,100.92813350799958,101.3925552368164,4802350
2022-09-26,99.8506708276749,100.3336663033802,97.80721807324866,98.49456024169922,4968750
2022-09-27,99.23762876350713,100.33366429551445,98.71747870984706,98.90325164794922,3924000
2022-09-28,98.9404004949109,102.06131503235018,98.90325299329815,101.59689331054688,3917600
2022-09-29,101.68977374784204,102.2470783442212,100.53800288394437,102.00557708740234,3222300
2022-09-30,102.56289148138372,103.51031576359478,101.72693096370135,101.87554931640625,3771500
2022-10-03,102.30281494065105,103.4174242234336,101.85697406214322,103.19450378417969,3034950
2022-10-04,104.66208112053243,106.11107464718467,104.25338773136869,105.96246337890625,3707300
2022-10-05,104.1233537088254,105.72096564388914,104.01189702550413,105.38658142089844,4628500
2022-10-06,102.80438294060035,103.3616875369795,101.61546457858817,102.00557708740234,4457800
2022-10-07,103.58462440705354,104.40201122561899,102.56289797036028,102.91586303710938,4108100
2022-10-10,101.94985404208425,102.13561988834259,100.63089102220405,100.7052001953125,3110750
2022-10-11,100.94670950274237,104.77354718439364,100.5565969426287,102.73008728027344,5089650
2022-10-12,102.04274326292217,103.00874131341155,101.63404987211541,102.30281829833984,3083250
2022-10-13,100.64947421700042,103.9933091335875,100.2965162662345,103.1573486328125,3268300
2022-10-14,104.42058573762004,104.95931667441126,101.83840191256962,102.11705780029297,3733200
2022-10-17,104.9778782365661,105.40515243786395,104.23480776644486,104.3648452758789,2343150
2022-10-18,105.07077463985674,105.12650297971604,103.34312523908663,103.97473907470703,2238900
2022-10-19,103.9190051040732,104.04904262324196,100.9652825794293,101.26251220703125,3120450
2022-10-20,99.70205098602145,101.76408454710739,99.42340220722063,100.96527862548828,2899400
2022-10-21,100.29652537030428,102.30282366776613,99.90640571018888,102.11705780029297,2009050
2022-10-24,102.28424355705233,103.43600745411565,102.17277979158949,102.50716400146484,2247250
2022-10-25,103.51031185048998,104.43915526024237,103.10161848251484,103.84469604492188,2921100
2022-10-26,106.83557872002574,108.35888861480935,106.66838660270277,107.67153930664062,3816100
2022-10-27,107.15138456635533,107.7644175790073,106.64980823608732,107.02134704589844,1741450
2022-10-28,108.48891804280483,109.3248714805068,107.74584044649957,109.0647964477539,2588800
2022-10-31,108.43319298260721,110.23515171967361,108.41461922985492,109.25057983398438,3056800
2022-11-01,111.27545380067033,111.49837425577758,109.52922349054208,111.18256378173828,2694450
2022-11-02,112.01852477155217,113.8762117730257,110.88533456681114,110.90391540527344,3027900
2022-11-03,109.45490151493313,111.62839872931987,109.34344484366532,111.33116912841797,2276150
2022-11-04,112.12997879293899,113.57897226041217,111.7212854204669,113.30032348632812,2696350
2022-11-07,113.43035947320953,113.98766410039796,112.94735693287018,113.5046615600586,2585700
2022-11-08,113.72757625215834,114.823611632823,113.28172834878966,113.93192291259766,2539050
2022-11-09,113.89479152465135,114.97224629023741,113.24459682843195,113.41178894042969,2784950
2022-11-10,121.43699620089882,122.45871547900506,119.24492512003623,120.91683197021484,5808250
2022-11-11,118.46469682472437,118.78050020249293,115.06512632843483,116.60700988769531,4262050
2022-11-14,118.8176601554215,119.85796035175174,118.03743500817384,118.72477722167969,2554800
2022-11-15,119.96942463828876,120.39668469279154,117.12715883320635,118.79907989501953,3833150
2022-11-16,119.11489022220164,119.44927443418796,117.90739089152738,118.52042388916016,1865250
2022-11-17,117.75877115051733,119.26349300023068,117.49869611903667,119.00341796875,3044800
2022-11-18,121.13975947702686,121.28837782862554,119.93226017308314,120.87968444824219,3059200
2022-11-21,121.69708027673484,122.12434035313387,120.9911501405548,121.5484619140625,2102650
2022-11-22,121.15833686795932,122.7745153332891,121.12117519460364,122.60733032226562,2085000
2022-11-23,123.10890292319168,123.4061396261309,122.21722116042618,122.83026123046875,1661600
2022-11-25,122.47730058211759,123.23894485792309,122.0871880252865,122.92314147949219,930650
2022-11-28,123.07175332730219,124.27925260964692,122.90456831451372,122.99744415283203,1446050
2022-11-29,123.2575201430569,123.46186683119502,122.38440505247145,122.75595092773438,1682500
2022-11-30,125.096631194362,126.30413053473386,123.33183427822149,126.26698303222656,2819350
2022-12-01,127.25155189082619,127.80886362671183,126.84285850758023,126.95431518554688,1978900
2022-12-02,126.65709277038643,127.66024539209224,126.39701773953968,127.1958236694336,1779700
2022-12-05,127.43730470493644,128.1246538857914,126.86142636366795,127.10292053222656,2079700
2022-12-06,126.48988392278203,128.49618901301272,125.96973390080187,127.36299896240234,3567550
2022-12-07,127.93887980812472,128.75625226529309,127.02860317976565,127.90171813964844,2183600
2022-12-08,128.06895571584602,129.05352763043095,127.86460899700447,128.4962158203125,1457800
2022-12-09,129.5179365590194,130.0380866378867,128.9606248042178,129.20213317871094,2244300
2022-12-12,129.1464024641968,129.46222004638642,128.49621480620866,128.7005615234375,2073350
2022-12-13,130.48390886040488,131.357023870537,128.88629717655135,129.25784301757812,2593950
2022-12-14,130.24244386356239,131.59854751121532,129.44363784272912,130.85548400878906,2178250
2022-12-15,130.09379982380287,130.24241816417393,128.62622560194498,129.55506896972656,2334700
2022-12-16,126.24839780639194,126.80570953581639,125.69110024999351,126.21125030517578,3195650
2022-12-19,126.11835984563331,126.13694068268855,124.81798471228613,125.338134765625,1887450
2022-12-20,125.15237890971808,125.95118489058,124.72510466147827,125.80256652832031,1243250
2022-12-21,125.02234585053445,126.63852453548401,124.7622707938063,126.13695526123047,1427600
2022-12-22,126.08121618346927,126.48989539994615,125.28241024208369,126.47132873535156,1246400
2022-12-23,125.56104968398067,126.30412727217094,125.31955549135495,126.28556060791016,1161300
2022-12-27,127.25155370434452,127.34444371932466,125.80256017802306,126.19267272949219,1044500
2022-12-28,126.02548305468504,126.84286989455566,125.41245709780952,125.50533294677734,1149700
2022-12-29,126.61996238227523,127.19584086083756,126.37845398311443,126.50849151611328,1289500
2022-12-30,125.9325986666499,126.41560123682515,124.70651848998034,125.95117950439453,1802700
2023-01-03,127.53019894954534,128.9791923551265,127.43730894230544,128.79342651367188,1736950
2023-01-04,130.94834370668408,131.13410955937513,128.40332176146205,129.10923767089844,2468150
2023-01-05,128.47764958344496,130.59541179213664,127.97606611805433,129.6851348876953,2510100
2023-01-06,129.7594199952579,132.24872767435093,129.3135791322209,131.52423095703125,3670750
2023-01-09,131.98866258911974,133.12185275492732,131.37562249816943,131.7100067138672,3293200
2023-01-10,133.1590096023195,133.9763964476154,132.67600699618757,133.01039123535156,2400200
2023-01-11,132.56452515165353,132.75029098859815,130.85545677492294,130.8740234375,2930700
2023-01-12,129.70370396126816,130.72543746620656,127.12152020118046,130.18670654296875,3374850
2023-01-13,131.84004112521566,132.88034125041113,131.44992857826736,132.0443878173828,2018400
2023-01-17,133.0475390228438,133.08468652419364,131.22699965012836,131.4127655029297,1996100
2023-01-18,133.19615877615269,133.64201388264183,131.5799800774697,131.69143676757812,3280800
2023-01-19,131.11553291604906,131.82144877175836,130.539640391604,130.94833374023438,3638600
2023-01-20,129.12781379384933,129.35072713972997,127.40016449814648,128.45904541015625,4874050
2023-01-23,127.64167371696894,128.36617052247934,125.50533080478537,125.59822082519531,3929050
2023-01-24,122.88600059896723,123.29469401567896,121.71564869237865,123.12749481201172,5433600
2023-01-25,122.31009747679407,124.29783604613482,122.31009747679407,123.77767181396484,2657100
2023-01-26,124.18636459075788,124.18636459075788,121.93856517581885,122.58875274658203,2729200
2023-01-27,121.4927205989282,122.1986364867069,121.10260806833794,121.73421478271484,1588100
2023-01-30,123.31324935147421,123.3875585270513,122.08718338701745,122.31009674072266,2585100
2023-01-31,120.82395638797372,121.45556312418397,120.47099134537028,121.43699645996094,2886350
2023-02-01,119.70934372430575,119.7650720614582,116.69988596084208,118.07457733154297,4769000
2023-02-02,117.70304743804392,117.75877577940518,116.14259010130799,117.31293487548828,4397050
2023-02-03,118.24177368638495,119.05914628242363,117.40581316643816,117.85165405273438,2415850
2023-02-06,118.11173842516133,118.61330766019012,117.42438915868895,118.00027465820312,2348700
2023-02-07,117.51725720662706,119.6350259915793,117.38721970489918,119.43067932128906,2325100
2023-02-08,121.25121768896666,121.26979852640821,119.26349327350906,119.56072998046875,2518400
2023-02-09,126.898594817751,127.41874491163706,124.98517946965853,125.24525451660156,4184000
2023-02-10,127.45589690820074,128.1803936515194,126.71281932778963,127.95746612548828,2959100
2023-02-13,127.3072879028952,129.61081581554376,127.251559560553,129.49935913085938,2501800
2023-02-14,129.88945270960417,131.11553275397975,129.66653937282678,130.669677734375,2481500
2023-02-15,128.99776705265413,129.72226372096858,128.68194954688218,129.46218872070312,2172650
2023-02-16,126.02547355689758,127.567357098441,125.728251020362,126.22982025146484,2387200
2023-02-17,126.76856176735244,128.62624883851012,126.47133920594155,128.1246795654297,1776550
2023-02-21,130.53964050939868,130.53964050939868,128.94204295798605,129.2764129638672,2676900
2023-02-22,129.3321447424848,129.38787307217535,127.66022398664795,127.90171813964844,1807000
2023-02-23,127.4023148074797,127.94886493719036,126.45998997254458,127.025390625,1828950
2023-02-24,125.78150914135514,125.98882174578063,124.53764789353743,125.08419799804688,2265000
2023-02-27,126.08304671849442,126.40343366301337,125.38572126977634,125.89458465576172,1841300
2023-02-28,123.82148033469286,124.53765642768907,122.74723057393474,122.84146881103516,2142550
2023-03-01,122.80377876873682,123.12416576009592,121.95567779434793,122.89800262451172,1710950
2023-03-02,121.14526941894728,122.76606916412486,121.08873223367699,122.69068145751953,1676850
2023-03-03,121.93681800269731,122.91684380366324,121.71066926303956,122.87914276123047,1886150
2023-03-06,121.63528696743808,122.35144863943479,121.35258665155624,121.6729736328125,1750600
2023-03-07,122.76606507626259,123.10530255532325,120.80602790599372,121.16411590576172,1651800
2023-03-08,121.42797150254081,121.57874691795982,120.18410308280404,120.84373474121094,1578650
2023-03-09,122.4456805174854,122.52106822305785,120.561031014378,120.8060302734375,1476050
2023-03-10,120.4856417116926,122.20066525984461,120.4667911908657,120.97565460205078,2869300
2023-03-13,122.46454462010594,124.00995680889368,122.10645657360783,122.84146881103516,4083350
2023-03-14,122.10644300008809,122.7472169291857,121.50335573439962,122.67182922363281,2448250
2023-03-15,121.80490959134104,121.99338607153553,120.41027278606923,121.71068572998047,2633350
2023-03-16,122.1441162660772,124.42454018866812,121.39026805070368,124.34916687011719,2294600
2023-03-17,123.59532590996864,124.0853244599835,123.12416350352203,123.65186309814453,2701400
2023-03-20,124.23610484901377,125.83805421924536,123.99110556420906,125.7815170288086,1995800
2023-03-21,125.4422779806992,126.38460281980598,125.15959203195592,126.25267791748047,1744800
2023-03-22,125.74382856173713,126.98768986975176,125.42344156802353,125.46112823486328,2084000
2023-03-23,127.42115245720402,127.85461378539063,126.12073971517533,126.76152801513672,2155850
2023-03-24,127.64731951490099,128.15616856343598,126.42229443965057,127.98655700683594,2007350
2023-03-27,129.85236942545507,130.54968062398385,129.30581927766394,129.531982421875,2876400
2023-03-28,130.32351979537555,130.41774364602293,128.83464491929095,129.28695678710938,2066400
2023-03-29,129.7392593380699,129.77696037860946,128.7403974447811,129.36233520507812,2165150
2023-03-30,130.1350691713906,130.455456173519,129.3435053596067,130.41775512695312,2324050
2023-03-31,131.6993108447893,131.79354907769533,130.49313623301708,130.81353759765625,1750150
2023-04-03,131.0396833303863,131.8312327051049,130.71929635186717,131.755859375,2374600
2023-04-04,131.88778788768406,132.99972427141557,131.56738652164296,132.39663696289062,2191700
2023-04-05,135.6947632388785,136.59940132044756,135.31783909248654,135.78900146484375,2936600
2023-04-06,136.46748004282117,137.18364169141228,136.05285484357663,136.33554077148438,2170050
2023-04-10,136.07168993570156,136.07168993570156,134.1305032258031,135.82669067382812,1389050
2023-04-11,136.44863706298145,136.6370991515813,135.82669922973975,136.0340118408203,1465600
2023-04-12,138.71019844986037,139.69022422870864,138.06942453031178,139.01174926757812,2160200
2023-04-13,139.55831697060282,141.02834144584438,139.50176540108595,140.91525268554688,1897100
2023-04-14,140.08601347591681,140.3498632795195,138.65367570011944,139.20022583007812,1990700
2023-04-17,139.0117525314335,139.12482690136534,137.59826539234672,138.76673889160156,2204350
2023-04-18,142.0271866185287,142.91297417881398,140.34984972388685,141.3863983154297,3782850
2023-04-19,140.50062920272885,141.1602536671285,140.23677941696897,141.0471649169922,2244150
2023-04-20,141.12256090447,141.27333632767514,140.1425494111081,140.4629364013672,1956850
2023-04-21,142.49835796840932,143.0637586021338,141.97065837892538,142.47950744628906,2550100
2023-04-24,142.64914115417847,142.91299096328527,142.0083527758218,142.8752899169922,1547950
2023-04-25,144.17567360713642,144.28874796563363,142.5925750732422,142.5925750732422,2236200
2023-04-26,141.78217753729658,141.78217753729658,138.42748960172372,138.80442810058594,2561350
2023-04-27,138.61599235279667,139.3886912593553,137.8432790675018,139.04945373535156,2348500
2023-04-28,137.61711051666674,139.01176160427906,137.2590368622674,137.99404907226562,2127350
2023-05-01,138.23904346239271,139.03059283306436,137.33441971840662,138.52174377441406,1303450
2023-05-02,137.54173078105885,139.04944179705618,137.54173078105885,138.89866638183594,1831500
2023-05-03,139.9352300785749,141.31103058646224,139.61484310370219,140.5760040283203,1777550
2023-05-04,140.349847485837,140.6325477803805,139.70905919295612,140.1802215576172,1523700
2023-05-05,140.14253566426413,142.27218438787648,139.70905995975372,141.85755920410156,1703950
2023-05-08,141.8952848901208,142.5172227738021,141.3864213930227,141.97067260742188,1063100
2023-05-09,140.82103663429513,141.93297312459023,140.82103663429513,141.49951171875,1378050
2023-05-10,140.74562598116472,141.46178761861626,140.0294643437132,141.1037139892578,1641850
2023-05-11,140.65139780012962,140.990635311307,139.91638558903458,140.83987426757812,1117050
2023-05-12,141.25448511125208,142.40412254475675,140.48178623390876,140.83987426757812,1250750
2023-05-15,141.70680303592292,141.7633402213347,140.95294034671818,141.32986450195312,1221250
2023-05-16,141.95180677655475,142.59259511514844,141.40525666910978,141.8764190673828,1381650
2023-05-17,141.97064830736662,142.00833497019818,139.36982283122205,140.78330993652344,1784700
2023-05-18,141.17911139735813,141.63142328479412,139.25676071296772,139.85984802246094,2072450
2023-05-19,140.14254201101568,141.91411719329042,139.97291607418288,140.95294189453125,1585450
2023-05-22,140.95295268109535,141.95181472073682,140.04831449914047,140.31216430664062,1491650
2023-05-23,141.66910469275868,141.66910469275868,139.48291866901397,139.5959930419922,1995700
2023-05-24,137.42865041728538,137.76788793286642,136.39210172654143,136.44863891601562,3200400
2023-05-25,135.77017368173293,136.0340235041419,134.63938667444629,135.29901123046875,2195150
2023-05-26,136.73132573254443,137.3909501757964,136.27899950397068,136.67477416992188,1740250
2023-05-30,137.27786222530665,137.31556326727363,134.243589768753,134.62051391601562,2035700
2023-05-31,136.33555816092547,138.03174583839314,135.22362169270244,137.73020935058594,2409700
2023-06-01,136.22246343101787,137.82441262876117,135.48745127700934,137.27786254882812,1649350
2023-06-02,137.4286394522214,138.37096421156807,136.76901499642568,136.80670166015625,4020350
2023-06-05,137.3344059759714,138.4086555511691,136.75015488859464,137.95632934570312,2222300
2023-06-06,139.04944413694813,139.42638268134175,137.63595694762637,138.33328247070312,2358250
2023-06-07,139.25675067571896,139.25675067571896,137.20248961851362,138.1636505126953,2738600
2023-06-08,137.84327935988102,140.34986693818462,137.6359667403981,139.93524169921875,1792400
2023-06-09,139.33216439142097,140.01063948969585,138.63483876854477,139.57716369628906,1898900
2023-06-12,138.78557607255414,139.55828920277324,138.40865195652208,139.1813507080078,3475450
2023-06-13,139.369823187656,140.36869948942714,139.12482393178826,139.7090606689453,2554200
2023-06-14,138.9928978584749,139.38867252014919,136.6747726929718,137.14593505859375,1910450
2023-06-15,139.46406521567764,140.85870184178864,138.6725158639985,140.63255310058594,2225250
2023-06-16,142.14026032613475,142.76219810541102,141.68794847699493,141.76333618164062,2449900
2023-06-20,140.4063902655731,140.65138952861815,139.35099112785923,139.3698272705078,1775800
2023-06-21,138.40866675281552,139.23790277248048,137.78672895401562,138.2955780029297,2200100
2023-06-22,138.03172782698206,139.6713780977031,137.91865345615125,139.3698272705078,2686050
2023-06-23,136.8255373148803,138.18248712150037,135.69475060227467,135.92091369628906,2961000
2023-06-26,136.27899885293263,136.3166998945009,134.54512478788646,135.1859130859375,2069750
2023-06-27,134.90321864198256,135.46860488142673,133.99858052864286,135.0728302001953,1793950
2023-06-28,134.67703532990677,134.8466612414264,133.50854760424417,133.73471069335938,1699400
2023-06-29,132.6227811410264,133.81010506597192,132.1704549402279,133.52740478515625,1657700
2023-06-30,135.242472214605,135.50632203345876,134.69592205305455,134.88438415527344,2389150
2023-07-03,126.44113709814704,126.8557623184047,122.74722553935202,122.973388671875,8174900
2023-07-05,126.00766600256655,127.49654082453416,125.34804155707066,126.38459014892578,6772400
2023-07-06,124.66957720547788,124.9145764835981,123.10531454530425,123.27494049072266,3011500
2023-07-07,123.12416636629715,123.46340388197578,121.65414192460173,122.21952819824219,2605700
2023-07-10,122.44568819823763,123.42569967468424,122.2760622553757,122.86031341552734,2201950
2023-07-11,122.52107311523542,122.82260957083074,121.99337353389222,122.23837280273438,3239200
2023-07-12,123.68953865198408,125.74381403648155,123.50107658208363,125.27265167236328,4373250
2023-07-13,127.1196062322106,127.77924507684861,126.93114415320042,127.609619140625,3534300
2023-07-14,129.89004829605713,129.89004829605713,126.74268688309103,126.98768615722656,3778550
2023-07-17,125.95114319704778,126.5542305273116,125.49881691529781,126.36576843261719,1736150
2023-07-18,126.15845985954219,126.85577107014133,125.4799847939011,125.83805847167969,4457200
2023-07-19,127.72269340253854,128.68386869701996,127.3080825805664,127.3080825805664,4218700
2023-07-20,128.9477133347516,129.81465036582784,128.9100266719806,129.21156311035156,3567050
2023-07-21,129.30582380680718,131.265861322414,129.30582380680718,130.68161010742188,4387300
2023-07-24,129.96546340970082,130.47432696623886,129.6450763577997,129.89007568359375,1804100
2023-07-25,128.51426925872948,130.53084388791441,128.457732067617,130.41775512695312,2107000
2023-07-26,129.02311428522933,131.05853937345475,128.66502624783712,130.75698852539062,2339400
2023-07-27,129.53197948022174,130.24814118585493,128.3634914964387,128.42002868652344,2628700
2023-07-28,134.5451422530078,135.449780444529,133.69705563117986,134.43206787109375,3810500
2023-07-31,135.14821453480337,135.82668950819084,134.41320237675606,135.12936401367188,1918500
2023-08-01,134.43205438386082,135.11052936474798,134.31896563455643,134.658203125,1937850
2023-08-02,132.54741423559287,133.73473834681172,132.22702724381352,132.81126403808594,2685150
2023-08-03,129.32465447495923,131.51084042830564,129.28695343269044,131.30352783203125,3099500
2023-08-04,130.41773920840626,131.75585300217716,130.38005254517665,130.794677734375,2031950
2023-08-07,130.98313350676668,131.90660768817898,130.58735885758998,131.7935333251953,2435000
2023-08-08,131.3977709366215,133.11279457641447,131.34123374985424,132.83010864257812,2721150
2023-08-09,133.6028173501697,134.8655292102522,133.48974296829255,134.33782958984375,2162100
2023-08-10,134.76464788860852,135.6562518891573,133.4177619738129,133.4367218017578,1938300
2023-08-11,132.22263461430674,133.8920258506554,131.91911814515822,133.49365234375,1774850
2023-08-14,132.84865309067627,134.51804428634512,132.67792779465645,134.38523864746094,1921550
2023-08-15,132.677919118751,133.01938416161354,131.539692660442,131.86219787597656,2121900
2023-08-16,130.79984955759286,132.84863974289075,130.74294113130404,132.24159240722656,2785700
2023-08-17,131.34999394413956,132.3554147789006,131.1223602294922,131.1223602294922,3216150
2023-08-18,129.69962074501325,130.47739356662885,129.1874158257372,129.87034606933594,3812350
2023-08-21,130.85679782884756,131.16031431895337,129.98415354605513,130.66708374023438,2041200
2023-08-22,130.53428727875897,130.8378182297324,129.73754024218226,130.45840454101562,2105750
2023-08-23,130.2497305455147,131.2930855082762,129.7375257412848,131.08441162109375,2096550
2023-08-24,130.57224019538708,131.17928764422481,128.78903198242188,128.78903198242188,1934050
2023-08-25,129.07358083834072,129.85135355086197,127.59390367580843,129.47195434570312,1870450
2023-08-28,130.1548835591374,130.4204658954724,129.5857702823328,130.2117919921875,985400
2023-08-29,129.69960593941983,131.21721727283526,129.64268303132286,131.16030883789062,1385200
2023-08-30,131.76736256337261,131.99501078718333,130.49635921169033,130.629150390625,1490400
2023-08-31,130.8757505145515,130.8757505145515,128.54241787277874,128.65623474121094,2173900
2023-09-01,129.75650567151044,129.96517956774642,128.7700446214583,129.26327514648438,1287500
2023-09-05,129.66165961181287,129.68063391484517,128.2009566876816,128.3147735595703,1283200
2023-09-06,127.63184218493694,127.74565905575822,126.36083888359119,127.10067749023438,2508200
2023-09-07,127.74563740462284,129.490911142613,127.65079485273044,128.9976806640625,1454200
2023-09-08,129.62371295623817,129.94620371086944,129.11150813591678,129.4150390625,2186050
2023-09-11,125.12777066440185,126.3987739753933,124.67248870450914,126.34186553955078,3214250
2023-09-12,127.40420065353037,128.25785607880053,127.08169541733467,127.74565124511719,2183400
2023-09-13,127.4610978622691,127.87844562388459,126.01935499663843,126.05728912353516,2385950
2023-09-14,126.83509324863049,129.0735833379831,126.68332777436707,128.58035278320312,2412750
2023-09-15,130.21179214108724,130.70502268333848,129.37709652699314,129.5098876953125,2591150
2023-09-18,128.52342317538321,128.73209704982992,126.13316800554358,126.39875030517578,1927800
2023-09-19,125.54510936674832,126.49362182359194,124.86217923996878,126.47464752197266,2012900
2023-09-20,128.9407882668409,129.94620917541354,128.56137459265665,128.92181396484375,2997850
2023-09-21,129.1684192869863,129.20636789018408,127.13860321044922,127.13860321044922,2317450
2023-09-22,129.69958121037163,129.96516350491115,128.50444641179428,128.67518615722656,2638500
2023-09-25,129.52885568770083,131.36897212559748,128.8838741796119,130.78089904785156,2116950
2023-09-26,130.8188334150694,131.2361812025457,129.14945673831528,129.4150390625,2108050
2023-09-27,130.23075118391188,130.36354233667194,127.85947026094607,128.8838653564453,1923100
2023-09-28,127.63183283324098,128.7131364462724,126.55052922020955,127.89741516113281,2223850
2023-09-29,130.47734838272598,130.47734838272598,128.2009246744846,128.4665069580078,1845650
2023-10-02,126.94891062916072,127.04376766924554,125.67790734167691,126.58848571777344,1945850
2023-10-03,126.81611429291193,126.85406289666149,125.1657118585987,125.6968765258789,2069600
2023-10-04,126.22804867026457,126.60744789132362,125.2795361444644,126.37981414794922,1948300
2023-10-05,126.41774204935699,127.36625452840268,125.94348580983414,126.8730239868164,1200550
2023-10-06,127.17655091016232,128.16299748902463,126.03833886589,127.89741516113281,1538650
2023-10-09,126.62641285766912,127.61285944357967,125.96245703319553,127.17655181884766,1509100
2023-10-10,128.01124175457576,129.18738788505445,127.4990369460795,129.01666259765625,1910450
2023-10-11,128.6182891205763,129.0545967260278,127.55594537521223,129.01666259765625,2206450
2023-10-12,129.79443291794973,130.24972928912916,128.75107796525242,129.20635986328125,1921000
2023-10-13,128.44755646384056,129.2443034620647,127.02478776423244,127.72669219970703,1928900
2023-10-16,126.36083623119819,128.88388295122746,126.22804506030992,128.65623474121094,4392850
2023-10-17,129.52884804640587,134.57494084535182,120.57489611740647,131.42587280273438,11531450
2023-10-18,126.72127057545221,127.5180175691144,123.24971149472921,123.76190185546875,6688650
2023-10-19,123.07897435041968,123.64808762840156,121.56136306438782,122.20634460449219,4404900
2023-10-20,121.25781481370657,122.35809260839225,121.08708953857422,121.08708953857422,2913000
2023-10-23,119.19007370331353,120.44210980334024,118.03288739759974,119.60741424560547,4509000
2023-10-24,120.06271603597935,122.83237084647288,120.06271603597935,122.49090576171875,3656150
2023-10-25,122.66163803587997,123.24971112852838,121.42856894564655,121.80796813964844,2323850
2023-10-26,121.56136234801559,122.18738405547607,120.11961933260255,120.29035186767578,2691100
2023-10-27,119.7971311530254,119.94888938938308,117.10335190106017,117.40687561035156,2648300
2023-10-30,119.13315273949108,119.58844186315154,118.43125560889902,119.39873504638672,2520250
2023-10-31,119.49360113502831,119.98682442287094,118.77272964980386,119.94888305664062,2569900
2023-11-01,119.9868276311842,121.39062927293887,119.9868276311842,120.99224853515625,2285300
2023-11-02,121.80797655094925,122.2442986800175,120.93534676596529,121.75106811523438,2531050
2023-11-03,121.1440101232258,121.9976655308713,120.40417157709268,121.33370971679688,2179500
2023-11-06,122.18738571598007,122.41501945040335,121.42857283054782,121.50445556640625,2087600
2023-11-07,120.78357852654183,121.33371751445922,120.49902911789827,120.66976165771484,2149050
2023-11-08,120.97328693262064,121.75106690482194,119.66434226815784,120.51799774169922,5532150
2023-11-09,123.79985245977339,124.40689986568233,121.523413832751,121.580322265625,3485850
2023-11-10,119.9678661588594,120.23344850537892,117.36893665574418,119.83506774902344,3467150
2023-11-13,119.91094682750926,121.2009243883008,118.84861747385223,120.84049224853516,3411750
2023-11-14,121.67518459823644,122.83237102754505,121.33371951297894,121.8459243774414,2408200
2023-11-15,120.44210825038931,120.95429858039012,119.66432836853114,119.7591781616211,3119900
2023-11-16,120.30931042801996,121.1629730430378,120.10064377686038,121.03018188476562,2864950
2023-11-17,121.94076085933746,122.20634319315467,121.42857049359046,121.65620422363281,1983650
2023-11-20,119.96786056811888,121.20092243900727,119.81609509913675,121.01122283935547,2744250
2023-11-21,121.50445013123593,122.22531437991707,121.46650152842825,121.94075775146484,1827750
2023-11-22,120.85946126347721,121.25783477752384,120.04373993286207,120.66976165771484,2418400
2023-11-24,122.03562536383906,122.81339811100065,121.88385988575543,122.35811614990234,1069700
2023-11-27,121.21988415483679,121.39061667142686,120.19548905529646,120.76459503173828,2170300
2023-11-28,119.89197307633249,120.51798751960395,119.68329918305014,120.08167266845703,2881400
2023-11-29,121.6751793090901,122.03561868151394,120.8594580004979,121.63724517822266,4246600
2023-11-30,121.35269286158587,123.11692670935157,121.0112277790134,122.52883911132812,4995750
2023-12-01,122.52882001377128,123.42042395002979,122.09251243208098,122.90823364257812,1808100
2023-12-04,123.06000132171296,123.51528321137255,122.56677083191072,123.34454345703125,1670150
2023-12-05,121.84592142171724,122.24429493266187,121.25783383333525,121.42857360839844,1996800
2023-12-06,122.32017901638173,122.39604728040986,120.51799657294038,120.63182067871094,2138850
2023-12-07,121.06812946195085,121.06812946195085,119.64536077610538,120.48004913330078,3097100
2023-12-08,120.76461162826638,120.82152006275889,119.56948384789109,119.98683166503906,2293400
2023-12-11,120.53697282629909,120.80255517415247,119.77815991536693,120.46109008789062,2475800
2023-12-12,122.32017037035848,122.39603862902399,120.76460331441828,121.37165069580078,2136150
2023-12-13,124.67248146482422,125.01394653320312,123.13589589369491,125.01394653320312,2915550
2023-12-14,126.53156297872233,126.87302806107027,125.33644242708071,125.86760711669922,3877350
2023-12-15,123.06000673621318,123.40147178676953,122.33912803328813,122.92721557617188,4498800
2023-12-18,124.198223681064,125.5451096358912,123.91366704877056,125.1087875366211,3155400
2023-12-19,124.48278186531408,125.7158364987058,124.40689913087968,125.01394653320312,2779850
2023-12-20,126.5126003351942,126.77818267409612,124.78630065917969,124.78630065917969,2575050
2023-12-21,126.58847978164671,126.87302194225354,125.26055364849122,125.77275848388672,2778050
2023-12-22,127.10066243031373,127.32831061813512,125.52612836247158,125.75377655029297,1744450
2023-12-26,126.15215301513672,126.4177353373165,125.62098837077716,126.15215301513672,1313800
2023-12-27,128.16299904599373,128.20094764938295,127.23346088707997,127.7646255493164,1905100
2023-12-28,128.14404843972844,128.50447335895564,127.65081787223282,127.66979217529297,1422750
2023-12-29,127.82153398124866,128.08711631236687,127.17655245514773,127.7646255493164,1677350
2024-01-02,126.79714660169849,130.15488902415933,126.75921246912291,129.7565155029297,3751500
2024-01-03,128.48551374805183,130.30665606980992,128.01125748280796,129.60475158691406,2718500
2024-01-04,130.3445800508207,131.55867483743174,130.26869731751358,130.4773712158203,2393000
2024-01-05,129.58576047762193,130.72398694511074,129.18738700326114,129.7185516357422,2505950
2024-01-08,130.07898093161478,131.36895828503643,129.62369906368644,131.29307556152344,2125400
2024-01-09,131.42590434772032,131.95706909127898,130.68606567302737,130.72401428222656,2043700
2024-01-10,131.04649024647614,132.0519111790296,130.85679064143528,131.9760284423828,3625550
2024-01-11,132.4692599472654,132.62102542165104,130.49635219970872,131.23619079589844,2306200
2024-01-12,131.55867611886322,132.03293235178856,131.23618535403037,131.69146728515625,1732700
2024-01-16,127.2144881317809,128.39064880756703,126.91097166673555,127.61286163330078,2809150
2024-01-17,125.29848781037585,126.09523471454686,124.65349188332077,125.67788696289062,4182600
2024-01-18,125.0329145241958,126.70229117803734,124.7104093008398,126.1900863647461,3585500
2024-01-19,126.89199077452768,127.00580763386452,126.00038678131989,126.22803497314453,3541000
2024-01-22,128.5044688136221,128.675208588819,126.51260125733903,127.36625671386719,5080150
2024-01-23,125.75378930197387,126.75921023878956,125.0518848398798,126.62641906738281,2492100
2024-01-24,126.58848805907178,126.9678872801236,125.90555788265642,126.34186553955078,2842300
2024-01-25,126.1711309261779,127.13860321044922,125.84862569160265,127.13860321044922,2245750
2024-01-26,128.50446189727893,128.63725306055073,127.043759101289,127.29036712646484,2510800
2024-01-29,127.59390414568404,127.68874671074704,126.96788242902977,127.46111297607422,2472400
2024-01-30,127.76462866122803,127.78360296338478,126.98685595062409,127.48007202148438,2324700
2024-01-31,128.52343093669137,128.67519639511744,126.24700695290325,126.41773223876953,2286350
2024-02-01,125.60202151022139,126.98685610632411,125.2036480033526,126.81611633300781,2236050
2024-02-02,125.14674316711412,125.393351209935,124.40690456549913,124.52072143554688,3372750
2024-02-05,123.57220458984375,124.52071706871769,123.34455638457935,123.57220458984375,5424700
2024-02-06,124.91908754248598,127.25243455209485,124.40689718450679,127.17655181884766,2783300
2024-02-07,126.66435024058816,126.91097274826294,126.13318556736843,126.24701690673828,3294400
2024-02-08,117.65348606574833,121.21989493125164,117.04643867203403,120.4990234375,14464500
2024-02-09,118.96242728310627,120.21446340176195,117.76730683114553,118.1087646484375,6867200
2024-02-12,116.02204351489027,116.55320817539955,114.71309892867423,116.49629974365234,6033250
2024-02-13,116.19276891397323,117.04643152065626,115.26322357856832,115.77542114257812,4136150
2024-02-14,116.09792842599143,117.17923206892557,115.8323460907551,116.9705581665039,6101850
2024-02-15,117.17922933919145,119.24698677667415,117.17922933919145,119.20904541015625,3820850
2024-02-16,121.10608455801159,122.41502929221274,120.65079534283312,121.92179870605469,3824050
2024-02-20,125.29849887242382,125.33643300176435,122.50986998847965,123.38249969482422,3219250
2024-02-21,122.13045478978754,123.47734069824219,121.82693833943559,123.47734069824219,2700800
2024-02-22,121.84973612672397,124.39229198491458,121.84973612672397,123.52550506591797,4861500
2024-02-23,125.12424189966447,126.99263274161014,125.10497604789641,126.80001831054688,3694100
2024-02-26,127.28155134626809,127.84014343763228,126.64591054966009,126.99262237548828,2298950
2024-02-27,127.01187038106306,128.01347401743578,126.6844097558992,127.76307678222656,2216750
2024-02-28,126.08732277767722,126.70369774520498,125.50947951186029,125.87544250488281,3015300
2024-02-29,125.52872236663526,125.60577106942372,122.77430104575086,123.58329772949219,3042250
2024-03-01,123.93000737939717,124.87384306233464,123.23659102749535,124.43081665039062,1983150
2024-03-04,123.83368912197353,124.85455866833908,123.56402602276515,124.7967758178711,2203350
2024-03-05,125.0279257323492,125.81764920541615,124.45006781895411,124.83529663085938,1864450
2024-03-06,124.7004592058846,126.22213792367863,124.7004592058846,125.72132873535156,2245750
2024-03-07,126.78073400562022,128.10979836892548,126.60738545155621,127.49342346191406,3065250
2024-03-08,127.45488965007497,128.24462779358913,127.08892669905279,128.0905303955078,2206450
2024-03-11,129.47737460148488,130.5367611239073,128.72616817258185,130.34414672851562,1963750
2024-03-12,130.09375979371336,130.38268875746607,129.55443356566164,129.8240966796875,3078250
2024-03-13,129.93967600921277,131.03759443014346,129.88189314951205,130.1708221435547,2344050
2024-03-14,130.45974071866047,130.45974071866047,128.4179867672157,129.13067626953125,2313050
2024-03-15,129.8240771486921,129.90112584047066,127.28152910214183,127.72454071044922,3013700
2024-03-18,127.1467263309805,127.84015001833156,126.76148278493065,126.83853149414062,1943250
2024-03-19,126.35697886039627,126.93483678952366,125.68282107343936,126.8577880859375,1701250
2024-03-20,126.29920415259393,126.89631327447681,125.58651462010833,126.6073989868164,1776650
2024-03-21,128.30241277195339,128.64912457561834,127.4741576129502,127.49342346191406,2675900
2024-03-22,128.07126941837876,128.74542719120686,127.51267735073911,127.62825775146484,2049300
2024-03-25,127.53194587289441,127.95570639484949,126.74222237832706,126.8577880859375,2212300
2024-03-26,127.60897939338896,128.01347401743578,126.6844097558992,127.76307678222656,1566600
2024-03-27,129.20772078108473,131.71173749194358,129.18845493150206,131.48060607910156,4222250
2024-03-28,131.32651572814382,131.65396171095145,130.3634289348003,130.49826049804688,1808500
2024-04-01,131.3650305069062,131.40356220748816,129.13067682590648,129.53517150878906,1556900
2024-04-02,129.34256363037187,129.78557534069137,128.59135708197041,129.0536346435547,2198300
2024-04-03,127.89792905925033,129.72778808787444,127.87866320863817,128.68765258789062,1897850
2024-04-04,132.88670044208536,132.88670044208536,129.61221149863584,129.70851135253906,3726950
2024-04-05,129.01512086171562,130.44048528462966,128.84175758707602,129.92041015625,2405650
2024-04-08,130.15153451404393,130.53676331128247,129.47737677110814,130.4019317626953,1912250
2024-04-09,131.36503711003562,131.86584637400853,130.90275954858149,131.76954650878906,2196350
2024-04-10,130.19004729619687,131.3072313457329,129.8626013596027,131.19166564941406,3857900
2024-04-11,134.6009907383667,134.96696838377565,132.65556620196583,133.77273559570312,2992950
2024-04-12,134.17727731561294,134.48545748963517,132.1355230436123,132.7711639404297,4560750
2024-04-15,133.040817299217,133.98463830050264,132.01994758621876,132.38592529296875,4606750
2024-04-16,131.5383943716571,132.1355034735737,131.01831928018166,131.49986267089844,2680950
2024-04-17,132.36664906477932,132.5207464761246,131.3650305865729,132.00067138671875,1854950
2024-04-18,131.4613375190093,132.50147294196483,131.28798896295197,131.6732177734375,2002900
2024-04-19,131.24946163709814,132.34737994864943,131.2301957872709,132.03919982910156,2367850
2024-04-22,134.1965119512341,135.77597372443012,133.63791984058034,135.08255004882812,2591850
2024-04-23,135.66040151816614,136.9509342488451,135.1403411341219,136.46939086914062,2903000
2024-04-24,137.54806407629846,137.66362978993325,136.16121673052757,137.1435546875,3068850
2024-04-25,144.44374902476108,146.02321073290435,143.4999281089961,144.5207977294922,7803300
2024-04-26,144.4630203227913,145.40684127414946,143.6732820911683,144.79046630859375,3344000
2024-04-29,146.73590413076948,147.50637650302465,145.15644238063857,145.38758850097656,3769150
2024-04-30,145.84985516972293,146.6588444872703,145.0793828549238,146.1580352783203,4273700
2024-05-01,147.04407830749025,147.93013105180097,146.31213766603534,147.17892456054688,2455850
2024-05-02,146.89000539302663,147.17893437713488,145.90765272527398,146.00396728515625,5019350
2024-05-03,147.2945159021806,147.3330329129445,145.2912933450329,147.06336975097656,4513050
2024-05-06,146.081008388716,146.25437166581088,145.52243094001068,145.9269256591797,3228650
2024-05-07,147.21744973093917,147.29449843887224,146.23509707421547,147.0055694580078,3331550
2024-05-08,147.8723400827253,148.62356130294634,147.5641599499125,148.25758361816406,2529900
2024-05-09,148.16127663847348,149.54812404591013,148.0457109197001,149.49034118652344,1486150
2024-05-10,149.79851422619973,150.12597490641588,148.60429600077734,148.66207885742188,1803300
2024-05-13,148.75840211758782,149.25919670149472,148.60430469382916,149.1436309814453,1282800
2024-05-14,149.9911378326031,150.10670354164694,148.35387857828053,148.3924102783203,2057950
2024-05-15,148.1998007617328,149.33623612631615,148.0649691982138,148.25758361816406,1935450
2024-05-16,147.77603533752352,148.73912210098962,147.50637221939604,148.3924102783203,1470850
2024-05-17,148.06495884682715,148.45018765979592,147.564149633538,148.12274169921875,1395800
2024-05-20,147.60268237381214,148.73913247565,147.4293337981552,148.52725219726562,1639350
2024-05-21,149.8563053944837,152.64925111393688,149.75999084048698,152.51441955566406,3870000
2024-05-22,151.33944435244754,152.05213380508977,150.97346670169384,151.782470703125,1784200
2024-05-23,152.78407814425083,152.86112684605723,150.43414417353563,150.58824157714844,1806750
2024-05-24,150.49192383220205,151.95581974438198,150.39562397864069,151.2816619873047,1783300
2024-05-28,149.81777343234745,149.8948221363024,147.3330078380667,147.5834197998047,2099500
2024-05-29,146.6395890460445,147.37154441004674,146.00396293459275,146.5432891845703,2326900
2024-05-30,147.58341545002037,148.2768390696397,147.27522064328414,147.87232971191406,1637200
2024-05-31,148.9124631837093,150.4726736551105,148.48870267778642,150.28004455566406,2391400
2024-06-03,151.20461661929244,153.07300722689322,150.97347051368482,152.1484375,2734500
2024-06-04,153.13079673593091,154.22871506810287,152.5914704949395,154.1324005126953,1979650
2024-06-05,154.88361410660238,155.38440862261595,153.74716412987618,154.7102508544922,2129350
2024-06-06,155.30735294568106,155.75037928514263,154.97990700094752,155.69259643554688,1545900
2024-06-07,154.69099260387583,155.0954872846194,154.09388350785503,154.1324005126953,1106650
2024-06-10,154.5176331584028,155.11474221237808,154.0360898063487,154.4983673095703,2042700
2024-06-11,152.36032107181802,153.40045652638116,151.99435809939703,152.61073303222656,2109550
2024-06-12,155.1147367033153,155.23030240113204,153.38117775838234,154.22869873046875,1748150
2024-06-13,152.6107249126903,153.36193136287335,151.9943500126545,153.18856811523438,1479200
2024-06-14,152.78409302396216,153.5545654215257,152.4951640379335,153.3041534423828,1027650
2024-06-17,152.32178939210647,152.8418497215131,151.9172947591155,152.76480102539062,1047000
2024-06-18,151.9365598942326,152.34105456444928,150.97347314737263,151.05052185058594,1909750
2024-06-20,151.14684186284944,151.74395096489795,150.60751561641362,151.3201904296875,1937150
2024-06-21,151.08906281761077,152.62999288978327,151.08906281761077,151.9365692138672,2496300
2024-06-24,152.64924025670985,153.24634930151453,152.47589170649042,152.88038635253906,1403700
2024-06-25,153.3041403940689,153.84348131333505,153.01522612816953,153.61233520507812,1540650
2024-06-26,152.47590527225762,153.36194334179538,151.99436188475636,152.32180786132812,1613900
2024-06-27,152.34105178274828,152.47589803256244,150.1452152156459,150.58824157714844,1398300
2024-06-28,151.45500932323841,151.6861554218936,149.91407941881428,150.22225952148438,1832200
2024-07-01,149.68293495034771,151.62837422249032,149.528837549566,150.12596130371094,1299700
2024-07-02,148.91247174703517,149.12435201218094,147.27522717634886,148.2960968017578,1607750
2024-07-03,147.67971804587856,148.33462467457716,147.3330062296352,147.9301300048828,1188750
2024-07-05,148.98952647105543,149.2977213039136,147.87234224525233,148.9702606201172,1170850
2024-07-08,149.4903198267683,149.58663437567702,148.39240156867893,148.5657501220703,1348700
2024-07-09,148.23831009339307,148.2575759430522,146.96704323110262,147.67971801757812,1681400
2024-07-10,148.25759658485745,149.95262420242142,148.21906488017444,149.760009765625,1492250
2024-07-11,150.53045595911024,151.37796227233576,149.97186390292921,150.12596130371094,1584250
2024-07-12,153.169315872521,153.68939096609944,152.51442391235628,152.62998962402344,1525950
2024-07-15,152.4566277622772,152.4566277622772,150.31857410964477,150.47267150878906,1333450
2024-07-16,150.16449139192267,151.57060457939912,150.08744268481755,151.3779754638672,1334350
2024-07-17,151.20460924080734,153.76642334468227,151.20460924080734,153.631591796875,1829450
2024-07-18,154.0938828009242,154.11314865102491,150.22226988080038,150.3571014404297,1616450
2024-07-19,150.8964261096499,151.70543015455002,150.54972898466974,151.60911560058594,1464900
2024-07-22,153.36195979545704,153.72792281625507,152.1099439145218,152.47592163085938,1760500
2024-07-23,151.97508734235808,152.55293055698735,151.2046150273153,152.49514770507812,1482550
2024-07-24,151.30092484171578,153.65084402051366,151.30092484171578,153.5352783203125,2290550
2024-07-25,147.62194762559844,151.5128266350911,147.27523578015393,151.24314880371094,5318000
2024-07-26,151.16610057232162,153.0344764962035,150.39562824429322,150.49192810058594,2939200
2024-07-29,154.2094407487181,154.32502114796708,150.8771689303706,150.93495178222656,3376950
2024-07-30,151.58983425610205,152.14842628181484,149.22064930434172,150.0489044189453,3240400
2024-07-31,152.41811807715413,153.24637334775144,151.26241680773762,152.45664978027344,2776350
2024-08-01,153.41972846693116,156.7905322293127,153.36194561086214,156.40528869628906,3183750
2024-08-02,157.17576652839205,157.96550477687896,155.69261928744407,157.58026123046875,3533300
2024-08-05,151.93655784873545,154.34427468347062,151.57059488282107,152.8033447265625,2865150
2024-08-06,150.72308782824206,153.5738312909027,150.66530497013724,152.64926147460938,2841900
2024-08-07,155.24958475468515,156.00079126143143,154.47911239774237,155.28811645507812,2471700
2024-08-08,154.7680574972562,157.7536326807161,154.34429692199976,157.65731811523438,2062200
2024-08-09,157.0759084550577,157.98676184855736,156.4363608245456,157.34722900390625,1539200
2024-08-12,158.1418063392066,160.68061259675696,157.734825516056,159.92477416992188,4609100
2024-08-13,160.7968746819629,162.09533930802056,160.5836921569851,161.57208251953125,3590300
2024-08-14,160.77751076441857,162.38606464339105,160.13796310855795,162.3279266357422,2736700
2024-08-15,164.73104497631337,165.31245457880922,163.58762482016138,164.53724670410156,2032050
2024-08-16,164.94424935537555,165.23495419512204,163.04499055011243,163.587646484375,1775000
2024-08-19,164.03336694919108,165.09927967441257,163.47134158369803,164.3046875,1966800
2024-08-20,165.07989298228495,165.99076115482825,164.82795669905713,164.9829864501953,1243000
2024-08-21,164.80857005185774,165.91323648674276,164.0915001680037,165.8163299560547,2084000
2024-08-22,166.43650257643125,166.74659166321035,165.04114604350963,166.4558868408203,2417350
2024-08-23,167.09542050337663,168.37450091459988,166.39773490239656,167.94815063476562,1668000
2024-08-26,167.50240890636442,168.29698628550713,167.36674863256636,167.87063598632812,1831700
2024-08-27,169.03345286858598,169.14972888728408,168.14196889155588,169.01406860351562,1797950
2024-08-28,169.03344324186057,169.67299088000084,168.62646241373344,169.3047637939453,1792150
2024-08-29,169.03343203277268,169.8086398955491,168.4714067019063,169.1884765625,1304700
2024-08-30,169.24664461329505,169.92494606895474,168.3745300681359,169.8086700439453,1418400
2024-09-03,168.95591529103103,169.09157556251208,165.4674871874315,166.1264190673828,2173600
2024-09-04,165.83572747434542,166.6496891680855,165.64192918333993,166.1845703125,2501100
2024-09-05,162.77365434583112,162.8511766147104,159.8084977940384,160.8550262451172,3877400
2024-09-06,162.83179441158572,163.3744503006077,160.71936800487228,160.95193481445312,2758200
2024-09-09,159.3239991654826,161.68837668201155,152.9867050621739,156.7658233642578,5131000
2024-09-10,154.90533126682573,157.56041356990946,154.75028672667605,157.28909301757812,3983200
2024-09-11,155.9324854670901,156.37823485213266,154.51774460864172,156.06814575195312,2091000
2024-09-12,154.57588285044568,155.02161745029508,152.36654975886805,153.0254669189453,2559650
2024-09-13,150.58355073661755,152.36653330101294,150.56418125931603,151.68821716308594,2744750
2024-09-16,153.66499929793545,154.07198011260886,152.6184708662635,153.1804962158203,1701150
2024-09-17,153.70375542825894,153.70375542825894,151.59132905460962,152.19210815429688,1701150
2024-09-18,152.5021992687981,153.60686573653604,151.78512936361835,152.2890167236328,1303600
2024-09-19,153.4712050518134,153.95570814664967,152.25024778987492,152.9091796875,1809900
2024-09-20,152.23087103106326,152.48280730541865,151.4362788963219,151.90139770507812,1686600
2024-09-23,149.73082728584762,150.2928526003046,149.24632423399086,149.49826049804688,2002300
2024-09-24,149.6145695535842,149.86652065916385,148.8975143413664,148.97503662109375,2275250
2024-09-25,149.8471181826122,150.5060500872866,149.40136882481528,150.2734832763672,2390200
2024-09-26,151.49442494016526,152.67661368064128,150.777369818994,151.51380920410156,2091550
2024-09-27,151.30061215055832,151.5913169382836,150.40912831116458,150.4285125732422,1586100
2024-09-30,151.33938285090548,151.35876711515567,150.21534688403784,150.9905548095703,1667200
2024-10-01,151.1068219817096,152.71537574554324,150.64170316794994,152.4634246826172,2317950
2024-10-02,153.66501013327417,154.57587835761612,153.12236900877983,154.22703552246094,2803350
2024-10-03,153.2192454183861,153.2773834207802,150.89363660746034,151.029296875,1559800
2024-10-04,149.38199375792792,150.2928619176249,149.03315094753037,150.1378173828125,2593400
2024-10-07,149.5952000730496,150.17659499221028,148.74246978191167,148.97503662109375,1743500
2024-10-08,148.91688382190097,149.2269729408104,148.10292206355822,148.97503662109375,1578500
2024-10-09,148.47111806772932,150.29285429472424,148.083521536218,150.21533203125,1237800
2024-10-10,149.9634124194258,150.06031896555075,148.54867147552477,148.97503662109375,808450
2024-10-11,149.30447905818755,149.92464244301016,149.13005025121734,149.90525817871094,1659900
2024-10-14,150.62232526340728,151.7657454758906,150.4091427177136,151.3587646484375,1059850
2024-10-15,150.5447937819179,151.41689338940333,150.04090645148665,150.87425231933594,1306950
2024-10-16,151.7657470703125,152.4440632423884,151.32001249616917,151.7657470703125,1614900
2024-10-17,151.08744408090226,151.92078999965506,150.89364579916324,151.20372009277344,1490000
2024-10-18,151.3006266742427,151.74637602965788,150.33162047938117,151.66885375976562,1141350
2024-10-21,151.49442213455126,151.57194440299972,149.92463685958748,150.07968139648438,1113200
2024-10-22,148.87811596641401,150.02155100170523,148.60679540601166,149.8471221923828,1033650
2024-10-23,149.07189739914392,149.6533069833309,148.47111833844795,149.13003540039062,1199200
2024-10-24,148.45174126411447,148.76183033359138,146.7462957395735,147.0951385498047,1349500
2024-10-25,146.64938837291714,146.8625709105021,145.25401713994677,145.4478302001953,1604300
2024-10-28,145.42845985875636,148.50989263833205,145.2346615658162,147.30833435058594,2536900
2024-10-29,146.20366307579363,146.88196447202154,145.4478394077309,145.7772979736328,1406700
2024-10-30,139.94387376526967,142.03693070790405,137.4826045206642,141.14544677734375,4115450
2024-10-31,138.62602680310425,139.3818504682131,137.8314493951602,137.88958740234375,3706050
2024-11-01,138.87797541781288,139.26557198273326,138.18028977226723,138.412841796875,1737150
2024-11-04,139.24618208389555,142.7927481742579,137.59887457085324,138.43222045898438,3644600
2024-11-05,130.1181593443433,130.91275157435658,126.53283914132294,128.4320831298828,7706650
2024-11-06,124.69171025026178,125.52505617056497,123.47076776575946,123.7420883178711,8311350
2024-11-07,123.08315555102367,125.46690974698987,122.81183501711483,125.3700180053711,7202150
2024-11-08,125.5444396101063,126.04832696894516,124.55604915626958,124.98241424560547,5138950
2024-11-11,126.33902776979723,126.37778151038714,125.38939108794789,125.5638198852539,4567850
2024-11-12,122.94749846440448,128.37393146173906,121.97849230799007,126.33902740478516,5107300
2024-11-13,126.92043349669972,127.32741434422735,125.37003238028902,126.5328369140625,3286450
2024-11-14,126.84290195708162,127.87006091917344,125.91266431236176,126.04832458496094,4882500
2024-11-15,123.66457812268929,124.1103201027384,122.42424393432945,122.54052734375,3687300
2024-11-18,122.09477756565624,123.35448854533121,121.61027448007825,122.85060119628906,4657600
2024-11-19,123.35448995900964,124.28472761389817,122.69556545935488,123.64518737792969,2997850
2024-11-20,123.81961731964388,123.89713959387063,121.86222794946984,122.48239135742188,3524500
2024-11-21,123.81961221128904,124.69171188510182,123.12192655789428,124.53668212890625,4329750
2024-11-22,127.32740985047528,128.80030342706536,127.07547355923883,127.1917495727539,3581500
2024-11-25,127.75376857678071,129.01347954186397,127.6374925690643,128.68402099609375,3302100
2024-11-26,129.12976319923845,129.49799029330165,127.67625387323498,128.60650634765625,2167250
2024-11-27,129.24606029118172,130.4670028615479,128.97473971998923,130.23443603515625,2494550
2024-11-29,130.48637552117734,131.2421991573981,130.11814844194026,131.04840087890625,1293150
2024-12-02,130.87396881486217,130.89335307798626,129.51736611338495,129.92434692382812,1843100
2024-12-03,132.59879948072822,133.04454882042603,131.78483785435202,131.88174438476562,2145350
2024-12-04,129.45923972113164,129.73056028576192,128.50960295906373,129.42047119140625,2987900
2024-12-05,130.38947455130432,131.80423013778255,130.33133654386273,130.8739776611328,2635050
2024-12-06,132.23059236723492,132.8507557429068,131.41661592315336,132.1724395751953,3407750
2024-12-09,131.8236079403641,133.72286675659961,131.72671618379707,132.90890502929688,2895500
2024-12-10,132.67631676461437,132.69570102714115,130.0018651844608,130.19566345214844,1980150
2024-12-11,131.00962105970873,131.2809415833838,130.23441322669728,130.6220245361328,3675900
2024-12-12,129.73056030273438,130.9902565875991,129.69179177300393,129.73056030273438,2394700
2024-12-13,129.07160590997654,129.24603469168707,128.18012209750955,129.03285217285156,3269050
2024-12-16,129.3623438079397,130.19568983514074,128.3158152073247,128.35458374023438,3319900
2024-12-17,128.8390607924749,130.75768877854463,128.76153852822785,130.19566345214844,2351200
2024-12-18,127.77315477012138,128.7227766811581,125.23436332422568,125.27311706542969,3566550
2024-12-19,125.21497948692699,125.68009831226242,124.63356986586204,124.8855209350586,2367350
2024-12-20,123.8971347946472,126.88167570039039,123.54829196707043,126.64910888671875,4539100
2024-12-23,127.618113437645,129.32357381065597,127.07547233200012,129.1297607421875,4089200
2024-12-24,127.77316442870445,128.8778309597824,127.77316442870445,128.490234375,1075800
2024-12-26,127.75377570060895,129.20728502155725,127.63749968640874,128.9165802001953,1673950
2024-12-27,127.81191057545256,128.70340928201114,127.46306775553953,128.41270446777344,2350200
2024-12-30,128.12199842036947,128.12199842036947,126.61035114391616,127.07546997070312,1720800
2024-12-31,127.03671419141101,127.9669518300627,126.78476312546981,126.97856140136719,1009350
2025-01-02,127.9281977082573,128.70340559539892,127.6181086390564,127.6762466430664,1399050
2025-01-03,128.78092238431762,128.8196909137,128.14138950812543,128.39332580566406,1932000
2025-01-06,129.47860515715163,130.95149873762622,128.64525922441933,129.5367431640625,2699950
2025-01-07,129.4592284717072,130.48637263224802,129.0910014006226,129.14913940429688,2055550
2025-01-08,128.31578235623584,129.34292642742912,127.28863828504257,129.03285217285156,1989100
2025-01-10,130.21506904962663,130.95150850184484,129.55613708849458,129.86622619628906,2835600
2025-01-13,127.67624910769271,128.31579673586975,127.21113028077346,127.38555908203125,3837900
2025-01-14,126.37778476418673,127.24989920144967,124.45915665958579,126.68787384033203,3123550
2025-01-15,126.95919957462459,127.67625471724173,126.02894709405386,127.28865814208984,2616550
2025-01-16,127.8119042528754,129.8080693261025,127.44369197319261,129.6724090576172,1971400
2025-01-17,131.35848001247967,131.35848001247967,129.05224049153693,129.07162475585938,2716200
2025-01-21,131.30032512492346,132.52126747476242,130.9902360790764,131.70730590820312,2739500
2025-01-22,131.80422727411153,132.44376012793543,131.16467963442642,132.1724395751953,3486200
2025-01-23,133.23835191061286,133.33525844452868,132.07554743292883,132.94764709472656,2098850
2025-01-24,133.93604838745696,134.63373408767006,133.41277671936598,133.83914184570312,2343200
2025-01-27,134.7112363133535,136.2810215122535,134.67246778807737,135.81590270996094,2553700
2025-01-28,135.893446310489,136.39731893130767,134.65311945239893,134.8662872314453,1713250
2025-01-29,135.95157220144839,136.24227701730402,134.86627520797808,136.14537048339844,1808350
2025-01-30,136.47481074620651,138.45159140033917,136.28101249023604,138.06398010253906,2331550
2025-01-31,136.9011765062205,138.66477465237222,136.61047172779493,137.1337432861328,1878850
2025-02-03,136.14536524661204,137.0949871417432,135.13760534771825,135.38954162597656,2496700
2025-02-04,135.00194217102035,135.07944965046178,133.2577281663831,133.64532470703125,2533950
2025-02-05,135.52519326644156,137.7732797219817,134.98255221806494,137.4825897216797,3904900
2025-02-06,143.78113947632403,144.59510110621642,139.45936547518193,140.2345733642578,4572600
2025-02-07,140.89348879462443,140.89348879462443,139.11052102091665,139.5175018310547,3111800
2025-02-10,140.97100874865816,142.05630567708317,140.38961393765288,140.81597900390625,3619650
2025-02-11,139.5562585302466,141.59116240848408,139.5368742687798,140.95162963867188,2669450
2025-02-12,141.64931732672028,144.5757201516723,141.53304131574902,144.2462615966797,2854650
2025-02-13,144.76950671642925,146.28116866602943,143.66484034401435,144.28500366210938,3052650
2025-02-14,144.0524779339368,144.5369810766293,142.34701740870727,142.59896850585938,2891800
2025-02-18,143.8780361337766,145.29279168858417,143.80051386363607,144.9633331298828,3084900
2025-02-19,143.78114718088662,144.28501976780456,142.59895841351656,143.04469299316406,2534800
2025-02-20,143.58733127135682,144.847042285481,143.56796179322376,144.49819946289062,1667950
2025-02-21,145.2451618361381,146.44423665143805,144.55717177745578,145.8938446044922,1807400
2025-02-24,146.52287657665923,147.58435345518467,145.8348864693908,146.81773376464844,1965900
2025-02-25,149.21588737217064,149.80558676613694,147.5646960755331,148.21337890625,4888650
2025-02-26,149.72693836406498,149.8841975148499,147.36811109052334,148.44923400878906,4284550
2025-02-27,148.39026989727995,149.6090058557627,148.09541273023717,148.7047882080078,3834950
2025-02-28,149.05861401633592,149.9038632312694,148.0167983554534,149.80557250976562,6403350
2025-03-03,149.88421265699535,150.84739880800788,149.07827067559538,149.58935546875,2868400
2025-03-04,151.37813681375664,152.61651894302202,151.12258693204083,151.8498992919922,3208350
2025-03-05,152.22337471518895,154.03180991138632,152.1250839992196,153.2455291748047,2455250
2025-03-06,152.12508948041847,153.4027938487682,151.77126388606098,152.2823486328125,2584550
2025-03-07,152.71481060684928,153.81559472853138,151.90886866271856,152.34132385253906,3511700
2025-03-10,149.60901191153937,151.29951040748233,148.35096861182262,149.3731231689453,3127350
2025-03-11,148.4492377325584,148.74409489841196,145.81521437759915,145.9331512451172,3054450
2025-03-12,147.95781678560556,148.9799863126929,146.7980642419758,148.5475311279297,3337350
2025-03-13,150.76875065919708,151.41743339404695,149.72693505313634,150.39527893066406,3715450
2025-03-14,151.10293901131104,152.71480787366548,150.847389132595,152.5378875732422,2987000
2025-03-17,151.6729908774826,152.85240454742464,151.51573172227472,152.08578491210938,1933850
2025-03-18,152.3216666035848,152.38063504060304,150.7491199605478,151.49607849121094,1798700
2025-03-19,151.31917038827183,151.4174461158026,149.72694763286006,150.0218048095703,2025300
2025-03-20,150.57219140578516,151.37813332638535,149.92350863999354,150.41493225097656,1597400
2025-03-21,148.58684031992394,149.19621581400466,146.79806612022222,147.28948974609375,2586400
2025-03-24,145.14686680693404,146.28697315437537,145.048591085501,145.63829040527344,1870450
2025-03-25,147.52538327523968,147.66298129506882,142.7487448768005,143.593994140625,3037800
2025-03-26,142.27696854319353,143.71193218773777,141.1761843755823,142.9453125,3258100
2025-03-27,142.37525589971423,143.57433076692197,142.25731902656565,143.18118286132812,2281600
2025-03-28,144.87167893934154,145.83488004413982,144.34094802199178,145.04859924316406,1713850
2025-03-31,142.70941808835926,144.83237175342188,141.88382999541008,144.47854614257812,1945800
2025-04-01,145.46138680326996,145.48104794660887,142.35558602628456,142.70941162109375,2362500
2025-04-02,142.55216274807324,143.1811844067536,141.62829890333904,141.96246337890625,2088650
2025-04-03,148.64582793170635,148.80307209864137,145.20586245389177,145.30413818359375,4574400
2025-04-04,141.03857825796382,141.62829259793554,134.5124732158052,134.57144165039062,4606000
2025-04-07,127.33768816573111,132.36986132047073,125.66685082892074,129.3230438232422,6481850
2025-04-08,131.60323479508986,131.87843081281807,127.12145393830666,127.57357025146484,7700500
2025-04-09,121.49957773215203,131.8587884754027,120.3791324855916,131.22976684570312,6519200
2025-04-10,129.46064368719894,129.55893441308564,123.99601526202346,127.51461029052734,4881400
2025-04-11,127.80945247849516,130.95457574226864,126.66936104228942,130.30589294433594,2880650
2025-04-14,131.28873991398527,134.2962501557934,131.0921734597149,133.6868896484375,2969950
2025-04-15,133.86379874560265,134.4535131221578,132.3305593630307,133.4116973876953,2945250
2025-04-16,133.84412899355107,134.00138815012772,131.32804247655912,131.79981994628906,1777300
2025-04-17,131.99640213720804,133.96209683769644,131.8784502571777,132.86129760742188,1898000
2025-04-21,133.27410253997132,133.4903301500536,130.89559882906613,131.50497436523438,1286400
2025-04-22,131.60324696488726,134.53214270550248,131.4460027952575,133.4116973876953,2903500
2025-04-23,135.33805238814244,136.1636404121278,134.3748663601595,134.6697235107422,2837000
2025-04-24,135.94744585683324,137.0285688895696,134.6107729277489,136.7140655517578,1716000
2025-04-25,136.91063135906796,137.18582740223718,135.23979395495212,136.7533721923828,3331300
2025-04-28,138.09003541946123,139.19081951484947,136.6747330127858,137.4610137939453,4011700
2025-04-29,138.3849057562822,141.6479510625895,137.02857165463436,140.9599609375,3959450
2025-04-30,142.55216668621298,142.6504574156525,140.15403185672162,141.11721801757812,2028650
2025-05-01,137.77553209549686,138.95496089406453,137.00891237466396,138.60113525390625,2910050
2025-05-02,140.56683131904052,142.8470293583407,140.25231297041412,142.39492797851562,2687200
2025-05-05,142.51285112255502,142.55215841381397,141.51034272927507,141.7069091796875,1527850
2025-05-06,142.88634930606364,142.88634930606364,137.9917588160296,138.10971069335938,2401000
2025-05-07,137.63793058373116,138.9549573758444,137.28410495253146,137.73622131347656,2019800
2025-05-08,134.51247387036216,134.66973302806102,132.2126149279865,132.29124450683594,3572950
2025-05-09,133.74585451518422,134.90560706236568,132.72368498496655,132.8219757080078,3107950
2025-05-12,130.6007400713389,135.5346221923828,130.4631420639205,135.5346221923828,3535650
2025-05-13,134.4928167259893,134.53213901511273,132.468153750847,133.11683654785156,2414350
2025-05-14,134.09968575260157,134.09968575260157,130.05035974387212,130.18795776367188,2820650
2025-05-15,132.78266560624184,133.60825367290067,131.83912567501858,133.58859252929688,2994950
2025-05-16,134.0800313900496,135.35773592256973,133.82449648236965,135.2594451904297,1871650
2025-05-19,135.02356326502633,137.00890396009208,135.003902120375,136.9892578125,2657950
2025-05-20,137.18581034854085,138.44385353151435,136.73369404978897,137.44134521484375,2147550
2025-05-21,139.48567571806686,139.52499800523518,136.75336164514803,136.96958923339844,2196600
2025-05-22,136.77302308800785,138.14900320074096,136.5567954992843,137.5003204345703,1705050
2025-05-23,137.51998475545557,138.77802802960832,137.42170902916604,138.40455627441406,1979150
2025-05-27,140.1146936014573,140.37024347005882,138.64042281020113,139.4856719970703,2229600
2025-05-28,137.97209405972598,138.6993913860489,137.53963889431344,138.34556579589844,1910350
2025-05-29,138.32592958965438,139.36774529188816,137.73621523134213,139.30877685546875,1730350
2025-05-30,139.72156427398264,143.88882688507093,138.77802434489075,143.16152954101562,4016950
2025-06-02,140.68474385464674,141.92312589466576,140.1146906942088,141.39239501953125,3194950
2025-06-03,141.88382919621716,142.57181926979956,140.84201351378402,141.17617797851562,2257250
2025-06-04,142.729077374148,144.26231666882077,142.3359444770222,143.49569702148438,1810350
2025-06-05,143.27946383783555,143.35809341360414,141.88382261132398,142.21798706054688,1987400
2025-06-06,142.3555785581814,143.82984929303512,142.3555785581814,143.25979614257812,1226950
2025-06-09,142.5914867477122,144.61614976721364,142.5914867477122,143.51536560058594,1773700
2025-06-10,144.02642867090017,145.59899026158507,143.8102160743133,145.12722778320312,1477800
2025-06-11,144.3409416537548,145.77590517700526,144.3409416537548,144.95030212402344,1777550
2025-06-12,146.6801197828927,148.17403671124796,145.9724686075421,147.4270782470703,1722900
2025-06-13,145.756256365849,147.3877864694473,145.28449386498596,146.2869873046875,1565800
2025-06-16,146.14937451255736,146.95531640892472,144.3016319888184,144.5768280029297,1709550
2025-06-17,142.53249630532747,142.88632187527054,139.40703460465417,139.5053253173828,2131800
2025-06-18,139.80019576289533,140.07539178825655,138.660089373794,139.09254455566406,1685700
2025-06-20,139.83950162327503,139.83950162327503,136.93028224290833,137.5003204345703,3148550
2025-06-23,137.59861564937447,138.9942569513139,137.4806787778767,138.85665893554688,1474900
2025-06-24,138.20797887010005,139.38740759654127,137.59861835928217,138.66009521484375,1823300
2025-06-25,137.99174374389807,138.0310660310664,136.91062079970442,136.96958923339844,2011600
2025-06-26,137.77552860713885,138.32593569782932,136.93029431839153,137.73622131347656,2124850
2025-06-27,137.6575823208847,138.28660395590927,137.0285606858601,137.3037567138672,1567400
2025-06-30,137.38239307858217,137.7362187030761,136.4388680779713,137.36273193359375,1850700
2025-07-01,137.81483665691178,141.549659045406,137.67723864772265,140.46852111816406,3365450
2025-07-02,138.8566534055292,140.0950354981133,138.6011185284412,139.81983947753906,1838050
2025-07-03,139.78053124551906,139.87882196522955,135.9867404193914,136.51747131347656,3384000
2025-07-07,137.53965132464825,137.63792705481416,136.24228571115938,136.87130737304688,2220800
2025-07-08,136.08503871527688,138.5618030216393,135.92777955380842,137.63792419433594,2039800
2025-07-09,137.38238330599287,139.30877045721886,137.0875261403791,139.21047973632812,1832700
2025-07-10,140.84202132015886,142.43422914970836,140.1343700632347,141.15652465820312,2022850
2025-07-11,139.54464345696482,139.85916176451158,138.58145738495494,139.81983947753906,1364950
2025-07-14,140.25230123413658,141.94279972389222,139.97710520064697,141.0189208984375,1700850
2025-07-15,141.09755823609274,141.15652667550253,138.12935514363386,138.22764587402344,1595800
2025-07-16,137.51998589403536,138.95494948268396,137.30375829852588,137.75587463378906,1771500
2025-07-17,136.65506693418104,137.04821480909268,134.86629284377133,136.1439971923828,1849350
2025-07-18,136.79266985598875,136.83199214342173,134.9842345575933,135.22012329101562,1495900
2025-07-21,135.39702283203886,136.36022387140108,134.86629195074482,135.08251953125,1602750
2025-07-22,136.45849856054562,138.66008163766304,136.45849856054562,138.54214477539062,1563350
2025-07-23,141.86416700400082,144.08541136423176,141.530002541738,143.49569702148438,2510200
2025-07-24,145.7169387945435,146.20836245633186,144.57684729696007,144.83238220214844,2883500
2025-07-25,142.80770091740393,143.29912451657114,142.0607274485526,142.82736206054688,3101150
2025-07-28,142.94529810202306,143.55465856242233,140.5274874093397,141.19583129882812,3823900
2025-07-29,143.3384422132894,147.42709045452236,142.65045212391345,145.42208862304688,7215700
2025-07-30,148.52787305571346,150.82774704069487,148.13474015073936,150.5525360107422,5135550
2025-07-31,146.62113367413411,148.68511873069087,143.55465530170247,143.67259216308594,4299850
2025-08-01,144.57683236452633,145.69727759779764,144.16402333384775,145.36309814453125,4901900
2025-08-04,144.14437535611071,146.64080066973509,143.92814777023875,146.6211395263672,1756700
2025-08-05,147.11257398997648,147.32880159180885,145.9528213956567,146.40493774414062,1719850
2025-08-06,146.83737077893693,147.6236515656459,144.32128425911515,144.67510986328125,1473650
2025-08-07,145.04859363153963,146.6408013190487,144.38024972759644,146.5818328857422,1713800
2025-08-08,145.4239073528234,146.27503466332556,144.71133494861914,145.58226013183594,2493100
2025-08-11,146.19586176045084,147.0865697362726,145.7999949048306,146.6115264892578,1279150
2025-08-12,146.69071045423817,149.1847140571971,146.55215553748232,149.1253204345703,1386300
2025-08-13,152.2725051910879,154.44980302933482,151.9953953808393,154.27166748046875,2504250
2025-08-14,154.03414975928277,155.5582538288967,153.87579696984537,155.32073974609375,2859050
2025-08-15,155.39991085430134,156.9833933907479,154.98424612218338,156.70628356933594,2380450
2025-08-18,157.3396855488017,157.91370308665768,156.56773457408067,156.60733032226562,1508850
2025-08-19,157.022994920542,157.95329868441038,156.80526360979184,157.43865966796875,1844950
2025-08-20,158.74502195238344,160.58583148453505,158.70544130820213,159.37841796875,1785950
2025-08-21,159.14091702857314,160.2889521221121,159.14091702857314,159.25967407226562,1268250
2025-08-22,160.5066638610378,161.43696761430635,159.55657733527423,160.26914978027344,1802150
2025-08-25,161.3577819305836,161.3577819305836,157.3396745478842,157.67617797851562,1689700
2025-08-26,159.47739827859465,159.47739827859465,157.12194967465436,158.44813537597656,2664300
2025-08-27,158.46791374981518,158.86379570241337,157.30009596769332,158.21060180664062,2428300
2025-08-28,158.21060392522054,158.6658644014667,157.0625688993411,158.32936096191406,1515450
2025-08-29,157.53761658172095,158.52729885229746,157.1021690678038,158.15122985839844,1412350
2025-09-02,158.0720563094796,159.5169839937686,157.22092893741157,158.72525024414062,1494300
2025-09-03,160.22954944943592,162.68397229038476,160.15038815901414,162.52561950683594,2101650
2025-09-04,162.0703546881061,162.86210348328908,161.27862099427537,161.87242126464844,1560750
2025-09-05,162.4068704974788,163.1194429573177,161.39739032914812,161.71408081054688,1232200
2025-09-08,159.7941048624824,161.53594020924498,158.70544833241024,161.4369659423828,1312000
2025-09-09,160.34832756327904,161.04110214043115,159.81389067422373,160.7639923095703,1189450
2025-09-10,160.15038688302738,160.56605161051678,159.49719298210724,159.9524383544922,1056250
2025-09-11,159.97223909365252,160.94212347517075,159.6951292703616,160.52645874023438,1414750
2025-09-12,159.9722445630369,160.64523637214756,156.52815442627428,157.47824096679688,2245850
2025-09-15,154.82589875225003,155.4196990611749,153.12364401756304,154.48941040039062,2223550
2025-09-16,154.21229036569162,154.4300065602781,152.88610471733267,153.51950073242188,1704750
2025-09-17,152.78715791251258,154.5487911938624,152.54962872463773,153.77684020996094,2329250
2025-09-18,152.25271388642773,152.7079743665335,150.59005495321236,152.54962158203125,2279150
2025-09-19,151.9953962242608,152.94548269285593,150.74840207122259,150.9859161376953,3330750
2025-09-22,151.75788059001488,154.17270782351974,151.57974502427442,153.4007568359375,2435200
2025-09-23,151.63912183629554,152.13396298179936,150.23377479522713,150.37232971191406,1956300
2025-09-24,148.8482114085398,149.7587324108502,148.2939917385098,149.1649169921875,1546450
2025-09-25,147.60120438583772,147.83873355303103,144.29566942449617,145.54266357421875,2443200
2025-09-26,145.81977415301654,146.591725073769,145.14679749445375,145.9979248046875,2172700
2025-09-29,146.84905778401446,147.8189421652364,145.8593755293199,146.73028564453125,3059350
2025-09-30,147.32409566758133,152.39126379447455,146.39379196586373,151.85684204101562,3841100
2025-10-01,160.40769761022534,167.4740281265943,159.97223501291847,166.97918701171875,7225700
2025-10-02,165.0789961736984,166.36558607106392,164.04971821526516,165.57383728027344,2725600
2025-10-03,166.86044125677583,169.23567272820932,165.94992025466112,168.85958862304688,2934450
2025-10-06,169.3148403539475,171.35358336324006,168.5230915373628,169.2158660888672,3192450
2025-10-07,169.07730976270798,170.70038802750622,168.93875485356736,169.96803283691406,1746350
2025-10-08,170.91812444137759,171.17545149558933,168.56269091551633,168.99813842773438,3310550
2025-10-09,170.02741953272408,170.9775060692838,168.22619052591,168.32516479492188,4546650
2025-10-10,169.49297169356112,169.98781280394897,165.96970540381594,167.315673828125,7238150
2025-10-13,166.9593869712389,168.08762409445407,166.3655867019085,167.27609252929688,2989950
2025-10-14,167.41466180962428,168.582479677188,166.86044213679043,168.4835205078125,2450900
2025-10-15,165.37591588831495,168.32516486966892,165.33632014015132,167.9095001220703,2034800
2025-10-16,165.31651673968508,167.09794781366557,164.48518727227847,165.9301300048828,2163000
2025-10-17,165.94991333862575,168.36474045804445,165.57384435048957,167.63238525390625,1562900
2025-10-20,167.96887450931266,168.60227055216387,165.83115720168252,166.00930786132812,2508050
2025-10-21,165.94991361907373,166.08848363236407,164.52478385401017,164.72271728515625,2808300
2025-10-22,165.17796260368084,166.68228386225263,164.84147426072548,165.1383819580078,1656650
2025-10-23,164.6237495089641,165.89054163986393,164.52479034016613,165.07901000976562,1074800
2025-10-24,165.17795754959616,165.3165124572414,164.12889680580327,164.86126708984375,1190200
2025-10-27,165.19776029013073,166.68228367350864,164.76229768145677,166.3853759765625,3123950
2025-10-28,166.34579643931758,166.7020826577564,161.87242838588676,163.5153045654297,1830750
2025-10-29,165.0592080942044,165.19776300821195,161.59532014266287,162.76315307617188,1784800
2025-10-30,162.48602435413147,163.93096708192837,160.90254181691378,162.98086547851562,2895650
2025-10-31,162.6641772808288,163.3965475916211,161.31820879967313,163.09963989257812,1488850
2025-11-03,162.2683163920338,163.0996458988864,160.42750671180113,161.75367736816406,1448050
2025-11-04,159.63574628309553,162.5256165746372,159.2992579501395,162.3672637939453,2336600
2025-11-05,161.08067261030928,162.4860195498455,160.36810020415678,160.62542724609375,2724400
2025-11-06,166.88021422054408,168.2855611870274,165.01962188111605,165.8113555908203,3471050
2025-11-07,167.3552790723731,168.54289478443954,166.70208514526294,167.41465759277344,2052900
2025-11-10,170.700392784436,173.25377483948483,169.92844182609016,173.15481567382812,3135700
2025-11-11,174.56016721034476,176.79684375012516,174.1840831075658,176.34158325195312,2481600
2025-11-12,174.7184922076458,175.96550146780874,172.65996648237635,173.55067443847656,2615800
2025-11-13,173.96634985252481,177.0145730850237,173.43192806628198,175.39149475097656,2257200
2025-11-14,175.21333886722715,176.89581077303873,174.73829561568232,176.3613739013672,2045200
2025-11-17,176.81663002900999,178.67722234399733,176.40096530646966,176.95518493652344,1907050
2025-11-18,176.2228276656288,177.5687961957265,175.055009801976,177.25210571289062,3178950
2025-11-19,177.2718834243262,178.2813635684146,175.35189740372098,176.14364624023438,3219300
2025-11-20,177.84589739754807,178.16260296636264,174.99562278498033,175.53004455566406,2931500
2025-11-21,176.83642466629826,181.92340614391327,176.83642466629826,180.12217712402344,3701150
2025-11-24,179.35021442184987,181.76504147244177,179.35021442184987,181.15142822265625,2863100
2025-11-25,182.97245620751988,184.89244215720487,182.49739786234773,184.55593872070312,2712750
2025-11-26,184.08089839799885,186.09984354228493,183.76419282952503,184.71429443359375,2328000
2025-11-28,183.22977991261845,183.7444189355781,182.20051696805257,183.5266876220703,1874000
2025-12-01,183.96214707749286,184.04132347207187,178.9939378024699,179.1720733642578,3183300
2025-12-02,179.94403443017646,180.28052277176158,178.4199153042981,178.4792938232422,3252350
2025-12-03,179.5085658899701,180.6763836608816,179.1720624581538,179.82525634765625,3418500
2025-12-04,179.42939035013657,179.86485294520094,177.68753996987914,178.20217895507812,2625450
2025-12-05,179.50857990299315,180.4784643258941,178.28136841794768,178.4990997314453,2716450
2025-12-08,178.8751777347636,180.85454226168932,177.48961350510388,180.6763916015625,3527750
2025-12-09,180.47845114214215,181.0128728990089,177.70733789206994,177.78651428222656,2363900
2025-12-10,180.47845891113562,181.42856053256136,177.54899275464646,181.13165283203125,3059950
2025-12-11,179.37002131972199,181.15143733723707,178.53867673001474,178.71682739257812,3313950
2025-12-12,176.9551928344728,178.06363214405275,176.7176636532687,177.8063201904297,2688650
2025-12-15,178.875172628223,181.68586655189296,178.38033151061833,181.23060607910156,3510200
2025-12-16,179.86485491692386,181.2702018791768,178.51888647258477,180.81494140625,2257450
2025-12-17,180.30030197531084,180.61700753854814,177.84589426563144,177.86569213867188,2987750
2025-12-18,178.71682368647242,180.45865902138195,178.51889025544793,179.3502197265625,3414250
2025-12-19,178.99393767056867,181.84422746790028,178.85538275549578,180.83474731445312,4187150
2025-12-22,179.74609004773095,181.82442886686673,179.38980382448918,181.21083068847656,2324500
2025-12-23,183.1307999365897,184.27883498997934,181.98277998455302,182.37864685058594,1772200
2025-12-24,182.73493657743205,183.30895411514288,182.12133839289953,182.99224853515625,592350
2025-12-26,183.15059478633347,183.90276296127126,182.45782023153762,183.88296508789062,834700
2025-12-29,182.75472935079736,183.86316864710727,182.75472935079736,183.13079833984375,1185900
2025-12-30,183.40793065880007,183.8433781846521,182.81411523963743,183.11102294921875,865100
2025-12-31,182.59637822443167,183.05163871175455,181.94318430401958,181.96298217773438,1048650
2026-01-02,182.87349032094755,182.99224736200458,180.4586631437672,181.2504119873047,1781600
2026-01-05,180.45865818056157,180.87432291418213,177.2125016025558,180.55763244628906,2954200
2026-01-06,183.07141653667057,188.5740473751502,183.0120380184838,187.96044921875,3162450
2026-01-07,187.66354882491387,191.02847763277236,186.29779754944448,188.35633850097656,3307450
2026-01-08,188.395915731688,189.9200197684153,184.51636308230212,186.08006286621094,2808100
2026-01-09,188.51466530680062,189.90022947759334,187.12911623736014,187.3468475341797,3038700
2026-01-12,188.31674079669267,188.39591719031594,184.89244860526549,185.32789611816406,5377550
2026-01-13,186.33737760452033,187.1291264451123,183.6454406073195,187.0697479248047,4018600
2026-01-14,190.0585747821285,190.87012148490155,188.7719999237464,190.6919708251953,3854650
2026-01-15,188.63344408898757,188.7522011273092,184.89244636832808,186.04046630859375,4573200
2026-01-16,186.9905671401397,187.40623187388636,185.09037902814654,186.83221435546875,27525250
2026-01-20,178.4199147107749,180.35969856416202,176.4999287307542,178.0240478515625,5568650
2026-01-21,177.5094151841185,179.70651106421462,176.24262306783734,179.211669921875,4558000
2026-01-22,179.0335075197943,181.68586372153948,178.47928789292726,181.48793029785156,3072600
2026-01-23,182.22028519455705,184.06109472458442,180.9930889087736,183.98191833496094,2161400
2026-01-26,184.3580030919781,187.2280754950181,184.2392460577799,186.51551818847656,3054100
2026-01-27,187.34685885176572,190.37528421602664,187.34685885176572,189.2272491455078,3526350
2026-01-28,184.4173831583102,185.74355372250517,183.88296139857647,184.516357421875,4117150
2026-01-29,184.81326510881922,185.12995556978817,183.22976749991727,183.26934814453125,3237350
2026-01-30,184.1402798755034,185.09038149483828,183.01204269705423,183.62564086914062,2777500
2026-02-02,188.47508766895865,190.80083186557178,184.2590316736127,186.46603393554688,3228800
2026-02-03,185.6742914346415,188.75220390097977,181.7353602251133,182.41824340820312,2659700
2026-02-04,187.10931916311432,188.73239740910836,184.39759952972864,185.51593017578125,3889200
2026-02-05,185.13985983697697,188.7027067622563,184.65491011349448,185.2289276123047,3380500
2026-02-06,188.49488510469922,191.9686643127307,186.54520989382718,191.03836059570312,3117300
2026-02-09,189.82106420776498,190.77115073922408,185.12996476695707,186.07015991210938,3030400
2026-02-10,192.01815427924402,193.87874663941204,188.63344279806566,191.404541015625,2726400
2026-02-11,198.01563303056062,202.80569165682087,197.1348164025857,202.6473388671875,3483900
2026-02-12,200.43045603162338,203.73599116407746,200.0147912935321,202.40982055664062,2723800
2026-02-13,203.51825173570728,204.57721896297699,201.98424126977145,203.42918395996094,2504800
2026-02-17,205.95288279362106,209.09017372200302,205.70546223048666,207.31863403320312,2287700
2026-02-18,210.4658360005256,210.51532313449323,205.3788697165252,206.51699829101562,2604100
2026-02-19,208.75,208.9499969482422,205.72000122070312,208.6199951171875,2036900
2026-02-20,206.60000610351562,207.69000244140625,204.0500030517578,204.1999969482422,1592700
2026-02-23,204.60000610351562,207.33999633789062,204.25999450683594,204.94000244140625,1815400
2026-02-24,208.99000549316406,209.35000610351562,206.49000549316406,206.61000061035156,1710800
2026-02-25,206.75,207.5500030517578,205.3000030517578,205.7899932861328,1434800
2026-02-26,204.97999572753906,205.16000366210938,202.63999938964844,203.97999572753906,2250400
2026-02-27,207.27000427246094,209.92999267578125,206.9499969482422,208.4499969482422,1996300
2026-03-02,205.63999938964844,206.3000030517578,203.33999633789062,203.72999572753906,1718800
2026-03-03,200.0,201.99000549316406,197.10000610351562,201.75999450683594,2733100
2026-03-04,203.22000122070312,203.2899932861328,200.5500030517578,201.52999877929688,2911100
2026-03-05,199.39999389648438,199.52000427246094,195.25999450683594,197.52000427246094,2648600
2026-03-06,194.00999450683594,194.8300018310547,192.75999450683594,194.22000122070312,1473800
2026-03-09,190.3300018310547,195.7899932861328,189.35000610351562,194.9499969482422,1875000
2026-03-10,196.72000122070312,198.08999633789062,194.80999755859375,194.99000549316406,1658200
2026-03-11,194.22000122070312,194.8300018310547,192.30999755859375,193.30999755859375,1416800
2026-03-12,193.91000366210938,193.9199981689453,190.9600067138672,192.5,2154800
2026-03-13,192.63999938964844,193.64999389648438,189.42999267578125,189.89999389648438,1429000
2026-03-16,190.80999755859375,192.50999450683594,190.5399932861328,192.00999450683594,1828800
2026-03-17,193.9600067138672,193.9600067138672,190.9499969482422,191.2899932861328,1455600
2026-03-18,190.6699981689453,190.72999572753906,187.55999755859375,188.4199981689453,1174400
2026-03-19,186.72999572753906,189.7899932861328,186.3300018310547,188.92999267578125,1469900
2026-03-20,188.13999938964844,188.39999389648438,182.6199951171875,183.60000610351562,2068000
2026-03-23,183.86000061035156,186.77999877929688,183.75999450683594,184.07000732421875,2009400
2026-03-24,182.6300048828125,186.22000122070312,182.38999938964844,185.77999877929688,1596200
2026-03-25,187.6699981689453,188.72000122070312,186.44000244140625,187.13999938964844,1484000
2026-03-26,185.0800018310547,186.80999755859375,182.7899932861328,183.39999389648438,1850300
2026-03-27,190.8800048828125,192.97000122070312,187.9499969482422,188.4199981689453,2762900
2026-03-30,193.8300018310547,194.63999938964844,192.61000061035156,193.8800048828125,2113900
2026-03-31,194.85000610351562,197.27000427246094,193.5500030517578,197.22000122070312,2759600
2026-04-01,198.88999938964844,201.74000549316406,198.72000122070312,200.72999572753906,2158600
2026-04-02,199.77999877929688,204.33999633789062,199.22999572753906,203.49000549316406,2049300
2026-04-06,204.75,204.75,202.72999572753906,202.8300018310547,1554700
2026-04-07,198.7100067138672,202.0,196.9499969482422,200.80999755859375,2450800
2026-04-08,205.4499969482422,206.72999572753906,203.66000366210938,204.27000427246094,2282900
2026-04-09,202.63999938964844,206.5,201.97000122070312,204.99000549316406,1239200
2026-04-10,207.3000030517578,207.3000030517578,203.82000732421875,204.02999877929688,1565700
2026-04-13,202.47999572753906,203.17999267578125,200.6999969482422,202.24000549316406,1724300
2026-04-14,202.5500030517578,204.72999572753906,202.07000732421875,204.3800048828125,2257500
2026-04-15,204.1999969482422,204.38999938964844,199.5,201.2100067138672,1657800
2026-04-16,201.44000244140625,201.8000030517578,199.99000549316406,200.47000122070312,1414400
2026-04-17,202.80999755859375,205.3000030517578,202.5500030517578,204.8000030517578,1241300
2026-04-20,202.80999755859375,203.3699951171875,200.6699981689453,200.69000244140625,1104500
2026-04-21,198.85000610351562,198.99000549316406,195.77000427246094,195.77999877929688,2130700
2026-04-22,196.5500030517578,196.64999389648438,194.8000030517578,194.80999755859375,1578700
2026-04-23,195.2100067138672,196.6199951171875,193.02000427246094,193.1999969482422,785416
