timestamp,open,high,low,close,volume
2021-01-04,26.84298798746751,26.939926436286644,26.21729864181918,26.46405029296875,51483900
2021-01-05,26.587423636982862,26.913488238701817,26.358297478099438,26.666736602783203,48507000
2021-01-06,28.11199460208723,28.746496704048713,27.636118445830654,28.33230972290039,107002800
2021-01-07,29.354557328522898,29.62774378094793,28.940367079084236,28.957992553710938,74358500
2021-01-08,29.01086941090578,29.081371318635238,28.297056084582966,28.66718101501465,44641400
2021-01-11,28.279423175055737,29.195927564360684,28.11198454992165,29.143051147460938,51868200
2021-01-12,29.45149394717265,29.93618612063972,29.257620439501547,29.662996292114258,68166200
2021-01-13,29.460309301037046,29.680622709892113,29.160682930525518,29.486745834350586,43172800
2021-01-14,29.50436854368051,30.288683667780543,29.451492120296102,29.95380973815918,48483500
2021-01-15,29.336934657346163,29.636561031201452,28.81699487217716,29.090181350708008,57684300
2021-01-19,28.640744196555737,29.61012188621432,28.37636876862303,28.87868309020996,78130200
2021-01-20,28.869869350760997,28.896309247378007,28.341118482445285,28.499744415283203,53920000
2021-01-21,28.499741264577178,28.623116229430416,27.962176036246078,27.997426986694336,49626600
2021-01-22,27.636113744550226,27.979802114539343,27.539175309585968,27.803550720214844,45314500
2021-01-25,27.556800188235403,27.583236720210884,26.939922002320777,27.459861755371094,48078400
2021-01-26,27.67136325348068,27.697801467114665,27.23954918260625,27.265987396240234,36373000
2021-01-27,26.71079542636708,26.81654659509796,26.146793675423215,26.28779411315918,63809200
2021-01-28,26.807730173877236,27.098543746853064,26.36710344628613,26.7196044921875,51223300
2021-01-29,26.790109678283745,26.87823537634498,26.076294717617742,26.129169464111328,64019100
2021-02-01,26.323047725291747,26.4728609156453,26.058670617154792,26.402359008789062,40985300
2021-02-02,26.948737749292267,27.495115776189824,26.913488475769405,27.34530258178711,53527000
2021-02-03,27.239550370257003,27.962178099180456,27.213112155470306,27.82999038696289,49404900
2021-02-04,28.023865036228045,28.667179789025194,28.006241240907382,28.640743255615234,51751900
2021-02-05,28.98443063971679,29.002056115289047,28.482116351912577,28.52617835998535,42008800
2021-02-08,28.579053549040815,29.32811773898573,28.552617017685176,29.160680770874023,46014100
2021-02-09,29.054933215238467,29.098995224332203,28.72005589503763,29.037307739257812,35868600
2021-02-10,29.187120474011564,29.45149590144457,28.957996000027215,29.063745498657227,45031900
2021-02-11,29.054929405734143,29.3545557346885,28.684801182100937,28.975616455078125,29479900
2021-02-12,29.081363997235858,29.47792872408665,29.0020510518657,29.407426834106445,37468300
2021-02-16,29.944995279318636,30.456123952859098,29.698245360624902,30.200559616088867,52802600
2021-02-17,29.99787356930779,30.456125848051453,29.77756016770309,30.323936462402344,45455300
2021-02-18,30.0154977451357,30.53543748487742,29.980246795593583,30.13005828857422,37541700
2021-02-19,30.138874987680126,30.60593833845529,30.1212495115752,30.438501358032227,54514100
2021-02-22,30.359186503657327,31.0641886953215,30.323935553645214,30.976064682006836,56783400
2021-02-23,31.21399856035771,31.628188797082686,30.967248646589013,31.302125930786133,67440700
2021-02-24,31.495999704555018,32.18337631811262,31.372621398018293,32.060001373291016,58139500
2021-02-25,32.571130796102175,32.63281827641287,31.513625850937185,31.663440704345703,74762000
2021-02-26,31.487195165940115,31.75157061088778,30.561879427765202,30.588315963745117,70933300
2021-03-01,31.30213825818404,31.769201739389413,31.055388247240337,31.540077209472656,45901700
2021-03-02,31.416688815214293,31.67224977690119,31.28449944470546,31.310935974121094,41167400
2021-03-03,31.698684043595907,32.57993739271593,31.584120166930177,32.095245361328125,66047000
2021-03-04,32.006699533114045,32.65320967152764,31.811859657992734,32.32552719116211,96512800
2021-03-05,32.7948986800685,33.29970783090977,32.0332558550343,32.706336975097656,74292300
2021-03-08,33.104872461140296,33.41484181684627,32.60891811359813,32.88346481323242,65335500
2021-03-09,32.36980951371821,32.91004491652256,31.714444523546337,32.166114807128906,63946000
2021-03-10,32.360951718818285,33.23772435889682,32.210392719176255,33.09602355957031,53365600
2021-03-11,33.00746002406486,33.46798844132584,32.63549333464073,32.980892181396484,45834000
2021-03-12,33.583109432005756,33.81337527101452,33.281998282923134,33.60082244873047,46069600
2021-03-15,33.680531646686276,33.71595768256742,32.96317300136318,33.43255615234375,50131600
2021-03-16,33.14030038604379,33.405992308504516,32.74176925917898,33.335140228271484,50300400
2021-03-17,33.653964847490016,33.97279242343334,33.06059393102769,33.609683990478516,63796000
2021-03-18,34.10564013061243,35.398663647595995,34.02593322462312,34.4864616394043,95439700
2021-03-19,33.91079876967382,34.46874365281015,33.237717576411626,34.123348236083984,106252700
2021-03-22,33.72482237391577,33.99051093735292,33.122593161637745,33.35285568237305,54701300
2021-03-23,33.08718001139721,33.49456952596824,32.57351232730918,32.67979049682617,49838000
2021-03-24,32.95433398870832,33.46800167279634,32.670932293492406,32.67979049682617,43896800
2021-03-25,32.65320654187161,33.432562589245535,32.44065704248724,33.35285568237305,47517900
2021-03-26,33.96393153935297,34.32703994359572,33.72481425471603,34.25619125366211,66846000
2021-03-29,33.698254282104166,34.211921813743174,33.52998563126399,33.92852020263672,45680000
2021-03-30,34.21191883066267,34.94699063962176,34.21191883066267,34.53074645996094,56705900
2021-03-31,34.20306272044658,34.530748569697984,34.0613619185913,34.26505661010742,49270000
2021-04-01,34.38904416454308,35.000128175061775,34.29162424002272,34.97356033325195,65587000
2021-04-05,35.4252309257705,35.673206461158635,35.07097726514748,35.248104095458984,50328500
2021-04-06,35.008983567369775,35.55807708209517,34.94698968319325,35.15068435668945,42590100
2021-04-07,35.22154118404796,35.55808187091109,35.06212735229246,35.46951675415039,43136400
2021-04-08,35.24810380896953,35.29238467158419,34.73443972149573,35.159542083740234,45285900
2021-04-09,35.34551831978429,35.58463899537244,34.99126471630272,35.4163703918457,45872900
2021-04-12,35.4163843975351,35.761779939392014,35.29239322239434,35.47837829589844,45544600
2021-04-13,35.25696629079306,35.26582111302618,34.716730917403765,34.82300567626953,46770400
2021-04-14,34.52188173058749,35.71748511432052,34.46874267628399,35.31895065307617,52023800
2021-04-15,35.18610236453915,35.28352226840492,33.69824272720061,34.309329986572266,118128900
2021-04-16,34.814140337014436,34.9115568658048,34.459886743260306,34.67243957519531,60633400
2021-04-19,34.88499487636321,34.92042091735949,34.566167264223104,34.690155029296875,42321100
2021-04-20,34.539597817929156,34.539597817929156,33.556547185642,33.72481918334961,50834100
2021-04-21,33.432566730599625,34.34476548348118,33.13145208716098,34.291629791259766,37851800
2021-04-22,34.31818515183807,34.335898168938854,33.804517791153174,33.9727897644043,48093400
2021-04-23,33.93736604639825,34.840709709715014,33.84880433326267,34.69900894165039,48674100
2021-04-26,34.849574705189966,35.29239015698863,34.78758081221125,34.902713775634766,34699800
2021-04-27,35.13296565222031,35.354373310865746,34.99126488582373,35.31895065307617,34304800
2021-04-28,35.3632357626063,35.62006948834599,35.318954901233674,35.45179748535156,34084400
2021-04-29,35.91232499979995,36.425992438744764,35.83261809990896,36.40827941894531,44008700
2021-04-30,36.16915424928716,36.22229330211829,35.84147186952685,35.89460754394531,39203400
2021-05-03,36.19572406704926,36.355137855852774,35.797189595040486,35.921180725097656,41940500
2021-05-04,35.637781816508436,36.381711759726606,35.23038911591738,36.31085968017578,53880000
2021-05-05,36.487985199384596,36.806812789166905,36.09830553257823,36.656253814697266,37471100
2021-05-06,36.73595065241314,37.24961793493659,36.52340123637121,37.2053337097168,39044400
2021-05-07,36.42598833574942,37.41789368389961,36.408275317945154,37.355899810791016,39249200
2021-05-10,37.63930675927173,38.028983071844856,37.22305922695933,37.24077224731445,41271500
2021-05-11,36.79795699301517,37.497606096452174,36.61197534630301,36.815670013427734,42964700
2021-05-12,37.533037419019045,37.69245124675206,36.34629191168087,36.470279693603516,47533000
2021-05-13,36.18687277234914,37.276198183021734,36.116020691128234,37.05479049682617,42026100
2021-05-14,37.24962369448494,37.62158691927742,37.125632574474864,37.51531219482422,30932600
2021-05-17,37.40904466781998,37.94927659180429,37.338192585610955,37.85186004638672,32656400
2021-05-18,37.816429534518946,38.03783719762689,37.320475152928545,37.33818817138672,37880300
2021-05-19,36.88652410448419,37.19649353255681,36.58540949789362,37.169925689697266,42672800
2021-05-20,37.10792726660784,37.31162191992157,36.71824760077899,37.081356048583984,36871100
2021-05-21,37.21420249042944,37.72786654063496,37.09906955325408,37.550743103027344,40243800
2021-05-24,37.71015182477983,37.88727523855115,37.417892110914536,37.754432678222656,31390800
2021-05-25,37.80756268585571,38.31237177197037,37.13448503050684,37.2053337097168,52657700
2021-05-26,37.214212939938406,37.41790765311372,36.89538525725913,37.23192596435547,41332800
2021-05-27,37.62158843261574,37.94927081693488,37.302760868018645,37.6835823059082,52981100
2021-05-28,37.780998395858575,37.82527924681815,37.24076323027961,37.54187774658203,38509700
2021-06-01,38.03783983445828,38.330096213245675,37.87842603569677,38.011268615722656,42890700
2021-06-02,38.170681029059295,38.23267490650389,37.727865688219104,38.02898025512695,34180500
2021-06-03,38.03788319103907,38.678222728971896,37.957840748797466,38.46477508544922,46981200
2021-06-04,38.455868087145866,38.589269844099256,38.09123118992572,38.482547760009766,37192600
2021-06-07,38.482556792226845,38.58927890136501,38.295792253076385,38.349151611328125,28401900
2021-06-08,38.11792408429821,38.45588142587768,37.73549947497712,38.135711669921875,41871400
2021-06-09,37.77107380249909,38.00230562517136,37.4509040536952,37.63766860961914,42366300
2021-06-10,38.02897948709925,38.20685191950761,37.01511103279638,37.07736587524414,40123600
2021-06-11,37.184090327972896,37.25523726336126,36.917279990522005,37.22855758666992,31203600
2021-06-14,37.21966221266169,37.2730249588412,36.51707138078723,36.783878326416016,36050700
2021-06-15,36.71272831324032,36.961751071580736,36.37477442910629,36.8105583190918,39247900
2021-06-16,36.71272790687269,37.344175194206166,36.170218529617216,37.01511001586914,63859100
2021-06-17,37.37085823765945,37.44200517949711,35.32533361846507,35.396480560302734,80728200
2021-06-18,34.693882391511764,34.951797236157695,34.23141883973641,34.48933029174805,102774200
2021-06-21,34.79170812656605,35.37868467773422,34.71166571537794,35.35200500488281,48119400
2021-06-22,35.467633650243265,35.80558758733839,34.93401627814818,35.54767608642578,44113200
2021-06-23,35.716648802741254,35.94788059494212,35.63660637608816,35.75222396850586,32039900
2021-06-24,35.96567387072544,36.47260818889134,35.734442041923565,36.31252670288086,37161800
2021-06-25,36.703835812182085,37.201877930715746,36.32141128043263,37.01511001586914,53178800
2021-06-28,36.87281973299673,36.979545245295185,36.5526499813714,36.96175765991211,34416500
2021-06-29,37.02400991601576,37.30860447691689,36.241373177220254,36.365882873535156,38519600
2021-06-30,36.25025899379575,36.78387624752967,36.21468722432083,36.66825866699219,29159800
2021-07-01,36.96174967871015,37.08625935687111,36.65047209067345,36.94396209716797,28045100
2021-07-02,36.792775019528364,36.8817129409431,36.55264772066077,36.59711837768555,28980800
2021-07-06,36.294723496724124,36.35697832355593,35.4587242918965,35.6365966796875,47578700
2021-07-07,35.19192018250659,35.574344659001575,35.00515568727897,35.35200500488281,43499900
2021-07-08,34.3470330313631,34.89843788390978,34.222523352605556,34.48933029174805,52793100
2021-07-09,35.26307495498579,35.78779674069822,35.04073527277941,35.60992431640625,43887200
2021-07-12,35.38758213943525,36.29472838600113,35.25417698246254,36.1346435546875,42624500
2021-07-13,36.001249772325764,36.001249772325764,35.20082875549831,35.44984817504883,54338100
2021-07-14,34.782829394065715,35.174146114280525,33.60887584078611,34.560489654541016,105651700
2021-07-15,34.14248955252321,34.97848913692833,34.08023469742518,34.533809661865234,54697300
2021-07-16,34.88065656977375,34.94291142033871,33.431000636686235,33.7244873046875,60469700
2021-07-19,32.68393978376978,33.128619236610184,32.470492153646994,32.844024658203125,83251500
2021-07-20,32.7817732182322,33.90236406326476,32.55943346867027,33.51993942260742,59462900
2021-07-21,33.840097870797116,34.48043722071111,33.777843033181504,34.204734802246094,49907400
2021-07-22,34.11581194482745,34.151387119228865,33.511047550544774,33.760066986083984,52715600
2021-07-23,33.973503204979544,34.03575804291047,33.404314176677204,33.52882385253906,48659400
2021-07-26,33.49325135788412,34.00908107626588,33.49325135788412,33.911251068115234,32258000
2021-07-27,33.54660791439296,34.00907479952997,33.31537277550752,33.77783966064453,39121400
2021-07-28,33.96461042337232,34.24031286519372,33.57329378340424,33.911251068115234,43331100
2021-07-29,34.28478826555725,34.667212901324916,34.12470337650868,34.40040588378906,43039100
2021-07-30,34.249208373662626,34.53380633148119,33.84010411029036,34.115806579589844,46210100
2021-08-02,34.151387119228865,34.64053389302461,33.71559971439989,33.760066986083984,49894000
2021-08-03,33.84900224661658,34.355936567544255,33.39542729043807,34.284786224365234,39680600
2021-08-04,33.82231896595836,34.48044606582232,33.671129576574856,34.0357666015625,42289800
2021-08-05,34.30256575770355,34.73835302578714,34.284778176084394,34.70277786254883,34754500
2021-08-06,35.102991806285395,35.938987830374124,35.102991806285395,35.70775604248047,58022300
2021-08-09,35.6188254489332,36.42814196181678,35.396485710309854,36.17022705078125,56340100
2021-08-10,36.20579478447446,37.01511113107867,36.09018058684135,36.846134185791016,44987300
2021-08-11,36.99732755468616,37.52204942255325,36.89060544045543,37.3086051940918,58458200
2021-08-12,37.5576314859238,37.61099424915233,37.148527145744794,37.48648452758789,37400100
2021-08-13,37.43311781631821,37.55762752475071,36.84614105325421,37.02401351928711,41344900
2021-08-16,36.60600868586268,36.73051837712811,36.116862016190815,36.72162628173828,38599100
2021-08-17,36.508179410090264,36.97064641029001,36.12575484055268,36.54375457763672,43526900
2021-08-18,36.25915943799791,36.935070647310525,36.16132942513964,36.276947021484375,50342500
2021-08-19,35.68107705943753,36.170223761398006,35.58324704051846,35.74333190917969,51883900
2021-08-20,35.65440386505637,35.99236124844787,35.4943189672728,35.90342330932617,40415000
2021-08-23,36.13465898904181,36.55265543367109,36.107975910669566,36.3836784362793,35364500
2021-08-24,36.55264482250568,37.068474547908075,36.49928546652235,36.890602111816406,35579300
2021-08-25,37.050697109476886,37.753291558459615,36.94397497565529,37.48648452758789,51219900
2021-08-26,37.797753266765476,38.100135428605,37.37086140169232,37.388648986816406,41184500
2021-08-27,37.459798874077926,37.93116143526571,37.29971398803456,37.78886413574219,46468600
2021-08-30,37.91336106367889,37.91336106367889,37.02400239340581,37.050682067871094,44855600
2021-08-31,37.05958315064645,37.41532806209553,36.78388406727658,37.130733489990234,54654600
2021-09-01,37.130736482019195,37.15741616510553,36.490396946865665,36.632694244384766,52361900
2021-09-02,36.74889818738192,37.088587322773144,36.32875645176698,36.6684455871582,44538900
2021-09-03,36.668442699615404,36.82040681583791,36.364511057150736,36.69525909423828,41812400
2021-09-07,36.87404874909871,37.41039718507753,36.811474878568525,36.936622619628906,43748600
2021-09-08,36.72208079842173,37.08858632064462,36.36451293819557,36.45390319824219,36064400
2021-09-09,36.3466320274338,36.96343296886376,36.257241772740635,36.587989807128906,36266400
2021-09-10,36.847229869502,36.963436529794144,35.97119233103992,35.998008728027344,40514700
2021-09-13,36.292996001391046,36.614806375849945,36.06951695357455,36.596927642822266,42036300
2021-09-14,36.766773448999906,36.927678634248714,35.45271557280783,35.61362075805664,53820400
2021-09-15,35.51529226380374,36.060581722835906,35.4616560611052,35.881797790527344,52358200
2021-09-16,36.18573287226234,36.480726899953545,35.93543738938753,36.15891647338867,42922000
2021-09-17,36.0605791980267,36.35556976716494,35.82816248931232,36.20360565185547,92746000
2021-09-20,35.20242501102164,35.27393654214073,34.29062997161759,34.96106719970703,67566200
2021-09-21,35.1040982537962,35.39908889944766,34.80910419812422,34.97895050048828,38271100
2021-09-22,35.53317099803658,36.22148692091162,35.53317099803658,35.881797790527344,46261400
2021-09-23,36.43602590721748,37.43721459149322,36.33769798128001,37.26736831665039,49779800
2021-09-24,37.294188752588745,37.848415898215954,37.2316148850189,37.66963195800781,39042300
2021-09-27,38.152348638799864,38.822785875784376,38.116591167755864,38.67081832885742,49755400
2021-09-28,38.8227863452676,39.3680758502124,38.492038259161156,38.58142852783203,60781200
2021-09-29,38.59930408124586,38.72445181107534,38.20598215749324,38.500972747802734,44260200
2021-09-30,38.75127332896715,38.75127332896715,37.75008794799125,37.94675064086914,47410800
2021-10-01,37.973562592273545,38.822783727464966,37.89310999188657,38.50991439819336,40987100
2021-10-04,38.536735913788,39.394894825224384,38.50097843997305,38.74233627319336,48273400
2021-10-05,39.12671345839972,40.002750947031785,39.03731979015985,39.52897644042969,54070700
2021-10-06,39.19822950984299,39.59155487548268,38.9300552941924,39.54685974121094,47031700
2021-10-07,40.03850846764246,40.11001999230981,39.359130228193905,39.43958282470703,46258800
2021-10-08,39.39489172799161,40.056391301479366,39.260802916737845,39.63624954223633,39389400
2021-10-11,39.86866942743438,40.05639445999613,39.10884186380293,39.135658264160156,36283500
2021-10-12,39.037330189277036,39.332324258022126,38.6797656511256,38.92112350463867,36898300
2021-10-13,38.93005074124777,39.01050333753587,37.83947527047758,38.56354522705078,43908000
2021-10-14,39.6630648303136,40.31562331277532,38.86747987786055,40.2888069152832,82201000
2021-10-15,40.91454504399959,41.719067581149616,40.54803953695998,41.45089340209961,64264900
2021-10-18,41.37939013959318,41.91573860476439,41.1469699706707,41.37044906616211,49542500
2021-10-19,41.56711121951884,41.683321302465124,41.29893699042924,41.549232482910156,32515500
2021-10-20,41.558183427363645,42.22862086434398,41.16485794858831,42.09453201293945,40411000
2021-10-21,42.103453075165625,42.443142197420975,41.66543603201249,41.862098693847656,36848600
2021-10-22,42.00513180957024,42.568296668566525,42.00513180957024,42.52360153198242,36225600
2021-10-25,42.72919962622287,42.89010483742367,42.192851195567,42.46996307373047,31679500
2021-10-26,42.60404870508771,43.29236463271113,42.40738603718962,42.872222900390625,35674800
2021-10-27,42.443145707161754,43.059946729350045,42.04088268833457,42.04982376098633,45790800
2021-10-28,42.541476103328385,42.90798164346552,42.28223956249431,42.71131896972656,37209600
2021-10-29,42.6845025724058,43.02419171522217,42.47890223623326,42.71131896972656,31756200
2021-11-01,42.99737434741106,43.05994821805641,42.264363225548145,42.773895263671875,36937200
2021-11-02,42.52360110010694,43.28342864438076,42.326938409109815,42.800716400146484,36283400
2021-11-03,42.72919935537796,43.52478433348331,42.55935648241821,43.238731384277344,42553000
2021-11-04,43.042074100199365,43.042074100199365,41.906799913739135,42.30906295776367,47646300
2021-11-05,42.55041225084683,42.74707491758404,41.85315866517112,41.987247467041016,38271200
2021-11-08,42.32693082567911,42.72919379882052,42.237540569434216,42.3179931640625,33815500
2021-11-09,41.70119516974696,42.33587490015407,41.486653765514454,41.906795501708984,36900300
2021-11-10,41.79058989774786,42.478905905266146,41.70119962561107,42.219669342041016,39385600
2021-11-11,42.29118219245332,42.80965188319573,42.02300456928917,42.45208740234375,31194800
2021-11-12,42.46997282133541,42.487851561130114,41.79953542412833,41.933624267578125,44268500
2021-11-15,42.24648703462158,42.36269711997223,41.92467999906811,42.05876541137695,35335500
2021-11-16,42.174965357141375,42.26435561052299,41.736944931524484,42.085575103759766,35120800
2021-11-17,42.08558142283391,42.19285042500201,41.522413193916236,41.576045989990234,32963700
2021-11-18,41.75482335386282,41.84421701659959,41.307865270237606,41.40619659423828,30639000
2021-11-19,40.85197547677078,40.914549344792675,40.07426925277012,40.58380126953125,48429500
2021-11-22,41.76377445664002,41.897859867922634,41.039700959640534,41.37044906616211,53697100
2021-11-23,41.897860765229225,42.595117876909086,41.71907680300309,42.461029052734375,49362900
2021-11-24,42.38950355700131,42.89009784467868,42.201781977879655,42.57722854614258,40060000
2021-11-26,40.69107112457239,41.155908018221034,40.002755151863056,40.905609130859375,55110100
2021-11-29,41.49559565365908,41.745894552424005,40.3782002074487,40.75364685058594,50231100
2021-11-30,40.011697464655995,40.42290160953187,39.654132942615895,39.752464294433594,77193600
2021-12-01,40.42289842512118,40.85197786377986,39.162476508430004,39.189292907714844,60601600
2021-12-02,39.81804077554519,40.86895511964842,39.52162692889078,40.321041107177734,57821400
2021-12-03,40.41984974770564,40.48272479542076,39.162341940537104,39.40486145019531,74605300
2021-12-06,40.02463404018775,40.31206380418205,39.48570066287362,39.65636444091797,48193100
2021-12-07,40.02462822334837,40.339003411268195,39.90785882793563,40.159358978271484,40740800
2021-12-08,40.132418450974406,40.24020375346268,39.60246919296034,39.66534423828125,50560300
2021-12-09,39.44079285350316,40.17733209777291,39.207257440670446,39.961761474609375,37316700
2021-12-10,40.15936120296218,40.267149924590875,39.58450172667351,39.98870086669922,37700200
2021-12-13,39.76415617791215,39.880925609183365,38.9737224858536,39.144386291503906,38653900
2021-12-14,39.153365770983854,40.25817471355649,39.09947139826073,39.638404846191406,47099400
2021-12-15,39.85396967263785,39.92582882579005,39.180305530784594,39.467735290527344,60057100
2021-12-16,40.15038820766624,40.743212584362155,39.60247409369525,40.41985321044922,69487200
2021-12-17,39.970739803487454,40.150384263171766,39.18030623673633,39.41384506225586,124242400
2021-12-20,38.8659287945614,38.946768625506046,38.3539443407229,38.76712417602539,56455200
2021-12-21,39.10845855806094,39.95278323799388,39.10845855806094,39.692298889160156,47845600
2021-12-22,39.59347989057453,40.04258921732007,39.41383547458987,39.77312088012695,35715700
2021-12-23,40.13242650068333,40.48273137385864,39.88092626895412,39.898887634277344,34053500
2021-12-27,40.0156529260114,40.25817244997914,39.80008230010673,40.096492767333984,33879200
2021-12-28,39.94380066288044,40.49171480983969,39.89888697101799,40.150390625,32492400
2021-12-29,40.28511497683585,40.527634483075836,40.060560259180285,40.08750915527344,25294900
2021-12-30,40.19529372313093,40.50966895150959,39.952774221338956,39.997684478759766,23852200
2021-12-31,39.988706945896496,40.16835141615496,39.773132896299686,39.961761474609375,24253900
2022-01-03,40.50068534027791,41.7581930156749,40.401880725241085,41.47974395751953,58587900
2022-01-04,42.27017838919529,43.5007371982446,42.25221360184159,43.10552215576172,74606700
2022-01-05,43.24025326092948,43.44684317747059,42.35999923228057,42.37796401977539,57791600
2022-01-06,43.09654706040816,43.258226753966035,42.38695323050787,43.23128128051758,52040900
2022-01-07,43.24923980792182,44.29117355637487,43.168399972850764,44.17440414428711,59082600
2022-01-10,44.83011001047391,44.98280902173409,43.41990645907018,43.94985580444336,66839500
2022-01-11,44.00373774282096,44.23727310845353,43.689359126799815,44.20134353637695,40454400
2022-01-12,44.165419990219846,44.354048556142004,43.725294664745256,43.8869743347168,41378000
2022-01-13,43.94086836449124,44.452856306368986,43.68038747915572,43.79715347290039,46337500
2022-01-14,42.68337125317393,43.321105980026374,42.386957310971766,43.03367614746094,72953300
2022-01-18,42.979773427042005,43.042648476560224,41.36298007605472,41.551605224609375,65877400
2022-01-19,43.46481501435596,43.6354788100196,41.63244750989427,41.713287353515625,84451800
2022-01-20,41.93784188995643,42.261201262868795,41.012677460238706,41.0935173034668,46265300
2022-01-21,40.931835607615454,41.336034803913265,40.114456533516886,40.347991943359375,71303600
2022-01-24,39.43181146800434,40.14140180188709,38.255143463927226,40.01565170288086,90672700
2022-01-25,39.78211471209071,40.93183377320439,39.36893485280711,40.80608367919922,73555300
2022-01-26,41.12046366662699,41.73125284504263,40.653389387460116,41.22825241088867,63735800
2022-01-27,41.65041315378682,41.99173732567497,40.50069395555326,40.842018127441406,63402400
2022-01-28,40.71626218427583,41.21926254821221,39.925828635533364,41.201297760009766,51048300
2022-01-31,40.88692617521106,41.560590373871634,40.61746118103349,41.44382095336914,44793700
2022-02-01,41.50669982281439,42.3061141972033,41.228254121336775,42.16239929199219,40326600
2022-02-02,41.96478187136024,42.1803524565386,41.58752820764909,42.11747741699219,41125600
2022-02-03,42.41389749378394,42.47677254257935,41.63244458486995,41.70430374145508,35879900
2022-02-04,42.28814134604777,43.73427068787808,41.92885246739177,43.36600112915039,60297100
2022-02-07,43.61750737135688,43.79714839519343,43.10552291527033,43.572593688964844,44824800
2022-02-08,44.14745974939184,44.928909223145645,43.95883117867902,44.35404968261719,49560500
2022-02-09,44.21033406659062,44.72231855056161,44.0396702876449,44.264225006103516,33861100
2022-02-10,44.6235112624261,45.00974562923344,43.79714816608264,44.05763244628906,47082800
2022-02-11,43.68037472889843,44.407929656139956,42.66538667594337,43.04263687133789,61056000
2022-02-14,43.13246974476958,43.285165305136125,42.16239173855976,42.593536376953125,44791900
2022-02-15,43.114497908741335,43.44683787072013,42.72826359086093,42.925872802734375,42397600
2022-02-16,42.611509513001245,43.33008747752959,42.49474350623401,42.827083587646484,36664600
2022-02-17,42.21628323452547,42.47676750661428,41.27315418797688,41.38093948364258,49442400
2022-02-18,41.380947273132875,41.80311128140416,41.06657200725005,41.282142639160156,37856500
2022-02-22,40.57254333687964,41.30010183041476,40.45577735477247,40.9228515625,51905600
2022-02-23,41.273158321905264,41.4168732059983,40.033615305082144,40.22224044799805,45704900
2022-02-24,38.62340458593122,39.23419358373031,37.77009612490904,39.16233444213867,80484800
2022-02-25,39.35097253745186,40.73422708488187,39.189292856016756,40.43781661987305,68530700
2022-02-28,39.270130223958795,39.75516581128892,39.01862660954468,39.70127487182617,69955300
2022-03-01,39.26113961042807,39.28808850212679,37.66231137789232,38.1473503112793,74895600
2022-03-02,38.3898739159056,39.108448287395355,38.28208519035748,38.76712417602539,70834600
2022-03-03,38.89349373322897,39.263563968538314,38.09919538310657,38.3519287109375,48733800
2022-03-04,37.39515912755057,37.40418371895749,36.39326076525224,36.96190643310547,75572800
2022-03-07,36.041233591751045,36.20370373940556,34.488742600023635,34.606082916259766,109779000
2022-03-08,35.26500170899821,35.79754218895316,34.45265065713923,34.831748962402344,76553800
2022-03-09,36.38423507658028,37.55762818571389,36.24884210725531,37.04314041137695,78207900
2022-03-10,36.36618174769994,37.44028711764383,36.20371156492709,36.709171295166016,48804400
2022-03-11,37.04314310009448,37.35003086874465,36.366185090706146,36.40229034423828,43946600
2022-03-14,36.91678609122769,38.07212690710606,36.91678609122769,37.18756866455078,54262400
2022-03-15,37.241719218640355,37.71107723680325,36.8897015658149,37.45834732055664,41395300
2022-03-16,38.1262732089762,38.857385590377746,37.8374346496239,38.63173294067383,59477600
2022-03-17,38.2797074594689,38.84835298348146,37.75619521063335,38.839324951171875,50260200
2022-03-18,38.59562032598009,38.74906588895684,38.14431511268517,38.721988677978516,74470600
2022-03-21,39.128168950916795,39.200379453156124,38.369975893335116,38.66783905029297,47106400
2022-03-22,39.55240559486157,40.28352159376435,39.44409326127163,39.87734603881836,52360600
2022-03-23,39.46213546432734,39.723889914411835,38.83933196356723,38.893489837646484,48539300
2022-03-24,39.15524537662778,39.20037521405392,38.71296470620546,38.87543487548828,30360800
2022-03-25,39.24551203291092,39.94954726292088,39.11012249654789,39.47116470336914,38968100
2022-03-28,39.4531104977154,39.48921574990862,38.65881560858285,39.308692932128906,37428600
2022-03-29,39.940519831552656,40.06688476711557,38.91154427832754,39.20940399169922,46355800
2022-03-30,39.20940328443553,39.39895412754701,38.586603209029796,38.812255859375,36601800
2022-03-31,38.6678365103558,38.71296634969785,37.18755574354589,37.20560836791992,67902500
2022-04-01,37.62983450369868,37.67496778804283,36.42033616745962,36.91677474975586,61929200
2022-04-04,36.53767614759215,37.133398997268635,36.24884103521483,36.85359191894531,53761700
2022-04-05,36.50157552102023,36.79041066998127,36.14053330641222,36.23079299926758,51781700
2022-04-06,35.86974630215093,36.11344813104321,35.51772528035801,35.833641052246094,54159800
2022-04-07,36.00513060727463,36.08636568619625,35.06641490488822,35.55382537841797,54585000
2022-04-08,35.64409377759926,36.194683346203725,35.49064818656911,35.80656051635742,41018900
2022-04-11,35.63506439957424,36.46546790299288,35.553829311665744,35.734352111816406,34198700
2022-04-12,35.716304593567635,36.17663797192144,35.0664237973912,35.35525894165039,42855300
2022-04-13,34.750509658102104,35.21083956973991,34.6241447193461,35.039344787597656,45484200
2022-04-14,34.74147902737639,35.17473164630478,33.775682642232134,33.911075592041016,79032000
2022-04-18,33.775688035726155,35.48162501435168,33.59516866473561,35.06642150878906,80080300
2022-04-19,35.391360599285164,35.99611148831849,35.3011009170706,35.71630096435547,53714200
2022-04-20,36.23981563537399,36.43838761870939,35.75240510292282,35.79753494262695,47064300
2022-04-21,36.10442447041541,36.293971872520395,34.858820862093935,35.12057876586914,46245900
2022-04-22,35.0303249149734,35.0664267286337,33.84790357713168,33.902061462402344,50409800
2022-04-25,33.29730248785612,33.757635794456384,32.43079719014336,33.658348083496094,64301100
2022-04-26,33.28827691248385,33.88399971743371,32.873073456826894,32.90015411376953,44809900
2022-04-27,32.73769145216913,33.31536176602219,32.647428313637924,32.71963882446289,39824900
2022-04-28,33.15289096142573,33.35146641942334,32.638403132237954,33.225101470947266,39567800
2022-04-29,33.170943794370714,33.51393683035034,32.07878565498888,32.20515060424805,47385200
2022-05-02,32.521062156924025,32.74671483010432,31.952419899604,32.6203498840332,46652200
2022-05-03,32.80086810102128,33.96523655734325,32.791843510364565,33.51393127441406,48926000
2022-05-04,33.73055118915259,34.97615456083025,33.64931611180001,34.85881423950195,57860300
2022-05-05,34.34433644218607,34.48875401644104,33.27925554086067,33.88400650024414,48860600
2022-05-06,33.730558204305886,33.95621086130614,33.044575642027084,33.80276870727539,50440100
2022-05-09,33.27925099756121,33.450749210766745,32.54813863410134,32.827945709228516,51242000
2022-05-10,33.1709373285533,33.51393029767531,31.753839056910795,32.27735137939453,60235300
2022-05-11,32.40371714125079,33.32437678754979,32.051696166859195,32.10585403442383,54969300
2022-05-12,31.60040220223373,31.979500524003093,30.923444110604855,31.654560089111328,61231500
2022-05-13,32.06976200134595,32.250284857746756,31.374751242274453,31.744821548461914,49117900
2022-05-16,31.59136895463382,31.74481109396992,31.058828597385407,31.41987419128418,39076500
2022-05-17,32.150986455251044,32.692554844902254,31.979491692280437,32.484954833984375,42635600
2022-05-18,32.15099079810868,32.21417326895792,31.230327510208596,31.483060836791992,47396900
2022-05-19,30.950516911708004,31.446952030797213,30.914411662963253,31.094934463500977,47002700
2022-05-20,31.4108517305747,31.573321932335894,29.750047901716485,30.56239891052246,62406500
2022-05-23,31.37473833529243,32.72865403654218,31.28447866581672,32.37663650512695,69081900
2022-05-24,32.01560747173271,32.457884853422684,31.555274016943606,32.178077697753906,46146700
2022-05-25,32.042679639617546,32.73769028723671,31.853132220226836,32.34956741333008,49343400
2022-05-26,32.94529362871665,33.25218143312258,32.80087604094838,33.09873580932617,60201200
2022-05-27,33.29730580194185,33.44172336593454,33.01749870849831,33.41464614868164,43365600
2022-05-31,33.234117346631095,33.87496995621658,33.04456997363015,33.577110290527344,71609200
2022-06-01,33.81179915532626,33.820827191354404,32.647430417151966,33.09873580932617,35237900
2022-06-02,33.053335280942676,33.32567736850503,32.74467999156733,33.31660079956055,35341900
2022-06-03,33.11688800564534,33.298450586523145,32.79915608637283,32.85362243652344,25235200
2022-06-06,33.31660092479879,33.779582129093406,32.771913284609056,32.81730651855469,40394000
2022-06-07,32.590359383279214,33.05334066119517,32.445110015401845,32.998870849609375,29152200
2022-06-08,32.60851674714667,32.781002774664096,32.24539501193557,32.58128356933594,33590600
2022-06-09,32.44510935276714,32.53588890720469,31.319424177444116,31.328500747680664,49419000
2022-06-10,30.575020478722436,30.901832412633258,29.975866420891922,30.112035751342773,49318200
2022-06-13,29.403944599935244,29.748913126188057,28.81386886256578,29.068056106567383,61216600
2022-06-14,28.97727800500709,29.594586982754574,28.35088899337798,28.55968475341797,49349800
2022-06-15,29.03174665869585,29.494731431252898,28.523373836401955,29.095293045043945,51540100
2022-06-16,28.59599886169914,29.049903605535636,28.01500134367137,28.913732528686523,61363400
2022-06-17,29.07713179011449,29.57642969303118,28.72308670478649,28.97727394104004,80470300
2022-06-21,29.857852134146565,30.220977297866828,29.612743168088123,29.8215389251709,53537200
2022-06-22,29.403946273481314,29.903240757017258,29.340399891741363,29.594585418701172,38305600
2022-06-23,29.394872136814012,29.422105313237854,28.378124750267173,29.122529983520508,44091500
2022-06-24,28.369044391220505,29.748915125971646,28.350887787247952,29.331323623657227,79504700
2022-06-27,29.43117829147504,29.59458425610655,28.96819703369772,29.367631912231445,47900300
2022-06-28,29.803387134707847,30.411617829039827,29.222386153814643,29.285932540893555,49863800
2022-06-29,29.258696197834443,29.44933533843874,28.741245123041068,28.922807693481445,35149700
2022-06-30,28.2964183392467,28.641385140507385,27.81527874628227,28.26010513305664,46312300
2022-07-01,28.123935613559095,28.750324602580914,27.806201968025764,28.65046501159668,40236100
2022-07-05,27.960529645565504,28.359966278076172,27.642797731475383,28.359966278076172,47411800
2022-07-06,28.151172514876304,28.36904658486698,27.815282241447434,28.123937606811523,35933700
2022-07-07,28.595995759292368,29.05897702404823,28.56876085427361,28.922807693481445,40137900
2022-07-08,29.05897818517907,29.27685397101694,28.65046498262846,28.859262466430664,31153800
2022-07-11,28.641387743261294,28.859263537182915,28.40535880761295,28.55968475341797,29311900
2022-07-12,28.16024537483391,29.077131259515674,28.123932171099376,28.468900680541992,39527000
2022-07-13,28.205639094171755,28.278263780292693,27.597406698592984,27.996843338012695,44153700
2022-07-14,27.315983448301804,27.43399790180084,26.934703452484182,27.352294921875,51707800
2022-07-15,27.824358154688948,29.62182210789395,27.788046678563383,29.276853561401367,77801700
2022-07-18,30.030339506566353,30.30268166019289,29.140683161424846,29.285932540893555,56382900
2022-07-19,29.866930663576266,30.520551077125997,29.667211487287663,30.275442123413086,46874900
2022-07-20,30.12111513944933,30.366224084633245,29.912319400148498,30.284521102905273,35514900
2022-07-21,30.03941221831171,30.56593985260672,29.912319460482497,30.547786712646484,31244000
2022-07-22,30.502390337527586,30.811045630385486,30.039409129749526,30.348064422607422,27115400
2022-07-25,30.665794966462254,30.847357506754477,30.357139686870703,30.620405197143555,30381000
2022-07-26,30.329907517524948,30.665795977174767,29.921392654157582,30.003095626831055,30645700
2022-07-27,30.17558853340631,30.656726447957936,29.91232295400253,30.49332046508789,30344800
2022-07-28,30.411613051393772,30.638565387598206,29.866928829710268,30.248207092285156,40176500
2022-07-29,30.384379810669984,30.811047846919664,30.275440196164784,30.693035125732422,48152500
2022-08-01,30.520546174062257,30.765655088398923,30.157424549984498,30.602249145507812,32336700
2022-08-02,30.50239533914093,30.611334963672373,29.95771106855625,29.9940242767334,37884100
2022-08-03,30.338990451397464,30.638569235055662,30.112038086693346,30.53870964050293,30065800
2022-08-04,30.429769356846634,30.565938679429536,30.112034011450948,30.320833206176758,28404500
2022-08-05,30.21189953446906,31.165102295111204,30.17558978578301,30.82921028137207,35874500
2022-08-08,31.01984745104774,31.128787079147124,30.36622699754272,30.40254020690918,33454300
2022-08-09,30.547790755651818,30.82920948151434,30.32991495409589,30.792896270751953,40196900
2022-08-10,31.319419196835987,32.16368207831383,31.274029426835373,31.836870193481445,61415800
2022-08-11,32.47234114292113,32.73560668779812,32.363404989633985,32.59943389892578,50420800
2022-08-12,32.82638320787683,32.96255598417787,32.39971174094996,32.95347595214844,31821700
2022-08-15,32.535890763520726,32.953482278587764,32.38156135655008,32.9080924987793,24908000
2022-08-16,32.85361210979356,33.53446897681096,32.77190914723079,33.26212692260742,31870200
2022-08-17,32.86270555709185,33.21675071839978,32.75376938353983,33.0533447265625,27125600
2022-08-18,32.90808863577673,33.044261422235344,32.68113630035758,32.93532180786133,23138300
2022-08-19,32.644827874666426,32.70837426084535,32.05475379400234,32.20907974243164,36485400
2022-08-22,31.546369596578202,31.60991596332849,31.274027530074502,31.519136428833008,31210300
2022-08-23,31.473751325293378,31.746096925135724,31.19233261788291,31.237722396850586,26588000
2022-08-24,31.09247267524207,31.591767164284672,30.91091009840346,31.337581634521484,31389400
2022-08-25,31.41020512300942,32.02751581697536,31.274035785322276,31.900423049926758,40576700
2022-08-26,32.17276475082938,32.209077958926095,30.883677030559102,30.89275360107422,36152600
2022-08-29,30.73842320159063,31.001688727569476,30.5114708784401,30.774736404418945,34931000
2022-08-30,31.028922825930586,31.119702372698008,30.447925415376528,30.947219848632812,48194900
2022-08-31,30.992606672844595,31.20140238095542,30.50238885570575,30.5114688873291,44917600
2022-09-01,30.465781886785788,30.60285188526199,29.84440393580743,30.584575653076172,32848900
2022-09-02,31.004922443296138,31.507506691323186,30.401820648496617,30.54802703857422,44000800
2022-09-06,30.739921542135967,30.822162852466768,29.798718146221972,30.209924697875977,40762400
2022-09-07,29.981479119429352,30.767336324320386,29.816996487145413,30.67595863342285,40742600
2022-09-08,30.57543993651146,31.735954693779192,30.401820935976104,31.662853240966797,44361800
2022-09-09,31.964399374435303,32.21112329027806,31.83646922973943,31.927846908569336,37295100
2022-09-12,32.16543936733792,32.558369720868775,32.01009310658045,32.22940444946289,30534000
2022-09-13,31.59888611659613,31.726816265111076,30.895266813928817,31.068885803222656,40959600
2022-09-14,31.251648793980014,31.452680417217053,30.648546952597748,30.950096130371094,32004400
2022-09-15,30.876990849631863,31.891299158607417,30.79474954117884,31.5349178314209,44863300
2022-09-16,31.242504349473442,31.27905681591226,30.75819636958184,31.178539276123047,54281800
2022-09-19,30.81302714261224,31.863884479676205,30.73078583050851,31.69940185546875,29782000
2022-09-20,31.525780522603505,31.781640814276265,30.95923123997024,31.224227905273438,33591100
2022-09-21,31.352164895854784,31.434406210679803,30.264751568075607,30.29216766357422,51667800
2022-09-22,30.438370054550337,30.538884105373068,29.59768078182376,29.698198318481445,47527500
2022-09-23,29.177341996278912,29.323548392228705,28.519411471587123,28.994583129882812,55316100
2022-09-26,28.619925469152843,29.076820835500538,28.035099957961393,28.35492706298828,40360200
2022-09-27,28.574235951463102,28.66561537114721,27.68785784631994,27.934581756591797,43396600
2022-09-28,27.89803899579135,28.610794838309637,27.770107074558407,28.3914852142334,38372900
2022-09-29,28.044237163482073,28.236132374514405,27.60561630141863,28.016822814941406,35220900
2022-09-30,28.10820559749829,28.501135925682078,27.569068878769514,27.59648323059082,42294100
2022-10-03,27.952860313294767,28.58337644433113,27.59648246410438,28.40975570678711,34591700
2022-10-04,28.985445096583966,29.71647882137708,28.93061813367274,29.58854866027832,39758700
2022-10-05,28.82096172083579,29.268717246043796,28.738720412106847,29.168201446533203,35791100
2022-10-06,28.87578994607597,29.131650257421896,28.65648036081475,28.74785804748535,40891900
2022-10-07,28.482854101535363,28.546819166981308,27.898028654124087,28.099061965942383,52304600
2022-10-10,28.236132374514405,28.373200631382844,27.7335481850243,28.016822814941406,37669100
2022-10-11,27.751825123078262,27.84320280136921,27.02079149632824,27.203550338745117,58124000
2022-10-12,27.084758216964172,27.69699811053538,26.938551831297996,27.28579330444336,36137900
2022-10-13,26.874587066452563,29.031133894362704,26.783207638624273,28.958030700683594,67671000
2022-10-14,29.067682695967626,29.816992560234215,28.848373129444784,28.967166900634766,58108500
2022-10-17,30.484059391214572,30.9500911309806,30.036300398562105,30.721643447875977,88896800
2022-10-18,31.96440167221505,32.31164315123337,31.324747416918765,31.873023986816406,81937900
2022-10-19,31.59888036019787,31.827328008310925,30.858708725411173,30.99577522277832,43139900
2022-10-20,31.050610518470545,31.64457592424963,30.694232669337183,30.794750213623047,39549100
2022-10-21,30.66681652630669,32.019226316638246,30.66681652630669,31.93698501586914,54870300
2022-10-24,32.083194771184814,32.220261296374616,31.717677065674998,32.0466423034668,33765600
2022-10-25,31.74508846661263,32.51267274604573,31.553189782378354,32.33905029296875,37132300
2022-10-26,32.36646972228683,32.97871139474554,32.30250464266455,32.62233352661133,41104600
2022-10-27,33.03354327225654,33.23457490501805,32.68630174536193,32.777679443359375,35261900
2022-10-28,32.93302487931504,33.1706089795958,32.56750712490626,33.06095504760742,31659100
2022-10-31,32.896465266039144,33.19801787084525,32.72284628759116,32.93301773071289,32565500
2022-11-01,33.29853144606418,33.590944187622995,32.99698233138441,33.0792236328125,29913200
2022-11-02,32.960430127642105,34.06611603326174,32.85077622014992,32.97870635986328,57380600
2022-11-03,32.622329048541744,33.024395706095085,32.357328906005826,32.79594802856445,30046500
2022-11-04,33.35336227346412,33.81025764707322,33.097501979710245,33.61836242675781,39369400
2022-11-07,33.819400787353516,34.12095346747092,33.56354044240718,33.819400787353516,37533700
2022-11-08,33.89250181086905,34.19405097023719,33.58181279119061,33.9107780456543,32664300
2022-11-09,33.70060833808622,33.77370979521758,33.25284927700281,33.37164306640625,30164400
2022-11-10,34.084394110082734,34.925083408579425,33.93818773023571,34.84284210205078,45702800
2022-11-11,34.89767019568038,35.272324292820365,34.69663858544805,35.09870529174805,35688700
2022-11-14,34.80629432857634,34.9616371030559,34.49560529378171,34.50474166870117,35541400
2022-11-15,34.89766855401741,34.99818609732268,34.084395319398666,34.449913024902344,46082800
2022-11-16,34.367668866952776,34.48646263427074,33.99301481848987,34.13922119140625,23813000
2022-11-17,33.70060240306109,33.993015151760694,33.408189654361486,33.965599060058594,23689700
2022-11-18,34.53215954503983,34.586984769053544,33.737158938483894,33.983882904052734,32041800
2022-11-21,33.89250128328021,34.28543161045801,33.865088674446746,34.093536376953125,27935700
2022-11-22,34.34939617896584,34.54129140962534,34.203189790963094,34.258018493652344,23499300
2022-11-23,34.258014245908505,34.413356988847134,34.14835685412672,34.36766815185547,18934700
2022-11-25,34.46818925876104,34.605255783948536,34.32198287372661,34.449913024902344,16118500
2022-11-28,34.17577123665833,34.41335526863986,33.654910852152774,33.68232345581055,35428300
2022-11-29,33.791980725135716,33.94732696163103,33.55439666946846,33.81025695800781,27048800
2022-11-30,33.71888419695259,34.58698272705078,33.07922989648378,34.58698272705078,51747900
2022-12-01,34.46749956138808,34.64213363026158,33.45645431007351,33.594322204589844,46213200
2022-12-02,33.143939915818294,33.35534010212535,32.91415664728265,33.162322998046875,42295300
2022-12-05,32.91416042087473,32.98768925200468,31.3792061878434,31.68252182006836,71386600
2022-12-06,31.774432972242007,31.875538180554887,29.789105492417796,30.33139419555664,84085700
2022-12-07,29.954551102981895,30.257863235494302,29.73395759243341,30.092422485351562,49234100
2022-12-08,30.303818091888825,30.322201173823448,29.57770213343586,29.816675186157227,45491100
2022-12-09,29.513367354609485,29.96374065518619,29.48579448083965,29.761533737182617,36985500
2022-12-12,29.697194805853407,30.129185023468803,29.467411507001533,30.083229064941406,41060500
2022-12-13,30.836917944717708,30.947212946211977,29.93616783571561,30.101612091064453,54804800
2022-12-14,30.14756635376339,30.331393683390512,29.55932170392835,29.66961669921875,48819500
2022-12-15,29.18247979933516,29.403071562248574,28.943504951235422,29.200862884521484,49027600
2022-12-16,29.062991709355565,29.34792250219126,28.8148253318338,29.13652229309082,61795200
2022-12-19,29.19166814563059,29.623660081563948,29.164093520870345,29.467409133911133,38374100
2022-12-20,29.77991177664958,29.945356003669858,29.540935223747283,29.586891174316406,35561100
2022-12-21,29.890208438473575,30.211903616744387,29.7891032378129,30.037269592285156,32544000
2022-12-22,29.890211638853195,29.94536089226786,29.29277541838705,29.770723342895508,30234400
2022-12-23,29.779916405347834,29.945360658083143,29.586895773013424,29.844255447387695,21378600
2022-12-27,29.871831649300198,30.028082624174772,29.669621205377606,29.899404525756836,22776100
2022-12-28,29.93616967328524,30.303824375787027,29.89940350179204,30.119997024536133,30541000
2022-12-29,30.230290172698304,30.478456555684804,30.10161208660491,30.460073471069336,22252900
2022-12-30,30.4233073602955,30.607134700588517,30.20271735691579,30.44169044494629,28198900
2023-01-03,30.542793760901457,31.333248820728684,30.524410677392144,30.80014991760254,35221500
2023-01-04,31.158617601474194,32.00421848200337,31.094278556486756,31.379207611083984,41998500
2023-01-05,31.176989943941372,31.379200327661135,30.86448808723144,31.314861297607422,34177000
2023-01-06,31.33324473429261,31.783621455996695,30.82772227546727,31.62736701965332,34068700
2023-01-09,31.939872845298208,31.949062632879127,30.983973651026638,31.149417877197266,43818800
2023-01-10,31.011550826399663,31.498690223686193,30.919635417147443,31.36081886291504,35096000
2023-01-11,31.360812159015303,31.654934393320136,31.25051719770439,31.599788665771484,36783700
2023-01-12,31.80200660893138,32.05017298814776,31.581416609326705,31.68252182006836,44230400
2023-01-13,31.434351796108658,32.52811889068112,30.414113524140635,32.38105773925781,89667800
2023-01-17,31.88472651734486,32.01340809874676,31.388397299653,31.72847557067871,56458400
2023-01-18,31.55384154613809,31.563031334561018,30.800149165518633,30.9931697845459,54517800
2023-01-19,30.58874922885901,30.836915592955993,30.23028787167935,30.54279327392578,42707100
2023-01-20,30.607133109778413,31.14942180703909,30.414115990299535,31.112655639648438,45004400
2023-01-23,31.075894643893157,31.719285076636684,31.020745389851616,31.54465103149414,33683300
2023-01-24,31.452737931710033,31.976643553654146,31.20457155717628,31.774433135986328,26716700
2023-01-25,31.526265300767154,32.13289301944938,31.480309346030467,32.0501708984375,28859700
2023-01-26,32.2156168301298,32.49135607922669,31.97664374923643,32.4821662902832,30035500
2023-01-27,32.574081545207505,32.88658699455688,32.41783057364039,32.583274841308594,29964900
2023-01-30,32.362674307419525,32.68437298320492,32.33510143751755,32.445396423339844,27353500
2023-01-31,32.32591490180038,32.61084747314453,32.16966393140254,32.61084747314453,38917400
2023-02-01,32.353489089142485,33.3277680295733,32.27076696153846,33.015262603759766,44438700
2023-02-02,33.18070990285936,33.43806960468949,32.57408208018476,33.20828628540039,33729100
2023-02-03,33.10717201803683,33.787328493812694,32.99687703665425,33.48401641845703,37411700
2023-02-06,33.31857235815949,33.49320637173064,33.070406019159904,33.42886734008789,29463200
2023-02-07,33.24504209162727,34.00792423722914,33.20827943285057,33.79652404785156,44100200
2023-02-08,33.46563679609593,33.86086431863177,33.401297758121686,33.54835891723633,28032800
2023-02-09,33.33695867181178,33.410487498155184,32.68437499832515,32.83143615722656,35257100
2023-02-10,32.67518241064927,32.711948577723795,32.19723275732449,32.7027587890625,32898900
2023-02-13,32.610850610891625,32.886589912734536,32.52812846971721,32.76710510253906,29163900
2023-02-14,32.74871050559999,33.07959895400907,32.59245606886716,32.73951721191406,33625200
2023-02-15,32.46377847736839,32.730327898695066,32.31671733219062,32.68437194824219,23500100
2023-02-16,32.55569912493674,32.77629265507687,32.37187527373771,32.42702102661133,22681100
2023-02-17,32.24319681312004,32.52812588300614,31.930691360891775,32.49135971069336,28562700
2023-02-21,32.08693692476184,32.21561499994915,31.498692291782906,31.72847557067871,37068900
2023-02-22,31.581417443426734,31.756051489910615,31.3148679728343,31.517078399658203,38550400
2023-02-23,31.61818546174948,31.802009308284724,31.121852661188015,31.489503860473633,28488000
2023-02-24,31.121849186086436,31.517076723192876,31.103466102242564,31.443544387817383,27046600
2023-02-27,31.66413788772913,31.88472788142614,31.406778220129638,31.443544387817383,30137500
2023-02-28,31.572218233663346,31.700899803310133,31.41596730127078,31.526262283325195,32620600
2023-03-01,31.388400906776468,31.70090634223616,31.23214643593913,31.379207611083984,29281600
2023-03-02,31.13867915809025,31.17568378317291,30.528116960047512,30.981414794921875,44607200
2023-03-03,31.12943018188163,31.721490075287164,31.12943018188163,31.601226806640625,39109100
2023-03-06,31.675237910106286,31.971267874120365,31.443964280160564,31.53647232055664,36646700
2023-03-07,31.314448994000983,31.360706544500182,30.34310042576368,30.528120040893555,52855300
2023-03-08,30.213586530552533,30.500367098840268,30.010064609254428,30.121078491210938,40045600
2023-03-09,29.862052534304823,29.96381350485451,28.039616809007757,28.252389907836914,112457900
2023-03-10,28.04886709035274,28.714936310262434,26.753735044774142,28.002613067626953,165330900
2023-03-13,26.753731638590267,27.493806494846545,25.782383169194194,26.37444305419922,218403300
2023-03-14,27.743582460119868,27.836092258403383,26.337438466747837,26.605716705322266,154255800
2023-03-15,25.791633569696764,26.420698104356294,25.60661573063542,26.355941772460938,131104400
2023-03-16,26.254178144260152,27.262531175604646,26.004403998703165,26.799983978271484,108348800
2023-03-17,26.513207348757245,26.513207348757245,25.55111001822171,25.736127853393555,130665500
2023-03-20,26.12466753706617,26.300435979854786,25.578861660362843,25.671371459960938,81441200
2023-03-21,26.485454858460663,26.809238287576637,26.374444506149764,26.44845199584961,84854800
2023-03-22,26.559461396655855,26.58721486597817,25.569610595703125,25.569610595703125,76925900
2023-03-23,25.902646575361455,25.985905223369052,24.78328305244695,24.949798583984375,105335900
2023-03-24,24.607515067732177,25.24583079311067,24.348487961837677,25.107065200805664,96872700
2023-03-27,25.837889352820383,26.503956749501096,25.819387039570934,26.355941772460938,102469800
2023-03-28,26.25417961960002,26.503955543670564,25.88414219383494,26.013656616210938,63416500
2023-03-29,26.35594174006643,26.61496883180719,26.124668118165733,26.522459030151367,62666400
2023-03-30,26.753731296168578,26.88324395323638,26.004405293240033,26.180171966552734,67427100
2023-03-31,26.476204949902364,26.53171012497551,26.143170370508088,26.45770263671875,56482100
2023-04-03,26.49470601523286,26.809238287576637,26.20792721320568,26.44845199584961,51996800
2023-04-04,26.41144936114329,26.50395917136613,25.588115755563543,25.884145736694336,56233300
2023-04-05,25.58811290858467,25.81938652617092,25.403093308724596,25.569610595703125,47799400
2023-04-06,25.643617026891114,25.911895259194257,25.551108995247716,25.754629135131836,41216600
2023-04-10,25.59736343420815,25.99515432896984,25.578861121782577,25.847139358520508,40572700
2023-04-11,25.921147674779892,26.596466219665448,25.865640735723613,26.55946159362793,58761200
2023-04-12,26.531708818009754,26.8369899125903,26.24493003570139,26.346689224243164,44313300
2023-04-13,26.420698165893555,26.494705654586006,26.124668211123744,26.420698165893555,52261400
2023-04-14,27.105270179708366,27.632575566468226,27.059016157025965,27.308792114257812,81110800
2023-04-17,27.540064318082006,28.132124246984514,27.197778568886637,28.095121383666992,83704400
2023-04-18,28.492907920411746,28.613171185188243,27.56781348449607,28.270885467529297,114498800
2023-04-19,27.873094493284604,27.937852585763608,27.55856400934603,27.808338165283203,65594200
2023-04-20,27.604817019420434,27.965603270555793,27.54006069377845,27.660322189331055,43193800
2023-04-21,27.521561962680206,27.734333278748952,27.20702968480564,27.6325740814209,44759000
2023-04-24,27.55856286952322,27.660322053111976,27.373543284762263,27.53080940246582,28020300
2023-04-25,27.244033859266658,27.318041349036548,26.66122333341075,26.679725646972656,49718800
2023-04-26,26.605716602548217,26.772233885919782,26.18017223787892,26.3096866607666,45848400
2023-04-27,26.383694883250648,26.901747295840465,26.383694883250648,26.72597885131836,33060100
2023-04-28,26.392946331864206,27.225531016717948,26.374444018661794,27.086767196655273,45592500
2023-05-01,27.290288732114995,27.327293360396016,26.82774146546898,26.86474609375,34076800
2023-05-02,26.68897288057271,26.69822403599378,25.634364100778214,26.050657272338867,70797700
2023-05-03,26.050661885434568,26.36519416753887,25.72687844627099,25.773134231567383,51139500
2023-05-04,25.51410575144187,25.72687705889778,24.820284889711786,24.968299865722656,82173800
2023-05-05,25.551110109920106,25.800884276522375,25.412344527446127,25.634366989135742,50087100
2023-05-08,25.976655845180687,26.041412183736846,25.588116049365848,25.615869522094727,34245500
2023-05-09,25.366091316041917,25.74537992071301,25.19957402336139,25.58811378479004,32188800
2023-05-10,25.865640445278036,25.90264507090003,24.99605291689317,25.27358055114746,44446400
2023-05-11,24.98680370357118,25.430848658699997,24.866540425425164,25.33833885192871,34897300
2023-05-12,25.458601005522258,25.486352711193337,24.866539327025134,25.060810089111328,38142000
2023-05-15,25.070061863337717,25.736129283015696,25.005305529206524,25.5788631439209,38722800
2023-05-16,25.699124766238995,25.810135113470718,25.2828315529259,25.310585021972656,33347500
2023-05-17,25.66212231682082,26.522460520967083,25.652871159687464,26.429950714111328,61750400
2023-05-18,26.30968878423929,26.365193961683797,25.902646699198115,26.337440490722656,51146100
2023-05-19,26.32819148869835,26.52246227237185,25.930402292562952,26.004409790039062,50062500
2023-05-22,26.18017562232989,26.31894121939692,25.91189911458788,26.217180252075195,36473700
2023-05-23,26.198674677646274,26.901746675032307,26.18017236507562,26.439199447631836,51400400
2023-05-24,26.207926642163944,26.374443931479803,25.902645533244105,25.995155334472656,50606900
2023-05-25,25.893394438193784,26.124668059575807,25.791633480152832,26.059911727905273,40517800
2023-05-26,26.0876653207273,26.272683160018946,25.708376721030064,26.189424514770508,57879100
2023-05-30,26.19867648749351,26.355942626252975,25.856392503679107,26.143171310424805,41819600
2023-05-31,25.995154719783468,26.050659893417027,25.421595377311146,25.708375930786133,61905200
2023-06-01,25.88554583012634,26.090690003810785,25.493905659595928,25.90419578552246,57426100
2023-06-02,26.25853719830129,26.995194461776855,26.221239064428882,26.771398544311523,66578100
2023-06-05,26.873971067776996,26.873971067776996,26.389082885780194,26.612878799438477,34757800
2023-06-06,26.53827931682219,27.442782625352603,26.528956117311186,27.25628662109375,46297900
2023-06-07,27.32155863668813,27.647925742291772,27.05114139734178,27.489404678344727,44502600
2023-06-08,27.30291151143732,27.396157735009034,27.032492483117753,27.25628662109375,41483100
2023-06-09,27.228311759774034,27.414805973792564,27.116413808516835,27.2935848236084,32692000
2023-06-12,27.32155740322598,27.564001477055918,26.95789218175986,27.163036346435547,41011300
2023-06-13,27.163039195786833,27.787798511196087,27.06979297023498,27.41480827331543,42718800
2023-06-14,27.573330407819896,27.72252650871357,27.032494097440882,27.153717041015625,38322800
2023-06-15,26.948568135993977,27.48007940991168,26.752748941838032,27.38683319091797,42044900
2023-06-16,27.536030557883183,27.675901671444937,27.19101348444367,27.2189884185791,53050200
2023-06-20,27.05114129941319,27.079116232440562,26.650176152142343,26.920595169067383,39040900
2023-06-21,26.836672954444122,27.041817133799075,26.612878819177535,26.640851974487305,39553400
2023-06-22,26.57557674786406,26.603551679458313,26.016090565881726,26.072038650512695,50742900
2023-06-23,25.86689381881946,26.006764916058103,25.727022721580816,25.876218795776367,55181100
2023-06-26,25.92284686704535,26.370436953917107,25.91352366686025,26.193265914916992,47519300
2023-06-27,26.20258756878945,26.482329781349442,26.062716462509453,26.333133697509766,39081800
2023-06-28,26.342460000038052,26.361109956095465,26.016092883264093,26.17461395263672,37803800
2023-06-29,26.57558111908524,27.04181938433235,26.48233311032425,26.724777221679688,68376400
2023-06-30,26.985869514005724,27.144390584896534,26.734100440492487,26.752750396728516,50479000
2023-07-03,26.762075214287698,27.36818455986055,26.715450323977354,27.228313446044922,30995800
2023-07-05,27.172361201376976,27.433455228608427,26.995191969364704,27.116413116455078,37492000
2023-07-06,26.855322136663798,26.873972093273277,26.202589662351894,26.37043571472168,52098000
2023-07-07,26.389082836662467,26.87397101775675,26.379759637288604,26.603553771972656,34288000
2023-07-10,26.659504149114348,26.901948260469783,26.54760618288959,26.724777221679688,36086000
2023-07-11,26.72477467818998,27.116414854866107,26.500980545597574,27.060466766357422,40978700
2023-07-12,27.51737927024563,27.8717195260263,27.293585143664533,27.37750816345215,41855500
2023-07-13,27.526705273492922,27.853072387210002,27.424132294695575,27.666576385498047,39589000
2023-07-14,27.97429357993409,28.067541580912074,27.08844023847977,27.144390106201172,58720300
2023-07-17,27.181689152320303,27.564004368467693,27.153715996077846,27.41480827331543,49477200
2023-07-18,27.974293290071934,28.77622360019245,27.899695245774048,28.62702751159668,98253800
2023-07-19,28.804195790130542,29.55950296421769,28.61770157491309,29.400981903076172,70619800
2023-07-20,29.214486444312364,29.652749725584876,29.149213378863017,29.55017852783203,42128800
2023-07-21,29.71802359321476,29.941817715355963,29.298408502601507,29.820594787597656,70872400
2023-07-24,29.83924153774003,30.631844968240337,29.820591584925168,30.44535255432129,64548600
2023-07-25,30.547925975795707,30.575902687253976,29.90451852609959,29.97911834716797,51208800
2023-07-26,30.06304024634943,30.34278245069457,29.979117229334378,30.221559524536133,41814600
2023-07-27,30.240209856510045,30.529278820306214,29.671398684877513,29.792621612548828,45529500
2023-07-28,29.979121195791624,29.98844439575344,29.56882925516001,29.746000289916992,33296500
2023-07-31,29.74599494529673,30.072362020611763,29.634098780281988,29.839242935180664,29093400
2023-08-01,29.69004941545632,29.783297413357452,29.298409247117654,29.484905242919922,32712000
2023-08-02,29.05596747816438,29.167865440269395,28.701627192187736,29.083942413330078,38855100
2023-08-03,28.85082397224176,29.419633438946875,28.79487410058593,29.289087295532227,27933400
2023-08-04,29.242461860624356,29.53152906034379,29.065290838221884,29.186511993408203,30768100
2023-08-07,29.289083158895625,29.745996374872675,29.289083158895625,29.727346420288086,31745200
2023-08-08,29.186513882569038,29.195838861041974,28.421883433365963,29.158540725708008,45951800
2023-08-09,29.11191445266879,29.167864320852914,28.748249202260478,28.77622413635254,30732100
2023-08-10,28.916095516990946,29.205162724383527,28.72027453365179,28.85082244873047,26062600
2023-08-11,28.720271971761075,29.279758158963187,28.673648863893217,29.177186965942383,35720700
2023-08-14,28.95339360136038,29.00934346996596,28.673651372563334,28.84149742126465,32563700
2023-08-15,28.440534680649385,28.487157796571566,27.825100301975702,27.91834831237793,43406100
2023-08-16,27.74117317305441,27.825096192165063,27.237635058390477,27.31223487854004,47220400
2023-08-17,27.4521059339852,27.54535393044397,27.144388790661598,27.30290985107422,37202200
2023-08-18,27.07911703908389,27.368184241413722,27.023167171362484,27.144390106201172,31430400
2023-08-21,27.246963287928285,27.32156133842378,26.855323078187485,27.181690216064453,34959000
2023-08-22,27.163037894695083,27.26561087215824,26.50098047648876,26.519630432128906,37564200
2023-08-23,26.528955459594727,26.58490354806221,26.27718639365455,26.528955459594727,44686600
2023-08-24,26.482333044687753,26.846000100098475,26.45435988711927,26.68747901916504,31934800
2023-08-25,26.706122906053473,26.84599578564807,26.3890807951388,26.575576782226562,34253200
2023-08-28,26.75275061284495,27.041817822607694,26.640852653082547,26.818023681640625,33075200
2023-08-29,26.939246204045443,27.284263300424595,26.78072512385359,27.200340270996094,30428200
2023-08-30,27.246961087430254,27.29358597682309,26.976543843182494,27.079116821289062,33366400
2023-08-31,27.201348844956474,27.23895779633719,26.82525036425425,26.956884384155273,37243000
2023-09-01,27.0415059702253,27.38939638211379,27.0415059702253,27.24835968017578,35228600
2023-09-05,27.210752361677933,27.37999713150441,26.797043123588672,26.938079833984375,46543600
2023-09-06,26.70301573803022,26.853455121865295,26.439747713008302,26.693613052368164,45022600
2023-09-07,26.712423771251306,26.844057810114077,26.3833368807151,26.449153900146484,35023600
2023-09-08,26.439748101715967,26.684210759007772,26.289306922290244,26.665407180786133,36513900
2023-09-11,26.806444447156757,27.041506216991475,26.703016694548207,26.778236389160156,34168300
2023-09-12,26.759430239680114,27.39879852199465,26.70301591870499,27.238956451416016,42284000
2023-09-13,27.379999746913658,27.44581676516006,26.985095844055987,27.154338836669922,37215700
2023-09-14,27.42700739608436,27.68087453810225,27.3611903874232,27.455215454101562,44634800
2023-09-15,27.220155588901235,27.351789615435013,27.032105442385173,27.116727828979492,61661100
2023-09-18,27.07911858365678,27.07911858365678,26.787642454437933,27.0415096282959,25752300
2023-09-19,27.04150759185146,27.210752361677933,26.806445810065593,26.938079833984375,34888100
2023-09-20,27.08851579836977,27.23895517617966,26.82524778389188,26.844051361083984,26641100
2023-09-21,26.665405936135368,26.88166231931113,26.345721807363002,26.37392807006836,39906000
2023-09-22,26.392736574849717,26.50556701920601,25.950821070660645,25.98843002319336,41284400
2023-09-25,25.856793951548784,25.969624386969542,25.71575725230703,25.95081901550293,32749200
2023-09-26,25.706356594425948,25.856795991268456,25.39607511426589,25.5465145111084,42237400
2023-09-27,25.602926519466568,25.960221399665972,25.452487136239107,25.64053726196289,38296300
2023-09-28,25.5465159955705,25.988431525301902,25.5465159955705,25.913211822509766,36734300
2023-09-29,26.223489448588264,26.317514511539663,25.640537286371632,25.74396324157715,40645900
2023-10-02,25.640539574275778,25.725161959144998,24.99176855473812,25.104598999023438,50388600
2023-10-03,24.907148269862034,24.935356331656436,24.277182570154228,24.361804962158203,62144500
2023-10-04,24.333598521091133,24.455831670295588,24.051525057876663,24.3900146484375,55696400
2023-10-05,24.239570103006468,24.53104619247366,24.03271459990546,24.502838134765625,49044100
2023-10-06,24.2301717245138,24.66268459265128,23.948096477425665,24.512245178222656,58177300
2023-10-09,24.220766479303904,24.7849151205286,24.183155732978683,24.73790168762207,39953700
2023-10-10,25.019979573274,25.66874887616271,24.982368822937637,25.39607810974121,51960100
2023-10-11,25.546516150570927,25.800383321551884,25.292648979589966,25.405479431152344,38508200
2023-10-12,25.35846150524751,25.46188925141629,25.019973797258636,25.292644500732422,44249800
2023-10-13,25.790980234334622,26.063650981862924,24.935355450640227,25.161014556884766,55089700
2023-10-16,25.537113747575322,25.555919121941447,25.170417914331935,25.37727165222168,56817500
2023-10-17,25.433684992070486,26.2046891706615,25.123403500622313,25.969627380371094,95344200
2023-10-18,25.8944045461743,26.36452806987351,25.58412129888906,25.678146362304688,68371100
2023-10-19,25.621734496636815,26.120066125123653,25.273842266678248,25.349061965942383,58611000
2023-10-20,25.198622569831496,25.330258388590682,24.672084674932023,24.73790168762207,62058400
2023-10-23,24.568657895757106,24.64387759802835,23.995108338456056,24.0421199798584,59857200
2023-10-24,24.201958638632984,24.3241917583486,23.882274500978326,23.948091506958008,55975700
2023-10-25,23.86346954339214,24.11733667946775,23.675421207816044,24.023311614990234,45522400
2023-10-26,23.96689890920322,24.78491469390537,23.919887270484995,24.559255599975586,60921000
2023-10-27,24.512239490500516,24.512239490500516,23.468564725865168,23.666017532348633,64709300
2023-10-30,23.807056962249877,24.239571573109824,23.769448009737182,24.154949188232422,41891900
2023-10-31,24.201958967823675,24.803716508827367,24.183153596322576,24.7661075592041,50106700
2023-11-01,24.860135772180133,25.02938055036914,24.58746323101359,24.822525024414062,44046300
2023-11-02,25.1140008138052,26.007236334260405,25.001172158758123,25.969627380371094,63278300
2023-11-03,26.47735827666516,27.201348976376707,26.449150217959076,26.72182273864746,62613600
2023-11-06,26.85345964305334,27.050912488442886,26.34572708547021,26.637203216552734,45548000
2023-11-07,26.37393201067845,26.571384846012293,26.2799087297738,26.477359771728516,33081900
2023-11-08,26.47735882214898,26.514969567865275,26.01663794739873,26.223491668701172,31896000
2023-11-09,26.39273655943825,26.402139245910707,25.762770912816237,25.8850040435791,32267900
2023-11-10,26.101258817223684,26.110661503107117,25.706354977014186,26.026039123535156,32858500
2023-11-13,25.894408083737616,26.185884206105023,25.781577633548753,26.04484748840332,28521800
2023-11-14,26.79704272833108,27.6526674579408,26.76883466931638,27.47402000427246,66676300
2023-11-15,27.455214801131056,27.95354459393029,27.455214801131056,27.85011863708496,46968900
2023-11-16,27.671472680620493,27.925339830239533,27.474019855346004,27.774900436401367,36952800
2023-11-17,27.934741017263736,28.20741354232819,27.784301621841646,28.188608169555664,38493300
2023-11-20,28.188609795049558,28.442476961980717,27.972353375832274,28.21681785583496,46783400
2023-11-21,28.198007267826146,28.198007267826146,27.784298086369176,27.887725830078125,41611900
2023-11-22,27.962945795883424,28.009959222299248,27.756092099790344,27.85951805114746,41422700
2023-11-24,27.718484743401543,28.10398592019116,27.718484743401543,27.95354652404785,15815600
2023-11-27,27.83131573303526,27.915938119197897,27.746693346872622,27.793704986572266,42039500
2023-11-28,27.765499114990234,27.878327769225688,27.568046280009504,27.765499114990234,29705800
2023-11-29,28.09458149117219,28.78096321105415,28.02876448361422,28.49888801574707,57954900
2023-11-30,28.63157296581122,28.953808631889427,28.470456940464707,28.896944046020508,52547700
2023-12-01,28.811647772549556,29.427685940193822,28.76426091645872,29.342388153076172,46133300
2023-12-04,28.934856426867178,29.380299019293552,28.925378694131382,29.20970344543457,37811300
2023-12-05,29.07702192878101,29.181275192391055,28.74530847813414,28.98224639892578,45723100
2023-12-06,29.17179431001295,29.873130262935188,28.849558627901015,28.934856414794922,49803100
2023-12-07,28.991719282240002,29.313954945220637,28.944332429086852,29.058061599731445,32699600
2023-12-08,29.067541133902502,29.51298372731147,29.010676545054967,29.342388153076172,34794300
2023-12-11,29.30447861216279,29.456118718723857,29.105449842493474,29.238136291503906,32254000
2023-12-12,29.162315719942633,29.24761350432888,28.859035512210475,29.133882522583008,34566700
2023-12-13,29.143362516242824,30.45126077318216,29.029631525672666,30.365962982177734,60311100
2023-12-14,30.915658893817167,32.28989955754059,30.8682720327341,32.166690826416016,107190000
2023-12-15,32.052960330375925,32.24251138236852,31.55065311567331,31.844453811645508,83771800
2023-12-18,31.94870554884961,32.02452741218844,31.664380792099863,31.68333625793457,40694700
2023-12-19,31.304233048538745,31.91079347193891,31.08625062234089,31.759153366088867,44534800
2023-12-20,31.635951398803446,31.948707566362625,31.228417896085684,31.25684928894043,44711400
2023-12-21,31.503265852422945,31.702292827538688,31.171550611844477,31.465354919433594,32325700
2023-12-22,31.474829749138216,31.910794617180194,31.46535382391358,31.68333625793457,37265900
2023-12-26,31.702291890374433,32.18564361785062,31.626470026637136,32.09086990356445,24845400
2023-12-27,32.033999930516806,32.17616410146488,31.901315299170626,32.0719108581543,24498600
2023-12-28,32.0529625448324,32.195126747495,32.005575682406814,32.10982894897461,21799600
2023-12-29,32.166686659606896,32.21407712993685,31.797064129499105,31.91079330444336,28060700
2024-01-02,31.64542502920608,32.28989639999469,31.531695850650856,32.128780364990234,36668600
2024-01-03,31.891841386889208,32.005570561591384,31.503263392553613,31.778108596801758,45988700
2024-01-04,31.816017982718062,32.517355692678514,31.787586594268685,32.034000396728516,39834600
2024-01-05,32.03400372958199,32.877502084932935,31.948705939974282,32.63108825683594,49242400
2024-01-08,32.507879195255335,32.507879195255335,31.882363283133163,32.37519454956055,40253900
2024-01-09,32.05295432018358,32.0719097833671,31.75915006391649,31.872882843017578,39268800
2024-01-10,31.74968009334201,31.87288881944504,31.503266256521563,31.844453811645508,34904000
2024-01-11,31.616991890618465,31.749676527495623,31.067294263115734,31.417964935302734,48790600
2024-01-12,30.564993298693246,31.455878623534826,30.29014442924493,31.08625602722168,74344300
2024-01-16,30.716626994842542,30.811400701849404,30.15745344657764,30.4417781829834,58420800
2024-01-17,30.062678255237838,30.318571605371012,29.636191146041824,30.138498306274414,48811300
2024-01-18,30.09111427994011,30.110069746403664,29.759400847599068,30.072158813476562,35484400
2024-01-19,30.13849871099333,30.546032168672273,29.920516287297545,30.536556243896484,49493600
2024-01-22,30.66923844177636,31.26632288591012,30.63132751492041,30.84930992126465,43903400
2024-01-23,30.839835045353944,31.105204311594363,30.697670872505093,31.057817459106445,30003400
2024-01-24,31.30423614882689,31.598040464740013,31.19050696202225,31.25684928894043,36403900
2024-01-25,31.474830216846843,31.702292194857936,31.114687206792055,31.64542579650879,46204000
2024-01-26,31.654904866875224,31.910794617180194,31.579083003536393,31.68333625793457,30839800
2024-01-29,31.654906356796577,31.891844267804377,31.503266238367008,31.853933334350586,30269300
2024-01-30,32.1287765434951,33.067048481899214,32.071910153288655,32.97227478027344,60315700
2024-01-31,32.76377445540819,33.266081676114474,32.22355630077314,32.2330322265625,54716000
2024-02-01,32.15721235831927,32.46049258373943,31.209460750034907,31.79706573486328,57084800
2024-02-02,31.626469391591815,31.948705075234077,31.43691835144012,31.72124671936035,40416000
2024-02-05,31.380056084096356,31.550651661488295,31.143118183872595,31.266326904296875,43573000
2024-02-06,31.19998218146376,31.61699521594885,31.162074863644225,31.3137149810791,27188000
2024-02-07,31.33266670338447,31.522214115987698,30.925133258594258,31.446395874023438,29660100
2024-02-08,31.323189766232716,31.541172201147166,31.086251865405863,31.3895320892334,36852200
2024-02-09,31.370575402520632,31.512739583638538,31.12416158601961,31.342144012451172,36176000
2024-02-12,31.275804039381022,32.195124284734696,31.25684857278361,31.8634090423584,34160400
2024-02-13,31.389529277902685,31.569604380249768,30.659760174869813,31.038862228393555,43801500
2024-02-14,31.256845526656633,31.446396558772506,31.15259227822364,31.399009704589844,27833900
2024-02-15,31.57908419237452,32.451017576669045,31.57908419237452,32.28989791870117,41683100
2024-02-16,32.14772969694835,32.36571572723244,30.792448354817388,32.3088493347168,33290700
2024-02-20,32.015050466176376,32.308854787347,32.00557454018379,32.185646057128906,30372900
2024-02-21,31.616998049555225,31.977144716510026,31.436922908384872,31.939233779907227,37847100
2024-02-22,31.62647134901343,32.28989822291239,31.62647134901343,31.853933334350586,42756900
2024-02-23,31.967664076106782,32.27094432773524,31.740205695078327,32.147735595703125,30586000
2024-02-26,32.02452891950705,32.43206241567132,31.778111467442997,31.853933334350586,31129200
2024-02-27,31.967663240931405,32.631090129805884,31.948707773776626,32.48892593383789,40536300
2024-02-28,32.43206669811188,32.79220976732062,32.327813425040794,32.517364501953125,39548600
2024-02-29,32.765509842182695,33.0709264629524,32.593712537893076,32.94684982299805,43863400
2024-03-01,32.95639279533359,33.07092675979025,32.479178865990896,32.78459548950195,38432300
2024-03-04,32.72732919778418,33.80582995945828,32.68915121307368,33.54813766479492,49136400
2024-03-05,33.33816288339119,34.09216170874981,33.280895905477465,33.777198791503906,47591600
2024-03-06,34.0253496740309,34.15896897229323,33.47177984882659,33.80582809448242,49149700
2024-03-07,33.97762842296207,34.2639596773241,33.64358014734388,34.006263732910156,35900700
2024-03-08,34.235322732646125,34.4834759891302,33.882185480875826,33.97762680053711,42769900
2024-03-11,33.77719969853303,34.29259159103735,33.66266938048312,34.25441360473633,34131500
2024-03-12,34.26396087245923,34.5025678321815,34.14942691037819,34.321224212646484,29260400
2024-03-13,34.3212189242194,34.788890095188805,34.3212189242194,34.435752868652344,38289600
2024-03-14,34.283044106036776,34.56937535268619,33.8630971935923,34.06352615356445,40178100
2024-03-15,33.67221090580994,34.36894274815204,33.634036561666775,33.796287536621094,69646400
2024-03-18,34.03490155413613,34.44530587599617,33.77720556314119,34.36894989013672,50617900
2024-03-19,34.25441170208082,34.73162558177736,34.21623371790039,34.388031005859375,46113800
2024-03-20,34.20669285396746,35.19929865011225,34.1017052123373,35.07522201538086,40519000
2024-03-21,35.247020446111826,35.8864853517312,35.19929978225047,35.80058670043945,43219500
2024-03-22,35.705147820864475,35.89603413025143,35.31383252500532,35.36155319213867,29001100
2024-03-25,35.40927075200618,35.58106805129337,35.16112112017646,35.18021011352539,30480200
2024-03-26,35.31383583184518,35.54290015273015,35.12294950458335,35.39973449707031,33673400
2024-03-27,35.55243321883861,36.12508840494855,35.54289054343969,36.0869140625,36350200
2024-03-28,36.001023298768665,36.268261958653994,35.714692002201616,36.1919059753418,42262500
2024-04-01,36.210996711485976,36.602312042633564,35.73378271541068,35.81013870239258,33908000
2024-04-02,35.495171043557285,35.86740096979999,35.46653937263607,35.60015869140625,34806800
2024-04-03,35.695597936345386,36.28734209919545,35.57152131416862,35.73377227783203,33338500
2024-04-04,35.981928691969436,36.23007831733061,35.1897518724779,35.23747253417969,42888200
2024-04-05,35.1324955737564,35.63834124267981,35.056139587052726,35.4188232421875,30823500
2024-04-08,35.504714717428435,35.86739829912316,35.43790506301797,35.79104232788086,29470300
2024-04-09,35.80058760143018,36.048740885119734,35.50471729353166,36.010562896728516,30967300
2024-04-10,35.48562769913318,35.53334836338838,34.8843371351285,34.97978210449219,37610700
2024-04-11,35.07522738115303,35.07522738115303,34.407127083817464,34.69345474243164,38604000
2024-04-12,34.17805887095933,34.44529747457868,33.91081662648707,34.15896987915039,47126100
2024-04-15,34.67436727539558,35.084767921872796,34.1303400240532,34.311683654785156,44392000
2024-04-16,34.45484565107753,34.52165531264912,32.59371416322107,33.09955978393555,95566100
2024-04-17,33.29998325345516,34.120791692080836,33.16636395244221,33.624488830566406,65951400
2024-04-18,33.92036318792353,34.349856404595904,33.57676861458563,34.1398811340332,44506200
2024-04-19,34.45483964919255,35.42835637217922,34.416665306982516,35.285194396972656,56273700
2024-04-22,35.31383099242894,36.182360203635625,35.18975435058417,36.010562896728516,43867100
2024-04-23,36.21099084962743,36.66911577479569,36.10600684580297,36.621395111083984,39180300
2024-04-24,36.28734563455486,36.73592786861516,36.26825664152537,36.573673248291016,28670600
2024-04-25,36.20144678100716,36.52595237896164,35.67651221865955,36.18235778808594,41116000
2024-04-26,36.20145177392801,36.56413540774642,36.05828612769995,36.10601043701172,28668700
2024-04-29,36.115552978582805,36.32552828803357,35.74332666881362,35.838768005371094,26438800
2024-04-30,35.64787749045591,35.953294100472135,35.29474021778463,35.32337188720703,30283800
2024-05-01,35.514262944871156,35.80059060008131,35.09431595995317,35.26611328125,32272000
2024-05-02,35.66696644940715,35.78150040869303,34.97978089795773,35.19929885864258,34860300
2024-05-03,35.55243682861328,35.81967545715129,35.39018584438756,35.55243682861328,34082700
2024-05-06,35.94375754689192,36.067834203612676,35.65742988133571,35.972389221191406,28422300
2024-05-07,35.98192407352291,36.4114172554178,35.98192407352291,36.115543365478516,29119500
2024-05-08,35.981927661188315,36.09645797416226,35.81013037130089,35.99147033691406,32803300
2024-05-09,35.81967489357526,36.66911507022332,35.75286523749192,36.53549575805664,26855400
2024-05-10,36.72637794315997,37.012705528763284,36.5832159707847,36.69774627685547,27359100
2024-05-13,36.860004255845205,37.01271257328837,36.44005729308987,36.46868896484375,24060600
2024-05-14,36.65002893425163,37.02225519328766,36.62139362450439,36.73592758178711,27594800
2024-05-15,37.031799768749785,37.45175035195376,37.012710774890216,37.13678741455078,34084400
2024-05-16,37.14633168454397,37.56628228576284,36.9459027017005,37.43266296386719,32554200
2024-05-17,37.65217040151241,37.69034838018223,37.375385517434836,37.49946212768555,25537300
2024-05-20,37.47083113799348,37.67126372866349,37.02225257995311,37.05088424682617,28369800
2024-05-21,37.003165879306216,37.938504677213125,37.003165879306216,37.84306335449219,31799200
2024-05-22,37.614003146173424,37.995775760005884,37.547193484880765,37.94805145263672,42837600
2024-05-23,37.95759618317876,38.02440584167764,37.16541931690159,37.38493728637695,39033900
2024-05-24,37.37539332020276,37.967137549712255,37.289494670689024,37.890785217285156,22166300
2024-05-28,37.843061967025534,37.92896061066625,37.32767010518124,37.528099060058594,31217900
2024-05-29,37.06997847515934,37.12724545784831,36.802739837650876,36.955448150634766,26677500
2024-05-30,36.96498630151972,37.33721254129115,35.87693924961774,36.869544982910156,50989100
2024-05-31,36.936355507020714,38.25346685190693,36.89817752233346,38.16756820678711,58188400
2024-06-03,38.21528840469032,38.358450384255285,37.566277236274175,38.06258010864258,31898600
2024-06-04,37.81443330076138,38.310736257767395,37.623546987935434,37.871700286865234,26974200
2024-06-05,38.00531957721439,38.16757421725991,37.718991928676296,38.138938903808594,34140300
2024-06-06,38.091214185866136,38.177112835379866,37.62354295165732,37.890785217285156,38676400
2024-06-07,37.71793892194066,38.37089744471535,37.71793892194066,38.198055267333984,25928700
2024-06-10,38.00600888067378,38.25566775030522,37.65072017370265,38.09242630004883,37176200
2024-06-11,37.765954407696015,37.78515583854254,36.93054930898473,37.31464385986328,44629000
2024-06-12,38.217255927996675,38.294076292588,37.545092389808985,37.84276580810547,38964700
2024-06-13,37.72754757296892,37.78515919662285,37.38186317905564,37.69873809814453,40018700
2024-06-14,37.545099249512404,37.909988721995376,37.36265634476955,37.679534912109375,32347900
2024-06-17,37.53549719792581,37.957998276346316,37.4298710125714,37.93879318237305,26135400
2024-06-18,37.986807434671505,38.428513603412576,37.890781965599245,38.39970779418945,30804500
2024-06-20,38.19805614063626,38.70698196922647,38.16925033141314,38.39970779418945,29383300
2024-06-21,38.265274532338566,38.3228898173878,37.80436324093669,37.919593811035156,72244900
2024-06-24,38.18846198322719,38.735794430441096,38.07323506354999,38.42852020263672,31064900
2024-06-25,38.19805958033197,38.47652797122166,37.78515918363277,37.813968658447266,30596000
2024-06-26,37.612319248340405,37.785161455630515,36.94015917887625,37.44908142089844,44310200
2024-06-27,37.161009210266045,37.78515831764808,36.815324824394224,37.68913650512695,29464200
2024-06-28,38.159647866414005,38.46692202736274,37.75634824079571,38.188453674316406,52028200
2024-07-01,38.32288536459952,38.73578570198358,38.09242791417708,38.418907165527344,26770500
2024-07-02,38.409313192328405,39.33113582982487,38.37090300001667,39.302330017089844,35626100
2024-07-03,39.38874832911813,39.56159051928421,39.12948504386902,39.273521423339844,17100700
2024-07-05,39.30232282347638,39.331128630939006,38.68777451096122,38.803001403808594,23489000
2024-07-08,38.98544502296472,39.40794974301656,38.82220722694247,39.0046501159668,26728500
2024-07-09,39.13908512650677,40.16653753497996,38.98544803362244,39.7728385925293,34697200
2024-07-10,39.63840642667367,40.0993177033795,39.43675842992685,40.080116271972656,25333400
2024-07-11,40.10892104997324,40.2337523288888,39.744031591680056,40.14733123779297,33824600
2024-07-12,39.840059121100325,40.25295584102069,39.455964549038235,39.93608093261719,31856600
2024-07-15,40.1857414200126,40.55063091151521,40.04170869707554,40.224151611328125,36648100
2024-07-16,40.829097158513825,42.63433576250757,40.54102806478011,42.37507247924805,75953300
2024-07-17,41.9141584418144,42.672739484088474,41.9141584418144,42.23103332519531,65713600
2024-07-18,41.885348849343245,42.480695753608224,41.22278961291584,41.29960632324219,48549200
2024-07-19,41.15557860872911,41.82774230483431,40.99233712711905,41.19398880004883,43903000
2024-07-22,40.94432674705647,41.16517985549446,40.29136813819743,40.61784744262695,42838300
2024-07-23,40.541029683266004,41.0787577029036,40.473813680811304,40.723472595214844,36705100
2024-07-24,40.598639569514255,41.049950134970125,40.3969915707776,40.5122184753418,36567200
2024-07-25,40.348982193628494,40.61784620212472,40.00329780384914,40.02250289916992,41593900
2024-07-26,39.92648005922904,40.29136587195219,39.76323858469728,40.01289749145508,52049300
2024-07-29,40.118530159186726,40.21455564882688,39.35034455705493,39.455970764160156,37133100
2024-07-30,39.417555557289425,40.22415125273762,39.18710173744561,39.63840866088867,44163200
2024-07-31,39.59039789109629,39.734434276246716,38.620564375142045,38.70698547363281,50851600
2024-08-01,38.83181291271061,38.841417291939564,37.429873911072605,37.929195404052734,60107800
2024-08-02,36.48884439649625,36.997766580393524,35.701453836769524,36.085548400878906,76728000
2024-08-05,34.23229884025013,35.49020139246254,33.74257808879563,35.19253158569336,76075200
2024-08-06,35.19253024797971,35.82628368936257,35.08690406391639,35.45178985595703,40614100
2024-08-07,36.58486637701499,37.05538203709821,35.78787509780932,35.816680908203125,44952400
2024-08-08,36.316004330121814,36.89214254694021,36.16236722810375,36.690494537353516,36557800
2024-08-09,36.642482595661576,36.92095097989709,36.402424401595916,36.75770950317383,26411200
2024-08-12,36.96896293397305,37.18981603921372,36.49844724854906,36.65208435058594,33040600
2024-08-13,36.84412853005271,36.949754715588234,36.60407034947092,36.93054962158203,21553500
2024-08-14,36.98816750658444,37.372258424746796,36.90174640897336,37.26663589477539,25658900
2024-08-15,37.86197308974169,38.10203124848314,37.42026695677664,37.47787857055664,37379800
2024-08-16,37.44907917339176,37.85237519086644,37.43947845711745,37.77555847167969,26886600
2024-08-19,37.90998342081804,38.15964595344622,37.88117761435969,38.09242630004883,27268900
2024-08-20,37.56430958439571,37.67954016841066,36.815329103287425,37.15140914916992,44440800
2024-08-21,37.324245610536124,37.43947617679407,36.86333433449599,37.20901870727539,33751100
2024-08-22,37.237825060999555,37.72754581725252,37.03617706159999,37.679534912109375,35421600
2024-08-23,37.70833733995939,38.572544544003854,37.70833733995939,38.188453674316406,45616600
2024-08-26,38.40931703537616,38.601364353152626,38.08283769405555,38.332496643066406,44659500
2024-08-27,38.40930482307766,38.53413608939175,38.03481468713213,38.09242630004883,32323900
2024-08-28,37.77555882300808,38.6685756277188,37.76595810664448,38.36130142211914,40700500
2024-08-29,38.457321007928186,38.73578938529355,37.95799953703083,38.572547912597656,34810800
2024-08-30,38.572545548688126,39.23510845167637,38.53413902481688,39.12948226928711,49098200
2024-09-03,38.96625120138213,39.27352542341885,38.63016750271857,39.081478118896484,48489300
2024-09-04,39.04306811150659,39.32153652124157,38.67817859747447,38.88943099975586,39629600
2024-09-05,39.17749662068103,39.31192862355879,38.41891184673099,38.54374313354492,34214500
2024-09-06,38.437429433791266,38.543744260278444,37.26797371618917,37.46126937866211,47007600
2024-09-09,37.93485037050983,38.379436267071405,37.789874945297996,38.14748001098633,37610200
2024-09-10,38.50508945101708,38.50508945101708,37.04568633307445,37.96385192871094,53983900
2024-09-11,37.68357018055283,37.722227105181304,36.73640363301764,37.693233489990234,41190000
2024-09-12,37.74155585097454,38.01217643346148,37.23897898278874,37.4806022644043,39921600
2024-09-13,37.577250537994495,37.78021319214035,37.151991239542184,37.354957580566406,31887300
2024-09-16,37.50959486102257,37.896189850995576,37.49026455849219,37.78987503051758,26336400
2024-09-17,37.96385032767939,38.46642721572323,37.896196101104145,38.22480392456055,27769400
2024-09-18,38.29245376586914,38.775700292852925,38.09915441769995,38.29245376586914,42527800
2024-09-19,38.69838484389444,39.67454125859677,38.66938754364088,39.500572204589844,57977800
2024-09-20,39.25894444402768,39.365259263430865,38.89167976029798,38.92067337036133,70725000
2024-09-23,38.86268447360971,39.08497743164305,38.41809855754304,38.53407669067383,31714800
2024-09-24,38.51474594152864,38.64039106831169,37.93485159570863,38.128150939941406,32534900
2024-09-25,37.934852600097656,38.089491342202535,37.63523842426014,37.934852600097656,28866000
2024-09-26,38.07016327315989,38.38910777134121,37.79954638031174,38.19580841064453,39601400
2024-09-27,38.32145344819884,38.56307672671994,38.0315025644706,38.079830169677734,27861100
2024-09-30,37.915525952145366,38.45676344513572,37.71256327485353,38.35044860839844,35055200
2024-10-01,38.186137257454796,38.23446485752647,37.63523653591763,37.90585708618164,26291200
2024-10-02,37.934850016661954,38.21513386978869,37.7415506804753,37.91551971435547,23302700
2024-10-03,37.67389903150597,37.95418290372057,37.43227576653719,37.934852600097656,26030200
2024-10-04,38.59206794262784,38.90134542496926,38.2924537686003,38.76603698730469,34209900
2024-10-07,38.86268650642884,39.08497947608981,38.37943995841491,38.621063232421875,27177500
2024-10-08,38.70804585199075,38.80469736896014,38.47608958502097,38.59206771850586,26023600
2024-10-09,38.53407958336367,39.036656447162535,38.38910782778699,38.84335708618164,27421000
2024-10-10,38.66938659655325,38.78536842096966,38.43743032147747,38.63072967529297,26182300
2024-10-11,39.14297203194961,40.75701380035538,39.04632419304197,40.54438781738281,50660700
2024-10-14,40.55404595919491,40.766675601953295,40.32208970062054,40.50572204589844,28098900
2024-10-15,41.78149736851403,41.90714250714176,40.64103518559453,40.72801971435547,61490000
2024-10-16,40.795667135944356,41.6558452842222,40.7376799176916,41.36589813232422,42437800
2024-10-17,41.394900259350145,41.55920231274537,41.04696216171497,41.172603607177734,31708600
2024-10-18,41.00829999278514,41.22092964144136,40.6990225148552,40.90198516845703,30593500
2024-10-21,40.83433150944636,40.98897025052771,40.341421674399065,40.360748291015625,26589500
2024-10-22,40.25443781444198,40.9889709249445,40.17711659918989,40.88265609741211,37104400
2024-10-23,40.78600580784169,41.04695936327717,40.6120367708847,40.92131423950195,28569400
2024-10-24,40.90198373036824,41.23059149997494,40.56371265292526,41.22092819213867,28392000
2024-10-25,41.48188353767594,41.53987445298683,40.38974895091136,40.48639678955078,27466900
2024-10-28,40.66036223913654,41.317577806803214,40.602371328973575,41.191932678222656,24527600
2024-10-29,41.16294086386688,41.37557052353667,41.04696272535542,41.104949951171875,22313500
2024-10-30,40.312428254963294,41.46255745888071,40.24477402965977,40.89232635498047,38100500
2024-10-31,40.872992235102245,41.12427880750958,40.39940901529657,40.418739318847656,28138200
2024-11-01,40.73768367884992,41.008300554022675,40.35108498270735,40.360748291015625,31220000
2024-11-04,40.21578062946343,40.61204267415893,39.732534053645566,39.94516372680664,31110100
2024-11-05,40.119125260266884,40.602371789807876,39.993483817138696,40.47673034667969,30851400
2024-11-06,43.2988854903071,44.02375523742233,42.52569183075983,43.88844680786133,110086700
2024-11-07,43.53084720827765,43.71447955776546,43.018603392332345,43.269893646240234,48339700
2024-11-08,43.62749930761059,43.97543742438544,43.443866940147736,43.617835998535156,38331800
2024-11-11,44.072083187682665,44.9612587427858,44.052756570441716,44.53600311279297,43293500
2024-11-12,44.59398876155435,44.89360293449488,44.304041583771024,44.32337188720703,38155900
2024-11-13,44.65198282900581,44.92259972248725,44.294381407351246,44.333038330078125,36903900
2024-11-14,44.41035776061544,44.61332042255198,44.19772810322753,44.36203384399414,35733100
2024-11-15,44.091413568393115,45.27053631357955,44.091413568393115,45.18355178833008,40488900
2024-11-18,45.183553703130336,45.4445072899375,44.932267112248645,45.15456008911133,32360300
2024-11-19,44.449013230134,45.05790114555312,44.41035262655492,44.85493850708008,28534100
2024-11-20,45.00958390637296,45.07723812922582,44.3813619091637,44.51667404174805,28021000
2024-11-21,44.83561649610087,45.47350182559836,44.748631965402176,44.90327072143555,45336500
2024-11-22,44.816286804600985,45.63780820286991,44.72930227271083,45.42517852783203,37996200
2024-11-25,45.676464400465576,46.140384354417236,45.57981656073825,45.908424377441406,42718600
2024-11-26,45.918083531562914,46.23702801018374,45.62813635173934,46.15004348754883,30301500
2024-11-27,46.21770029148454,46.37233904183101,46.05339823225082,46.169376373291016,23278400
2024-11-29,46.19837089829761,46.46899148190209,45.90842369653733,45.918087005615234,23262000
2024-12-02,46.140382582670675,46.21770011410786,45.28020061986115,45.463836669921875,35891500
2024-12-03,45.78277589783182,45.88909072590669,45.086903391404576,45.25120544433594,38123800
2024-12-04,45.12555783685345,45.21254235624488,44.584324104531966,44.816280364990234,24941300
2024-12-05,44.99992286463509,45.657138508498704,44.941931947748714,45.42517852783203,31572100
2024-12-06,45.73617541116823,45.73617541116823,45.094741753885835,45.43489456176758,28931700
2024-12-09,45.250239217719354,45.434893063424596,44.60880558159003,44.61852264404297,34660900
2024-12-10,44.61851926388593,44.98783063470599,44.307521385528126,44.46302032470703,35665800
2024-12-11,44.70598967051547,44.86148861672612,44.190900106327824,44.78374099731445,36790500
2024-12-12,44.84205078502637,45.1627694469912,44.62823834371649,44.78374099731445,24017300
2024-12-13,44.79346389856322,44.80318096198611,44.103437466516155,44.385276794433594,32902300
2024-12-16,44.30752599964329,44.39499439375194,43.88962186194504,44.19090270996094,27330400
2024-12-17,43.918772137266444,43.918772137266444,43.364806935317965,43.782711029052734,33054600
2024-12-18,43.87018277010768,44.15202577719023,42.130535707975625,42.27631759643555,41771900
2024-12-19,42.733097753162916,43.22874950487962,42.091664111736165,42.15969467163086,38583600
2024-12-20,41.98475286819065,43.15099672429897,41.887563717539194,42.92746353149414,74222200
2024-12-23,42.665066686553246,42.869158363813426,41.576570326390794,42.65534591674805,35374800
2024-12-24,42.69422689768295,43.170440870590475,42.69422689768295,43.131568908691406,12054400
2024-12-26,42.96634389892661,43.32593823465177,42.86915844501503,43.29677963256836,16077400
2024-12-27,42.99550405673208,43.520310717186256,42.82056726745151,43.092689514160156,17972500
2024-12-30,42.655347780941185,42.89831513326588,42.324912033484104,42.67478561401367,16109800
2024-12-31,42.801125766294355,42.98577960253729,42.48040711097073,42.71365737915039,16110400
2025-01-02,42.89831220130723,43.3356541470783,42.567876476434336,43.04409408569336,25610600
2025-01-03,43.49115168609869,43.58833713428593,42.908031582200856,43.54946517944336,23455700
2025-01-06,43.88962111613712,44.85177343498257,43.831307618593094,44.12287139892578,30518500
2025-01-07,44.978111899537275,45.337706224901595,44.36583688423821,44.78374099731445,41111200
2025-01-08,44.608806631582915,44.95867649893527,44.40471124139298,44.91008377075195,40246000
2025-01-10,44.70598942133977,44.75458214662464,43.48143569017957,43.841026306152344,40741300
2025-01-13,43.83130664916495,44.06455692679476,43.43284035989572,43.79243469238281,34353600
2025-01-14,44.317243082309474,44.62824099319401,43.95765244298439,44.49217987060547,36379000
2025-01-15,45.79448895146892,46.12492472362782,45.52236668288672,45.77505111694336,57154800
2025-01-16,45.67786124382034,46.1735130005347,44.531055069192995,45.32798767089844,56339300
2025-01-17,45.298828288229146,45.56123344192622,44.78373874989071,45.22107696533203,44486100
2025-01-21,45.3085517012659,45.82364501919742,45.230804074857225,45.34742736816406,52089100
2025-01-22,45.289111542882154,45.41545560012143,44.4727411168677,44.50189971923828,40296200
2025-01-23,44.75458622029985,45.570956684510506,44.75458622029985,45.08502197265625,35324100
2025-01-24,44.92951794056835,45.54179664644634,44.85177032329103,45.211360931396484,24655100
2025-01-27,45.240520890221354,45.813923997973404,45.075304867890104,45.76533126831055,44260000
2025-01-28,45.755615871285364,46.10548576202922,45.39602150243466,45.52236557006836,27156600
2025-01-29,45.43489456176758,46.056890386115654,45.32798833432259,45.43489456176758,23681500
2025-01-30,45.784767297342434,45.84307708768491,45.09474092411492,45.405738830566406,31199900
2025-01-31,45.38630019422908,45.512644250046115,44.86148984611593,44.99755096435547,30388900
2025-02-03,44.14230606033808,45.172488951806855,43.84102892116904,44.91008377075195,36497700
2025-02-04,45.046141617930985,45.80420221055498,44.968393999967155,45.39601516723633,32894000
2025-02-05,45.65842309322857,45.80420498339338,45.327987355257484,45.784767150878906,27696600
2025-02-06,46.1054813599678,46.63029170705736,45.84307618642301,46.39704513549805,39793400
2025-02-07,46.4942334561385,46.620577519500095,46.0471744102592,46.066612243652344,26504700
2025-02-10,46.14435507477717,46.22210640027025,45.09473813233133,45.357139587402344,26725200
2025-02-11,45.24051985421856,45.60983126449684,44.978114671183015,45.47377014160156,20314900
2025-02-12,45.25995734549182,45.26967811556099,44.64767858969705,44.91008377075195,29777100
2025-02-13,45.21136435925153,45.25995708715748,44.67683693751104,45.026710510253906,26815400
2025-02-14,45.172487827924805,45.76532873621899,45.172487827924805,45.63898468017578,25960500
2025-02-18,45.250235565112014,45.3377039496777,44.861486365400694,45.22107696533203,37824100
2025-02-19,44.5893655290476,44.76430230358923,44.14230282333716,44.71570587158203,38967800
2025-02-20,44.60880823805141,44.89064755461932,43.772999936603966,44.02568435668945,40001100
2025-02-21,43.97708634180929,44.22977073152843,43.28706002047317,43.54946517944336,43485900
2025-02-24,43.76327769787048,44.113151273471416,43.18987460616618,43.209312438964844,35512200
2025-02-25,43.27734445621235,43.57862531364753,42.13053823421733,42.703941345214844,38119000
2025-02-26,42.80113051247828,43.29678228966504,42.62619371879174,42.703941345214844,32251700
2025-02-27,42.84972083757292,43.520309370810956,42.703938948553265,42.878875732421875,28477700
2025-02-28,43.073254239382074,44.90036986516792,42.95663094206444,44.80318069458008,62621100
2025-03-03,44.91008663977598,45.63898873125319,43.94793795516321,44.27837371826172,46946000
2025-03-04,43.47170982870972,43.57861603624654,40.84766218942976,41.46965789794922,78278100
2025-03-05,41.450230626375514,41.52797824909613,40.536671034542834,41.10035705566406,52588900
2025-03-06,40.420045221714155,40.711605276630685,39.80776651121837,40.293701171875,58103500
2025-03-07,40.40128702409125,40.81204630777705,39.71668448716457,40.48930740356445,50651400
2025-03-10,39.511303301033415,39.726461318504526,38.31813903276094,38.95384216308594,77498400
2025-03-11,38.826702172377736,39.76558372961364,38.406160775343885,38.73868179321289,50608400
2025-03-12,39.42328411614433,39.60910325748002,38.337700689199124,39.032081604003906,42290700
2025-03-13,39.090763216927044,39.30592124154224,38.46484218025802,38.797359466552734,37766100
2025-03-14,39.37437787540586,40.11766184325563,39.28635750370743,39.99052047729492,35979900
2025-03-17,40.01986154842625,40.85116593348294,39.697122655053036,40.52842330932617,37242800
2025-03-18,40.8022664883133,40.909847362860695,40.38172510460088,40.73380661010742,37644500
2025-03-19,40.8022673536263,41.760709399618264,40.39150434489624,41.28148651123047,42471100
2025-03-20,40.84138821216842,41.78027357293695,40.733811056661324,41.54555130004883,41018100
2025-03-21,41.23258448908112,41.72158573004783,40.96852337126509,41.5357666015625,65011000
2025-03-24,41.985646473818996,42.20080821177818,41.809605730176635,42.12256622314453,30646100
2025-03-25,42.39641322540231,42.57245400020157,42.09323479274671,42.32795333862305,25445300
2025-03-26,42.50398802363793,42.758270764486134,41.790046641813106,41.87806701660156,30012100
2025-03-27,41.8780697677361,42.14213090944869,41.58466974276114,41.6237907409668,25619200
2025-03-28,41.506427293873365,41.682468053096,40.08832656682299,40.34260559082031,34253000
2025-03-31,39.88294288038307,40.978308424888205,39.706902122544165,40.81204605102539,36390000
2025-04-01,40.4110653535871,40.78270736983718,40.06876595097759,40.577327728271484,25578500
2025-04-02,39.980745276131536,41.04676820452992,39.92206378006775,40.929405212402344,28216100
2025-04-03,37.78024002483876,37.9856196675259,36.20565530266996,36.4012565612793,115497900
2025-04-04,34.51370663924175,35.00270785408807,32.92934001697574,33.63350296020508,107761200
2025-04-07,34.200750607065025,35.824234702212735,32.802206652299894,34.797332763671875,137329100
2025-04-08,36.04917648289787,36.5088388993859,33.574831095318686,34.259429931640625,79116300
2025-04-09,33.3009842158247,37.01739295147503,32.34254221821058,36.332794189453125,161173500
2025-04-10,35.52104845071029,35.59929043696901,33.868225664218954,35.06138610839844,90451800
2025-04-11,34.42568924594294,35.43303064171665,34.0442688623309,35.1591911315918,63671900
2025-04-14,35.6873128967227,36.17631414713622,35.47215115269005,35.86334991455078,46830600
2025-04-15,36.96849688474464,37.89760008458807,36.96849688474464,37.154319763183594,84677800
2025-04-16,37.02717496608502,37.320574967702974,36.15675334461227,36.50883483886719,52872700
2025-04-17,36.684873039888245,37.036954545513055,36.420815641453196,36.587074279785156,47144400
2025-04-21,36.25455098276733,36.45993060448368,35.687311494581685,36.10784912109375,34928300
2025-04-22,36.74355647870741,37.64332078855783,36.577297831577866,37.47705841064453,42288900
2025-04-23,38.54307979107234,39.24724281077994,37.81935627295245,37.89759826660156,54428400
2025-04-24,37.809578665032035,38.82670221864138,37.750897168590996,38.70934295654297,42457100
2025-04-25,38.67022308493215,38.91472373104712,38.455061322500164,38.81692123413086,32694200
2025-04-28,38.92449824157722,39.19834147490605,38.591977246722024,38.904937744140625,37428000
2025-04-29,38.758239553142424,39.25701917930771,38.61153768797318,39.110321044921875,33792500
2025-04-30,38.494177228308594,39.12009820262527,37.96605500718517,39.00273895263672,40994600
2025-05-01,38.94406228498677,39.550422837598326,38.709343755942704,39.28636169433594,33569100
2025-05-02,40.01008468064541,40.32304520216709,39.80470503791876,40.16656494140625,41613000
2025-05-05,39.95140439807275,40.577329190923734,39.72646424956634,40.2154655456543,32829200
2025-05-06,39.75580454913384,40.362165076352774,39.667784171732414,39.94162368774414,29541800
2025-05-07,40.13722488810947,40.43062490213347,39.96118413353836,40.02964401245117,30925900
2025-05-08,40.38172759249288,41.22281041173628,40.342606593741145,40.684906005859375,41861700
2025-05-09,40.81204223364652,41.05654284879953,40.77292123983404,40.870723724365234,27222800
2025-05-12,42.3670755918415,42.99299670705349,41.99543353064033,42.40619659423828,44875100
2025-05-13,42.464867405077435,43.511333528314054,42.464867405077435,43.30595016479492,43232500
2025-05-14,43.21793209036781,43.9318735165461,43.15925432405248,43.755836486816406,42419500
2025-05-15,43.61891321688547,43.99055523884787,43.04189155020059,43.40375518798828,47379400
2025-05-16,43.36463267198061,43.80473456011381,42.69959064786457,43.706932067871094,49488100
2025-05-19,43.139693779217055,44.1470352282536,43.139693779217055,43.78517532348633,37915700
2025-05-20,43.609133306411984,43.92209382002146,43.43309255115871,43.706932067871094,33424300
2025-05-21,43.39397250898848,43.511335502261886,42.20081192364504,42.29861068725586,55594100
2025-05-22,42.23015079799777,42.61157119909968,42.014989041157236,42.35729217529297,29026200
2025-05-23,41.54554706687622,42.47465021743128,41.418405693233886,42.24971008300781,34875100
2025-05-27,42.82673111072261,43.24727249145508,42.347508235893685,43.24727249145508,36322000
2025-05-28,43.2374917533546,43.46243189170921,42.992991116345195,43.09079360961914,35673800
2025-05-29,43.39397572970399,43.4819961158001,42.934317029676706,43.26683807373047,28545100
2025-05-30,43.21793375001397,43.325514633434985,42.758275062829426,43.15925598144531,66537500
2025-06-02,42.91475411567563,43.17881525911228,42.40619232803287,43.110355377197266,28582600
2025-06-03,43.04188762458959,43.7460506060253,42.97342774925928,43.66781234741211,31320200
2025-06-04,43.61891194157791,44.0981348293695,43.3646329218489,43.384193420410156,30591700
2025-06-05,43.472215069562445,43.59935644853606,43.04189155020059,43.40375518798828,32020900
2025-06-06,43.964498884654134,44.436706089571594,43.915311337786136,44.23995590209961,37013000
2025-06-09,44.37768032671662,44.662973338235105,44.05303577855371,44.14157485961914,32414000
2025-06-10,44.07271250595482,44.46622037542417,44.02352496046344,44.35800552368164,32229100
2025-06-11,44.466220211548105,44.672810153512025,43.82677086420933,44.003849029541016,47873500
2025-06-12,43.679207749961506,43.92514922658793,43.305375654713984,43.895633697509766,30165400
2025-06-13,43.28570178965453,43.73823322588175,42.9512212166237,43.37424087524414,43281700
2025-06-16,43.91530683228976,44.161248294166626,43.63001383584806,43.68904113769531,34103600
2025-06-17,43.551318243251764,43.944822364239165,43.34472829827569,43.511966705322266,27489600
2025-06-18,43.54147926399391,44.46622165809113,43.492291717083674,44.328495025634766,37684700
2025-06-20,44.57443455321641,44.90891511137738,44.53508301631062,44.761348724365234,64591600
2025-06-23,44.662975628644006,45.61722604820825,44.37768260249511,45.548362731933594,42683600
2025-06-24,45.99105831197274,46.4239139803826,45.813980140175694,45.90251922607422,45437600
2025-06-25,45.82381826724046,46.21732238282595,45.70576365507257,46.08943176269531,33532400
2025-06-26,46.18781422728641,46.80758785506593,46.13862667807807,46.68953323364258,40127000
2025-06-27,46.67969752987908,46.89612349836362,46.14846298831165,46.35505294799805,56705000
2025-06-30,46.846932617829964,46.846932617829964,46.26651056800317,46.55180358886719,47921200
2025-07-01,46.25667533688568,47.6339454127693,46.1779722596967,47.36833190917969,48540900
2025-07-02,47.574922459058236,47.93891481373542,47.27979342140729,47.91923904418945,48003600
2025-07-03,48.15534166193044,48.50949798715584,48.01761503606926,48.13566589355469,21620300
2025-07-07,47.94874777527495,48.411115159344305,47.58475171944677,47.87004470825195,35567900
2025-07-08,46.72888000815528,47.01417301834333,46.00089159470458,46.38456344604492,88086500
2025-07-09,46.39440227846036,46.679695306018246,45.95170684824457,46.07959747314453,46227900
2025-07-10,46.138621886680355,46.45342667224526,46.020567277516726,46.20748519897461,44225000
2025-07-11,45.882839248637644,46.050081396782986,45.499171162521044,45.971378326416016,31653000
2025-07-14,46.05008114033022,46.30585861206055,45.79429991583096,46.30585861206055,36381200
2025-07-15,46.11894747027501,46.2468343381305,45.20404486267006,45.40079879760742,55145000
2025-07-16,45.4991750706585,45.80414386537229,44.27930364457264,45.282745361328125,61296600
2025-07-17,44.89907764960877,46.45342966204851,44.7023237077751,46.256675720214844,56480700
2025-07-18,46.24683479903643,46.61083089576743,46.13862369887313,46.55180358886719,48314200
2025-07-21,46.76823675340418,47.26011975564166,46.43375616177192,46.70920944213867,32199700
2025-07-22,46.82725704600614,47.388003329226926,46.68953041542829,46.99449920654297,34749400
2025-07-23,47.230599372014325,47.525732145255844,47.03384919354544,47.358489990234375,31380100
2025-07-24,47.70280999369891,48.20452894991844,47.42735299067355,47.60443115234375,42967600
2025-07-25,47.60443247138339,47.76183486914392,47.16173705494152,47.66345977783203,24461200
2025-07-28,47.663458813600336,47.75199789509756,47.29946647978689,47.44702911376953,20590400
2025-07-29,47.604433115115754,47.72248397684021,47.11255014636644,47.17157745361328,26216500
2025-07-30,47.476544601668536,47.712650088375945,46.96498959387972,47.18141555786133,32265900
2025-07-31,46.984660096019375,47.2502773527117,46.42391380503644,46.50261688232422,40016300
2025-08-01,45.60739151543158,45.65657906396634,44.58427399372318,44.91875457763672,52310400
2025-08-04,45.21388196873994,45.36144836171907,44.89907716630244,45.10566711425781,31038900
2025-08-05,45.20404546406264,45.25323301025907,44.023525591502036,44.820377349853516,36798300
2025-08-06,44.96794073160929,45.19420645006768,44.653135927426376,44.682647705078125,27916800
2025-08-07,44.96794139447881,45.01712894221321,44.0530387460953,44.190765380859375,30609900
2025-08-08,44.41703359854042,45.54836217549566,44.24979143765272,45.26306915283203,37131600
2025-08-11,45.312261806230175,45.764793250537465,45.06632031439761,45.41063690185547,35559400
2025-08-12,45.7254438663309,46.88628806271559,45.607392995462654,46.728885650634766,35481200
2025-08-13,46.90596206297016,46.9846613896555,46.22716489013541,46.473106384277344,29465100
2025-08-14,46.325536768726586,46.95514634955161,46.12878283652648,46.93547058105469,21073800
2025-08-15,46.97482263160645,47.043685945713975,46.138623101575575,46.17797088623047,26276900
2025-08-18,46.15829717796851,47.260117758411134,46.03041030478534,47.14206314086914,43125100
2025-08-19,47.04368394980808,47.33881296242887,46.85676978412768,47.29946517944336,33783400
2025-08-20,47.38800057695915,47.71264511826824,47.092871563894796,47.56507873535156,30822200
2025-08-21,47.48637937214514,47.70280906614907,47.03384796901782,47.476539611816406,28713200
2025-08-22,47.732320587315996,48.85381308160011,47.6732932839651,48.676734924316406,45078900
2025-08-25,48.588195845674555,48.85381308160011,48.41111768839086,48.676734924316406,34715700
2025-08-26,48.45046875607315,49.444070626552964,48.45046875607315,49.434234619140625,40609300
2025-08-27,49.21780584948905,49.80806763003763,49.17845806633435,49.56212615966797,42428200
2025-08-28,49.72936886262194,49.81790794972947,49.463751601299364,49.670345306396484,32949400
2025-08-29,49.690013197832315,50.09335706055289,49.690013197832315,49.916282653808594,32496500
2025-09-02,49.404724584633165,49.6506660590644,48.863650338669174,49.60147476196289,52719800
2025-09-03,49.581798796513134,49.749037184474176,48.893161972412074,49.247318267822266,38344200
2025-09-04,49.42440087444294,50.004822910335996,49.306346263476506,49.7982292175293,34796900
2025-09-05,49.897154906954405,50.24339041247463,48.70017803544364,49.23436737060547,40063300
2025-09-08,49.26404104127354,49.37285780163389,48.353944088519185,48.92770004272461,48033100
2025-09-09,48.96726911676068,50.01586250080264,48.92769870068908,49.7487678527832,40060100
2025-09-10,49.82790720862575,50.0851111513071,49.432214350593846,49.590492248535156,31706300
2025-09-11,49.600383602002445,50.41155831105525,49.452000193454424,50.203819274902344,28055200
2025-09-12,50.15435582203101,50.381880056875936,49.916937096220906,50.035648345947266,27851100
2025-09-15,50.30274385478834,50.54016260245612,49.91694169176579,50.0455436706543,29043600
2025-09-16,50.095002846086,50.3324215844503,49.66963027951361,50.11478805541992,31624400
2025-09-17,50.31263532604691,51.074348888127915,50.243388981643434,50.846824645996094,38337900
2025-09-18,50.93585811187686,51.62832158191247,50.747900506887575,51.5689697265625,35246900
2025-09-19,51.58875320471587,52.09326282647187,51.202947289675684,51.68767547607422,98970700
2025-09-22,51.20294722999929,51.78659768707593,51.20294722999929,51.36122512817383,27468000
2025-09-23,51.440367243925536,52.31089759236581,50.96553353758798,51.14359664916992,28278200
2025-09-24,51.291980059726306,51.68767670182903,50.90617790917972,51.14359664916992,27010400
2025-09-25,50.92596000997654,51.76681437970585,50.886389593453195,51.29197692871094,22957900
2025-09-26,51.54918334890072,52.05369297615879,51.420581375818145,51.64810562133789,20025800
2025-09-29,51.79649454902413,51.98444838244537,51.5491850859548,51.8558464050293,23701000
2025-09-30,51.915203519594385,52.004235079791606,50.47091711963323,51.03478240966797,29945000
2025-10-01,50.74790130480146,51.12381274704764,50.01586740392743,50.13457489013672,27709100
2025-10-02,50.104898011233125,50.302742559946765,49.531138253763515,49.93672561645508,22757200
2025-10-03,50.07521601201115,50.5797293995498,50.00596966841058,50.095001220703125,24565700
2025-10-06,50.38188373885271,50.767685894551775,49.35307547455992,49.847694396972656,25386300
2025-10-07,50.00596800996345,50.362094207322706,49.59048996213937,49.7487678527832,24107300
2025-10-08,49.857586277977134,49.96639926535014,49.24425612927815,49.303611755371094,24014200
2025-10-09,49.461889420516925,49.73887479370616,49.13543913899302,49.254150390625,21816900
2025-10-10,49.39264612172827,49.600385164425,48.02749683295574,48.12642288208008,31831900
2025-10-13,48.67050085638094,48.86834917249833,48.28469871545556,48.33415985107422,34462800
2025-10-14,48.32426956084294,49.95651359365729,48.0077137369924,49.550926208496094,42462600
2025-10-15,51.01499584984654,52.281219095920996,50.67865482840265,51.71735382080078,69992200
2025-10-16,52.03390538727227,52.1921832801189,49.461888685103915,49.897151947021484,49027700
2025-10-17,50.40166855781997,51.21284328239635,49.788342155403335,50.72811508178711,48915400
2025-10-20,50.88639353419249,51.71735347732078,50.817147186735376,51.47993850708008,25786000
2025-10-21,51.52939947977521,51.80638486871691,50.886393371282935,50.96553421020508,27303400
2025-10-22,50.94574929241469,51.02489013179035,49.8971558125448,50.550052642822266,34955000
2025-10-23,50.92596033906045,51.242516126007565,50.559943417960845,51.202945709228516,26028800
2025-10-24,51.29198184287585,52.251543780465965,51.29198184287585,52.004234313964844,38923900
2025-10-27,52.231756880331815,52.49885154834825,51.96466221231539,52.44939041137695,27345800
2025-10-28,52.429604475699904,52.70658985781714,51.77670766525011,52.301002502441406,29575200
2025-10-29,52.09326288642381,52.439494610219256,51.75692188031848,52.01412582397461,29158800
2025-10-30,52.103151903187005,52.864865444313324,51.99433891757694,52.45927810668945,37548600
2025-10-31,52.22186666301801,53.06271732051941,52.20208145331125,52.87476348876953,39295700
2025-11-03,52.68680716379787,53.062718610076125,52.14272709138959,52.98358154296875,31252300
2025-11-04,52.44939058008159,53.41884320768012,52.152619983656386,52.96379470825195,47226600
2025-11-05,52.39003438082039,52.49885114550797,51.183166798681434,51.88552474975586,54353600
2025-11-06,52.84508226875824,53.171532559074116,52.20207995315976,52.71648406982422,55296000
2025-11-07,52.57799171400305,53.0033642790733,52.14272465747936,52.6274528503418,40537700
2025-11-10,52.835194425757116,53.40895420105422,52.76594807682719,52.84508514404297,26094600
2025-11-11,53.171533410822256,53.39905765909189,52.70659042273401,53.052825927734375,22244300
2025-11-12,53.31002303732911,54.101412501804326,53.191315561068485,53.52765655517578,40536700
2025-11-13,53.21110325940819,53.62658133258406,52.202080229868905,52.301002502441406,37716100
2025-11-14,52.29110979969018,52.33068021667423,51.47004062866325,52.043800354003906,32363100
2025-11-17,52.01412826085764,52.01412826085764,50.83693279751551,50.92596435546875,35546800
2025-11-18,50.728113743949834,51.61842928336724,50.599515545533926,51.0842399597168,35189500
2025-11-19,51.113916172367645,51.92509465373092,51.113916172367645,51.46015167236328,28112300
2025-11-20,51.9349827485926,52.38014049830906,50.42145017319925,50.45112609863281,36661600
2025-11-21,50.738009397000766,51.22273382228192,50.15435892416224,51.005104064941406,43867200
2025-11-24,51.09413506999255,51.67778553653779,50.84682561423003,51.37112045288086,52852100
2025-11-25,51.68767503867215,52.310895909155526,51.301872900539536,51.915199279785156,41310100
2025-11-26,52.132832202345995,52.67691223122637,51.984445024631945,52.41971206665039,32045600
2025-11-28,52.538423411732744,53.35948887422843,52.47906778154971,53.07261276245117,18920800
2025-12-01,52.924222875472,53.319919509231696,52.63734300467835,52.667022705078125,30536500
2025-12-02,52.95389853051185,53.06271529291954,52.39992777446213,52.617557525634766,46073500
2025-12-03,52.67691737551932,53.65626454205868,52.60767102546173,53.507877349853516,37134400
2025-12-04,53.62658287232553,54.10141658686414,53.41884382977294,53.57712173461914,38529600
2025-12-05,53.62684048758677,54.521782783039725,53.43790991110381,53.646728515625,33986500
2025-12-08,53.597007751464844,53.90526268802375,53.18931267952138,53.597007751464844,34386600
2025-12-09,53.666615859599375,53.97487080712905,52.970550060147666,53.23903274536133,47189300
2025-12-10,53.28874997291621,54.24335253012895,53.04015531989705,53.775997161865234,54424400
2025-12-11,53.646728138618656,54.34279394205114,53.44785165288745,54.253299713134766,35686900
2025-12-12,54.47205925540681,54.989136589823374,54.04447614797107,54.83003616333008,40539400
2025-12-15,55.09851880606676,55.7548085390532,54.76042992584626,55.01897048950195,32881300
2025-12-16,54.83003505329456,55.03885364760446,54.38256392744954,54.50189208984375,32931900
2025-12-17,54.8101503264773,55.25762147926561,54.15386056680562,54.24335479736328,35304100
2025-12-18,54.49194812777897,54.83998292399107,53.467739353426225,53.95498275756836,87452700
2025-12-19,54.21352463427648,54.99908468078129,54.074312229732044,54.95930862426758,73001900
2025-12-22,55.05874458790202,55.79458645525413,55.02891444235176,55.565879821777344,33408800
2025-12-23,55.49627219203215,55.90396727482717,55.49627219203215,55.655372619628906,22274600
2025-12-24,55.8144715597509,56.18239057752821,55.575819028089235,55.93379592895508,13634400
2025-12-26,55.96362648527636,56.23210916290389,55.7150318348716,55.854244232177734,15259400
2025-12-29,55.79458640108404,55.9337988045214,54.95930818720638,55.038856506347656,21040100
2025-12-30,55.178072121550684,55.327226640838795,54.859867468578436,54.9692497253418,17427600
2025-12-31,55.00902344753849,55.108459789512295,54.621216403286034,54.69082260131836,16293000
2026-01-02,54.7206562660983,55.67526265943332,54.571501743540686,55.6354866027832,25503600
2026-01-05,55.85424425182346,57.226487784651276,55.82441410760546,56.57019805908203,36096600
2026-01-06,56.689524338341734,57.08727730982571,56.43098756215458,56.92817687988281,31791900
2026-01-07,56.37132150344318,56.49064966665969,55.12834825267112,55.32722473144531,49695500
2026-01-08,55.168127147722544,56.26194594067546,55.158185030235906,55.864192962646484,30933700
2026-01-09,55.85424593321147,56.29177495893085,55.47638478423094,55.53604507446289,30768800
2026-01-12,54.97919706952873,55.13829750353676,54.42234365387384,54.879756927490234,45860600
2026-01-13,54.95930580610407,55.20790045668718,53.99475734800054,54.2334098815918,43542200
2026-01-14,52.58274289760112,53.17936855695054,51.3695997579034,52.18498992919922,84750000
2026-01-15,52.42364284323547,52.74184370292782,51.936395643126495,52.29437255859375,51018300
2026-01-16,52.39380879962812,53.07993248398119,51.95628356674258,52.672237396240234,52178400
2026-01-20,52.025889603934104,53.17936866268901,51.6679126903113,51.807125091552734,49172700
2026-01-21,51.93639458554194,52.562854174852994,51.757406131453074,51.77729415893555,36340000
2026-01-22,52.17504702402713,52.83133675670185,52.03583462516482,52.15515899658203,31229200
2026-01-23,51.817071128221194,51.90656535684477,51.09117518194261,51.429264068603516,34553500
2026-01-26,51.508812695248196,51.986113986348734,51.37954241018342,51.727577209472656,27728400
2026-01-27,51.916507928573566,51.95628398458854,51.51875874818431,51.876731872558594,26494300
2026-01-28,51.65796926416924,51.84689983345942,51.021567564188295,51.51875686645508,35030200
2026-01-29,51.687801245813795,52.79156214300204,51.65797110045848,52.781620025634766,35200500
2026-01-30,52.57279698817722,53.10976235755474,52.47336064270142,52.900943756103516,34549100
2026-02-02,52.900944103723,53.78594048133467,52.652349445146534,53.72627639770508,34624500
2026-02-03,53.895322426600245,54.810148944113756,53.37824508455866,54.143917083740234,41208400
2026-02-04,54.47206178170184,55.72498101754092,54.402455578961174,55.06869125366211,54522500
2026-02-05,54.710712847492395,54.97919553361559,53.94504084482701,54.631160736083984,32959700
2026-02-06,55.23773244534418,56.55031194079071,54.97919566913648,56.212223052978516,42468000
2026-02-09,56.073011294380414,56.40115806863437,55.86419268890254,56.092899322509766,31968400
2026-02-10,56.122729169830706,56.5105400264118,53.96492933818589,55.07863235473633,48304700
2026-02-11,55.65537238566653,55.7945847850718,52.94071921750365,53.54728698730469,48973500
2026-02-12,53.606951457760495,53.63678160263365,51.49886983739844,52.22476577758789,55481600
2026-02-13,51.61819498829466,52.52307939787106,51.1508358142183,52.25459671020508,31772100
2026-02-17,52.74184386912185,53.248975305462835,52.32420286867622,52.44353103637695,35542400
2026-02-18,52.69212431068929,53.30863798792215,52.49324782966965,53.06004333496094,30698900
2026-02-19,51.618195720575166,52.513138025491195,51.53864740083459,52.47336196899414,47148600
2026-02-20,52.23470695355785,52.79156033842742,51.538644964037566,52.7617301940918,33552000
2026-02-23,52.54296767698131,52.960604886511184,50.60392856340556,50.78291702270508,50602500
2026-02-24,50.45477181971012,50.59398421675283,49.191910542853144,50.126625061035156,53062700
2026-02-25,50.047077589182564,51.478981431370656,50.02718956166216,51.39942932128906,41375000
2026-02-26,51.58836332356563,52.373919542207126,51.44915092515456,52.00600051879883,52418500
2026-02-27,50.79286188974006,51.12100486287794,49.04275338882664,49.549888610839844,77728700
2026-03-02,48.50578999118731,50.13657039238987,48.30691729309221,49.53000259399414,40595200
2026-03-03,48.48590112787358,50.226063759017634,48.227364348849434,49.68910217285156,51242900
2026-03-04,49.60954736054731,50.12662468370891,48.93336961435548,50.017242431640625,34208500
2026-03-05,49.539944711597464,50.14651630324676,49.05270129070951,49.53000259399414,39073900
2026-03-06,48.54999923706055,48.70000076293945,47.619998931884766,48.63999938964844,47016000
2026-03-09,47.939998626708984,48.150001525878906,46.77000045776367,47.900001525878906,62752800
2026-03-10,48.279998779296875,49.150001525878906,47.599998474121094,48.560001373291016,50271100
2026-03-11,48.36000061035156,48.650001525878906,47.779998779296875,48.52000045776367,42185800
2026-03-12,47.70000076293945,47.779998779296875,46.790000915527344,47.130001068115234,58354500
2026-03-13,47.52000045776367,47.81999969482422,46.65999984741211,46.720001220703125,45473100
2026-03-16,47.119998931884766,47.68000030517578,46.900001525878906,47.060001373291016,38055600
2026-03-17,47.65999984741211,48.08000183105469,47.20000076293945,47.279998779296875,33427800
2026-03-18,47.220001220703125,47.880001068115234,46.689998626708984,46.83000183105469,40251800
2026-03-19,46.41999816894531,47.189998626708984,46.119998931884766,47.0099983215332,38601400
2026-03-20,47.130001068115234,47.459999084472656,46.689998626708984,47.15999984741211,78060900
2026-03-23,48.34000015258789,48.38999938964844,47.47999954223633,47.52000045776367,42333200
2026-03-24,47.04999923706055,48.459999084472656,47.02000045776367,48.13999938964844,39804100
2026-03-25,48.52000045776367,49.11000061035156,48.18000030517578,48.75,29988300
2026-03-26,48.709999084472656,48.869998931884766,48.029998779296875,48.2400016784668,32502600
2026-03-27,48.06999969482422,48.25,46.84000015258789,46.970001220703125,36781900
2026-03-30,47.54999923706055,47.86000061035156,46.93000030517578,47.22999954223633,43375900
2026-03-31,47.68000030517578,48.77000045776367,47.369998931884766,48.75,49060600
2026-04-01,49.70000076293945,50.04999923706055,48.779998779296875,49.27000045776367,32947000
2026-04-02,48.75,49.56999969482422,48.15999984741211,49.380001068115234,27548200
2026-04-06,49.43000030517578,50.119998931884766,49.25,50.060001373291016,28507200
2026-04-07,49.79999923706055,50.47999954223633,49.619998931884766,50.279998779296875,28473200
2026-04-08,51.939998626708984,52.2599983215332,51.369998931884766,51.880001068115234,36473500
2026-04-09,51.630001068115234,52.84000015258789,51.630001068115234,52.709999084472656,32008000
2026-04-10,52.79999923706055,52.83000183105469,52.20000076293945,52.540000915527344,25225300
2026-04-13,52.18000030517578,53.439998626708984,51.849998474121094,53.349998474121094,27835300
2026-04-14,53.099998474121094,53.56999969482422,52.79999923706055,53.349998474121094,40178500
2026-04-15,54.25,55.400001525878906,53.709999084472656,54.31999969482422,63838200
2026-04-16,54.040000915527344,54.5099983215332,53.470001220703125,53.5099983215332,35206700
2026-04-17,54.15999984741211,54.599998474121094,53.75,53.90999984741211,43484700
2026-04-20,53.5,53.95000076293945,53.18000030517578,53.95000076293945,43999200
2026-04-21,54.0,54.650001525878906,53.209999084472656,53.47999954223633,34266300
2026-04-22,53.66999816894531,53.79999923706055,53.0,53.119998931884766,24087700
2026-04-23,53.060001373291016,53.52000045776367,52.560001373291016,52.580101013183594,9576342
