timestamp,open,high,low,close,volume
2021-01-04,51.25106116530178,51.35091621616329,49.70329359244164,50.04446792602539,21286200
2021-01-05,50.21921669878828,51.592237183900245,49.944614506366854,51.34259796142578,20213100
2021-01-06,53.6642424861202,55.42004320174375,53.21489318668368,54.29666519165039,38106600
2021-01-07,55.81115048692615,56.66824631418503,54.92909168973467,54.937408447265625,24161000
2021-01-08,55.095511015052246,55.095511015052246,53.53942041926412,54.396522521972656,20747800
2021-01-11,53.73914704185965,55.43669900929139,53.53111380588033,55.28691482543945,20454000
2021-01-12,56.16064690230513,56.36868012456003,55.12048079103063,55.47829818725586,20162800
2021-01-13,55.75289257433753,55.93596278962237,54.912436744470234,55.63639450073242,18541900
2021-01-14,56.18561624608599,57.77499329175142,55.89437097162843,57.425498962402344,29108900
2021-01-15,56.06080366054676,56.2937998896014,53.33140203094221,53.447906494140625,38295300
2021-01-19,54.25506205673254,54.29667124082958,52.34948014521954,52.99854278564453,27022400
2021-01-20,53.04847076476327,53.10671981204837,52.29122997572201,52.63240432739258,17448900
2021-01-21,52.599108727988515,52.70728687093406,51.375875782121305,51.48405075073242,19394600
2021-01-22,50.71016786704547,51.45076866966509,50.08606831408593,51.03470230102539,24740400
2021-01-25,50.485502443736465,50.56871763986124,49.237303070881254,50.39397048950195,25754100
2021-01-26,50.926518968617586,50.95980503655827,50.0028512164355,50.68519973754883,18760900
2021-01-27,49.84475828315744,49.92797029725225,48.70473400918241,49.42869186401367,24657200
2021-01-28,50.052799047347406,50.81003991750829,49.62008952520756,50.21090316772461,19986200
2021-01-29,50.31999847385708,50.52141415562116,48.4149547561379,48.666725158691406,27078300
2021-02-01,49.228998009578135,49.23738886113179,48.17157463719184,49.03597640991211,16073000
2021-02-02,50.017868891686746,50.56336707848493,49.76610172908496,50.0010871887207,18693400
2021-02-03,49.858415925314574,51.31867055616056,49.78288545817784,51.27670669555664,18730600
2021-02-04,51.67114860956161,52.560729391714254,51.545263419147986,52.3760986328125,16612900
2021-02-05,52.862858546071365,52.938389030411784,52.090768794881086,52.518775939941406,13493800
2021-02-08,52.94677644883696,53.46709575087573,52.74536076986416,53.416744232177734,15055400
2021-02-09,53.45869550613235,53.601362385903165,52.468408594735074,52.97194290161133,12336900
2021-02-10,53.2740798867302,53.70208705030725,52.85446677810624,53.391571044921875,12680700
2021-02-11,53.37477771598531,53.60136914306237,51.973271690952494,53.03908920288086,12108300
2021-02-12,52.80410280654049,53.72725020331197,52.77892704887741,53.39995574951172,12174600
2021-02-16,54.48256488112209,54.608450095177346,53.57620222466374,53.811187744140625,19065400
2021-02-17,53.542618645289146,54.47416322735317,53.24889082318264,54.3482780456543,20279600
2021-02-18,53.962250656936526,54.17205722029509,52.94678445722159,53.27408218383789,14833200
2021-02-19,53.84473893947178,55.38051753088308,53.7524235746106,55.204280853271484,20456200
2021-02-22,54.885377155762974,56.14421605198329,54.79306179115063,54.986080169677734,23120700
2021-02-23,55.04484117337928,56.16101351120904,54.43220965755131,56.009952545166016,26712100
2021-02-24,56.370799106024656,57.63803193900796,56.228132247438396,57.570892333984375,20752900
2021-02-25,57.940163546850805,58.2254973122257,56.13582637443652,56.572227478027344,25206100
2021-02-26,56.04351270794377,56.731677789666385,55.002874233755364,55.2882080078125,24182200
2021-03-01,57.47860448669146,58.73744387082357,57.05060370609405,58.35979461669922,28054600
2021-03-02,58.06605221489829,58.73742921052659,57.78071202959664,57.83106994628906,19200600
2021-03-03,58.317817102210604,59.99626922179589,58.15836850474496,59.064727783203125,25157600
2021-03-04,58.89687683477649,60.23963706071497,56.97504866027031,58.586360931396484,28518400
2021-03-05,59.45076472529623,59.811632149016546,57.43662751668485,58.9388427734375,25406800
2021-03-08,59.64379080919372,61.129217993172105,59.467554119758056,60.60890197753906,27351100
2021-03-09,59.509534553914754,60.83550712030628,58.77940543480727,59.57666778564453,24194900
2021-03-10,59.82843349931635,62.00202617255213,59.75289981573883,61.89292907714844,21331100
2021-03-11,61.666335868459655,62.33771289833059,60.88585534917932,61.52366256713867,17499200
2021-03-12,62.45521151046829,63.15177078469611,62.18665938583425,63.09302520751953,17210600
2021-03-15,63.369951921601846,63.437085130048395,61.4984752759127,62.287349700927734,18918100
2021-03-16,61.69989965387348,61.792215036496614,60.6928309015318,61.54045104980469,15834800
2021-03-17,62.0440017321299,62.38808119187454,61.045320368257656,61.76705551147461,19337500
2021-03-18,62.46359149412749,63.89027313433809,61.64114719613765,61.96844482421875,23857900
2021-03-19,61.43135643349766,61.75026649327581,60.02145613488683,61.271907806396484,24079400
2021-03-22,60.66765507087938,60.92781311098725,60.12215682951614,60.390708923339844,15040000
2021-03-23,59.83681529160479,60.96137503816726,59.17382599512056,59.509517669677734,16238700
2021-03-24,60.16411989799483,60.827109271445615,58.79617728585723,58.812965393066406,17089600
2021-03-25,58.60317105326002,60.35715085676078,58.032496942483135,60.189308166503906,18357300
2021-03-26,60.902631919602435,61.46491181545028,60.42427334506545,61.28028106689453,15716600
2021-03-29,60.046639728096636,60.55017418898122,59.05635251381547,60.071815490722656,17822300
2021-03-30,60.42427465067757,61.44813144003767,60.42427465067757,61.22993087768555,15615900
2021-03-31,61.02013349327854,61.96006910007006,60.81032695270086,61.05370330810547,15224800
2021-04-01,60.60891022547077,61.50688190019696,60.60891022547077,61.38099670410156,15251300
2021-04-05,62.16148158624413,62.38806983284153,60.79354524668114,61.05370330810547,16128400
2021-04-06,60.726398207347074,61.32224794154913,60.46624017766656,60.92781066894531,12908400
2021-04-07,61.19637538164755,61.364224469942194,60.38232491108562,61.00335693359375,14081400
2021-04-08,60.5501605216177,60.869064114211234,59.65218890818052,60.70122146606445,13677100
2021-04-09,61.10405397311507,61.271903044898785,60.43267689434244,60.776756286621094,14586400
2021-04-12,60.944611353387636,61.09567233145879,60.54177994426853,61.00335693359375,12002400
2021-04-13,60.67603966013178,60.7767426778658,59.64378890885627,60.4746208190918,16150000
2021-04-14,60.20607369960922,61.50687660938849,59.90395181608354,61.18797302246094,19476600
2021-04-15,62.48038287475607,62.71537156971313,60.22286893687849,60.877464294433594,31333400
2021-04-16,61.53204691745314,61.74185340672471,60.16411091240547,60.801918029785156,28478400
2021-04-19,61.02012744897122,61.1208368834763,60.38231383601276,60.53337478637695,19964800
2021-04-20,60.04663519303747,60.04663519303747,58.133194141728985,58.56959533691406,22013000
2021-04-21,58.01569737147366,59.34167613205159,57.41145996423588,59.291324615478516,16334800
2021-04-22,59.10668332016643,59.37523536535413,58.46886981180098,58.586360931396484,16037600
2021-04-23,58.611548390500225,60.038236617746996,58.33460864059512,59.90395736694336,18876100
2021-04-26,60.197675080930395,61.10403416357698,60.09696567050952,60.592105865478516,13098600
2021-04-27,60.843888906019636,61.34742325778798,60.72639777069991,61.25510787963867,13357500
2021-04-28,61.57401622856898,61.80060443981999,61.036912080698094,61.18797302246094,14420400
2021-04-29,61.90131161027395,62.1195057604705,61.16278863180481,61.96844482421875,20628400
2021-04-30,61.42761540447268,61.46986467498813,60.07550980163147,60.2022705078125,23669300
2021-05-03,60.861416547630554,61.2163478033465,60.32902933503235,60.599449157714844,16026100
2021-05-04,60.20226844850953,61.18254433230596,59.686779655705735,61.123390197753906,23071400
2021-05-05,61.35999843118338,62.37407101405935,60.6585948969141,62.28956604003906,19427200
2021-05-06,62.23042318802351,63.32900739127084,62.0445083431062,63.19379425048828,19621800
2021-05-07,62.052956605522354,63.472662251730675,61.875494205660935,63.44731140136719,16937400
2021-05-10,63.683926433986,64.93461563610717,63.47266075617881,63.489559173583984,19628200
2021-05-11,62.95716854806421,63.861385341801466,62.45858467038205,63.26984405517578,21534800
2021-05-12,64.1740641795454,64.56279225197676,62.4501354796432,62.729007720947266,19791300
2021-05-13,62.4332371093056,64.1233627029802,62.365636985519906,63.624778747558594,18622300
2021-05-14,63.95436027763189,64.87547574028589,63.93746185651859,64.69801330566406,14122700
2021-05-17,64.50364357521026,65.4670146290797,64.30927629889885,65.42475891113281,14676300
2021-05-18,65.39094597921532,65.65291978666622,64.70644729121672,64.74870300292969,13729600
2021-05-19,63.90365282770659,64.77406650152948,63.14309499954952,64.6135025024414,23283600
2021-05-20,64.36841746381451,64.76559792213116,63.683918812776206,64.39376831054688,15244300
2021-05-21,64.64730189145116,65.75433205677761,64.57124933687939,65.61912536621094,18544500
2021-05-24,65.77124421764249,66.2191265037544,65.46702107097818,65.94025421142578,16750200
2021-05-25,66.08390609184852,66.99657543158878,65.23039733548367,65.30644989013672,20015800
2021-05-26,65.24729469343586,65.83039005889971,64.7994124638025,65.50926208496094,15243400
2021-05-27,66.3543320685988,66.85292250212866,65.87264650254744,66.5571517944336,17467000
2021-05-28,66.47263568173597,66.734603057979,65.83883865096723,66.51488494873047,14392800
2021-06-01,67.1740282654314,67.68106456613555,67.04726757842627,67.4021987915039,15450500
2021-06-02,67.68951519073579,67.85007915314335,67.08106906720835,67.48670196533203,15285600
2021-06-03,67.35994970567656,67.85008763840493,67.11488073931237,67.29234313964844,22255800
2021-06-04,67.34305053182524,67.4951620800224,66.59939120849835,67.17403411865234,13807000
2021-06-07,67.28390838453231,67.30925923919484,66.77686550200944,67.02193450927734,12670100
2021-06-08,66.16839743655225,67.11486332611388,65.66980720060218,66.82754516601562,15399100
2021-06-09,66.48106999105786,66.57402738836372,65.71206641471888,66.03318786621094,13778400
2021-06-10,66.79376153435916,67.00502722502428,64.92617360255767,64.97687530517578,15277400
2021-06-11,65.06982372089186,65.230387686721,64.30926605027531,64.6303939819336,18043500
2021-06-14,64.7402421344146,64.87544878910695,63.10081873280422,63.5149040222168,18304400
2021-06-15,63.42195632455938,63.66701882662013,61.90084093094737,62.38252639770508,25191700
2021-06-16,61.47832697016624,61.68959269858606,59.28116468406384,60.3881950378418,53319800
2021-06-17,61.33465942009134,61.36001027245802,57.59948340065932,58.19102478027344,48523000
2021-06-18,57.86989233303538,58.0980564086575,56.729052612976,57.13468551635742,44582900
2021-06-21,57.836097471482994,58.385383108711366,57.36285794077498,57.84454345703125,30266600
2021-06-22,58.22481481681358,58.65579855092925,57.26988994617855,58.275516510009766,21564600
2021-06-23,58.613543130033136,59.196638393921546,58.376926630865675,58.858612060546875,19672700
2021-06-24,59.43327178592464,60.56565291017525,59.11214377665163,60.26988220214844,23900400
2021-06-25,60.37974102491064,60.717767471008784,59.03609412200123,60.46425247192383,26727400
2021-06-28,60.26989022813199,60.56566097554582,59.543135564590166,60.43045425415039,17660900
2021-06-29,59.272696416044035,60.506487166752564,58.799463373941215,58.883968353271484,28696900
2021-06-30,58.88396830221411,59.838886817719775,58.664250198292606,59.788185119628906,18502300
2021-07-01,60.06706200222101,60.176917839024945,59.53466834179953,60.00790786743164,12584800
2021-07-02,60.00790225091968,60.100859660790675,59.24734455530084,59.5008659362793,13222700
2021-07-06,59.24734398652345,59.314950547110875,57.345952989388074,57.6417236328125,24672200
2021-07-07,57.21919458015215,57.77693905624844,56.83891894449867,57.40510940551758,19342700
2021-07-08,56.112172339725724,56.73751701907308,55.56288021919788,56.39104461669922,24763600
2021-07-09,57.55722521277747,57.9036975924551,57.16004468322424,57.84454345703125,18872600
2021-07-12,57.185391563665725,58.80791040604166,56.87272248984386,58.681156158447266,19600600
2021-07-13,58.376936992548636,58.7149633859217,57.48116608301243,57.77694320678711,18962400
2021-07-14,59.1459471764053,59.813547602826795,56.99948675972955,57.607933044433594,36287800
2021-07-15,57.0755396965212,58.343133839018456,56.99103470981816,57.84454345703125,18897200
2021-07-16,58.064263897538915,58.10651961623538,56.129069322418715,56.53470230102539,19289000
2021-07-19,55.31781038732392,55.83329921365334,54.38824259219986,54.99668884277344,33318600
2021-07-20,55.08119439220158,56.43329360311999,54.74316797764258,56.01921463012695,20577900
2021-07-21,56.62766956371306,57.67554580682224,56.56006298097864,57.37132263183594,23393200
2021-07-22,57.25300217186394,57.28680545604938,56.12062116457919,56.56005096435547,16524900
2021-07-23,57.04173053563702,57.26144863628219,56.213566277707756,56.37413024902344,13443300
2021-07-26,56.1628711064122,57.329055411837864,56.1628711064122,57.269901275634766,16434000
2021-07-27,56.68681462102678,57.80229726798269,56.433293200088706,57.44737243652344,17127700
2021-07-28,57.73468191059866,57.97975086092861,57.03327834041118,57.54876708984375,20275900
2021-07-29,58.06426057871949,58.79946748971997,57.81074562298344,58.148765563964844,22261700
2021-07-30,57.82523979430201,58.33606218207602,57.24630602270236,57.56983184814453,18078200
2021-08-02,57.85079453438909,58.84690591163254,57.58687097480409,57.66349792480469,16616700
2021-08-03,58.10620405873172,58.8213542216337,56.94833632268648,58.6425666809082,21041500
2021-08-04,57.995523242206026,58.95757226351966,57.83376031557131,58.33606719970703,14416300
2021-08-05,58.600013873337694,59.40030019557196,58.5489270688187,59.33219528198242,14361600
2021-08-06,60.26018492279052,60.873174573150564,60.08991290678431,60.507083892822266,23915400
2021-08-09,60.39639496955545,61.298848155520176,59.98773312384972,60.89018630981445,15619800
2021-08-10,60.975318877204394,62.439674555434166,60.770984739858136,62.13318634033203,17920100
2021-08-11,62.40562342858594,63.291045347829716,62.0906131815272,63.256996154785156,18676100
2021-08-12,63.28254883146601,63.54647235031554,62.68658390781067,63.11227035522461,14181400
2021-08-13,63.171882430983715,63.529464075246636,62.0821258848487,62.24388885498047,13362800
2021-08-16,61.64793277840029,61.7160376937048,60.43897797141688,61.384002685546875,15532800
2021-08-17,60.736929081664336,61.6053329271878,60.175026442318526,60.975318908691406,14623000
2021-08-18,60.617745548346484,61.52020520451909,60.34530649065237,60.54964065551758,13970600
2021-08-19,60.055830350526556,60.226102290395666,59.11080614469924,59.45986557006836,21047300
2021-08-20,59.34920635377347,59.85151976166091,58.9235198874614,59.8089485168457,14028800
2021-08-23,60.24314847637803,60.66883492817035,60.07286999838524,60.353824615478516,13079500
2021-08-24,60.56667166962131,61.460615873072754,60.47302012467077,61.332908630371094,12669300
2021-08-25,61.97996262466109,62.91647171058431,61.332917267194034,62.30348205566406,17766600
2021-08-26,62.55037506074383,62.91646570887356,61.53723911686982,61.6734619140625,14135600
2021-08-27,61.79264505691306,62.46523041012713,61.55426169029736,62.14170455932617,13669400
2021-08-30,62.15022615667777,62.158741705017135,60.634783325281724,61.01789855957031,12687400
2021-08-31,61.086002414436415,61.72453205639916,60.72842737384753,61.222225189208984,17285900
2021-09-01,61.605347087382754,61.605347087382754,60.62626689728869,60.711402893066406,15114800
2021-09-02,60.75397343880748,61.27331145116701,60.37936726714878,60.873165130615234,13533400
2021-09-03,60.975311377627094,61.068962888527594,60.14947886993602,60.59218978881836,13683300
2021-09-07,60.753973582336705,61.53723512905527,60.200579871659,60.29423141479492,14663600
2021-09-08,60.33679852209966,60.63477773188748,59.493934691680344,59.630157470703125,14861800
2021-09-09,59.570564832154695,60.53261390276375,59.51948453500412,59.987735748291016,14212900
2021-09-10,60.3878825117323,60.43896280926172,59.187443556110864,59.23001480102539,15422800
2021-09-13,59.69826678517961,60.158008905212036,59.39177203849133,60.03881072998047,16337300
2021-09-14,60.31125253101511,60.77099467199442,58.33606768206304,58.55742645263672,26568900
2021-09-15,58.59148205633811,60.33679907980708,58.421210076445384,59.979217529296875,22392100
2021-09-16,60.473008984116106,60.600716203291086,59.5875804920843,59.59609603881836,19245400
2021-09-17,59.4002869292197,60.08990342478595,59.306641882015924,59.562049865722656,30768300
2021-09-20,57.93593113286647,58.038091728515056,56.16507385974387,57.297401428222656,36955400
2021-09-21,57.59538361505887,57.6720040657292,56.633327986906686,56.990909576416016,21169900
2021-09-22,57.79969995171094,58.88945611678754,57.71456396921292,58.097679138183594,21160200
2021-09-23,58.923515269345,60.779508376821006,58.744727746961566,60.345306396484375,21451500
2021-09-24,60.20056559590197,60.94126221720524,60.20056559590197,60.600711822509766,15788400
2021-09-27,61.17114803706298,61.818193328241136,61.086012037148585,61.52021408081055,19857500
2021-09-28,61.69899438415841,62.38860434658491,60.65180287134439,60.76248550415039,20835000
2021-09-29,61.03491966871202,61.14559579717224,60.43044574473544,60.89869689941406,13683900
2021-09-30,60.98383573790093,61.04343157839442,59.553529070597875,59.74934768676758,22090900
2021-10-01,59.97069781437117,61.02639819201448,59.67271215935106,60.600711822509766,23701900
2021-10-04,60.515582753635506,62.13319244144398,60.3197641433151,60.69437026977539,18957200
2021-10-05,61.094518235233636,62.09062292224465,60.728427645717694,61.75007247924805,15587200
2021-10-06,61.23074280327023,61.81819223456927,60.464505826675904,61.656429290771484,15997200
2021-10-07,62.158734928164975,62.44819858554244,61.34141775411979,61.460609436035156,15349900
2021-10-08,61.17112685428165,61.98844386226214,60.88166325571819,61.5968132019043,11960700
2021-10-11,61.8948143788364,62.763218474568845,60.966820928501285,61.02641677856445,14985500
2021-10-12,60.90722438508726,61.24777487962599,59.97071539670108,60.140987396240234,17593400
2021-10-13,60.064354185452714,60.08989433041199,58.52336498650007,59.81745529174805,23451900
2021-10-14,60.507078084684935,60.677350084346564,59.357725848317905,60.2772102355957,24707900
2021-10-15,61.14560334939492,62.3375267461324,60.88167982060632,61.54574966430664,21884500
2021-10-18,61.35843519865807,61.76709698575759,60.78801700236935,60.96680450439453,15026100
2021-10-19,61.51168762659176,61.72453083637235,60.6688303345892,61.09451675415039,15173900
2021-10-20,60.92424820171237,61.53723778489026,60.2857184684788,61.145606994628906,14350400
2021-10-21,60.66884132953446,61.154123675963014,59.60462508776479,60.030311584472656,18519000
2021-10-22,60.251656573728134,61.20519654899539,60.1750361314406,60.76248550415039,14625100
2021-10-25,60.94126780247561,61.1711356050738,60.200571113287445,60.302738189697266,15103000
2021-10-26,60.44747720819672,60.96681520807295,60.115442289647646,60.149497985839844,18647900
2021-10-27,60.030301967214825,60.20057394043507,59.00865064151507,59.860023498535156,25475900
2021-10-28,60.260170408986475,60.71991253602653,59.834483976037475,60.345306396484375,16367800
2021-10-29,60.43963863140629,60.55111687552422,59.14474675995971,59.307682037353516,22403000
2021-11-01,59.967998012559,59.967998012559,59.19620780120945,59.69358444213867,19106600
2021-11-02,59.62498053365565,59.71073354929702,58.77601455649537,58.82746505737305,25539000
2021-11-03,58.57019744189608,59.66785158360954,58.39010763009909,59.170475006103516,21755600
2021-11-04,58.956083610876284,58.973231592848066,57.04375976558302,57.45538330078125,32148900
2021-11-05,58.158577896545154,58.304358666161264,57.41251297860089,57.446815490722656,20902600
2021-11-08,58.21859241667072,59.18761362922252,57.77267294557206,58.698814392089844,25122000
2021-11-09,58.12426854608958,58.52731483793287,57.83270704115964,58.304351806640625,18513000
2021-11-10,58.415839549109094,58.690253085147205,58.06424373033867,58.49301528930664,19290200
2021-11-11,58.53590383357636,59.32484205008816,58.4587215392786,59.05900573730469,20296200
2021-11-12,59.170472005330424,59.31625275745414,58.570194471565486,59.307682037353516,13867400
2021-11-15,59.53922429320724,59.74503282810652,58.77601137302602,58.94751739501953,12965100
2021-11-16,58.981811399604865,58.981811399604865,57.712651317848575,58.0899658203125,19042800
2021-11-17,58.02137375176021,58.04709899993449,57.258154314890724,57.326759338378906,16468300
2021-11-18,57.206702198965594,57.58402327493311,56.76935336477915,57.549720764160156,14994700
2021-11-19,56.70074651458143,56.95800549359493,55.93753375453362,56.889400482177734,19766900
2021-11-22,58.27863467084482,58.407267458433594,57.283887968064725,57.48969650268555,24020500
2021-11-23,57.94418758269035,58.6302246865403,57.54971853786377,58.37295913696289,18142200
2021-11-24,58.312919939890165,58.36437042269702,57.652614754579645,57.69548797607422,14975500
2021-11-26,55.74887692427773,56.37487970281238,54.71982458396304,56.169071197509766,24542000
2021-11-29,56.58926426644695,56.84652979950108,55.27722444144632,55.774600982666016,24340700
2021-11-30,55.15716786278448,55.57736211888795,54.333927332597746,54.625492095947266,35574000
2021-12-01,55.44873505927312,55.81747227867409,53.59643898745048,53.613590240478516,27379200
2021-12-02,54.316779445567036,55.114291509614745,53.81940288321262,54.719825744628906,24890700
2021-12-03,54.6598036099789,54.98567093360305,53.53642086904183,53.81940841674805,25458700
2021-12-06,53.973756740266005,54.514009761214275,53.287722975480044,53.613590240478516,25105500
2021-12-07,53.98234488937279,54.32536020531032,53.442091759468276,53.93946838378906,28301200
2021-12-08,54.042370582604164,54.16242610214974,53.46781496172061,53.5621452331543,20697200
2021-12-09,53.05619412606815,53.59644723010249,52.18149971472077,53.2877311706543,29960500
2021-12-10,52.893261222814104,53.390634543762886,51.62409776610475,52.06144332885742,39726500
2021-12-13,51.872784581742714,52.19864861085913,51.26392648256754,51.6069450378418,20489500
2021-12-14,51.83848703721845,52.58454870444264,51.778459274985906,52.00141906738281,19571100
2021-12-15,52.25867136725789,52.318699117997355,51.0581130812016,51.65839385986328,33861300
2021-12-16,52.39588439649118,53.09049551557215,52.15577336477959,52.37015914916992,25688300
2021-12-17,51.68413070565843,51.88136525539955,50.560747900157835,51.05812454223633,47383500
2021-12-20,50.25202507600303,50.363506596565166,49.38590797187338,49.97761154174805,31619600
2021-12-21,50.37208659794357,51.33253402004818,50.29490758278452,50.92091369628906,23175100
2021-12-22,50.86088073037909,51.40113050992111,50.68079419926454,51.10956573486328,14760600
2021-12-23,51.444014091025316,52.121470681288415,51.40971158053245,51.63267135620117,15223300
2021-12-27,51.79560491561917,52.25867570673812,51.452586364681025,52.00999069213867,14035400
2021-12-28,51.82990254308328,52.59311863164032,51.71842429806981,51.98426055908203,12697900
2021-12-29,52.14720172298035,52.29298249272758,51.68412762272278,51.91566467285156,13284000
2021-12-30,51.98425921268817,52.37015424269036,51.78702470207976,51.821327209472656,11380500
2021-12-31,51.82132414232552,52.104311633399846,51.555484632665554,51.78702163696289,12307200
2022-01-03,52.46448832387503,54.548318366404835,52.404460567198655,54.11096954345703,30508500
2022-01-04,54.93420911080083,55.50876796241153,54.488289575743146,54.531166076660156,30303600
2022-01-05,54.968524124325874,55.23436699578054,53.83656723202826,53.8965950012207,25149100
2022-01-06,55.07141726968772,56.00613608011114,54.46255920086742,55.663124084472656,33334200
2022-01-07,55.89466273579649,57.06949920570729,55.89466273579649,56.40918731689453,26548200
2022-01-10,56.99231328089756,57.438239353900215,55.92896167552404,56.62356948852539,28693700
2022-01-11,56.92371139198996,57.695501528043984,56.74362811733318,57.549720764160156,23453000
2022-01-12,58.12425944622047,58.87032415958698,57.386771994166246,57.69548797607422,27976200
2022-01-13,57.90988941431237,58.69025684200332,57.47254056425991,58.12427520751953,29222000
2022-01-14,56.049024105675414,57.523999457277725,55.80891305635139,57.39536666870117,35994400
2022-01-18,57.18955448710287,57.31818072494508,55.82605748316054,55.9975700378418,26353600
2022-01-19,56.306289774783835,56.306289774783835,54.85703967002294,55.08857345581055,22817100
2022-01-20,55.13145615663723,56.12620292143383,54.62550550985551,55.27723693847656,22794100
2022-01-21,54.87419180559226,55.26865762839617,53.81083677889063,54.25675964355469,28637900
2022-01-24,52.7474773451155,53.853708785917476,51.478313884618984,53.7679557800293,38601700
2022-01-25,53.14194720881909,55.27722770615601,52.4216108705117,54.977088928222656,34371100
2022-01-26,55.48304490368583,56.4091931713033,54.771285716921604,55.52592468261719,31803400
2022-01-27,55.92896153320291,56.469211326103135,54.79700491293489,55.011390686035156,24674000
2022-01-28,54.55689405503713,55.49161621541284,53.87943745558138,55.47446823120117,20953500
2022-01-31,54.8913349607615,55.95468655924983,54.53973915384235,55.84320831298828,23067400
2022-02-01,56.117631176644345,57.18956021628052,55.77461257545364,57.07807540893555,26868400
2022-02-02,56.897979254911775,57.283877547478816,56.23767399445827,56.79507827758789,18194200
2022-02-03,56.8208153105221,56.92371630919483,55.76603427637796,55.96327209472656,18219100
2022-02-04,56.213907560735926,57.61407181907867,56.041044112385165,57.11277770996094,23267900
2022-02-07,57.12141049059079,57.726422611034124,56.61147820322472,57.354774475097656,20081600
2022-02-08,57.959791563207496,58.74630549845675,57.5622154816992,58.011653900146484,23191000
2022-02-09,58.26230004038406,58.936451063106404,58.02893601309285,58.633941650390625,20902700
2022-02-10,58.72901533214048,59.247599132513386,58.09808181925607,58.340084075927734,22522300
2022-02-11,58.1239993734012,59.73159304344729,57.5622047520942,58.03757095336914,27226700
2022-02-14,57.79557300631954,58.0980757957964,56.88805804382272,57.44120788574219,24544000
2022-02-15,58.0462192223171,58.322794139291396,57.5017076150389,57.907928466796875,15487600
2022-02-16,57.51036081781715,58.27958512382967,57.41528755805676,57.86471939086914,13067400
2022-02-17,57.32885622368499,57.596786345435625,55.49654310296204,55.92869186401367,23150000
2022-02-18,55.41011491491731,56.15341131474272,55.05575306116722,55.43604278564453,18114800
2022-02-22,54.51123566890668,55.6261800839958,54.51123566890668,55.2199592590332,19057000
2022-02-23,55.678042561471635,55.971907136132515,54.48531440260063,54.64088821411133,17563500
2022-02-24,52.281353475143824,52.774002751039575,50.449040532725995,52.43692398071289,46453500
2022-02-25,52.990078926006774,54.35566721037089,52.73078704809769,53.569156646728516,30518900
2022-02-28,51.79735362381672,52.22085758669578,50.47497939702393,51.192344665527344,48212900
2022-03-01,50.46633051436361,51.270127453395276,50.06010963417701,50.639190673828125,51389000
2022-03-02,49.23903122145309,51.73685054965712,48.340161001113664,51.477561950683594,60206500
2022-03-03,50.777468684161796,50.98490149628935,49.25630681767959,49.800811767578125,54027300
2022-03-04,48.322868616176024,48.971091681120456,47.70057341877881,48.91059112548828,54263000
2022-03-07,47.562283717220296,48.63401391800771,46.73255902456524,48.01171875,49710700
2022-03-08,48.88466850771233,49.51560529637118,47.328930347147086,47.42400360107422,43858100
2022-03-09,49.17853578918796,49.50696651020489,48.23645125356833,48.357452392578125,32757100
2022-03-10,47.55364500307805,47.85614778482103,46.6288470165689,47.43264389038086,31942500
2022-03-11,47.85615150596383,48.13272644135816,46.73256541879522,46.81035232543945,20550900
2022-03-14,47.277074307543856,47.76972362292997,46.52513639938085,46.870853424072266,25046000
2022-03-15,47.06964447440343,48.07222951527644,46.974571214978944,47.631439208984375,20747100
2022-03-16,48.417947228837434,49.73167984844527,48.37473301245582,49.092098236083984,31659800
2022-03-17,48.150017965915666,49.52425126641941,47.562295340729555,49.51560974121094,21432300
2022-03-18,49.21309727190369,49.80946464257041,49.03159559258479,49.56745910644531,30900500
2022-03-21,49.98232791593762,49.98232791593762,49.0488849977221,49.24767303466797,21661200
2022-03-22,49.97367650333782,50.34532465727433,49.53288627033775,49.69710159301758,23407400
2022-03-23,49.36868422274414,49.69711827538581,48.4006717116801,48.70317459106445,23070200
2022-03-24,48.927890538751804,48.95381841322466,48.573528633809225,48.763671875,16770200
2022-03-25,48.85874006261788,49.46374901465448,48.780953150255556,49.040245056152344,21206300
2022-03-28,48.573525649904106,48.642667743262244,47.30300712624067,48.331520080566406,25546300
2022-03-29,49.5069636862578,49.6106817683789,48.51302346034902,48.806884765625,21463500
2022-03-30,48.40929617729529,48.78958914539165,47.1474227579625,47.51042938232422,32222400
2022-03-31,47.11285172775542,47.415357808203424,46.118911655796985,46.15348434448242,29202400
2022-04-01,46.21398195721727,46.447342645428726,44.74467575201523,45.22868347167969,40073100
2022-04-04,45.15955135908346,45.80777458433346,44.64961562333877,45.63491439819336,29296200
2022-04-05,44.995329633981974,45.35833300622273,44.44217645713412,44.580467224121094,23065500
2022-04-06,44.087809289735766,44.156954664886264,43.56059064086151,43.67294692993164,25196600
2022-04-07,43.69888268076229,43.74209689625064,42.385150088310105,43.24080276489258,28689900
2022-04-08,43.076582340142636,44.3384557467693,43.0679408168788,43.9754524230957,26853300
2022-04-11,43.89767180801767,45.159545395237735,43.54330995689331,43.69023895263672,20895700
2022-04-12,43.73345538721445,44.182890515805795,43.25809238677303,43.50873947143555,18755500
2022-04-13,42.59257937648858,43.3704484385727,42.523437291544035,43.344520568847656,21194200
2022-04-14,43.78531221714676,44.85704259229457,43.45687823648372,44.018672943115234,34043100
2022-04-18,43.94088082009907,45.98926477558986,43.889021788137825,45.21139907836914,28396300
2022-04-19,45.57440162386781,45.96333611427724,45.37561361699919,45.738616943359375,19996800
2022-04-20,46.153487442151174,46.65477827360278,45.71269387440987,45.894195556640625,20532800
2022-04-21,46.274494389330336,46.47328244209028,45.39291043989468,45.48798370361328,15952900
2022-04-22,45.32375313345674,45.46204058150033,44.22609507215884,44.2779541015625,23073900
2022-04-25,43.88902224295323,44.28660156471018,42.93829639304246,44.1915283203125,22079300
2022-04-26,43.67295054097452,44.59774857936399,43.40502043269526,43.41366195678711,18335800
2022-04-27,43.00744335578709,43.75073975416401,42.81730014243568,42.86915588378906,24707500
2022-04-28,43.137085414267474,43.24080018465737,42.359216393760505,43.23215866088867,20112100
2022-04-29,43.36313772870342,43.58143785889846,41.957284357288046,42.09699630737305,21844900
2022-05-02,42.315299706456734,42.66458127414932,41.72152303997687,42.533599853515625,25904000
2022-05-03,43.07499100985694,44.36732761253448,42.856690840533105,43.747352600097656,25374500
2022-05-04,43.80847475931077,45.7557151288724,43.694961073781755,45.607269287109375,26643600
2022-05-05,44.917438241687584,45.51994879526264,44.26253778327711,44.803924560546875,25756000
2022-05-06,44.74280163823816,45.40643264978913,44.166489357076834,45.074615478515625,25912900
2022-05-09,44.52450282070076,44.725338571435515,43.30202057249357,43.56398010253906,28888400
2022-05-10,44.131557020642916,44.26253510580446,41.61673847979102,42.56852722167969,31054700
2022-05-11,42.74316685533497,43.60763351964529,41.52941864461912,41.616737365722656,30179000
2022-05-12,41.26745334072882,41.389704206325156,39.64330324118056,40.65621566772461,36301500
2022-05-13,40.87452645351188,41.782652660782404,40.87452645351188,41.599281311035156,21739400
2022-05-16,41.555613712758586,41.974749571038025,41.040425262395075,41.44209671020508,16919100
2022-05-17,43.52032458202731,45.06589027617613,43.3980770126025,44.57689666748047,46643400
2022-05-18,44.297462460737314,44.58562023434322,42.79555648411525,43.06624984741211,32181600
2022-05-19,42.4899348008053,43.92198304079782,42.4288110342931,43.467918395996094,27279400
2022-05-20,43.88706134628515,44.29746670033765,42.35896027344659,43.44173049926758,29025500
2022-05-23,44.8388460818088,46.80354728301554,44.66420863983142,46.078792572021484,35166800
2022-05-24,45.81683847407962,46.28836428634587,44.96110224982359,46.00020980834961,24344800
2022-05-25,45.89542974274998,46.38442000026568,45.42390056786301,46.017677307128906,23507900
2022-05-26,46.68130132197417,47.371130566529445,46.42807235913806,47.23141860961914,19140700
2022-05-27,47.15283540078973,47.15283540078973,46.31456357088144,46.82101821899414,19509300
2022-05-31,46.305820972775365,47.0305789791983,45.79063254983482,46.637638092041016,25805400
2022-06-01,46.716235851251994,46.92580547771838,45.17067026542561,45.74698257446289,23902000
2022-06-02,45.75570355173265,45.84302226173785,45.05714054770995,45.781898498535156,17473600
2022-06-03,45.46755095138452,45.69458495264845,44.72533183947348,44.82138442993164,16550000
2022-06-06,45.23178552789238,45.90415031698348,44.856309043971436,44.88250732421875,18473200
2022-06-07,44.559419644827656,45.60726089211426,44.38478221277614,45.493743896484375,15528800
2022-06-08,45.144479628340456,45.50249180408469,44.58563167898326,44.89125061035156,13207700
2022-06-09,45.00475557326871,45.057145472600105,43.6250971536176,43.63383102416992,14272900
2022-06-10,42.54233097847082,42.91780747365321,41.363508261853184,41.660396575927734,28910800
2022-06-13,40.7435396087016,41.04915848439753,39.64330832520037,39.89653396606445,30308400
2022-06-14,40.33314091541533,40.804670113682576,39.774292975689605,40.13230514526367,25223600
2022-06-15,40.57762951249505,42.0708016126396,40.560165102254125,41.54688262939453,30001500
2022-06-16,40.86578970751908,41.206337427674015,40.13230102910993,40.94437789916992,24744900
2022-06-17,41.14520727541477,41.293653094870685,40.15849309318946,40.62128829956055,35111400
2022-06-21,41.87870407104492,42.21052126416558,41.4944969686395,41.87870407104492,20289700
2022-06-22,41.328578176944035,41.90489033065803,40.98802720934436,41.21506118774414,19752800
2022-06-23,40.9269155597681,40.96184438693705,39.80921973833184,40.47285079956055,24137200
2022-06-24,39.78302109392838,42.140660082245695,39.75682281048318,41.7913818359375,27322600
2022-06-27,41.96602204815714,42.262910385488944,41.25872836277953,41.76518630981445,21198200
2022-06-28,42.262903711861085,42.882875240715954,40.98802850522159,41.223793029785156,21643600
2022-06-29,41.2674585436175,41.73898766309457,40.71734456855684,41.12774658203125,20981000
2022-06-30,40.35934409527956,40.78721064368995,39.521068753073166,40.15850830078125,21207900
2022-07-01,39.94019241700013,41.07535240311345,39.59091088389039,40.92690658569336,16539600
2022-07-05,39.89653618356463,40.734811332486835,39.232905160455495,40.69988250732422,19156800
2022-07-06,40.429195893282746,40.761013126018035,39.6957070967607,40.2982177734375,14952800
2022-07-07,40.9618332291122,41.302380873755105,40.69987375869424,40.97929763793945,15598900
2022-07-08,41.26745054796333,41.52941333980314,40.67367732451349,40.883243560791016,11789900
2022-07-11,40.53396559802815,40.865782720599725,40.24581116523893,40.3331298828125,12778200
2022-07-12,39.800479235680776,40.979298544126905,39.73062159882699,40.280738830566406,16966700
2022-07-13,39.90527359227833,39.97512791779885,38.997144043536736,39.73063278198242,21793600
2022-07-14,38.83996775524944,38.83996775524944,37.931838203985485,38.5430793762207,27337600
2022-07-15,41.04043281473142,44.20141840948495,40.33313905004226,43.64257049560547,86566200
2022-07-18,44.23634174043403,44.96983036901311,43.42426492554305,43.721153259277344,26042500
2022-07-19,44.428453776238285,45.76444981823307,44.384794406231244,45.519954681396484,28113600
2022-07-20,44.96983236351293,45.799373626708984,44.92617299829126,45.799373626708984,24546500
2022-07-21,45.502487309364675,45.95655205611416,45.223063362287476,45.92162322998047,18261900
2022-07-22,45.86049174830793,46.29709200867149,44.961096277877594,45.32783889770508,14903400
2022-07-25,45.78190713681821,46.41061262666678,45.46755439189393,45.546142578125,16794700
2022-07-26,45.205590578640646,46.10498603356982,44.742795376550184,44.88250732421875,18960800
2022-07-27,45.14446921655148,46.026400308666844,44.81265207402482,45.7120475769043,17087300
2022-07-28,45.485021729772825,46.035139068783394,44.8039262926143,45.607269287109375,12729200
2022-07-29,45.60726876688543,46.07462754884613,45.413269258671306,45.765995025634766,16783500
2022-08-01,45.40445091242652,46.03935255958919,45.09581503703605,45.783626556396484,13051800
2022-08-02,45.64253885121907,45.942354745290636,44.7342745385209,44.75191116333008,17378500
2022-08-03,45.18399622865453,45.66017160274013,44.822453860341085,45.5102653503418,13570600
2022-08-04,45.466179462430404,45.633722352839264,45.03409056296028,45.20163345336914,10152200
2022-08-05,45.078176879285245,46.15398736380968,44.89299737865654,45.55435562133789,13868800
2022-08-08,45.827719625892904,45.99526250812503,45.33390424543314,45.38681411743164,11594400
2022-08-09,45.53672089463505,45.951173153741514,45.34272139227167,45.933536529541016,9739300
2022-08-10,46.568444332511575,47.97052408386568,46.50671782603655,46.90353012084961,32416200
2022-08-11,47.52961428233377,48.03224628361554,47.39734128669456,47.617794036865234,13450300
2022-08-12,47.77652179559514,47.97052129830419,47.29152640266463,47.952884674072266,15493600
2022-08-15,47.39733661532288,47.78533220640019,47.15043063589565,47.67951583862305,11595200
2022-08-16,47.45025065050143,48.111608893943895,47.38852415022083,47.776519775390625,14708000
2022-08-17,47.106353940838446,47.63544269320051,47.00053753590318,47.40616989135742,13370800
2022-08-18,47.26506765988008,47.370887400515144,46.771255658951006,47.220977783203125,10573300
2022-08-19,46.86826101265114,47.09753041710329,46.180446071609936,46.39208221435547,14798800
2022-08-22,45.46618033279154,45.651359851605534,44.96354828810081,45.19281768798828,16749600
2022-08-23,45.201635349204906,45.571997759118986,44.84891292873316,44.92827606201172,11126100
2022-08-24,44.91063134314919,45.228083819055904,44.64608873450752,44.98117446899414,11159300
2022-08-25,45.15754024005776,46.07462448204641,45.034087238990445,45.907081604003906,12569000
2022-08-26,46.1010766606351,46.15398653007695,43.87009597205355,43.896549224853516,20049700
2022-08-29,43.79955393795794,43.84364718223549,43.23519539516474,43.535011291503906,15103100
2022-08-30,43.94946805736562,43.94946805736562,42.94420387984999,43.279293060302734,16735500
2022-08-31,43.45564763818324,43.693737026279074,42.917742357356595,43.04119873046875,16582100
2022-09-01,43.00591787160971,43.00591787160971,42.15938021739324,42.98828125,14470900
2022-09-02,43.48209824082257,44.22281955779492,42.873646545262794,43.06764602661133,15568100
2022-09-06,43.18228955218351,43.296922570320135,41.99184257896148,42.520931243896484,15544500
2022-09-07,42.09766168305633,42.979472747215645,41.97420530844653,42.88247299194336,15413900
2022-09-08,42.679652466637265,44.04645880291239,42.43274310662336,44.00236892700195,18088800
2022-09-09,44.363913014908135,44.98117802931547,44.31100314345521,44.68136215209961,18711800
2022-09-12,45.201632821140045,45.53672196111316,44.70782078732934,44.85772705078125,13506500
2022-09-13,44.002359848294276,44.26690241301756,42.82954988077138,43.2087287902832,22148200
2022-09-14,43.32337648184488,43.65846224846372,42.06238645043025,42.70610809326172,25701700
2022-09-15,42.64438453585854,43.429195861951115,42.573838034534916,42.714927673339844,16556900
2022-09-16,42.31811093010486,42.53856367781279,41.859568811211325,42.423927307128906,19995600
2022-09-19,41.87720454557599,42.75019552421304,41.833111305896985,42.5385627746582,14716100
2022-09-20,42.168205161665185,42.300478167900884,41.32166734051511,41.66557312011719,16650200
2022-09-21,41.665561992245124,42.08883078977522,40.83666101756219,40.85429763793945,18641800
2022-09-22,41.10121165014788,41.330481032299446,40.11358426236553,40.19294738769531,18443100
2022-09-23,39.66385467472603,39.7784910359034,38.18241206387369,39.02894973754883,30918000
2022-09-26,38.52632652323127,38.95841545101627,37.54751900816362,37.909061431884766,23684400
2022-09-27,38.120686279462866,38.261775894372526,37.10660572350022,37.55632781982422,21255500
2022-09-28,37.55632000218189,38.46458399886046,37.43286703531386,38.27058792114258,19818100
2022-09-29,37.829696077960946,37.988422338952624,37.044881403572205,37.37997055053711,20982200
2022-09-30,37.379961034682076,37.89141293741937,36.69214965470983,36.74505615234375,22266400
2022-10-03,36.63924200677319,37.84732199079337,36.20715655206539,37.52987289428711,22001000
2022-10-04,38.42050302870317,39.461040224398,38.332323278766395,39.161224365234375,20660000
2022-10-05,38.58804573340117,38.79968184171913,38.01487063358996,38.658592224121094,15458500
2022-10-06,38.28824006422621,38.62332925663121,37.732701439263245,37.97079086303711,17738400
2022-10-07,37.65332729413906,37.732690412203816,36.98314910518297,37.2036018371582,18101300
2022-10-10,37.468152821791165,37.57396920542733,36.62161166117526,36.6833381652832,13768800
2022-10-11,36.39233513508791,36.64806109559897,35.64279387467703,35.66925048828125,20176100
2022-10-12,35.616345090169325,36.47170282070948,35.316529221185085,36.013160705566406,20862200
2022-10-13,35.448802862289135,38.07659923785127,35.28125661947978,37.873783111572266,27964900
2022-10-14,37.997232587100484,39.17003935871708,37.74150661358589,38.12068557739258,28885100
2022-10-17,39.0730497307993,39.17886611734544,38.085418910227716,38.43814468383789,20835400
2022-10-18,39.38167937766277,39.637405376622624,38.49105174204931,38.93195724487305,21302100
2022-10-19,38.649782249308224,38.88786828687638,37.82087765983982,38.21769332885742,15142800
2022-10-20,38.261780450869104,38.74677584963781,37.6709686692772,37.847328186035156,15421600
2022-10-21,37.86495959528509,39.08185960359416,37.63569023677204,39.02894973754883,18783600
2022-10-24,39.081861244754535,39.3904937333751,38.77322875613397,39.161224365234375,14392300
2022-10-25,38.84377230947813,40.20176200199109,38.72031931267548,39.96367263793945,20085700
2022-10-26,40.12240436143975,40.54567327851474,39.87549833410659,40.04304122924805,16516200
2022-10-27,40.44867135538718,40.68676073921525,39.9901292121452,40.06949234008789,15687900
2022-10-28,40.17531592763515,40.8102176480359,39.70795374558167,40.677947998046875,13457900
2022-10-31,40.30757686826468,40.757302327044485,40.184123876079404,40.439849853515625,15600400
2022-11-01,40.827844454158246,40.98657068704197,40.56330185396593,40.757301330566406,15505200
2022-11-02,40.677944483350366,41.45393578166358,40.15767583179104,40.1664924621582,20306800
2022-11-03,39.82257908330507,40.04303180262449,39.249400667537984,39.31113052368164,16025800
2022-11-04,39.79283084688295,40.542124357888405,39.489545297124295,40.25667953491211,15204100
2022-11-07,40.56887382052193,40.90784074090885,40.32802917204463,40.79187774658203,11792300
2022-11-08,40.85432570485226,41.505496874278464,40.7026846419917,41.1397705078125,16737100
2022-11-09,40.791890357779124,40.907853387957005,40.274522858810975,40.46184539794922,13299000
2022-11-10,41.66605994810865,43.49469177810446,41.532259610950206,43.19140625,27915500
2022-11-11,43.26276584028572,45.109238254443305,43.20924366785716,44.77027130126953,26009200
2022-11-14,44.54726882685129,44.58295027631701,43.72661590576172,43.72661590576172,19631600
2022-11-15,44.44914617091329,44.975432193380584,43.253844937464294,43.735530853271484,19839400
2022-11-16,43.601730934191096,43.67309042494938,42.941637780134144,43.14680099487305,18052100
2022-11-17,42.53131564625013,43.04868306550366,42.28155229921535,43.039764404296875,11962700
2022-11-18,43.46792789197849,43.77121338869068,42.95947917730954,43.405487060546875,12884300
2022-11-21,43.4054857948911,43.7444527290432,43.06651886073899,43.60173034667969,9884100
2022-11-22,43.833650522048096,44.31533981197099,43.824731862354625,44.003135681152344,13132000
2022-11-23,44.01206170551233,44.12802471755075,42.68295660597458,43.030845642089844,22863300
2022-11-25,42.995165518288466,43.289528985288726,42.93272467974991,43.07544708251953,6823600
2022-11-28,42.73647671510574,42.986240049478305,41.77310142340424,42.129905700683594,18987100
2022-11-29,42.12989632299252,42.72754854362866,42.11205560268419,42.43318176269531,12224700
2022-11-30,41.996108167793565,43.20032821325986,41.20221119698396,43.18248748779297,23993100
2022-12-01,43.066521816862235,43.414407435079355,42.23694684906592,42.620513916015625,19797600
2022-12-02,42.17450250588425,42.326146948994484,41.75525742785703,42.138824462890625,12745400
2022-12-05,41.87122113641735,42.03178425535935,40.479678642613706,40.71160125732422,20397500
2022-12-06,40.72051989957856,40.934601771666635,39.42709639578727,40.122867584228516,22160800
2022-12-07,39.81957698486266,40.542110866641465,39.52521359783619,39.846336364746094,20233400
2022-12-08,40.0069000700652,40.470748610932894,39.4806107066547,39.86417770385742,15622200
2022-12-09,39.783901177885056,40.31019060767312,39.739301070839296,40.01582717895508,14030600
2022-12-12,39.82851120135185,40.85432744224896,39.569825774302345,40.82756805419922,19045100
2022-12-13,41.782013466017254,42.6829477814204,41.246805433488404,41.55900955200195,25655400
2022-12-14,41.48764836218587,41.96041899310836,40.78295855119505,41.0148811340332,16587500
2022-12-15,40.22099105290774,40.37263209990312,39.364656733619476,39.80174255371094,20201900
2022-12-16,39.427097504024964,39.83742393936912,39.07921190002579,39.56089782714844,26955400
2022-12-19,39.56981964286865,39.67686058125198,38.784844821594056,39.18625259399414,18019100
2022-12-20,39.3825053758572,39.7393097125843,39.07029775310385,39.079219818115234,14412700
2022-12-21,39.43601802713882,40.042589048371674,39.400336578179186,39.971229553222656,22492300
2022-12-22,39.641173292409945,39.641173292409945,38.276390470143355,39.239768981933594,24476100
2022-12-23,39.248687329524785,39.569813497573115,39.141646407765194,39.48060989379883,15143800
2022-12-27,39.498454418457214,39.73038040783647,39.22193172705025,39.59657669067383,14777800
2022-12-28,39.632260783050796,40.02474649536539,39.41817550184367,39.80174255371094,12882200
2022-12-29,39.99798723287192,40.354794901712,39.828505461696444,40.28343200683594,14124100
2022-12-30,40.078266933816614,40.39047107752854,39.92662249060657,40.34587097167969,11802800
2023-01-03,40.80972361609312,41.70173943283833,40.6224011112415,40.836483001708984,19564000
2023-01-04,41.51441219245617,42.40642790744954,41.336008368903514,41.88905715942383,21507200
2023-01-05,41.65713634310205,41.889058941649026,41.00596525178435,41.70173645019531,12314900
2023-01-06,41.978263300255385,42.54023078454507,41.576855523784104,42.20126724243164,16736300
2023-01-09,42.71863344009547,43.102200482276395,42.34398846090669,42.406429290771484,16745500
2023-01-10,42.42427288021261,43.00408111138246,42.10314664620088,42.98624038696289,12429900
2023-01-11,43.004080604059695,43.47685128867532,42.69187643732597,43.45008850097656,17143700
2023-01-12,43.7622954860343,44.136940481111374,43.30736553170337,43.78905487060547,16287800
2023-01-13,43.27168444773026,44.80595269442568,42.584835284311694,44.52942657470703,28037000
2023-01-17,44.47590395549216,45.26087873501709,44.368863022801904,44.87731170654297,28193500
2023-01-18,44.81487641790365,45.02895830974407,43.92286059543779,44.092342376708984,18952000
2023-01-19,43.39656554889614,44.243977749155036,43.23600244925828,44.038814544677734,14869100
2023-01-20,44.3153399770227,45.59092269243804,43.94069161587514,45.573081970214844,19957300
2023-01-23,45.53741027528882,46.64351147055381,45.385769208080134,46.36698532104492,18531200
2023-01-24,45.86743927001953,46.34020983903252,44.975423694302904,45.86743927001953,13303200
2023-01-25,45.35900815608336,46.33130564467677,45.35900815608336,46.29562759399414,20719000
2023-01-26,46.45618333835102,46.616743047796795,45.947731214487156,46.55430221557617,22393300
2023-01-27,46.34913750016661,46.55430071409886,46.0815334560276,46.25993728637695,18294000
2023-01-30,45.88528574048823,46.42049719465577,45.796085532845204,46.16181182861328,11126200
2023-01-31,46.259932322580006,46.581058502197266,46.054769130662244,46.581058502197266,34823400
2023-02-01,45.974493192756654,47.04491278777149,45.85853019091444,46.51862335205078,22111900
2023-02-02,46.90218468181452,47.48199281477263,46.143969334880516,46.581058502197266,22331700
2023-02-03,45.95950289498259,46.42792630402913,45.51810278996526,45.896446228027344,20050600
2023-02-06,45.401002886310515,45.932483001778614,44.95960274851597,45.81537628173828,16152000
2023-02-07,45.71627988238527,46.626099901064116,45.57214987636693,46.058589935302734,14361000
2023-02-08,45.73430048292599,46.40090052927646,45.58116040546881,46.07661056518555,13242300
2023-02-09,46.256772861560776,46.35586289853964,44.91456264156763,45.02265930175781,16794900
2023-02-10,44.878529943798775,45.21182998887062,44.27498652606515,45.139766693115234,16519900
2023-02-13,45.03166627803533,46.01355308472229,44.96860617455027,45.94148635864258,11626900
2023-02-14,45.878424878868266,46.61709156204645,45.48206823599933,46.4909782409668,16283300
2023-02-15,45.7973561208523,46.73420293736423,45.770332816868695,46.680152893066406,9216600
2023-02-16,46.25676401639285,46.689157447133525,46.03156067953343,46.35585403442383,9398000
2023-02-17,46.17569040676151,46.47296045911039,45.86941373297639,46.319820404052734,12297700
2023-02-21,45.707275058919876,45.860411692945526,44.52720822573359,44.896541595458984,22899200
2023-02-22,44.941582540375414,45.473062614152774,44.473159133289386,45.07670593261719,14431500
2023-02-23,45.34694698572814,45.599173639728086,44.77042695582516,45.38298034667969,12550700
2023-02-24,45.040680728085675,45.34695749448991,44.72539733752157,45.20282745361328,14547300
2023-02-27,45.491077410462324,46.11263742909066,45.391987385101906,45.464054107666016,14190200
2023-02-28,45.4730614500811,45.82437813731956,45.2658747739233,45.6622314453125,12932400
2023-03-01,45.45504469091516,46.427924841282966,45.310914680082576,46.39189147949219,15966000
2023-03-02,46.10363116599743,46.346851202049834,45.455044403191025,46.30181121826172,18104500
2023-03-03,46.37387461334492,47.19361469099253,46.37387461334492,47.1575813293457,15879900
2023-03-06,47.16659463926925,47.247667990398014,46.8513078576215,47.00444793701172,12693300
2023-03-07,46.662129243050785,46.959399287798206,45.69825926650084,46.013545989990234,30953800
2023-03-08,45.9955388542241,46.18470886576793,45.310918665307156,45.653228759765625,12847700
2023-03-09,45.56314708563996,45.78835045375088,43.60838006354522,43.77953338623047,29460100
2023-03-10,43.31111622679855,44.48217313001839,42.45534268494644,43.545326232910156,29770800
2023-03-13,42.33822371706509,42.55442041398846,40.17627049315108,40.30238723754883,50709200
2023-03-14,42.5274096518231,43.230046603476495,41.94188286783169,42.69856643676758,42165900
2023-03-15,40.93296168648048,40.98701173023673,39.72587153323567,40.37445831298828,41832800
2023-03-16,40.23032422303519,41.51848759322818,39.36554422854108,41.0951042175293,28877300
2023-03-17,40.51858967035847,40.51858967035847,39.473646177399225,39.86099624633789,37130200
2023-03-20,40.275357316864905,41.203197248868356,39.55470744467507,39.716854095458984,31899900
2023-03-21,41.05007337236564,41.45544015884782,40.49156993117407,40.599666595458984,29835600
2023-03-22,40.69875444764078,40.81586116551185,39.34753418958187,39.37455749511719,21672000
2023-03-23,39.915050562562584,40.401487279223616,38.834073590246035,39.140350341796875,24112600
2023-03-24,38.59085204579291,38.84307873641759,37.843175160968386,38.83407211303711,25453900
2023-03-27,39.689841343502074,40.53660473874349,39.52769464964065,40.33842468261719,29335200
2023-03-28,40.28437647122549,40.74378979464967,40.077189800949455,40.73478317260742,16206000
2023-03-29,41.06809014554505,41.44643018953452,40.95098342112073,41.39238357543945,15047000
2023-03-30,41.86981022729226,42.01394024694627,41.20321017501651,41.5004768371582,14226400
2023-03-31,41.97791042973075,42.3112139203607,41.734693793033564,42.2391471862793,16009200
2023-04-03,42.46434591192669,42.779632684408334,41.82476918068858,42.076995849609375,16633100
2023-04-04,42.24815381211887,42.35625046812346,41.12213695610644,41.51849365234375,15542400
2023-04-05,40.959992679288106,41.608576090050775,40.815862650637406,41.2302360534668,11739100
2023-04-06,41.25725595484872,41.626589337554165,41.005029284610075,41.31130599975586,11918100
2023-04-10,41.24825218046625,42.12203896398563,41.230235497586456,41.905845642089844,11777100
2023-04-11,42.04096856060459,42.671538760342,41.96890526035721,42.518402099609375,14177300
2023-04-12,42.77061575070521,42.914745743540344,41.90583579369439,42.26615905761719,14330900
2023-04-13,42.24815520216173,42.869715290052014,41.959895152444716,42.60847854614258,15578900
2023-04-14,43.3921839942302,44.941584290599046,43.25706403305687,44.644317626953125,33064500
2023-04-17,44.824477873179525,44.86952129686749,44.22093448266531,44.76142120361328,19590400
2023-04-18,44.977616169945,45.3109161867663,44.54522612306938,45.11273956298828,16616200
2023-04-19,44.79745415527845,45.44604096350472,44.4821708103522,45.4010009765625,14894000
2023-04-20,44.86952415282979,45.08571748043747,44.22994392085721,44.50019073486328,20410200
2023-04-21,44.103824895817326,44.3380383129594,43.52730484797614,44.1668815612793,14377300
2023-04-24,44.1668815612793,44.41911165945773,43.91465489943141,44.1668815612793,11208800
2023-04-25,43.68945832734052,43.82458173793689,42.98682483943397,43.14897155761719,15374000
2023-04-26,43.058883486934135,43.11293353260005,41.7887366225961,42.212120056152344,16984600
2023-04-27,42.37426732241353,42.65351730458798,41.83377716753225,42.365257263183594,16541400
2023-04-28,42.06473476857817,43.10292342092427,41.928133466903724,42.86614227294922,15222100
2023-05-01,43.603802649153366,44.05914727818879,42.957210635680156,43.030067443847656,18314800
2023-05-02,42.638465566938976,42.85703249068984,41.49099877075629,41.891700744628906,19450100
2023-05-03,42.0100947614882,42.4381163332806,41.554750150727656,41.5911750793457,14533500
2023-05-04,41.01743808794008,41.34528672130068,40.1431773816473,40.88994216918945,20601800
2023-05-05,41.70955818552973,42.347041221296095,41.591167635200954,42.1831169128418,13384500
2023-05-08,42.69310602105631,42.938992495169,42.13758511369095,42.219547271728516,8760900
2023-05-09,41.80974012214325,42.58382453567707,41.70045839324515,42.36526107788086,10188800
2023-05-10,42.93899282047643,42.97541774454435,41.518316561729954,42.22865295410156,11840000
2023-05-11,41.654920595318856,42.010088785347065,41.37260572616667,41.91901779174805,11222800
2023-05-12,42.19222691594895,42.23776067533397,41.04475672502869,41.39081954956055,12812800
2023-05-15,41.6093843345744,42.17401408608292,41.554745211140414,41.937232971191406,11911300
2023-05-16,41.82795321678739,42.03741130580594,41.21778967573036,41.23600387573242,9201200
2023-05-17,41.69134554122205,42.90256370171783,41.69134554122205,42.875244140625,16359100
2023-05-18,42.784174858552426,42.784174858552426,41.76420400691225,42.24686813354492,17618000
2023-05-19,42.31061463189519,42.5565011050762,41.54563565111089,41.62759780883789,15416200
2023-05-22,41.86437136840603,41.982758428433165,41.390812706289765,41.70044708251953,14471000
2023-05-23,41.74599400636273,42.638469025565506,41.709565603782124,41.80974197387695,13797100
2023-05-24,41.12672737479792,41.19958418406249,40.2615718718025,40.51656723022461,23744900
2023-05-25,40.3435293051674,40.798873887559814,39.96104152347943,40.279781341552734,18109400
2023-05-26,40.48923762947382,40.66227078643951,40.061216103408306,40.61673355102539,11962600
2023-05-30,40.73511756180464,40.88082765929858,40.297987269322824,40.70779800415039,12431100
2023-05-31,40.25245839443832,40.443702269205254,39.80621921264565,40.36174011230469,18154100
2023-06-01,40.68959032472517,41.299750370080915,40.35263632167802,40.83530044555664,15757100
2023-06-02,41.4090326026989,42.510965529750386,41.30885625042094,42.1831169128418,19455600
2023-06-05,42.21954553936115,42.32882725425941,41.718667249240795,42.11026382446289,11004700
2023-06-06,42.06473431215979,43.266843818671134,42.028309383177415,43.00274658203125,14189200
2023-06-07,43.23041374180169,43.877002184792225,42.94809886328316,43.72218322753906,15457400
2023-06-08,43.46718802187423,43.94074674565073,43.28504951672896,43.804141998291016,12058600
2023-06-09,43.804147634748304,44.232172655814956,43.63111794329753,43.98628616333008,11744000
2023-06-12,43.95896234525745,44.16842041695231,43.68575631582951,44.122886657714844,13801000
2023-06-13,44.12289010124741,45.00625621620585,44.12289010124741,44.341453552246094,14062700
2023-06-14,44.46894729519766,44.86964922039475,43.3123718026026,43.931640625,22053000
2023-06-15,43.83147160839047,44.250387801274286,43.330593249594294,44.22306823730469,14926100
2023-06-16,44.478053862786325,44.478053862786325,43.85878502360068,43.886104583740234,18223000
2023-06-20,43.631116201212464,43.631116201212464,42.87524602768286,43.35791015625,12777700
2023-06-21,43.257731963325156,43.57647175661154,43.0118454910743,43.1757698059082,10550700
2023-06-22,43.002745615731676,43.03917054389556,42.28330030593946,42.46543884277344,11841900
2023-06-23,41.982773072351684,42.11937784957344,41.745995395704945,41.90991973876953,13249100
2023-06-26,42.00097863556155,42.52007112383213,41.90080228273686,42.11026382446289,13253900
2023-06-27,42.073842905444046,42.44722534887272,41.8006368326432,42.2559814453125,11863300
2023-06-28,42.22865406468876,42.24686826420337,41.72777573704873,42.101158142089844,13394900
2023-06-29,42.04651847571114,42.61114827802911,41.90080834343634,42.15580368041992,18840800
2023-06-30,42.602039158065345,42.620253358729336,41.919022266181855,41.928131103515625,15228200
2023-07-03,41.96455808737372,43.06649113529737,41.90991548722746,42.56561279296875,10159900
2023-07-05,42.53828854102743,42.847922985006356,42.26508249610563,42.6202507019043,11852900
2023-07-06,42.34704295821444,42.34704295821444,41.081185670787896,41.32707214355469,17431400
2023-07-07,41.19046908193061,42.21043993849706,41.172254882384365,41.65492248535156,13160700
2023-07-10,41.52742711175952,42.24687243052205,41.47278798183061,41.5911750793457,14307600
2023-07-11,41.70956782546066,42.44722738399314,41.55475231725229,42.37437057495117,14131700
2023-07-12,43.03916755986356,43.95896554380121,43.002742634225115,43.14845275878906,17960500
2023-07-13,43.31237584046923,43.57647304528665,42.929884603211065,43.42165756225586,26210700
2023-07-14,44.15020910380351,44.21395706570271,41.60938556866671,41.66402816772461,38634500
2023-07-17,41.718671661197845,42.456327657275736,41.63670949785547,42.12847900390625,18521400
2023-07-18,42.57471973292901,43.40344675882374,42.51097176739892,42.82060623168945,24678000
2023-07-19,42.87524560705382,43.567367812435535,42.45632596995097,43.27594757080078,15789100
2023-07-20,43.157555607148524,43.603794791752655,43.0118454910743,43.1757698059082,17647200
2023-07-21,43.2941624853099,43.348801610266904,42.63846519379888,42.847923278808594,18251600
2023-07-24,42.7841735166672,43.56736669879233,42.7841735166672,43.4034423828125,19006200
2023-07-25,43.24862685230235,43.5127240508446,42.85703026170135,42.88434982299805,14729900
2023-07-26,43.15755190829403,43.48540050986331,42.8205979451269,43.24862289428711,12267900
2023-07-27,43.34879500093685,44.733042697515046,43.203084899928776,43.603790283203125,25162700
2023-07-28,44.00449674245599,44.04092513997535,42.88434957375974,43.1757698059082,20871700
2023-07-31,43.339694423709595,43.758610576101056,43.130236347513865,43.4034423828125,14377200
2023-08-01,43.10292342092427,43.23041935875526,42.629364598977915,42.86614227294922,15219100
2023-08-02,42.27418793174079,42.51096905201697,41.84616640109337,42.174015045166016,13101100
2023-08-03,41.86438331645238,42.31972791298024,41.62760218081589,42.08294677734375,13467100
2023-08-04,42.12900215635392,43.01340635282657,41.97239045073913,42.11057662963867,18329500
2023-08-07,42.331676193911576,42.59884103935686,42.03687481766492,42.221126556396484,16972000
2023-08-08,41.47492189056496,41.668384696807365,40.6642160888639,41.60389709472656,18524500
2023-08-09,41.47491973923666,41.63153147493486,40.91295336655855,40.940589904785156,13957100
2023-08-10,41.1893284830615,41.44728238725067,40.76555183845781,40.84846496582031,12112300
2023-08-11,40.57208809481372,41.10641439193634,40.51681150643121,41.06035232543945,11973200
2023-08-14,40.60893928239862,40.912951733689624,40.51681163480255,40.62736129760742,14280300
2023-08-15,40.21279244965148,40.21279244965148,39.779801364232796,39.807437896728516,17125100
2023-08-16,39.63240374544223,39.76137892618659,39.21783815425673,39.282325744628906,13963600
2023-08-17,39.4665827161921,39.6876855654334,38.77564114449008,39.11650466918945,16123600
2023-08-18,38.8309143535199,39.429728221590146,38.77563776744608,38.923038482666016,12908700
2023-08-21,39.26390334915191,39.39287854018562,38.38871003445264,38.7572135925293,14486300
2023-08-22,38.97831825923734,39.04280585778018,37.74383585035779,37.78989791870117,20507900
2023-08-23,37.826747352672854,37.983359081168665,37.5595824477337,37.84517288208008,16214500
2023-08-24,37.78989629385841,38.388710185196395,37.513520381370846,37.84517288208008,15579600
2023-08-25,38.01099861567069,38.37950220425455,37.56879641795645,37.992576599121094,16881900
2023-08-28,38.21366962912388,38.563747629025585,37.90965720591957,38.06626892089844,14125900
2023-08-29,38.04784343548823,38.48083455389372,38.010992379813274,38.43477249145508,13199700
2023-08-30,38.40713280998065,38.545322512928735,38.084694855515295,38.11233139038086,18211400
2023-08-31,38.24130904655118,38.397924287646724,37.780681359333066,38.03863525390625,17795700
2023-09-01,38.315006256103516,38.526894543368584,38.12154349568453,38.315006256103516,12413500
2023-09-05,38.259738267776946,38.62824185883574,37.946511269670175,38.103126525878906,15843400
2023-09-06,37.78989343591551,38.22288455846338,37.68855478899493,38.11233139038086,13675200
2023-09-07,37.83596260212194,38.11233854559482,37.49509905564908,37.522735595703125,12406100
2023-09-08,37.412174763038124,37.48587335263867,37.108158855872794,37.39374923706055,15055400
2023-09-11,37.5964265085041,38.11232717863715,37.33847265912783,37.39374923706055,11404200
2023-09-12,37.375324822034166,38.74799667653205,37.36611381592646,38.397918701171875,24774700
2023-09-13,38.637452101590945,39.52185999974583,38.39792723216628,39.033592224121094,31031900
2023-09-14,39.42051629534609,40.019330149455534,39.36523971056099,39.74295425415039,19422800
2023-09-15,39.38366807577948,39.835084764932965,39.30075494978438,39.34681701660156,22983200
2023-09-18,39.245474688899066,39.41130092537326,39.061226438870044,39.282325744628906,10467400
2023-09-19,39.42051053900396,39.484998121348085,39.12570915848521,39.31917190551758,11031700
2023-09-20,39.56791446743529,39.73374069683673,38.941460603987586,38.96909713745117,11240700
2023-09-21,38.74799378684474,39.02436963549276,38.40712684301292,38.42555236816406,12260100
2023-09-22,38.462416723626106,38.56375538985832,37.642499899472064,37.69777297973633,15438200
2023-09-25,37.541158532474256,37.85438551724401,37.38454679724465,37.78989791870117,10866800
2023-09-26,37.46746058253221,37.808327657701554,36.90549766328871,37.05289840698242,21786500
2023-09-27,37.11737890841556,37.430605868101736,36.79493742721229,37.273990631103516,15083400
2023-09-28,37.2924178027949,38.0939090088899,37.227930206575216,37.95572280883789,14409800
2023-09-29,38.18603295221726,38.59138401974877,37.69776525266353,37.891231536865234,16916100
2023-10-02,37.76225340071014,37.817526465317776,37.11737403724584,37.31083679199219,16178900
2023-10-03,37.03446412828019,37.3476910739432,36.47249782744567,36.72123718261719,19283400
2023-10-04,36.56462154696721,36.78572436499225,36.05793183545116,36.675174713134766,23342000
2023-10-05,36.50013382555438,36.739662170410156,36.10399376732448,36.739662170410156,18734100
2023-10-06,36.55540766016284,37.63327458804845,36.398792444253175,37.37532424926758,17080000
2023-10-09,37.016040016917586,37.780680125282416,36.80415170943552,37.531944274902344,14859700
2023-10-10,37.9004467441188,38.471624110378606,37.9004467441188,38.176822662353516,18902100
2023-10-11,38.361077587109,38.69273012187191,38.10312717754263,38.25973892211914,12763900
2023-10-12,38.139978240140906,38.499267314697136,37.882024316263774,38.25973892211914,18112500
2023-10-13,39.57712580101501,39.90877826255977,38.09390424483427,38.167606353759766,32082900
2023-10-16,38.6466697968376,38.692731870011144,37.33848512998126,37.72541427612305,25044200
2023-10-17,37.44903304669302,38.38871045284002,37.402967465698595,37.95572280883789,20258100
2023-10-18,37.71619458537772,37.71619458537772,37.00682750990112,37.283206939697266,23232600
2023-10-19,37.0897429689811,37.54115968697391,36.877854636636926,36.905494689941406,17483300
2023-10-20,36.822581027969875,37.071320418261465,36.44486643848501,36.555416107177734,21396500
2023-10-23,36.46328604415755,36.50013358486079,35.73549352204052,35.82761764526367,21333500
2023-10-24,35.855253100218604,36.205331083688215,35.68943038626977,35.86446762084961,17181000
2023-10-25,35.652580934016264,35.79076712089981,35.24722635148035,35.56966781616211,15570100
2023-10-26,35.4683253585733,36.619894363721784,35.44068882702884,36.24217987060547,25109600
2023-10-27,36.23297399729546,36.269821539804326,35.16431443540372,35.22880554199219,20654700
2023-10-30,35.514389637380006,35.90131867475376,35.38541446302539,35.86446762084961,21777500
2023-10-31,35.965813073977486,36.41722626971781,35.85525989132588,36.38037872314453,16373100
2023-11-01,36.42643545769048,36.702811345224944,36.18690711133322,36.48170852661133,16011000
2023-11-02,36.84100210867606,38.11233193086294,36.7857255238509,38.09390640258789,23283600
2023-11-03,38.78448391211246,39.6337108917983,38.76581915256631,39.4377326965332,20287700
2023-11-06,39.54039684237784,39.54039684237784,38.971133995660075,39.23243713378906,20843900
2023-11-07,38.91514107848614,39.344419949966095,38.868480950706065,39.15777587890625,11463200
2023-11-08,39.0551216770903,39.34442016682459,38.75649258572438,39.02712631225586,14761600
2023-11-09,39.26975625919891,39.45639673135445,38.53251429039253,38.72848892211914,19128400
2023-11-10,38.91514057212776,39.335088836563216,38.700501139180645,39.2697639465332,11912500
2023-11-13,39.15777615449703,40.04433282831617,39.129780789619865,39.848358154296875,16332100
2023-11-14,40.23097063436442,41.78011014187466,40.22163647423285,41.397491455078125,26218500
2023-11-15,41.50947861759964,42.200060545779245,41.50947861759964,41.88276672363281,18894900
2023-11-16,41.77077629372759,42.08807010172914,41.36016224334755,41.68678665161133,14744800
2023-11-17,41.938766046448244,42.35871436185439,41.66813585202201,42.330718994140625,15573100
2023-11-20,42.25605337306448,42.685335784352354,42.190728485247945,42.237388610839844,19670300
2023-11-21,42.10673452676249,42.302712730098605,41.7147852399683,42.078739166259766,14466700
2023-11-22,42.28405382712602,42.29338442860643,41.84544079881699,42.01342010498047,9441200
2023-11-24,41.892094928906694,42.480022416312316,41.84543480830539,42.209388732910156,5941000
2023-11-27,41.957427464341734,42.172066906217196,41.86410720611402,42.06941604614258,14679700
2023-11-28,42.02275036807545,42.03208452942021,41.5841409032378,41.864105224609375,14064700
2023-11-29,42.20939466187856,42.955967376184205,42.144069771873035,42.69466781616211,14027600
2023-11-30,42.73199112847923,43.086610891249244,42.53601648695806,43.02128601074219,16249000
2023-12-01,42.92797232805815,44.103823916757655,42.82531791159638,44.075828552246094,20053400
2023-12-04,43.665214234639784,44.30913253486056,43.58122458157277,44.206478118896484,19351000
2023-12-05,43.87052128566408,44.21581407335274,43.31059261580412,43.58122634887695,14813100
2023-12-06,44.60775541392494,45.83960111419687,44.589090653625185,44.66374969482422,33903400
2023-12-07,44.73841413250433,45.5036516582963,44.58909958015321,45.261016845703125,14896800
2023-12-08,45.2703460961979,45.88626905125027,45.18635644051169,45.624969482421875,17591600
2023-12-11,45.49431196173356,45.68095600484642,44.90638447190669,44.934383392333984,17666000
2023-12-12,44.80373152039383,44.89705532494046,44.52376722663223,44.85039520263672,14735600
2023-12-13,44.79439995639463,46.2222203158242,44.66375019277873,46.0449104309082,22212500
2023-12-14,46.67016841467846,48.10732307371938,46.67016841467846,46.88481140136719,51664900
2023-12-15,46.37154011251713,46.75415884658522,45.91426588786817,46.502193450927734,35156100
2023-12-18,46.81015238480864,47.183440511553194,46.24088959349593,46.343544006347656,17871400
2023-12-19,46.119572926645645,47.88335568350519,45.8862687247263,47.52873229980469,23161500
2023-12-20,47.31408563795282,47.67803956779307,46.53951409706075,46.726158142089844,17452100
2023-12-21,47.04345046624269,47.28608522516704,46.63283642808649,47.220760345458984,13089000
2023-12-22,47.342086431947884,47.83669018209003,47.30475690667012,47.46340560913086,14440600
2023-12-26,47.482071380250794,48.0886601591702,47.3980817265617,47.91135025024414,11501500
2023-12-27,47.724705419247286,48.1353230796009,47.52873075040914,48.02333450317383,9901300
2023-12-28,47.967337812374,48.34062234091172,47.967337812374,48.079322814941406,10218500
2023-12-29,48.11665394099837,48.163314063629834,47.79936012318958,48.00466537475586,13149400
2024-01-02,47.87401925821087,49.600472406745055,47.771364844629886,49.49781799316406,24784900
2024-01-03,49.69378913016083,50.738990834331474,48.74190767174251,50.057743072509766,30897600
2024-01-04,50.319042257299756,51.09361381940583,50.076407484073975,50.17906188964844,23714300
2024-01-05,50.42169991242039,51.0189580634117,50.29105013688346,50.70166778564453,17782200
2024-01-08,50.38436919499668,50.47768943730856,49.47914789282739,50.40303039550781,17359500
2024-01-09,50.25371737091952,50.30971165394039,49.71245354147434,49.90842819213867,17237400
2024-01-10,49.507144226001756,49.66579291297516,49.09653016784911,49.479148864746094,16532700
2024-01-11,48.37795513072934,48.65791943603507,47.83668772185755,48.6019287109375,25444400
2024-01-12,48.80724018817913,50.253725583175104,47.84602797884796,49.10586929321289,37908000
2024-01-16,48.32196280262624,48.732580456313755,47.472735691508085,48.40595245361328,21209400
2024-01-17,47.69670377099467,48.23796757932187,47.59404936943114,47.93000793457031,17393500
2024-01-18,48.01400635678446,48.1353255408139,47.13678026294963,47.696712493896484,15788100
2024-01-19,47.70603472646464,48.228637338344306,47.239426395838194,48.079322814941406,18211000
2024-01-22,48.517939683522776,49.55380727040082,48.48061015968771,49.31117248535156,21573200
2024-01-23,49.37649785166567,49.843106224317935,49.07786877796336,49.74045181274414,12962500
2024-01-24,49.9644281236989,50.0670825408728,49.45115959776895,49.703125,14402200
2024-01-25,49.83377919474854,50.17906841847454,49.49782057277096,50.14173889160156,15634000
2024-01-26,50.263060245474,50.3843794330827,50.02975603234792,50.08574676513672,14041200
2024-01-29,49.899106375897816,50.60834961932242,49.87110744948883,50.49636459350586,12158300
2024-01-30,51.36424647010619,53.37999433879069,51.336247549193686,53.277339935302734,40086100
2024-01-31,52.950718084304995,54.07990945739045,52.390785918190595,52.41878128051758,28967800
2024-02-01,52.27880206790717,52.81073532354771,51.18693663373915,52.316131591796875,21178700
2024-02-02,52.38207520007104,52.74008320497026,51.80738277383585,52.3255500793457,19283100
2024-02-05,51.76027055761596,51.9486960010131,50.978309819305,51.34573745727539,14040600
2024-02-06,51.23268433531808,51.788537424351,50.97831052231152,51.20441818237305,14832700
2024-02-07,51.3457408563023,51.53416631217298,50.65799099720348,51.383426666259766,13383300
2024-02-08,51.044261632425616,51.33632126910979,50.48840851352133,51.14789581298828,15822200
2024-02-09,51.147893638391,51.289210029036454,50.43187765435464,50.865257263183594,13843300
2024-02-12,50.46956691554091,51.3834280653509,49.932556687733346,50.79930877685547,17162300
2024-02-13,50.2057756340143,50.36593494686158,49.21654641265792,49.70644760131836,17672100
2024-02-14,50.53551277136108,50.96888879434195,50.488407306935606,50.8558349609375,14891900
2024-02-15,51.08195173656055,52.269026100257356,51.00658011020928,52.014652252197266,16865000
2024-02-16,51.77911788603339,52.005229156215144,51.39284731132363,51.67548370361328,11527500
2024-02-20,51.42111343610465,52.43860516653338,51.21384507138612,52.212493896484375,16537900
2024-02-21,52.061752656761776,52.25017811039159,51.797959178030005,52.12770462036133,9317200
2024-02-22,52.23133519182349,53.201725019889565,52.20307263165731,52.66471481323242,12904800
2024-02-23,52.749506620093,53.079248471748876,52.52339535473138,52.69297790527344,11668900
2024-02-26,52.72124434118104,53.239411686408495,52.13712862077464,52.15597152709961,12307100
2024-02-27,52.457451395911974,52.68355908637193,52.02407532759961,52.485713958740234,11039300
2024-02-28,52.30670613142563,52.92850760442154,51.80738174075338,51.86390686035156,13448100
2024-02-29,52.28786966866169,52.42918967290055,51.47764264471517,52.27845001220703,23744600
2024-03-01,52.269026232229606,52.71182555336892,51.88275563099647,52.382080078125,12922400
2024-03-04,52.203073502052966,53.29593683833852,52.090019665586645,52.89082336425781,14314700
2024-03-05,52.5233942453127,54.22863937022609,52.5233942453127,53.003875732421875,19653900
2024-03-06,53.76700149432113,54.21922045774676,52.768349037224844,53.97426986694336,17845000
2024-03-07,54.20979672469062,54.75622658334874,53.7293116413692,54.37937927246094,14720300
2024-03-08,54.68086183131397,55.010603697314984,53.94600288235676,54.18153381347656,13028000
2024-03-11,53.84237165098044,54.209799324129285,53.35246688880973,54.08732223510742,9176900
2024-03-12,54.181536570329904,54.57723042358152,53.77642665459457,54.1250114440918,10954000
2024-03-13,54.17211028253131,54.9917568579008,54.13442447370784,54.41706085205078,12982800
2024-03-14,54.954073982889575,55.2743925722918,53.3618827214304,53.78583908081055,18833600
2024-03-15,53.18288581250137,54.407645955043655,53.18288581250137,54.27574920654297,26164300
2024-03-18,54.501858245208915,55.26497978695416,54.22864508534975,55.236717224121094,13994600
2024-03-19,55.19902583664334,55.88677568282355,55.15192037203965,55.453399658203125,13455300
2024-03-20,55.10481625130508,56.847743641563106,55.07655009672027,56.649898529052734,20269900
2024-03-21,56.819478545949174,57.98770985772424,56.819478545949174,57.78044509887695,17892100
2024-03-22,57.50723327519871,58.10076863679182,57.0738572224402,57.299964904785156,16206800
2024-03-25,57.36591086003364,57.95944979052291,57.07385481648997,57.42243957519531,12040300
2024-03-26,57.610872805120984,58.36457113938814,57.46955279510714,58.09135437011719,17947400
2024-03-27,58.439933018302504,59.12768290047598,58.14787696612501,59.118263244628906,16684400
2024-03-28,59.09942134714011,59.7023799613081,58.9581049435227,59.57990646362305,19012000
2024-04-01,59.919067155932865,60.201707147073364,59.372637267155916,59.78717041015625,14223900
2024-04-02,59.0240541175403,59.9096491448663,59.0240541175403,59.20305633544922,16062000
2024-04-03,59.22189254494958,59.72121692375503,57.95944672445578,58.119606018066406,18079900
2024-04-04,58.55299303765472,59.10884619901481,57.23401833797817,57.38475799560547,13401100
2024-04-05,57.299961428035346,58.44935345761791,56.92311052177059,58.03481674194336,12686300
2024-04-08,58.100762700584454,58.713144499375,58.09134304558117,58.157291412353516,10708300
2024-04-09,58.17614565734207,58.49646789864525,57.38476150788227,58.09135437011719,10301200
2024-04-10,57.01732843678935,57.76160704427916,56.49916110529122,56.69700622558594,18088000
2024-04-11,56.8571659049295,57.36591358379013,56.056362168658254,57.19633102416992,18181900
2024-04-12,58.684884048942266,58.97694008545124,55.349765406985625,56.2259407043457,28561900
2024-04-15,56.6970043040846,57.38475417078896,54.82217656800923,55.1707649230957,19242300
2024-04-16,54.81275387740634,55.16133861927508,53.45609712430245,53.71989059448242,23211400
2024-04-17,54.16268871003454,55.48165962691822,54.04021163265197,54.80332946777344,15971600
2024-04-18,55.10481545130623,55.557034385014724,54.57722489835468,54.94465255737305,12272500
2024-04-19,54.859861202421534,55.99982998743035,54.859861202421534,55.717193603515625,13410100
2024-04-22,55.99983079191811,57.526073756033384,55.77372311910473,57.42243957519531,14513100
2024-04-23,57.54492289287062,59.1371108062243,57.48839417158721,59.04289627075195,17427800
2024-04-24,58.53414709423831,59.09941988253295,58.26093035586531,58.854469299316406,10123000
2024-04-25,58.2609306928076,58.816783828542604,57.563757562223266,58.21382522583008,13339100
2024-04-26,57.950026474904554,59.570480368523356,57.950026474904554,59.033470153808594,16364100
2024-04-29,59.10884256462808,59.6929582527791,58.37398363420147,58.656620025634766,10857100
2024-04-30,58.326874946277165,58.73198840272465,57.74275929038963,57.78044509887695,11163400
2024-05-01,57.92176297243243,58.66604153648388,57.35649020631948,57.799285888671875,14086600
2024-05-02,58.59067648688657,58.59067648688657,57.45070757752373,57.97829818725586,11292500
2024-05-03,58.45344273550395,59.06164289282153,58.35841338677726,58.462947845458984,11048900
2024-05-06,58.976115590486074,59.81238401762833,58.65301072654651,59.688846588134766,13386700
2024-05-07,59.69835406066352,60.021458957009834,58.89059363236658,58.91910171508789,10158200
2024-05-08,58.576982077725965,59.8218868104465,58.453441027880494,59.6318244934082,9755200
2024-05-09,59.28021563694427,60.27803833854392,59.19468776965645,60.17350387573242,11563000
2024-05-10,60.420584248492716,60.74368548765729,59.98343981434028,60.37306594848633,9548700
2024-05-13,60.45859609457629,60.77219948579243,60.2210190861292,60.24953079223633,6617900
2024-05-14,60.35405785050856,60.79120227377474,60.087972777758274,60.430084228515625,8322500
2024-05-15,60.4680942940095,61.19032672208322,60.43958259116101,61.04777908325195,9461300
2024-05-16,60.91474178406137,61.26635835666609,60.278037159589736,60.952754974365234,11682200
2024-05-17,61.18082744826291,61.3423853211608,60.724683660824155,60.886234283447266,8418400
2024-05-20,60.886234002825006,61.057289734894844,59.7933783396163,60.021453857421875,11792100
2024-05-21,60.11648237230972,61.65598031438697,60.05946621250443,61.5229377746582,11197200
2024-05-22,61.09530469076733,61.75101955769474,60.47760301542882,60.648658752441406,8855300
2024-05-23,60.62965157881781,60.84822199066471,59.39425186505221,59.88841247558594,11535000
2024-05-24,60.18300862740028,60.79120517998359,60.12598884116906,60.42058563232422,9424600
2024-05-28,60.08797214534308,60.41107699819804,59.25170012175309,59.34673309326172,8404400
2024-05-29,58.50096459087885,59.09015456409919,58.15885311444849,58.9286003112793,7224200
2024-05-30,59.01412783621287,59.375245906465246,58.54847892667197,58.852577209472656,10061500
2024-05-31,58.91909493171778,59.28971446497597,58.386921156317364,59.21369171142578,17351600
2024-06-03,59.79337900591438,59.869405387742546,58.272887620725086,58.84307098388672,11373900
2024-06-04,57.98779389481383,58.947603368163705,57.74071178772044,57.99729537963867,10424200
2024-06-05,58.23487087900348,58.78605123823786,57.90226454162907,58.700523376464844,8780700
2024-06-06,58.729040878761374,58.966617907902915,58.20637213967754,58.862083435058594,8537900
2024-06-07,58.538970061108614,59.47977655545556,58.51996709164785,58.710025787353516,8260800
2024-06-10,58.20636659805635,58.59599274374804,57.72171109981055,58.37742233276367,9302300
2024-06-11,57.750220792160924,57.769227388229645,55.973145748817664,56.20121765136719,16966800
2024-06-12,57.88326331620082,58.16835500684171,56.923453778511075,57.027984619140625,15398500
2024-06-13,56.780909276770004,57.370099286862775,56.21072586379477,57.237056732177734,9358200
2024-06-14,56.48630573634271,56.856928898317776,55.74506666266716,56.38177490234375,10511000
2024-06-17,56.2772378520955,57.52213894414194,55.925621301164966,57.075496673583984,15527500
2024-06-18,57.37009370845309,58.56748383446508,57.10400862495593,57.75971984863281,15768100
2024-06-20,57.417607505673026,57.98779447962075,57.35108623581639,57.607669830322266,9519200
2024-06-21,57.20854361181911,57.265559773013685,56.39127813341439,57.00897979736328,18976200
2024-06-24,57.113509487473145,58.71002722132851,56.86643100193861,58.291893005371094,13290500
2024-06-25,58.158848084362496,58.75754311633524,57.83574323180515,58.51996612548828,11643100
2024-06-26,58.18736089684535,58.358416634181765,57.55065624964452,58.20636749267578,12409300
2024-06-27,58.44394040444964,58.85257312330474,57.93077322842641,58.491455078125,11285100
2024-06-28,58.94760451747118,60.42058482851365,58.73853922101286,60.30654525756836,20053200
2024-07-01,60.4871069494375,61.104808612761886,59.859903800969434,60.278038024902344,15334400
2024-07-02,60.144995735408024,61.49443139001472,60.135490625086895,61.46592330932617,10965600
2024-07-03,61.465923938542325,61.97909114701389,61.209343959444006,61.25685501098633,6574100
2024-07-05,61.29486675070956,61.351882911319976,60.58213574198038,60.84822082519531,7226200
2024-07-08,61.10480718562835,61.64648245460252,61.02878080570487,61.5229377746582,10349000
2024-07-09,61.579964751992705,63.44256766636849,61.52294133860947,63.243003845214844,16904300
2024-07-10,62.967411283513734,63.66113207628784,62.929398092772374,63.651634216308594,9817100
2024-07-11,62.90088365856055,63.195476794205234,62.064608047273865,62.444732666015625,20112300
2024-07-12,63.30001698286633,63.37604336356021,60.20201084720057,61.31386947631836,30125400
2024-07-15,61.46592011460752,62.292690662977805,60.70567445961522,61.90306091308594,16656600
2024-07-16,61.77001961957821,64.16479257470871,61.484924321224156,63.927215576171875,21170200
2024-07-17,63.518579260262015,64.44037912255277,63.30951760359099,64.25032043457031,17215300
2024-07-18,64.19330416466802,64.38336285231425,61.61796327033416,61.66548156738281,15796200
2024-07-19,61.70349710836369,62.70132338224939,61.34238268795312,61.90306091308594,8583100
2024-07-22,61.90306118116876,62.387720280607105,60.96225831189685,61.294864654541016,9925100
2024-07-23,61.304378449821726,61.80804059007937,61.08580439353182,61.44692611694336,6961200
2024-07-24,61.199838267780095,61.45641824444155,60.401579381673834,60.49660873413086,11591100
2024-07-25,60.639159486677,62.387726487256785,60.192513532002586,61.17133331298828,12819700
2024-07-26,61.34238295456902,62.387720281584684,61.23784849684,61.94107437133789,9661300
2024-07-29,62.05511295679034,62.09311889511346,60.95275223828575,61.10480499267578,7901900
2024-07-30,61.77953238683095,62.9389094434331,61.77953238683095,62.596797943115234,13554300
2024-07-31,62.6348024665088,62.74883478397786,61.608468107640206,61.65597915649414,15046500
2024-08-01,61.846047755636285,61.979090298573425,58.87158263444024,60.13549041748047,18052700
2024-08-02,56.704879513845015,57.58866628895971,55.49799148237282,55.8400993347168,30289300
2024-08-05,51.88716005365002,54.59281409511429,51.34026910823034,53.930789947509766,27977300
2024-08-06,54.103492833943235,55.32199720367967,53.81565799180502,54.2666015625,16643100
2024-08-07,55.811315060900114,56.079964080724544,53.604576431020874,53.83484649658203,19221200
2024-08-08,54.54483750052068,55.99361187794872,54.50646220722561,55.64820861816406,17933300
2024-08-09,55.67698828541678,56.089552863352615,55.12050812960781,55.494693756103516,11421000
2024-08-12,55.936040717610325,56.30063343625511,55.389153469652264,55.494693756103516,15123500
2024-08-13,55.868879945539696,55.92644837327997,55.427532979585834,55.7921257019043,7478500
2024-08-14,56.00320358737502,57.116167589511704,55.916852774277416,56.876304626464844,12419500
2024-08-15,57.893326962644466,58.53615796962219,57.663056899536656,58.0660285949707,14159000
2024-08-16,57.88373376451629,59.025480185831775,57.88373376451629,58.91034698486328,9939700
2024-08-19,59.00629268242285,59.53399050286356,58.862373431385116,59.514801025390625,8882500
2024-08-20,59.092642859224725,59.198183154170295,58.61291690766746,58.823997497558594,8661300
2024-08-21,58.910348350009414,58.958320213189744,57.451981017212354,58.07562255859375,14414900
2024-08-22,58.286698373734275,58.286698373734275,57.672649791284684,57.97007751464844,7848500
2024-08-23,58.40183786617497,59.927366578973924,58.277111750676596,59.62034225463867,13299700
2024-08-26,59.831425600657454,60.061692024485225,59.07345766385183,59.28453826904297,9384200
2024-08-27,59.399670550848974,59.65872301861297,58.96791643790898,59.17899703979492,7294800
2024-08-28,58.862372616296234,59.47642490687146,58.67048516426118,59.08304977416992,7692900
2024-08-29,59.49560622934953,59.69709389479423,58.68966654762552,59.370880126953125,8368000
2024-08-30,59.43804663747669,60.15763557095699,59.159804704793174,60.100067138671875,10806500
2024-09-03,59.52439845601582,59.86020516660803,58.49778518646972,58.96791458129883,11055200
2024-09-04,59.073452116534064,59.55317805781501,57.960488079163014,58.48818588256836,11436800
2024-09-05,59.11183612502843,59.28453777145916,57.89333169077553,58.171573638916016,10243900
2024-09-06,58.23872979934475,58.6033225382453,56.415769764860464,56.69401168823242,14094000
2024-09-09,57.48076293079005,58.20994476118753,55.811315021695336,57.12576675415039,19811700
2024-09-10,57.46157418394357,57.46157418394357,54.391327346370495,55.60023880004883,22482300
2024-09-11,55.2548311123693,55.2548311123693,53.90200417660272,54.97658920288086,16569400
2024-09-12,55.043754017209054,55.5138870546799,54.525652777162186,55.00537872314453,12937800
2024-09-13,55.36996769912553,55.916854983679656,55.10132234110414,55.33158874511719,10379400
2024-09-16,55.58104909022126,56.40617831324493,55.58104909022126,56.022396087646484,9912700
2024-09-17,56.473341593797414,57.0010394271098,56.37739420409237,56.88590621948242,10630400
2024-09-18,57.32724927345622,58.41143091213594,56.885902291345324,57.471168518066406,13638700
2024-09-19,58.44980940962463,60.608576237012606,58.14278508697538,60.46466064453125,21860600
2024-09-20,59.984935012293775,60.1096647878108,59.17899524590907,59.62034225463867,18331800
2024-09-23,59.69710007756191,60.32074163418865,59.64912455319024,60.042503356933594,11508200
2024-09-24,60.13844067272468,60.349521245391635,58.64169450839379,58.88155746459961,12046200
2024-09-25,58.6416978156545,58.80480653828292,57.672653028339056,57.931705474853516,12763800
2024-09-26,58.574533242540056,59.48601320920082,58.39223871321521,59.20777130126953,12844500
2024-09-27,59.4956088395073,60.07128215743336,59.284531916950996,59.36128616333008,8144600
2024-09-30,59.17899347838699,60.10006642388271,58.756835960039425,60.06168746948242,11316400
2024-10-01,59.69709750838688,59.82182361833322,58.53615794490223,59.3037223815918,13550100
2024-10-02,59.19818379713363,59.99452698215829,58.82399813645783,59.514801025390625,7380800
2024-10-03,59.006292041543674,59.15980419964126,58.45940474956988,58.823997497558594,7939800
2024-10-04,59.93696207055859,60.37830907135539,59.30372395549667,60.100067138671875,10097900
2024-10-07,59.95615083490943,60.474252079239186,59.55317913374347,60.06168746948242,6954300
2024-10-08,60.34952549849965,60.79087249061773,59.956150368999886,60.67573928833008,8245700
2024-10-09,60.60857399283086,61.64478378841781,60.48384788263571,61.520057678222656,8636400
2024-10-10,61.4049174380642,61.5104577255138,60.55100589054405,60.906002044677734,8708600
2024-10-11,61.52005264755545,63.419763130749885,61.50085951214906,63.07435989379883,15512400
2024-10-14,63.14152883749279,63.736391666165275,62.98802033592274,63.33342361450195,14682900
2024-10-15,64.04341507974691,64.43679387700064,59.994526842825124,60.100067138671875,35348100
2024-10-16,60.867625683016534,61.82708121883295,60.829250389598634,61.64478302001953,20208800
2024-10-17,62.10532610449132,62.52747997235985,61.18424947816331,61.37614059448242,13439600
2024-10-18,61.52005985870854,61.52005985870854,60.18641861304121,60.301551818847656,13841200
2024-10-21,60.243987090708195,60.35912029660017,59.22696673527633,59.322914123535156,12188500
2024-10-22,59.092643748953705,61.107491311823374,58.81440181445669,60.982765197753906,14347300
2024-10-23,60.618170260964774,61.04992434032006,60.08087588887615,60.541412353515625,8720500
2024-10-24,60.45505799575051,60.73329990392455,59.860198887944634,60.445465087890625,11420300
2024-10-25,61.06911201382593,61.15546282714707,59.18858359705652,59.25574493408203,9697800
2024-10-28,59.82182443276746,61.740728230579,59.69709832112305,61.55843734741211,14637700
2024-10-29,61.47208132473389,62.297210522652755,61.24181492439559,62.06694412231445,13134100
2024-10-30,61.5968050752557,62.585046617285336,61.539240307383984,61.8846435546875,11717600
2024-10-31,61.94221315678022,62.38356015832663,61.491269586494035,61.56802749633789,10042800
2024-11-01,61.72154126829528,62.182074072005015,61.10748898997256,61.126678466796875,11557700
2024-11-04,60.97180774041657,61.59130160769437,60.23615600366815,60.35231018066406,9419600
2024-11-05,60.98148862229212,61.697780748258786,60.72013894224245,61.63002014160156,12649800
2024-11-06,66.20847088978178,67.84431840175334,66.10199469028106,66.81828308105469,41957700
2024-11-07,66.01487775930073,66.74084785512127,65.58898032485182,65.92776489257812,18582000
2024-11-08,66.5182191870749,66.91507898750432,65.90839959831703,66.43109893798828,14973300
2024-11-11,67.27322292499606,67.95079200047684,66.98283195839056,67.56361389160156,19173100
2024-11-12,67.30225540152482,67.74751610066443,66.66340566274137,66.80859375,15766500
2024-11-13,66.85700288637742,67.55393533032459,66.60533119607442,66.68276977539062,10525300
2024-11-14,67.0796396918143,67.0796396918143,65.30827088868702,65.96648406982422,15043500
2024-11-15,65.82128643171697,66.75052723632375,65.71481023051678,66.55693817138672,15372900
2024-11-18,66.47949867487034,67.06027324662368,66.17943341287014,66.78924560546875,11519000
2024-11-19,65.82129444136315,66.68277843957908,65.53090342367112,66.40206909179688,14428200
2024-11-20,66.9247619660837,67.26354653038547,65.82128802238671,66.09231567382812,10495600
2024-11-21,66.59565662216403,67.24418810497507,66.21815278082929,66.7408447265625,11390300
2024-11-22,66.70213722239335,67.95079931229118,66.25686905636562,67.60233306884766,16671600
2024-11-25,68.18310432079456,68.90907431608427,67.78623717859413,68.48316955566406,19558100
2024-11-26,68.10566922983882,68.22182709360361,67.10867156694212,67.51521301269531,11605200
2024-11-27,67.53456765374875,68.14438719549472,67.42809884521658,67.91207885742188,9736100
2024-11-29,68.01854518597239,68.81227208165153,67.97015161748566,68.59932708740234,8606500
2024-12-02,68.97683661176943,69.3543404480315,68.6090070590377,69.10266876220703,11932600
2024-12-03,69.87703962522453,70.46749585710434,68.98651075070053,69.13170623779297,17544200
2024-12-04,69.20915222167969,69.42210464087685,68.2411920507471,69.20915222167969,12331900
2024-12-05,69.5285707365446,70.5158867178985,69.34465596763644,69.91575622558594,14307600
2024-12-06,69.99319528254252,70.27390460902498,69.41242067617698,69.83832550048828,8781100
2024-12-09,69.98352201801697,70.46750209453175,69.53825384886747,69.5576171875,11957500
2024-12-10,69.69312112742458,71.02890329045196,69.28657969323565,70.1771011352539,16833400
2024-12-11,70.66109075533869,70.91276246143134,68.98651645107397,69.65441131591797,22533600
2024-12-12,69.55761106401172,70.01255347747686,69.12203198747449,69.14138793945312,8893000
2024-12-13,69.41242483572707,69.6060213060834,68.49286560262271,68.73485565185547,9819900
2024-12-16,68.98651049500528,69.47049052688673,68.56061308871506,69.199462890625,11833800
2024-12-17,68.62837905819958,69.063958190419,68.53158451603417,68.8413314819336,12639000
2024-12-18,68.89940222346642,69.18011154684976,65.74385013762061,65.93744659423828,18028000
2024-12-19,66.99251835288266,67.60233056383726,66.13103444544457,66.22782897949219,13464300
2024-12-20,66.10200177781537,68.00888451976022,65.85033006247009,66.9731674194336,27720100
2024-12-23,67.13770901012899,67.64104498188829,66.66341065799729,67.5345687866211,8248000
2024-12-24,67.85399323100434,68.92842940134193,67.69912347412655,68.72515869140625,6544900
2024-12-26,68.27990429067897,69.18010745205612,68.2508666701425,69.06394958496094,6341700
2024-12-27,68.58964488478246,69.2381763000461,68.2798979860783,68.72515869140625,7743100
2024-12-30,67.93143387370867,68.56060935790707,67.5539300601794,68.13470458984375,6664400
2024-12-31,68.28958173639361,68.68644150076722,67.90239625496777,68.13470458984375,6393000
2025-01-02,68.66709497054744,68.8800473837946,67.41842549873887,67.69913482666016,9827400
2025-01-03,68.60900083503647,68.81227154497215,67.61200323561206,68.72515869140625,11342900
2025-01-06,69.91576186073985,71.61936633391257,69.57696991492922,70.40941619873047,19199700
2025-01-07,71.53225783831348,71.90976171275315,70.40942049950317,71.31930541992188,18309400
2025-01-08,71.09665761868337,71.11602095386591,70.36101335061525,70.91275024414062,13742800
2025-01-10,70.13839351737809,70.13839351737809,68.74452849974824,69.11235809326172,13217700
2025-01-13,68.7058115830842,70.66108774810604,68.7058115830842,70.4384536743164,16720600
2025-01-14,70.97083219922096,71.6193636752155,70.79659909082476,71.14506530761719,19576000
2025-01-15,73.75855290986874,76.71083401850375,73.42945003740405,75.7622299194336,44903000
2025-01-16,75.33633942211274,76.2365426471554,75.26858250775254,75.99455261230469,21463100
2025-01-17,76.03327403479693,77.87239244324115,75.6557701606468,77.42713165283203,22084800
2025-01-21,77.85303050376537,79.227532062173,77.35936878900368,79.05329895019531,21297400
2025-01-22,78.85970995148213,79.64375526356051,78.62740159696807,79.07266235351562,14725700
2025-01-23,79.37273424999603,80.11806033442893,79.17914516921996,79.35337829589844,14435200
2025-01-24,78.87906667888014,79.48888626977599,78.73387118652639,78.86939239501953,16025200
2025-01-27,78.16277200833765,78.80162916952804,77.64975437674782,78.47251892089844,12782800
2025-01-28,78.61771848857795,78.79195159751025,76.93347002553199,77.37873077392578,16521700
2025-01-29,77.3206380099818,78.98553030261421,77.3206380099818,78.0466079711914,10573000
2025-01-30,78.68547618181199,79.97286486702026,78.39508520238402,79.23721313476562,10775500
2025-01-31,79.0726708645407,79.70183908469755,78.47253288375465,78.82099914550781,12818300
2025-02-03,76.51104944472459,77.88532791490158,74.94184133893295,77.59292602539062,20998500
2025-02-04,78.08025224726629,78.20695575820116,76.37459202517586,76.4915542602539,13417700
2025-02-05,77.03736724758373,77.58317616812313,76.22839514314938,77.44672393798828,10736100
2025-02-06,78.20695384236605,80.40969421446707,77.90481070425993,80.24400329589844,19545700
2025-02-07,80.34146196599168,80.809303423008,79.28882426477075,79.64945220947266,10310300
2025-02-10,79.56173046280793,79.74691879478237,78.04125870664507,78.68453979492188,10681600
2025-02-11,78.42136880925685,79.46425771863288,78.18745181693443,79.05490112304688,9993800
2025-02-12,78.13872583373882,79.23035099959928,77.98278363066622,79.21085357666016,10448100
2025-02-13,79.33756012366906,80.04905986369351,78.73326645952027,80.01982116699219,11108400
2025-02-14,80.32196936608197,82.52470206210117,80.14652975492149,82.46622467041016,16035000
2025-02-18,81.81320543530865,82.59293128631515,81.43308750277433,82.4857177734375,17907000
2025-02-19,81.93016432735291,82.09586267852022,81.33561933927993,81.8132095336914,9710800
2025-02-20,81.71573283893063,81.9301598637454,78.88921641680922,79.2790756225586,15160300
2025-02-21,79.72743140875228,79.83464492696176,77.59291719214842,77.63190460205078,14907800
2025-02-24,78.18746772083307,78.64556052453891,75.11727775726487,76.55003356933594,12830000
2025-02-25,77.17381426050493,77.55393222391028,74.52272979238364,76.16016387939453,14501400
2025-02-26,76.8034412676662,78.06074989393757,76.48180071857912,77.06659698486328,13115000
2025-02-27,77.54418599829269,78.33366808582903,76.66699524605674,76.87167358398438,8485900
2025-02-28,77.21279378684673,77.94379093968446,75.64358597053474,77.9242935180664,21233600
2025-03-03,77.97302692107606,78.39213223822033,74.31804128415061,75.21472930908203,20121100
2025-03-04,72.65137514192661,72.96326697971075,68.84043954529125,70.51686096191406,33983900
2025-03-05,70.76052517943029,71.66696197549615,69.8833270806427,71.11140441894531,17214200
2025-03-06,69.99054111372865,70.55584738559348,68.26539103672694,68.79170989990234,18550800
2025-03-07,68.40183924358654,68.94764806110096,66.34530003119652,68.67474365234375,18212900
2025-03-10,66.7546565950326,66.98858103329812,64.3764842946993,65.7020263671875,22378400
2025-03-11,65.58507081827459,66.73517339707662,64.49344563694257,65.78974914550781,21269200
2025-03-12,67.04706084017444,67.35895266634351,65.17570988315994,66.22834014892578,16131100
2025-03-13,66.66694998262241,67.38819851289483,65.0392645744865,65.52659606933594,17125200
2025-03-14,66.24784077215625,67.2517424037718,65.86772282302198,67.03731536865234,12727300
2025-03-17,67.14452399371041,68.57727959116677,66.93984568494342,68.16792297363281,12531700
2025-03-18,68.19716830610642,68.70398977197938,67.82679162326825,68.44083404541016,12289900
2025-03-19,68.57728322763465,70.35116943376704,67.90476343739016,69.62992095947266,14400600
2025-03-20,69.18157664170108,71.1309024622089,68.75272258164124,70.00028991699219,15315600
2025-03-21,69.47396628916489,70.41939043705575,68.9768861569165,70.15623474121094,21724000
2025-03-24,71.40380376483732,72.46618272123436,70.82874880616882,72.1640396118164,15310600
2025-03-25,72.46619053727343,72.90479333666714,71.85215554142826,72.5831527709961,10922200
2025-03-26,72.92427700959682,73.15819402069849,71.20886824397995,71.38430786132812,12345800
2025-03-27,71.14064858474258,71.14064858474258,69.94181728765295,70.02953338623047,13155800
2025-03-28,69.77611994116656,70.37066496043411,67.91451749552813,68.54804992675781,13630700
2025-03-31,67.739076579929,69.3960006585279,66.67669750936476,69.19132232666016,15568400
2025-04-01,68.59676644427306,69.08409785320502,67.52463883184015,68.75271606445312,10957100
2025-04-02,67.90476872164837,70.13674786084923,67.83654260979894,69.94181823730469,9731700
2025-04-03,64.49344280533276,65.10748519616084,61.3062983696509,61.45249557495117,39469500
2025-04-04,58.72343834151954,58.88912924595491,54.883267944486896,56.65715408325195,51730500
2025-04-07,54.73706777052256,59.77607684675603,54.10353540461006,57.358909606933594,37487700
2025-04-08,59.68835964342505,61.072379223405164,56.111344746497544,57.280941009521484,30272300
2025-04-09,55.321865597375854,64.08408686734451,54.64934952235887,62.524627685546875,49437900
2025-04-10,60.51682290106517,60.91643456307719,57.58308904844677,60.02949142456055,25912800
2025-04-11,59.33747820175898,60.73124644170923,58.40179899506207,60.07822036743164,24776000
2025-04-14,61.74489426752285,62.7975320019096,61.11136560268102,61.61819076538086,20385900
2025-04-15,62.56361720922641,64.61040791927196,62.22248294552275,62.700069427490234,24738400
2025-04-16,61.462244776141375,62.2029869558159,59.74683596314148,60.52656555175781,21922600
2025-04-17,60.604537630453244,62.163996737201884,60.27315210551368,61.64742660522461,14656300
2025-04-21,61.16009701829893,61.54021495468101,60.38036744135569,61.10161590576172,15136000
2025-04-22,61.910584485449,63.323846357158516,61.90083577487487,62.91448974609375,13252300
2025-04-23,64.7858462481706,67.07630265003426,64.48370311894635,64.62015533447266,17243900
2025-04-24,64.5811755290374,66.6084690138854,64.11333399494083,66.43303680419922,13672300
2025-04-25,66.14062469786455,66.96908667200172,66.04315989551097,66.69618225097656,12253400
2025-04-28,66.92035681655244,67.64160526463944,66.0529000133647,66.54998016357422,14304800
2025-04-29,66.30631133363175,67.35894897784407,66.24783394320463,67.13477325439453,8862800
2025-04-30,65.79949372430224,66.92035753396871,65.02950914959375,66.64744567871094,15756500
2025-05-01,66.48175454694413,67.15427431768263,66.169862720937,66.41352844238281,9682300
2025-05-02,67.81704843172633,69.03537709382509,67.60262139742287,68.80145263671875,13291200
2025-05-05,68.06460905149454,69.6954910127582,68.02530987821159,69.00776672363281,10318500
2025-05-06,68.23162077566246,69.0372350401973,67.95653407492624,68.25127410888672,7744300
2025-05-07,68.52637253622143,69.44988447148684,68.42812833993935,69.0176010131836,11619200
2025-05-08,69.75443743438497,70.97268184856924,69.70531159290091,70.38320922851562,12698400
2025-05-09,70.77619428738087,70.99233599951387,70.03935162995533,70.19654083251953,8941900
2025-05-12,73.29128135535666,74.3228640720381,72.98672212276834,73.5958480834961,18464100
2025-05-13,73.81197928948654,74.93197948135305,73.71373510513087,74.2442626953125,12397800
2025-05-14,74.30320897772663,74.52917735160545,73.65479135344772,73.96917724609375,11372000
2025-05-15,73.2814574794167,74.83374119954631,73.16356744711157,74.62742614746094,12627700
2025-05-16,74.05759286147959,74.55864794160203,73.80215948346094,74.39163208007812,14008700
2025-05-19,73.6842676226944,74.98111043303177,73.47795257281702,74.79444122314453,12691700
2025-05-20,74.51935560127757,74.71585148186587,74.096898827452,74.5684814453125,8930900
2025-05-21,73.66462648678895,74.09690245413819,71.9158467939401,72.13198852539062,17143800
2025-05-22,71.93550013073659,72.61339783473106,71.64076004320373,72.13198852539062,12067800
2025-05-23,70.3930369648885,72.11233650522502,70.3930369648885,71.80776977539062,9851900
2025-05-27,72.85900291893222,74.22461732813771,72.20075113891126,74.1460189819336,12148500
2025-05-28,74.24425741081863,74.42109992829204,73.47794233361734,73.71372985839844,9993200
2025-05-29,74.27374299930118,74.39164053023691,73.36988441544865,74.20497131347656,11879200
2025-05-30,73.98882292991969,74.19513796882808,73.17338944153438,73.99864959716797,12512200
2025-06-02,73.84145833613083,74.56847428562459,72.996544869604,74.47023010253906,9073400
2025-06-03,74.30321101636811,75.39373875105638,74.11654930644343,75.18742370605469,9802600
2025-06-04,75.15795183115951,76.21900706770816,75.01058179904699,75.05970764160156,10119600
2025-06-05,75.26602904045937,75.91444674270635,74.3326979175631,75.3249740600586,14760500
2025-06-06,76.34672305070005,77.0344473622775,76.12076216638475,76.88707733154297,11515200
2025-06-09,77.22110940790836,77.52567613823145,76.73970763459603,76.79865264892578,9288000
2025-06-10,76.46462154454483,76.94602332187105,76.1600548116823,76.6611099243164,10942400
2025-06-11,76.8281241995013,77.53549434485546,76.49409246172355,77.00496673583984,9030500
2025-06-12,76.43514063500776,76.88706985524507,75.98320391922003,76.85759735107422,6739700
2025-06-13,75.68847191725885,75.8751411057283,74.77478680374853,75.02040100097656,11987200
2025-06-16,75.77689706238041,76.92637731779762,75.60005452274325,76.70040893554688,10396600
2025-06-17,76.14041202280534,76.62181381942091,75.75725442001212,76.00286865234375,8078600
2025-06-18,76.04216335503861,77.58462034350866,75.9046199926694,76.97549438476562,14866100
2025-06-20,77.49619485012,77.87935242801044,76.95584807144041,77.07373809814453,17336500
2025-06-23,76.99514328941098,78.05619095298508,76.15022982887281,77.9677734375,12007200
2025-06-24,78.59655246144354,80.02111197658667,78.47865493435289,79.716552734375,18393000
2025-06-25,79.71655358600178,81.25901064471391,79.65760856960242,81.18041229248047,13221900
2025-06-26,81.21970385040959,83.30251501592535,81.21970385040959,82.88988494873047,18600500
2025-06-27,83.00778246894563,83.08638082090692,82.3397114683775,82.89971160888672,21872400
2025-06-30,83.4105901608372,83.9411177726394,83.1256767677091,83.6267318725586,18035200
2025-07-01,83.50883668222231,84.9628761954377,83.28286829668666,84.75655364990234,17088900
2025-07-02,84.97269326091894,85.40497668572095,83.96076387608801,85.23796081542969,13420200
2025-07-03,85.60146390649015,87.24217256684317,85.32637718371508,87.16357421875,13229900
2025-07-07,86.58392576139478,87.27165010352148,85.61129550822368,86.06322479248047,12407300
2025-07-08,86.07305308322738,86.24989563218818,83.98042250015087,84.06884002685547,18075600
2025-07-09,85.12005995884113,85.12005995884113,84.08847727933721,84.28497314453125,9929400
2025-07-10,84.324281719204,85.55235290527344,84.25551003260618,85.55235290527344,9586100
2025-07-11,84.41269329491773,85.43444934915114,84.11796072837323,85.20848846435547,10256000
2025-07-14,84.96287831199355,85.99445358761187,84.70743741231837,85.96498107910156,13450800
2025-07-15,87.09480125357689,90.18954183025696,86.57410032235327,89.12848663330078,39270900
2025-07-16,89.87515127414652,90.01269462636796,86.68216667726918,88.44075775146484,23321000
2025-07-17,88.54883765653517,91.56498003828027,88.30322343165186,91.4569091796875,23949200
2025-07-18,91.51585247910974,92.15445089863853,91.11304159298139,91.81058502197266,16603700
2025-07-21,91.94813972457064,92.42954901310819,90.90673778591255,91.0246353149414,11894500
2025-07-22,91.92848777088913,92.82252710824646,91.0934009419016,92.35094451904297,15282600
2025-07-23,92.84217167592583,94.3060302734375,92.82252583710557,94.3060302734375,22339800
2025-07-24,94.6007730471451,95.20989900581519,93.62814284320751,93.71656036376953,15644400
2025-07-25,93.7165649204321,94.50253345399246,92.77340717749055,94.38463592529297,13543400
2025-07-28,94.38463835114452,94.51235505552125,93.40218140671892,93.87376403808594,19370700
2025-07-29,94.31585611485694,94.42392696629928,92.70462750587221,92.82252502441406,13169900
2025-07-30,93.23516425740763,94.30603871440638,92.92077833928813,94.12919616699219,13998000
2025-07-31,93.79515860746307,94.46322957909362,91.90884321540658,92.05620574951172,14638800
2025-08-01,90.23865523729702,90.4154977604457,86.39725306160983,90.21900939941406,17725600
2025-08-04,90.73324837125521,91.79139058452664,90.51568515163629,91.0595932006836,11611400
2025-08-05,91.30682728310529,91.69250481158953,88.68619231262045,90.50579833984375,19836100
2025-08-06,90.86180410276154,91.6034927740086,90.59479950084541,91.20793151855469,13153600
2025-08-07,92.20673731782973,92.21662861308016,90.09045282509591,90.2190170288086,12964000
2025-08-08,90.95081259609312,92.25618438338665,90.32778927032628,91.702392578125,10772600
2025-08-11,91.99907074237228,92.13751870454749,89.79378709854716,91.28704833984375,12133300
2025-08-12,92.18696812433843,94.69882159322152,91.9792961799819,94.67903900146484,21046400
2025-08-13,94.93615821098963,95.13393885599,93.53189601488226,93.60111999511719,16605000
2025-08-14,93.41321947998343,94.43180409746294,93.18577250153436,94.40213775634766,13288800
2025-08-15,94.40213832662678,94.44169596330204,92.55285842250908,92.6517562866211,12000400
2025-08-18,92.31551882269454,93.31432838608188,92.29574377706453,93.1758804321289,8780700
2025-08-19,92.92864928071273,93.3044355000571,92.3946325196355,92.7011947631836,11504400
2025-08-20,92.49352338318968,92.71108660693623,89.67510785930833,92.13751220703125,13447400
2025-08-21,91.82106282662953,91.83095412220639,90.44646699051373,91.5639419555664,17635200
2025-08-22,91.92984581555244,94.56037215951585,91.81117290140251,94.20436096191406,20124400
2025-08-25,94.17469727580718,94.39225297394626,93.82856981931928,93.9472427368164,8647000
2025-08-26,93.63078009732102,94.67903102668824,92.98798172663741,94.65925598144531,11031100
2025-08-27,94.09557577112473,96.37008328628608,94.03623554387863,95.79651641845703,11315600
2025-08-28,96.2909784000308,96.40964376832993,95.47017439333811,95.7470703125,10878900
2025-08-29,95.57895505735698,95.91518365731424,94.98560558723672,95.49983978271484,8362600
2025-09-02,93.96701357247755,93.96701357247755,91.92984428826064,93.72967529296875,15128800
2025-09-03,93.83845024474181,94.18457011628573,92.36496419454207,93.97689819335938,14158800
2025-09-04,94.24391520445846,96.07341251547905,94.24391520445846,96.00418853759766,12900100
2025-09-05,96.29097414358324,96.89421488859794,93.1066561242853,94.34280395507812,17020800
2025-09-08,94.79770300436806,94.90648461425761,93.59122154548216,94.8075942993164,11398800
2025-09-09,94.44169316916,97.05243675370396,94.39224423856699,96.26129913330078,18101600
2025-09-10,96.4195302610671,97.2897756129193,95.44050329712742,96.09318542480469,12238300
2025-09-11,96.27118828515192,97.94246251000193,95.81628680424396,97.72489929199219,13426500
2025-09-12,97.68534590111206,98.59514890245254,97.3491173094701,98.3380355834961,9502900
2025-09-15,98.69404962077905,99.05994456405087,98.298480790756,98.68415832519531,10620100
2025-09-16,98.75337945048487,99.73240642923965,98.11058106338112,99.52473449707031,12350700
2025-09-17,99.37639380382734,101.07733441767209,99.29728607713618,100.63232421875,14371600
2025-09-18,100.83999714328091,101.5619032548668,100.56310123500974,101.2751235961914,11677600
2025-09-19,101.40368156068341,101.98713972564595,100.74110812238258,101.54212951660156,24745700
2025-09-22,100.63232293549687,102.65960081510399,100.57298271017575,102.34314727783203,11474500
2025-09-23,102.38270701751908,104.41987623402723,101.2751233867252,101.85858154296875,15747900
2025-09-24,102.24426000001324,102.9167247298026,100.49387797040515,100.52354431152344,12272400
2025-09-25,99.91041339897171,101.1267862125735,99.04016802194252,100.97844696044922,11232900
2025-09-26,101.37401407791508,103.16395373416472,101.37401407791508,102.27392578125,11296300
2025-09-29,102.99584218745613,103.23318046628458,101.73991172459118,102.01681518554688,10748700
2025-09-30,101.9574737417256,102.47171547537924,98.0413582359264,100.37520599365234,17789100
2025-10-01,99.82141039821778,100.0191910299397,97.527120363945,97.61611938476562,13793300
2025-10-02,97.98202232595055,98.34791725088782,95.62839205491724,96.26129913330078,14511900
2025-10-03,96.26129917060216,97.487563237187,96.22174907992944,96.65686798095703,13863600
2025-10-06,98.10068992247851,98.9511602430901,95.96463037048376,96.96343994140625,10398000
2025-10-07,97.3590079286033,97.76446807108609,95.60862577982073,96.71621704101562,8519400
2025-10-08,97.10188875656695,97.10188875656695,95.51961346569797,95.6283950805664,8496000
2025-10-09,95.94484901346027,96.22175247186313,94.40213889802614,94.85704040527344,11300600
2025-10-10,95.13394041245193,96.81510610185211,92.62209449149006,92.88909912109375,18619500
2025-10-13,94.51091634655349,95.88551210313314,94.3526933507182,95.03504180908203,18463600
2025-10-14,94.31313845701717,100.09830884784948,93.9867936160085,98.73359680175781,33164600
2025-10-15,100.06864137179268,101.01800199817443,97.74467741961867,98.67426300048828,15730100
2025-10-16,99.0994996276693,99.58406747081692,94.18457458405756,95.19327545166016,20534000
2025-10-17,95.14383048507717,96.92388647570971,94.22413614739169,95.99430084228516,14007800
2025-10-20,96.38986275787111,98.49625590817705,96.04374288033458,98.1995849609375,11302700
2025-10-21,97.83368912065028,98.29848193547643,96.88432844444806,97.16122436523438,9150100
2025-10-22,97.1018888173446,97.38867602537292,93.9472370738809,95.23283386230469,14369200
2025-10-23,95.74706404077308,96.44919508832697,95.23282987384891,95.6185073852539,8189100
2025-10-24,96.31075267671201,98.40726218979981,96.27119503931249,97.68534851074219,11870700
2025-10-27,98.19959043834479,100.10820306361688,98.00180225097199,99.87085723876953,13214200
2025-10-28,99.88074855204039,100.40487404518731,99.0203869127241,100.26642608642578,8766400
2025-10-29,100.16752663784624,100.81032498486584,97.93256936529919,98.02157592773438,11878800
2025-10-30,97.53700628565721,100.33564680143029,97.22055274094826,99.10939025878906,9584000
2025-10-31,98.79293695968148,100.38509598244494,98.6149313687872,100.10820007324219,11190300
2025-11-03,100.19773021521773,101.11295784839143,98.53639161351113,101.08311462402344,10829100
2025-11-04,99.6306877450178,102.01824439972857,98.17825928094513,100.4862289428711,13449100
2025-11-05,100.72498359181292,101.74964146978097,98.49660089478692,101.16270446777344,9992400
2025-11-06,100.94384470594748,101.80932860215137,99.45162271681413,100.32705688476562,9282500
2025-11-07,99.49141032788395,100.30715799675578,96.86510038957306,100.26736450195312,14887100
2025-11-10,100.734934366822,102.36642979831136,99.78985588807906,100.96373748779297,11270600
2025-11-11,101.1129600968135,101.56062365195451,99.78985479496697,100.2375259399414,9639500
2025-11-12,100.68519003285375,103.32145037900571,100.65534680766275,102.33658599853516,15069200
2025-11-13,101.91875619955994,103.03295132178528,99.94902747489076,100.14798736572266,11427000
2025-11-14,99.31234315107659,101.02342547420245,97.64105432265518,99.7799072265625,10134500
2025-11-17,99.56105391496206,99.76001381286835,96.7158833538672,97.68085479736328,11389600
2025-11-18,96.99442535069647,99.05369130839485,95.88023024509722,97.81017303466797,10463700
2025-11-19,97.6609514652699,100.06840107443342,97.58136447244631,99.31234741210938,8426800
2025-11-20,100.54591350651766,102.32663259005018,96.95463211517645,97.12374877929688,12633700
2025-11-21,97.62115786325057,98.81493998481298,95.33308874579772,98.18820190429688,14404700
2025-11-24,98.20810141023195,100.09825072370236,98.08872092238646,99.1730728149414,17389200
2025-11-25,99.83959595742618,101.22238767324502,99.01389800054636,100.64539337158203,10881900
2025-11-26,101.19254404318905,102.76435295941603,100.93389011764751,101.96849822998047,11384100
2025-11-28,102.26695037006019,103.82880908703667,101.97845320707299,103.06279754638672,5865200
2025-12-01,102.56538807712334,103.80890637968263,101.87897113519732,102.14756774902344,9663700
2025-12-02,103.06279253052908,103.65967978118307,102.47585555117205,102.65492248535156,8056900
2025-12-03,102.565386660361,106.43521495728389,102.565386660361,106.16661834716797,14003600
2025-12-04,106.10693365590082,108.14629912381025,106.0770828410972,107.23107147216797,12811300
2025-12-05,107.11168963444986,108.80287906320093,106.95252324000073,108.31541442871094,14936300
2025-12-08,108.6337562369122,109.67831465046908,107.18132776547284,108.35520935058594,11394800
2025-12-09,108.23583360913348,109.28038440543446,106.45511452991573,108.86256408691406,15822700
2025-12-10,108.79292909429876,111.32970944956399,108.69344914876221,110.51395416259766,16584300
2025-12-11,110.69301941039426,111.75747075003285,110.53385301793267,111.16058349609375,10829700
2025-12-12,112.71249778645955,112.84182095277426,110.61343836264793,111.22027587890625,11227900
2025-12-15,111.8669043207642,112.9313556923302,111.63810120164416,112.21509552001953,10692100
2025-12-16,112.215094921872,112.79208164733836,109.97676197201949,110.70297241210938,12418200
2025-12-17,111.30981254177988,112.4240077017439,110.38463459739165,110.88204193115234,9949700
2025-12-18,111.63809656374926,113.25964164302475,111.53861662088059,112.24493408203125,21155800
2025-12-19,112.61301595518779,115.01052291781848,112.4637998287448,114.26441192626953,37660800
2025-12-22,114.61259016257618,118.03475484540095,114.27435683872325,117.47765350341797,20178100
2025-12-23,117.54730051225037,119.64635240226677,117.45776324869361,118.78086853027344,16135000
2025-12-24,119.08925905488144,122.20302613034798,118.63164523352374,120.9296646118164,13529600
2025-12-26,121.0192033586009,121.4071804638503,119.0494670174757,119.79557800292969,10603700
2025-12-29,119.73588836925133,119.94479852884383,117.36823230403634,117.51744842529297,11000600
2025-12-30,117.67662022000245,117.79600070462156,115.92574439475423,116.60221862792969,8636100
2025-12-31,116.79124027427012,117.01010070948152,115.76658240926534,116.08492279052734,6203300
2026-01-02,116.60222384578958,118.10439608767719,115.98543603240635,118.0844955444336,9245400
2026-01-05,118.69132877000635,123.4564916658842,118.68138608857954,122.66064453125,19993400
2026-01-06,123.03867343417369,123.52613047650084,121.57629471735895,121.86479187011719,11940100
2026-01-07,121.67577457984056,121.94437877939352,120.07412242344431,120.74065399169922,11595800
2026-01-08,120.2531867677152,121.78520217080231,119.53692662729118,119.97463989257812,14801500
2026-01-09,120.31288351313691,121.10873066146543,119.5269790464063,120.69091033935547,7565700
2026-01-12,116.29382877369083,118.12428400268841,116.06501807514958,117.08967590332031,19926900
2026-01-13,117.10958015183947,117.61693774129886,114.94088394199676,115.69694519042969,18332300
2026-01-14,117.29859846900479,118.1342391279265,109.89717507931685,111.82711791992188,27984600
2026-01-15,113.25964772409198,117.3483365911369,112.16535311411609,116.8509292602539,18719700
2026-01-16,117.18916409921127,118.73112219088084,116.39330937524217,117.42791748046875,17153800
2026-01-20,113.86648389177762,115.91579964137505,111.80721787053001,112.21509552001953,20451300
2026-01-21,112.5533245504234,114.99061731293581,112.5533245504234,113.26959228515625,14199900
2026-01-22,113.975912686087,116.03517868160021,113.45861241424392,115.06026458740234,11271500
2026-01-23,114.37384088813965,115.03041460677103,112.61301471713566,113.00099182128906,12164400
2026-01-26,113.30938935440474,114.88119831188725,113.26959585790517,114.22461700439453,11728700
2026-01-27,114.30420102806102,115.36865236481408,113.11041893358569,114.19477081298828,11976800
2026-01-28,114.00575359770286,115.10999842983188,112.55332516756769,113.60782623291016,11378300
2026-01-29,114.24451198899314,115.75663452352852,112.81198403870548,114.60264587402344,14443200
2026-01-30,113.82668881924782,116.04512879685352,113.5879354317828,115.11000061035156,12396600
2026-02-02,114.95999908447266,116.9800033569336,114.5999984741211,116.2300033569336,11773700
2026-02-03,117.0,118.91999816894531,115.37999725341797,117.70999908447266,15332100
2026-02-04,117.77999877929688,119.94000244140625,116.93000030517578,117.43000030517578,12408300
2026-02-05,116.41000366210938,116.41000366210938,112.91999816894531,115.73999786376953,18704600
2026-02-06,117.36000061035156,122.97000122070312,117.36000061035156,122.69000244140625,15248800
2026-02-09,122.19000244140625,125.16000366210938,121.69000244140625,123.7699966430664,12887500
2026-02-10,123.72000122070312,125.0,119.5,122.1500015258789,12121300
2026-02-11,123.58999633789062,124.23999786376953,117.36000061035156,117.38999938964844,13771400
2026-02-12,118.04000091552734,119.18000030517578,110.94000244140625,111.1500015258789,19353300
2026-02-13,109.7699966430664,111.43000030517578,108.38999938964844,110.86000061035156,16665200
2026-02-17,112.30000305175781,114.51000213623047,111.98999786376953,113.77999877929688,12314600
2026-02-18,115.04000091552734,117.04000091552734,114.97000122070312,116.2699966430664,11678900
2026-02-19,114.98999786376953,115.91000366210938,114.18000030517578,115.55000305175781,8085300
2026-02-20,115.26000213623047,116.12999725341797,113.83999633789062,116.0,12986800
2026-02-23,115.33999633789062,116.91000366210938,108.86000061035156,110.75,17996400
2026-02-24,109.44999694824219,111.4000015258789,107.5,109.55999755859375,14981000
2026-02-25,111.31999969482422,114.51000213623047,110.83000183105469,114.33999633789062,13649100
2026-02-26,114.69999694824219,117.0,114.45999908447266,116.19000244140625,14759400
2026-02-27,113.18000030517578,113.18000030517578,108.66000366210938,110.19000244140625,29106900
2026-03-02,106.26000213623047,111.88999938964844,106.19999694824219,111.44999694824219,18976600
2026-03-03,107.43000030517578,112.37999725341797,106.75,110.76000213623047,15813300
2026-03-04,111.66999816894531,112.33000183105469,110.48999786376953,111.31999969482422,13042200
2026-03-05,110.56999969482422,111.5999984741211,107.88999938964844,108.94999694824219,15549100
2026-03-06,105.19000244140625,106.58999633789062,103.08999633789062,106.52999877929688,16586900
2026-03-09,104.44999694824219,107.05000305175781,102.01000213623047,106.58999633789062,18525600
2026-03-10,108.41000366210938,110.91000366210938,107.37000274658203,108.97000122070312,17843900
2026-03-11,108.33999633789062,109.54000091552734,107.4800033569336,109.19000244140625,12958400
2026-03-12,106.36000061035156,107.0,104.63999938964844,105.5,17487000
2026-03-13,106.12000274658203,107.9000015258789,105.38999938964844,105.69000244140625,11406900
2026-03-16,107.30999755859375,108.69000244140625,106.61000061035156,107.3499984741211,11902600
2026-03-17,108.5,109.73999786376953,107.41999816894531,107.70999908447266,12758400
2026-03-18,107.11000061035156,109.55000305175781,107.11000061035156,108.66999816894531,12337200
2026-03-19,107.33000183105469,110.58000183105469,106.83000183105469,109.8499984741211,16714500
2026-03-20,109.5999984741211,111.20999908447266,108.86000061035156,109.5199966430664,29718400
2026-03-23,113.12999725341797,113.38999938964844,110.97000122070312,111.63999938964844,16883200
2026-03-24,110.16999816894531,114.80000305175781,109.48999786376953,113.73999786376953,14105700
2026-03-25,114.98999786376953,116.12999725341797,113.58999633789062,114.4800033569336,11314900
2026-03-26,114.05999755859375,114.79000091552734,111.56999969482422,112.41000366210938,12689900
2026-03-27,111.06999969482422,111.86000061035156,106.95999908447266,107.37999725341797,23143000
2026-03-30,108.45999908447266,109.41999816894531,106.5199966430664,107.2699966430664,20319300
2026-03-31,109.0999984741211,113.7699966430664,108.3499984741211,113.41000366210938,18267700
2026-04-01,115.47000122070312,116.79000091552734,114.06999969482422,115.30000305175781,13273700
2026-04-02,112.31999969482422,115.61000061035156,111.75,115.25,9833900
2026-04-06,115.80000305175781,117.69999694824219,115.80000305175781,117.36000061035156,13319700
2026-04-07,116.4800033569336,117.69999694824219,115.75,117.12999725341797,8450100
2026-04-08,121.94999694824219,124.48999786376953,121.7300033569336,123.48999786376953,16312000
2026-04-09,122.80999755859375,125.4800033569336,122.33000183105469,124.91999816894531,8835400
2026-04-10,125.23999786376953,125.47000122070312,123.61000061035156,124.38999938964844,8958000
2026-04-13,123.01000213623047,126.30999755859375,122.3499984741211,126.27999877929688,14416800
2026-04-14,128.07000732421875,130.99000549316406,126.8499984741211,129.5800018310547,17034700
2026-04-15,131.25,132.86000061035156,130.57000732421875,131.69000244140625,14738900
2026-04-16,131.24000549316406,132.77000427246094,129.22000122070312,129.33999633789062,9290300
2026-04-17,131.0800018310547,133.57000732421875,130.66000366210938,132.17999267578125,15929400
2026-04-20,131.97999572753906,133.44000244140625,131.64999389648438,133.0500030517578,10151800
2026-04-21,133.60000610351562,135.2899932861328,131.25999450683594,131.67999267578125,8081400
2026-04-22,132.41000366210938,132.47000122070312,129.39999389648438,129.72999572753906,10435500
2026-04-23,129.49000549316406,129.98989868164062,127.83999633789062,127.9000015258789,2374548
