timestamp,open,high,low,close,volume
2021-01-04,38.13200170855119,38.18363400229752,37.305848897519525,37.8307991027832,24392500
2021-01-05,37.5898434879345,37.925466562908184,37.33167214432603,37.84801483154297,17763700
2021-01-06,37.977102203008904,38.6139246326981,37.7705631581093,38.20945739746094,21823100
2021-01-07,38.037348953196194,38.82047069857844,38.011529516147384,38.691383361816406,18218800
2021-01-08,38.27830872842725,39.07864234275759,38.08037721818163,38.777442932128906,20936300
2021-01-11,38.85489057169697,39.54334863953584,38.74301510978972,39.03561019897461,25058200
2021-01-12,38.983972516757845,39.526134652267096,38.691377443305036,39.40565490722656,20145000
2021-01-13,38.9753703232154,39.56056050158519,38.88070672335749,39.03561019897461,19367300
2021-01-14,38.61393372249967,39.24215201116421,38.59672185780409,38.854896545410156,22333500
2021-01-15,38.691381328236396,39.28517910673954,38.622537159655074,39.09585189819336,30271700
2021-01-19,39.009791957333825,39.26796330858829,38.52786969425247,38.88930892944336,28868800
2021-01-20,39.00979018145636,39.15608607013743,38.846279149604946,39.018394470214844,16499400
2021-01-21,38.89792446680448,38.93234819610808,38.484849563643905,38.820472717285156,17488400
2021-01-22,38.51065069089305,38.63113041361236,38.063152233059725,38.527862548828125,14643400
2021-01-25,38.76022500364172,38.87209717704123,38.4762342184887,38.751617431640625,16581300
2021-01-26,38.63114317345497,39.02700618823637,38.52787527456142,38.949554443359375,13087800
2021-01-27,38.93234213179555,39.982239449397355,38.79465051885629,39.32820510864258,29634500
2021-01-28,39.508921000115706,39.818727920648186,38.98397074952753,39.018394470214844,21166000
2021-01-29,38.596724234044345,39.044222895197294,38.27831292464179,38.36437225341797,22608100
2021-02-01,38.65695967683481,39.26796935097639,38.433212013405424,39.070037841796875,16776900
2021-02-02,39.17329602256098,39.53473522369399,39.09584429620012,39.4400749206543,16520900
2021-02-03,39.371231132063286,39.72406607756215,39.190511514745374,39.38844299316406,13173600
2021-02-04,39.47450187679986,40.72233399301619,39.3884458478858,40.66209411621094,22285700
2021-02-05,40.93747521636112,41.60011710953979,40.87723534269278,41.37636947631836,25488600
2021-02-08,41.78944338092912,42.460689548614546,41.78944338092912,42.116458892822266,25215400
2021-02-09,41.97015959423392,42.02179517326325,41.66035268571109,41.7378044128418,24795000
2021-02-10,39.71546676472555,40.799787887324015,39.44008351826158,40.65349197387695,44540900
2021-02-11,40.74815209846547,41.23007441883647,40.619068048906485,40.94608688354492,18589900
2021-02-12,40.81700535023357,41.040753037621094,40.369506692630836,40.69652557373047,15239800
2021-02-16,40.670702499687316,40.670702499687316,39.93061204118208,40.025272369384766,18539000
2021-02-17,39.861753538049555,39.93060097529276,39.474494910622774,39.801513671875,13296300
2021-02-18,39.92199529405687,39.93060286553299,39.31959332096823,39.87896728515625,16867500
2021-02-19,40.051086844208065,40.111326719612485,39.2249371676672,39.31099319458008,25117700
2021-02-22,38.975372141055665,39.31099525960414,38.5709015710987,39.09585189819336,21435800
2021-02-23,38.94954858638978,39.397047124739814,38.81185698096107,39.16469192504883,19714900
2021-02-24,38.93233468884518,39.414253600587514,38.760219384868755,39.36262130737305,17823600
2021-02-25,39.233537751795104,39.792911722379465,38.93233840321995,39.17329788208008,21916700
2021-02-26,39.22493164233073,39.3970436719123,38.519258533174835,38.613922119140625,22144900
2021-03-01,38.9151335431204,39.7757070170836,38.9151335431204,39.51753234863281,17394100
2021-03-02,39.52613281162241,39.65522012262701,39.08723858046811,39.17329788208008,14833000
2021-03-03,39.095848355687515,39.181904379323356,38.72580154496504,38.837677001953125,16851100
2021-03-04,38.84628744996784,39.130278282079054,37.994321519288974,38.3471565246582,24653500
2021-03-05,39.113055713575434,40.223196017923385,38.95815226260472,39.801513671875,33197600
2021-03-08,39.792916025010655,41.651754464070066,39.75849230064379,40.885841369628906,34824500
2021-03-09,41.15262404042885,41.62593880349283,41.06656800453625,41.21286392211914,26512700
2021-03-10,41.71198657787983,41.98736975591309,41.4710238349809,41.55708312988281,19841500
2021-03-11,41.746423622901226,42.23695359194601,41.505464066956776,41.99599075317383,21976600
2021-03-12,42.004594561810016,42.15949805755235,41.71199943461089,42.01319885253906,15196500
2021-03-15,42.08203648230798,42.54674357818497,42.08203648230798,42.52092742919922,15523600
2021-03-16,42.331599888233065,42.80491783444819,42.331599888233065,42.74467468261719,17282300
2021-03-17,42.693036765031934,42.693036765031934,42.073423013607545,42.52952575683594,18326900
2021-03-18,41.75503119722938,42.658632814848794,41.75503119722938,41.99599075317383,18416900
2021-03-19,41.91853131379617,42.357425604896555,41.582908198735375,42.15088653564453,65366800
2021-03-22,42.11646568192381,43.35569361627595,42.11646568192381,43.28684616088867,28813900
2021-03-23,43.04587716372881,43.613855414424165,42.94260928619146,43.037269592285156,28328200
2021-03-24,42.97703802466371,43.41593233391814,42.70165477615505,42.727474212646484,26444700
2021-03-25,43.527802971025345,44.233472877322086,43.278235903893666,43.467559814453125,34537700
2021-03-26,43.54500694829768,45.30057723920597,43.51058651181391,45.24033737182617,31997000
2021-03-29,45.0940397156266,45.55874677673477,44.990768561756845,45.19730758666992,25032800
2021-03-30,44.844486453720734,44.99938994926047,44.04415282104128,44.5518913269043,22465100
2021-03-31,44.603511475748256,44.79283535143328,44.362548742326666,44.500240325927734,22212400
2021-04-01,44.53467349222035,44.81005671785526,44.1904428187632,44.73260498046875,17896200
2021-04-05,44.74994023271762,45.86803614533179,44.74994023271762,45.42599868774414,19860900
2021-04-06,45.05329742559646,45.26131718507762,44.87994817708914,45.09663391113281,15126100
2021-04-07,45.0793009485631,45.19197846177838,44.706604508904086,44.87128448486328,15783600
2021-04-08,45.018623603625386,45.07062936626127,44.59392144769815,44.99262237548828,15111300
2021-04-09,44.92328417468525,45.20064162632608,44.7932714226954,45.14863586425781,13135800
2021-04-12,45.13131237083064,45.20931938107978,44.611267840078085,44.697940826416016,16441700
2021-04-13,44.75860849914324,44.96662827630432,44.49858625746354,44.775943756103516,13353200
2021-04-14,44.64591773614364,44.793265723408375,44.32522384343034,44.524574279785156,15376600
2021-04-15,44.86261036296173,45.01862434708421,44.52458116615026,44.758602142333984,17869800
2021-04-16,45.46066793491905,46.09338988533888,45.2959846599915,45.7640266418457,28327900
2021-04-19,45.53000792689373,45.902707674812554,45.49534072034196,45.80736541748047,20245600
2021-04-20,45.58200829890319,45.75535753658416,44.72393139088133,44.888614654541016,21257500
2021-04-21,44.93195317937704,45.131303654543366,44.61992519864302,45.00996017456055,14015500
2021-04-22,44.90596344582403,45.14865046791824,44.53326362968638,44.637271881103516,15564800
2021-04-23,44.63725793004723,45.18330686545819,44.35990047537916,44.99262237548828,14016800
2021-04-26,44.76727142276397,44.871279643391716,44.637258667207995,44.758602142333984,13778200
2021-04-27,44.70659277068409,44.78459644431922,44.50723902796806,44.524574279785156,13601000
2021-04-28,44.68927131802417,44.871286558764574,44.13455300767467,44.29923629760742,14984000
2021-04-29,44.35990928849947,44.723939780188736,44.186560018301684,44.602596282958984,13916600
2021-04-30,44.39458419989146,44.40325017639643,43.69252107393314,44.125892639160156,19930200
2021-05-03,44.38589731163398,44.55058055717176,44.03920218078443,44.351226806640625,13465900
2021-05-04,44.29923222068986,44.4032404477749,43.59716924855151,43.95253372192383,18164800
2021-05-05,44.19522298738831,44.420574692002184,43.926531491643985,44.316566467285156,16205300
2021-05-06,44.264562734046855,45.68602066043586,44.16055450455454,45.45199966430664,27106800
2021-05-07,45.486667428425065,46.526759579602654,45.26131572707813,46.31007385253906,24146000
2021-05-10,46.778120449593104,46.92546517153622,46.07605743408203,46.07605743408203,23845600
2021-05-11,46.0240491189723,46.03271839999667,45.165975453828736,45.79003143310547,20220900
2021-05-12,45.22665052107694,45.44333627355188,44.61126377757506,44.72393798828125,22123300
2021-05-13,45.16597140941202,45.77269207867276,44.96662094640781,45.49533462524414,15864000
2021-05-14,45.8767054240419,46.128061677539776,45.590678658400456,45.850704193115234,14789400
2021-05-17,45.72935816098702,46.067390700464536,45.66002044190896,45.885372161865234,15731000
2021-05-18,45.76402385368886,46.23206580702778,45.71202139644791,45.87670135498047,20177200
2021-05-19,44.96662220188946,45.64268060020228,44.949286947270956,45.47800064086914,29187900
2021-05-20,43.69251372516606,45.911376956222064,43.42382220962674,45.80736541748047,48830800
2021-05-21,45.73802540438482,45.87670414272385,45.278652703579645,45.44333267211914,24468400
2021-05-24,45.90270236429091,46.60476529094503,45.75535766099655,46.2754020690918,21128900
2021-05-25,46.25806859058077,46.44008711612771,46.05871811627874,46.2060661315918,20657200
2021-05-26,46.24073306183588,46.46608807066071,45.78136037622177,45.85936737060547,18671200
2021-05-27,45.8767074590917,46.24073793366122,45.57334873028376,45.868038177490234,56216100
2021-05-28,46.093391165396206,46.128061677539776,45.798698424899875,45.850704193115234,14863500
2021-06-01,45.90270204930716,46.214730014567856,45.44332938176318,45.608009338378906,15741700
2021-06-02,45.6340179460104,45.92871068324072,45.41733220705757,45.902706146240234,14529300
2021-06-03,45.76403168747369,46.422758247086705,45.60801767632125,46.22340774536133,17593100
2021-06-04,46.31873910593685,46.951461022351694,46.31873910593685,46.86478805541992,11676700
2021-06-07,47.081474025477675,47.185482247612406,46.622101346884335,46.73477554321289,14899800
2021-06-08,46.778115092322935,47.142145521100325,46.708774073682434,46.91679382324219,15329700
2021-06-09,46.960135655895705,47.16815212278867,46.75211588264062,46.82145690917969,14860900
2021-06-10,47.17682061687248,47.74020487583172,47.038141872471115,47.69686508178711,22183500
2021-06-11,47.835542293322966,47.97422103328045,47.27216135877906,47.47151184082031,17134000
2021-06-14,47.14215395038181,47.26349744833784,46.39675439852354,46.95146942138672,15131400
2021-06-15,47.003470357153766,47.08147735586321,46.57009887684843,46.62210464477539,12542600
2021-06-16,46.67410941140087,46.73478115713101,46.050056697267706,46.344749450683594,15477900
2021-06-17,46.292743439176604,46.41408693000513,45.94604491707038,46.05005645751953,18288400
2021-06-18,45.77270080914304,45.79870204212331,44.96662952313182,45.131309509277344,35758300
2021-06-21,45.39131715254109,46.292730411247376,45.321979451450495,46.093379974365234,17682200
2021-06-22,46.197394049391185,46.24939981158831,45.77269189704704,46.162723541259766,16451200
2021-06-23,46.171399449321605,46.188734705875774,45.582013951928474,45.7293586730957,14749800
2021-06-24,45.885367573424034,45.98070982068915,45.599344137990435,45.74668884277344,13974300
2021-06-25,45.738027439846164,46.110727185661275,45.63401920805373,45.989383697509766,16682700
2021-06-28,46.076055398674896,46.18873290871172,45.86803563448091,45.902706146240234,14008700
2021-06-29,45.84203211559111,46.102054328082836,45.73802389186679,45.85936737060547,10926100
2021-06-30,45.894033819772545,45.99804203429387,45.608007096887,45.93737030029297,15826400
2021-07-01,45.9807116320967,46.4574195808404,45.937375147003976,46.31874084472656,15074800
2021-07-02,46.423484855393745,46.79878309135043,46.11801109562168,46.72896194458008,15066000
2021-07-06,46.44966247538584,46.57185195766267,45.6816100203996,46.24019241333008,19394500
2021-07-07,46.31873764753462,46.51947796253667,45.969622029627324,46.48456573486328,14411600
2021-07-08,46.3972884950931,46.88604969428066,46.17909206625436,46.48456573486328,15691800
2021-07-09,46.571847718522285,47.06933532503119,46.510752982944936,46.903507232666016,14673400
2021-07-12,47.16534312962213,47.16534312962213,46.37110822355344,46.4583854675293,14000600
2021-07-13,46.554393828824075,46.76386388182294,46.432204351830386,46.53693771362305,9927400
2021-07-14,46.69403307015989,47.304983701446474,46.55438749695837,47.20897674560547,17113700
2021-07-15,46.990786902199865,47.016969410395824,46.467116761799346,46.82495880126953,14952400
2021-07-16,47.025708306031476,47.488283797933555,46.82496793540578,46.86860656738281,14144900
2021-07-19,46.84241704210497,46.86860288276392,46.02199950542642,46.310020446777344,19925300
2021-07-20,46.502031805059545,47.06934397327046,46.423480940682865,46.76387023925781,17250200
2021-07-21,46.97333126913546,47.0431557309262,46.6242156190089,47.025699615478516,14068600
2021-07-22,47.05188953520497,47.610471999860316,46.93842643162994,47.60174560546875,15729800
2021-07-23,47.907205524422636,48.29995974697693,47.575546033219766,48.20395278930664,13042500
2021-07-26,48.11668195588129,48.57053097018139,48.11668195588129,48.413429260253906,10097400
2021-07-27,48.334888780962004,48.361071295099116,47.819944916641546,48.24760818481445,14738700
2021-07-28,48.40470365802122,48.45707200892584,47.48827915838047,47.80248260498047,18835700
2021-07-29,48.00322486348621,48.3086985990337,47.915947604590926,48.0643196105957,10680200
2021-07-30,48.07304742898241,48.43088950333407,48.01194935488024,48.32615280151367,13438800
2021-08-02,48.52689672776083,48.823644079287014,48.230149376234635,48.39598083496094,12468800
2021-08-03,48.47451926287212,49.24256829256089,48.23886672100854,49.09419631958008,17357400
2021-08-04,49.19893668242684,49.19893668242684,48.413431427046945,48.60544204711914,11662400
2021-08-05,48.457071495952086,48.85855219372912,48.43961537916867,48.66653823852539,10785200
2021-08-06,48.41343221849885,48.83236902743289,48.13414101254281,48.518165588378906,18386100
2021-08-09,48.718902957660895,48.93709940706977,48.35233452077251,48.413429260253906,8707200
2021-08-10,48.43961847402782,48.58799048204573,48.22142199441508,48.53562545776367,10441900
2021-08-11,48.77999338877257,48.884726743002716,48.52688473075419,48.75381088256836,12604500
2021-08-12,48.74508736891031,49.26876086558103,48.57925925947547,49.216392517089844,11209700
2021-08-13,49.2163922715333,49.41713261229405,49.10292918174203,49.286216735839844,10841700
2021-08-16,49.137847964106705,49.25131106902293,48.81491809717578,49.120391845703125,14407400
2021-08-17,48.7625494235062,48.893468645971,48.55308266285948,48.88473892211914,11987500
2021-08-18,48.69272627394593,48.9982000078948,48.02940712392267,48.1341438293457,17111700
2021-08-19,47.79375306771684,50.17646143723144,47.64538106703069,49.98444747924805,39881600
2021-08-20,49.966980198694486,50.91831672342694,49.61786459479861,50.81358337402344,21876500
2021-08-23,50.490652161575916,51.23252201521939,50.39464852986012,51.09287643432617,16225400
2021-08-24,51.04924443337843,51.869661911321046,50.996876085223654,51.77365493774414,17658300
2021-08-25,51.96566663568377,52.60279986162837,51.64273349682728,51.799835205078125,18069600
2021-08-26,51.86093687410148,52.04422444449595,51.48564199803321,51.66892623901367,13729400
2021-08-27,51.73001821136064,51.799839348716475,51.37217614270067,51.51182174682617,14795200
2021-08-30,51.476907028743184,51.6863770895276,51.319805315508276,51.607826232910156,11798600
2021-08-31,51.59037260723513,51.65146735095168,51.12779716783449,51.51182174682617,19873900
2021-09-01,51.51181405803227,51.61654741314016,51.197610663295286,51.52927017211914,11629700
2021-09-02,51.799834177434214,52.12276730988411,51.54672883419676,51.95693588256836,12855700
2021-09-03,51.78238386957247,52.07040145649041,51.7387419154032,51.860931396484375,9732200
2021-09-07,51.70382894992589,51.81728869949113,51.27616247033778,51.389625549316406,15503600
2021-09-08,51.10161334825395,51.43327291969348,51.049248325520416,51.2150764465332,13124500
2021-09-09,51.01432873102783,51.44199189225211,50.8397709117999,51.14524459838867,14958800
2021-09-10,51.2761701150722,51.4507279558148,50.46447898562092,50.52557373046875,13622100
2021-09-13,50.76122302294254,51.08415284324736,50.385924854988154,50.70885467529297,13553200
2021-09-14,50.83104316867392,51.03178349015837,50.32482583930267,50.50811004638672,12810300
2021-09-15,50.42957091641875,52.018041072477054,49.801167299026844,50.2375602722168,37524600
2021-09-16,50.89214151849381,51.33726081436731,49.86225400162644,50.03681182861328,24029600
2021-09-17,50.089175451730675,50.14154379719298,49.286214131123224,49.61787033081055,40262700
2021-09-20,49.20767299085113,49.22512910945093,48.256336168354046,48.780006408691406,21897000
2021-09-21,48.84109912330056,49.19894121614558,48.20396580332841,48.23014831542969,18700600
2021-09-22,48.66653996165981,48.98947313946632,48.32615399586577,48.45707321166992,17940600
2021-09-23,48.61416963214549,49.66151325600874,48.526889054665624,49.47822570800781,16262500
2021-09-24,49.26876265573593,49.58296609927203,49.06802230667983,49.51314163208008,13156400
2021-09-27,49.27748659927653,49.460770822421466,48.919644546244825,49.06801986694336,13859500
2021-09-28,48.68399607906129,48.86728364706989,48.36106623066875,48.45707321166992,17803200
2021-09-29,48.544346770684506,48.858550201144226,48.299967804510814,48.422157287597656,14051700
2021-09-30,48.701449157357224,48.78872973891809,47.48827737367806,47.505733489990234,18538000
2021-10-01,47.65411059922943,48.36106840338822,47.16535260768528,48.12541580200195,18338000
2021-10-04,47.888161558585566,48.04632456216084,47.40488720406347,47.650917053222656,17084100
2021-10-05,47.56305499821487,48.35386674383692,47.56305499821487,48.05511474609375,14135000
2021-10-06,47.756366212329944,47.78272895209683,46.5525727893597,47.3961067199707,26339200
2021-10-07,47.879377190137426,48.68776291207392,47.756358911146535,48.34507751464844,14725500
2021-10-08,48.503237511545855,48.59110435346706,48.10783001909011,48.397796630859375,9255500
2021-10-11,48.5471729537757,48.66140253455337,48.23963564234196,48.265995025634766,8117600
2021-10-12,48.31872532715442,48.38023279985778,47.510336132915306,47.69485855102539,14241900
2021-10-13,47.73000265607636,48.107836157980984,47.51912086779344,47.99360656738281,13737100
2021-10-14,48.406588031759256,49.07438482888013,48.309932482407625,48.898651123046875,14455900
2021-10-15,49.10953225683509,49.10953225683509,48.29235779835128,48.547176361083984,15202200
2021-10-18,48.36265695908346,48.7580645202637,47.94967535608347,48.49445724487305,10989600
2021-10-19,48.58232606220776,49.01287834278751,48.35386687700142,48.97773361206055,13258400
2021-10-20,49.03045714826497,49.408290693514545,49.03045714826497,49.38193130493164,11613600
2021-10-21,49.241332779779356,49.31162558636078,48.79320314918964,48.93379211425781,12619900
2021-10-22,48.81078267779751,49.083175294707424,48.27478614072952,48.424163818359375,15026600
2021-10-25,48.424156364683576,48.69654558776034,48.16055248510065,48.45051574707031,10218900
2021-10-26,48.819571298995434,49.51372750555942,48.67898231833499,49.039241790771484,15250000
2021-10-27,49.32041594065544,49.83883839525993,49.14467889043426,49.364349365234375,16279000
2021-10-28,49.408287413958256,49.81248032096177,49.10953540619354,49.417076110839844,11209200
2021-10-29,49.48735830111465,49.715817444303795,49.08316548089389,49.1798210144043,13550400
2021-11-01,49.091944296692105,49.425844272085705,48.76683301512456,49.29404067993164,14341400
2021-11-02,49.53129774147659,50.849320590864835,49.45221623643708,50.6296501159668,22097900
2021-11-03,50.59450221311225,50.90203951791232,50.19030601721115,50.656009674072266,13219400
2021-11-04,50.61207836049994,50.69115986910939,49.69825169111985,50.190311431884766,18070400
2021-11-05,50.41876633351408,50.78781110776251,50.02335882402982,50.1463737487793,15637700
2021-11-08,50.1727324145169,50.54178053539235,49.72460614478092,50.08486557006836,15045300
2021-11-09,50.14638136655028,50.63844449220314,49.99700703577873,50.471492767333984,14459800
2021-11-10,50.87569277196987,51.51713027552321,50.69116699135108,50.7614631652832,17876300
2021-11-11,50.58571499735112,50.761452041765544,49.81247401307083,49.87398147583008,17440700
2021-11-12,50.0585156797048,50.216678711228816,49.478585681418686,49.92671203613281,16663600
2021-11-15,50.0233572636657,50.6999426805886,49.93549042070125,50.32210922241211,19041800
2021-11-16,50.29575068941222,51.03384357925786,50.023358108573326,50.08486557006836,21136900
2021-11-17,49.74218120644826,50.20788152502696,49.44342923651532,49.87398147583008,31496300
2021-11-18,46.33289559168491,47.38731452856886,44.8830724863867,47.12371063232422,70834000
2021-11-19,47.05341407468109,47.17642900176202,46.37682862383064,46.78981018066406,30030800
2021-11-22,46.877676112182606,48.79320284420419,46.83374268935566,47.97602844238281,39949300
2021-11-23,47.98482466944601,48.83714728406552,47.861809725460894,48.59111404418945,25653100
2021-11-24,48.45931648928627,48.98652437951415,48.45931648928627,48.802001953125,19328700
2021-11-26,47.85301423132565,48.494451599499534,47.85301423132565,48.03753662109375,16730300
2021-11-29,48.45052223663803,49.373137614707936,48.17813297707686,48.995304107666016,25724500
2021-11-30,48.837142443238456,48.854713131861125,47.58062703667142,48.18691635131836,45141300
2021-12-01,48.793207551614714,49.54008921935076,48.26599972301744,48.35386657714844,24120500
2021-12-02,48.45930791102264,49.74218267488049,48.39780044644764,49.337989807128906,22384700
2021-12-03,49.46979069898669,49.926705692904,48.91622015898421,49.40828323364258,26235400
2021-12-06,49.82128013165174,50.234258475755624,49.61918363306761,50.04973602294922,23172800
2021-12-07,50.1727403230604,51.15686656591561,50.093658809829286,51.033851623535156,24254800
2021-12-08,51.03384774094078,51.07778116674771,49.75975828110654,50.10244369506836,23631300
2021-12-09,50.26060461750241,50.814175144964004,50.023360105733154,50.56814193725586,16480200
2021-12-10,50.884467245980694,52.140982595353655,50.884467245980694,52.0619010925293,19901500
2021-12-13,51.93010214616129,52.290361613263386,51.438042397088566,51.499549865722656,18496300
2021-12-14,51.262311672878354,51.42926005810805,50.40998899943472,50.7614631652832,19114200
2021-12-15,50.89325231828857,52.747271600905556,50.875681630559455,52.65940475463867,27953900
2021-12-16,52.76484983947331,53.38871321256794,52.606686822082324,52.993309020996094,24599300
2021-12-17,52.958158457391725,53.42385879127338,52.536391548081,53.12510681152344,62171000
2021-12-20,52.430938887117634,53.08116486282832,52.10582757521474,53.0372314453125,21342100
2021-12-21,53.107531234805386,53.810479415224314,52.72091241709924,53.625953674316406,20761100
2021-12-22,53.57324023485194,54.1268074569106,53.26569953735812,54.06529998779297,17095500
2021-12-23,54.29375197250925,55.26908935614436,54.29375197250925,54.72430419921875,17771400
2021-12-27,54.8385420470212,55.769946149268286,54.72431245148483,55.726009368896484,14779700
2021-12-28,55.72601442037967,56.09506262714097,55.55906603631267,55.822669982910156,12865000
2021-12-29,55.928111210725056,56.49046716015109,55.84024099868608,56.20050048828125,15069900
2021-12-30,56.270785325564326,56.35865216800199,55.76993694947828,55.901737213134766,9076700
2021-12-31,55.840230872175525,56.07747537379818,55.63813444899443,55.68206787109375,10359100
2022-01-03,55.26909133675478,55.66449549939897,54.91761724562066,55.4975471496582,17184300
2022-01-04,55.188201649624105,55.515232185152485,54.012669933822046,54.136409759521484,29682500
2022-01-05,54.08337640896599,54.4811139672694,53.252549465132354,53.2790641784668,30317900
2022-01-06,53.031592356879344,54.030354956998096,52.95204483347771,53.84474182128906,19616600
2022-01-07,53.80054429866278,54.35737690862006,53.623771666904865,54.03034973144531,20152400
2022-01-10,53.800538009351406,54.71091577640087,53.49118846868132,54.64020538330078,24715300
2022-01-11,54.445755153769184,55.17936030945386,54.3043377392785,55.12632751464844,22804200
2022-01-12,55.152848005137805,55.524067470007054,54.728592371491146,54.905364990234375,13405400
2022-01-13,54.8700086845793,54.931878590340176,54.10104836156777,54.35736846923828,14871600
2022-01-14,54.33085623942733,54.35737095120495,53.86240831086082,54.2336311340332,18831900
2022-01-18,53.01390315221519,53.22603095874591,52.58081379754826,52.792938232421875,26545800
2022-01-19,51.26387005107809,52.580822679023086,51.06941980988492,52.05934524536133,24333900
2022-01-20,52.13888788686621,52.448237449224926,51.28154285453296,51.33457565307617,17726500
2022-01-21,51.32573631815398,51.564378859462515,50.035301869588466,50.097171783447266,25914000
2022-01-24,49.63756444983385,50.38000679002687,48.49738453959862,50.291622161865234,34180100
2022-01-25,49.57569474493231,50.106009259454204,48.67415737291913,49.5933723449707,25156400
2022-01-26,49.593362965063676,49.89387536556359,48.48853845905765,48.903953552246094,28632700
2022-01-27,49.063051386904846,49.96458870247188,48.08196993363158,48.27641677856445,25967400
2022-01-28,48.17034735901672,49.195624342250625,47.2422954695505,49.151432037353516,30976600
2022-01-31,48.992343334027524,49.372403273932335,48.49738068930897,49.2044677734375,29925300
2022-02-01,49.010022377527335,49.05421468940255,48.38248278259038,48.93931198120117,22438500
2022-02-02,48.815573501920184,49.77898076258959,48.762540703216935,49.646400451660156,23316700
2022-02-03,49.38123923611412,49.628722238532184,48.66531505522499,48.78905487060547,19260500
2022-02-04,48.51505620303112,49.16027335030006,48.0731263729847,48.7448616027832,19675900
2022-02-07,48.90396352701379,49.080732786704296,48.34713091834767,48.762542724609375,14450200
2022-02-08,48.665312587598294,49.04537249937107,48.35595969317605,48.91279220581055,15219900
2022-02-09,49.337049148385475,49.83201180385436,49.03653670964674,49.752464294433594,19136700
2022-02-10,48.82440596909026,49.52265249322763,48.382476167446875,48.49737548828125,19730600
2022-02-11,48.497386890038584,48.69183712740719,47.525142446510756,47.640045166015625,20132500
2022-02-14,47.20694178633233,47.41906957694031,46.579402270421355,47.00365447998047,21868400
2022-02-15,47.48093799162617,47.9935747977348,47.41022760642126,47.96706008911133,17678000
2022-02-16,47.84332438145146,48.11731871842913,47.189266748953834,47.94938659667969,20388700
2022-02-17,49.05421558928659,50.43303799802534,48.965830963914776,49.2928581237793,32884700
2022-02-18,49.018858312916464,50.98986504575566,48.94815128994724,50.56561279296875,35626200
2022-02-22,50.3181316737912,50.50374139673564,49.2663398721156,49.76129913330078,25188300
2022-02-23,50.03528642279345,50.37115397409385,48.055439675554055,48.1173095703125,22033700
2022-02-24,47.79029091998949,48.46202614091172,47.0301710828887,48.37363815307617,27739300
2022-02-25,48.594605467883795,49.69059296963554,48.16151610687545,49.531497955322266,18963700
2022-02-28,48.97466807778902,49.496145459460344,48.391320784025964,49.2928581237793,23868700
2022-03-01,49.08072898583642,49.36356382542719,47.95822674111053,48.27641677856445,17799600
2022-03-02,48.40899210235035,49.83200663913844,48.35595931101388,49.628719329833984,18660000
2022-03-03,50.1502093984786,50.3800114760681,49.3547341844039,49.558021545410156,16794600
2022-03-04,49.2044685649618,50.29161897814068,48.83324910419416,49.9469108581543,16729000
2022-03-07,49.77015017021051,49.88504952497054,49.07190006824818,49.13376998901367,21350900
2022-03-08,49.23098717885853,49.372404599481,47.79029488825268,48.08197021484375,23642400
2022-03-09,49.17795826453166,49.717113276865994,48.83325348527726,49.425437927246094,19150900
2022-03-10,48.081966511153844,48.75369836445368,47.70190659032071,48.355960845947266,18550900
2022-03-11,48.86860521378166,49.68175454586939,48.258739843058585,48.338287353515625,20330300
2022-03-14,48.3736474857716,48.96583531772073,47.728430222547196,47.993587493896484,17977500
2022-03-15,48.09964996663167,49.25750754897649,48.09964996663167,49.14260482788086,18829100
2022-03-16,49.43427496155789,49.496144872916446,48.25873990243062,49.32821273803711,21821800
2022-03-17,49.04537892464354,49.761303163021836,48.921635727669305,49.646400451660156,18830500
2022-03-18,49.52264916575031,49.867353848406,49.089559877367314,49.46961975097656,51807200
2022-03-21,49.54917231822765,49.98226165095548,49.0718873064543,49.49613952636719,29174600
2022-03-22,49.814335961725085,50.132526010629824,49.57569342504653,49.646400451660156,29287900
2022-03-23,49.407762059031306,49.57569420006415,48.12616472942193,48.152679443359375,19742100
2022-03-24,48.320607464167786,48.338285062504546,47.44558826226948,48.170352935791016,20551500
2022-03-25,48.267579616187696,48.7713793844286,48.08196988507941,48.58576965332031,18090600
2022-03-28,48.435506727454346,48.753696731602716,48.09963912622475,48.736019134521484,17164600
2022-03-29,49.2044677734375,49.7701408123975,48.64763859124344,49.2044677734375,20036500
2022-03-30,49.27517557306044,50.32696734459023,49.133758163681165,49.54033279418945,16125400
2022-03-31,49.53149866558545,50.27394095247468,49.24866382978548,49.28401565551758,27587700
2022-04-01,49.64640376755118,49.66408136829961,48.51506429291187,49.19563674926758,17465100
2022-04-04,49.01885850002593,49.602205771291764,48.603446730810255,49.38124084472656,19629200
2022-04-05,49.12316689445554,49.47023219955782,48.651510997364525,48.87398910522461,16063600
2022-04-06,48.66930460541163,48.73159819757168,47.912880475041824,48.3845329284668,19644100
2022-04-07,48.437934040113,48.81169563280597,47.823895682940325,48.61591720581055,15739000
2022-04-08,48.80279937307528,48.86509297360733,48.06417040284295,48.304447174072266,18148200
2022-04-11,47.98407722106278,48.010776902738144,46.97847860628343,47.058570861816406,20992100
2022-04-12,46.008464926872996,47.1208552616874,45.81268314162698,46.11525344848633,25254200
2022-04-13,46.13305767371189,46.59581251626122,45.750395080733526,46.408931732177734,17004600
2022-04-14,46.346635299546534,46.61360831685347,45.492316891519806,45.53681182861328,18024800
2022-04-18,45.27873809243919,45.883878718902885,45.20754348003359,45.48341751098633,13990700
2022-04-19,45.38553560761803,46.222052100630044,45.31434098110809,46.12416458129883,15490900
2022-04-20,46.471222073628866,47.76159221175005,46.40892848329527,47.18315124511719,19526200
2022-04-21,47.467929980918065,47.903988572921385,46.925082845978935,46.96957778930664,17147300
2022-04-22,47.09416722256806,47.12976453681752,45.64361231174346,45.70590591430664,17693000
2022-04-25,45.78599830860775,46.257650842186145,44.97617807815876,46.22205352783203,18677000
2022-04-26,46.16865298944333,46.222045557020415,45.26983962810592,45.296539306640625,19238300
2022-04-27,45.305438792270195,45.48342194589264,43.82818438827258,43.8815803527832,33668600
2022-04-28,44.0773573537948,45.18974778484956,43.79258567502448,45.0562629699707,20170700
2022-04-29,44.94947460771584,45.06516417224569,43.49001878963387,43.58790969848633,20281400
2022-05-02,43.90827408552398,44.41552383727928,43.54341016944128,44.371028900146484,22499200
2022-05-03,44.290942204348816,44.81599067568656,44.077361726708666,44.4244270324707,15828200
2022-05-04,44.52232055403336,45.972878855627286,44.20195151616017,45.90168762207031,23942300
2022-05-05,45.51902169890069,45.57241427153098,43.748094487155655,44.148555755615234,24846500
2022-05-06,43.73919142802451,44.353229700288,43.47221501902242,43.899375915527344,21743900
2022-05-09,43.60570763181003,43.979469210604414,43.312034910117525,43.57011032104492,22421200
2022-05-10,44.237547294906996,44.709203204181854,43.739198493064805,44.09516143798828,21741100
2022-05-11,43.68580312209005,44.17525429978087,43.23194925780316,43.29424285888672,23872100
2022-05-12,43.27644350801454,43.409928339018165,42.24414519908544,42.973873138427734,25951000
2022-05-13,43.34763352652553,44.166354725051015,43.18744901800416,44.104061126708984,18954500
2022-05-16,44.193051144017716,44.193051144017716,43.49892053484224,43.605709075927734,20254500
2022-05-17,44.21084991023138,45.136359654604156,44.05956303146539,45.02956771850586,18780600
2022-05-18,44.913882980106266,44.913882980106266,42.90267891776503,43.03616714477539,40672700
2022-05-19,38.31963046682797,39.09385333057915,36.504208294466245,37.12714767456055,97674600
2022-05-20,37.251741030380074,38.26624082538183,36.94917061829647,38.21284484863281,46148700
2022-05-23,38.568803938202784,38.99596148711282,38.21283761673787,38.577701568603516,27366600
2022-05-24,38.62220275630724,39.20954485376506,37.821280171252624,38.95146942138672,30053900
2022-05-25,38.93366130915555,39.52990089286918,38.43530922228985,39.1561393737793,25504600
2022-05-26,39.20063543175893,40.51770520472649,39.20063543175893,40.03715515136719,28294700
2022-05-27,40.1528487981416,40.61560367956502,40.00156531110236,40.59780502319336,23882100
2022-05-31,40.28633893300984,40.588909316175844,39.814686398418935,40.09055709838867,64821200
2022-06-01,40.53551176613164,40.757989880539334,39.84138113549857,40.25074005126953,20666000
2022-06-02,40.20624872558187,40.75799354843656,39.95707430134045,40.74909591674805,20546800
2022-06-03,40.53550865184239,40.70459417843946,40.152846052880896,40.26853561401367,17947000
2022-06-06,40.580006498711164,41.016065094367626,40.161749954230814,40.3397331237793,12641900
2022-06-07,39.885879803445135,40.62450884172042,39.79688990727201,40.553314208984375,14667200
2022-06-08,40.446520858800575,40.60670536871634,39.93927104231616,39.9748649597168,16263800
2022-06-09,39.89476914452848,40.28632932564596,39.369720763503764,39.387516021728516,18417700
2022-06-10,38.978160237062255,39.14724575613914,38.52430643241346,38.70228958129883,20262400
2022-06-13,38.319631921669014,39.013762557265025,38.16834503752187,38.47981643676758,29050800
2022-06-14,38.82687224178919,38.889165827426766,37.883564038962476,38.186134338378906,22499100
2022-06-15,38.595502047361464,39.53881046748185,38.355225278234194,38.97816467285156,22525100
2022-06-16,38.097152470101236,38.631098571880166,38.097152470101236,38.55100631713867,27049000
2022-06-17,38.58660022447963,39.15614358805559,38.4798116924957,38.61329650878906,59678600
2022-06-21,38.98706945869549,39.405326042556915,38.88917853648954,39.280738830566406,23277900
2022-06-22,38.684493393623235,39.26293442095177,38.41751695589853,38.77348327636719,19942300
2022-06-23,38.63109890931847,38.67559385239761,38.01706054743449,38.203941345214844,33801700
2022-06-24,38.65779044351284,39.35192437024556,38.4798106930776,39.24513244628906,30543800
2022-06-27,39.414224315557526,39.414224315557526,38.826882218099705,38.95146942138672,22755300
2022-06-28,39.07605386122164,39.574406033872975,38.25733607195134,38.31962966918945,20091300
2022-06-29,38.3908301347276,38.49761869929681,37.99036877415902,38.159454345703125,13450800
2022-06-30,37.70558507608449,38.39081798853999,37.545400582536644,37.94586181640625,24947900
2022-07-01,37.83907945703357,37.9992639767069,36.99366191314582,37.91027069091797,24338500
2022-07-05,37.2817267197746,37.68579235760293,36.65318055263065,37.67681121826172,24442600
2022-07-06,37.820471596942745,38.54778960997449,37.721699634337156,38.3322868347168,17250400
2022-07-07,38.502899564045435,38.93390174933352,38.422086440222614,38.80819320678711,22316700
2022-07-08,38.63758203951293,39.15837843658895,38.5567689235977,38.96083450317383,11817000
2022-07-11,38.91593808330955,39.221231688289755,38.67349874182817,38.83512496948242,15245200
2022-07-12,39.13144066790926,39.35592115794922,38.30535068340599,38.48493576049805,17385300
2022-07-13,37.57804216191744,38.65554947155226,37.53314673762043,38.341278076171875,16854200
2022-07-14,37.524162118604174,38.134749367541886,37.12907423676172,38.00904083251953,17336200
2022-07-15,38.161692326196565,38.727384253881006,38.161692326196565,38.67350769042969,19897800
2022-07-18,38.88002625780728,38.89798511084934,38.08087613659095,38.25148010253906,16743800
2022-07-19,38.44902233171834,39.58938375885189,38.29637722567646,39.53550720214844,22861400
2022-07-20,39.58040975363924,39.795909150041346,39.203280671983826,39.62530517578125,15599200
2022-07-21,39.76897490985657,40.1281417333191,39.571430930506295,40.02937316894531,15364600
2022-07-22,40.208954239683614,40.33466279719613,39.73305657901443,39.9216194152832,14854600
2022-07-25,40.10119661455904,40.10119661455904,39.60734019676731,39.81386184692383,12954700
2022-07-26,39.84080183491375,39.993450370070214,39.28409110293921,39.355926513671875,19513000
2022-07-27,39.67917867020472,40.21793401667278,39.355929572685305,40.08324432373047,22349000
2022-07-28,40.29874302374862,41.18768394524187,40.14609449234725,40.96320343017578,17576200
2022-07-29,40.50525414302399,40.84646539619112,40.25383712769028,40.738712310791016,23701700
2022-08-01,40.46036507503412,40.79259524381312,40.190985744634446,40.65790557861328,14153400
2022-08-02,40.87341489812237,41.03504115210417,40.31670414846339,40.334659576416016,15005400
2022-08-03,40.316703093168506,41.14278976940722,40.21793111550932,41.04401779174805,14943800
2022-08-04,41.21463114568978,41.2415677161133,40.415477495010514,40.747711181640625,15249300
2022-08-05,40.32567167561169,40.46933904004746,39.99344153759774,40.415462493896484,19533900
2022-08-08,40.846474367917125,40.873410932533666,40.28078253386493,40.4244499206543,15465600
2022-08-09,40.541184676182446,40.568121243412406,40.155077894481586,40.334659576416016,12826200
2022-08-10,41.04401537273501,41.3582901399737,40.79259829918465,41.32237243652344,18935400
2022-08-11,41.40319679800983,41.690531653024685,41.097903086393835,41.21463394165039,15849000
2022-08-12,41.38523005661286,41.852149963378906,41.277480362836386,41.852149963378906,16967600
2022-08-15,41.654605265340855,41.86112693529373,41.33135276444036,41.834190368652344,15456100
2022-08-16,41.81623777629612,42.2113223224906,41.69950692787219,41.99582290649414,21153700
2022-08-17,41.6276729801728,42.29213347787491,41.51094213721923,41.89704895019531,27975600
2022-08-18,44.71651675356182,44.89610184600599,44.0969517811952,44.33041000366211,39999900
2022-08-19,44.007163030784284,44.411228683036164,43.58514194981114,43.72880935668945,23130400
2022-08-22,43.52227779078201,43.5492143530486,42.669251257569435,42.8398551940918,20534100
2022-08-23,42.73211423323173,43.1361798761255,42.55252912246771,42.57048797607422,13764600
2022-08-24,42.2831489763375,42.570483754948484,42.08560503155467,42.26519012451172,14946500
2022-08-25,42.426815776109315,42.58844201499474,42.05866788204822,42.44477462768555,23039300
2022-08-26,42.27416822796101,42.44477217010613,41.19666117288009,41.20563888549805,20309800
2022-08-29,41.052998930790295,41.30441601915844,40.84647726173062,41.04401779174805,13425700
2022-08-30,41.07994046070647,41.18769016512559,40.37058110390282,40.62200164794922,14279100
2022-08-31,41.106870251706546,41.15176909433664,40.03834424794534,40.15507507324219,23006100
2022-09-01,40.02038423886127,40.7117846067051,39.86773913929479,40.66688919067383,16236400
2022-09-02,41.044017098706476,41.232579911798645,39.75998826142025,40.03834533691406,14720900
2022-09-06,40.10119935749556,40.21793018523824,39.49061207818118,39.93059539794922,14366100
2022-09-07,40.182010563203356,40.55913616903769,39.82284038357959,40.4244499206543,18297400
2022-09-08,40.19097944855692,40.82850654862444,40.06527094089006,40.738712310791016,14231500
2022-09-09,40.99912078738987,41.205642448465305,40.765662560830926,41.09789276123047,15499300
2022-09-12,41.40318364808474,41.959894324698325,41.277475117104316,41.66358184814453,17923000
2022-09-13,41.05299680004322,41.22360075468101,39.5265286456762,39.60734176635742,23028600
2022-09-14,39.54448784333678,39.751009503483495,39.113485671034844,39.472652435302734,27551500
2022-09-15,39.33796786997296,39.39184100300775,38.691462871148,38.87104797363281,18148600
2022-09-16,38.709412404532586,39.131436779973264,38.42207767985385,38.8800163269043,32696100
2022-09-19,38.520849633705936,39.00572484078873,38.3951376945214,38.8800163269043,13667500
2022-09-20,38.61962381758285,38.628604955775536,37.94618231575684,38.2335205078125,16813900
2022-09-21,38.00005270431532,38.49390904047664,37.326611311740784,37.34457015991211,21415900
2022-09-22,37.120097363120024,37.308660169917765,36.94051226961232,36.949493408203125,16691000
2022-09-23,37.039280311292806,37.039280311292806,36.02462755216601,36.50950622558594,19067700
2022-09-26,36.50950745308835,36.98540500487101,36.24910925764856,36.43767547607422,22694800
2022-09-27,36.94050732447215,37.22784206549933,36.12339851243231,36.38379669189453,15027900
2022-09-28,36.680114797284524,37.32661977686993,36.44665656871248,37.12009811401367,23217700
2022-09-29,36.85970169238854,36.90459711253838,36.051573853788284,36.4286994934082,19496400
2022-09-30,36.509509970028375,36.85072130394474,35.88096385764584,35.9168815612793,27989900
2022-10-03,36.518492551953955,37.290706156521566,36.33891086044622,37.0752067565918,22203600
2022-10-04,37.66426800264038,38.09927355611835,37.51020159115538,37.89989471435547,22889400
2022-10-05,37.69146011435358,38.289593267345765,37.519271472033076,38.0539665222168,14289700
2022-10-06,37.74583633894251,38.144590613724404,37.492080475792896,37.628021240234375,18198800
2022-10-07,37.38332646239454,37.38332646239454,36.323001043968205,36.49518966674805,19055400
2022-10-10,36.82145377763375,36.98458133714029,35.888000863320116,36.15081787109375,16628400
2022-10-11,36.078316853400715,36.35019495330228,35.588934199307346,35.869876861572266,19386400
2022-10-12,35.97862136801489,36.123623227419245,35.57080255809108,35.58892822265625,17279900
2022-10-13,35.37142905010149,36.97551430678985,34.981735845854836,36.80332565307617,26328300
2022-10-14,37.01176641805061,37.12051696704034,36.17800299014904,36.431758880615234,19571000
2022-10-17,37.19301174260577,37.63707840670121,37.11144798389807,37.42863845825195,27845200
2022-10-18,37.990530472127425,38.26241204601498,37.39239723238688,37.872718811035156,18223300
2022-10-19,37.727711398229296,38.28053211380968,37.582709526693236,37.95427703857422,19071700
2022-10-20,37.664275542062605,38.624911701869046,37.573647206248545,37.80021286010742,16830500
2022-10-21,37.927089964804416,38.9421066070801,37.890842086744115,38.78804016113281,25035000
2022-10-24,39.07803950774916,39.630860206764595,38.87866410105957,39.45867156982422,18785300
2022-10-25,39.27742067545873,40.238060262646854,39.15054446636391,40.20180892944336,19165200
2022-10-26,40.718380124481776,40.99025822127045,40.129308033841674,40.21993637084961,20051000
2022-10-27,40.57337376844542,40.863377500657585,40.20180627047877,40.25617980957031,18102500
2022-10-28,40.50087761940671,41.42526596089428,40.46462973988939,41.3618278503418,17978300
2022-10-31,41.06275444414678,41.36181926652677,40.83618882287342,41.171504974365234,17793700
2022-11-01,41.30745013540868,41.497764447867205,40.83619317804656,41.19869613647461,12088700
2022-11-02,41.20775412290098,41.878386390397,40.3739908830341,40.39211654663086,15308800
2022-11-03,39.902740119613945,40.01149411787102,39.32273262404569,39.7396125793457,17895600
2022-11-04,40.328683721242285,40.854317662868034,39.72148946845112,40.34680938720703,19648700
2022-11-07,40.627752604634956,40.76368991563742,40.2471205281699,40.37399673461914,21383000
2022-11-08,40.500870633089775,41.099003755920556,40.03867827063209,40.42837142944336,17503100
2022-11-09,40.33774340549916,40.52806116286985,39.77586160884332,39.79398727416992,19311700
2022-11-10,41.41619517581893,41.51588459970782,40.46462028280872,41.37994384765625,27190100
2022-11-11,40.94494500817364,41.07182122047142,39.80305218325864,40.59150314331055,25961800
2022-11-14,40.62774830060262,41.180565504835904,40.49180754688413,40.54618453979492,21091300
2022-11-15,40.81806883938615,40.99932205305511,40.28337376047734,40.691192626953125,19318000
2022-11-16,40.72744387759212,40.763695214752246,40.14743631150136,40.229000091552734,24939600
2022-11-17,41.8602680841992,42.45840125955344,40.92681871616147,42.222774505615234,38887800
2022-11-18,42.51277921943811,43.536856944502574,42.46746678001774,43.3102912902832,30843200
2022-11-21,43.14716219240764,43.76342102631169,43.10184975461534,43.15622329711914,17049500
2022-11-22,43.50060141799817,43.8812300209894,43.28309688977661,43.8449821472168,16367800
2022-11-23,43.86310698469487,44.39780200531613,43.79060432428386,44.01716995239258,12065600
2022-11-25,44.18029241939285,44.452170450550376,43.81778607310498,43.863101959228516,8492600
2022-11-28,43.76342299465356,43.92655054373674,43.4281033342506,43.5731086730957,14976600
2022-11-29,43.727165800748274,43.87216766304638,43.355598312539556,43.75435256958008,13779300
2022-11-30,43.65466602383799,45.15906519806199,43.4643517152135,45.05937576293945,29919700
2022-12-01,45.2043821152511,45.730012656471516,45.0321899985663,45.285945892333984,18559500
2022-12-02,44.615307605826935,45.16812834772493,44.334364953862426,45.04125213623047,12325100
2022-12-05,44.90530419281181,44.986867952480566,44.56092349008629,44.705928802490234,13795900
2022-12-06,44.805619177595,44.805619177595,43.73622909321523,44.03529739379883,15443800
2022-12-07,43.863105659630726,43.99904295811914,43.55497627642649,43.663726806640625,15171700
2022-12-08,44.09873595654467,44.58811856782307,44.06248462449798,44.397804260253906,16015800
2022-12-09,44.497491787931665,44.5609298926648,43.89935861679245,43.917484283447266,14303200
2022-12-12,44.22561774800312,44.69687475278556,43.835924522069895,44.678749084472656,15425300
2022-12-13,45.612193147692224,45.956570407535644,44.61530232641019,44.98686981201172,22705900
2022-12-14,45.0775068731212,45.36751065189228,44.24374341631603,44.678749084472656,19050400
2022-12-15,44.37060597095819,44.452169724685255,43.26496820135609,43.63653564453125,19372500
2022-12-16,42.965908504465844,43.500603561527655,42.66684365268137,43.32841491699219,66125400
2022-12-19,43.192474896775906,43.46435298232511,42.721217935169165,42.95684814453125,17986300
2022-12-20,42.965904497019544,43.101845253317016,42.40402272141627,42.92965316772461,15086200
2022-12-21,43.21966877051622,43.46436012485604,42.9749774161764,43.192481994628906,15599400
2022-12-22,43.0384124481918,43.0384124481918,42.313399601604,42.88434600830078,23118500
2022-12-23,42.82090269332252,43.038407212261376,42.60339817438367,43.02934265136719,9554400
2022-12-27,43.20152981677303,43.2377811448878,42.79371447539116,43.07465362548828,12066200
2022-12-28,43.219661529551736,43.29216419592823,42.576215922488664,42.657779693603516,9847400
2022-12-29,42.82996936028021,43.264978454661204,42.82996936028021,43.0474739074707,11396500
2022-12-30,42.83903075146667,43.20153369379555,42.54902701475668,43.174346923828125,13199800
2023-01-03,43.37372500833288,43.54591364355522,42.8752813109064,43.446224212646484,17718900
2023-01-04,44.10394898110121,44.286650382673024,43.08995951288007,43.43709182739258,18339800
2023-01-05,43.38228811550315,43.38228811550315,42.715427411429154,42.825050354003906,17372100
2023-01-06,43.35487412416958,44.38713402752767,43.19044321975009,44.14048767089844,20823000
2023-01-09,44.085681627300275,44.953510732921146,44.04914413217933,44.37800598144531,13938000
2023-01-10,44.57897870392181,44.95351507179362,44.38714376824746,44.58811569213867,12474400
2023-01-11,44.606381433430464,44.97178077417183,44.48762499243821,44.95351028442383,12530900
2023-01-12,44.953511709656816,45.15448361851705,44.62464985324543,44.76167678833008,14241700
2023-01-13,44.35972919042792,44.779939944916805,44.23183577908252,44.65205001831055,12649300
2023-01-17,44.68859673714838,44.706867228256584,43.80250056920957,43.92125701904297,19290800
2023-01-18,44.02173589919611,44.09481785766269,42.83418195203087,42.843318939208984,19882200
2023-01-19,42.88898631259939,42.98033526080316,42.37742314233691,42.441368103027344,19118600
2023-01-20,42.07596826968718,42.77936631272971,41.7196990130249,42.73368835449219,21847200
2023-01-23,42.843317723048756,43.72941379349581,42.76110226447743,43.39141845703125,15180500
2023-01-24,43.38228167455911,43.86643740245951,42.98947490050207,43.67460250854492,14872700
2023-01-25,43.82989501953125,43.92124745518026,43.14476743348967,43.82989501953125,14638700
2023-01-26,43.985195657392836,44.27751650352167,43.69287481126401,44.15876007080078,12952700
2023-01-27,43.93952385675075,44.5150321278606,43.82077089211305,44.31406021118164,13414800
2023-01-30,43.97605897576706,44.304920801127544,43.957788487164876,44.04914093017578,19261900
2023-01-31,43.95778649037025,44.47848319529177,43.893841525537034,44.46021270751953,16821600
2023-02-01,44.2044350533831,44.6703238029686,43.400550974997905,44.368865966796875,19639400
2023-02-02,44.33232836319638,45.27323943594448,44.17703442467601,45.05399703979492,17883800
2023-02-03,45.03572120056709,45.03572120056709,44.31405260968531,44.423675537109375,17980000
2023-02-06,43.9121160089438,44.10395092089884,43.409689746077945,43.45536422729492,13991600
2023-02-07,43.15390282432574,43.985190791939715,42.90725648429887,43.702003479003906,16675200
2023-02-08,43.28179798736332,43.42795841196408,42.724560279591884,42.89812469482422,18905500
2023-02-09,43.144770555911336,43.309201467240435,42.413968441526066,42.688018798828125,18598400
2023-02-10,42.66061660187912,43.22698782874429,42.60580513421881,43.172176361083984,17397300
2023-02-13,43.34574338406333,43.83903612874732,43.290931917518634,43.720279693603516,19422100
2023-02-14,43.647201860123175,43.848173771693496,43.09910108187291,43.57412338256836,19134400
2023-02-15,43.391414033849784,44.32318797442957,43.236120119456054,44.25924301147461,27071200
2023-02-16,45.666044325524,47.26467554949714,45.49247641954505,46.57954788208008,48125300
2023-02-17,46.89014145649585,46.990623925305556,46.22328076198436,46.378578186035156,25321400
2023-02-21,46.323756925389546,46.36943139878461,45.32803807252568,45.39198303222656,25100500
2023-02-22,45.53814624687544,45.53814624687544,44.661183758536005,45.044857025146484,20301900
2023-02-23,45.25496813815658,45.38285808165303,44.35059806169794,44.95351028442383,14066200
2023-02-24,44.58810561433215,44.67032106600167,44.00346046649381,44.28664779663086,17251600
2023-02-27,44.71599798196056,45.07226379705098,44.35059518021997,44.5150260925293,14776400
2023-02-28,44.58811136737782,44.69773082216793,44.195304545912016,44.231842041015625,16622400
2023-03-01,44.25010902843878,44.38713594963514,43.86643922467195,44.15876007080078,13449300
2023-03-02,44.14049007765335,44.42367742509194,43.95778867558778,44.33232498168945,18281800
2023-03-03,44.752542660491365,45.090538014975856,44.59724523724844,45.0174560546875,15969900
2023-03-06,45.18187712329511,45.501605402692256,44.980908745826596,45.14533615112305,13878400
2023-03-07,45.28236695731553,45.455931362984074,44.423674945694366,44.6794548034668,17506600
2023-03-08,44.7799480781305,45.008323984189055,44.52416817846165,44.86216354370117,12055500
2023-03-09,45.03573054204548,45.39199641822354,44.49676323366995,44.58811569213867,12497700
2023-03-10,44.66118794056415,44.916967819095994,44.122220707415266,44.35973358154297,16338200
2023-03-13,44.33232146501518,44.65204976445222,43.957785188623696,44.22270202636719,20280800
2023-03-14,44.46935102196073,44.99918124422343,44.31405361362798,44.80734634399414,17679600
2023-03-15,44.186170426718334,44.86216465873883,44.186170426718334,44.816490173339844,17354900
2023-03-16,44.469357495426216,45.94009891409391,44.314060064486604,45.7848014831543,21425100
2023-03-17,45.9126884105597,46.177605285172476,45.43766961539559,45.8487434387207,47642700
2023-03-20,45.8761429733324,46.62521550068106,45.68430460628828,46.53386306762695,22699700
2023-03-21,46.78051657575734,46.89013951221467,45.976635950174156,46.28722381591797,23334000
2023-03-22,46.351167766318675,46.36030126776599,45.145339975660065,45.181880950927734,21399400
2023-03-23,45.273241515771296,45.90355777095569,45.13621457629042,45.42853546142578,17775400
2023-03-24,45.583829440840994,46.177604669246044,45.218426619715146,46.14106369018555,19438800
2023-03-27,46.31463272509729,46.54300862267199,46.113660820114866,46.16847229003906,15857200
2023-03-28,45.96749576874325,46.22327563322338,45.92182129076312,46.03144073486328,11124300
2023-03-29,46.342032489765344,46.83532521985962,46.25981703474963,46.74397277832031,18463400
2023-03-30,47.11852185051738,47.209870825326,46.7074444943986,46.98149490356445,11754600
2023-03-31,46.99062571012118,47.8219138782318,46.94495122533836,47.75796890258789,20588800
2023-04-03,47.55699779196304,48.01374958352525,47.4930528199235,47.78537368774414,16884600
2023-04-04,47.88660472493432,47.96943774114179,47.33438695749449,47.693328857421875,13599900
2023-04-05,47.92342017900763,48.125901665495874,47.56447827908024,47.693328857421875,13797900
2023-04-06,46.86500000856969,47.454036757503395,46.69013186319384,47.187129974365234,14749000
2023-04-10,47.03987004678531,47.30677682074243,46.82818645358603,47.24235153198242,10177700
2023-04-11,47.04907657384033,47.21474262075896,46.49685875805507,46.58889389038086,15957900
2023-04-12,46.77296537177878,46.892613846665874,46.06428365270152,46.1195068359375,16100700
2023-04-13,46.211546642664985,46.78217572780107,46.101103775925765,46.75456237792969,15451700
2023-04-14,46.496858689835825,46.80057743479754,46.202342053727094,46.51526641845703,12360100
2023-04-17,46.533671318403414,46.64411417250181,46.06428304438392,46.27596664428711,12042300
2023-04-18,46.36801417033786,46.65332522402782,46.0826996057322,46.3035888671875,15203600
2023-04-19,45.3095890508882,45.34640451018245,44.16833790008991,44.21435546875,30466700
2023-04-20,43.81859593752769,43.85541139503984,42.668139222137505,42.87062072753906,39769400
2023-04-21,42.86141140292108,43.36761161175563,42.55769268198634,43.2847785949707,20861000
2023-04-24,43.30318740755277,43.67133493825023,43.25716984394435,43.616111755371094,17359900
2023-04-25,43.59770897617121,43.65293216531829,43.08230658779363,43.34000778198242,20281600
2023-04-26,43.036279245106954,43.11911226131541,42.73256052628593,42.83380126953125,22390500
2023-04-27,43.054685150848385,43.073092877106575,42.309191547423076,42.85220718383789,22845400
2023-04-28,42.97185686663152,43.49646483451435,42.89822946441183,43.48726272583008,19665000
2023-05-01,43.44124828062794,43.73576493248992,43.37682298246534,43.570098876953125,13122300
2023-05-02,43.17434067807431,43.330804621404255,42.3920314941707,42.66814041137695,20175100
2023-05-03,42.7233588356976,42.8430073169814,42.20795647493402,42.299991607666016,20765700
2023-05-04,42.1251171189072,42.27237541569184,41.93184126267388,42.060691833496094,17748900
2023-05-05,42.44724606086273,42.66813527458423,42.263172301247316,42.56689453125,14317400
2023-05-08,42.741761990558935,42.81539289759738,42.419635549553,42.64972686767578,12000000
2023-05-09,42.318405647662324,42.81540386473286,42.263182453238116,42.769386291503906,15221900
2023-05-10,42.981058969949416,43.19274256152156,42.47485877176255,42.99026107788086,15625100
2023-05-11,43.100708349491605,43.11911256574347,42.52087723193875,42.677337646484375,12521900
2023-05-12,42.59450372944579,43.082299711769764,42.59450372944579,42.99026107788086,14097500
2023-05-15,43.07309991463163,43.496467154997724,42.85221418527339,43.34920883178711,13204400
2023-05-16,43.47806432568145,43.56089735456598,43.073101290728005,43.18354415893555,16496300
2023-05-17,43.39523063819349,43.95665059109526,43.266376531172234,43.837005615234375,29326000
2023-05-18,42.115916719690546,44.40762797774908,42.06069704587491,44.361610412597656,41475700
2023-05-19,44.57330323639008,45.41083573459727,44.54569339377403,45.217559814453125,28564100
2023-05-22,45.199146346943536,45.3095892143092,44.88622196364463,44.9322395324707,18667500
2023-05-23,44.73895915796901,45.420027534609176,44.72975353857612,45.01506805419922,17645900
2023-05-24,45.05188398930948,45.097901554018314,44.333996638374245,44.55488586425781,15452900
2023-05-25,43.9658561109119,45.30958876853961,43.919838542538564,45.12551498413086,21717000
2023-05-26,45.19914174609284,46.10109934475166,45.19914174609284,45.8894157409668,19825600
2023-05-30,46.0090620579018,46.46924469956112,45.778970737072136,46.17472457885742,19074800
2023-05-31,45.935431603897726,46.045874455931106,45.65932271835681,45.714542388916016,51990300
2023-06-01,45.79737684255294,46.10109908381765,45.337194181908295,45.77897262573242,17817000
2023-06-02,45.898614491573554,46.24835427311295,45.76976391703663,46.03667068481445,19155400
2023-06-05,46.220745841151235,46.55207790625002,46.055079808601846,46.21154022216797,13964100
2023-06-06,45.82499131966203,45.935434177884055,45.22675244170534,45.84339904785156,16029600
2023-06-07,45.74215324593779,46.14711268863327,45.6961356860043,45.81578063964844,15950600
2023-06-08,45.94463295383965,46.01826386125682,45.622506511176816,45.72374725341797,13289100
2023-06-09,45.58569666998202,45.99065968880569,45.43843834793214,45.705345153808594,12173400
2023-06-12,45.944638974128935,46.48765469928164,45.71454762467297,46.460044860839844,15495000
2023-06-13,46.653321620537305,46.883412974278016,46.43243588705886,46.75456237792969,24035500
2023-06-14,46.75455520371855,47.14111044436435,46.59809479242221,46.90181350708008,16630700
2023-06-15,46.855797883501744,47.92342150475771,46.78217048423325,47.79457092285156,22496900
2023-06-16,48.04307224632884,48.23634812831208,47.79457317910102,47.923423767089844,37134400
2023-06-20,47.8037776070577,47.9326317122131,47.37120825652551,47.4448356628418,20138000
2023-06-21,47.2883712648157,47.306778992580064,46.77296542015865,46.800575256347656,16939600
2023-06-22,46.61650297020521,47.06747999258764,46.4140214845311,47.049072265625,14993800
2023-06-23,46.60729430941496,46.68092521245996,46.10109413918205,46.321983337402344,16544600
2023-06-26,46.30357885742593,46.75455588198765,46.18393038704805,46.21154022216797,13032100
2023-06-27,46.303583677140274,46.975449985340354,46.248360490237346,46.809783935546875,12981000
2023-06-28,46.73615577027705,46.957045019973634,46.423231381240946,46.81898880004883,11387600
2023-06-29,46.80978195076108,47.18713160130945,46.77296649438681,47.13190841674805,14246000
2023-06-30,47.74856343869508,48.09829980314765,47.41723129475831,47.619712829589844,18188300
2023-07-03,47.269961668323674,47.70253447639767,47.24235183322617,47.693328857421875,7338300
2023-07-05,47.266753712191225,47.823159037377934,47.22965908050177,47.76751708984375,14950500
2023-07-06,47.359485112028175,47.47076546569991,46.970002105407744,47.39657974243164,13931100
2023-07-07,47.29456546679392,47.8973407554056,47.05345747387218,47.28529357910156,15580400
2023-07-10,47.35948289010061,47.758241304383,47.31311637304094,47.66550827026367,19046500
2023-07-11,47.82315973557269,48.36102129030596,47.795340530168836,48.33319854736328,14998300
2023-07-12,47.8138929660375,48.15700950706712,46.858725540276176,47.053470611572266,26332500
2023-07-13,47.007102079392354,47.86953294275066,46.97001097951987,47.78607177734375,17864800
2023-07-14,46.756718480161865,47.266760899602275,46.42287735680903,46.719627380371094,19566600
2023-07-17,46.55270071502308,47.248209181270816,46.49705876420922,47.11838150024414,16140700
2023-07-18,47.27603165021928,47.637695511618695,47.15547585057306,47.51714324951172,16430800
2023-07-19,48.416664801471775,48.629953652960374,47.94372057209082,48.62068176269531,21745000
2023-07-20,48.277565997535675,49.02871293494077,48.14773476896537,48.565040588378906,22784400
2023-07-21,48.917428893370335,49.149265049263086,48.71341194417223,48.806148529052734,51284800
2023-07-24,48.861783738310095,49.43673991424921,48.84323642255025,49.25127029418945,18390200
2023-07-25,49.32545068556814,49.85403674617622,49.25126496809005,49.70566177368164,16136600
2023-07-26,49.65002909296414,49.75203756160081,49.112167544712165,49.35327911376953,13563700
2023-07-27,49.70566293538629,49.97459368479882,49.01942999813736,49.14925765991211,15795500
2023-07-28,48.277558755596985,48.611399823510276,48.00862798592299,48.30537796020508,27491300
2023-07-31,48.07354070095431,48.388837983470786,47.980807662730086,48.259010314941406,14193500
2023-08-01,48.750500339873376,48.94524183689426,48.50939232511494,48.833961486816406,15286200
2023-08-02,48.57430745564617,49.25126853781486,48.51866551035089,48.7597770690918,17693700
2023-08-03,48.67632091420685,49.399648589567164,48.44448475799762,49.288368225097656,15186400
2023-08-04,49.037984684945485,49.44601504580268,48.722687371429785,48.806148529052734,12266700
2023-08-07,49.12144009689015,49.21417313338477,48.85250933850172,49.158531188964844,11327900
2023-08-08,48.83395963134497,49.269812664102375,48.555756997951505,49.204898834228516,12224800
2023-08-09,49.056522988571075,49.566561730315875,48.83395876328949,49.139984130859375,18765500
2023-08-10,49.52947286631618,50.20643397140724,49.30690861513752,49.49237823486328,16329500
2023-08-11,49.47382500356765,50.0302337962153,49.32545003303594,49.881858825683594,14344500
2023-08-14,49.891142759302845,50.19716819977607,49.81695702489488,49.96533203125,20707300
2023-08-15,49.72421846806374,49.82622694418642,49.31618810111206,49.47383499145508,20173400
2023-08-16,49.325452352775166,49.63147773375427,49.02870239775583,49.11216354370117,26470200
2023-08-17,50.48463217924166,51.782915865268386,50.41971834869417,50.753562927246094,45278000
2023-08-18,50.66083500918209,51.43052916518629,50.65155958243115,51.041046142578125,28839800
2023-08-21,51.189415170040974,51.736548545834076,51.143048654303605,51.4119758605957,18283200
2023-08-22,51.44906641633863,51.764363650952745,51.26359683052948,51.430519104003906,15661300
2023-08-23,51.56962994342755,52.1167633583094,51.374888440894686,51.91274642944336,18250000
2023-08-24,52.22803926305902,52.37641423390425,51.19868635514718,51.22650909423828,17586400
2023-08-25,51.235785681407314,51.81073830397291,51.235785681407314,51.65309143066406,15731800
2023-08-28,51.82929357382464,52.190957432841344,51.63455204012937,52.11677169799805,15189900
2023-08-29,52.25586606270142,52.67317183436133,52.03330534284205,52.45061111450195,17859100
2023-08-30,52.51552702556732,52.77518238816575,52.43206586794083,52.68244934082031,12145400
2023-08-31,52.95137232834604,53.35013076738496,52.75663082208202,53.18320846557617,22619700
2023-09-01,53.220298044854445,53.96217290606411,53.220298044854445,53.637603759765625,14080400
2023-09-05,53.61906477104454,53.61906477104454,53.071931312664944,53.09975051879883,13885000
2023-09-06,52.95137709151439,53.294497152507745,52.92355788455672,53.00701904296875,11380400
2023-09-07,52.8308207720001,52.942101128808865,52.54334268457714,52.66389846801758,14762000
2023-09-08,52.63607727383085,52.92355536970932,52.45061118620744,52.552616119384766,13992000
2023-09-11,52.5989895607418,52.8308257227161,52.339330653804,52.710269927978516,15842300
2023-09-12,52.53407269620996,52.72881421205589,52.246594598385805,52.29296112060547,13916100
2023-09-13,52.22805456838633,52.42279611140088,52.00549381566666,52.19095993041992,13092200
2023-09-14,52.32077676686793,52.36714682347177,52.005483022209155,52.274410247802734,15760300
2023-09-15,52.218771047960736,52.29295676983217,51.50471534506285,51.968387603759766,44029200
2023-09-18,51.94056192341702,52.190945353448896,51.7736431742675,52.03329849243164,11825000
2023-09-19,52.098214294213946,52.126033497202265,51.430525122186104,51.78291702270508,10748500
2023-09-20,51.88493043666014,51.9776634804992,51.41198271547989,51.46762466430664,12219900
2023-09-21,49.52947912157101,50.1693456760202,49.01016482826059,49.46456527709961,37436100
2023-09-22,49.5202019355006,49.91896038748889,49.33473231218578,49.67784881591797,17869500
2023-09-25,49.57584355185597,49.77986050444816,49.29764086766419,49.594390869140625,14224400
2023-09-26,49.31618604016372,49.42746640149298,48.75978069597853,48.880332946777344,15618400
2023-09-27,49.047261549081256,49.49238658903563,48.71341688473063,49.334739685058594,15845500
2023-09-28,49.49238426643487,50.25280661619725,49.473836948448074,49.96533203125,17204400
2023-09-29,50.22498897887647,50.26208361601026,49.61294161632616,49.85404968261719,13951200
2023-10-02,49.928231763132956,50.44754599556433,49.90041255806051,50.438270568847656,13934000
2023-10-03,50.30750662277056,50.335526744772984,49.831143170202935,50.111358642578125,15700600
2023-10-04,50.1206932516699,50.2981599478048,49.709716057052916,49.92454528808594,17009000
2023-10-05,49.87785385488907,49.943236522465156,49.11193955206503,49.569618225097656,14929400
2023-10-06,49.49488682601989,50.20475717364695,49.26137632753782,49.92454528808594,15665500
2023-10-09,49.831144567309224,50.40091081791785,49.73774178262394,50.363548278808594,10163600
2023-10-10,50.400905047315355,50.522331503973895,50.1113543100901,50.31684112548828,13105600
2023-10-11,50.37289264027569,50.559701779947716,49.83114649153559,50.12070083618164,12658000
2023-10-12,50.45694954666231,50.64375866031309,49.98058612869843,50.298160552978516,11846100
2023-10-13,50.32618727450232,50.55035537394754,49.91520648703992,50.22344207763672,14413800
2023-10-16,50.50365503381089,50.98935734349361,50.47563491156943,50.58771896362305,11736600
2023-10-17,50.2421246762288,50.41959138991069,49.66301601731099,50.38222885131836,17105900
2023-10-18,50.24212334643843,50.6157380332097,50.064653074365964,50.22344207763672,13087300
2023-10-19,50.21410070705154,50.37288971362798,49.69103942206511,49.803123474121094,16325600
2023-10-20,49.868508929028174,50.05531806831414,49.317423927832955,49.43885040283203,23888700
2023-10-23,49.33610123325363,49.36412135481394,48.71963361731295,48.756996154785156,17760000
2023-10-24,48.813041081939716,49.55093523392856,48.626235502828436,49.513572692871094,14824200
2023-10-25,49.60697857283222,49.849827961215695,48.87842684459379,48.943809509277344,14384700
2023-10-26,48.448760068540764,48.691612996532534,47.92569880164339,47.98173904418945,17594500
2023-10-27,48.23392407631966,48.71028744983729,48.00975601132431,48.159202575683594,13333900
2023-10-30,47.96305439287743,48.23392742303793,47.720205045101146,48.16854476928711,13322400
2023-10-31,48.33667527296892,48.728971217076186,48.2712926156177,48.691612243652344,13509300
2023-11-01,48.60755359338702,48.83172171060923,48.383381913076825,48.747657775878906,14300700
2023-11-02,48.86907925851416,49.31741901024237,48.73831394297938,49.27071762084961,17459700
2023-11-03,49.74708322984822,49.92455351832717,49.158639242089244,49.513572692871094,17644900
2023-11-06,49.47620754300945,49.78443956056319,49.39214361766069,49.77510070800781,15429600
2023-11-07,49.821807937070666,49.91521072592348,49.47621334260965,49.62565994262695,15153100
2023-11-08,49.86850634228135,49.9712515417135,49.289401247312995,49.50423049926758,13633800
2023-11-09,48.682270663360285,49.10259029860754,48.33667610241817,48.570186614990234,21039400
2023-11-10,48.803702381657885,49.158639396643686,48.504809178434485,49.12127685546875,17369000
2023-11-13,49.01852561517002,49.16797219838658,48.65424979127263,48.78501510620117,14931600
2023-11-14,49.0091944109673,49.84983023659261,49.0091944109673,49.663021087646484,18331000
2023-11-15,49.75641966180725,49.90586624497321,49.54159042119915,49.7657585144043,32188200
2023-11-16,44.28293990669909,44.89006875298466,43.15274971650046,44.87138748168945,79057800
2023-11-17,44.88071724202739,45.17027154380109,44.58182408804241,44.60984420776367,32593700
2023-11-20,44.4230431287627,45.179614942063985,44.41370071252393,45.086212158203125,27421000
2023-11-21,45.08621392229378,45.160935439688544,44.51644765442094,44.647212982177734,21510500
2023-11-22,44.90874481201172,45.160933037506695,44.78731834423016,44.90874481201172,17308400
2023-11-24,44.91808484662891,45.207639181082534,44.880722307392084,45.1702766418457,8209500
2023-11-27,45.14225688002069,45.17961585646847,44.74995734107201,44.768638610839844,17651600
2023-11-28,44.787322675468765,45.01149080049572,44.65655734202169,44.69391632080078,16360900
2023-11-29,44.93676203496636,45.24499404795606,44.862036963279444,44.88071823120117,16700500
2023-11-30,45.01149073697805,45.30104509140804,44.77798019526976,45.188961029052734,37165000
2023-12-01,45.09555141873625,45.562572468435135,44.85270204065148,45.27302169799805,18744700
2023-12-04,44.890060646705805,45.002144691148644,44.62852645888913,44.88071823120117,17812900
2023-12-05,44.60051074601725,44.79665873394765,44.45106415096249,44.768638610839844,20985000
2023-12-06,44.89940086427247,45.030166180612916,44.50710491525115,44.55380630493164,19535500
2023-12-07,44.74995286935241,45.1702724894077,44.64720767744028,45.076866149902344,20478500
2023-12-08,45.095554674516556,45.38510902894655,45.030172007885284,45.188961029052734,16039900
2023-12-11,45.71201603334189,46.1790370521001,45.62795210744191,46.1323356628418,25618900
2023-12-12,46.309812115272734,46.31915096913661,45.87081115882103,46.07630157470703,18712200
2023-12-13,45.99222443390957,46.4218828500609,45.590586134393774,46.412540435791016,18689200
2023-12-14,46.702099989359894,46.71143884159928,45.92684341925454,46.17903518676758,28418700
2023-12-15,46.225736040039294,46.636713200807485,46.16969224230798,46.58066940307617,58860100
2023-12-18,46.62737661709019,46.9823135875993,46.141677895030476,46.926273345947266,20453100
2023-12-19,47.047698340031616,47.13176226934077,46.55265718025982,46.87023162841797,17035800
2023-12-20,46.81418629064561,47.01033782801251,46.50595426864786,46.51529312133789,17812200
2023-12-21,46.63672333350129,46.68342472688055,46.12300088015352,46.42189407348633,18772300
2023-12-22,46.552652833035026,47.06637521391236,46.552652833035026,46.786163330078125,12903800
2023-12-26,46.80484524636063,47.07571828182725,46.74880144358177,46.96363067626953,9721200
2023-12-27,46.98231756004752,47.22517050469867,46.963636290221444,47.11308288574219,10414300
2023-12-28,47.24384655487503,47.290547942736566,47.09439641277811,47.15044021606445,8549900
2023-12-29,47.12242632621036,47.25319165474667,46.90759706317385,47.187808990478516,12492900
2024-01-02,47.15978527645557,47.505379841718685,46.935613613824984,47.178462982177734,20242900
2024-01-03,47.22552859298269,47.705598781263916,47.00902768896277,47.54557418823242,20303900
2024-01-04,47.479684384795256,47.54557581040537,47.05609767467694,47.14081573486328,18134100
2024-01-05,47.23493700890856,47.41378461970565,46.94312961052228,47.15021896362305,13989300
2024-01-08,46.830179120678245,47.53616172048746,46.77369922000076,47.49850845336914,18070300
2024-01-09,47.02785015513012,47.10315668419179,46.52895696794185,46.98078536987305,20489200
2024-01-10,47.06550398383006,47.366722922061534,46.896067882223235,47.291419982910156,15174200
2024-01-11,47.4891018502218,47.53616664358739,47.10316479932225,47.47968673706055,16458300
2024-01-12,47.536164754607135,47.83738372915343,47.34790199781234,47.385555267333984,18785700
2024-01-16,47.30083453571575,47.620880126953125,47.13139842324813,47.620880126953125,17015900
2024-01-17,47.29142788922012,47.47027554156623,46.98079378740395,47.347904205322266,17370600
2024-01-18,47.34790170195643,47.81855679559579,47.32907506731325,47.77149200439453,18487500
2024-01-19,47.77148936806605,48.373927280148,47.75266273446184,48.26097106933594,23015300
2024-01-22,48.52453884410211,48.7410397536375,48.39275599402086,48.543365478515625,20298700
2024-01-23,48.37392619359798,48.77868982996393,48.289208139688526,48.72220993041992,15044300
2024-01-24,48.94812866837479,48.94812866837479,48.20449277488698,48.29862594604492,19458500
2024-01-25,48.71280828847013,49.47527092828699,48.71280828847013,49.25876998901367,18936600
2024-01-26,49.343475969283055,49.531738716033544,48.93871591136737,49.07991027832031,13160300
2024-01-29,48.797517206906605,49.315237059438424,48.78810568557905,49.221107482910156,13492400
2024-01-30,49.23051423747296,49.343470436532485,48.94812194441773,49.17403793334961,14322100
2024-01-31,48.806933550986045,48.891651614557986,47.131402505689294,47.234947204589844,29311800
2024-02-01,47.28201199750458,47.49851291756321,46.896074950302065,47.234947204589844,20635700
2024-02-02,47.19729393393264,47.423209967062334,46.707812187829575,47.234947204589844,20533100
2024-02-05,47.009030799691395,47.20670867367162,46.368939566835174,46.60426712036133,19602000
2024-02-06,47.35731452078533,47.63970684512771,46.86783281621236,47.04668045043945,19265800
2024-02-07,47.34789988387276,47.394964673266806,46.55719921328775,46.84900665283203,16794400
2024-02-08,46.97137927059,47.05609733015608,46.64191855413821,47.0184440612793,19599000
2024-02-09,46.999614911534124,47.31024538610997,46.71722259169795,47.1878776550293,24076900
2024-02-12,47.09374861733813,47.25377322012556,46.62309351273691,47.05609893798828,19046300
2024-02-13,46.707808345468194,47.00902730431935,46.25597990719146,46.72663497924805,23633700
2024-02-14,46.66074173054901,47.38555094405132,46.641915097505866,47.329071044921875,31176400
2024-02-15,45.427628294890326,46.77370215697995,45.36173686870245,46.18067932128906,42766500
2024-02-16,45.88886858863679,46.199502653442494,45.54999636914444,45.59706115722656,24912300
2024-02-20,45.15464545460508,45.625300492186334,45.041685660200244,45.446449279785156,26402500
2024-02-21,45.606477878252704,45.672369302054854,45.088758009458715,45.63471603393555,15981300
2024-02-22,45.4370480916015,45.841811803231685,45.324091862322824,45.71944046020508,22020300
2024-02-23,45.76650035665181,46.25598208553958,45.653544139466455,45.99241638183594,13141900
2024-02-26,45.98299676588053,46.03006514334387,45.52175682956939,45.559410095214844,13018700
2024-02-27,45.32408002034998,45.60647231517199,45.20170870929574,45.47468948364258,12515400
2024-02-28,45.37115128908536,45.63471698981468,45.19230005717902,45.2393684387207,14635100
2024-02-29,45.36173378103218,45.634714579979864,45.30525747146588,45.53116989135742,22962500
2024-03-01,45.286429305504875,45.57823313722452,44.862839044026146,45.559410095214844,18508100
2024-03-04,45.53117658840902,46.56662003612074,45.39939372561986,46.24657440185547,25214500
2024-03-05,46.16185123697982,46.19008939279834,45.71943431148529,46.07713317871094,18101300
2024-03-06,46.105370200664865,46.51013384790485,46.09595867922791,46.284217834472656,20903600
2024-03-07,46.53836833539076,46.57602159979758,45.96417221184492,46.03006362915039,21224700
2024-03-08,46.001822281149074,46.85841430430159,45.982995648783714,46.5948486328125,19316200
2024-03-11,46.80194695453421,47.34790503435807,46.6701640935703,47.27260208129883,17715100
2024-03-12,47.573818001648405,47.58322952361766,46.96196494005781,47.13140106201172,17590400
2024-03-13,47.09375320575407,47.20671302724992,46.90549401822199,47.16905975341797,16669900
2024-03-14,47.31966446632473,47.39496741554959,46.68898476135086,46.867835998535156,17239400
2024-03-15,46.86783498148269,47.02785598937141,46.03006949121022,46.05830764770508,57049200
2024-03-18,46.33128451711189,46.74545967061874,46.10536851195437,46.37834930419922,17406700
2024-03-19,46.23715862405126,46.688987114614335,46.09596424058298,46.255985260009766,19601100
2024-03-20,46.161855351301384,46.67016374621927,46.06772217216087,46.64192199707031,18554100
2024-03-21,46.79252819754773,47.24435665316158,46.651333825000926,46.952552795410156,26102900
2024-03-22,47.11257167909188,47.1596364678196,46.80194120083834,46.85841751098633,15022900
2024-03-25,46.65132602923815,46.839585161174476,46.39717189214878,46.7642822265625,16191200
2024-03-26,46.64192199707031,46.886664672022015,46.57603056707876,46.64192199707031,13842900
2024-03-27,46.84900665283203,46.97137797790715,46.5101344238937,46.84900665283203,17231000
2024-03-28,46.96195873760763,47.253766151502184,46.8866557993589,46.98078536987305,18139700
2024-04-01,47.02785432241947,47.25377033881069,46.94313626512443,47.1031608581543,15138100
2024-04-02,47.02785071247849,47.15022202824751,46.26539184616402,46.46306610107422,16414400
2024-04-03,46.31122543499345,46.70980754261046,46.17836593917104,46.25428771972656,22210000
2024-04-04,46.586441860101935,47.02298128845546,45.589991905764464,45.65642166137695,17374000
2024-04-05,45.51406792504628,46.18785748247501,45.447638172632175,46.073978424072266,18661300
2024-04-08,45.732339857193566,46.17837131955136,45.703870996243126,45.77979278564453,15375700
2024-04-09,46.34918574238203,47.6398270343968,46.045505864278525,47.45951461791992,26686600
2024-04-10,47.19380197077152,47.231762865672465,46.32072310895086,46.700321197509766,20026400
2024-04-11,46.80470475025558,47.06093532175311,46.501024877402884,47.00399398803711,15703900
2024-04-12,46.700322087875975,46.71930253568832,45.96959113777682,46.01704406738281,16418100
2024-04-15,47.18431330821888,47.25074306387002,45.74183189094383,45.77979278564453,20310800
2024-04-16,45.99806179478287,46.0360190687515,45.400190382938014,45.47610855102539,14233400
2024-04-17,45.55202667462333,45.81774567177735,45.276815644628186,45.35273742675781,14407600
2024-04-18,45.941121131166206,45.941121131166206,45.43815194720018,45.65642166137695,13080900
2024-04-19,45.92213500863337,45.960095898620665,45.58049423904718,45.85570526123047,20964400
2024-04-22,46.01704314691703,46.111941763930275,45.5520312351917,45.68489074707031,20135700
2024-04-23,45.68488487643737,45.98856475603627,45.60896671661251,45.85570526123047,16261700
2024-04-24,45.599474910902174,45.91264682463081,45.476103827904545,45.88417434692383,14828500
2024-04-25,46.292247569973,46.43459910637376,45.40967673264818,45.64692687988281,18790900
2024-04-26,45.21038528704388,45.81774505530966,45.18191642920323,45.419166564941406,14658900
2024-04-29,45.542543164125405,45.84622308503231,45.153453039204045,45.3432502746582,11599500
2024-04-30,45.18191677037294,45.25783493190454,44.57455699752098,44.58404541015625,18535400
2024-05-01,44.31832763234572,45.143957119993566,44.29934718640383,44.45118713378906,18266400
2024-05-02,44.631498050974535,44.71690825167779,44.22342749429785,44.40373992919922,15441700
2024-05-03,44.69793086777771,44.982633969731324,44.45119228225494,44.71691131591797,17935300
2024-05-06,44.81180717425217,45.020584833759045,44.57455703651496,44.70741653442383,14163000
2024-05-07,44.80232176710043,45.03957193992365,44.61252090481179,44.868751525878906,14308200
2024-05-08,45.02058324823944,45.68488433453846,44.84027445316315,45.552024841308594,15130200
2024-05-09,45.55202667462333,45.637436869444244,45.2198779281808,45.35273742675781,12449300
2024-05-10,45.55202930220807,45.646927915194325,45.267329843099276,45.608970642089844,12096900
2024-05-13,45.84622033959628,46.33020905326173,45.77029855384091,46.197349548339844,15149100
2024-05-14,46.48204780782487,46.67184864717638,45.88417643092007,46.45357894897461,17379700
2024-05-15,46.68134002253724,47.193801235262825,46.24480059843032,47.13685989379883,37342100
2024-05-16,47.52595766537163,47.55442652844567,45.71336281978148,45.87469482421875,47829400
2024-05-17,45.79876621473075,46.083469283711814,45.656418300390115,45.713356018066406,22020300
2024-05-20,45.55202796117184,45.61845771233656,44.612515791606704,44.72639846801758,22040700
2024-05-21,44.71690574951417,44.74537822825545,44.23291705271098,44.546085357666016,25172200
2024-05-22,44.69792503115064,45.40018704003814,44.64098731431507,45.0110969543457,19940600
2024-05-23,44.7453761888692,44.78333345854445,44.1380128121191,44.22342300415039,18837500
2024-05-24,44.25189754609681,44.41322590515481,44.01464740384689,44.05260467529297,11941100
2024-05-28,43.79638273200746,44.49864120635105,43.635050734290495,43.91975021362305,18178800
2024-05-29,43.559129551350885,43.96720010423991,43.51167662461725,43.729949951171875,16001100
2024-05-30,43.7489257427504,44.09056653431044,43.654027131828144,43.767906188964844,19894200
2024-05-31,43.7868840092022,44.194954527965095,43.66351292628209,44.12852478027344,39269100
2024-06-03,44.337311408543364,44.38476071688714,43.91974880675765,44.27088165283203,23295000
2024-06-04,44.27087872308212,45.172426382402065,44.13801560030188,45.00160598754883,23330300
2024-06-05,45.09650492340147,45.200895559312876,43.312382940919306,43.673004150390625,28746400
2024-06-06,43.59708813963923,44.02413915207375,43.44524818190143,43.87229919433594,15456100
2024-06-07,43.60658028622362,43.929240649770556,43.45474032809272,43.50218963623047,15734600
2024-06-10,43.464223671030595,43.521165006243095,42.961254547177596,43.51167297363281,13400400
2024-06-11,43.359834899797946,43.58759663030304,43.04666659302207,43.43575668334961,17450700
2024-06-12,43.64454027746775,43.729950478408,43.07513773114937,43.29340744018555,16803100
2024-06-13,43.10360698098941,43.22697807682929,42.81890751533211,43.198509216308594,16149000
2024-06-14,43.008708617422116,43.37881828695677,42.676559842237204,43.35034942626953,15274200
2024-06-17,43.08462536222995,43.37881320862472,42.65757440116528,43.359832763671875,16382000
2024-06-18,43.17952929939689,43.64454120779492,43.17952929939689,43.62556076049805,17627000
2024-06-20,43.56861897401202,44.479658714064364,43.52116966632911,44.337310791015625,25613200
2024-06-21,44.69792624935201,45.40018827737903,44.65047694397923,44.878238677978516,64967000
2024-06-24,45.06804442236467,45.34325187152534,44.62201293900891,44.868751525878906,19136200
2024-06-25,44.85925910381652,45.381208713363186,44.59354009244368,44.96364974975586,17615800
2024-06-26,44.6599699130012,44.99211867772087,44.413227727652284,44.47016906738281,13981300
2024-06-27,44.3942503686166,45.08702042617713,44.38476195474329,45.03008270263672,16541900
2024-06-28,45.12497031646718,45.419161756893494,44.9256810923797,45.08700942993164,23921100
2024-07-01,45.05855094554789,45.40019176269922,44.93517984598764,45.09651184082031,17776000
2024-07-02,44.982634215342294,45.35274390572246,44.565071594277214,44.868751525878906,19794200
2024-07-03,44.74537975480265,45.09650896329203,44.64098910953959,44.688438415527344,8118300
2024-07-05,44.43958796217428,44.755439260448426,44.3247332765441,44.6501579284668,14692600
2024-07-08,44.36301439636727,44.77458096286039,43.98016423878694,44.08544921875,19320900
2024-07-09,44.02802053439912,44.12373216205155,43.693026186451036,43.83659362792969,17343400
2024-07-10,44.085445214667125,44.30558485679353,43.86530557254071,44.286441802978516,18737300
2024-07-11,44.20030572894251,44.89901085530904,44.20030572894251,44.75543975830078,19741200
2024-07-12,44.774580980986194,45.80828407431702,44.65015659658359,45.34886169433594,20936100
2024-07-15,45.377577362724395,45.4541495898817,44.78415720691431,45.36800765991211,15925900
2024-07-16,45.415858589072656,45.91356705854213,45.19571893643191,45.387142181396484,17037300
2024-07-17,45.42542721302191,46.650557128479136,45.32014224009094,46.43998718261719,26638700
2024-07-18,46.08585291215502,46.554844994425586,45.923138765433436,45.980567932128906,18462500
2024-07-19,46.02841874119642,46.03798844235631,45.119143782113674,45.29142761230469,18289200
2024-07-22,45.29142778163465,45.34885694230107,44.76500658793362,44.812862396240234,19899400
2024-07-23,44.74586573138015,44.77457848754108,44.35344224213547,44.37258529663086,16372000
2024-07-24,44.54487120669497,45.02343663783394,44.25773267824448,44.84157943725586,25318200
2024-07-25,45.33928720477086,46.124134207299186,45.04257897891529,45.21486282348633,20631200
2024-07-26,45.29142854065972,45.95184746915269,45.21485997631877,45.827423095703125,16104900
2024-07-29,45.769990804297265,46.143271201449224,45.40628010784697,45.93270492553711,11475700
2024-07-30,46.124134498948116,46.46870219026894,45.83699597323558,46.07627868652344,20166000
2024-07-31,46.33469973333972,46.679267389547846,46.1719892574437,46.37298583984375,19953600
2024-08-01,46.53569159759121,46.63140685414694,45.176567814973275,45.358421325683594,18837500
2024-08-02,45.63599519351231,45.70299405500767,44.363009522772174,44.65972137451172,24000200
2024-08-05,44.5544412816387,44.67886931710211,42.77417727871809,42.82203674316406,29669600
2024-08-06,42.83160603401314,43.779167193009826,42.72632105510635,43.224029541015625,20524000
2024-08-07,43.472883779381156,44.229018067598865,43.157032480594864,43.18574523925781,18301100
2024-08-08,43.33888575578119,44.286446948312005,43.33888575578119,43.86531066894531,18369100
2024-08-09,43.740880164325446,44.08544785127485,43.30060085374095,43.5207405090332,21217600
2024-08-12,43.57816168076244,43.77916191223218,42.59231818112244,42.936885833740234,20289500
2024-08-13,43.05174927197434,43.4441728115913,42.96560734126989,43.42502975463867,20976900
2024-08-14,43.20488495012697,43.779165637072545,43.10917332788488,43.49202346801758,30675600
2024-08-15,46.66013587412772,48.12454512395832,46.09542844263014,46.44956588745117,45976400
2024-08-16,46.55484415393001,47.59811693082665,46.4208464185576,47.339691162109375,27424900
2024-08-19,47.21526567916162,47.84697188202155,47.18654927141955,47.837398529052734,16436600
2024-08-20,47.83739426646236,48.210674673368445,47.473683560508,48.08625030517578,18697300
2024-08-21,48.134113536499626,48.382965962432166,47.88525745940248,48.287254333496094,21177600
2024-08-22,48.54568124182879,48.746677857966965,48.028829670760885,48.067115783691406,19143100
2024-08-23,48.344676034663635,48.593532092119176,48.16282249357253,48.5648193359375,16474100
2024-08-26,48.61267852783203,48.83281819325316,48.54567965797188,48.61267852783203,12016800
2024-08-27,48.497816186403284,48.66053032202516,48.23939408181348,48.536102294921875,10243900
2024-08-28,48.28725142617601,48.40210610421695,47.291834480049566,47.71297073364258,14571400
2024-08-29,47.827830852395486,48.64139063330289,47.74168892785057,48.22982406616211,16324100
2024-08-30,48.38296752988623,48.51696527520367,47.923545124012996,48.37339782714844,15615800
2024-09-03,48.15325365617916,48.335107200534274,47.760830159607536,47.913970947265625,14918600
2024-09-04,47.68425545933045,47.89482540059166,47.45454611537659,47.569400787353516,16411700
2024-09-05,47.37797926646471,47.521550361071355,46.84198465125313,47.023841857910156,16312000
2024-09-06,46.77498241480903,47.11955009613813,46.13370651435215,46.42084503173828,21040500
2024-09-09,46.39213071094649,47.042979942361896,46.19113046950628,46.61227035522461,18677600
2024-09-10,46.69841384887695,46.870697689547015,46.363415869278796,46.69841384887695,11754700
2024-09-11,46.66012442080453,47.10040369290607,45.79870527872404,47.00469207763672,15106600
2024-09-12,46.98554508873151,47.51196623094685,46.76540547112015,47.483253479003906,13229500
2024-09-13,47.60768603238227,47.913967586213516,47.54068351951532,47.66511154174805,10168900
2024-09-16,47.741686091437586,48.8806704472719,47.6459708192051,48.842384338378906,16668200
2024-09-17,48.8328150319457,49.21566517048117,48.4021054313245,48.440391540527344,13230300
2024-09-18,48.22981578984933,48.947663820818306,48.114961127220184,48.402099609375,12697700
2024-09-19,49.20609711820583,49.50280899772751,48.95724470237418,49.23480987548828,16274000
2024-09-20,49.244379868999445,50.08665598641026,49.215663462511706,49.742088317871094,44096600
2024-09-23,49.828235220639385,50.19194232834264,49.66552107147565,49.952659606933594,18343400
2024-09-24,49.97180084764119,50.316368538140686,49.78037394723431,50.26851272583008,26479300
2024-09-25,50.31636830097263,50.469509090343415,50.12494140146805,50.392940521240234,22422200
2024-09-26,50.72793311251156,51.00550192468964,50.4982201107728,50.5843620300293,18374000
2024-09-27,50.766220996972685,50.93850484151163,50.59393715243374,50.74707794189453,13868300
2024-09-30,50.7470801720485,51.02464900613323,50.39294276545066,50.938507080078125,17807500
2024-10-01,50.83322141674362,50.91936334164409,50.067517446053046,50.47908401489258,16621800
2024-10-02,50.5369471053754,50.96130181295013,50.27654637149964,50.749122619628906,11071300
2024-10-03,50.3344074767691,50.78769802246655,50.30547529013054,50.56587600708008,11029100
2024-10-04,50.92272563229957,51.02881523421733,50.54659244664051,50.87450408935547,11724100
2024-10-07,50.71055046414989,50.97094753369285,50.5080140958517,50.643035888671875,10941700
2024-10-08,50.7684129190382,50.89379187007383,50.34405820354471,50.8552131652832,12365000
2024-10-09,50.77805920317998,51.771436933067264,50.67196960502351,51.655704498291016,10586100
2024-10-10,51.79072853500975,51.89681813777443,51.520681270044776,51.636417388916016,9377500
2024-10-11,51.61712600064892,52.398328216423494,51.61712600064892,52.321170806884766,12704500
2024-10-14,52.37903661937587,52.475479698098496,51.877524516069414,52.340457916259766,11428600
2024-10-15,52.485123060982446,52.66837006308883,52.00290030439539,52.1572151184082,20066300
2024-10-16,53.04450658231481,54.4043746948078,52.88055260064934,54.37544250488281,32382300
2024-10-17,54.375444075425314,54.56833393165497,53.864285404556526,54.39473342895508,18383400
2024-10-18,54.40437362785469,54.84801770032085,54.211483780979194,54.74192810058594,17679800
2024-10-21,54.67441549299148,55.031262986204204,54.50081500414953,54.577972412109375,14083600
2024-10-22,54.00895011575517,54.87695257138548,53.87392832911662,54.587615966796875,14956300
2024-10-23,54.16326307563025,54.57797496514444,53.999309094647735,54.278995513916016,18723000
2024-10-24,54.375444127411505,54.53939811396926,53.82571042802561,53.970375061035156,14699600
2024-10-25,54.250059557592316,54.61654987896476,53.69067939975712,53.75819396972656,14680500
2024-10-28,53.912511236093124,53.989664972014545,53.24704140854715,53.314552307128906,12912300
2024-10-29,53.40134938022186,54.11504071011279,53.30490629629479,53.7003288269043,18810100
2024-10-30,53.59423603917342,54.04752660061658,53.40134620372521,53.613525390625,13284300
2024-10-31,53.459215321293314,53.536369049566495,52.76481337149631,52.82268142700195,22023400
2024-11-01,52.79374880072512,53.825705201406485,52.59121244766976,53.52672576904297,19235600
2024-11-04,53.478507062894984,53.92215113772677,53.16023826199315,53.84499740600586,13269900
2024-11-05,53.91250719180507,54.269351011692315,53.526727503933394,54.16326141357422,10183600
2024-11-06,55.156638597572616,56.02464104716497,54.934816566914066,55.812461853027344,20506000
2024-11-07,55.74495213349812,56.22717490918421,55.494197908931184,56.01499938964844,17880200
2024-11-08,56.0246444706719,56.130734074223554,55.60993257264344,55.99571228027344,17517700
2024-11-11,56.90228831732555,57.268778662050714,56.285043744568135,56.54544448852539,17827000
2024-11-12,56.67081828188381,56.94086553470824,56.35255316696599,56.622596740722656,16609400
2024-11-13,56.08250807128535,57.17232885241019,55.78352863769126,57.07588577270508,36350600
2024-11-14,56.89264354502757,56.89264354502757,55.47490743584643,55.86068344116211,33747700
2024-11-15,55.4073951275844,56.034282499859245,55.19521593868677,55.41703796386719,28173700
2024-11-18,55.50383806031571,55.92819643699191,55.195215793133535,55.27237319946289,23769300
2024-11-19,54.66477094108222,55.01197190787052,54.34650216183709,54.983036041259766,17476200
2024-11-20,54.81908588828873,55.45561981201172,54.597263850528826,55.45561981201172,15345000
2024-11-21,55.25308802209855,55.87033260309402,55.06984100775634,55.51348876953125,16162400
2024-11-22,55.54242154045436,56.61295673140691,55.417042583919645,56.46828842163086,14952100
2024-11-25,56.56473097589373,56.86370673120214,56.18859413429762,56.65153121948242,52408200
2024-11-26,56.902290425148294,57.51953502077021,56.84442236465824,57.4713134765625,14209700
2024-11-27,57.49060242871308,57.74135666428346,56.834779130676154,57.18198013305664,12703300
2024-11-29,56.96980226851204,57.471314430546606,56.94087007732076,57.10482406616211,11618400
2024-12-02,57.14339704021088,57.577398259874116,57.03730744439679,57.31699752807617,15977400
2024-12-03,57.317001387491466,57.41344447432494,57.06624347521572,57.3652229309082,11746000
2024-12-04,57.51953349360955,57.71242334438711,57.16268966106519,57.500244140625,16872100
2024-12-05,57.664198631872694,58.088553337003816,57.57739838774727,57.88602066040039,19121700
2024-12-06,57.866736425499326,57.94389384001931,57.64491437735641,57.76064682006836,14622700
2024-12-09,57.70278191275409,57.751003456855926,56.76726850509303,56.854068756103516,16517500
2024-12-10,56.42006871132357,56.767269722813374,56.06322486243374,56.63224792480469,14480200
2024-12-11,56.78655272156555,56.86370644933546,56.23681907458469,56.50686264038086,26842900
2024-12-12,56.60330681285228,57.61597756227757,56.54544243567442,56.75761795043945,17704600
2024-12-13,56.535804748535156,56.8444270719029,56.304339845543495,56.535804748535156,14129700
2024-12-16,56.391134373197005,56.41042372633075,55.79317546325467,56.27539825439453,26883200
2024-12-17,56.30432834915314,56.96979440821263,56.10179200155456,56.43935012817383,24912500
2024-12-18,56.62259650220884,56.62259650220884,55.43632893511619,55.48455047607422,24195100
2024-12-19,55.349532717600724,56.072866921812064,55.30131117313357,55.58100128173828,21947800
2024-12-20,55.523126183160876,56.69010433505974,55.23379327396403,56.43935012817383,69544600
2024-12-23,56.06322215523152,56.92157812603933,56.05357563922925,56.882999420166016,18671200
2024-12-24,56.70940162316719,57.722068786621094,56.70940162316719,57.722068786621094,9922300
2024-12-26,57.50024164642768,57.924600035544444,57.28806613093704,57.847442626953125,8524500
2024-12-27,57.45202188045003,57.886023119514384,57.037309994129416,57.4906005859375,13021400
2024-12-30,56.9890900547264,57.278422995884696,56.33326675926467,57.085533142089844,12948100
2024-12-31,57.1144660490631,57.26877718828137,56.68046482030303,57.095176696777344,14173000
2025-01-02,57.16269501138591,57.558117586910164,56.487582310009095,56.99873733520508,16144300
2025-01-03,57.13467390017106,57.45510777174465,56.66858591161252,57.15409469604492,18859000
2025-01-06,57.20264566534219,57.853229372092386,56.89192033511879,57.06670379638672,18543300
2025-01-07,57.26090656322518,57.532790294058586,56.95018124109042,57.22206497192383,16863800
2025-01-08,57.183220907538505,57.52307926051995,56.5811910849565,57.48423767089844,14400300
2025-01-10,57.08612490665506,57.34830009999954,56.84337050957365,57.037574768066406,17274500
2025-01-13,57.21235806742875,57.22207031823053,56.48409483110728,57.0569953918457,19340700
2025-01-14,57.260910509979475,57.620185993935266,57.047285447235794,57.610477447509766,16715500
2025-01-15,58.12510948865954,58.59119745495615,57.862934313091834,58.24163055419922,19185100
2025-01-16,58.43583628832515,58.69801147057243,58.04742778778,58.08626937866211,18445700
2025-01-17,58.99902455896608,59.18352026364779,58.45525710298963,58.4843864440918,23876400
2025-01-21,58.71743249326968,59.55250817977719,58.53293678793458,59.261199951171875,18623800
2025-01-22,59.27091054788934,59.970040646284055,59.222360412521894,59.84381103515625,19436600
2025-01-23,60.00888806169639,60.513817667638165,59.601062440053944,60.42642593383789,14212000
2025-01-24,60.2613547167364,60.48468832441749,60.06715045227599,60.42642593383789,17232900
2025-01-27,59.61076587800957,59.67873680912514,57.05698872392855,57.36771774291992,33730300
2025-01-28,57.309455892131986,57.83380625489201,57.21235191524793,57.70757293701172,25473300
2025-01-29,58.212501356592114,58.78540184442904,57.78525127500247,57.824092864990234,17925300
2025-01-30,58.71743392944336,59.30975524269273,58.503808877677855,58.71743392944336,17079000
2025-01-31,58.77569513983805,59.41656661854526,58.707724203015935,58.843666076660156,16554200
2025-02-03,58.44554126844138,59.48452968425633,57.82409066879181,59.27090835571289,20375700
2025-02-04,59.07670892886601,59.8049721041705,58.96989640382593,59.562217712402344,12742700
2025-02-05,59.669030270132865,60.89251077549396,59.52337615333694,60.756568908691406,18997400
2025-02-06,60.99932997589202,61.08672171470544,60.27106672049298,60.46527099609375,15521800
2025-02-07,60.92165048813479,61.416867871985204,60.40700860217198,60.46527099609375,23861000
2025-02-10,61.29062564391818,61.31975868872108,60.5720747438375,60.9896125793457,15816200
2025-02-11,60.7177248133377,60.9798999902769,60.37787016034499,60.62062454223633,17702500
2025-02-12,59.65932210648018,60.746864523667554,59.42627994861026,60.71773147583008,30116300
2025-02-13,64.18425941447717,64.57266792122245,60.90222271944555,61.98976135253906,43257700
2025-02-14,61.94121316174465,63.184114495767076,61.60135478162791,62.98991394042969,23693300
2025-02-18,63.407450387931945,64.329914117629,62.56266243367197,62.718021392822266,22047500
2025-02-19,62.650048152879194,63.077298239297924,62.426718268270044,62.96077346801758,14164100
2025-02-20,63.07729986960489,63.33947875969302,62.40729538190863,62.79570388793945,14836600
2025-02-21,62.80541106821814,63.07729477801046,62.02859782299885,62.12569808959961,18905800
2025-02-24,62.56266368302571,62.708317803327624,61.31976235189843,61.40715408325195,17287500
2025-02-25,62.72773279935178,62.76657439068608,61.48483150975816,62.40729522705078,22100100
2025-02-26,62.193675682653634,62.90251433003979,62.08685945768617,62.22280502319336,13452300
2025-02-27,62.89280072392843,63.3977339766458,61.90236612556075,61.960628509521484,24695600
2025-02-28,62.077158208849724,62.30049552636538,61.009040283282,62.2519416809082,26711800
2025-03-03,62.52381976598316,62.99961629355648,61.35859795930101,61.640193939208984,21810700
2025-03-04,61.89266259349679,62.05773380521593,60.79541168359017,61.426570892333984,24588300
2025-03-05,61.39743891726331,62.31990632571184,60.97990107664069,62.10628128051758,14931500
2025-03-06,61.950919921109296,62.16454126664693,60.94106076427268,61.57222366333008,23155100
2025-03-07,61.07700146978265,62.31019041975863,60.387576238237784,62.086856842041016,21154800
2025-03-10,61.64019182705973,61.844104617603925,59.8923610289963,60.261348724365234,27417600
2025-03-11,60.47497137425669,60.57207535100983,58.77569067452537,58.9116325378418,25787400
2025-03-12,59.19323434407118,59.406859409829735,58.50381270984464,58.707725524902344,18935300
2025-03-13,58.65917123908527,58.736854422649756,57.51337021047553,57.940616607666016,16463300
2025-03-14,58.57177949891366,58.86308402895099,58.18337098943851,58.74656295776367,16250700
2025-03-17,58.64946286318586,59.435984726296425,58.59120047534363,59.12525939941406,15335800
2025-03-18,58.91163600948164,59.03786933463062,57.940618409556336,58.55236053466797,16669000
2025-03-19,58.872794331804485,59.79526173319473,58.746561014779395,59.34859085083008,15488800
2025-03-20,58.72714482719488,59.25149522754244,58.5912029539503,58.86308670043945,16528600
2025-03-21,58.42612720951899,58.64946451714341,57.707576259891646,58.55236053466797,65935200
2025-03-24,59.27091282748747,59.60105894647685,59.11555016585353,59.20294189453125,28335600
2025-03-25,59.07670840289122,59.435983862350724,58.94076653737346,59.22236251831055,20877600
2025-03-26,59.26120046469908,60.04772602130066,59.24177966901456,60.00888442993164,30621200
2025-03-27,60.096279958309374,60.18367169234641,59.55251246131294,59.6204833984375,25720200
2025-03-28,59.87293982757988,59.98946089222292,58.75626820365897,59.096126556396484,24931700
2025-03-31,58.87279647777011,60.10598923975928,58.494100217028965,59.92149353027344,29335700
2025-04-01,59.601058832970985,60.24193027400774,59.29033351029486,60.00888442993164,17381400
2025-04-02,59.42627142932797,60.07685137293162,59.32916745735429,60.02830123901367,18610700
2025-04-03,58.04397927468269,58.571826697470975,55.971675582001346,56.02055358886719,40006300
2025-04-04,55.38517765112607,56.17695439094595,53.215125368643136,53.3128776550293,42924400
2025-04-07,52.17897438782548,54.857323497895564,50.937548384974384,53.18579864501953,46816200
2025-04-08,53.50837667787904,54.612949509937295,51.53382530650002,51.993247985839844,37377000
2025-04-09,51.88572860254514,57.115354813482334,51.48494981572509,56.822105407714844,53380800
2025-04-10,56.51907855375449,56.63637756955107,53.76252744488963,55.31675338745117,31964600
2025-04-11,55.394953791178715,56.499530445047895,55.0137291773406,56.04010772705078,23036900
2025-04-14,56.5875050126339,56.90030488352394,55.81527869999409,56.11830520629883,15657700
2025-04-15,56.56794839543985,56.60704930726092,55.77617543983819,55.91302490234375,18543600
2025-04-16,55.29720122163125,55.79572854888486,54.17307419096544,54.50542449951172,20551300
2025-04-17,54.93552709225889,55.140801295778196,54.43699976500528,54.50542449951172,15910400
2025-04-21,53.91892811243429,54.085105138546545,52.618854370011675,53.14670181274414,15578800
2025-04-22,53.97758232728704,54.03622997464015,53.36175592799824,53.801631927490234,19961800
2025-04-23,54.88665381944182,55.697977284386646,54.25127701154304,54.378353118896484,30231500
2025-04-24,54.0557789914818,55.297205121881206,53.9189295128166,55.02350616455078,22782300
2025-04-25,54.94530505307997,55.50248006860013,54.80845557261799,55.43405532836914,16493500
2025-04-28,55.25810022173696,56.0401035786505,55.15057457371793,55.561126708984375,23140600
2025-04-29,55.414500368932195,56.19650372897274,55.35585272713702,56.04987716674805,13466000
2025-04-30,55.81527262778991,56.60704931233067,55.189672954069486,56.43109893798828,19921200
2025-05-01,56.479978017580486,57.15445575288749,56.382229458572645,56.81232833862305,16420800
2025-05-02,57.73118396151891,58.083081028098974,57.41838408309084,57.99510955810547,18753200
2025-05-05,57.6725288163339,58.30790562534936,57.55522980180757,57.985328674316406,14758500
2025-05-06,57.310855426746386,58.17105318297666,57.261981147462386,57.88758087158203,13766500
2025-05-07,57.86803166140736,58.552282772737556,57.7409555494351,58.229705810546875,14078300
2025-05-08,58.61092938651074,58.92372924981001,58.09285531208417,58.366554260253906,16196700
2025-05-09,59.29518007757881,59.46135710130102,58.1026282764178,58.42520523071289,17480700
2025-05-12,60.22380779945052,60.458405836729334,59.74483090263104,60.28245544433594,23700000
2025-05-13,60.29223175670693,60.839633384714105,60.2238070193146,60.38998031616211,18591200
2025-05-14,60.243357248794936,60.47795528214619,59.48090431823209,59.911006927490234,34509200
2025-05-15,61.65095433588268,64.27065589342213,61.50432777385605,62.81418228149414,60718000
2025-05-16,62.47205559375457,62.58935460739554,61.562979848083096,62.18857955932617,30289900
2025-05-19,62.00286122227313,62.68710863562737,61.75848608068412,62.481834411621094,16249000
2025-05-20,62.30588373082428,62.41340565395461,61.65095645449885,61.993080139160156,14995200
2025-05-21,61.57275619191654,62.47205483366977,61.553205735069504,61.77803039550781,15595900
2025-05-22,61.98330726318248,62.286333764033195,61.533657922979636,61.93443298339844,15641100
2025-05-23,61.2990541638884,61.797581496513274,61.123103779299434,61.69005584716797,15645400
2025-05-27,62.32542811860399,62.55025650735821,61.91487971243024,62.31565475463867,17429400
2025-05-28,62.45250334861758,62.55025563124337,61.82690365528579,61.914878845214844,13814500
2025-05-29,62.296109361123875,62.305886454752205,61.084010772016676,61.63140869140625,13982800
2025-05-30,61.504325071602345,61.758477270766306,60.898275850998466,61.62162780761719,25829000
2025-06-02,61.3186068396891,62.44273392314193,61.29905638193087,62.41340637207031,15816000
2025-06-03,62.364532266767846,63.00968245912215,62.286334164384456,62.91193389892578,15156900
2025-06-04,63.205182961129516,63.43000388930869,62.90215274900503,62.941253662109375,14770900
2025-06-05,63.029234817697635,63.44956032631428,62.833730245238215,63.16608428955078,17025200
2025-06-06,63.85032882126345,64.6714330737574,63.76235736085512,64.57367706298828,20943800
2025-06-09,64.62256396082303,64.86693910590019,64.1142594827295,64.41728973388672,13689800
2025-06-10,64.52481320708067,64.5932379470733,63.35180807583022,63.68416213989258,17214900
2025-06-11,63.64506057573353,63.68416149215124,62.432958268864816,62.74576187133789,20442600
2025-06-12,62.87283518674363,63.74281008113361,62.667560965816065,63.635284423828125,15160800
2025-06-13,63.136752867952396,63.26383270419856,62.49160642463388,62.64800262451172,14635000
2025-06-16,63.72324908097717,64.1337974308919,63.39089508980642,64.03604888916016,16957700
2025-06-17,64.16313401355086,64.66166137062626,63.557081001856496,63.860111236572266,18845200
2025-06-18,64.212000603116,64.84736986665507,63.908970422293145,64.3586196899414,22664200
2025-06-20,64.99400838384484,65.15041204891774,64.2413362544589,64.82783508300781,50421700
2025-06-23,64.8571512869146,65.97150116757447,64.72030182492033,65.86397552490234,34030000
2025-06-24,66.25498502575365,66.50913725285395,65.84443659117895,66.36251068115234,23162700
2025-06-25,66.3234076695437,66.9881083102193,66.25498293260961,66.65576171875,19395700
2025-06-26,67.17383020228841,67.60393277450302,66.88057709255365,67.39865112304688,23154000
2025-06-27,67.3204590081417,67.66258267578088,66.80237750258908,67.10540771484375,26224600
2025-06-30,67.28137173028342,68.20999436746139,67.20316988819275,67.8189926147461,32561200
2025-07-01,67.81898705307137,67.98516781832052,67.09563871739795,67.5452880859375,21939500
2025-07-02,67.13473184905546,67.38888405666252,66.6459816193616,67.0467529296875,16655200
2025-07-03,67.0467569804975,68.31531634542633,67.0467569804975,68.21697998046875,17973500
2025-07-07,67.93180243401599,68.14814694854853,67.46961324434811,67.78429412841797,23985200
2025-07-08,67.65645967821699,67.7744603242558,67.21393474781856,67.44994354248047,21182600
2025-07-09,67.40077485820157,68.16780901943326,67.17459446324625,68.11863708496094,23765900
2025-07-10,68.10880816598096,68.23664469098905,67.42043860168626,67.61711883544922,15005300
2025-07-11,67.15493985504604,67.36144850489684,66.56491406938875,66.82058715820312,14699400
2025-07-14,66.70258491202964,66.89925766836389,66.08305147466572,66.6927490234375,16451400
2025-07-15,66.55507438688429,66.75174713669794,66.03388484755203,66.06338500976562,13944600
2025-07-16,66.03388435709708,66.43706574199588,65.86671177073866,66.25022888183594,15156100
2025-07-17,66.42723042109851,67.33193697320176,66.38789437501791,67.16476440429688,20400000
2025-07-18,67.63678466194355,67.69578498213647,66.83041444144305,66.9189224243164,16145100
2025-07-21,66.77141242504223,67.47944625970686,66.66324017238048,67.20409393310547,14674200
2025-07-22,67.20409293342993,67.45977348160747,66.94841988783605,67.02709197998047,14527200
2025-07-23,67.21392997124586,67.68595502960945,66.928749259278,67.47944641113281,13042300
2025-07-24,67.22376632137887,67.44993921349351,66.79107730678207,67.1549301147461,13534000
2025-07-25,67.24343393411252,67.67612297020443,66.93858893282096,67.54828643798828,11590000
2025-07-28,66.62391169919157,66.83042034067965,66.25023046734428,66.79108428955078,20558400
2025-07-29,67.09593792162597,67.5777914264136,66.70258490640589,66.8304214477539,15261800
2025-07-30,66.71240680030182,67.44011243354706,66.23055334240571,67.14509582519531,15518200
2025-07-31,67.17459819791463,68.00064022695487,66.75174504672857,66.94842529296875,18529200
2025-08-01,66.38789028751943,66.48622664537459,65.4143400877788,65.99453735351562,21650000
2025-08-04,66.6435743781656,67.37128005275302,66.48623768000104,67.35160827636719,17052200
2025-08-05,67.54828677228492,67.72529524223636,66.31906337056238,66.3977279663086,15434500
2025-08-06,66.83041560114121,68.19731139494593,66.64357124717606,68.05963897705078,23107800
2025-08-07,68.63983806640692,68.97418323196055,68.05964071680279,68.73817443847656,22579600
2025-08-08,69.07252349876931,70.82293652909462,69.0528592242803,70.59676361083984,31662400
2025-08-11,71.09828880008207,71.34413349509953,69.1708597888707,69.49537658691406,28911400
2025-08-12,69.6133755661232,70.31157350763725,69.3871951753814,70.19356536865234,21912100
2025-08-13,70.66559811345769,70.83277070161076,69.0823577136916,69.22986602783203,38096400
2025-08-14,66.86975225936857,69.43637129188342,66.35839863146337,68.14814758300781,39317300
2025-08-15,67.31226471443301,67.50894494342062,64.76531764535818,65.09966278076172,40877300
2025-08-18,64.9816617427073,65.99454053231133,64.65714499382925,65.83719635009766,20903400
2025-08-19,65.6503677368164,66.39773018821246,65.37502288603001,65.6503677368164,18746600
2025-08-20,65.70935666392745,66.07320944083303,65.43401186089974,65.99453735351562,14946400
2025-08-21,65.98470847262323,66.10271661612838,65.36518260003515,65.90603637695312,12456600
2025-08-22,66.2108933223479,66.90909133753496,65.89621242110043,66.20105743408203,16830600
2025-08-25,66.16172027463915,66.37806479735515,65.99454768984384,66.0240478515625,11724500
2025-08-26,66.05354222552712,67.60728229563229,65.99454190725955,67.25326538085938,28307900
2025-08-27,67.18443630636345,67.6072894715251,67.01726371847232,67.30244445800781,13876700
2025-08-28,67.22377077379058,68.42349402820894,67.21393488573906,68.27598571777344,15256000
2025-08-29,67.96130690854254,68.30548797506249,67.68596205532658,67.94163513183594,14953000
2025-09-02,66.97793311202618,67.18444176725087,66.26006326069599,66.67308807373047,18928800
2025-09-03,66.91892338699734,66.99758798085824,66.21088952416076,66.54523468017578,14320100
2025-09-04,66.96808894579547,67.27294144899702,66.28956273466056,66.85991668701172,14388500
2025-09-05,66.59441043953026,66.96809166522218,65.37502288495999,65.78804016113281,21050800
2025-09-08,65.61102726390008,65.89620798373072,65.24717444840915,65.76836395263672,14038000
2025-09-09,65.63069266139205,66.319062256342,65.53235629142324,66.22071838378906,11649400
2025-09-10,66.46656370524055,67.18443346789158,66.00438201164198,66.99758911132812,14689500
2025-09-11,67.17459322098969,67.43027377086658,66.38789480206776,66.56490325927734,17560800
2025-09-12,65.76837543631812,66.22072881147342,65.03084129153737,65.4241943359375,18529200
2025-09-15,65.4045186478702,66.08304484091886,65.24717445653,65.90603637695312,16203100
2025-09-16,65.90603588041473,66.26005280567902,65.44385420264895,65.81753540039062,18019300
2025-09-17,65.88636472200479,66.75173516966238,65.27666730275183,66.59439849853516,18652100
2025-09-18,66.77141793181984,67.61712424824044,66.358400661731,67.5384521484375,20279000
2025-09-19,67.77446143774401,67.77446143774401,66.06338451881075,67.07626342773438,47822500
2025-09-22,66.73208125715223,66.86975367922625,66.18139156885617,66.62390899658203,20396700
2025-09-23,66.45673259268207,67.08609434386513,65.95520736819488,66.41739654541016,22240000
2025-09-24,66.57473865975575,66.73208286167173,65.77820426966345,66.20105743408203,17433100
2025-09-25,66.20105474454574,67.10576136105384,65.99454611485916,66.72224426269531,22351700
2025-09-26,66.74191986945132,66.78125592059013,65.73886932187322,66.10272216796875,15077400
2025-09-29,66.59439849853516,66.82057137001489,66.31905369712516,66.59439849853516,14358300
2025-09-30,66.58457027908818,67.62694929090586,66.56490600640167,67.28276824951172,20498900
2025-10-01,66.77141416475685,67.67612075369635,66.56490554136309,67.60728454589844,15530700
2025-10-02,68.03013316393087,68.33497813500047,67.12542663505218,67.17459106445312,15708300
2025-10-03,67.22406000422889,67.8473342933713,66.9272695527252,67.19438171386719,11113200
2025-10-06,67.7088404179662,68.21338652324954,67.08556603819962,68.17382049560547,21952700
2025-10-07,68.18370071310804,68.48049872293868,67.70883295484334,68.2529525756836,16493200
2025-10-08,69.0641948992768,70.00405027242788,68.26285080514897,69.57864379882812,34246300
2025-10-09,69.55885240229094,69.86554570145157,68.29252827690571,69.21259307861328,21209500
2025-10-10,69.65778557817677,70.05350618071499,67.16470351402063,67.21417236328125,20961500
2025-10-13,67.81765496268805,68.15401897880975,66.41281967472874,66.73929595947266,14127900
2025-10-14,66.39303936506447,68.42114146722515,66.09624135815277,67.92648315429688,15402000
2025-10-15,68.56953475300955,69.54896367322839,68.08477170680916,68.77729034423828,16260500
2025-10-16,69.034513830495,69.3214165614215,67.83744160359355,68.35188293457031,13950600
2025-10-17,68.32219940213245,70.01392981853857,68.2133739764087,69.38076782226562,16286900
2025-10-20,69.37088888786337,70.21180656318366,69.37088888786337,69.89522552490234,12183500
2025-10-21,69.82597380626459,70.47891889689943,69.6281059394909,69.9644775390625,15763300
2025-10-22,70.10298116820316,70.21180660779595,69.10376919916366,69.90512084960938,14967200
2025-10-23,69.84575579445259,70.47891786306607,69.47971345509346,69.51927947998047,14614100
2025-10-24,69.8853301557653,70.18212818097741,69.31152466589515,69.87543487548828,13075600
2025-10-27,69.78639410330594,70.69656356685927,69.67756867311078,70.62731170654297,15986800
2025-10-28,70.43934187831748,71.90353382927903,70.27115986070122,71.84417724609375,19896800
2025-10-29,71.90353091992743,72.04203464034693,70.16233158737083,70.56795501708984,18020600
2025-10-30,70.60753207957644,72.32894093843186,70.57784623982953,72.1310806274414,18101800
2025-10-31,71.94310845309259,72.69499122528161,71.65620571702196,72.32894134521484,24008000
2025-11-03,73.81291923318382,74.04045784626437,72.8334978183379,73.65462493896484,21733400
2025-11-04,73.11050842651198,73.19954330991999,71.21102210159754,71.5473861694336,22345000
2025-11-05,71.448447885124,71.80460247405445,70.57784442423318,71.32972717285156,16113500
2025-11-06,70.94389964256254,71.45834855331647,69.93479992975662,70.28105926513672,16469900
2025-11-07,70.6273186521404,70.82517897310582,69.78640096620624,70.31073760986328,16913700
2025-11-10,70.99336309840352,71.72545528723735,70.38987935353514,71.31983184814453,22201200
2025-11-11,70.97357172335373,71.47812530953522,70.34040969468498,70.94389343261719,21412900
2025-11-12,71.1417661720042,73.4171900101574,70.95379358724189,73.16986083984375,57591600
2025-11-13,77.11723204301165,78.65067591330649,75.83112489014276,76.5533218383789,57638500
2025-11-14,75.76187437399923,77.82954264518459,75.02977458464626,77.16670227050781,38819600
2025-11-17,77.05787634299867,78.54185137728092,76.6423651448926,76.94905090332031,28720100
2025-11-18,76.72151144713582,77.3645612499374,75.63325706232983,76.5434341430664,26025500
2025-11-19,76.47418442375388,78.08676793794383,76.3356806886891,77.55253601074219,24759700
2025-11-20,78.27473393683394,79.20468642998398,74.51532774990292,74.63404846191406,27381900
2025-11-21,74.83191776786165,76.11803255173385,74.6637357331994,75.28700256347656,24428800
2025-11-24,75.67282812385241,76.05866101188354,74.87148405607805,75.42549896240234,26691500
2025-11-25,75.67282831999862,76.23673850765095,75.26721241907039,75.50464630126953,18818800
2025-11-26,75.64314947556784,75.78165320149603,74.53511212025539,75.25731658935547,15972600
2025-11-28,75.32657038106889,76.13780974565745,75.00009406964142,76.11802673339844,7320900
2025-12-01,75.85090501086535,75.99930401650839,75.1188128103498,75.2276382446289,15529600
2025-12-02,75.34636079317234,76.1773831683871,74.9506326177851,76.04877471923828,14619100
2025-12-03,75.77175406096772,76.9886167886348,74.84180159824511,76.91936492919922,16088400
2025-12-04,76.86000839442981,77.02819040346023,76.34555954013057,76.92926025390625,12572600
2025-12-05,77.13702392578125,77.35467480636854,76.57311371148117,77.13702392578125,12579400
2025-12-08,77.37445214619518,78.53195078312034,77.28541727314871,78.01750946044922,17454500
2025-12-09,77.94826660844771,79.02661822871512,77.6712591297694,78.66057586669922,15737500
2025-12-10,77.98783420115808,79.9565722432163,77.95815590898886,79.39266204833984,21302700
2025-12-11,79.38276456291177,79.51138055592133,77.98783203450276,78.42312622070312,18652300
2025-12-12,78.61110333433349,78.71003349382232,76.88969440598838,76.96884155273438,16672300
2025-12-15,77.37445840856935,77.86911675989472,76.71161802928633,77.41403198242188,17646000
2025-12-16,77.27552676837365,77.77018511022837,76.55332226819537,76.72151184082031,17737200
2025-12-17,77.06776769915258,77.3645581621646,75.10891743257066,75.18806457519531,26094400
2025-12-18,75.51454292644544,76.97872736529258,75.44529106174168,76.12791442871094,19249400
2025-12-19,76.14770066107344,78.32419418339602,75.96962336940074,77.58220672607422,84881900
2025-12-22,78.17579450691129,78.30441049571667,77.1271213249475,77.27552032470703,18016100
2025-12-23,76.78086937012303,77.28542299842402,76.76107880938874,77.18648529052734,16712600
2025-12-24,77.18648529052734,77.45360502522857,77.01830326372281,77.18648529052734,9104400
2025-12-26,77.26562519010058,77.44370248056845,77.09744317907167,77.32498931884766,10158000
2025-12-29,77.19638012024105,77.46349985338287,76.6918264948855,76.95894622802734,17941800
2025-12-30,76.9787284461422,76.9787284461422,76.34556637484995,76.5830078125,13952200
2025-12-31,76.51374751949199,76.98862284144661,76.05866275772435,76.20706176757812,13570500
2026-01-02,76.23690103770777,76.53527965311788,75.20250514341136,75.63018798828125,15749800
2026-01-05,76.03797479361697,76.35624987144963,74.80465981554993,75.17266845703125,16328800
2026-01-06,75.1229330531127,75.32185971455782,74.40681224846274,74.82455444335938,17017200
2026-01-07,74.7151446127845,74.97373788310571,73.8000971719657,74.31729888916016,20347400
2026-01-08,73.90950590492594,74.0586990017761,73.15360736723038,73.56139373779297,17192200
2026-01-09,73.05414393008935,73.9294060953617,72.9447361594303,73.48182678222656,19104100
2026-01-12,72.5170596610535,73.65091509378422,72.407651892257,73.61112976074219,20985700
2026-01-13,73.59123591764484,75.09310004322684,73.46193927186656,75.06326293945312,17809900
2026-01-14,74.5261662976572,74.70519649414089,73.42214801738706,74.00897216796875,17801300
2026-01-15,74.81460717237212,75.64013575433144,74.5062803285246,74.84444427490234,18213000
2026-01-16,75.23233884791566,75.58045101097493,74.1979430003424,74.7847671508789,25743300
2026-01-20,74.11837390398988,74.46649366268103,72.81543652831839,72.95468139648438,23999700
2026-01-21,73.55144759011552,73.95924156049931,72.61651882738614,73.29285430908203,18210200
2026-01-22,73.71058967369763,74.3769769319155,73.48182590461278,73.92940521240234,12879800
2026-01-23,73.55144577747427,74.66541230466031,73.31274137460447,74.18799591064453,13125500
2026-01-26,76.05787244865259,77.0027494666021,75.23234384409157,76.59496307373047,24714400
2026-01-27,76.77399095894515,78.4847223229955,76.63474608868768,78.2559585571289,17756700
2026-01-28,78.50460961446511,78.61401738007532,77.59951038773997,78.5344467163086,14022900
2026-01-29,78.68364446540927,79.05165311587915,77.21161745180643,78.00730895996094,22642900
2026-01-30,77.66913205398849,78.37531220259494,77.30113101718702,77.89789581298828,26458400
2026-02-02,77.69897578347853,80.72259264488022,77.57961979048305,80.20539093017578,28238600
2026-02-03,80.37447910156672,82.80133136192448,80.37447910156672,82.6620864868164,34962100
2026-02-04,83.52739663918811,83.78598991649717,80.70269875457306,80.72259521484375,39765700
2026-02-05,80.42420666740989,82.86099938831828,80.37447310646236,81.91612243652344,24236500
2026-02-06,83.10965780464323,84.54189947098847,82.3636998681345,84.36286926269531,23936600
2026-02-09,84.27335457725107,86.7797698046882,83.85561238244803,86.31230163574219,22908400
2026-02-10,86.50127900639724,87.71470506709579,85.66580221531129,85.82494354248047,32113800
2026-02-11,85.59618126730575,86.67036247951226,84.67119315484064,85.07898712158203,34455800
2026-02-12,79.18095013098791,79.93685630843974,73.69069539327175,74.59579467773438,68098600
2026-02-13,73.97913218719052,76.88340084703938,73.02430694126029,76.43582153320312,42886400
2026-02-17,76.535281073519,77.15194236471993,76.0678204752067,76.43582153320312,24792700
2026-02-18,76.13743929722334,78.17638633585688,76.07775750524631,77.75865173339844,20648800
2026-02-19,77.56967658511464,78.73337672443843,77.45032817266454,78.13660430908203,18443200
2026-02-20,77.70892219112213,78.90245944481099,77.70892219112213,78.77315521240234,29461600
2026-02-23,78.42504035127362,79.05164985428186,76.52533814664268,77.3210220336914,24485900
2026-02-24,77.32101872030408,78.28579212660306,77.0524772221484,77.71886444091797,19485100
2026-02-25,78.02719343133114,78.99196686435452,77.83822258971888,78.69358825683594,22721800
2026-02-26,78.5145616109088,78.91239977227471,77.30113548922381,77.67908477783203,19608000
2026-02-27,77.23151086942461,79.10137597513807,76.65463492816069,79.03175354003906,27498000
2026-03-02,78.32557901553334,79.09142578262151,77.27129428496944,78.9919662475586,18540400
2026-03-03,77.95757078641407,79.01186311063279,77.1519386835354,78.5344467163086,17521100
2026-03-04,78.77315293103712,80.52366963278443,78.1067656802859,80.43415832519531,20388100
2026-03-05,79.5588922977578,80.73253299907007,78.62396358158685,79.57878875732422,26844800
2026-03-06,78.09681526958565,79.09142579694718,77.92773330112045,78.21617126464844,20621200
2026-03-09,76.76404409691692,77.14199338174127,74.79471182945512,75.79927062988281,32855900
2026-03-10,76.72425527557445,78.58417968871929,76.68446994398955,77.28123474121094,24836000
2026-03-11,77.22156482164002,78.07693052747447,76.70437065889841,77.67908477783203,14719900
2026-03-12,76.53527878858394,77.70891954113637,76.53527878858394,77.3210220336914,19969500
2026-03-13,77.64924368124717,78.8328326387883,77.51994704428031,77.90784454345703,19080400
2026-03-16,78.49466609467677,78.74331874266164,77.76860461199585,78.47477722167969,14715100
2026-03-17,78.75326213210074,79.61857602567424,78.39520173395145,78.8427734375,16210500
2026-03-18,79.31024394587399,79.59868191892603,77.1121555184184,77.18177795410156,18827600
2026-03-19,77.1320507041083,78.45487696022275,76.505441205041,78.08687591552734,17519600
2026-03-20,78.02719789758793,78.6140220927003,76.29657759243611,77.23151397705078,90380800
2026-03-23,78.21617243558246,79.08148633912056,77.99735690216298,78.39520263671875,20072200
2026-03-24,77.94763145257174,80.50378025982845,77.7089194572661,80.42420959472656,23528000
2026-03-25,80.56345608674258,82.2344021461468,80.45404831709352,81.38898468017578,23146000
2026-03-26,81.62768996423691,82.66208587761403,81.36908908882349,81.71720886230469,26649600
2026-03-27,81.53817595752437,81.67742082700065,78.97207892584524,79.48927307128906,20557400
2026-03-30,79.42959531925,79.95673767133496,76.17721472735549,76.62479400634766,24306300
2026-03-31,77.47021542507044,77.76860162650806,75.89872892894806,77.17182922363281,25105700
2026-04-01,77.57962457270055,78.69359114449834,77.39064613587756,77.51000213623047,21309000
2026-04-02,76.7300033569336,79.0999984741211,76.54000091552734,79.0199966430664,12634900
2026-04-06,79.12000274658203,80.4800033569336,79.0199966430664,80.44000244140625,16388600
2026-04-07,80.0199966430664,80.88999938964844,79.41999816894531,80.68000030517578,13428100
2026-04-08,82.30999755859375,83.73999786376953,81.5,83.69999694824219,19621900
2026-04-09,83.8499984741211,84.7699966430664,82.1500015258789,83.16999816894531,17611700
2026-04-10,83.88999938964844,84.55999755859375,81.62000274658203,82.22000122070312,17571100
2026-04-13,82.04000091552734,82.38999938964844,81.25,82.3499984741211,19997500
2026-04-14,82.02999877929688,82.6500015258789,81.36000061035156,82.61000061035156,17856800
2026-04-15,82.52999877929688,82.66000366210938,80.87999725341797,82.36000061035156,15066400
2026-04-16,82.08000183105469,84.52999877929688,82.0,84.5,14609000
2026-04-17,85.19000244140625,86.37999725341797,84.5999984741211,86.25,20321900
2026-04-20,86.19999694824219,88.3499984741211,85.86000061035156,87.70999908447266,16695600
2026-04-21,87.91999816894531,89.80000305175781,87.16000366210938,89.69999694824219,18653400
2026-04-22,89.93000030517578,90.44999694824219,89.4800033569336,89.80000305175781,16983600
2026-04-23,89.22000122070312,89.98999786376953,88.68000030517578,88.7699966430664,8121662
