timestamp,open,high,low,close,volume
2021-01-04,194.7136560167494,195.29350288263518,190.11821282683448,193.1905059814453,3601140
2021-01-05,192.7577988378855,198.50426686222318,192.7577988378855,197.98501586914062,4187023
2021-01-06,193.7530266015751,205.66137431888015,192.52411233466353,204.5449676513672,4472971
2021-01-07,206.3624220201509,210.34341621421316,205.87777380851185,207.45286560058594,4168186
2021-01-08,208.60384592699168,211.99633800107992,208.13650667925646,210.72415161132812,2591467
2021-01-11,210.30878215908388,211.35595349647625,209.29621365265544,211.2694091796875,1738474
2021-01-12,211.65885398202377,212.24734042758155,207.06339554817302,208.30096435546875,2499648
2021-01-13,207.67784573630664,208.83752457951775,203.9911028653668,207.56533813476562,3674686
2021-01-14,207.98077494392282,208.8894753968012,204.52768641063145,204.847900390625,2333494
2021-01-15,204.84782587874227,206.82102073656688,203.32466131559178,204.89109802246094,2932236
2021-01-19,206.97685246508277,207.4009196106087,203.76610305049778,204.33729553222656,2544655
2021-01-20,204.12956419357602,205.57483918835456,203.03912084856782,205.15077209472656,2313754
2021-01-21,204.89116847139422,206.43164242170238,201.39482274399663,201.7323455810547,2684414
2021-01-22,202.8140978047359,207.2277975967997,202.3813762973771,206.00753784179688,3057444
2021-01-25,205.8950311023656,207.09798200205475,202.13905309018708,206.1027374267578,2445955
2021-01-26,206.71724512570802,206.71724512570802,202.49392700195312,202.49392700195312,1853530
2021-01-27,199.3956775275911,199.3956775275911,188.51719098789616,192.2991180419922,5268662
2021-01-28,195.24161402074057,200.78037634598184,194.93005445051523,197.81195068359375,2957052
2021-01-29,197.26670472969613,206.92493142272798,195.54450259830526,205.83448791503906,6483406
2021-02-01,207.27104531966393,211.54628862126424,206.8902504380667,209.21827697753906,4042978
2021-02-02,211.81459031137814,213.00023236997126,210.16162391105627,212.1088409423828,4123742
2021-02-03,211.1828531514919,211.59826584904073,206.07679832712424,206.1719970703125,3199121
2021-02-04,205.64402726575517,207.59991335015397,203.039088789174,203.8352813720703,2779618
2021-02-05,204.45846096225168,206.2758768527097,202.99589169247324,203.8872833251953,1659175
2021-02-08,204.38052386318003,206.6306457899176,202.58041738434105,203.93914794921875,1747610
2021-02-09,204.68343107898383,206.3450668214509,203.1602811187842,205.1074981689453,2111503
2021-02-10,206.70858879620164,206.70858879620164,204.43248809953622,205.53160095214844,1586306
2021-02-11,207.0720580271863,208.52598767823264,205.4623634990206,208.27500915527344,2086010
2021-02-12,207.9115120092008,213.83106816199023,207.86823985546147,212.8098602294922,2372748
2021-02-16,214.4715001269747,215.37154610867626,209.0885182040419,209.66835021972656,1846762
2021-02-17,208.62117549824882,209.92797973978406,207.09801047239463,207.6259307861328,2201630
2021-02-18,206.0335368586396,206.49222173597627,203.80937771664216,205.45370483398438,1763966
2021-02-19,205.3844854161961,206.44031126391732,200.01879695860168,200.12265014648438,3474917
2021-02-22,200.5207167569997,200.5207167569997,194.72230776113915,195.155029296875,3872875
2021-02-23,195.02521577103215,196.14162245428116,192.8702922821387,193.72706604003906,2464003
2021-02-24,194.28963553711162,195.79549185246586,192.5587639833161,192.99148559570312,3249317
2021-02-25,192.12604523810242,193.9694093999571,188.7248833691847,189.7547607421875,3297595
2021-02-26,192.23853372557352,192.81838063711345,190.0143746175871,190.1095733642578,3529963
2021-03-01,191.19137451564697,196.21953996158166,191.19137451564697,195.30218505859375,2242238
2021-03-02,194.79155774449646,196.22817845460708,192.2385302846179,193.93478393554688,2330448
2021-03-03,194.7223542721912,195.55317981925361,189.9278580940326,190.11825561523438,2724684
2021-03-04,189.32202105043467,190.45573659972996,184.04287779772756,185.55738830566406,4017598
2021-03-05,186.9334169986626,189.8066431951201,183.94766831161186,188.96717834472656,2743634
2021-03-08,188.6729373334111,189.86723388998456,183.54958877030995,183.80055236816406,3240067
2021-03-09,187.08920549916087,189.52972518692783,186.67379282183882,187.22767639160156,5334425
2021-03-10,187.68632034241494,189.76335364996564,182.79662721306786,184.27651977539062,3706157
2021-03-11,186.79498551708724,190.39518462430544,185.69588752366087,189.72015380859375,2733482
2021-03-12,188.34411970344328,189.18358475641026,185.0641195922188,185.7910919189453,2581202
2021-03-15,186.24103056260202,189.03638130106341,185.72177972523022,187.79881286621094,2010886
2021-03-16,187.99794848692588,188.69894264319421,185.77378906399323,186.846923828125,4423903
2021-03-17,185.57472425964775,186.74305770302195,184.16406671630654,185.32374572753906,3333578
2021-03-18,185.36700220402275,188.97585541449413,184.0861612511809,186.89016723632812,3927809
2021-03-19,187.62578726227676,191.70197994812992,186.97671977377559,191.31253051757812,5299457
2021-03-22,190.7499609921222,193.77896669529068,189.29603170047213,193.4674072265625,3060715
2021-03-23,192.92222619549636,194.32422914988499,189.7547490731745,190.67210388183594,2748598
2021-03-24,189.62491780016586,190.92306747911402,188.5690772794117,189.93646240234375,2021489
2021-03-25,190.96732698156129,190.96732698156129,186.57537288908068,189.4427032470703,2657230
2021-03-26,190.48226114992045,196.20824563305158,188.83635893994963,196.00901794433594,2977243
2021-03-29,194.76155631480617,197.85410251753478,192.56990314080883,196.53738403320312,2650913
2021-03-30,195.48058462838355,195.72314082649055,192.50063830025107,193.17633056640625,2773414
2021-03-31,194.47571125891304,196.95321958757225,193.86065808213874,194.97813415527344,3010970
2021-04-01,195.3592938704575,196.76263972998024,194.16385331012606,194.97813415527344,1967683
2021-04-05,197.18710640919306,197.63755296558756,195.41992633559258,196.2342071533203,2880348
2021-04-06,198.66837956070322,200.02841161821365,195.88769131893008,196.6846466064453,2999239
2021-04-07,195.87905273877192,197.4296499072001,194.70960036698722,195.8357391357422,1820930
2021-04-08,197.44696429363927,200.3229575537547,197.26506208111707,199.1881561279297,2277996
2021-04-09,199.3614061178221,201.2931628419995,198.399859115698,201.2845001220703,1694256
2021-04-12,200.59150332049302,203.77067689769368,200.1843554718802,203.43283081054688,2906743
2021-04-13,206.5340827074161,214.7462381800224,205.47724561235688,210.3629608154297,6945096
2021-04-14,209.3493911814667,209.6352460130903,205.21731873690317,205.56382751464844,2945208
2021-04-15,206.27412621859662,210.8133309204583,205.31257940732655,210.1463165283203,2594400
2021-04-16,210.83071998838994,211.26385602960454,209.21948373510895,210.55352783203125,2076197
2021-04-19,209.49664612016386,210.2589654443693,207.85942193707382,209.6265869140625,2278560
2021-04-20,208.05001813129078,210.6488043936258,208.05001813129078,209.5053253173828,1492570
2021-04-21,210.11170616581578,212.51124975253424,208.7343486149171,211.71429443359375,2081160
2021-04-22,214.87613369461474,221.84953345343547,214.87613369461474,219.09483337402344,4504781
2021-04-23,219.1381614545718,225.21065369397476,218.92159345209353,225.0373992919922,4019177
2021-04-26,224.83814118509306,225.54846927409443,223.26154114607016,223.58206176757812,2343307
2021-04-27,223.32217652177556,224.69087127035706,221.1565265022546,223.51275634765625,2154480
2021-04-28,221.5896830276015,224.30973242837783,221.16520973966962,223.8332977294922,1613830
2021-04-29,225.02003451413216,225.08933626280998,221.42505103151507,222.26531982421875,1930234
2021-04-30,221.18252722142284,222.9583549706746,218.98222619951255,219.97842407226562,2287810
2021-05-03,222.39528411569918,222.54255034720921,220.0303915120705,220.61077880859375,1684894
2021-05-04,220.02172968804024,221.97947448310896,218.20257349552864,221.7888946533203,2256451
2021-05-05,222.74179659179538,223.23555670150594,219.60592190057886,220.46351623535156,1793182
2021-05-06,219.73590333730976,222.79381411731444,218.75703074646538,222.6205596923828,1982122
2021-05-07,224.162458849268,226.46672742689555,223.55608336779963,223.9112548828125,2967204
2021-05-10,224.02386074425996,225.79968842400828,222.91504755685207,224.38768005371094,2266039
2021-05-11,222.46458099579726,223.9718792458473,221.121874412651,223.41746520996094,1729337
2021-05-12,221.0006193052476,222.10943258221494,216.44408811442682,216.80792236328125,2097629
2021-05-13,218.13327150158813,220.16899568027802,216.98980743411846,218.87826538085938,1847213
2021-05-14,219.95248053081883,222.44731453372052,219.2161641042067,219.66661071777344,2624630
2021-05-17,219.27671618131987,220.61942267917922,216.78189790834682,217.35362243652344,1414174
2021-05-18,217.46626194506476,218.91292122880134,216.15820617689735,216.5047149658203,1690872
2021-05-19,214.66828182478935,216.0976159922106,213.05704541207749,215.98500061035156,2132484
2021-05-20,216.80791957449867,221.139219984125,216.40077172982726,220.82736206054688,2720398
2021-05-21,221.36442371230586,222.9669969152319,218.77430053847647,218.7916259765625,1756296
2021-05-24,220.18631651802843,220.95728362975137,218.5404147524219,219.95242309570312,2501904
2021-05-25,220.07370755112493,221.23449706706586,219.04285882913445,221.01792907714844,3977779
2021-05-26,222.24803096750114,222.24803096750114,216.9031923610615,218.0986328125,4110658
2021-05-27,218.21121546063955,221.46836787629235,217.68280452922727,221.0958709716797,4750572
2021-05-28,222.62922560526917,225.6697960763513,221.77161618956276,221.8842315673828,2332817
2021-06-01,220.03037991048814,220.03037991048814,210.796025779874,212.4159393310547,7237699
2021-06-02,212.19071529847045,212.87507012442103,209.38403897018958,209.64390563964844,3759624
2021-06-03,208.89895753168727,210.27631519625015,206.44743742338122,208.77767944335938,3668256
2021-06-04,210.94331826895643,211.8269157214471,209.0895259827853,209.86915588378906,2246976
2021-06-07,209.81718280876927,210.6488039533898,207.79013608879208,208.11065673828125,2566651
2021-06-08,209.32340547400335,209.48798223534305,207.07977602184943,208.07598876953125,2624066
2021-06-09,208.69967405401536,209.2021117500416,207.7987661987422,208.50909423828125,2148840
2021-06-10,208.93357671195625,213.74998899181136,208.93357671195625,213.3255157470703,2881025
2021-06-11,213.7846441712904,214.59026217056726,213.06565336656124,213.98388671875,3352529
2021-06-14,214.7721933573299,214.7721933573299,211.20319743806974,214.32174682617188,2119850
2021-06-15,214.12249422231818,214.73753240505752,211.9395037890321,212.32066345214844,2429261
2021-06-16,212.72782535582462,213.42949078117414,210.50153608710247,212.00881958007812,2164970
2021-06-17,210.908644454822,224.34435789359873,210.908644454822,222.69847106933594,5641128
2021-06-18,222.68115966796873,225.16733040945869,221.59833461216516,222.6031951904297,4836300
2021-06-21,224.24907111583832,227.59285094619804,221.46838295009428,227.47157287597656,3134599
2021-06-22,227.9740038632838,231.91549655682164,227.27233848470564,231.32644653320312,4207553
2021-06-23,230.95398041316355,234.42768671124168,230.16568773325648,232.7211456298828,4011732
2021-06-24,233.77013822573613,234.6197340160945,229.85157031892302,231.7761688232422,3530866
2021-06-25,231.82821627795602,234.18628994531065,230.26773644511027,231.09132385253906,4510985
2021-06-28,231.08258937700634,236.10216773731875,231.08258937700634,235.5386505126953,2504047
2021-06-29,236.74371821077878,236.74371821077878,232.45237708296625,234.82778930664062,3390204
2021-06-30,234.49836751521204,234.60240148281667,231.43807973322163,232.65179443359375,2108570
2021-07-01,232.33968841929538,236.05885793030077,231.56811809489673,235.989501953125,2007163
2021-07-02,236.98648072355965,237.6280235165509,235.92014748932365,237.5673370361328,1623192
2021-07-06,238.06149723331697,241.7633279880262,237.7234017445301,241.63328552246094,2857562
2021-07-07,242.5088862711078,243.17642262168275,238.72036082867052,241.4858856201172,2075182
2021-07-08,238.40830161214149,240.86173987093233,238.03551317259075,240.12484741210938,2178732
2021-07-09,240.2288044405097,241.22579652139493,239.16247131046075,240.54957580566406,1876428
2021-07-12,241.5551939843094,242.6908829513163,240.37615754063512,241.0177001953125,2007276
2021-07-13,241.5725589687274,242.708248057937,239.65663013722798,239.92538452148438,1718395
2021-07-14,240.49757687668372,240.88770424196102,239.17982825342858,239.3792266845703,1631765
2021-07-15,238.6770220151162,244.12139174707406,238.43427608911247,243.56655883789062,2556950
2021-07-16,244.84092808539805,248.08327490897076,243.74858648257216,246.89556884765625,2893884
2021-07-19,245.0403278510618,247.23368056504566,243.94797132052656,245.99395751953125,2840304
2021-07-20,245.92459333224247,248.81149073001302,244.28607351286792,245.86390686035156,2733595
2021-07-21,245.36978294233143,245.811927304845,236.72639858183067,242.569580078125,3099631
2021-07-22,245.90726905064375,251.62039263773744,244.58952050386378,250.51072692871094,2761570
2021-07-23,251.49038063329803,253.46699611461992,249.84319111774204,252.5133514404297,2341954
2021-07-26,252.27931924986638,254.1259074118203,249.05429582040182,251.56842041015625,2276417
2021-07-27,252.27929025793443,253.36296246737115,250.60609224916934,251.93251037597656,1953583
2021-07-28,250.78817486037337,254.8281312554909,250.78817486037337,253.90916442871094,2423395
2021-07-29,254.33392360373503,258.94606632297695,254.02185154436648,258.027099609375,2007840
2021-07-30,257.6196831906911,259.8476995342435,256.6486993612602,257.90576171875,2515440
2021-08-02,259.3621217641484,260.0817048212286,255.75567127825312,257.51556396484375,1348186
2021-08-03,258.1745074658572,262.41384755815733,257.6630219650798,262.10174560546875,2203435
2021-08-04,262.25778048804534,266.23703537557986,262.25778048804534,264.9539794921875,1788218
2021-08-05,265.335361841218,267.3553396412539,264.11297773387713,266.27166748046875,1586870
2021-08-06,266.5057549521323,266.9652532415787,263.324094132852,266.39306640625,1874059
2021-08-09,266.68779348727753,268.0055270876092,265.10997499674346,266.9912109375,1737571
2021-08-10,267.468079305963,271.09186951140526,266.9045470565508,267.7801513671875,1752686
2021-08-11,268.1356040063063,271.07451871485273,266.8438638791234,269.2452697753906,2395534
2021-08-12,268.62108719774386,272.73036894370495,268.21360593147165,272.01947021484375,2182793
2021-08-13,273.8140490845845,273.8140490845845,271.11788029943506,273.31121826171875,1549195
2021-08-16,273.08583917399443,276.6489580168926,272.3056142127005,276.3802185058594,1828488
2021-08-17,276.779010439777,278.55624254126394,275.71267714755794,278.244140625,1983362
2021-08-18,278.4175660466074,280.3854975042553,272.8431230971361,273.05987548828125,3748908
2021-08-19,271.39525304198315,278.079360053918,270.9531236541471,277.2384338378906,3639379
2021-08-20,278.5648252995632,280.1946605987164,276.94364457417004,278.75555419921875,3717550
2021-08-23,278.87698795078086,279.7265986890687,276.1114630677272,276.2241516113281,3091510
2021-08-24,276.4842312191406,279.40580699799267,275.83403385360486,277.9840393066406,1980994
2021-08-25,277.2211270617212,278.79029114636626,276.18081723238225,276.9697265625,1514678
2021-08-26,277.4204593689659,278.27004001009414,274.4294986054716,275.9813232421875,1450834
2021-08-27,276.6056113170942,278.97233933859286,275.32252570387544,276.6402893066406,1484786
2021-08-30,278.18341536342723,283.87054566312815,277.87999789254025,283.4977722167969,1930346
2021-08-31,284.5900959747555,285.63043559540864,279.24974560879474,281.0269775390625,2718706
2021-09-01,280.53273302204275,284.4599689513776,278.3220270230508,284.0091552734375,2467500
2021-09-02,285.6564831122878,288.6820933153824,284.66819012938447,287.3296813964844,2564508
2021-09-03,286.32392216933437,288.9420799750725,284.8848157552422,288.196533203125,1504526
2021-09-07,286.65337658184205,287.7370486523617,283.67109982266885,286.0898742675781,2177604
2021-09-08,285.474425053958,287.80647526858723,284.0526273711794,286.5320739746094,2043710
2021-09-09,286.5233893939478,288.0405364748927,284.0179196370061,284.68548583984375,1672824
2021-09-10,286.76617359913865,289.5230442200331,285.9772641741311,286.0812683105469,2756606
2021-09-13,286.95684661216006,287.39897601835105,274.2561683517521,278.6775817871094,2292434
2021-09-14,280.7755491646628,283.4370396647732,279.2757412822028,280.9662780761719,2130115
2021-09-15,279.8479852521376,284.7808548639286,275.131808319068,281.98065185546875,2654522
2021-09-16,282.5007410772266,283.2376631752125,278.8162499607387,280.88824462890625,2023745
2021-09-17,281.616517139603,285.3790192654869,278.99835880921404,281.3477478027344,3902429
2021-09-20,277.4291184848727,282.3533318909041,277.4291184848727,280.98358154296875,3576662
2021-09-21,281.75517153471037,283.8618141744603,280.84488942962963,281.4950866699219,2114887
2021-09-22,282.53546338169303,282.81288730334956,280.17738989097785,281.0010070800781,2026790
2021-09-23,281.88522291957025,283.5584207697414,280.21202506939915,281.78118896484375,2552326
2021-09-24,281.70320469574875,282.72617550261435,279.3537859207182,281.3217468261719,1592398
2021-09-27,278.76422389263945,279.6225189093206,271.837401113022,273.9527282714844,2043598
2021-09-28,267.81476810457445,270.09483046438726,260.9226237396499,263.506103515625,4197965
2021-09-29,265.2238375348584,268.25153854984967,264.7900630633716,265.9959411621094,2316912
2021-09-30,267.78309094815523,269.9606240974403,263.88784057085695,264.1134033203125,3193932
2021-10-01,266.3169807531573,266.3169807531573,251.63822843699006,262.2742614746094,3010181
2021-10-04,261.7710820717201,263.38469360822023,257.77172533207414,259.02099609375,2596994
2021-10-05,261.77974360209,263.4801399229002,259.749708470835,259.84515380859375,1988890
2021-10-06,259.23780570787534,260.799363918055,256.24480669503475,260.7820129394531,1850710
2021-10-07,262.681915634717,266.0045830572078,262.4997453014688,262.5257568359375,1881842
2021-10-08,262.8034061559529,263.75771004856415,259.45469690587385,260.0619812011719,1215984
2021-10-11,259.6542539608645,262.4130299577145,258.1360581203844,259.1684265136719,1265052
2021-10-12,260.74737107011606,260.74737107011606,254.65726576939068,257.52880859375,2874482
2021-10-13,259.19444381808677,259.5154219910001,255.68957599604744,256.6698913574219,3115536
2021-10-14,259.0123110435552,263.471453987935,259.0123110435552,260.6346130371094,3181073
2021-10-15,261.24186790139,262.56920303108603,260.54782865344555,261.458740234375,3336511
2021-10-18,261.2244868711851,265.04164256779643,259.7409930813498,263.8878173828125,1993740
2021-10-19,265.7357498563039,269.2839812168455,265.24126175426255,267.6183166503906,2061984
2021-10-20,272.78010953364685,273.8211683615029,269.804461180016,273.1184387207031,2918249
2021-10-21,272.84081241176284,272.84081241176284,261.9965993637238,269.5788879394531,3239729
2021-10-22,269.90860100272465,272.53723007760976,268.47715986642163,271.8692321777344,2452272
2021-10-25,271.0884625885921,272.16422361038826,264.83350743637504,265.5535583496094,2601619
2021-10-26,266.8287916167607,268.69400714516917,265.15446674364455,266.2735900878906,1527763
2021-10-27,267.3666896740054,269.1798523789961,264.11342531272356,264.8074645996094,2119286
2021-10-28,265.24987361893324,267.1844930088099,263.13308386616853,264.2261657714844,2715773
2021-10-29,263.22851308174717,270.6719944983105,262.58655663498195,270.47247314453125,3115198
2021-11-01,271.4528723082395,273.25734506297096,267.3754501573739,268.6593933105469,2101915
2021-11-02,269.22325580852674,273.1271975264319,267.78315393342484,271.7564697265625,3100308
2021-11-03,272.9709728611714,272.9709728611714,263.51480787604817,269.67431640625,3261048
2021-11-04,269.7350714791765,270.2556009205479,263.3152680969197,265.4580993652344,3754661
2021-11-05,255.89782686536074,256.4096658816127,245.0882999055593,253.390625,7674235
2021-11-08,255.59417867252665,261.9532082724694,254.49237651851442,261.4327087402344,3294550
2021-11-09,262.135505458211,262.56058969037457,257.9713284760262,259.55889892578125,2095824
2021-11-10,258.1360537417626,262.5691843262079,258.1360537417626,262.0226135253906,2516004
2021-11-11,263.48877456740746,265.56220188389705,262.15277888216815,264.2001647949219,2429374
2021-11-12,265.0329952157966,266.7160104183255,261.9532111858584,264.06134033203125,3085080
2021-11-15,263.7837221064127,267.4620999811912,259.4980897991319,259.9839172363281,3526015
2021-11-16,261.2766068423515,267.54022234955585,259.9405811009703,265.1111145019531,3104030
2021-11-17,268.9369415601657,269.5442259428105,265.9092399341179,268.6506652832031,2745778
2021-11-18,268.90217869427073,271.9559210342451,267.24517518604637,271.2358703613281,2246412
2021-11-19,273.35268346239206,278.64467261287075,272.0253484297901,272.51983642578125,2629594
2021-11-22,272.25957594591324,275.018351933445,267.895849222038,272.1728210449219,2494346
2021-11-23,269.0844171170185,272.38104375925474,267.13244669822444,271.99066162109375,2002087
2021-11-24,271.4094004827479,274.0813916334525,269.5528456514504,273.6910095214844,1757198
2021-11-26,278.2196403501488,287.5803922461367,277.5689933437812,281.0478210449219,3472322
2021-11-29,280.48391907337225,285.81061155965097,280.3190697894642,283.2687072753906,3484054
2021-11-30,284.92561677192043,287.7537964281364,277.5341894583216,279.0350341796875,3770114
2021-12-01,277.8725027362088,282.6526522856595,273.93389053528097,277.3693542480469,2644032
2021-12-02,275.98133508459256,280.0240838804642,273.27461185442803,274.1942138671875,3250106
2021-12-03,277.0136383647858,279.2345335939492,269.2491805513588,271.4874267578125,3402612
2021-12-06,270.04736276298075,272.7106933484897,264.2001423374495,266.2475280761719,2744086
2021-12-07,270.6373526599258,274.53260404728934,270.52458618795407,271.8432312011719,2450580
2021-12-08,272.39839359343165,277.29131045749506,271.7650977253938,276.102783203125,2508785
2021-12-09,277.97664689733523,279.2606194210884,274.84483979417035,276.9876708984375,2221596
2021-12-10,276.5452168384198,280.2843083902391,275.1658586661934,275.4347839355469,2103946
2021-12-13,276.2589892907468,277.87260091932416,274.1335087083306,276.3197326660156,3074590
2021-12-14,274.01197831198874,275.06172748173464,263.67094406667326,266.9415588378906,3648742
2021-12-15,269.48343940297104,273.5521993189056,267.09772450646744,273.2572326660156,3362117
2021-12-16,273.89061139908796,280.3277364786681,271.34870733004743,276.3023681640625,4537267
2021-12-17,274.6627306750082,276.12887388419165,269.57895211464427,271.895263671875,8957899
2021-12-20,271.46144268096486,273.9165614198766,266.05665750436543,272.65863037109375,3291842
2021-12-21,274.24628573826556,274.24628573826556,267.58359802326714,272.33770751953125,2469192
2021-12-22,273.9339843918227,278.21095705451876,273.6216666869281,277.3347473144531,2470997
2021-12-23,276.2329315948542,279.76381141042475,275.5649038985072,278.29766845703125,1364654
2021-12-27,281.71573949415716,284.4571644897759,280.07611666841717,284.0407409667969,1202561
2021-12-28,283.4421803805508,285.0644822807323,279.8158848366129,280.5966491699219,1392178
2021-12-29,282.49771914039593,284.4509273433769,280.4142492437935,283.50469970703125,2263670
2021-12-30,284.07771368998243,286.8730065059135,283.42664415202336,285.1454772949219,1297538
2021-12-31,284.96321872325456,287.54146871030724,284.2079457052687,285.6142883300781,1439892
2022-01-03,283.9736115235662,285.2323602254742,271.1777774186469,274.1119689941406,4132992
2022-01-04,271.7160011840756,274.35503432768564,265.0923749399155,266.73309326171875,5044754
2022-01-05,268.6775684088153,269.9450128325635,264.9794684186409,265.03155517578125,4199431
2022-01-06,264.3805135959607,265.8996660146896,259.7014309100739,263.8335876464844,2247089
2022-01-07,262.8699878062222,263.45160835932853,255.0483971620055,256.6717529296875,3645245
2022-01-10,255.39567334293773,263.23462719558324,252.6177423157567,263.0610046386719,3807451
2022-01-11,264.8753589527059,268.5213730673666,260.9862433625455,265.0576477050781,4618934
2022-01-12,265.96917724609375,267.6706785571878,263.6079400038989,265.96917724609375,2970475
2022-01-13,264.597554857845,265.96047701639486,252.56566082932832,253.5292510986328,3951835
2022-01-14,251.64541950450027,254.9442177240376,250.17833899474968,254.6230010986328,3576775
2022-01-18,251.05513200403428,251.93194083264328,247.6521897543147,250.36065673828125,4699699
2022-01-19,251.41105677358675,254.95289683370737,249.09322574084086,249.1713409423828,3361778
2022-01-20,251.0291040732623,251.6280869367082,245.16073651685542,245.63818359375,3346099
2022-01-21,246.70595604905083,247.69560463158604,241.82722192651212,243.45925903320312,4530274
2022-01-24,240.22987302228867,240.9417104179161,231.80928533118234,240.3427276611328,6241111
2022-01-25,238.25927785013482,238.72805866846835,234.05767250445396,235.4292755126953,5518176
2022-01-26,235.66364180684135,237.62556132476365,229.32650952993433,231.5835723876953,5309947
2022-01-27,236.21059199449547,237.61691968676453,232.12182582824093,234.36154174804688,6344887
2022-01-28,236.33212578276968,244.249209285645,233.21563096658213,244.03219604492188,5589917
2022-01-31,245.881267161415,249.5272961107151,245.36909554909246,248.0949249267578,3982517
2022-02-01,249.55332450421508,250.05682989995847,246.25454087444368,249.39706420898438,2905615
2022-02-02,250.8033989016864,256.5328834527406,248.8414939126091,255.59532165527344,3676942
2022-02-03,251.80169549549996,255.1525806836527,250.06549995322402,251.67149353027344,2679790
2022-02-04,251.02038221161445,252.42672474006366,248.2337853599674,249.69219970703125,1668538
2022-02-07,250.59501837705977,251.74959327253032,246.7406429938617,247.539306640625,1851838
2022-02-08,244.37074701049934,248.6418168494291,243.39847568721677,247.94732666015625,1636502
2022-02-09,250.43874974218411,254.02401008130323,250.02207062121303,253.49447631835938,2538902
2022-02-10,250.5689953451089,250.5689953451089,243.6068209005306,244.97842407226562,2886552
2022-02-11,244.47491698218298,246.38475003319897,235.91543011581751,236.6967315673828,3301430
2022-02-14,235.77652379375928,237.6689945237863,233.3718815162942,235.68971252441406,3399905
2022-02-15,238.76280377371222,240.7767953576632,232.57323492091516,233.58023071289062,3704239
2022-02-16,232.75555166618858,234.16187937984614,227.87681777674794,232.38226318359375,4108627
2022-02-17,232.38227247393817,235.76786751005093,230.298831673515,233.75387573242188,3638815
2022-02-18,234.8910702553533,234.9865626542622,230.14255345822463,231.72250366210938,2646514
2022-02-22,231.05403362142334,234.0663545641473,228.94454981390513,231.07139587402344,3752630
2022-02-23,231.65306435046287,234.41361808221154,227.01740201236638,227.7813262939453,3166522
2022-02-24,222.24280323454616,236.5578166738561,222.08655789706674,235.74179077148438,4196611
2022-02-25,234.96920852292425,242.6345544319584,234.26605213925833,242.4175262451172,2681030
2022-02-28,243.05124023303884,243.2075005318232,235.68973358495413,238.21591186523438,3653930
2022-03-01,238.2158891052527,240.32538799559245,234.09241360365937,236.14981079101562,2256113
2022-03-02,235.35986058767858,239.49201752166005,235.35986058767858,238.29403686523438,2291532
2022-03-03,240.28198821399872,242.46092123076104,237.62559320716142,240.09100341796875,2730662
2022-03-04,239.33572034622523,239.526705122294,232.28673553423482,236.592529296875,2791236
2022-03-07,235.10813370134537,236.52314270118686,225.88887985203706,228.3282470703125,3697358
2022-03-08,224.98602368387031,228.69282016187242,221.0795612808769,223.33663940429688,3142157
2022-03-09,228.54523312285707,231.40997510798888,226.80035650451387,229.8907928466797,2143877
2022-03-10,228.97060418329528,230.4637430368772,226.5138752058529,229.0313720703125,1601534
2022-03-11,230.48982297322314,232.89446557174668,227.65112397002005,227.89419555664062,2229718
2022-03-14,229.22236002343914,237.20889212124376,228.28481326678224,231.65304565429688,3253716
2022-03-15,233.1722235732662,236.14113920303726,232.11314099272366,235.16018676757812,3045713
2022-03-16,236.37552469088791,241.73172031381375,235.54215143580683,241.262939453125,3481346
2022-03-17,240.49900876270812,244.31864479535355,235.42060934161103,244.28392028808594,2906066
2022-03-18,245.15206759141924,255.1091869813219,244.2405491469146,253.65078735351562,4898002
2022-03-21,249.79643489278536,254.20640352950375,249.1974370013171,251.11595153808594,2955134
2022-03-22,251.4631363279167,255.8991174029432,250.50821238234516,255.1352081298828,3266914
2022-03-23,252.89551147938508,252.93023598707,247.78238748957452,248.3206024169922,2545219
2022-03-24,249.5891414205426,250.36243756707233,245.7053281107057,248.9548797607422,2680692
2022-03-25,250.9011475082098,251.7178873372847,246.99995638045021,249.82376098632812,1537690
2022-03-28,250.26686861850268,253.4208294735078,248.51176193332367,253.24705505371094,2224416
2022-03-29,257.0266899350106,258.92080183586694,254.8024065259185,257.0440673828125,3140239
2022-03-30,256.4444622485292,258.39070574797444,255.5582127497961,258.3646545410156,2952991
2022-03-31,258.23432251533126,261.4925480402892,254.72413903503954,254.86312866210938,4470151
2022-04-01,255.54088858887422,257.4523776045613,249.93673742285233,253.43824768066406,3757819
2022-04-04,253.92479336000633,254.6459422987104,250.5622880072024,251.31820678710938,3764474
2022-04-05,250.31029551110197,253.22966070446543,248.5204340614664,249.68470764160156,3125688
2022-04-06,248.39011652059494,252.51719911654905,245.19271210336282,251.3876953125,2534503
2022-04-07,250.79688958725464,261.7793143287348,250.24082634558764,260.3630676269531,2840981
2022-04-08,258.63405229579917,263.3693612872705,258.17356494899934,260.0415954589844,2737430
2022-04-11,257.1048151013085,259.6592691412998,251.31818678981801,252.94296264648438,2286794
2022-04-12,252.30001727964375,253.14280832054618,242.51663639071825,243.9241943359375,2946449
2022-04-13,244.5845160241724,247.55602882818604,241.33497909061964,246.51339721679688,3139337
2022-04-14,247.74716350942782,247.82536199646418,240.0838015084781,240.65725708007812,3490934
2022-04-18,238.9281861654509,240.49214075219828,236.69521511848944,238.99769592285156,2189561
2022-04-19,240.13591150163924,241.473959422838,236.99932845539757,237.28604125976562,4022222
2022-04-20,239.21494106584572,246.75666087120504,237.99853512803836,243.6113739013672,4278842
2022-04-21,246.39170000510578,251.17042092392575,240.71804098384342,241.75198364257812,3928824
2022-04-22,238.93690173229513,240.7267482769363,229.64009027349766,229.86598205566406,3404078
2022-04-25,225.42611927695808,226.66859145059485,219.82196889121104,226.3036651611328,4875780
2022-04-26,223.9838084118922,225.44349862732454,217.69324899987015,218.06686401367188,3708300
2022-04-27,220.1173547809205,224.0098567270036,218.2406210497345,219.1963653564453,3217056
2022-04-28,222.20261479290875,225.26099931803506,219.05732811445174,223.29737854003906,4909169
2022-04-29,221.82031011282606,225.55641476979537,217.78010026226488,218.19715881347656,3637913
2022-05-02,217.36308501448454,220.9775480654182,213.58353626549896,217.66717529296875,3633626
2022-05-03,218.05817185171827,218.88358540278873,214.86076734603623,215.9207763671875,3065340
2022-05-04,214.31334228606173,224.39213746465862,213.83546270423386,222.97589111328125,3265334
2022-05-05,222.54148857580222,223.43642683627203,216.20750071332597,218.87489318847656,2591129
2022-05-06,215.99025609547056,217.7714137665938,212.2541514003436,216.5550079345703,2394067
2022-05-09,212.7407293569116,214.81731869968516,206.52836867994986,207.9793701171875,4479401
2022-05-10,211.9761242785414,213.1577752973629,203.9999686854201,208.917724609375,3400694
2022-05-11,208.92642368223818,211.2115423043325,205.82459521217183,206.0157470703125,2730098
2022-05-12,204.32145400780624,209.32609720104676,203.06160448898862,208.13575744628906,3194270
2022-05-13,211.95007786684647,217.8409560690773,211.89794553962454,216.5115966796875,3568541
2022-05-16,215.38208735225666,217.11112799307207,212.41927815579007,214.06141662597656,2645273
2022-05-17,218.74457319159137,220.47361379644124,214.45240463653977,216.32044982910156,3316997
2022-05-18,214.6087984099274,216.30306914902968,210.8813818472246,211.6546630859375,2546122
2022-05-19,211.07250092916803,217.8148578627193,210.40346949490768,216.61582946777344,2699981
2022-05-20,219.28324264462475,221.12522141026892,214.04400420363248,218.779296875,2737092
2022-05-23,221.07313497726668,221.1426297935502,216.59848833000336,219.9262237548828,2311385
2022-05-24,218.58821361826472,220.14346500002458,216.18146745132222,218.953125,2159105
2022-05-25,216.702703914836,219.06600568595388,214.41760061844556,217.4933624267578,2903698
2022-05-26,218.1884912756477,219.5091618612629,217.22405823710974,218.70111083984375,2834326
2022-05-27,221.9941226342959,231.88176784589885,220.7342729992455,231.54290771484375,3218861
2022-05-31,229.23172644060676,229.9181204353738,225.55644237258767,229.22303771972656,7219764
2022-06-01,235.86982916350684,235.86982916350684,224.50513133257093,226.77285766601562,2593610
2022-06-02,229.12745580522605,237.71180712726056,226.78153113838476,237.42507934570312,3008263
2022-06-03,234.5838939942691,234.77503087874766,229.74432183765748,231.1605682373047,2452046
2022-06-06,233.29800903930317,234.32326317516603,228.58876706358834,229.15353393554688,1572545
2022-06-07,228.37151699159455,233.74107075684688,227.82412767450342,233.0894317626953,1837286
2022-06-08,230.8217246052876,232.68108078043736,228.84940011508556,230.76959228515625,1805251
2022-06-09,229.13615999168053,230.3960096166687,224.73972686346644,224.82659912109375,1531373
2022-06-10,220.3085056973187,221.61179882084915,218.29275244575342,218.50128173828125,2423395
2022-06-13,213.57485047454443,214.82601135375398,210.568582894106,211.84580993652344,2996081
2022-06-14,211.15068717900527,212.40184782103876,208.170486326716,210.62936401367188,2704831
2022-06-15,212.7754956021135,216.15537830712634,209.21316470301306,212.81893920898438,2658922
2022-06-16,208.30952975643117,209.80397471388525,206.98885920737504,209.26527404785156,2290968
2022-06-17,209.42169314513524,213.1925533415351,207.03232468671393,207.31036376953125,7693411
2022-06-21,210.3861330823114,213.27944747217754,209.62154053453585,211.88926696777344,3210175
2022-06-22,209.30872371311375,216.1292946664671,209.00461848960813,213.66172790527344,2107104
2022-06-23,214.71409659671073,222.46353463610285,214.71409659671073,221.94168090820312,3009278
2022-06-24,222.31568237938802,223.82033073082826,220.68055562228915,223.37677001953125,3295565
2022-06-27,224.79452146770333,225.80342401969722,221.49817433154482,223.01153564453125,2086913
2022-06-28,222.96801197597017,224.94234390833202,218.44533886375635,219.07154846191406,1984265
2022-06-29,218.32352230980024,220.97624860538818,216.65360548559786,219.92385864257812,1690872
2022-06-30,216.479680587355,221.26329504466125,216.0187247455872,220.49790954589844,2450129
2022-07-01,221.19375030671702,225.03802863707307,218.34967685396725,224.43789672851562,1580892
2022-07-05,221.41114309910262,222.36787499183743,216.47968495013725,222.2287139892578,1830518
2022-07-06,222.0025380115763,227.63848276717943,220.8892651582471,226.1686248779297,2168354
2022-07-07,225.82946203600423,231.08273005030716,225.40328146180158,229.13449096679688,2014946
2022-07-08,227.34285159852413,230.7174614559941,227.19499301335287,229.40414428710938,1269338
2022-07-11,227.4124085797926,231.0827352278519,227.31673538752187,230.7435302734375,1907335
2022-07-12,229.87381385786998,231.09145783053756,219.28899838054545,219.78475952148438,2477201
2022-07-13,217.3842556021169,220.73277268849762,215.93177744641739,218.38446044921875,2224867
2022-07-14,215.76649485637066,217.1667874428746,211.21772956833877,215.7490997314453,2673134
2022-07-15,221.02844873267125,223.62898983333656,218.01042465558248,222.46353149414062,4625815
2022-07-18,221.7242560289403,222.42006104395355,214.0357004329683,214.87936401367188,2229041
2022-07-19,218.16701085714928,223.2028400747572,217.2276890006495,222.43746948242188,2320973
2022-07-20,223.52460232706525,226.9166063461799,221.62854892131378,222.65484619140625,3191225
2022-07-21,239.1800458543339,243.13739181985719,236.10113871755755,242.85906982421875,4710415
2022-07-22,241.30225102456495,242.7895194030195,236.83176329574877,238.17117309570312,3172726
2022-07-25,237.68411201116933,238.0407121159611,234.34429252503742,237.77108764648438,2500663
2022-07-26,237.94502174781218,240.66732899676356,236.9535145467531,240.48468017578125,2401512
2022-07-27,240.5456039075015,244.66818954311083,239.3975403794848,243.5723114013672,2125490
2022-07-28,245.26828693662114,252.2871455517138,241.90237490610494,251.36520385742188,2801501
2022-07-29,251.31298975911125,254.52234528610418,250.47803876176053,253.50474548339844,3347678
2022-08-01,252.21754056735767,253.75699412616126,250.15623326998104,250.39976501464844,1849807
2022-08-02,248.37327625977534,253.522173853615,247.8166471785429,248.3385009765625,2151096
2022-08-03,250.97378555764817,251.86963446268365,248.5124053993199,250.94769287109375,1687826
2022-08-04,250.9476906726881,251.43475415077063,248.84291058237582,251.31298828125,2319506
2022-08-05,248.96471592631562,252.54808214325067,248.54723287890832,252.22625732421875,1484786
2022-08-08,253.09599971093786,253.17426280802056,248.9299119401412,249.60830688476562,1580441
2022-08-09,249.79093494363866,250.4867399264268,247.12081326216276,248.08624267578125,1535321
2022-08-10,251.16514817383444,253.26992829329632,248.9124945264917,253.21774291992188,1726291
2022-08-11,254.7659095455556,256.8532947903649,253.14819271732318,253.2525634765625,1823750
2022-08-12,254.139664050298,259.2276932340211,253.2003572345152,258.9667663574219,2664223
2022-08-15,258.3492593769437,264.2461170820789,258.0622248371524,262.96759033203125,2392037
2022-08-16,260.91502087857845,262.75887441508576,260.106162436713,261.3411865234375,2245284
2022-08-17,259.9320913357924,261.5498074737507,257.3228534081397,258.5491943359375,2422831
2022-08-18,258.11440894746545,258.1665943235374,251.74788288660542,255.94004821777344,2123686
2022-08-19,255.9400736063372,256.24450330027656,253.58307879657306,254.3484344482422,1808635
2022-08-22,250.97381502439492,252.47849345903091,248.22542996126757,248.72987365722656,1734413
2022-08-23,246.94688357500937,248.32976607522266,245.14650310399762,247.0425567626953,1566679
2022-08-24,247.90359544387383,248.94728795470465,246.20758575753197,247.8253173828125,1805815
2022-08-25,249.73877867928448,253.29603715845977,247.8862276366527,253.0699005126953,1558783
2022-08-26,252.58281765644952,253.76565609444316,243.607023902395,243.81576538085938,1887821
2022-08-29,241.9545369799444,242.91995142702777,239.71929340471948,240.64991760253906,1763854
2022-08-30,241.13698440237962,242.31114043405628,236.94481892824004,237.7623748779297,1807733
2022-08-31,237.93631474438249,239.49316347242578,233.5441055321224,234.7530517578125,3519586
2022-09-01,235.0313524144151,238.2407229715937,232.1698993201395,238.18853759765625,2192832
2022-09-02,240.0498107877009,240.8064987879462,233.4658452491744,234.32688903808594,1722456
2022-09-06,235.2227062710394,239.2583304073334,234.03985272746894,236.98829650878906,2289614
2022-09-07,236.36207493808553,242.38071348190743,235.49233363729854,241.3283233642578,1905530
2022-09-08,240.2324626852751,251.29562851413615,239.27574568870438,250.57374572753906,3775754
2022-09-09,249.99969367596594,253.60045477019358,249.55611796885395,252.59153747558594,2430502
2022-09-12,252.93949846390802,256.2271480543098,251.643576264515,255.2790985107422,1989454
2022-09-13,249.956192187011,251.70437229119085,244.44201246981407,245.07691955566406,2137898
2022-09-14,245.52049550224774,250.01707539244103,242.72860790602186,245.03343200683594,3354559
2022-09-15,250.92162155951655,253.24384092070815,244.53770019196506,245.19000244140625,3632160
2022-09-16,245.74664252346807,245.990159311491,239.3627062884156,240.9717254638672,6466486
2022-09-19,239.01482373791688,242.82431164640508,237.35360407702706,242.60687255859375,2531570
2022-09-20,239.58014493772365,240.1802617989234,236.33598396417898,238.63211059570312,2367785
2022-09-21,240.91085928620598,243.31135669304626,233.43104505446016,233.5093231201172,2382336
2022-09-22,231.35232318801545,233.7354252701942,230.75220637140166,231.726318359375,3267590
2022-09-23,229.6041646578448,231.17839360995777,227.2210623523382,230.71743774414062,2288599
2022-09-26,228.3778071966868,231.95246040362215,226.5948218893898,228.4473876953125,1778179
2022-09-27,230.36953332086483,230.8826895300631,223.8116607384945,226.22085571289062,2529427
2022-09-28,230.02162729848567,233.11792969221898,226.90794474926955,231.5610809326172,3230592
2022-09-29,230.38580768249363,231.447892615743,226.57273981679427,228.21810913085938,2779618
2022-09-30,228.20945261205836,231.22160830495685,224.6314388744159,224.8577880859375,3008376
2022-10-03,227.45204733708633,234.91277498604947,225.24952556542686,233.99867248535156,3416825
2022-10-04,238.17737585539297,243.05252913408404,236.74094408862535,242.93064880371094,2917234
2022-10-05,240.72813083731452,246.91783564882397,240.30154967436332,245.75128173828125,2346917
2022-10-06,244.69791313739253,245.98634743662797,241.73799204929352,242.0601043701172,2255436
2022-10-07,239.01312916183275,239.83146858266764,232.22274302096375,233.72882080078125,1779194
2022-10-10,234.44265060679308,234.44265060679308,226.54663654182752,227.57391357421875,1853304
2022-10-11,225.7631522838045,226.25067362432182,219.5734473271736,221.24493408203125,3671189
2022-10-12,221.12304875775953,223.04698689363116,218.76382372053297,219.10333251953125,2941034
2022-10-13,214.79407418118305,225.53682115284943,211.15512026448923,223.96981811523438,3268718
2022-10-14,225.41489454001905,227.0080294514547,220.54844741843075,220.8705596923828,2270326
2022-10-17,223.23851359563963,228.20943008324207,222.7858152172867,226.28549194335938,2459942
2022-10-18,231.94414356543615,234.5297177612305,229.3933923213443,231.19546508789062,2327402
2022-10-19,226.6598240758338,227.26922574002444,218.79864749618488,224.50953674316406,4634839
2022-10-20,210.39771252541271,221.13175256245128,210.31065514590287,211.6165008544922,8528018
2022-10-21,211.36401258842574,213.2705390343455,204.4256150795562,212.9310302734375,7548350
2022-10-24,214.85503056403357,219.42548390601974,210.91137548757214,219.0946807861328,4112011
2022-10-25,219.52118891507985,222.25476045050505,218.20663757100175,219.2687225341797,3999888
2022-10-26,220.80962297412498,223.37778550052266,218.60710141304767,220.93150329589844,5127662
2022-10-27,219.36450628080604,219.78238170919366,212.96586370391424,215.98672485351562,3711458
2022-10-28,216.84858432413654,219.84332834762353,215.76038201473446,219.2078094482422,3743042
2022-10-31,217.44931099003085,219.92171106194198,215.56018048575655,219.0946807861328,3328051
2022-11-01,220.90541613776793,223.96980610543224,218.9640664306604,222.70748901367188,3382421
2022-11-02,221.63665627007222,222.26346936264,210.89391117897011,211.14637756347656,5104313
2022-11-03,209.10928637295896,212.04307522363072,204.5475244625462,210.17137145996094,4596713
2022-11-04,213.1138302976884,215.316366730848,208.16032597938488,215.00296020507812,3380503
2022-11-07,216.34364934034178,217.28385402332864,213.54913752029674,216.80503845214844,2752884
2022-11-08,217.64949338261934,223.27332494736328,216.42199936607398,220.2611846923828,3632386
2022-11-09,220.26119780345215,221.07081646372947,214.28041565733358,214.98558044433594,2478442
2022-11-10,224.022011383557,233.5111451910179,223.84789663713644,233.19773864746094,3764249
2022-11-11,234.21631301802515,241.34622253023116,233.57210339057545,235.92262268066406,3976087
2022-11-14,235.06075231665096,237.2197603337945,232.1966094970703,232.1966094970703,2705508
2022-11-15,236.86279867238753,239.88365942158447,233.4066660603726,235.3393096923828,2886665
2022-11-16,235.05208009750095,236.0445193132202,229.5588189805775,231.7091064453125,2493331
2022-11-17,229.21053964155973,229.21053964155973,221.95875087208336,226.0155792236328,2439638
2022-11-18,230.76016826714252,231.56978687534757,223.21238371458747,226.9122772216797,3062971
2022-11-21,226.18972866889405,228.93200618313918,225.51938683987217,226.39866638183594,1762387
2022-11-22,228.64473507110222,229.62846856396914,225.206013223405,228.1223907470703,2042582
2022-11-23,229.29762507509886,230.02020130991414,227.34756978299077,229.26280212402344,1747723
2022-11-25,230.6643955986138,232.83209419095158,230.194285790323,232.4751739501953,979442
2022-11-28,230.76012954867554,233.53722939343666,226.6684785383031,227.35623168945312,2643242
2022-11-29,226.34640257354982,227.8002306692779,223.43001067707115,225.4932403564453,2438059
2022-11-30,225.47585704658567,238.0206756591797,225.47585704658567,238.0206756591797,6479458
2022-12-01,239.8575874295436,241.99916915179196,235.53088030809369,239.00442504882812,2243818
2022-12-02,235.0433699625987,239.5267653186957,233.31094299874633,238.73455810546875,2042357
2022-12-05,235.63530908735598,236.2882243856344,231.95282724715528,233.2847900390625,2464906
2022-12-06,231.11708082705988,232.6666719909978,228.87973646406584,231.00390625,1928880
2022-12-07,231.23027272984027,235.06073722726745,231.0387465081574,233.5198516845703,2225657
2022-12-08,233.99866600566517,238.06420063449008,231.935436100769,236.636474609375,1974451
2022-12-09,235.48734394431048,237.4200028617734,234.22502687557363,234.4774932861328,1913652
2022-12-12,236.49716657849982,238.49076542779508,235.87907421684514,238.09030151367188,2310031
2022-12-13,244.84587809024796,245.0983294861947,237.7507771586986,240.86740112304688,2943516
2022-12-14,241.54646666673543,243.487831352949,237.02824835691155,238.73455810546875,2940358
2022-12-15,235.54825470719322,236.94986341367948,232.44035147598584,235.12167358398438,3418968
2022-12-16,232.1791662975505,232.98878482832095,227.50424561590503,228.11363220214844,5657822
2022-12-19,228.44450462028072,228.8623800823233,224.3354408623747,225.2321319580078,2898960
2022-12-20,224.37023761269649,225.1189310614141,221.55831427923385,222.5159454345703,2862187
2022-12-21,224.37895573402753,228.23555282937335,223.56063132199813,227.1995849609375,1852402
2022-12-22,224.77070794889013,225.61514955312182,221.1317544071965,225.18858337402344,2079017
2022-12-23,224.73588214078327,227.68709732516527,224.36153541052533,226.22454833984375,1236739
2022-12-27,225.75445334959397,228.66214003576786,223.54322574229255,227.11253356933594,1275091
2022-12-28,228.5054377735099,231.0474834547396,225.57163385864774,225.77186584472656,1558332
2022-12-29,228.9785972475422,233.99788036325455,228.0461845518031,232.53392028808594,1357322
2022-12-30,232.40320584931533,233.23103388994622,228.6997425118391,231.28781127929688,1701926
2023-01-03,233.37046459405832,233.53603320508583,225.74568434046284,228.5428924560547,3019318
2023-01-04,231.10483660100746,233.7887611361267,230.02429847618995,232.11566162109375,2465244
2023-01-05,225.68467362974653,228.2553140385302,221.0052420715286,222.408203125,4158710
2023-01-06,223.39291049358144,224.8917272207029,211.2978370183651,220.0205841064453,6586956
2023-01-09,222.1293906103442,227.3055289048134,220.94428276838804,222.2513885498047,3325570
2023-01-10,225.35360015915904,233.68421191338996,224.90046493878194,232.56881713867188,3036238
2023-01-11,233.64063778877406,239.69688921038295,233.5360681240685,238.5989227294922,3389866
2023-01-12,238.59017002616358,239.6707080549503,234.79085115151864,237.29177856445312,1828037
2023-01-13,235.71453820560347,239.00843716473275,234.98256565863542,238.43331909179688,1971293
2023-01-17,239.51386202484147,241.631367470461,237.52706864358314,239.56614685058594,3020784
2023-01-18,240.51601381730646,242.93851449236422,235.0610377281315,235.81915283203125,2363498
2023-01-19,234.66013517130983,237.44862906911646,232.83891049952462,235.95852661132812,2129664
2023-01-20,237.5270635750879,239.1304348666731,234.36386168207736,239.11300659179688,3406334
2023-01-23,238.72092551755952,243.40035811405286,237.3528207084076,241.3787078857422,2381998
2023-01-24,237.89306279003824,237.89306279003824,229.54502339660817,236.65567016601562,5876993
2023-01-25,231.12227637472907,232.62109320249493,228.25535479707085,229.13548278808594,4918870
2023-01-26,230.05044964003608,231.70610594333974,227.27938361861007,231.67124938964844,4417135
2023-01-27,230.59943936985803,232.83895808204738,229.02221021655149,231.7758331298828,2796199
2023-01-30,229.63215525467126,232.50779074004913,228.6126161276056,228.961181640625,2432758
2023-01-31,229.19643858558976,231.07867727707975,226.93079284465114,230.38156127929688,2937763
2023-02-01,231.0090089175494,234.72990133537996,229.19648297465278,233.10037231445312,4098137
2023-02-02,234.40743879456244,238.10218817405956,233.4924693369941,235.87139892578125,2843011
2023-02-03,234.19829135043963,236.4029531075768,232.12435665242955,235.14813232421875,1891205
2023-02-06,231.52312367810154,233.29206377817533,228.11592555706085,229.8325958251953,2602860
2023-02-07,226.6955176632064,233.17003155836466,225.3971262296205,231.793212890625,2772286
2023-02-08,230.11142158495068,230.72139620439697,227.4536396751486,228.2553253173828,2616960
2023-02-09,228.9263509220312,229.71932255511544,221.88540175709883,222.30368041992188,3947436
2023-02-10,221.22311905502158,225.8938369736812,218.5130521661262,225.55398559570312,3164266
2023-02-13,226.25114203905565,227.76738720489396,224.429902012571,226.4602813720703,2891402
2023-02-14,226.80879664058702,226.80879664058702,222.4169313246582,223.288330078125,2278222
2023-02-15,221.71111922319056,224.99630433991047,221.42355266163906,224.04647827148438,2106653
2023-02-16,221.4671115984808,225.49298325246284,221.16211677665916,222.86135864257812,2224303
2023-02-17,221.345115747347,223.52362021234626,219.88115558737795,223.3319091796875,1898311
2023-02-21,219.59358020902474,220.61311929774598,217.49350306909798,218.5391845703125,2958631
2023-02-22,218.72221388599456,219.4803289621831,216.4391395201215,217.94667053222656,3133697
2023-02-23,219.76785613072866,220.45627297166158,217.45863976260395,220.03799438476562,2504160
2023-02-24,216.97938420010257,218.29520405618712,214.82702208398024,217.08395385742188,2042582
2023-02-27,219.08819864524193,220.29944888835234,215.71585707026287,216.06442260742188,2467838
2023-02-28,215.11462346119518,217.10141727482159,213.00583169428242,215.69845581054688,4017936
2023-03-01,214.11248996842946,216.177710821233,213.4153588798764,213.8074951171875,3254731
2023-03-02,212.62238296527755,218.21678484519242,211.96882258297612,217.6155242919922,2236034
2023-03-03,219.46286636807156,221.05753851872137,217.85078094108286,220.58697509765625,2192719
2023-03-06,219.73301334312006,221.7198217567894,217.51093820810263,217.72007751464844,2414822
2023-03-07,218.5130853800139,218.71351058210652,212.4219770568344,213.71165466308594,3195624
2023-03-08,213.74648733714395,217.13624211996844,213.38049353073845,215.8988494873047,3353318
2023-03-09,216.8661363492633,217.72010696800194,211.5418574439086,212.2999725341797,2708554
2023-03-10,211.1583720610615,212.08205551465144,206.5225115219171,208.9188690185547,3399228
2023-03-13,208.21308846395146,212.09953420157936,206.52256061056482,209.47662353515625,2691634
2023-03-14,212.44808290592673,215.1930062911546,210.9144096654658,213.36305236816406,2577480
2023-03-15,209.15420834946235,211.14971612445936,207.99524289522765,210.97543334960938,3047292
2023-03-16,210.6355820226893,217.60680253197123,209.50274406637732,217.27566528320312,3028567
2023-03-17,216.70055262762588,216.7441233193515,211.02770855901625,211.71612548828125,3911002
2023-03-20,211.7510039754088,214.12121985376277,211.6551484436834,213.31951904296875,2496264
2023-03-21,214.80087450487892,216.9706648450497,214.2431846777686,216.43911743164062,1991935
2023-03-22,217.31050994370847,220.29071502250105,214.57430071907694,214.6352996826172,3589634
2023-03-23,215.10586978239272,217.6590821955349,213.71162271391938,215.1755828857422,1810553
2023-03-24,213.59833673346662,216.412973255344,211.83811088895163,216.25611877441406,3377909
2023-03-27,218.93132591763424,220.34300122702555,215.75940979072635,216.0818328857422,2094019
2023-03-28,215.74199783924863,216.05570682029784,213.763918428,215.1058807373047,1784834
2023-03-29,216.91838119530993,217.29308912706207,214.5133091187707,215.65484619140625,1692113
2023-03-30,217.77466712460904,218.59467568476296,216.35272636574766,217.91424560546875,2996194
2023-03-31,219.18788656384646,220.48769616580498,217.79211675527446,219.86831665039062,3107302
2023-04-03,218.11489439666875,218.81277180118835,215.54144612986374,218.167236328125,2987734
2023-04-04,218.51615516770195,220.6883301854214,216.92848003309268,217.1988983154297,2654410
2023-04-05,215.82059601561727,218.14978185919566,214.35503699783058,216.08229064941406,3478865
2023-04-06,216.7017133013637,216.7017133013637,213.36932148913846,215.43679809570312,2304504
2023-04-10,214.45973151524151,217.85318841725345,213.46523480078324,217.68743896484375,2348045
2023-04-11,218.38531243242696,220.35684350001804,217.69615868397642,217.98403930664062,1720313
2023-04-12,220.70578320403524,221.66537023640177,217.4257189631834,218.0625457763672,2280026
2023-04-13,221.57812118183026,222.3457877614207,218.98722583023078,221.935791015625,1989792
2023-04-14,221.05477118919663,222.6162908160862,219.06580737358908,219.5456085205078,2791913
2023-04-17,219.93809495591367,223.57581392651593,219.2140466296369,223.10475158691406,2945095
2023-04-18,226.41097415287012,227.89398045537942,223.20071422811642,223.44496154785156,3595387
2023-04-19,222.01428910920097,222.98261475774297,219.41468511546046,222.24110412597656,2690393
2023-04-20,213.72695399952443,217.78340889218455,210.51669371745217,216.640625,4211614
2023-04-21,218.31553702014847,220.67961754545814,216.88487258472443,220.5400390625,2760780
2023-04-24,221.5781559319362,222.20624413830495,220.40920106280984,221.88348388671875,3568090
2023-04-25,213.88395975430345,216.03867250000332,201.50524351288618,202.37759399414062,11653932
2023-04-26,199.5163065473711,203.67743045368854,198.0245763669428,202.79635620117188,8349343
2023-04-27,203.18018073519178,203.18890439060345,199.84778941262513,201.88037109375,6785258
2023-04-28,202.848655395157,208.99875658444353,202.15950172233994,206.66957092285156,5297652
2023-05-01,208.65856562483265,212.92438816569873,207.41982154535532,210.87435913085938,4290122
2023-05-02,207.978125820378,213.44778254879168,207.26280110985607,211.79904174804688,3717324
2023-05-03,215.63739921666013,220.6447171010329,213.85778862081165,214.22418212890625,4828517
2023-05-04,213.9624908604698,214.07589838462218,211.06626719652817,211.39776611328125,2659373
2023-05-05,213.41291789866082,214.27654480790133,209.73156518111867,211.4937286376953,2325485
2023-05-08,212.5143713146702,212.5928842131566,207.28896179722025,208.70217895507812,2826204
2023-05-09,206.64342858171733,207.4459898712682,204.27062432009967,205.14297485351562,3032064
2023-05-10,206.1200161878385,207.28024739123504,202.56080967565904,203.63380432128906,3116100
2023-05-11,202.38635144162853,202.38635144162853,200.03099423853905,201.34825134277344,4401794
2023-05-12,201.8454477141054,201.8454477141054,197.7628226078083,198.32113647460938,3978005
2023-05-15,198.20776771250183,199.03650000562507,196.57645907897881,197.97222900390625,3780605
2023-05-16,198.10307076172583,198.10307076172583,195.68664827399994,196.2711181640625,3026198
2023-05-17,196.75966501066443,197.63201562376148,192.98236688613864,196.49795532226562,3453372
2023-05-18,196.54155518008918,197.97221966099482,195.9483616235561,197.52731323242188,4128367
2023-05-19,198.48692174969622,200.29268845895407,197.85009488036803,199.18479919433594,3686642
2023-05-22,199.2720279856801,203.5029558120444,198.67881941819175,201.75823974609375,3530414
2023-05-23,200.92079343786884,203.82572578152394,200.20545366055754,200.65036010742188,4040496
2023-05-24,196.4892533654943,199.341859254274,194.28219811272376,198.6439666748047,5289305
2023-05-25,198.89691434904617,201.51398098717803,197.7541304856156,201.03419494628906,3965935
2023-05-26,202.82253559833805,203.95659592526127,201.47038385952587,202.56954956054688,3161558
2023-05-30,203.24994750523814,204.4276258407012,198.02453855100686,198.1815643310547,3066130
2023-05-31,197.30053374342504,200.59803080670457,195.067292727525,200.31015014648438,12662026
2023-06-01,200.3886466356481,203.93912944276974,198.94053481172205,202.98826599121094,3013226
2023-06-02,204.61956358645787,205.73617643545916,202.62186156359934,204.67190551757812,2517132
2023-06-05,205.01212899017025,205.09064189295324,201.4703697537646,203.36338806152344,2692762
2023-06-06,202.59570357979544,206.25959394829235,201.9501680695122,204.69808959960938,2300669
2023-06-07,204.6544440824887,208.0304533620493,204.1310248074114,207.20172119140625,3726235
2023-06-08,207.20172964434775,207.70768661600067,203.8867707967474,205.36105346679688,2519050
2023-06-09,206.24214068697518,206.44278476333778,203.74720524547885,205.326171875,2055893
2023-06-12,205.32615307149882,207.9781140690245,204.37528972462636,207.6640625,2465018
2023-06-13,207.3412909177558,210.69986800457238,207.18428014538222,210.47305297851562,2665126
2023-06-14,211.92990733953002,212.70629767580016,207.01854927881175,208.01303100585938,2639182
2023-06-15,204.12232428095953,213.36057042854375,203.31976298313592,212.42713928222656,3187954
2023-06-16,213.7269650119801,214.887196275505,210.18520562780407,210.93544006347656,7220554
2023-06-20,199.66459785775916,206.97493119406565,199.25458604271432,206.399169921875,5795890
2023-06-21,205.68384193492864,208.36197414420408,204.28807206952882,207.3674774169922,3126139
2023-06-22,208.17877598840306,209.51348025637643,205.1691448901559,206.20724487304688,2364288
2023-06-23,204.83763932003478,208.49282080220715,204.4101952321004,207.77748107910156,3684048
2023-06-26,207.85604600064661,208.9726591256886,204.66323245770008,207.5158233642578,2309580
2023-06-27,208.30092447230794,208.30092447230794,201.40931117372793,203.9565887451172,4814868
2023-06-28,203.68615217948243,205.3000135301986,201.79314885069357,204.8027801513672,2856209
2023-06-29,204.0167527971145,207.67612829005375,202.31371122675694,207.65866088867188,2152337
2023-06-30,208.74159544241442,211.00360857167414,207.5974958446795,209.60623168945312,3722738
2023-07-03,207.50144953624613,209.06475174658652,205.99053449287243,206.82022094726562,1340628
2023-07-05,204.261304164605,208.0516853116869,203.6324927231926,207.3180694580078,2765856
2023-07-06,205.15210882378187,205.5014568343377,202.5233101409084,204.71543884277344,2867376
2023-07-07,203.38794805076446,206.23510450502204,203.19580662926165,203.5626220703125,2859142
2023-07-10,203.10842877393566,205.74597587431907,202.85515149652565,204.77655029296875,2314205
2023-07-11,204.93380218753907,207.9992861953132,203.6761642538448,207.5713348388672,3302784
2023-07-12,208.73291156455767,210.38355097419117,207.16086043102283,207.9556121826172,3153437
2023-07-13,209.6062355308184,209.8595128199462,207.44904178779012,208.5669403076172,3020897
2023-07-14,209.45774789832183,211.29179462616557,208.76778567648964,210.069091796875,3282029
2023-07-17,209.73727235130343,209.99926834700247,205.15212445985142,207.64993286132812,3840276
2023-07-18,208.4359403493089,210.64553634877475,207.18703630193446,210.2961883544922,3065904
2023-07-19,211.60621463269436,214.1651584611542,211.44900804542158,212.99485778808594,3692395
2023-07-20,214.62805087864012,216.11274973802998,211.77216118966004,213.43154907226562,2389442
2023-07-21,211.9031578181872,225.099611934453,209.8071000778766,223.4751739501953,8335018
2023-07-24,222.6804361470013,227.064708609383,220.65424773791938,225.3092498779297,6410311
2023-07-25,216.49701888712792,231.32665940569493,215.29178345708638,223.31796264648438,8281663
2023-07-26,222.10400888851552,232.11270837958497,221.86819899915176,231.32667541503906,6502243
2023-07-27,230.75898373434427,231.98168656096678,222.88127743713778,222.94241333007812,4608444
2023-07-28,224.57560816884438,228.01664059995713,222.70661154894609,227.13455200195312,4129946
2023-07-31,227.42276891266903,227.74591581532195,222.13895553022027,222.759033203125,4084375
2023-08-01,222.76777042295222,224.8376273082772,221.40532822242622,222.70663452148438,2920730
2023-08-02,222.0166913032604,225.99046484270437,220.95992859071944,225.2131805419922,2872226
2023-08-03,224.57562391498195,226.62801333208378,222.26994216798064,224.85508728027344,2746680
2023-08-04,223.990447219378,225.6498350329307,221.4053023240722,222.48826599121094,3062858
2023-08-07,222.9948306222549,224.38347382373578,220.8376368896723,223.24810791015625,1433237
2023-08-08,223.57996903788813,226.61053266878207,221.51884604150217,226.2611846923828,1913088
2023-08-09,226.45334027580688,226.90749267359683,223.07344348881213,223.63238525390625,1914329
2023-08-10,224.71534746404848,229.23060988009397,224.29612989702787,224.7852020263672,1917600
2023-08-11,223.1607775501829,224.52321969342862,221.95554200410234,223.0734405517578,1573560
2023-08-14,222.15642550136943,225.22190916545497,220.96865731005818,224.61056518554688,1840219
2023-08-15,223.4926438138418,225.2306199066907,222.25247354791097,222.90748596191406,1734977
2023-08-16,220.8987915799523,222.8114418869371,220.27869885681807,220.77651977539062,1986634
2023-08-17,221.44024889988088,221.7808631863347,219.44899544344463,220.80270385742188,2014382
2023-08-18,219.86821984801816,221.37040130539742,218.44465672751224,219.5712890625,2303827
2023-08-21,220.71537519876708,221.00358729819257,218.26996926801334,218.48831176757812,2671217
2023-08-22,218.16515682082306,220.10400808106863,217.51012934629057,218.07781982421875,1933279
2023-08-23,220.3048699173036,223.00355288562452,219.7633956031231,222.58433532714844,1695835
2023-08-24,222.9686386254214,224.38348298340676,221.04725470314077,221.44898986816406,1738699
2023-08-25,222.2000842432803,224.5843542213592,220.38348971931347,223.1695098876953,1557768
2023-08-28,225.51011146046284,228.828872285178,224.89875247496542,228.3834686279297,2534165
2023-08-29,229.00354677953948,230.84634240765052,227.66730574051468,230.56686401367188,2328418
2023-08-30,231.24808797034254,231.9467839867225,229.1956984865989,230.71534729003906,2037958
2023-08-31,231.44020080566406,234.0515467801648,231.44020080566406,231.44020080566406,3313387
2023-09-01,234.08649804353362,235.4664075704306,230.8026720374635,231.95550537109375,2897719
2023-09-05,232.68039134885308,232.91620124584514,227.6847751413195,227.81578063964844,2415950
2023-09-06,227.5101095318565,228.427133021784,223.73719613743305,224.4446258544922,2867489
2023-09-07,223.66731078768328,225.7197151604831,222.29613498334658,222.63674926757812,2016751
2023-09-08,222.15642541124504,222.575627987182,214.23504955086858,216.90753173828125,3582415
2023-09-11,215.73722633743373,218.7153729349396,213.24815190676705,218.48831176757812,2766194
2023-09-12,217.85950711977307,218.1826540513917,214.40974037878496,216.88134765625,2680015
2023-09-13,212.58440848873192,223.35294121046377,212.19140698883038,220.47958374023438,3273456
2023-09-14,222.38349566010473,222.66297407692716,217.52761829656237,221.37913513183594,2132033
2023-09-15,220.7677938013644,227.13458640078656,219.9904944451617,222.92498779296875,6425765
2023-09-18,222.70663058732492,223.37039179153618,221.06471000909357,221.6324005126953,2210429
2023-09-19,220.73282490494,223.54503097735216,220.20006924870728,222.90748596191406,1994755
2023-09-20,223.1345719023973,224.9860861668976,221.63239059229113,222.23501586914062,1758665
2023-09-21,221.2481325141854,221.2481325141854,217.7546973548297,218.01670837402344,2718367
2023-09-22,218.4970290527409,219.78086782154617,216.66296722636852,216.91624450683594,3108317
2023-09-25,217.68478799184246,220.2524654466076,215.9730130434552,220.1214599609375,2142862
2023-09-26,218.82888914245973,219.728460150671,215.59746556873935,215.93807983398438,2277319
2023-09-27,217.0298375309359,217.0298375309359,213.16958654811782,216.1040802001953,2532022
2023-09-28,216.112757575522,218.31363491013894,215.62368541508488,215.8856964111328,2641663
2023-09-29,217.66732817490032,217.95554025341266,215.72847698382324,216.68043518066406,3692508
2023-10-02,215.7674137551427,218.36820742470627,205.85681374939816,210.56582641601562,6387700
2023-10-03,209.5215489631757,213.84636888412538,209.5215489631757,212.4967041015625,4817100
2023-10-04,213.02867962363356,214.23056291342021,210.57565257503268,212.8612060546875,3445800
2023-10-05,212.69372649232264,214.2699713750824,209.47229912516718,213.64932250976562,2273000
2023-10-06,211.5805236351163,215.43244605130366,210.10279965532789,214.0039825439453,2696300
2023-10-09,214.26010833102725,215.26494970785393,211.70856043794188,215.1270294189453,1949400
2023-10-10,214.55568543863274,216.8215321097078,211.89578501266948,215.4620361328125,2215500
2023-10-11,214.61374704472644,215.50147137975918,211.8716478178502,213.4794158935547,2444900
2023-10-12,213.6372458165308,215.6987494360102,201.93893145013166,206.63404846191406,5081600
2023-10-13,206.88063078894447,209.04076198897116,206.09153413763286,206.57484436035156,3365600
2023-10-16,206.73267158964046,208.8730863358074,205.3418904020254,207.58094787597656,3088700
2023-10-17,204.16812982485092,209.65232844914783,203.70453608747346,209.05064392089844,2643900
2023-10-18,207.08773348710412,207.32446696805795,201.93889691978654,202.00794982910156,4346800
2023-10-19,205.6279245079269,207.4033880733012,203.71437016806604,204.473876953125,3793700
2023-10-20,204.4640285708065,206.34799333509116,202.95488811899685,203.02394104003906,2926100
2023-10-23,202.15589742626858,203.55653664784072,200.24234319161945,201.26817321777344,3917500
2023-10-24,191.29600553553857,200.21275599411277,189.8065818331181,194.15646362304688,5925600
2023-10-25,190.20114396826986,191.14804782774084,180.75174662251268,190.02359008789062,7514900
2023-10-26,188.13964448266796,192.61774398045443,187.12368769031357,191.03955078125,3409600
2023-10-27,189.63892680924712,190.80284777425243,184.30269241743943,185.3186492919922,3966200
2023-10-30,186.27542991126666,186.69956053319495,179.60757878815932,182.57655334472656,5493600
2023-10-31,187.4294572078557,192.43032995549063,186.17676693269024,189.40219116210938,5208200
2023-11-01,189.21476700464876,189.21476700464876,186.28525606467707,187.4097137451172,3766300
2023-11-02,189.67839868183796,191.03957506212055,188.3467970600916,190.34912109375,2535900
2023-11-03,193.3180949055588,197.27342159016527,193.3180949055588,195.17245483398438,2930400
2023-11-06,194.93572729046988,195.0738180771271,192.45007807987278,192.8544921875,2362600
2023-11-07,193.05176424418786,196.20813585966496,192.72626130482766,195.54727172851562,2212500
2023-11-08,196.27719458538928,197.7074238697848,193.5844015666857,194.13677978515625,1611900
2023-11-09,196.04045358372773,196.6322798412684,192.6374902297862,192.8544921875,2316900
2023-11-10,193.18982757975556,194.5016974032086,189.72768507251365,194.3142852783203,2110000
2023-11-13,193.32792857534932,194.46224458494942,191.1086028646629,193.30819702148438,1683000
2023-11-14,197.6284989331381,201.88959668065843,197.6284989331381,200.74542236328125,2900000
2023-11-15,201.93888215443044,206.79180527841123,201.36678757202944,205.32212829589844,4110600
2023-11-16,206.39730709482245,207.087761025966,204.46402103685372,206.25921630859375,3499300
2023-11-17,207.14693619912046,207.15680950198947,203.4875229171524,204.9473419189453,2474400
2023-11-20,206.1211167485903,208.9125372128199,204.79938855798116,208.1530303955078,2568500
2023-11-21,211.50667633534098,218.54935142212344,210.697863192104,214.88992309570312,4614100
2023-11-22,215.9354768389468,218.88471979216112,215.9354768389468,218.2830352783203,3727100
2023-11-24,217.96737962402588,219.34830248095653,217.5826970886825,218.3915252685547,1276500
2023-11-27,217.49394649158825,218.95376559169327,215.94534291351553,217.00076293945312,2048900
2023-11-28,216.6357984877817,217.41502182947713,213.8049148396224,215.77764892578125,1911500
2023-11-29,217.7898215744321,222.28765237578938,217.40513907302034,219.4863739013672,2240200
2023-11-30,219.8907854694254,220.47275343108342,216.675234505959,220.26560974121094,3543400
2023-12-01,219.3680256143017,220.73907520998733,217.51366579723557,220.4333038330078,3134000
2023-12-04,218.97349780649333,219.81191586795134,216.66540238774425,219.1017303466797,2246800
2023-12-05,218.30276970488106,218.30276970488106,214.11070960844975,216.44839477539062,2674400
2023-12-06,216.90210521665549,218.63812083267064,216.39906344652377,217.75038146972656,1909600
2023-12-07,214.04166279539595,217.06981704640899,213.92330355848287,215.93548583984375,2767500
2023-12-08,216.01437212459462,217.00073912059733,212.73962647349796,214.52496337890625,2527500
2023-12-11,215.09705394459309,218.6775558373454,214.98855297506933,218.33233642578125,2591500
2023-12-12,218.94391718219046,219.02282836017187,215.50149041524665,216.75418090820312,2892000
2023-12-13,217.00074868015778,223.76722717285156,216.16233067631418,223.76722717285156,3749700
2023-12-14,227.62393119686558,229.57693376613938,223.4910507974212,226.12464904785156,5922500
2023-12-15,226.65726877017062,226.77564304597757,222.40602936210578,224.13217163085938,7886300
2023-12-18,224.9804341658159,226.66712827379587,223.16552258876933,223.36279296875,2307900
2023-12-19,224.11247775906028,226.0753386761138,222.65264359922799,226.0161590576172,3087000
2023-12-20,225.966826462317,229.1823927146641,223.60940978782727,223.71791076660156,2676600
2023-12-21,225.38487070072782,228.0184689155152,224.89168717621857,227.20965576171875,1743800
2023-12-22,228.47220329999757,229.54733976615958,225.26651040584656,227.21951293945312,1577000
2023-12-26,226.94333412261233,229.05415902109172,226.38109767614577,228.24533081054688,1461700
2023-12-27,228.3439650558922,230.54355929556377,228.16642621671764,229.6854248046875,1683400
2023-12-28,231.04801521205613,231.26524104704623,229.63606235091495,230.18899536132812,1501900
2023-12-29,229.70515758575914,230.89989960612493,227.99698641029647,228.4215545654297,1407600
2024-01-02,226.96024933281362,232.28225230040272,225.98273304910728,231.8280487060547,2764000
2024-01-03,232.38100481446222,232.5587268360155,226.9898774995808,227.8982696533203,2425000
2024-01-04,227.43418888701345,230.3074819888299,227.09848170388372,229.6854248046875,2719400
2024-01-05,227.9673645152563,230.10010383124157,226.14069695272892,227.38479614257812,2236700
2024-01-08,226.02223507444532,232.14401719526924,225.37055755716443,231.8971710205078,3123200
2024-01-09,231.2652336131824,238.50276489577584,223.6524913428861,227.95748901367188,5255800
2024-01-10,227.6514188687855,228.16486314228086,223.54389481341303,226.74302673339844,3334500
2024-01-11,226.08148166389995,226.7035388617966,223.34642175738554,225.084228515625,2440500
2024-01-12,225.8839802433496,226.61463520842432,221.89493800310365,222.3985137939453,2795500
2024-01-16,222.1615725078814,226.69366497113117,221.97396699160075,223.88949584960938,3267400
2024-01-17,222.69473755986317,226.2493284896378,220.66072749805122,221.74685668945312,2225800
2024-01-18,220.8779727237084,224.62016948467468,219.7227343367053,223.45504760742188,2867300
2024-01-19,223.73149624279435,228.7474123421228,221.89496009251386,228.13523864746094,3258200
2024-01-22,227.85878145787242,230.3272433164254,225.89388039459786,229.04364013671875,2276200
2024-01-23,230.15938177967828,230.30748345956513,227.62179584478665,229.1719970703125,1890200
2024-01-24,227.81927929248718,229.952033969742,225.5482913527971,225.7260284423828,2106300
2024-01-25,228.41170623999648,229.1818651066982,223.76111763756376,224.5214080810547,3468300
2024-01-26,233.55597368712327,237.54501636994829,229.9322735936633,230.06063842773438,6343900
2024-01-29,229.9816439653084,231.06777316867073,228.23396881673258,230.97889709472656,3127700
2024-01-30,240.97123833917195,242.30419864047263,235.45176149832443,241.85987854003906,6158400
2024-01-31,242.501690020315,245.64156615616557,236.5773817794242,236.8834686279297,5077100
2024-02-01,236.34038415829252,242.2054512343428,235.6985901793322,242.03759765625,2711700
2024-02-02,240.92184988827998,244.743023587835,239.09518229498659,243.2224578857422,2819500
2024-02-05,241.7710218912131,246.0858882740786,240.03323021686865,242.7189178466797,2644200
2024-02-06,242.590548014376,245.32560783683954,241.33656523373608,245.06887817382812,2443100
2024-02-07,244.79241567756267,246.737564763015,243.12373310581268,243.528564453125,2300700
2024-02-08,243.34093439411615,243.68652503452108,241.00083768700597,242.76824951171875,1774400
2024-02-09,241.90925828215615,244.13087391944126,239.81600748068425,239.88511657714844,2538300
2024-02-12,240.6848778856228,243.9630021694111,238.64099948588736,243.71615600585938,2284800
2024-02-13,241.88949104927346,243.09410154605698,235.39249814464756,238.48301696777344,2189400
2024-02-14,239.95422353914603,245.33546690600892,239.27292571527585,244.8615264892578,2838100
2024-02-15,244.41720586545884,248.52472989818173,244.41720586545884,245.81930541992188,2360900
2024-02-16,245.67118593839183,249.14678431711067,245.14787325026282,246.84617614746094,2152200
2024-02-20,245.52308942989308,247.6262086498802,243.7063051510974,244.64431762695312,1982800
2024-02-21,243.20271497554918,247.58670530867073,242.95586880874095,247.4879608154297,1545400
2024-02-22,248.24826123248923,250.22303064654096,246.09576980299443,249.54173278808594,1826000
2024-02-23,250.79572626462988,251.7831110137032,249.3936417289012,250.6377410888672,1351200
2024-02-26,250.12431814513386,251.1117029189903,247.2806451752126,248.47537231445312,2506300
2024-02-27,248.93942742323037,252.36565356066242,248.19888889323144,251.64486694335938,2265200
2024-02-28,250.85493717691816,253.32339875673716,250.34149294975353,252.484130859375,1945000
2024-02-29,253.530729001006,253.8466992999747,249.78854805364065,249.946533203125,3466700
2024-03-01,249.76884231203985,253.14569620473046,248.29763367356472,252.64212036132812,1908700
2024-03-04,253.28392307162764,255.73264807856833,251.63500742737972,252.95809936523438,2888700
2024-03-05,251.94107654889177,254.7057415777356,250.97342872250198,251.1807861328125,2277800
2024-03-06,252.2570491637902,253.83685570805773,249.0678006720625,249.7095947265625,3733100
2024-03-07,251.59549769543332,252.6223862397376,250.1144206177713,250.91419982910156,2857200
2024-03-08,249.9071011197675,252.61252585329785,249.76886784919512,250.48965454101562,1786000
2024-03-11,249.314636679364,250.7957137289444,247.5768450317225,249.61085510253906,1360800
2024-03-12,249.6404758866435,252.19779864760176,248.83081319959697,249.90707397460938,2221800
2024-03-13,251.1807966727924,252.45451632407907,249.90707702150578,252.12869262695312,2249300
2024-03-14,250.66733721127198,252.77047134484755,247.3793445065263,250.02554321289062,2635500
2024-03-15,247.5472556951968,250.55876735342494,245.99705429069016,246.25376892089844,5793300
2024-03-18,247.23126062876224,249.72934277708887,246.82642927570183,248.29763793945312,3868300
2024-03-19,247.8335619385409,250.88457707318824,247.0436511581471,250.53900146484375,3211300
2024-03-20,250.1045478262527,250.54886792853202,247.07326956175888,248.50497436523438,1651300
2024-03-21,249.07767481386102,252.14844202849784,248.32726781807844,250.9043426513672,2313200
2024-03-22,251.78310625704364,253.27406684240654,250.35140141119405,251.58563232421875,2310400
2024-03-25,251.07215234367965,251.56584463868708,243.08421462636963,244.6739044189453,3372400
2024-03-26,244.15063229096313,246.31300731239486,244.15063229096313,245.32562255859375,1962900
2024-03-27,246.95656896557642,247.36184073607754,244.2284278201922,245.89892578125,2665300
2024-03-28,245.4738887596208,248.1624982744911,244.34704617490942,246.8379669189453,2560200
2024-04-01,246.83795505707454,247.1542540586725,243.82315242799575,244.9302215576172,1728900
2024-04-02,242.17240880401224,243.43763487604699,239.7803402902376,243.1015625,2955600
2024-04-03,243.1608954837256,245.23666525873432,240.96651546420878,241.52005004882812,1898600
2024-04-04,243.63532806332393,244.2778353520869,238.93026946483818,239.10818481445312,2693800
2024-04-05,239.33555853161306,243.2597415752967,239.24658576767956,241.4607391357422,2280800
2024-04-08,241.71773775912888,243.15101525986313,240.9072092873947,241.43109130859375,2426000
2024-04-09,243.72431991768428,246.97634308505232,242.69631420818868,246.9170379638672,1602100
2024-04-10,241.99449420253723,243.40798306756588,240.62052197102233,243.03236389160156,2229400
2024-04-11,243.46731289976552,244.1295785627826,240.2647156686194,241.18397521972656,2081200
2024-04-12,239.5826573935255,240.37341239583893,236.24166170281728,237.18069458007812,2684800
2024-04-15,239.56289418054538,240.452501137319,235.41136991112606,236.89405822753906,2824000
2024-04-16,238.31743099397463,238.55465146129944,235.77708455001584,237.56619262695312,3225300
2024-04-17,237.64527817091488,238.0604290836944,235.27298293140765,236.62716674804688,2988500
2024-04-18,229.57945367857016,235.6881373903754,228.07700704286276,233.63214111328125,4261000
2024-04-19,235.0357368957765,235.05551029531833,231.31913716419638,232.79193115234375,2351300
2024-04-22,233.236782207635,235.97480265990075,231.7639729314482,233.3553924560547,2820300
2024-04-23,251.78024691344893,253.75716467182548,246.7094480367538,250.18882751464844,6876700
2024-04-24,246.155910947951,251.15751041201366,245.11802611893233,247.51998901367188,3344900
2024-04-25,247.04552072030336,247.7473331617168,242.44919295985954,242.96319580078125,2943500
2024-04-26,240.8676671786705,245.23666896476828,240.8676671786705,243.7342071533203,2710400
2024-04-29,243.40799150460978,246.09660077982372,242.89398868010812,243.97142028808594,1616200
2024-04-30,243.65511717626643,244.14934662287143,241.46073722672534,243.7737274169922,3941000
2024-05-01,243.417884958741,246.64027064782724,241.7276286744176,244.04061889648438,2310400
2024-05-02,246.1163914018435,246.56119489836877,239.8594446415085,243.99119567871094,2780600
2024-05-03,246.66002860172605,246.84783820697007,244.73253675285366,245.513427734375,1787600
2024-05-06,245.83958664776145,246.6698883924365,244.0603578501122,244.54469299316406,1741100
2024-05-07,243.6946731765447,246.22514086474578,243.35860073921273,245.88905334472656,1683400
2024-05-08,246.4228071496359,246.9368100015453,245.2860703633494,246.669921875,1471300
2024-05-09,246.73909015976344,248.62705015899923,246.12625050704844,248.5281982421875,1604300
2024-05-10,249.1311877935156,251.95818100144737,247.93516090709448,250.4557342529297,1520800
2024-05-13,250.08008817482965,251.8098911562761,248.7061309814453,248.7061309814453,1305500
2024-05-14,251.3650902186946,256.79173477052126,249.61551381957807,256.2678527832031,3096700
2024-05-15,256.99928310446694,260.97287654524195,256.7422741684447,260.4193420410156,3073100
2024-05-16,259.4309405381536,262.30735984627404,258.53143922884794,261.7834777832031,3448400
2024-05-17,261.9712583542397,262.8707595637925,260.1426033750552,262.73236083984375,3187400
2024-05-20,262.57424651855337,264.5511643926625,261.99102920016304,264.0272521972656,1757800
2024-05-21,264.15573286595253,264.24469054242115,261.6747216701182,263.47369384765625,2561200
2024-05-22,264.30405761928057,265.8757037566908,263.48361978420473,264.1063537597656,2533600
2024-05-23,264.0964393793566,264.10633362118995,258.08662259207136,258.3831481933594,2901100
2024-05-24,259.15417198807995,260.0932200991851,257.83953479790733,259.74725341796875,2089000
2024-05-28,259.5297702425428,260.7653438859756,254.28105581847,255.7241973876953,2881300
2024-05-29,250.54467219735048,253.51994306335993,250.54467219735048,252.9762725830078,2931700
2024-05-30,246.076822195469,250.75222822840396,245.66167129766254,249.82308959960938,3450900
2024-05-31,250.16906846985603,254.01418820992853,249.82311689189905,253.83624267578125,4801100
2024-06-03,254.27113878314057,258.5511823929304,253.72749849491177,258.3633728027344,3003200
2024-06-04,258.37334115168585,261.18056140325615,256.99936850988615,260.2909240722656,3119800
2024-06-05,260.9531852272822,264.99597906039,259.5693486114248,264.7587585449219,2552000
2024-06-06,264.33367250196085,266.00414016563633,262.5050176409234,264.88720703125,2405900
2024-06-07,264.4917963554482,264.6400893099433,259.7867529100911,260.0437316894531,3626800
2024-06-10,259.35183826439277,262.5742237729697,258.8576088386783,261.61541748046875,3115400
2024-06-11,261.05200776425346,261.52644874175843,257.2859816784458,258.2348937988281,3444700
2024-06-12,258.4029050651579,263.0387489468132,257.56270907713235,261.5560607910156,3311200
2024-06-13,260.45891588458466,260.45891588458466,249.51666880109158,252.06689453125,4945500
2024-06-14,250.66326941218506,251.9284954995527,250.03065636850124,251.9087371826172,3097200
2024-06-17,251.33543563743913,252.29424192712256,251.04877412506343,251.19705200195312,3366800
2024-06-18,251.97796567275844,255.39804043831893,251.0685852055584,254.5380859375,3162200
2024-06-20,247.50024220825335,248.8643204205511,244.34705566399234,245.6913604736328,6112100
2024-06-21,246.96646101417167,252.16574937348054,246.6007209666986,252.01748657226562,6729000
2024-06-24,252.0075839429871,255.30904800612134,250.00101365900443,253.7967071533203,3122500
2024-06-25,253.18384178643666,254.4391735546859,251.07840471416444,251.2069091796875,2524100
2024-06-26,250.25801254023634,252.79835910702238,249.29922130063233,250.6632843017578,2460900
2024-06-27,250.02078994883033,250.15917358785305,248.1328298800533,248.85440063476562,2409200
2024-06-28,247.50867759062695,249.97257307734583,245.3911050937776,247.2316131591797,4638300
2024-07-01,247.36024732672763,247.67690102789575,240.65130179674327,241.94757080078125,3925500
2024-07-02,239.6320834065756,239.9784214848868,236.36666402135057,237.89053344726562,5067900
2024-07-03,238.38526907834068,240.5127310589111,237.48480224609375,237.48480224609375,1935800
2024-07-05,238.4644615013812,238.89983767540804,236.00055094273486,236.74269104003906,3932300
2024-07-08,236.95048974572083,238.17748500621187,235.4563047317147,238.1280059814453,2489800
2024-07-09,239.3451164529409,239.3451164529409,236.21822944603136,237.27700805664062,2064200
2024-07-10,237.87072950832044,239.8398798872313,237.43533826081227,239.66175842285156,2108200
2024-07-11,241.1559484104119,246.08375424386085,239.47375217389367,243.68911743164062,2815400
2024-07-12,243.35268926140475,245.64838331365112,242.22463686645736,244.1146240234375,2546200
2024-07-15,243.81773747286064,244.84684679370673,241.20540511061134,243.64952087402344,2869200
2024-07-16,245.40099164579178,250.04184346007514,244.48074517458193,249.4976043701172,2754000
2024-07-17,249.83403361046697,251.88234748944402,248.28049488629017,248.61692810058594,2718500
2024-07-18,247.02381883829457,252.7828335731543,239.34514762402807,242.22463989257812,4266900
2024-07-19,242.4225482376163,242.67981804235006,238.47435738310443,240.98773193359375,2982600
2024-07-22,243.53080652576904,248.63673416135072,242.61054492802987,248.26071166992188,3314300
2024-07-23,267.17045277330146,270.1192338269559,260.79794029873966,261.41143798828125,7523300
2024-07-24,259.1355410296951,265.4585590686721,258.8584765963367,262.9748840332031,4080200
2024-07-25,262.59885956315406,273.4143074449989,261.6192442879176,267.2594909667969,4250000
2024-07-26,269.05048383380756,274.80949752136763,268.34793308428686,271.0394287109375,2810100
2024-07-29,269.24842723089523,270.3764644503626,265.28044193741346,268.8031311035156,2176400
2024-07-30,270.3665793930741,273.35491913102476,268.9119836833626,272.3060302734375,2953200
2024-07-31,272.6128104115743,277.3229361458522,270.5941807829181,274.1762390136719,2887200
2024-08-01,276.3333774033462,278.7478087287339,275.33395249471084,277.8176574707031,2132400
2024-08-02,276.5213865908208,276.5213865908208,269.2879975316701,273.84967041015625,3108800
2024-08-05,266.37882101427584,270.4061448409724,262.9847441462703,266.49755859375,2632600
2024-08-06,268.1896235292434,271.1977729992664,265.8840550517371,266.1512145996094,2763600
2024-08-07,267.1704290448627,268.1896335477532,260.15473510589703,260.550537109375,2805300
2024-08-08,262.3118622731958,266.6360599915175,260.6890651197495,265.8246765136719,2265100
2024-08-09,265.59710609614325,267.55636685704,263.9149097683044,265.30023193359375,2017800
2024-08-12,265.4288594252223,265.46844868421607,261.5103683220254,264.3997802734375,2099800
2024-08-13,265.25076935718465,267.4178209044792,264.33052286388386,265.8939514160156,1858000
2024-08-14,265.6663399699563,266.22046875309053,263.02430828792933,265.2705078125,1357700
2024-08-15,267.17043807054745,267.8631142483522,264.1820981159143,266.5074462890625,1653500
2024-08-16,266.0621673371736,266.883455727041,263.94457984402874,266.49755859375,1746500
2024-08-19,267.17044428632096,269.4166441874609,266.38871490137,268.4271240234375,1603000
2024-08-20,268.99109462150346,270.83161739737784,268.2390498100976,268.81298828125,1409500
2024-08-21,269.1593474476106,270.8811026008608,266.8933381704825,268.2588806152344,1455100
2024-08-22,269.3770755672539,269.3770755672539,264.44925445403635,265.0231628417969,1662800
2024-08-23,266.42828329796845,267.8927838972239,263.52899669189964,266.6558837890625,1464000
2024-08-26,267.1012049163535,267.497006993222,264.5779402532746,265.2607116699219,1252200
2024-08-27,265.85435513723394,266.7251073824212,264.37007511797117,266.0027770996094,1552500
2024-08-28,265.22108441772065,266.15123577391404,262.43063034914053,263.271728515625,1693000
2024-08-29,264.2315540343143,265.72573906521734,262.2327342812726,264.2216491699219,1904000
2024-08-30,265.48827628033877,266.4877014160156,262.8066848048359,266.4877014160156,4600100
2024-09-03,264.2513307150682,266.3788230889917,259.8380795229509,261.4609069824219,2325500
2024-09-04,259.49174986802353,262.34157268109465,258.3439028906611,261.7181701660156,1732800
2024-09-05,261.5598600623231,263.17278281307875,258.8485843891814,261.9358825683594,1764100
2024-09-06,262.73738166211194,267.27927556673234,262.2921157093602,263.4102783203125,3324700
2024-09-09,264.81538135837485,270.3171110523235,263.4894279628449,270.2280578613281,3223900
2024-09-10,270.1389970589951,272.14772172665164,267.59592306266273,271.8409729003906,2267600
2024-09-11,270.91082388759594,270.91082388759594,265.51792702227556,269.12969970703125,2536300
2024-09-12,268.93181795966933,270.1687182980293,264.75604120945553,269.6343688964844,2606500
2024-09-13,270.0400572144575,272.029002484705,268.4667237162617,271.37591552734375,2248500
2024-09-16,273.7903244518383,275.36365781909825,272.6127930930748,273.1372375488281,1904500
2024-09-17,273.0085790355197,273.53302346041045,268.2193055597095,269.6145324707031,2158500
2024-09-18,268.83284145684246,272.9789335225125,265.2310036213839,269.050537109375,2477900
2024-09-19,272.5534352421506,275.3735737372464,270.732721771776,273.5330505371094,3294000
2024-09-20,272.3950489603323,272.3950489603323,267.4276697129363,269.7728271484375,9267300
2024-09-23,270.86132254834666,272.0289489098399,268.98121037572554,270.2873840332031,1954600
2024-09-24,269.68380907119905,272.84038051895794,268.1995289621371,271.326416015625,2834400
2024-09-25,273.27576138234076,273.31532044136145,264.0633020735658,265.0726318359375,2535400
2024-09-26,269.99054261469234,276.9666466538048,268.07087136634215,274.02777099609375,2713500
2024-09-27,274.8498806660987,276.92990678329977,272.76988477612394,272.81939697265625,1337400
2024-09-30,273.1066264589821,275.68186503606364,271.13553940826483,275.37481689453125,1500600
2024-10-01,275.9691544363701,275.9691544363701,270.42242779682755,271.9477844238281,1367200
2024-10-02,271.8783929302461,272.97784770588777,268.45132108855233,271.3039245605469,1111700
2024-10-03,270.263930566057,270.6997467196051,267.0052541720073,267.9461975097656,1332000
2024-10-04,268.9763185133227,269.96680430258294,266.0940012393083,267.46087646484375,1132700
2024-10-07,265.9454776615627,267.9264495622075,264.92527834181993,266.23272705078125,1153200
2024-10-08,264.4399266119165,267.7778591342027,263.96448251582643,266.25250244140625,1431900
2024-10-09,267.2132731966693,267.90662538721284,264.2814435246236,266.66851806640625,1508000
2024-10-10,265.81663253786587,266.55949678510166,262.9739435214661,263.9149169921875,1531700
2024-10-11,265.0936167857455,269.56068689879964,264.57854485780763,267.75799560546875,1747200
2024-10-14,267.82735121722345,269.719182700895,266.31190916961185,268.976318359375,1901400
2024-10-15,269.7885291903201,272.89863890894634,269.22394502528624,270.0856628417969,1905400
2024-10-16,268.4216327422429,269.23383829511147,263.7663377218746,265.4798889160156,2820000
2024-10-17,274.8598046215312,276.75163609322055,268.39193367141814,269.392333984375,3222100
2024-10-18,269.937126254684,272.88878517465577,268.72873222459964,271.76953125,1949800
2024-10-21,270.50168208400396,271.6011068294302,267.7184193624226,269.50128173828125,2359600
2024-10-22,261.5179643658959,266.67838691634506,258.13048963249355,258.79412841796875,4496400
2024-10-23,255.98114931167947,258.3979370510933,251.7814841322379,253.56436157226562,4717000
2024-10-24,252.82149428706015,253.26720986347232,245.4621922269899,245.64047241210938,3989300
2024-10-25,247.91858651660417,247.99782719032368,242.56005497602538,243.0552978515625,3226900
2024-10-28,243.77836544093188,244.99667388262793,240.71776788114897,241.79739379882812,2031600
2024-10-29,240.86634035386723,242.60960511248723,239.45985226864445,240.38101196289062,3547200
2024-10-30,239.83621581661214,242.09452208848552,238.80611729984705,240.01451110839844,2553300
2024-10-31,241.56958974610694,246.1357300509939,240.0343336788004,243.32275390625,4948800
2024-11-01,246.5913507851454,250.54337944429017,244.9174273692631,245.4027557373047,2638500
2024-11-04,246.41304558683677,249.0774546931773,243.6495969728961,244.82826232910156,1836200
2024-11-05,243.3227498113804,248.43366026234733,242.98598826034203,247.6907958984375,1697300
2024-11-06,249.6717622197845,250.53348002721657,242.81758720139462,245.4027557373047,2930300
2024-11-07,247.32428449228973,247.6610460142221,243.40196945347222,243.758544921875,2528000
2024-11-08,244.6995078256129,244.7787484993324,241.79737671588654,243.0552978515625,2941100
2024-11-11,242.66901908160972,243.8080716971595,239.1329775490288,240.9356689453125,3475300
2024-11-12,242.1836622796159,242.1836622796159,237.01332551982915,237.3203887939453,3077000
2024-11-13,237.32039487828345,239.7569813918252,236.69638401118976,239.23202514648438,2133700
2024-11-14,238.30098796452666,238.64766405884043,235.05219557279665,237.10250854492188,3154300
2024-11-15,233.90319939584566,235.17101992279242,226.82123246265337,228.3069610595703,5435800
2024-11-18,227.8117280568848,228.5347784402101,226.07837795210415,227.87115478515625,3932700
2024-11-19,227.47495662604487,229.70354952096451,226.55379703706606,228.6437225341797,2608200
2024-11-20,227.31647794689366,231.5062284066522,226.71228103930946,230.88223266601562,2662100
2024-11-21,231.69442121036954,232.9424277949915,228.18810836008146,232.8136749267578,2537000
2024-11-22,232.2590141643683,234.67578675310398,232.2590141643683,233.59616088867188,2330100
2024-11-25,233.92301213113336,237.1024779620634,233.20986119921656,235.41864013671875,4460500
2024-11-26,235.2403618831608,235.8346593691529,230.9317428937504,234.32911682128906,2377700
2024-11-27,234.99275463084086,238.6575490459858,233.42778526265832,236.55772399902344,2271400
2024-11-29,237.25106454178282,239.3112768374514,236.0327712289299,237.4095458984375,1931400
2024-12-02,237.13220547267713,239.28155781302428,235.93371102254116,238.9943084716797,2520200
2024-12-03,238.37029930709184,239.37068445306326,236.59732138752713,238.5782928466797,3035300
2024-12-04,236.68648490963793,237.19162720857818,231.96186358166565,234.0121612548828,4167500
2024-12-05,232.76416448502206,233.5070288397615,225.03837217300915,225.70199584960938,5335700
2024-12-06,226.27647829394655,228.81211952720486,225.84066212317768,227.9305877685547,3099500
2024-12-09,227.3957350666424,234.08151431334426,227.1084857168639,233.66551208496094,2625300
2024-12-10,234.67578233083734,234.93331829946925,231.6746117067112,232.1104278564453,2753300
2024-12-11,233.55654272338327,235.4582735485337,232.11042687931817,233.16033935546875,3370000
2024-12-12,231.97177213469325,234.17065182734112,231.18929499999356,232.2689208984375,3996800
2024-12-13,231.9024486240987,233.25940935383454,229.79270900250367,232.65521240234375,2417900
2024-12-16,232.53633286592242,234.57673099715987,231.45669196265325,231.95193481445312,4474400
2024-12-17,231.90244877976133,235.69601126611207,231.0407158431659,231.3081512451172,3211100
2024-12-18,228.69326906049528,232.1005426798851,225.91990575771655,226.12791442871094,5221600
2024-12-19,225.92979972794487,228.87154353780997,223.69129231861524,224.0082550048828,4550000
2024-12-20,224.80066525283257,228.6140265390039,223.27530864747283,226.3755340576172,7073600
2024-12-23,225.7713120518698,227.44523529693618,224.60253107105868,226.97970581054688,2798800
2024-12-24,226.35570117330556,228.80220211934164,225.8307449489606,228.55458068847656,988300
2024-12-26,227.148084738898,229.28753745315123,226.98960340148395,229.07952880859375,1512400
2024-12-27,227.48298686215543,230.20009518904115,227.48298686215543,229.16879272460938,2130400
2024-12-30,227.55242269766845,228.63331042198604,225.6782171905269,227.7309112548828,2008000
2024-12-31,228.53415882514534,230.06128309829393,226.7591085553107,227.6317596435547,2077900
2025-01-02,228.92088977484033,229.9125331957731,226.65994398561585,227.8895721435547,2760600
2025-01-03,228.1573158114106,233.9584206359586,227.6416570054694,232.87753295898438,2381100
2025-01-06,232.19331355730685,238.22250769946513,231.74707701993063,236.20947265625,3674500
2025-01-07,236.0111453613091,241.1181031685067,236.0111453613091,237.10195922851562,2989300
2025-01-08,236.61603111667722,237.38951175437467,233.5320195525789,236.10037231445312,2527700
2025-01-10,233.58162122315463,236.7152182042781,232.54039255857694,233.1056365966797,2863300
2025-01-13,233.08578773561086,238.9563149370002,232.05447011043515,237.87542724609375,3301800
2025-01-14,239.15466056378546,240.12646695493277,230.1108767052872,235.6343231201172,4137600
2025-01-15,236.98295400108364,239.67031448269992,231.01327116143486,235.9813995361328,4128600
2025-01-16,235.73346276308368,240.08677654541393,232.6395402954673,239.87852478027344,3148900
2025-01-17,240.14629267157696,241.0189437503158,236.17971886825978,236.36813354492188,3075300
2025-01-21,237.94484322727126,242.44691297184778,237.00278497434022,242.07008361816406,2338100
2025-01-22,241.40568936398503,244.1922051006775,240.47354207883978,242.13949584960938,2049900
2025-01-23,242.88323656318914,243.7955619038652,239.7794026799361,243.60714721679688,2512100
2025-01-24,243.54761551616306,245.4614799398963,242.972460551025,243.74594116210938,1911300
2025-01-27,245.451588411946,248.66450347230267,244.4004487869514,248.4959259033203,2748500
2025-01-28,255.51677756624508,256.07209546961053,245.12434345851597,245.76890563964844,4273700
2025-01-29,233.05604496523767,233.7700294508846,221.13648660731428,221.86038208007812,11407400
2025-01-30,223.11977390069927,227.07643667179843,219.4903552804078,221.2158203125,6668000
2025-01-31,221.43398000681708,225.59887936891064,220.51174375256102,220.878662109375,4785800
2025-02-03,216.17826476385446,218.10205541257395,212.24143919045088,212.46951293945312,5787800
2025-02-04,208.74095023772443,213.35208631635516,208.28478758419297,213.2132568359375,7520600
2025-02-05,214.5519778876172,214.6313111795334,209.1673460748006,210.35733032226562,5112600
2025-02-06,211.22007023794947,212.51912083108428,207.35266655371004,208.2550506591797,4367100
2025-02-07,208.61202953558015,209.02851797242258,204.07030067961492,205.03219604492188,5230600
2025-02-10,204.12980659501926,205.25035338426875,201.30361676040388,201.7994384765625,7038700
2025-02-11,200.5599056765845,201.4028087368842,198.08079683014958,199.93516540527344,6509700
2025-02-12,197.79320702322462,202.24567638082368,195.15543184367755,200.49046325683594,7207800
2025-02-13,200.93670270478884,203.93145481449176,199.56822999992355,201.888671875,7198800
2025-02-14,202.3944372084878,205.41893767096002,202.22584450395485,204.5760498046875,4791700
2025-02-18,203.72321513283723,205.53792430481442,201.0854401529396,202.82081604003906,5589000
2025-02-19,201.75978740255198,203.86206672047084,199.52858959130762,203.26707458496094,4572700
2025-02-20,204.84379210168376,209.2962614510474,203.9413929422534,206.21224975585938,4718400
2025-02-21,208.85001964625764,211.8546979746864,207.65012445974745,208.4731903076172,6217000
2025-02-24,207.85838184169577,210.92255643651706,206.21225010154683,209.37559509277344,4878100
2025-02-25,209.13759848951833,210.36724182028783,207.69971850683163,208.65170288085938,5209500
2025-02-26,208.3145442851017,210.22840885744137,206.51965695203583,207.68980407714844,4746900
2025-02-27,206.20234272648145,208.23521483817632,202.44400555354386,203.99098205566406,4494000
2025-02-28,205.3197758644793,206.36100449556528,203.22740761523565,206.02383422851562,3819000
2025-03-03,207.70964570940157,207.73939380268783,203.14807974264625,203.9711456298828,3223000
2025-03-04,203.96122689740594,206.5196689316244,200.698726454878,204.18931579589844,5652400
2025-03-05,203.72322097040487,210.05982164304837,203.22739927416896,208.80043029785156,5137100
2025-03-06,208.95910509244734,214.34372166238268,207.9079654760806,213.01492309570312,5829400
2025-03-07,211.557212606256,213.33226287721072,208.02696430162806,210.29783630371094,5937300
2025-03-10,207.44188335768868,209.45491823065834,203.02907329456013,203.5149688720703,5709600
2025-03-11,203.45548963621522,206.1329239883302,200.95654384631123,203.89181518554688,4400800
2025-03-12,203.80257134330353,207.0055755327529,202.1861876360566,203.24725341796875,3316400
2025-03-13,202.35475813286064,205.09170371381416,201.52178127399569,202.38450622558594,2456200
2025-03-14,204.4074809569801,210.1490902052265,203.39600034299752,208.9789581298828,4183000
2025-03-17,209.60366248797735,211.99352673482798,209.08801880989185,210.82339477539062,3156900
2025-03-18,211.81504698189332,211.81504698189332,208.7706943272449,211.00189208984375,2467000
2025-03-19,210.2085728793106,210.6250613097538,206.90639839728442,208.50294494628906,4125300
2025-03-20,208.48311574656879,209.88132145342846,205.7660073587642,208.49302673339844,2651200
2025-03-21,208.969025028193,210.7837344012703,206.64858293066277,209.59376525878906,6457700
2025-03-24,211.22003890560927,213.59006596695164,209.49457398559946,211.02171325683594,3615100
2025-03-25,211.07131268909328,212.40011126990987,208.61202605833284,210.62506103515625,3077200
2025-03-26,209.296265073736,211.983625493039,206.84690453075953,208.65170288085938,2669300
2025-03-27,208.39386135005745,210.4465705189634,205.99408605843885,208.3542022705078,2989700
2025-03-28,208.63228150739766,208.8607031368565,203.9445841252904,204.441162109375,2389900
2025-03-31,203.0606872783883,204.71925601948325,197.7870160627565,203.59698486328125,3809500
2025-04-01,203.5969894064149,203.64665023958088,198.41271363454678,199.01853942871094,3020000
2025-04-02,197.87640815371782,204.07369193433266,197.87640815371782,203.75588989257812,2974500
2025-04-03,200.9154737548909,203.17986835693057,196.14832164109632,196.5455780029297,5413100
2025-04-04,194.1222785308941,194.1222785308941,179.95986426459228,180.52597045898438,7117800
2025-04-07,175.2125826007171,186.0677857406041,170.7433805267653,179.3838348388672,8557900
2025-04-08,183.77359568632508,185.22361024138752,170.69373183793627,173.4447784423828,5664500
2025-04-09,170.88242045854034,191.5400684735532,169.82967751385348,190.5767059326172,8180400
2025-04-10,191.13288522348162,191.13288522348162,174.30881874563397,179.52288818359375,6293500
2025-04-11,179.90028836407282,188.79897334254287,177.55643945288696,187.43833923339844,4764000
2025-04-14,191.56988346039842,192.62262652333925,189.0869931593645,191.6493377685547,4039300
2025-04-15,190.88460348446714,193.65551754935709,187.26951580908153,188.62020874023438,3505100
2025-04-16,191.14281694849663,194.60892180794906,187.83560553715262,189.35513305664062,3620300
2025-04-17,187.6965665208209,188.4414335550499,184.55818977955664,185.5513458251953,3667700
2025-04-21,184.0119396080373,184.36947636865537,180.69480225663276,183.6941375732422,4857600
2025-04-22,196.88326428218292,198.27367671497757,190.50720414718066,190.7554931640625,6687700
2025-04-23,198.651076784302,203.7062374269985,194.6685113366387,194.96646118164062,6494100
2025-04-24,195.35377953363624,195.59214242598938,191.92739441073275,195.1551513671875,4453400
2025-04-25,195.30411959315455,196.92296870808417,192.6226014479863,195.790771484375,2608700
2025-04-28,197.46922784097725,198.0750536640389,192.96029069114547,194.5692138671875,2715100
2025-04-29,195.01613909612414,198.11478138509037,193.7151069851636,197.56854248046875,3719900
2025-04-30,197.4294770617184,198.59148293220653,195.55241280422246,197.96578979492188,3729600
2025-05-01,197.02230784746646,198.94903306587426,194.93667401933533,195.36373901367188,3687500
2025-05-02,199.5250432121475,201.43191615279076,196.72435104785262,197.68771362304688,3159100
2025-05-05,196.82365646949347,198.8298359108269,194.668509684103,196.0489959716797,1915600
2025-05-06,194.4996803081147,196.23770342343352,188.5904047469026,188.7493133544922,4479800
2025-05-07,190.34830295334442,192.65241723948574,188.37191684641616,191.7685089111328,2902600
2025-05-08,192.4835665355966,196.4164710575092,191.30170844265334,193.48666381835938,3612600
2025-05-09,192.99008570087562,194.23153072986636,188.0243055849127,188.43148803710938,4535800
2025-05-12,192.41404825053402,199.57469450008875,191.20239672224724,199.4555206298828,7207100
2025-05-13,199.54490428765465,200.3394321288236,195.01611529365707,195.264404296875,2648300
2025-05-14,195.94967548930262,196.2774187772187,186.1770244026233,186.53456115722656,4489200
2025-05-15,185.41230342775,189.90137296923916,178.95678917139003,189.6431427001953,6579400
2025-05-16,190.33835478360157,195.06578737633257,188.21300139964265,194.76783752441406,3868600
2025-05-19,192.89076649642504,195.15516104582952,192.35445375062173,195.06578063964844,2724500
2025-05-20,194.32089845154965,196.80378834747248,194.10240292835985,196.4164581298828,2873100
2025-05-21,194.4003702697698,194.4003702697698,185.1739420984208,185.53147888183594,5613100
2025-05-22,184.41915668179638,187.12054245755354,183.05853768859225,186.1968994140625,3104400
2025-05-23,183.09824724440764,184.717096431079,181.79721526307287,183.27700805664062,2814200
2025-05-27,186.31608068608108,188.8585577445303,185.7102548905632,187.88525390625,2990600
2025-05-28,187.51780247317933,189.99076663959946,187.27945470586337,187.7164306640625,2879200
2025-05-29,190.13971626493128,191.17260700818898,187.3390241795973,189.1664276123047,2814500
2025-05-30,188.69964820414734,189.68287814246435,186.49484057593966,188.60032653808594,6514200
2025-06-02,186.9318238994583,188.94792937106902,185.72017236473013,187.93490600585938,3027700
2025-06-03,186.88216808840522,191.63939395197394,184.7270213248055,190.74554443359375,3525700
2025-06-04,191.6791211354853,194.32091991356972,190.73562590170056,191.75857543945312,2596800
2025-06-05,192.5729535208478,193.31782056410177,188.58047708014487,190.83493041992188,3096500
2025-06-06,193.0099263797442,195.30411423156644,191.57977936708687,194.67843627929688,2802200
2025-06-09,196.15823387624332,198.91920631253242,194.00308719924686,197.836669921875,4119400
2025-06-10,199.39594674570412,202.07746508135477,196.66476757609797,201.2332763671875,4626200
2025-06-11,201.6802072632101,205.58330328333778,201.2829357487913,203.31890869140625,4491400
2025-06-12,202.14698335412868,204.36173234008882,201.3425293480614,203.69631958007812,3661200
2025-06-13,202.1569252493707,202.87199884686962,199.05826794208892,199.296630859375,3391400
2025-06-16,200.5678594981449,201.00485058098917,196.09865731255158,199.73361206054688,3143400
2025-06-17,197.63805068833315,198.9092891990049,194.0328894369352,194.41029357910156,2968600
2025-06-18,194.062689526831,195.65174529656701,191.7982949052905,193.10926818847656,3236300
2025-06-20,195.18495493543446,195.2544831321864,192.890766912356,195.04591369628906,6590900
2025-06-23,193.91370992974615,195.65173293807933,191.5599350478552,194.99624633789062,3943100
2025-06-24,195.99934114496523,197.36988610939562,194.60891366311057,196.11851501464844,2739800
2025-06-25,195.55242835279248,199.99183729410504,194.3606440738754,199.62437438964844,4379600
2025-06-26,200.5976527639651,204.20281403942224,199.22710773340103,200.0812225341797,5685500
2025-06-27,200.98641686110787,202.42878106147904,196.65930908152723,197.75352478027344,5619700
2025-06-30,197.8728931936469,199.3948381354777,194.9881647207765,196.50015258789062,4537400
2025-07-01,195.95306180112237,203.96067493634118,195.34627219776308,200.0414276123047,3976000
2025-07-02,201.11572868981295,202.32930789345667,198.25089916742095,201.43405151367188,3503600
2025-07-03,202.2298355081542,203.22457152621843,201.29478122261906,202.13035583496094,1390700
2025-07-07,200.98643746196083,201.4340656833412,197.61428259914143,198.5791778564453,2388400
2025-07-08,198.13153775270388,203.53296290405953,197.93259355972174,199.62364196777344,4225600
2025-07-09,199.93200151135946,201.15552258671795,196.08236272738003,199.90216064453125,2050700
2025-07-10,200.34979855537628,207.05431005515075,199.53410767987847,204.42820739746094,3088200
2025-07-11,204.4281969863944,204.72662083243867,202.43872491738907,203.7716827392578,2369000
2025-07-14,198.9472168586046,199.00689859510732,193.86411486072853,196.7090606689453,4925400
2025-07-15,198.36032727932633,198.94721792938566,191.36733378338587,191.8448028564453,4521900
2025-07-16,192.37202383155213,193.25733839970906,190.14380938678372,192.28250122070312,2662400
2025-07-17,192.8594348869936,194.0630570366088,191.4071135404069,193.76463317871094,3064800
2025-07-18,194.63007667225492,195.16722750898916,188.08471105377433,189.0496063232422,4240300
2025-07-21,188.8904442230146,189.3281305513288,186.56276530803706,187.0800323486328,5898600
2025-07-22,185.76696958735627,195.2965433961721,184.5235494428626,188.91033935546875,7053300
2025-07-23,199.4644884556324,200.66811064534124,193.7845386052814,196.84832763671875,6374400
2025-07-24,196.96769519172648,203.6025833424094,196.96769519172648,201.742431640625,7411400
2025-07-25,202.4586440401818,205.3035899891756,201.59322846113315,204.39837646484375,5355700
2025-07-28,203.12511192026528,204.9554227314924,201.16548055680445,201.8717498779297,5160200
2025-07-29,202.030909039065,206.43758269947014,200.9366932519492,205.76116943359375,4973300
2025-07-30,205.85068232543927,206.3778912220411,202.0110005334065,202.9162139892578,5692900
2025-07-31,200.4393126486815,202.94605172681455,195.76405628264393,196.12216186523438,6060700
2025-08-01,194.3018059237691,196.12217482401246,191.2479587845527,196.0525360107422,5736500
2025-08-04,194.96827190471888,196.64937831041138,192.97879974242582,196.42059326171875,3176900
2025-08-05,196.34101342752973,199.59378949885675,195.4656408151156,197.9922637939453,4001100
2025-08-06,197.55459181171761,198.00222001259576,193.12800410728926,194.14263916015625,5123000
2025-08-07,196.06247743857637,198.0320505265408,194.52063355752958,197.44515991210938,2670100
2025-08-08,197.44517659914774,199.68333285414056,196.2116983543697,199.5042724609375,2963100
2025-08-11,199.78279766039773,201.1356393837105,198.11164827314175,198.70848083496094,2566300
2025-08-12,199.116312138922,204.796261629625,198.6090022206466,204.63710021972656,2830000
2025-08-13,204.95540524858856,208.21815339604836,204.95540524858856,208.03909301757812,3241300
2025-08-14,207.64121344033725,209.362102597469,206.0695286228388,209.11341857910156,2634500
2025-08-15,210.90396081873808,211.28195023087665,208.72548624186874,209.81968688964844,3210200
2025-08-18,209.88932037318148,211.03326083463367,207.60142427180853,207.9097900390625,2859900
2025-08-19,208.6458922001772,211.93846618727233,207.77051959510007,211.08299255371094,4851300
2025-08-20,211.0829775097109,212.8834472526321,209.68039609793908,210.2871856689453,3302500
2025-08-21,209.21289424115804,209.60084069522438,202.8167335187437,202.82667541503906,3172700
2025-08-22,205.79100468744758,211.4510554001992,204.5475845898648,210.6851043701172,3364900
2025-08-25,210.18773545530655,210.6154646814282,206.19883408466185,206.6365203857422,1985800
2025-08-26,206.68625155560898,208.25793630789627,204.58735792053469,205.164306640625,3670600
2025-08-27,204.55752892792225,206.29831708531555,202.7272181652668,203.9208984375,2503200
2025-08-28,203.39369014130486,204.5973123138413,200.95658974925254,204.20936584472656,2519900
2025-08-29,204.25910327692668,206.6066810357681,203.62247279207824,204.73658752441406,1979800
2025-09-02,203.48320565351963,204.91562800599988,199.62362489027754,202.71725463867188,2389000
2025-09-03,201.7125976319793,202.96595973132779,197.63417329809207,198.3901824951172,3468200
2025-09-04,197.85300976852824,198.7383243152232,191.16838177474227,197.98233032226562,3673600
2025-09-05,198.3802045821687,202.8067921790463,197.58442787926128,199.15611267089844,2837600
2025-09-08,194.64001651862912,197.90274980711314,193.31701564578822,197.58444213867188,3502100
2025-09-09,197.5844361309608,198.101687973759,192.37201350981255,193.30706787109375,3345100
2025-09-10,193.02855437848157,195.89338419042437,191.3573897412515,191.57623291015625,5509500
2025-09-11,193.67510516988514,195.18710821016154,192.4515840829641,194.1326904296875,3426200
2025-09-12,193.97354717743718,193.97354717743718,187.8658678888351,189.0496063232422,3899900
2025-09-15,190.05427026318904,190.56159537085964,186.05542702954375,187.5475311279297,4675400
2025-09-16,188.00511350081177,191.05896046080156,186.7716353342301,189.46737670898438,4817600
2025-09-17,190.20348831119563,195.2965320705771,189.72600407490285,191.92437744140625,4419300
2025-09-18,192.8793276586468,195.1174839293666,192.282495093536,194.24212646484375,2871800
2025-09-19,195.13738210335538,195.46564684313412,191.65580569648023,192.2725372314453,5934200
2025-09-22,190.88983508931943,192.07357337499369,189.22862776671056,189.45742797851562,2949600
2025-09-23,188.99986890245617,189.8553426004166,187.41824206342085,188.72134399414062,3461200
2025-09-24,187.64702185334525,188.18417268186238,184.47381118873776,184.931396484375,5522100
2025-09-25,183.45915856078435,184.10574608677805,179.0823261041423,180.5048065185547,7433800
2025-09-26,181.1126725880191,184.4509315073803,180.7140813164308,184.19183349609375,4847900
2025-09-29,185.1983071537876,186.1449728564388,182.80671383598775,185.40756225585938,3513100
2025-09-30,185.72644245400122,197.674388440422,185.00896599847795,197.5647735595703,7731200
2025-10-01,198.01320511392672,212.38263774789257,197.93348381934223,212.13351440429688,11404100
2025-10-02,210.20031456877308,215.4020111931294,209.2636083651506,209.5924530029297,6798100
2025-10-03,210.5889451284998,219.1488195040284,209.48283688262566,214.23611450195312,5927300
2025-10-06,214.2560368499749,214.52509432092052,209.90136563103968,210.96762084960938,3849500
2025-10-07,211.7647934374527,213.20972093941018,207.7290075893916,208.0379180908203,4008700
2025-10-08,206.17447159137453,209.14403277343087,204.1814848569764,204.2412872314453,5089500
2025-10-09,204.09179934004896,206.4634583643226,202.84618266012063,203.76295471191406,2572600
2025-10-10,204.19146683112845,205.73603464663174,201.43117584770255,201.75006103515625,3585500
2025-10-13,202.84619290925954,206.02500926989663,202.13869111427033,204.420654296875,2229700
2025-10-14,202.16857127077256,206.63285712318515,201.62049689926084,205.42709350585938,2254100
2025-10-15,206.25419264086315,208.78529430550606,203.72310618150232,205.37728881835938,3081000
2025-10-16,208.86501083909013,210.84802286088916,204.75944792507707,210.1803741455078,5818300
2025-10-17,209.7220041567784,211.89435243401437,207.91833836042085,208.326904296875,4147000
2025-10-20,209.5127342865555,210.818138188623,207.0115413630291,207.6592559814453,4971500
2025-10-21,222.7162568546879,234.1659705668906,219.95596610285796,219.99583435058594,10741300
2025-10-22,221.7197697231212,222.18812281266673,214.52508654085176,217.335205078125,4498800
2025-10-23,216.83695881014626,223.02517399206846,216.83695881014626,221.94895935058594,3664000
2025-10-24,222.68637520913958,224.26083656260727,221.40089024342484,222.2279815673828,3955300
2025-10-27,222.27781511909154,223.65298087522254,218.61072670978567,220.23500061035156,3454900
2025-10-28,219.7965483187905,220.8528288504531,215.4717555684709,216.139404296875,2251700
2025-10-29,214.71443908999152,217.79360011807697,211.9641227161603,213.25955200195312,3030400
2025-10-30,213.24959256089167,216.72736008169778,212.06376295446012,214.29591369628906,2897200
2025-10-31,212.31288384589197,216.98644037921258,212.26305613425467,214.624755859375,4042500
2025-11-03,212.23315726585076,214.62475051737025,210.45940025374708,213.3093719482422,3883300
2025-11-04,211.36621507700843,215.35218866559543,210.27006625803398,213.08018493652344,3079900
2025-11-05,211.8345484870389,212.890828956923,208.16744521987474,211.46585083007812,2935400
2025-11-06,210.26010379627115,211.75484387065222,208.73547013682503,209.93125915527344,2845700
2025-11-07,208.89491638303068,210.51919028602433,207.0215039246646,209.20382690429688,3028000
2025-11-10,208.1375514959794,210.99749761743485,206.99159027873858,210.4294891357422,2255200
2025-11-11,210.2700576507753,215.83049240387555,210.14052385404074,215.03329467773438,2843000
2025-11-12,214.87386158732596,219.6072049042474,214.6745507571251,218.63063049316406,4324100
2025-11-13,216.99639201976638,225.8153644768745,216.77716226068856,220.42433166503906,6520000
2025-11-14,218.39149640936202,222.57676563328266,216.5778711293363,220.43431091308594,4552300
2025-11-17,218.72032656467078,223.34405500954244,217.43484165348966,219.6669921875,3991200
2025-11-18,218.371550049772,226.10433289888763,217.09603979023296,224.71920776367188,5311300
2025-11-19,224.211010642115,225.59613583298167,219.87625835425453,221.63009643554688,4483400
2025-11-20,222.19809191835975,224.2508658695949,220.56384336642944,221.40089416503906,2987200
2025-11-21,221.96889234236136,227.7485567777418,221.2713500427234,226.59262084960938,3181300
2025-11-24,226.702232302127,226.74208534495514,223.30418640164953,226.18405151367188,4393800
2025-11-25,226.34349400552293,231.53523093683276,225.3768942605483,229.9607696533203,2957500
2025-11-26,228.76498272424476,230.14013319001754,226.67234063396907,227.65887451171875,4135300
2025-11-28,227.47949646676872,227.6488985084664,225.76552672040452,225.98475646972656,1461500
2025-12-01,225.76553125069017,226.6424502655749,222.96538736622094,223.35401916503906,3881300
2025-12-02,225.06798952415775,227.51936986512035,223.17465823382608,225.79542541503906,2737100
2025-12-03,227.2004808862734,229.84118214779505,226.80188963349786,227.65887451171875,3761000
2025-12-04,226.90153517894103,228.07740525125462,222.985323570122,226.3335418701172,4089300
2025-12-05,227.2303762000301,227.6787951641371,224.21100258168593,225.4566192626953,3179600
2025-12-08,224.0814571197836,225.96482896300003,222.4771022010969,223.6928253173828,2945900
2025-12-09,224.54980615073993,225.99471845631538,222.4073515464675,222.44720458984375,3369200
2025-12-10,223.32412880667488,229.67178668081868,222.48707802871172,229.61199951171875,3914000
2025-12-11,229.45255889445795,231.87404570077524,228.80484428327006,231.55516052246094,5781800
2025-12-12,231.6548151239865,232.0035938858759,225.53634643554688,225.53634643554688,4858300
2025-12-15,227.05101426188665,227.97774577224845,223.53339397787204,227.72862243652344,4826600
2025-12-16,227.4396432450479,227.4396432450479,221.9091022192831,223.91204833984375,2992100
2025-12-17,224.7989312601378,225.87514590316854,221.83934479312376,221.8493194580078,5088700
2025-12-18,222.885670059244,226.7221756126893,222.5867190074344,223.56329345703125,3502400
2025-12-19,223.85226382082539,225.1975359151318,222.61660660239048,224.0515594482422,6318100
2025-12-22,224.34055863507172,227.8581790364074,223.33409059379426,227.21044921875,2576100
2025-12-23,226.26378454565616,230.4092006578437,225.25733170524313,230.02056884765625,1868500
2025-12-24,229.93088928125923,230.91740800168265,228.98420840065563,230.6583251953125,785800
2025-12-26,231.0474843122242,231.0474843122242,228.74240035197332,229.83009338378906,1140700
2025-12-29,229.4708617898541,231.15725422282836,229.18147011831684,230.13943481445312,1666400
2025-12-30,229.57063347896928,230.5884680850071,228.37318906227696,230.17933654785156,1375900
2025-12-31,230.4088437472376,230.75810534856822,228.38316300271674,228.4330596923828,1270300
2026-01-02,228.32329783861724,231.60630823549218,226.74665681546844,229.909912109375,2338300
2026-01-05,228.79229085285334,235.12878967999885,228.79229085285334,234.85935974121094,3191700
2026-01-06,234.82943184085465,239.9285629788247,234.3205221423445,236.0867462158203,2663400
2026-01-07,236.34620003098587,237.61348763802636,232.60417669437325,235.0689239501953,2653300
2026-01-08,233.053209468762,237.19437574670513,232.82370297436384,234.5001220703125,2533900
2026-01-09,236.6954513372458,237.99268916622754,233.48229934716753,237.8629608154297,2536100
2026-01-12,237.78312646673902,240.22792725100877,235.48803097949067,238.4916229248047,3615800
2026-01-13,239.48948739640593,240.7468017237577,227.65471461851362,235.05892944335938,4249900
2026-01-14,235.62772694071384,238.77102040769228,234.88929553143814,237.44384765625,3136000
2026-01-15,235.70756524816863,239.70903010994218,234.56999074716992,239.37973022460938,2861700
2026-01-16,237.98270400204476,239.90859131433186,235.24852688256655,235.48802185058594,3904400
2026-01-20,232.99334864677868,238.30202455125993,230.6084330274493,233.83155822753906,4326400
2026-01-21,234.83940706329471,241.70477755880756,233.7916374621793,241.53514099121094,5042900
2026-01-22,241.81453463829104,242.28353610573208,238.98057933918508,239.56932067871094,2955100
2026-01-23,239.13025765022667,240.27780537791364,233.07317715348998,234.51010131835938,3066600
2026-01-26,235.48802749742774,238.17229276664582,234.69969939191756,236.2064971923828,4471000
2026-01-27,233.52221931009885,236.76530622105457,232.50438469313363,235.24853515625,4299300
2026-01-28,228.5128978360367,234.6498101808384,222.61546524629782,224.0623779296875,7764000
2026-01-29,222.84497378404632,223.204193395369,217.975349368364,219.15283203125,7444900
2026-01-30,218.90336741616568,220.52990507261154,216.8477517326974,218.4243927001953,5627900
2026-02-02,218.98320652240827,223.62332467843856,216.37875762458017,222.94476318359375,4782600
2026-02-03,221.04879959821304,225.54920070286647,215.70020047437671,216.13926696777344,4210700
2026-02-04,216.93755993207162,220.16070032581723,216.18915526548028,219.0630340576172,3938500
2026-02-05,218.61399522093518,219.53203645531576,214.48280205305662,215.29107666015625,4141900
2026-02-06,216.48851934238013,217.93543198027618,213.9439404405178,216.1492462158203,4311100
2026-02-09,214.18343496929256,217.366651901848,212.3872607348675,216.1991424560547,3559600
2026-02-10,216.8876734685123,220.390201745932,214.38300283054426,219.28256225585938,4420700
2026-02-11,217.68596052269797,220.19063117151174,215.7700464392577,219.51206970214844,4539000
2026-02-12,218.45433321932643,219.13289470833107,208.10639612924555,214.48280334472656,5167100
2026-02-13,215.5904430565415,218.2846968408536,210.34162185851002,212.12782287597656,5286400
2026-02-17,201.3707530647318,208.0564984096062,200.57245170422468,205.92105102539062,8709200
2026-02-18,205.41213657191028,208.85479493135978,203.78559891986478,208.11636352539062,4646900
2026-02-19,206.58961918872708,210.81061716812536,206.15055268943618,210.80064392089844,4763700
2026-02-20,208.2959891628054,212.2375839691307,208.2959891628054,209.0543670654297,4471100
2026-02-23,207.55755703978042,210.90043724609802,205.87114945261916,210.47134399414062,2400600
2026-02-24,209.9324967721894,212.04798235906316,208.60532404367643,208.74502563476562,3176000
2026-02-25,209.89257338774328,210.59108134337765,208.49555747647454,209.07432556152344,2810300
2026-02-26,208.63526965512997,210.30171558611394,206.35013216661787,208.9146728515625,2839800
2026-02-27,207.5675297923367,210.2318485227515,206.43994380539604,210.1919403076172,5242600
2026-03-02,207.5575591152154,207.57752083619556,204.23464059645144,205.5618133544922,3195800
2026-03-03,201.84973390902394,204.56394948122286,200.24315789184982,203.5760498046875,4620900
2026-03-04,204.17477001485636,206.34015233124083,202.60810228899845,204.2945098876953,2958400
2026-03-05,201.83975770778025,204.27457004365405,199.29517874278653,201.57032775878906,4771400
2026-03-06,199.57458027793317,200.3928433657121,194.694982399191,195.0841522216797,4237700
2026-03-09,194.4155795860782,198.96587758912324,192.9786401690467,198.37713623046875,3522600
2026-03-10,197.7384972940419,198.13764036305633,194.7448785974373,194.80474853515625,3190400
2026-03-11,194.28584572234354,196.10198166353052,192.89880303511032,194.64508056640625,2957500
2026-03-12,192.7591054115899,193.49753683579695,185.78396839002207,185.86380004882812,5235300
2026-03-13,187.37059431466236,188.96718178152648,184.84597715480777,186.9215545654297,4134100
2026-03-16,188.58800601325305,191.51176631960962,187.10116990162192,190.98289489746094,4333500
2026-03-17,193.08839998302233,196.33148680444262,192.8788399811293,194.79476928710938,3751700
2026-03-18,193.10835879380687,193.71706184324646,190.46398659731327,191.0926513671875,4123800
2026-03-19,189.42620899674392,190.98288823984683,187.01135847522124,189.7056121826172,3353500
2026-03-20,189.07694822735942,190.87312244891518,187.57016566650717,188.94723510742188,5686200
2026-03-23,192.22026637755334,193.3378791809082,188.9572176500689,189.59585571289062,3147000
2026-03-24,186.821769311169,191.09266419090613,185.61433637831382,189.69564819335938,4195500
2026-03-25,191.3620905055787,192.54956169409002,184.5965134542888,186.7519073486328,5265500
2026-03-26,185.11538831171114,188.42833350722097,185.10541506461556,187.64999389648438,3695000
2026-03-27,184.72999572753906,186.00999450683594,181.00999450683594,181.52000427246094,5857600
2026-03-30,183.6199951171875,185.72999572753906,181.75,183.88999938964844,3979700
2026-03-31,186.77000427246094,190.4499969482422,185.3800048828125,189.60000610351562,4659500
2026-04-01,190.55999755859375,192.42999267578125,189.47000122070312,190.7899932861328,3770600
2026-04-02,189.4600067138672,193.8000030517578,188.0,191.1199951171875,2739700
2026-04-06,190.6300048828125,192.52999877929688,189.47000122070312,192.1199951171875,2595700
2026-04-07,191.2100067138672,192.1199951171875,188.72999572753906,191.00999450683594,2932700
2026-04-08,195.89999389648438,198.55999755859375,194.99000549316406,196.19000244140625,2610000
2026-04-09,194.77999877929688,195.69000244140625,191.0800018310547,192.99000549316406,2903200
2026-04-10,193.72999572753906,193.72999572753906,189.44000244140625,189.61000061035156,3188900
2026-04-13,188.6699981689453,196.52000427246094,188.05999755859375,195.8699951171875,4836300
2026-04-14,195.6199951171875,200.39999389648438,195.08999633789062,198.61000061035156,3336400
2026-04-15,199.0500030517578,199.47999572753906,197.27999877929688,198.13999938964844,3180500
2026-04-16,196.0399932861328,196.38999938964844,193.07000732421875,193.77999877929688,3760400
2026-04-17,194.5800018310547,197.02000427246094,194.25999450683594,194.75,4243400
2026-04-20,193.22000122070312,195.8699951171875,192.74000549316406,195.5,5271400
2026-04-21,197.0,200.5,190.4600067138672,194.5399932861328,7862900
2026-04-22,193.9499969482422,195.00999450683594,183.7100067138672,184.0399932861328,5904000
2026-04-23,180.82000732421875,180.55999755859375,175.0,177.58999633789062,5226371
