timestamp,open,high,low,close,volume
2021-01-04,47.79334774924666,48.291022519976636,47.16513166022855,48.160484313964844,4513500
2021-01-05,48.10337886307392,48.66632746162897,47.76887448213574,48.209442138671875,2739000
2021-01-06,48.11969053507527,48.6092111298932,47.989152332245745,48.08705520629883,3630200
2021-01-07,48.14466961068695,48.408024817231095,47.68379642951383,47.6920280456543,3395700
2021-01-08,47.73317302587054,47.807241868212486,46.26825941004268,46.41639709472656,6715100
2021-01-11,46.39994566375467,46.63860918745531,45.59341986295993,45.73332595825195,5552000
2021-01-12,45.63456519214952,45.683942333021385,44.408314916282066,44.7457389831543,10158700
2021-01-13,44.902101862449975,45.91437391791402,44.55644622870246,45.58517837524414,8174900
2021-01-14,45.60986387770468,45.88967912834145,44.83625848568123,45.88145065307617,6436300
2021-01-15,45.85677595356497,46.63861005725709,45.38767423557285,46.28472900390625,8579300
2021-01-19,46.59744596256248,46.605677577032665,45.782691938713945,45.815608978271484,3898300
2021-01-20,45.77447573160252,45.82385601672147,44.86919248051653,45.54404067993164,4428400
2021-01-21,45.494659923371756,45.70040640007216,45.190156016898946,45.502891540527344,3058600
2021-01-22,45.412363258747966,46.16128031941365,45.06670754027957,46.062522888183594,4745400
2021-01-25,46.02136058109236,47.97183902440537,45.996672013777975,47.650875091552734,6958800
2021-01-26,47.6179547214283,48.737215813749295,47.23938204003779,48.66314697265625,6024900
2021-01-27,48.638459455810874,50.58070644338967,48.56439060833739,49.708343505859375,7344900
2021-01-28,49.66719410247706,50.36673394893447,48.2022803144275,48.852439880371094,7919100
2021-01-29,48.7619143142809,49.53551992594546,47.71672185013626,47.81547927856445,7118900
2021-02-01,47.831936612683094,48.13644363687922,46.95134200636859,47.36283493041992,5139500
2021-02-02,47.650874998232325,48.02121606498844,46.976026951135246,47.42043685913086,3811000
2021-02-03,47.288761012713366,47.48627897645335,46.43285506890931,46.76205062866211,3793400
2021-02-04,46.704446984894204,47.34637494323699,46.31764263079438,46.82789611816406,3195000
2021-02-05,46.8937204735644,47.45335094897736,46.630365325069015,47.239376068115234,3166900
2021-02-08,47.321684557067705,47.5521195815938,47.07478943944092,47.48628234863281,2990500
2021-02-09,47.68380018961872,47.815477803274234,47.19823840061867,47.46159362792969,1744100
2021-02-10,47.741406788296864,47.88131601240875,47.280536731085476,47.807247161865234,2704900
2021-02-11,47.85662825164734,47.87308520587603,46.663298145787984,46.836124420166016,2893100
2021-02-12,46.76205795570315,47.033644805969764,46.39994529478968,47.00895309448242,3422700
2021-02-16,46.737359557148686,46.8278884882039,45.98021106604809,46.32586669921875,4162300
2021-02-17,46.120130438397354,46.79497862303149,45.980221203345764,46.75382995605469,3022700
2021-02-18,46.72913753983027,48.062376933761655,46.613920018255406,47.74964141845703,3027600
2021-02-19,47.74963410368006,47.8401630394613,46.482235281625705,46.498695373535156,3381600
2021-02-22,46.52338721272444,46.59745606180398,45.73332158217043,46.22711181640625,3878900
2021-02-23,46.34232927244675,46.9595685924021,46.04605389655753,46.76205062866211,3249700
2021-02-24,46.73736226315751,46.83611967573499,46.21888035310303,46.251800537109375,3648400
2021-02-25,46.31764088944414,46.77851407829059,45.74155332768827,45.955528259277344,3846800
2021-02-26,46.02959421715147,46.19419199850302,45.15722817359732,45.27244567871094,5642500
2021-03-01,45.37943965150926,45.692175156204996,44.959718245804424,45.05024719238281,5634800
2021-03-02,45.1654569643066,45.51934107327283,44.69635535743349,45.32182312011719,4198600
2021-03-03,45.15723070289718,45.53580656304262,44.9432557727643,45.17369079589844,3459500
2021-03-04,45.25599639637528,46.35056601991154,45.18192753918545,45.502891540527344,5633900
2021-03-05,45.733317789124875,46.9595679356405,45.49465116861409,46.729129791259766,6444300
2021-03-08,46.918416657171406,47.98006903789045,46.57276414592791,47.5356559753418,3993600
2021-03-09,47.469811038188446,48.070590166908616,47.13238705796366,47.239376068115234,3634800
2021-03-10,47.37929250750585,48.77013738672385,46.83612200218693,48.19404983520508,6827700
2021-03-11,47.98830952887879,48.457411246292224,47.83194019677957,47.840171813964844,4993000
2021-03-12,47.8072400184155,48.416250825156155,47.716711088006896,48.35041046142578,4302300
2021-03-15,48.687841720771985,48.770139048237915,48.21874004744425,48.57262420654297,4426300
2021-03-16,48.55616479928737,49.14871561162888,48.432715666902276,48.868900299072266,3880900
2021-03-17,49.000581557349165,49.280396890742104,48.68784603427657,48.877132415771484,3536800
2021-03-18,48.7043013139338,49.54374723112024,48.7043013139338,49.296852111816406,4229700
2021-03-19,49.25570585713806,49.73303919574097,49.074651090290516,49.436763763427734,8212200
2021-03-22,49.31331252881326,50.72062077261836,49.01704024850682,50.57248306274414,6493600
2021-03-23,50.77822980909501,51.04158504153747,50.20213906083635,50.35850524902344,5231700
2021-03-24,48.16113756781302,48.9512033164562,47.57681830409415,48.24343490600586,10643100
2021-03-25,48.12820943636285,49.6013547788412,47.856625753579756,48.99234390258789,6369200
2021-03-26,49.04172692080658,50.32558597684148,48.33395858758639,50.17744827270508,5314600
2021-03-29,50.25974515916695,51.518912493792214,50.20213640133716,51.42838668823242,6452900
2021-03-30,51.568287842759915,51.6012080267834,50.7535305551073,50.852291107177734,4835700
2021-03-31,50.630086219863834,51.22263699378058,50.33381083290546,50.46548843383789,5734500
2021-04-01,50.37496962877755,50.59717621369892,49.52729509845853,50.13630294799805,7171200
2021-04-05,50.25974816605213,51.033353774221666,50.2103678823401,50.63832092285156,4473200
2021-04-06,50.498406501382235,51.074497158595015,50.30912015419432,50.81114196777344,4969600
2021-04-07,50.90990232434284,51.10741715916347,50.342040110489705,50.52309799194336,3846300
2021-04-08,50.61438416271169,50.846749556881306,50.40691415627709,50.5811882019043,3236700
2021-04-09,50.62269066650239,50.78866733462286,49.494053122173185,49.90069580078125,3895700
2021-04-12,50.00856872817822,50.664174705275556,50.00027132088505,50.59778594970703,3445700
2021-04-13,50.55629377824516,51.00442978852887,50.35712432861328,50.35712432861328,3403000
2021-04-14,50.398615023482094,50.47330435456264,49.81769835571572,50.29903030395508,3329900
2021-04-15,50.43181168700459,50.79695777417881,50.1994462829611,50.249237060546875,4159100
2021-04-16,50.481609192312355,50.89654925209171,50.2326426238516,50.87165069580078,9941800
2021-04-19,50.75546798558119,51.070823317421095,50.307331961241545,50.87165069580078,4160100
2021-04-20,50.83015697020207,52.16626445993743,50.730572242953755,51.70153045654297,5510900
2021-04-21,51.93389172495547,52.423517884009485,51.751317112602486,52.08326721191406,5046200
2021-04-22,51.99198301601681,52.07496974932094,51.45255975231711,51.477455139160156,3676400
2021-04-23,51.3363851759685,51.54385520777197,50.722272488904004,50.83845520019531,3117000
2021-04-26,50.91314092323385,50.971232274754776,50.1579501877205,50.24094009399414,4074200
2021-04-27,50.141352206465776,50.415214148556935,49.908986800382046,50.24094009399414,3804100
2021-04-28,50.5397007271255,50.90484684136276,50.23264280246315,50.45671081542969,2747700
2021-04-29,50.51480771924625,51.17041384781788,50.4567163575492,50.97954177856445,3489000
2021-04-30,51.05422866150015,51.13721541256632,50.30733523893805,50.506507873535156,4829000
2021-05-03,50.506499825632254,51.47745795450509,50.506499825632254,51.120609283447266,3128400
2021-05-04,51.303184742462136,51.66833082696415,50.8965452883619,51.28658676147461,3528500
2021-05-05,51.1704002308648,51.377870229070666,50.61438215522873,51.31148147583008,2877100
2021-05-06,51.8675053246317,53.31149490005432,51.776218008741736,52.813568115234375,7476900
2021-05-07,52.57290367683118,52.84676563255488,51.78452010530477,52.32394027709961,3574900
2021-05-10,52.43182906796246,53.22851326643258,52.41523108477663,52.97125244140625,2431600
2021-05-11,53.1621132093344,53.361288977125824,52.133063735007575,52.37372970581055,3651800
2021-05-12,52.4401243696915,52.81357106201389,52.07497825149931,52.24925231933594,3365600
2021-05-13,52.02518371067836,53.651751155829544,51.817713680169724,53.09572982788086,5330900
2021-05-14,53.220200158944,53.65174128866707,52.58949277511821,52.6143913269043,3233300
2021-05-17,52.36543801440418,52.78867867839474,51.90070714036485,52.108177185058594,4006400
2021-05-18,52.0334703491317,52.42351174932303,51.72641567262177,52.224342346191406,3116100
2021-05-19,52.06667873180793,52.31564212801358,51.59364416355347,51.95049285888672,2743100
2021-05-20,52.033482424306875,52.597801140373,51.77621845600748,52.199459075927734,3202100
2021-05-21,52.33223610446952,53.01273747936022,52.24094879417473,52.39032745361328,2701000
2021-05-24,52.51481232241853,52.813569668392965,52.31564286892982,52.32394027709961,1816300
2021-05-25,52.32392797101254,52.44841122447174,51.718116013375045,52.15795135498047,2596100
2021-05-26,52.14966245884187,52.365429878875254,51.98368581572478,52.14136505126953,2876800
2021-05-27,52.14966671424201,52.62269812799319,51.61854394552079,51.684932708740234,3535400
2021-05-28,51.82601286603147,52.498213720799846,51.801114310333176,52.166263580322266,2934400
2021-06-01,52.415226145615414,52.61439875933542,51.8426100255,52.00028610229492,3239600
2021-06-02,52.11646764102664,53.00443906059166,51.92559560526176,52.6890869140625,5019700
2021-06-03,52.647588959985875,53.054231575308414,52.382027598618926,52.946346282958984,4176900
2021-06-04,52.94634264314242,53.44427253578093,52.87165331753369,53.13721466064453,4104500
2021-06-07,53.22020664298682,53.2617031791057,52.55630638546188,52.87995910644531,3493200
2021-06-08,52.95464862184888,53.01273997372597,52.29904260410321,52.440120697021484,2263100
2021-06-09,51.26999136677939,52.332240043377396,51.12891326988057,51.55215072631836,6910800
2021-06-10,51.568741867592486,52.28243916268096,51.42766378940755,51.92559051513672,2880700
2021-06-11,52.01688637545544,52.12477167787909,51.502361585478845,51.88410568237305,2602300
2021-06-14,51.784511513370596,52.0334748717949,51.41106489286372,51.991981506347656,2020300
2021-06-15,52.07497198524116,52.15795872210846,51.510653310468506,51.56874465942383,5381400
2021-06-16,51.75961717538197,51.77621515606032,50.713969718574944,50.74716567993164,3842600
2021-06-17,50.65587481557779,50.913135583692636,50.13304954097974,50.705665588378906,3149200
2021-06-18,50.4235118169636,50.589488464627614,49.593631744384766,49.593631744384766,5416900
2021-06-21,49.917289526492645,50.15795235071137,49.610231608650594,49.90898895263672,2926400
2021-06-22,49.96706771850586,50.19113567004622,49.80109110635664,49.96706771850586,3433000
2021-06-23,49.85089678624952,49.90069073134956,49.12890199387612,49.13719940185547,3058900
2021-06-24,49.02100661590431,49.22847659588215,48.821837207940355,49.087398529052734,3121400
2021-06-25,48.98781836133842,49.518941087067844,48.92972701107058,49.485748291015625,3047400
2021-06-28,49.5853336448932,50.37372033599372,49.56043825610031,50.249237060546875,4843300
2021-06-29,50.282425709211374,50.531389058152264,49.60192441142728,49.817691802978516,3715400
2021-06-30,49.75131215836728,51.17870376418489,49.718116194902805,50.56459426879883,7163600
2021-07-01,50.58119202857995,50.6226853998578,49.8840926275916,49.975379943847656,3446700
2021-07-02,50.22434333725607,50.33222863517153,49.8840926275916,49.975379943847656,3086200
2021-07-06,49.89238813850957,50.11645613377987,49.469150702381995,49.6600227355957,4172500
2021-07-07,49.626825728197794,50.42350980632782,49.5438389905455,50.116455078125,3793600
2021-07-08,50.09134627208415,50.794382856622704,49.764936999388375,49.93232727050781,2755200
2021-07-09,49.91557939375147,50.292206641230145,49.79840718180329,49.965797424316406,3037300
2021-07-12,49.93233584240241,49.99092196844612,49.354842660241026,49.605926513671875,2775700
2021-07-13,49.54733657930432,50.00765747399693,49.363206944345606,49.48875045776367,3538500
2021-07-14,49.25440656470516,49.73146684403508,48.994954632998535,49.605926513671875,3681700
2021-07-15,49.6142903175806,50.09135055581086,49.34646713796726,50.03276443481445,2448700
2021-07-16,50.10809234118373,50.33406875860736,50.016027520081025,50.25874328613281,3324200
2021-07-19,50.22526185360741,50.91156233916858,49.823527086523086,50.82786560058594,4381400
2021-07-20,51.045462575728436,51.539262049081,50.116449736649585,50.149925231933594,4422300
2021-07-21,50.099714551459535,50.18340808567213,49.31298128196498,49.3715705871582,4272600
2021-07-22,49.19581558403648,49.413423910186275,48.90288498272418,49.212554931640625,1934000
2021-07-23,49.237669042979185,49.890487682340066,49.011692623345574,49.71472930908203,2466400
2021-07-26,49.664501644133914,49.91558544197551,49.5556974944112,49.647762298583984,2171700
2021-07-27,49.681244362235596,50.250369378752886,49.48874666439944,49.84026336669922,2337600
2021-07-28,49.57243094032652,49.79003921387431,49.0953708233915,49.22928237915039,2844500
2021-07-29,49.38831237921832,49.6393993959337,49.14559982520631,49.30461883544922,2308000
2021-07-30,49.463633556457445,49.67287059044027,49.18744233180608,49.26276779174805,3325600
2021-08-02,49.246024260214675,49.73982374615155,49.13722011783441,49.689605712890625,3720500
2021-08-03,49.689620513874814,50.18342014689916,49.48875470640645,49.70635986328125,2623900
2021-08-04,49.6310200779194,49.6310200779194,48.19983963969697,48.23331832885742,4681100
2021-08-05,48.18311127339609,48.484413159083246,48.082678375735114,48.19148254394531,2899500
2021-08-06,48.208208660867605,48.91961645231018,48.208208660867605,48.43418502807617,3114100
2021-08-09,48.58483844006895,48.886140278520834,48.48440555815291,48.83592224121094,1958600
2021-08-10,48.73550138520836,49.01169586951058,48.57648235020996,48.95310974121094,2677300
2021-08-11,49.095377996653305,49.6812423359621,49.02842380534293,49.42178726196289,2435700
2021-08-12,49.354839781629266,49.66450974304239,49.27951431072292,49.33810043334961,2047500
2021-08-13,49.54733099113188,50.16667083262513,49.41341941518438,50.082977294921875,2206200
2021-08-16,50.14993729468022,50.493089140035764,50.05787566962601,50.32569885253906,2468400
2021-08-17,50.375915209722976,51.06221253554038,50.22526426574313,50.93667221069336,2880200
2021-08-18,50.78601708847621,50.82786385998242,49.57244155857191,49.614288330078125,3578300
2021-08-19,49.6310302768742,50.42613174795541,49.62266219921624,50.32569885253906,2620400
2021-08-20,50.49308241679652,50.91992456000939,50.133194464044756,50.46797180175781,3151700
2021-08-23,50.359170806184245,50.384281422796484,49.84026382495467,49.882110595703125,2275900
2021-08-24,49.806785839703224,49.806785839703224,48.80245055663921,48.89451217651367,3016800
2021-08-25,48.73549652284511,48.86940811598453,48.534630729488086,48.676910400390625,2539200
2021-08-26,48.551362878099425,48.56810222494839,47.739525308500255,47.957130432128906,4820200
2021-08-27,47.88180317786923,48.39234206321525,47.66419806237452,48.3170166015625,2878100
2021-08-30,48.19148254394531,48.542999282110834,48.06593902734091,48.19148254394531,2605300
2021-08-31,48.241689326770576,48.40071151356287,47.973866182672076,48.38397216796875,6098400
2021-09-01,48.47603851296374,48.55136397914033,47.9655027896602,48.29191207885742,2444700
2021-09-02,48.300281524650664,48.861038498232354,48.300281524650664,48.47603988647461,2579400
2021-09-03,48.509513381840456,48.635056879802114,48.15799669587385,48.350494384765625,2270900
2021-09-07,48.191474667934386,48.325386240498375,47.42984880764101,47.5302848815918,3925200
2021-09-08,48.542997155808536,49.99928847527261,48.484411035347165,49.6979866027832,9179900
2021-09-09,49.388309439451426,49.79004736520156,48.91124924441497,48.919620513916016,5723500
2021-09-10,48.78570177872678,49.21254387224513,48.40070644846264,48.90287399291992,3640700
2021-09-13,48.668539596115096,49.21255401595908,48.3923451548419,49.070274353027344,6841400
2021-09-14,49.2125578354712,49.57244584843559,49.045167542256834,49.18745040893555,7179200
2021-09-15,49.145599365234375,49.58081281270926,49.05353455232761,49.145599365234375,2506100
2021-09-16,49.17070678958931,49.59754896714321,48.75223268925238,49.145599365234375,2533200
2021-09-17,48.96984342209973,49.53896851912067,48.79408504608853,49.312992095947266,6750500
2021-09-20,49.145596465066156,49.55569927128121,48.944727503968295,49.17070388793945,3643200
2021-09-21,48.66016523813005,48.94472773863916,48.09941150657896,48.551361083984375,7307700
2021-09-22,50.04112428502958,50.81111495251987,49.128850789944444,50.149925231933594,5660300
2021-09-23,50.3675355647814,50.75253091422394,49.923954105323844,50.451229095458984,5039800
2021-09-24,50.48470889818091,50.82785748985232,50.401015365657585,50.66883850097656,3154500
2021-09-27,50.69394858095717,50.986879152855856,49.8235217491671,49.92395782470703,4018900
2021-09-28,50.05787029028018,50.18341059788369,49.25439763518004,49.65613555908203,3270100
2021-09-29,49.49711690004941,51.26307814366801,49.49711690004941,50.86134338378906,4632100
2021-09-30,50.945037209652384,51.18775295947368,50.06624221801758,50.06624221801758,4064500
2021-10-01,50.89483155989917,50.95341769041828,50.133208670446066,50.735809326171875,4769200
2021-10-04,50.7106935223349,51.539273677094684,50.63536805372037,51.43046951293945,4943700
2021-10-05,51.41372970957742,51.69829223374358,51.1207991079523,51.505794525146484,4137000
2021-10-06,51.4806778753261,52.04980285697356,51.129161194563466,51.99958801269531,3099900
2021-10-07,52.06709525914276,52.12616625968499,51.594524035676784,51.746421813964844,3872200
2021-10-08,51.78018057423613,52.328697499318224,51.54389655845481,51.864566802978516,2559900
2021-10-11,51.88988233713553,52.4046434542037,51.75486244724209,52.05865478515625,2879800
2021-10-12,52.185245964949985,52.97005021063765,52.01647026990762,52.43840789794922,4557300
2021-10-13,52.328701086409644,52.615618790581344,51.61140843554464,52.20212173461914,3198600
2021-10-14,52.33713248639751,52.72531424792559,52.218990491074,52.62405014038086,2608500
2021-10-15,52.725320100132514,52.843462108569106,52.23587417673403,52.45528030395508,6426100
2021-10-18,52.38777051962635,52.514349859833814,51.89832139059852,51.915199279785156,3164200
2021-10-19,51.881441783257635,52.15148156304451,51.69578822748112,52.05865478515625,1945300
2021-10-20,52.13460278822619,53.07974522054271,52.13460278822619,52.91940689086914,2645900
2021-10-21,53.02911201977259,53.079745685238265,52.45527668767383,52.73375701904297,2267700
2021-10-22,52.74220238879896,53.223211017054524,52.700009270713636,52.894100189208984,2028900
2021-10-25,52.75907064058139,52.79282641653377,52.06709332919745,52.2274284362793,3888400
2021-10-26,52.294949404531124,52.59030444947682,52.227437840470074,52.39621353149414,2600000
2021-10-27,52.632487856955215,52.877212402832924,51.645155558185635,51.72954177856445,2593100
2021-10-28,51.90676311162167,52.44684595384509,51.82237687768627,52.35401916503906,2473300
2021-10-29,52.24430458493537,52.71687577515192,52.117722038892126,52.1514778137207,2470400
2021-11-01,52.168364806971724,52.64937341529014,52.168364806971724,52.56498718261719,1964300
2021-11-02,52.70844916604078,52.99536688973284,52.41309410597339,52.85190963745117,2147000
2021-11-03,52.902527906884046,53.383536447686694,52.83501957404703,53.28227233886719,2196400
2021-11-04,53.16413144311867,53.501682771678574,52.64936711567243,52.91940689086914,2627400
2021-11-05,52.995361390724945,53.09662551236495,52.66625058104862,52.86878204345703,2048400
2021-11-08,52.8772065603529,52.995348543480745,52.33712708369555,52.860328674316406,1911700
2021-11-09,53.071302680251314,53.383535555048546,52.76750713974464,53.307586669921875,1780800
2021-11-10,53.493247150006034,53.96581840973523,53.17257368022093,53.61138916015625,2447300
2021-11-11,53.38355009454909,53.96582611215109,52.92785987880558,53.07975769042969,2726800
2021-11-12,53.20633415725718,53.61139389315873,52.86034543164574,53.36667251586914,2903900
2021-11-15,53.35822991038921,53.86455697515764,53.164138995589624,53.754852294921875,1751100
2021-11-16,53.82236042192179,53.82236042192179,53.35822969543354,53.383544921875,2020100
2021-11-17,53.31603742036969,53.425742101896134,53.07975338550831,53.265403747558594,1925400
2021-11-18,53.071317134712345,53.41730587916085,52.84347041727619,53.07975769042969,1844100
2021-11-19,53.341351622422906,53.78860767584029,52.328700719555655,52.35401916503906,2656800
2021-11-22,52.32026275789625,53.52700455968123,52.21899863455951,53.06287384033203,1936600
2021-11-23,53.15570108175861,53.74641115553886,53.10506741009382,53.53544235229492,2026000
2021-11-24,53.59451803025337,53.73797850290814,53.071316253969115,53.41730499267578,1484500
2021-11-26,53.36667183659309,54.08396128707351,52.83502953162053,52.96160888671875,1704100
2021-11-29,53.09662401760187,53.62826627471993,52.62405598383319,53.60295104980469,3536300
2021-11-30,53.358235932253066,53.451062732226546,52.05866717088205,52.12617874145508,9085800
2021-12-01,52.286512981618884,52.79284009470569,51.82238220896925,51.83926010131836,3386500
2021-12-02,52.22742634664651,53.25695493810662,52.15991801657075,53.04598617553711,4692100
2021-12-03,53.32446853051568,54.21053677692382,53.24008230481135,54.20210266113281,4066800
2021-12-06,54.31181048820851,54.90252057575843,54.24429892441506,54.37932205200195,3516300
2021-12-07,54.2105447358268,54.868766406516045,53.87299656432429,54.4890251159668,2863800
2021-12-08,54.4805814761634,54.87720385483021,53.5776384784734,54.18522644042969,2484500
2021-12-09,54.21054383077461,54.311811177750464,53.737975754734954,53.98270034790039,2685700
2021-12-10,54.31180928351539,54.76750267162775,54.11771515147872,54.64936065673828,2784300
2021-12-13,54.598718977488105,55.83921646329077,54.227418293937866,55.636688232421875,4602000
2021-12-14,55.687332405263824,55.93205702874602,55.375102647025614,55.61982727050781,4487700
2021-12-15,55.771701848282454,56.868742045316424,55.729511956554084,56.82654571533203,4700700
2021-12-16,56.65777524389584,58.12611615522317,56.32866446098206,58.1092414855957,4705300
2021-12-17,58.050167093387735,58.80121539393287,57.07126891751649,57.08815002441406,6564800
2021-12-20,56.64090778362197,57.39195622363599,56.564955664990414,57.206302642822266,3891400
2021-12-21,54.42994360392629,55.34133025131302,53.92361983479679,54.90251159667969,6915200
2021-12-22,54.9278320636124,55.45947754447466,54.497460359803554,55.442596435546875,3885300
2021-12-23,55.69576507892244,55.88141865930664,55.552307835264486,55.68732452392578,2332100
2021-12-27,55.830791604370894,56.00800464054574,55.467924976510744,55.74639892578125,2503100
2021-12-28,55.729519042875104,56.47212690193259,55.729519042875104,56.44681167602539,1929100
2021-12-29,56.60714781338635,56.76747971728837,56.29491168346079,56.55651092529297,1871400
2021-12-30,56.69997489481978,56.851872683384784,56.26959675417618,56.58183288574219,1822900
2021-12-31,56.548087479638674,56.986899816958974,56.370874433513684,56.86031723022461,2017300
2022-01-03,56.70839632609238,56.80122308935448,55.6029221577503,56.759033203125,4013300
2022-01-04,56.76747883257105,57.940471220980506,56.750604162307305,57.29068374633789,4659000
2022-01-05,57.50165969101734,58.5311885381537,57.467903908032525,58.05862045288086,5202500
2022-01-06,58.18520184045553,58.78435899466761,57.68731848259164,57.797019958496094,4417200
2022-01-07,57.89053178244842,58.95328943584826,57.5589519135123,58.29863357543945,4973100
2022-01-10,58.315624926437096,58.995792303564386,58.256110767430215,58.46866226196289,4442100
2022-01-11,58.63021060917208,58.732237674125564,57.30389119756496,58.26462173461914,2891700
2022-01-12,58.035071250088926,58.20510987853596,57.609968192413476,58.09458541870117,2919200
2022-01-13,58.128596341313816,58.95329085144614,57.87353190375002,58.57920455932617,3010100
2022-01-14,58.61320816877941,59.47191162369752,58.485675961778874,59.429405212402344,3466600
2022-01-18,59.021298751541536,59.242354126984665,58.24761466732606,58.88526916503906,3332500
2022-01-19,58.80024810812945,59.36988455231548,58.47716568753211,58.791744232177734,2611700
2022-01-20,58.74924587377961,58.92778839359707,58.17960928866315,58.22212219238281,3801600
2022-01-21,58.85977672592335,59.386900406398574,58.47718005279047,58.68973159790039,8034300
2022-01-24,58.64722803395812,59.284882700309296,57.18487229461003,58.281639099121094,4706900
2022-01-25,57.99255629359554,58.38365031440393,57.337900462071374,58.10308074951172,3968500
2022-01-26,57.81401292405872,58.38364943580137,57.34639698960875,57.64397430419922,3680400
2022-01-27,57.96703881865748,58.774731833176,57.77148860657015,58.111572265625,2608600
2022-01-28,58.03506662155619,59.0043009968312,57.57595457749581,58.9872932434082,3473700
2022-01-31,58.51119067257795,58.70674095349268,57.83952699334361,58.39216232299805,3856800
2022-02-01,58.4261596103151,58.6047020988115,57.46542264187995,58.02656173706055,3577700
2022-02-02,57.91603356542341,58.706725384547234,57.81400651288727,58.46866226196289,2898500
2022-02-03,58.64722715783312,59.16584697775047,58.37516143038333,58.70674133300781,3600900
2022-02-04,58.49418392304998,58.60470838400388,57.23587600550414,57.74599838256836,2823000
2022-02-07,58.02656380475916,58.09458184657882,57.38040538058728,57.933040618896484,3149600
2022-02-08,58.19660102873182,58.46016931283025,57.890526334432394,58.17959976196289,2466000
2022-02-09,58.29012936656261,58.49418350517693,57.82251989366007,57.95854949951172,2655200
2022-02-10,57.78000117786808,58.13708615466743,56.836271963071766,57.031822204589844,4477200
2022-02-11,57.150854562661024,58.26462246788346,57.0403236192643,57.86502456665039,4301500
2022-02-14,58.04357450406339,58.22212351449375,56.640739461276446,57.49944305419922,3001300
2022-02-15,57.550450410805084,57.78850707030897,56.793767534571685,56.96380615234375,2688500
2022-02-16,56.92129656060086,57.49943697578464,56.300649731784034,56.759761810302734,3060600
2022-02-17,56.85328706463366,57.873531840660455,56.64923292018183,57.635475158691406,3177000
2022-02-18,57.397408447394305,58.13708351047138,57.38890457122188,57.9415397644043,2942400
2022-02-22,57.882045042739236,58.30714818232476,56.89580264535243,57.25288772583008,3654300
2022-02-23,57.38891094060396,57.52494702823307,56.972311773715724,57.05733108520508,2849700
2022-02-24,56.84478399237073,56.980813604041174,54.79578404706981,55.7395133972168,4956500
2022-02-25,55.91804918660111,57.84802055713556,55.858535022422714,57.80550765991211,3892500
2022-02-28,56.95529875961755,57.55044685819603,56.683233096042464,57.32939147949219,6353700
2022-03-01,56.878797626159425,57.414425211583854,56.47069578496079,56.8107795715332,3474400
2022-03-02,56.581208687575284,57.60995711087853,56.266630150245206,57.35489273071289,3108200
2022-03-03,57.507947708026066,58.48568614994148,57.32940518174634,58.043575286865234,3754300
2022-03-04,57.235878617744405,58.39215951802678,57.07433737112079,57.916046142578125,4240400
2022-03-07,57.482425539573626,58.04355810079914,56.75975177006716,57.5334358215332,4374100
2022-03-08,57.26988072510253,57.56745154881482,54.17513118537975,54.209136962890625,6768800
2022-03-09,54.82128862423518,55.59497275201376,54.42169074531946,54.506710052490234,3761200
2022-03-10,54.217646242726275,54.3536790961622,53.13788404964402,53.648006439208984,3560300
2022-03-11,53.63099358817922,54.20913065796738,52.88281143422049,52.942325592041016,3535500
2022-03-14,53.29091851446845,53.886063432085685,52.84881095404647,53.19739532470703,3156200
2022-03-15,53.699016826140365,53.97958639424161,53.35893309085623,53.80104064941406,3143200
2022-03-16,53.84355176178105,53.886061416461004,52.636257460542,53.265411376953125,3631300
2022-03-17,53.231404279219234,54.00509169815232,53.04435789993469,53.750030517578125,3712800
2022-03-18,53.77553261663967,53.80954163699755,52.4322055020115,53.06135940551758,7789800
2022-03-21,53.34192783095382,53.8520501524238,52.80629712311531,53.409942626953125,4519300
2022-03-22,53.418456297655176,53.7160271658585,52.59375525823564,53.290924072265625,5658200
2022-03-23,55.51845428967747,56.37715767773324,54.268650434190825,54.608734130859375,7668400
2022-03-24,54.82978998039423,56.666238283594986,54.77027581241409,56.419677734375,5427200
2022-03-25,56.657740251930605,57.677985090155744,56.53871190368962,57.29539489746094,4047200
2022-03-28,57.2613829807726,57.329401029636344,56.436681976334704,56.844783782958984,2807400
2022-03-29,57.11684254840682,57.53344169557628,56.86177813945396,57.52494430541992,2568300
2022-03-30,57.422928151359976,57.78001320247233,56.96381601997612,57.76301193237305,2966300
2022-03-31,57.69499423244792,58.16261024502655,57.558958124585544,57.575965881347656,3027300
2022-04-01,57.74599404820729,58.5791988412337,57.35490003892794,58.536685943603516,2380600
2022-04-04,58.34964586552612,58.426167792201845,57.48243844473628,58.23061752319336,2542000
2022-04-05,58.111587265326435,59.42940935186021,58.10308338785208,58.80025863647461,3335800
2022-04-06,58.87676839356339,59.56543321171033,58.587701452904234,59.28487014770508,3944800
2022-04-07,59.41333991167257,59.86726807053643,59.09644358645203,59.73879623413086,3256100
2022-04-08,59.90153006293839,60.321198646621326,59.39620922865342,60.098514556884766,4041000
2022-04-11,60.51818894204876,60.775126087695504,59.892962805711505,60.38971710205078,3154600
2022-04-12,60.19272567063314,60.749432617307804,59.78162362662818,60.321197509765625,3677300
2022-04-13,60.14990368488934,60.59526530388209,59.807314305630115,60.53531265258789,3104600
2022-04-14,60.809390620922144,61.01494166100874,60.423981603966055,60.74087142944336,6956500
2022-04-18,60.76656409123172,61.06633391838365,60.44110773538212,60.6723518371582,2860700
2022-04-19,60.72373915377218,61.49456364910762,60.65521996877589,61.42604446411133,3297400
2022-04-20,61.48600199992246,62.46237759343041,61.48600199992246,62.376731872558594,2944800
2022-04-21,62.40243703793181,63.20752134583699,62.18831942705072,62.68507385253906,2728600
2022-04-22,62.72787177288776,62.88203666081074,62.05125957224518,62.094085693359375,3399800
2022-04-25,62.094090436648656,62.419546765192294,61.16910103845203,61.8371467590332,3814300
2022-04-26,61.95705309976645,62.222563313558545,60.81795266368474,60.835079193115234,3812200
2022-04-27,61.32327260143489,61.92280573623214,61.04920236489467,61.11772155761719,5876100
2022-04-28,61.55452327556179,61.914239236018844,61.194800780754875,61.8971061706543,3216300
2022-04-29,61.640161479584975,61.81145290623464,60.50105454275236,60.57814025878906,2771500
2022-05-02,61.79433095566413,61.828590550402176,59.027929123300076,59.5075569152832,4443300
2022-05-03,59.43046837774844,60.295505134437875,59.07931898343245,59.65315246582031,3703500
2022-05-04,59.687409788351765,60.6894783450314,59.58463101291706,60.64665222167969,3012500
2022-05-05,60.6209536780646,60.99780261955576,60.26123779810399,60.59526062011719,3169600
2022-05-06,60.355452410190345,61.246182148750705,60.355452410190345,61.15196990966797,2759600
2022-05-09,60.9378614947378,63.1561163749271,60.76656351878615,62.950565338134766,6105900
2022-05-10,62.70219252383318,63.37023834051727,61.24619556615506,61.443180084228516,3472300
2022-05-11,61.15197466349514,62.188302839618565,60.93785710972544,61.494564056396484,2656600
2022-05-12,61.78576572532156,62.40242537490138,61.23762526666165,61.84571838378906,3218200
2022-05-13,61.99132292463257,62.650808767666625,61.62304040477404,62.60798263549805,3366700
2022-05-16,62.60796433260517,63.05333245329757,62.38528027225897,62.91629409790039,3379000
2022-05-17,62.61655055801214,62.66793669027421,60.638106053716925,62.44525909423828,4173700
2022-05-18,62.11978827052889,62.22256705634194,57.50341399094164,57.87169647216797,5645600
2022-05-19,56.7839792347727,57.135128633511705,55.71339144025851,56.63837432861328,4364700
2022-05-20,57.03234831490192,57.58049526251288,56.107365451490814,57.39207077026367,4804100
2022-05-23,58.04298732731047,58.685340029860534,57.666144851838816,57.79461669921875,3504800
2022-05-24,58.01729841409446,59.25918431512055,57.97447881813843,59.21635818481445,2345800
2022-05-25,59.20777701691961,59.533239844357965,58.84806113492311,59.319122314453125,2876500
2022-05-26,59.259181008424086,60.14991088741712,59.062189968098345,59.49042510986328,2635900
2022-05-27,59.439038819824844,59.89296702334714,59.20778818467407,59.858707427978516,2667700
2022-05-31,59.55893634102234,60.14133631736167,58.79667841330085,59.824440002441406,5974000
2022-06-01,59.78163797086096,59.87585023987383,58.2656816671818,59.19923782348633,3431100
2022-06-02,59.16496565354687,59.31913055787618,57.61475007824955,58.8223762512207,3350400
2022-06-03,58.805248114909105,59.13070444433484,58.06868320705423,58.573997497558594,2410600
2022-06-06,58.84806227759196,59.04505328404275,58.342748033691976,58.89944839477539,2154000
2022-06-07,58.299933951097344,59.336262245821985,58.239981290554596,59.233489990234375,2630600
2022-06-08,59.2077877265646,59.43047182756282,58.6853403363474,59.01080322265625,2630100
2022-06-09,59.18209567819956,59.516118568247194,58.14576741236589,58.18002700805664,3121100
2022-06-10,57.623317531500334,58.942282504215825,57.57193140735215,58.565433502197266,3362300
2022-06-13,57.93165273729945,58.37702096920292,57.19508772898609,57.434898376464844,3834400
2022-06-14,57.52910854522219,57.794618781868365,56.38144147846395,56.91244888305664,3042200
2022-06-15,56.95526804316255,57.520541509101015,56.38999457722407,56.81822967529297,2869500
2022-06-16,56.458512191412176,57.47771378747041,55.61917508176915,57.16938400268555,3859000
2022-06-17,57.212221186954636,57.64045635591582,56.261538589112796,56.72403335571289,5405700
2022-06-21,57.65757542621328,58.479786060096174,56.96383663326348,58.11150360107422,3915200
2022-06-22,58.07724548701256,58.616825925804086,57.674703424532986,58.15433120727539,4137500
2022-06-23,58.47123449195047,59.2334992007364,58.23142381249015,59.0793342590332,3461400
2022-06-24,59.31056231815646,60.586701107369784,58.94227986477083,60.492488861083984,4449000
2022-06-27,60.44110494243363,60.9035996589639,60.14990819555314,60.84364700317383,2875600
2022-06-28,60.92928956895357,61.417477322090015,60.02143324699611,60.17559814453125,3694900
2022-06-29,61.26331091627552,64.2352634857102,61.237617856377064,63.995452880859375,10605400
2022-06-30,63.37880243679535,64.86905893474528,63.29315671334532,64.62068176269531,8255000
2022-07-01,64.93756592254066,65.05747121970504,64.08109578031019,64.91187286376953,5353500
2022-07-05,64.76626571256163,65.16880113589272,63.42160803323853,64.36372375488281,6006800
2022-07-06,64.6720659451585,65.71696062356335,64.66349941363168,65.28015899658203,5939900
2022-07-07,65.30603567779781,65.72007763701635,64.87474498655811,65.1335220336914,4474200
2022-07-08,65.32329351485681,66.04785874526902,65.13352455042296,65.1594009399414,2939100
2022-07-11,65.37504325843416,65.8580867229472,65.20252303469833,65.34916687011719,2232800
2022-07-12,65.39228289378624,66.23761542006592,65.27152204445669,65.48716735839844,2371400
2022-07-13,65.30603387466618,66.36701184145014,65.28878514312127,65.92709350585938,3462200
2022-07-14,64.8229953011268,65.35779157194692,64.08117475033694,64.43482971191406,4554700
2022-07-15,64.91788439846712,65.09902572058539,64.40033682370432,64.62460327148438,3177100
2022-07-18,64.28819786460885,64.66773582888281,63.727518575833535,63.787899017333984,2671700
2022-07-19,64.06391360266747,64.60734406188409,63.95178039695889,64.15017700195312,3019900
2022-07-20,64.20194983127914,64.36584244394834,63.01158957240537,63.31349182128906,3585400
2022-07-21,63.04607891578065,63.49462498283141,62.68379626383745,63.05470657348633,3215500
2022-07-22,63.16684401428472,63.624011140939466,62.839058843495,63.511871337890625,2521500
2022-07-25,63.42560934484544,64.28819074560434,63.08057546834712,64.04666900634766,2436200
2022-07-26,63.13233439868349,64.28819030898282,62.649284342477,64.18468475341797,2954900
2022-07-27,64.03804480494625,64.03804480494625,62.24388039610074,63.67576217651367,3515500
2022-07-28,63.71025582381918,64.56420947457168,63.460106455220355,64.34856414794922,3087500
2022-07-29,63.960399709522996,64.59870797893515,63.73612674638858,64.512451171875,6688100
2022-08-01,64.53833979813888,65.67694697784324,64.52971214150452,65.29740905761719,3769900
2022-08-02,65.55618477449887,65.77183011915183,64.79711553047098,65.28015899658203,5521500
2022-08-03,65.07314152411776,65.38367134792537,64.76261170031015,65.21115112304688,4030900
2022-08-04,64.90923396713278,65.76318749492518,64.90923396713278,65.14212799072266,2622600
2022-08-05,65.3836689366673,65.72007513655709,64.7108499559143,65.70281982421875,2266000
2022-08-08,65.87533450358825,66.29799748670966,65.74594599582413,65.86670684814453,2382000
2022-08-09,66.02197808951925,67.03119670136819,65.98747404539961,66.44464111328125,2758500
2022-08-10,66.83280293842675,67.04844826639138,66.56539825668887,66.91905975341797,2681100
2022-08-11,67.01394938675507,67.48836519624096,66.35838569656744,66.38426208496094,2762600
2022-08-12,66.5999034960609,66.66028392573746,66.03922431707963,66.41876220703125,2409400
2022-08-15,66.2980148331856,66.59991704297751,65.76321193228665,66.10824584960938,5688300
2022-08-16,65.95297661293148,67.16059195428598,65.86671978447205,66.79830932617188,6201300
2022-08-17,66.82418899321125,67.21234803079841,66.50503147319048,66.53953552246094,2387800
2022-08-18,66.5136456936748,66.89318357800104,66.01334695178535,66.85005187988281,2575600
2022-08-19,67.03120488161304,67.59188415027688,66.79831078160078,67.25547790527344,2646200
2022-08-22,66.97944039326433,67.22096210839076,66.53952208015647,66.85005187988281,1742700
2022-08-23,66.87594645128564,67.2813608323339,66.54816783176628,67.16922760009766,2400400
2022-08-24,67.31585492696897,67.74714563774069,67.00532508873539,67.66950988769531,2488400
2022-08-25,67.47974468421116,67.5832502386494,66.55678286495255,67.1950912475586,3132500
2022-08-26,67.20371446045768,67.41073213661947,65.73732225346396,65.83220672607422,3846900
2022-08-29,65.56481307789946,67.01395007150522,65.36641646323271,66.60853576660156,2704100
2022-08-30,66.60854512410495,66.89319860127881,66.18588202770944,66.40152740478516,2475600
2022-08-31,66.66029702986074,67.16059587751454,66.15137710553932,66.24626159667969,4307200
2022-09-01,65.97883590376526,66.72928393691588,65.3405276414256,66.55677032470703,2695100
2022-09-02,66.96218402614382,67.62637531324549,65.9270890973537,66.17723846435547,3946500
2022-09-06,66.12549623151946,66.37563905741682,64.80574110265127,64.95238494873047,5333600
2022-09-07,65.05588609083244,65.89259108226818,64.59009135598244,65.7977066040039,4348600
2022-09-08,65.43542665032066,65.72870117247224,64.43482905032928,65.23703002929688,3620300
2022-09-09,65.43542969623181,65.96160491020711,64.73674082366345,65.47856140136719,2436100
2022-09-12,65.59068529016379,65.92709148324371,65.3577846451249,65.6855697631836,2513900
2022-09-13,65.29741053591488,65.58206398252881,63.88277754064881,64.13292694091797,3344800
2022-09-14,63.91728018550632,64.64185198091133,63.90865252886582,64.19330596923828,3604500
2022-09-15,64.3571883247313,64.86610810918256,63.64124429961294,64.75397491455078,4664700
2022-09-16,64.89199962021019,65.56481203854477,64.45208127707849,64.90924835205078,6718600
2022-09-19,64.96099990733101,65.47855398644981,64.81436265603499,65.4095458984375,2907400
2022-09-20,65.0817615625734,65.36641499335681,64.60734575890798,65.0472640991211,4802900
2022-09-21,67.26410939707492,69.9036067255619,66.45328066752415,68.76499938964844,14038700
2022-09-22,69.17041659227938,70.07612327108792,68.04905794502123,69.67933654785156,7096800
2022-09-23,69.08413877177333,69.47230433689872,67.54012391056601,68.29056549072266,4795400
2022-09-26,68.13529379489702,68.57521209250248,67.37622463396674,67.85064697265625,3561300
2022-09-27,68.14393576161454,69.11865044829447,67.1347170266042,67.25547790527344,4108400
2022-09-28,67.66088925952783,68.19568553260046,66.85006061199964,67.9627914428711,3953700
2022-09-29,68.10943879683677,68.21295095259347,66.91045096179869,67.03121185302734,3515500
2022-09-30,66.85004848912894,67.1950823136545,65.95296317775163,66.08235168457031,4101000
2022-10-03,66.47052573870366,67.90241413273954,66.0133586141661,67.69539642333984,4069100
2022-10-04,67.79890331656784,68.64423606639645,67.12609081209939,67.712646484375,4093500
2022-10-05,67.61776623619197,67.70402307379553,66.54816697176312,67.01396179199219,2795200
2022-10-06,66.87497646115538,67.05738566002071,64.82503504480624,65.12036895751953,5449200
2022-10-07,65.19853155120344,65.74576569143105,64.64261599357008,65.45043182373047,3755700
2022-10-10,65.78919037321151,66.66649727434627,65.63283871387102,66.37117004394531,3245800
2022-10-11,66.3972419261581,67.70017049377007,66.3972419261581,67.22242736816406,3173100
2022-10-12,67.6914702282856,67.95205854558232,67.17030022072835,67.19635772705078,3045600
2022-10-13,66.8141614077221,68.73380830132393,66.63175224158286,68.46453857421875,3396400
2022-10-14,68.69039964539105,68.86412081363235,67.3179798843564,67.5003890991211,2928700
2022-10-17,67.88257569943438,68.20396048587722,66.75336835653724,67.23979949951172,3490400
2022-10-18,67.55248409917053,68.1518332178983,67.38745102637444,67.9867935180664,2655100
2022-10-19,68.09103901076487,68.53403653116322,67.44826284285911,67.86519622802734,2282900
2022-10-20,67.63065858859282,67.89124687281988,66.50145152632275,66.59700012207031,3002800
2022-10-21,66.53619400135122,67.43955828406055,66.31035127391512,66.91838836669922,2907100
2022-10-24,67.46563003381243,68.1084128071067,67.00526306580198,67.42220306396484,3219100
2022-10-25,67.24848182235058,68.23002553997192,66.85760592064956,68.01287078857422,3389700
2022-10-26,68.3168721793093,68.79460855870956,67.54380195219342,68.06497192382812,3082000
2022-10-27,68.44716505011785,69.81957773680554,68.23001034707437,69.3765869140625,4727900
2022-10-28,69.48082904320643,70.95748525755727,69.45477153462416,70.8532485961914,2693800
2022-10-31,70.2973272415837,71.31360975541365,70.28863919708776,70.86193084716797,4106500
2022-11-01,70.6187084835427,70.97483873233575,69.60241948851751,69.74140167236328,8683500
2022-11-02,69.66322368553921,70.3146877722258,68.3255565926672,69.324462890625,4252700
2022-11-03,68.89016688817094,69.21155828579754,68.28213627324138,68.542724609375,3164800
2022-11-04,68.8641090083136,69.47214624699835,68.02154757000363,68.67301177978516,2856500
2022-11-07,68.52534612122763,69.28104696794071,68.43848555456825,68.78593444824219,2178400
2022-11-08,68.65563616771146,69.68060669771586,68.6122025734681,69.10731506347656,2869400
2022-11-09,69.23762346019153,70.33208531528338,69.20287790305747,69.78485107421875,3667700
2022-11-10,70.35812432710716,70.58396707557898,67.57854675759128,69.12468719482422,6696300
2022-11-11,68.6208980029455,68.6208980029455,65.81525583958711,67.10081481933594,6176900
2022-11-14,67.31795662277428,68.56008176489527,66.83153221815138,66.85758972167969,3980300
2022-11-15,67.07474904401398,67.4482554167487,66.45803045220289,67.2658462524414,3278100
2022-11-16,67.74358977224497,69.40265514079952,67.7001628011482,68.67301177978516,3954300
2022-11-17,68.43848345235875,69.30710234634422,68.36899235035122,69.28972625732422,2493500
2022-11-18,69.86301579579091,70.75769216921661,69.65454912310824,70.38418579101562,2981100
2022-11-21,70.79244111113685,71.27018416208792,70.08017387056024,71.20938110351562,3096600
2022-11-22,71.44390363824729,71.97376169083365,71.14857639689028,71.3744125366211,2718000
2022-11-23,71.58287403333452,72.06929841040589,71.57418599030535,71.90425872802734,2379300
2022-11-25,72.31251763211257,72.61653289735094,71.78265961539608,72.06930541992188,1319900
2022-11-28,72.09536421135952,72.78157389488062,71.93032450998325,72.03456115722656,2930900
2022-11-29,71.76529977925046,72.44282149751263,71.60026005868626,71.95639038085938,2936100
2022-11-30,71.91295781161274,74.37115083049038,71.60894252926867,74.09319305419922,15812000
2022-12-01,74.04107417310748,75.33532112292573,73.38960998937323,74.19742584228516,3802900
2022-12-02,74.13661822219227,75.2050223336774,74.13661822219227,75.15290069580078,3125800
2022-12-05,74.40589930593474,75.20502711580744,74.18874457757566,74.9618148803711,3119000
2022-12-06,74.45800014118818,75.28318530099965,73.67624194255698,74.16266632080078,3194800
2022-12-07,74.58830637712569,75.83043165335994,74.45801221838074,75.76094055175781,4279600
2022-12-08,75.65670965710352,76.24737081160069,75.35269434825278,76.04759216308594,2912800
2022-12-09,75.86516890524979,76.08232362269376,74.51012558905092,74.56224060058594,3100900
2022-12-12,74.81415136730693,75.54379476637388,74.45802102677908,75.43087005615234,3372200
2022-12-13,75.50903954475152,76.04758563637887,75.05736064280055,75.54378509521484,3818600
2022-12-14,75.73489258865268,76.73379913515015,75.7262045430986,75.85649871826172,4062800
2022-12-15,75.5785346058113,75.9259835016139,74.3624667840204,75.52641296386719,4681400
2022-12-16,75.01392832728648,75.70013804980881,74.48407027099753,75.50904083251953,8126400
2022-12-19,75.48298267936725,76.36897102907592,75.1615913051306,75.67407989501953,4570400
2022-12-20,72.68601780819236,73.44171851207162,71.6089324057142,72.2082748413086,8326500
2022-12-21,72.8684386115624,74.31903057652346,72.26908945303035,74.14530944824219,4221800
2022-12-22,74.15399049527147,74.25822051159014,73.32879864621349,73.98026275634766,2735800
2022-12-23,73.96288560890852,74.28427029520329,73.71967342672818,74.18872833251953,1477500
2022-12-27,74.32772511099067,74.77072264193549,73.99765228762136,74.64911651611328,2017400
2022-12-28,74.9618195124063,75.18765567238839,73.54596635471347,73.6241455078125,1707300
2022-12-29,73.92816985155103,74.04108794533553,73.17246887211984,73.29407501220703,2473100
2022-12-30,73.38961003161813,73.57201920792437,72.34726998785787,72.83369445800781,2477000
2023-01-03,72.58178044032432,72.74682012304577,71.76528332383462,72.28645324707031,3036500
2023-01-04,71.96506673799627,73.3374860417036,71.96506673799627,72.8684310913086,3445900
2023-01-05,73.0942790040829,73.74574315451673,72.7294606703286,73.32012176513672,2934100
2023-01-06,73.84128061080337,74.89230848623123,73.84128061080337,74.66646575927734,2290900
2023-01-09,74.50912986742202,75.05982340105639,74.0196304321289,74.0196304321289,3010700
2023-01-10,74.42173279405787,74.51788543781467,73.39028261742824,73.46895599365234,2470100
2023-01-11,73.70496152083497,74.03712094970786,73.01441375884367,73.38153839111328,3113000
2023-01-12,73.36404450596795,73.36404450596795,71.99169222351077,72.14028930664062,3928400
2023-01-13,71.95674257087259,72.52491546496559,71.95674257087259,72.1228256225586,3442800
2023-01-17,72.02666958113356,72.54239131045877,71.4584967138429,71.55464935302734,3880300
2023-01-18,71.17878823809929,71.19626750639061,68.25925693255057,68.53897857666016,6451600
2023-01-19,68.63511123471308,68.74874979780998,67.55995971679309,67.69981384277344,3865500
2023-01-20,67.69982179036009,67.96205747713668,67.01801700745757,67.70856475830078,3961800
2023-01-23,67.7085647700852,68.14561980216858,67.30647494084016,67.65612030029297,2750000
2023-01-24,67.61241027704051,68.18058313696798,66.64214759888462,67.31521606445312,3959400
2023-01-25,67.23653943765206,68.08442720264043,66.96556747236177,68.06694793701172,3287800
2023-01-26,67.80471461940289,67.80471461940289,67.01801426025207,67.13165283203125,3376000
2023-01-27,67.91833623622858,68.41657861007843,67.04422634042677,68.08441925048828,4273400
2023-01-30,68.32044187225489,68.86238581263657,68.16310180303081,68.36414337158203,3117600
2023-01-31,68.54769897824328,68.62637233963534,67.59492235746158,68.49525451660156,4144900
2023-02-01,68.13686402736646,68.37287743493201,67.46380233879474,68.17182922363281,4141600
2023-02-02,67.13164039899783,67.30645970468514,65.74180224374629,66.34494018554688,7882500
2023-02-03,66.87817672375704,66.90439896408245,65.26981040483572,65.97784423828125,5555700
2023-02-06,66.03901680409483,67.49003601615343,65.81174632427948,67.46381378173828,4531400
2023-02-07,66.7820043603492,66.96556665740192,65.92537363850651,66.70333099365234,3276700
2023-02-08,66.61591849797723,66.74703632428039,66.09145386169429,66.20508575439453,2415500
2023-02-09,66.53726502035282,66.72082734606774,65.61944672284723,65.75056457519531,3308700
2023-02-10,66.11767007154712,66.59843316789696,65.74180256047245,66.51101684570312,2466700
2023-02-13,66.58095009971139,67.0092687563113,66.26626999927973,66.95681762695312,2425700
2023-02-14,66.94808371326124,66.97431261595167,65.75930021290853,65.86418914794922,2863500
2023-02-15,65.81175140348246,65.9166470181691,65.06875913901219,65.65441131591797,2264100
2023-02-16,65.19113402168112,65.73307802523475,64.89393311453445,65.65441131591797,2649700
2023-02-17,65.82050181901741,67.28900724612564,65.53204384769057,67.10543823242188,3978700
2023-02-21,70.96898910450653,71.14380842725477,68.87112388687927,70.06865692138672,7926300
2023-02-22,70.33963650969152,71.30115622706647,69.87635925207006,70.17355346679688,4089900
2023-02-23,70.17355410337265,70.68053953549087,69.89383915270923,70.1910400390625,2991900
2023-02-24,70.19102605662367,70.56689357191499,69.98123488371981,70.48822021484375,2786500
2023-02-27,70.68927827445253,71.13506957391792,70.58438267338005,70.78543090820312,2672700
2023-02-28,70.5843905672245,70.75920991963292,69.47427367467635,69.50049591064453,3862900
2023-03-01,69.08965175135278,69.43929706768468,68.20679882812391,68.92356872558594,3584600
2023-03-02,69.04594389741435,69.43055441400732,68.63511114904091,69.01097869873047,2374500
2023-03-03,68.62637074029007,69.61411253545663,67.88337865232022,69.57914733886719,2540000
2023-03-06,69.41308407806876,69.41308407806876,68.78372375866073,69.15084838867188,2676900
2023-03-07,69.23825010989374,69.36062497250893,68.42532756884728,69.08965301513672,2287800
2023-03-08,69.36937589453024,69.50923003830127,68.82742524870727,69.20329284667969,2017000
2023-03-09,69.59663617299341,69.75397622974046,68.46903354446124,68.74000549316406,2251300
2023-03-10,68.8274295014246,69.43056762283865,68.37289516992067,68.63512420654297,2663900
2023-03-13,68.63511579842054,70.89906421682235,68.5127409292021,69.7452392578125,3946800
2023-03-14,69.79767830151836,70.12984435124156,69.36062332571808,70.06865692138672,2983100
2023-03-15,69.93754219376497,70.86409664945931,69.48300126419154,70.75920104980469,3315700
2023-03-16,70.9165392374562,71.0126918673617,69.71901285051852,70.33963012695312,2402000
2023-03-17,70.531939609167,70.86409901576991,69.2295108784517,69.7452392578125,8367800
2023-03-20,69.92880587821898,70.94277676453984,69.80643100144654,70.49697875976562,2849900
2023-03-21,70.76793575037672,70.79415797999478,70.00745774680696,70.5843734741211,2601400
2023-03-22,70.7067518548624,71.21373721588589,69.72774633036151,69.8151626586914,3516800
2023-03-23,70.80290817840431,72.83084305947303,70.80290817840431,71.80813598632812,6082900
2023-03-24,72.42002346894266,74.15950077312571,71.7731838352896,74.12454223632812,5328800
2023-03-27,74.29936125391009,75.44444339329476,74.03712554661797,74.19446563720703,4580900
2023-03-28,74.34307646948004,75.30459637240267,73.87979245352672,74.09832000732422,2806000
2023-03-29,74.14200686071068,74.68395743906642,73.99340976741192,74.32556915283203,2567300
2023-03-30,74.26439666748047,74.31684114180369,73.67000150573651,74.26439666748047,3209900
2023-03-31,74.51787660628173,74.77136930351311,74.16823127668913,74.7014389038086,3069900
2023-04-03,74.72766331060421,75.70666892816084,74.40424687318877,75.10353088378906,3380400
2023-04-04,75.29582945765603,75.61050956856558,74.70143443359683,75.2346420288086,4849100
2023-04-05,75.6017864633533,76.32729950238038,75.40948115961781,76.10002899169922,4624700
2023-04-06,76.29351616473856,76.66293880658888,76.02965051833438,76.43424987792969,3556200
2023-04-10,76.20556770373958,76.30232046249594,75.30841368956177,75.95049285888672,2390500
2023-04-11,76.27594019557034,77.00598135258808,76.14400399566111,76.57498931884766,2812700
2023-04-12,76.2407475965777,76.70691629773835,75.82735068481547,76.531005859375,2492800
2023-04-13,76.27593698852715,76.61016953176429,76.02086213557503,76.47823333740234,2083400
2023-04-14,76.53979989413614,76.74210294623674,75.90651826313517,76.13520050048828,3491400
2023-04-17,76.56618741737194,76.82125553359731,76.17917640977001,76.60136413574219,1672900
2023-04-18,76.59258460090837,76.97079812938865,76.27594040448052,76.94441223144531,1902200
2023-04-19,77.26984692286084,77.33141625464981,76.3726928438566,76.63655853271484,2198600
2023-04-20,76.89163100410515,77.04995309671666,76.60137271589176,77.02356719970703,1833300
2023-04-21,77.40177064774217,77.61286450691759,76.7684823596631,76.91800689697266,1749500
2023-04-24,76.93561445931375,77.38419485463638,76.76849482544664,77.06755065917969,2123900
2023-04-25,77.2346654851621,78.17580055857819,77.20827958664968,77.84156799316406,2473300
2023-04-26,77.26105069630448,77.6216758675767,77.0587543358063,77.29623413085938,2259200
2023-04-27,77.19066729464915,78.11420700904813,77.04993359880626,78.09661865234375,2203100
2023-04-28,78.09663582640069,78.62437388076123,77.656852996008,77.95590209960938,2383500
2023-05-01,78.22856752502004,78.95860188152596,78.13181477104581,78.60678100585938,2146200
2023-05-02,78.62437927653212,78.6331768126987,77.52492212509773,78.2813491821289,3320200
2023-05-03,78.55400077503411,78.96739767644101,78.01746522774681,78.1318130493164,3693500
2023-05-04,78.2021782009699,78.67713770440182,77.66564266538828,78.63316345214844,2123000
2023-05-05,78.36050889302989,79.11693596953212,78.24616776213689,78.9937973022461,2541500
2023-05-08,78.65956637092228,79.49515116067326,78.4044914946536,79.04657745361328,2229200
2023-05-09,79.18728871557708,79.45995190014142,78.76510099177118,78.80027770996094,2191700
2023-05-10,78.76510359589003,79.10813364928084,78.07024595399362,78.7826919555664,2470800
2023-05-11,78.83547197049126,79.45117199225368,78.29014552643613,79.38960266113281,1822600
2023-05-12,79.2048789206401,79.73261689826144,79.13451206747659,79.69743347167969,2145000
2023-05-15,79.80298848281942,79.94371548693744,78.73870821964121,79.41597747802734,2629700
2023-05-16,79.2488689268258,79.671063419193,78.48365105583136,79.38960266113281,2191200
2023-05-17,79.38959393263251,79.51273258133574,77.98229029705772,79.02896881103516,2772700
2023-05-18,78.5276281967033,78.5276281967033,77.4369685580141,77.84156799316406,3395500
2023-05-19,77.62168055376712,77.89434379983638,76.49583742225671,77.07634735107422,4147400
2023-05-22,77.0939414660507,77.0939414660507,74.96539390259703,75.3787841796875,3156200
2023-05-23,75.46673379354792,75.4843221535174,74.21774549801181,75.17647552490234,3018200
2023-05-24,75.37877759917012,75.48432789868015,74.46403517896466,74.82465362548828,2287000
2023-05-25,74.25294313255603,74.6223591575607,73.56688288310319,74.33210754394531,2490200
2023-05-26,74.20016169126285,74.6839255020245,73.57567086045015,74.04183959960938,2364000
2023-05-30,73.31179141908073,73.76037175404285,72.39704238979951,73.24142456054688,4495800
2023-05-31,73.2766176185193,74.1473925085533,73.08311208740064,74.02425384521484,8562500
2023-06-01,74.11220777711641,74.74549615494311,73.72519672165481,73.7867660522461,2608800
2023-06-02,73.55807593724712,74.42005326255587,73.17986242367598,74.40245819091797,3403500
2023-06-05,74.36728632880963,75.50192023312013,74.36728632880963,74.97418212890625,2552800
2023-06-06,75.1412869752082,75.44913358285038,73.12708101298834,73.69000244140625,2754800
2023-06-07,71.48229016906916,72.2651096918403,70.45320007353064,71.6845932006836,5185400
2023-06-08,71.58784379046334,72.72248422200106,71.46470514306107,72.69609832763672,2877400
2023-06-09,72.47620747703353,72.85442095708207,72.21233511028225,72.38825225830078,2708800
2023-06-12,72.60815420298357,72.68731189817069,71.34157739555762,71.75497436523438,3854900
2023-06-13,71.13048577709533,71.28001034649827,70.41803294481187,71.0073471069336,5473500
2023-06-14,70.99853526505827,71.3503628420121,70.63791015327854,70.93696594238281,3623500
2023-06-15,71.13927065064163,71.62303446476595,70.82262646513365,70.98974609375,3518700
2023-06-16,70.89299333092514,71.7461731246242,70.79624056810027,70.98974609375,5349000
2023-06-20,71.24481340245454,71.7637538839502,70.91937171555784,70.92816925048828,3486600
2023-06-21,71.05131769691944,71.58785332227664,70.60273730133883,71.57905578613281,4784000
2023-06-22,71.89569420238922,72.04522546259852,71.37675369103505,71.5086898803711,2584600
2023-06-23,71.71099125798177,72.15077411295339,71.4295304992221,71.52628326416016,3925900
2023-06-26,71.44711208504509,72.10678624298306,70.65550175340901,72.00123596191406,3545200
2023-06-27,72.47621655893317,72.64332948230017,71.13927290867385,71.15686798095703,5391900
2023-06-28,69.3713376692098,69.3801284931531,67.09325939455273,67.48027038574219,11772300
2023-06-29,67.49785938686074,67.60340967015902,66.92614042912888,67.11085510253906,5836700
2023-06-30,67.26918581958911,67.76174045052642,67.20761649072195,67.46268463134766,4126000
2023-07-03,67.11086395597378,67.95524620209507,66.67108111670936,67.83210754394531,2756200
2023-07-05,67.52424794460748,68.03439760151775,67.21640132769713,67.99921417236328,4786500
2023-07-06,67.36593148557196,67.66498730304329,67.12845170716979,67.22520446777344,4261900
2023-07-07,66.93268418048655,67.30497399644605,66.59584474082604,66.63130187988281,4264600
2023-07-10,66.69336041085353,67.00360197173278,66.19697391344674,66.29447937011719,2961700
2023-07-11,66.39196757388555,66.58697843655008,66.09058530537934,66.55152130126953,3186200
2023-07-12,66.49834286164811,66.7997251783979,66.13491900167242,66.43629455566406,3783300
2023-07-13,66.400850803601,66.79086586752398,66.12605962445754,66.29447937011719,4286900
2023-07-14,66.64017447823471,66.64017447823471,66.15264722119932,66.48948669433594,2594200
2023-07-17,66.20583513362259,66.4628943406706,65.8512704769095,65.8689956665039,2814500
2023-07-18,66.09946370778115,66.64017328764798,65.62080243563226,65.8689956665039,3335800
2023-07-19,65.93991636137,66.7110940574914,65.93991636137,66.6667709350586,3410600
2023-07-20,66.8085920666895,67.76590783455147,66.51607572187362,67.6861343383789,3523800
2023-07-21,67.55316991925802,68.30661555688054,67.50885356572614,68.25343322753906,3548800
2023-07-24,68.44843782947179,68.81186165117575,68.19137865667756,68.47502899169922,2731500
2023-07-25,68.60799841784876,68.60799841784876,67.90773510397173,68.17366027832031,2308200
2023-07-26,68.067282159212,68.32434133238931,67.10995974105326,67.13655090332031,3466300
2023-07-27,67.06564635525457,67.49998447124459,66.44515656965397,66.4806137084961,3160600
2023-07-28,66.83519261121694,67.12770899708232,66.65790687913525,66.87950897216797,2935900
2023-07-31,66.84404357412029,66.84404357412029,65.90444631203603,66.2501449584961,3378000
2023-08-01,66.37425304360794,66.65790343753434,65.32829094798704,65.89559173583984,3261400
2023-08-02,65.86014475442485,67.2606648426946,65.83354682254321,66.87950897216797,4355600
2023-08-03,66.83518891618765,67.16315566757831,65.98423773751855,66.05514526367188,3571600
2023-08-04,66.13492178065894,66.43629734731437,65.16873324658445,65.23078155517578,2077600
2023-08-07,65.2041790100489,65.5676095846307,64.96485179375051,65.11553955078125,2500400
2023-08-08,65.15100235232535,65.24850779482566,63.11226079810183,63.25408935546875,4772200
2023-08-09,63.36046840248983,64.3355161821368,63.14772554082388,63.963226318359375,3546700
2023-08-10,64.24687224744068,64.60143013343627,63.98981304616314,64.1582260131836,3804500
2023-08-11,64.27346140570671,64.45074034316906,64.07845051684335,64.415283203125,2480800
2023-08-14,64.64574735316673,64.68120449108329,63.79479633144177,64.06071472167969,2431900
2023-08-15,63.78594903961585,63.910045677293816,63.28956248890398,63.55548095703125,2633200
2023-08-16,63.46683432863321,63.74162550637577,63.09454445747608,63.236366271972656,2707300
2023-08-17,63.289543318616815,63.289543318616815,62.279038567742255,62.30562973022461,5586500
2023-08-18,62.41201549542658,62.899536032816115,62.12835832969718,62.2347297668457,5246500
2023-08-21,61.71174462653189,62.01312018456276,60.44418056207624,60.94056701660156,4741100
2023-08-22,60.7721437691516,61.002611793742474,60.46190225302417,60.66577911376953,3595700
2023-08-23,60.80759970333696,60.931696307328366,60.1693847326625,60.39985275268555,4313100
2023-08-24,60.50622040857848,60.98488160683809,60.08074153365084,60.28461837768555,3797700
2023-08-25,60.586001111016266,61.06466236629745,60.187120112994336,60.60373306274414,2698000
2023-08-28,60.75441680060425,61.17102972266392,60.453034506084585,60.763282775878906,3333900
2023-08-29,61.12671506096306,61.18876337094974,60.30235507813514,60.71010208129883,3230000
2023-08-30,60.93170713664518,61.135584029584535,60.435320632457426,60.52396011352539,2543700
2023-08-31,60.68349911720432,60.84305284940278,59.95664472891293,59.9743766784668,5681900
2023-09-01,60.16053999885302,60.26690467772566,58.423180362086676,58.72455596923828,4404600
2023-09-05,58.201564436119995,59.06137469135075,57.997687578787136,58.59157943725586,3952300
2023-09-06,59.274118771329995,59.38934940274248,58.35225343175648,58.38771057128906,4262700
2023-09-07,58.37884743647682,58.83091753406798,57.35061062827074,57.607669830322266,5309100
2023-09-08,57.687453429567704,58.63591003417969,57.5367656425636,58.63591003417969,4631300
2023-09-11,58.31679419052714,58.804314625325034,57.97996152124364,58.405433654785156,3776700
2023-09-12,58.56499504514145,58.892968544768436,57.660861571202226,58.05087661743164,3233700
2023-09-13,58.24588878273973,58.3345282604943,57.731770343901104,57.847007751464844,3042800
2023-09-14,57.92678153265623,59.02592594019562,57.92678153265623,58.82205581665039,3693600
2023-09-15,58.7600054789595,59.15888649840496,58.29021017430999,58.3699836730957,7635700
2023-09-18,58.51180594705457,58.60044541264191,57.77608553343991,58.59157943725586,4126700
2023-09-19,58.80432677245234,58.89297301777951,58.1306612947272,58.39657974243164,5740200
2023-09-20,58.96387049110937,59.087973860852344,57.19992006660012,58.38771057128906,6780900
2023-09-21,58.245885185652845,58.96387370271035,58.02428312357255,58.042015075683594,6014500
2023-09-22,57.75836397618706,58.121787836767766,57.17333129357079,57.45698165893555,6619900
2023-09-25,57.18220819779871,57.51904095768067,56.80105231248726,57.42153549194336,4420400
2023-09-26,57.19106027559847,58.201571954657865,57.17333508529433,57.81155014038086,5379300
2023-09-27,57.705172954984114,57.85586072719534,56.46420349332685,56.77444839477539,4865300
2023-09-28,56.93400814946427,57.12015308114526,56.40216114003088,56.82763671875,5249100
2023-09-29,57.084698801283054,57.27970971932947,56.508532024171075,56.72127151489258,5329800
2023-10-02,56.47307065302253,56.70353869917353,55.19664394834516,55.471431732177734,6006100
2023-10-03,55.16118591662321,56.012137039360134,55.16118591662321,55.79053497314453,7922200
2023-10-04,55.92349900771285,56.11850991305332,55.320741101550716,55.9323616027832,5443400
2023-10-05,55.8259850719587,56.18054968572154,55.17004493228984,55.27641296386719,5095800
2023-10-06,54.98111302281301,56.05496359327762,53.98780474415204,55.92073440551758,5714200
2023-10-09,56.01915680073128,57.26303554443366,55.88492763927357,57.23618698120117,5511200
2023-10-10,57.81786240771111,57.86260887945214,56.38606065391107,56.609779357910156,6688200
2023-10-11,56.68137224296721,56.90509095194424,56.0997022341563,56.135498046875,4108100
2023-10-12,55.99231612173481,56.3592146542285,54.59631020085135,55.0616455078125,5139100
2023-10-13,55.21377431143815,56.43080455187331,55.043745919400784,56.412906646728516,4564200
2023-10-16,56.69032001176715,56.94983453585457,56.26973115631426,56.600833892822266,3496500
2023-10-17,56.35026753668671,56.98562782865511,56.037059306878334,56.359214782714844,3931300
2023-10-18,56.46659034923662,57.21828520908562,56.403949395388864,56.55607986450195,3953600
2023-10-19,56.36816191313098,56.78875072364925,56.14444322599368,56.251827239990234,3396900
2023-10-20,56.529236425139985,57.155649434052116,56.43080306994312,56.591880798339844,3973700
2023-10-23,56.35026557946314,57.09300986635369,56.31446976924095,56.58293151855469,3759000
2023-10-24,56.56503510060146,57.263039763580124,56.547137195019815,56.95878219604492,3171000
2023-10-25,56.976683652230086,58.811179941301454,56.931940589645215,58.748538970947266,5299900
2023-10-26,58.74852658900301,59.22280909706034,58.363730187255165,58.8380126953125,6793700
2023-10-27,58.51586107529522,59.070685894440864,58.09526883806335,58.435325622558594,5292900
2023-10-30,58.39058196108973,58.632195158272694,57.41517168515272,58.01473617553711,4952800
2023-10-31,58.33689411210729,58.50691569233563,57.99683729694392,58.38163375854492,3216800
2023-11-01,58.56060480145936,58.86485893401358,58.24739318255043,58.256343841552734,5220800
2023-11-02,58.12211895203129,59.47338189126972,58.05947798543631,59.27650833129883,3710300
2023-11-03,59.50917012865638,59.65235336398984,58.80221826574043,58.829063415527344,3164900
2023-11-06,58.793275119857576,58.96330352670579,58.32794320026418,58.363739013671875,3945800
2023-11-07,58.336886117868644,58.78432348505008,58.175808392589225,58.256343841552734,3345800
2023-11-08,58.27424926577689,58.775376967578644,58.18475632415267,58.42637634277344,3700800
2023-11-09,58.56060072607476,58.802213883503185,58.318980741294396,58.641136169433594,3566400
2023-11-10,58.560610311086776,58.70378673183222,58.211609678038,58.41742706298828,3157300
2023-11-13,58.256350017304364,58.69483677196745,58.229504864804014,58.3100471496582,3414500
2023-11-14,58.30109405517578,58.64114401823571,58.21160794146031,58.30109405517578,4656000
2023-11-15,58.18474971938402,58.49796132480918,57.84469979281216,57.88944625854492,7324800
2023-11-16,57.62994299743136,58.3189936433432,57.54045687589589,58.18476104736328,9404700
2023-11-17,58.40848011722554,58.46217725235349,57.07511846444941,57.95209884643555,4623200
2023-11-20,57.75522288368742,57.844709002047594,57.03932369577626,57.38832092285156,3165000
2023-11-21,57.61203917556532,57.91630016840095,57.039323243454625,57.86260986328125,2910700
2023-11-22,58.18476288223432,58.426382928088394,57.81786772416276,58.050537109375,2747600
2023-11-24,58.175807201973015,58.336884923955836,57.835750440369125,58.32793426513672,1262500
2023-11-27,58.059478080957476,58.26530230145294,56.752961613145935,56.89614486694336,4389000
2023-11-28,56.82454801069126,57.08406251380193,56.493445300946526,56.75295639038086,4572500
2023-11-29,56.69031140618351,56.797698829027915,55.99231022607541,56.01020812988281,4511000
2023-11-30,56.01916292819587,57.084066159425916,55.840190693342656,56.96773147583008,6840100
2023-12-01,56.88719319815205,57.415172902977496,56.66347448857503,57.38832092285156,3349200
2023-12-04,57.32567429295938,58.363732279956615,57.32567429295938,58.12211227416992,3381800
2023-12-05,58.29214093699124,58.551655434967465,57.52254810226244,57.7373161315918,2986200
2023-12-06,57.737317889297536,59.276503605612795,57.67467692769646,58.96329879760742,3568200
2023-12-07,59.124376427546096,59.670250589405434,58.336889079179024,59.410736083984375,3658200
2023-12-08,59.44654250150659,59.527077968928204,58.578512717852526,58.58746337890625,2452600
2023-12-11,58.52480480580997,59.18701015020421,58.515854147448024,59.13331985473633,3429200
2023-12-12,59.35705047915171,59.73289627784075,58.972254020297704,59.72394561767578,3841500
2023-12-13,59.723944408620056,60.905178914410676,59.60761313824369,60.70830535888672,4380900
2023-12-14,60.914125800005195,61.06625287353731,59.321249789250786,59.34809494018555,6086300
2023-12-15,58.76642996664013,59.06174030673862,58.10422448698108,58.363739013671875,11833600
2023-12-18,58.453220412617604,59.607609699208076,58.23845237687021,59.365989685058594,5446000
2023-12-19,59.62550996505111,59.80448903496728,59.21386834527404,59.69710159301758,4827900
2023-12-20,57.22724929342181,58.61430467552718,57.182506232130045,57.56730270385742,7992600
2023-12-21,57.62993974691016,58.35478616602312,56.91403716029888,57.45991134643555,4637800
2023-12-22,57.58519504323828,58.184759552207844,57.42411729767224,57.72837829589844,3211100
2023-12-26,57.549391128595595,58.00577914801054,57.39726406457471,57.89839172363281,3140200
2023-12-27,57.83575969146903,58.00578809946781,57.504660363075644,57.93419647216797,2580900
2023-12-28,57.8536625881842,58.247402894354,57.8536625881842,58.14002227783203,2370500
2023-12-29,58.07737293127667,58.58745126823665,57.91629520237602,58.29214096069336,3808700
2024-01-02,58.16686765977953,59.89397646492558,58.16686765977953,59.7328987121582,5264000
2024-01-03,60.06399695160356,60.56512463747799,59.63445405845928,59.714996337890625,5477700
2024-01-04,59.71499432261012,59.82237492175777,58.79326760669397,58.829063415527344,3888000
2024-01-05,58.79327351712924,58.972252579288664,57.55834871131827,58.15791320800781,4016200
2024-01-08,58.095275176030725,58.292148740668694,57.737323860993826,57.84471130371094,4030900
2024-01-09,57.835677714017166,58.45883134069647,57.40218148617865,58.14273452758789,4779100
2024-01-10,57.83568063969345,58.070493261518656,56.84224871949488,57.03190612792969,4566000
2024-01-11,56.95965222277797,57.284775255358156,56.55324843205273,56.95062255859375,5727100
2024-01-12,57.275742034789765,57.4292738865974,56.96868522141805,57.24864959716797,4299600
2024-01-16,57.42927667681631,57.7453666148338,56.661627715847004,56.7429084777832,4101700
2024-01-17,56.6164697524269,57.501525034861956,56.499066885506096,56.977718353271484,4829300
2024-01-18,56.64356327642955,57.194465819456035,56.345532676383684,57.1764030456543,3860600
2024-01-19,57.28477807901349,57.293807743642795,56.580347103781776,57.03190612792969,3765900
2024-01-22,56.923532829347266,57.30284422340242,56.43585167287944,57.05900192260742,4328400
2024-01-23,57.248653265975705,58.65751523454493,57.248653265975705,58.47689437866211,4433600
2024-01-24,58.38658896167674,58.41368140335994,57.438312161297254,57.47443771362305,3491500
2024-01-25,57.67311557010895,58.32336162734904,57.42024363456969,58.22401809692383,3071100
2024-01-26,58.50398593551458,58.5942963620937,58.151770448685284,58.26014709472656,2821300
2024-01-29,58.35045654050178,58.48592562321533,57.93502307302567,58.034366607666016,3226500
2024-01-30,58.14273886551948,59.05489004547852,58.07049465650571,59.01876449584961,3020900
2024-01-31,59.1000465684354,59.533539367822264,58.54011090479656,58.621395111083984,4579600
2024-02-01,58.37754630724237,59.13616900157224,57.73633336133786,58.54914093017578,3855500
2024-02-02,58.69362903246195,59.00069269427698,58.15175968305951,58.52204132080078,4384300
2024-02-05,58.29626424162064,58.476885068747414,57.36605044533482,57.37508010864258,3259500
2024-02-06,57.40218066975859,59.009726143981055,57.3208999128748,58.54914093017578,4652300
2024-02-07,58.711703409413865,58.84717248815512,57.465399598408425,57.53764724731445,3651200
2024-02-08,57.34798922094899,58.404635557660896,57.09511730005141,57.85373306274414,4001700
2024-02-09,57.61892836011554,57.727301556702386,56.07459738954619,56.300376892089844,4260400
2024-02-12,56.128788892160394,56.99578140424579,55.984290140146165,56.96868896484375,3399100
2024-02-13,57.131240943102874,57.54667782524482,56.34552927828243,56.833213806152344,3866000
2024-02-14,56.64356224013499,56.851278967372004,55.523694400768285,56.32746887207031,4176900
2024-02-15,56.589371358734184,57.28477260285952,56.4900278316989,57.1583366394043,3097500
2024-02-16,56.986744066185004,58.24207752712852,56.616465826301514,57.889862060546875,5854900
2024-02-20,58.42271287208953,59.60579539397043,58.02533869791819,59.407108306884766,5978400
2024-02-21,59.74125508721814,60.075404326327025,58.802011571688475,59.253570556640625,3738600
2024-02-22,58.6846109011105,58.86523174571916,57.537647178090545,58.76588821411133,3113500
2024-02-23,58.711708116868536,59.42517222455007,58.41367749779065,58.99167251586914,2248900
2024-02-26,58.9555429931139,59.20841493520241,58.69363794159547,58.70267105102539,3641500
2024-02-27,58.59429179694361,58.68460910672989,57.71826970298781,57.98920440673828,3119900
2024-02-28,58.1969315861141,58.260149576436774,57.70021388340439,58.07049560546875,2554100
2024-02-29,58.16983259456282,58.40463830917651,57.83567646035247,57.96211242675781,4187500
2024-03-01,57.98017814312685,58.15177278368804,57.2847802512766,57.74536895751953,3382500
2024-03-04,57.54668086759539,58.16983450119209,57.32993102870919,58.13370895385742,2996900
2024-03-05,58.3052954089571,58.87426415416392,58.07951591076227,58.22401809692383,4031600
2024-03-06,58.52205108721417,58.955543882982234,58.32336401821891,58.91941833496094,4287200
2024-03-07,58.9194178593021,59.018761392997725,57.4744304013344,58.052425384521484,3963800
2024-03-08,57.86276833232042,59.07295000069453,57.62795917487815,58.93748092651367,4421200
2024-03-11,59.15423437182641,60.02122690372923,59.1271419318051,59.298736572265625,3350700
2024-03-12,59.036822997707546,59.7231876801941,58.964571907895326,59.35291290283203,3080400
2024-03-13,59.723191587603054,59.930911761842545,59.39806855241997,59.63288116455078,4530200
2024-03-14,59.32582256319754,59.70513046275109,58.86523046217199,59.19938659667969,4996100
2024-03-15,58.98263479080463,60.3734373474356,58.8652319304649,60.29216003417969,7997000
2024-03-18,60.247005074970474,61.547497288821596,60.18378708625515,61.177215576171875,7284600
2024-03-19,61.50233231298319,62.14354524416622,61.25849349305179,61.98098373413086,6426000
2024-03-20,66.79460705602862,67.23713295075447,61.935834652663225,62.70348358154297,8887600
2024-03-21,62.73056844515289,62.73056844515289,61.53845309394118,62.098388671875,5036700
2024-03-22,62.26998364955782,63.00151391851417,62.10742213315014,62.405452728271484,5731700
2024-03-25,62.67639434947177,62.89314075324585,62.044207577285114,62.44158172607422,3955300
2024-03-26,62.52286711594556,62.568018885369995,61.719085693359375,61.719085693359375,5288900
2024-03-27,61.83650012998162,62.96539780464831,61.83650012998162,62.91121292114258,5332200
2024-03-28,63.09183001282876,63.81432723742468,63.055704462574546,63.1911735534668,5995300
2024-04-01,63.36276216959386,63.47113191980768,62.85701140436972,63.335662841796875,3204300
2024-04-02,63.45307157668978,63.76916149349731,63.136981659882245,63.724002838134766,3797000
2024-04-03,63.525322222557506,63.642731982312085,62.288054866946545,62.306114196777344,4382900
2024-04-04,62.658325315084404,63.6969124089721,62.24289185557805,63.56144332885742,4332100
2024-04-05,63.38986266807505,63.69691951971894,62.72155030230116,63.02861404418945,3630000
2024-04-08,63.02860395716977,63.651757561387576,62.82991690131811,63.218257904052734,4021100
2024-04-09,63.22735747358382,63.94688601878696,62.97233610542294,63.91956329345703,4424900
2024-04-10,63.71009433928959,63.9651227237302,62.21639140305945,62.708221435546875,4435000
2024-04-11,62.89037873672927,63.09074773985125,61.014136872190896,61.02324676513672,4935200
2024-04-12,61.1689781360688,61.1689781360688,60.212640878570774,60.29460906982422,3371900
2024-04-15,60.50409056048147,61.478640585137846,60.38568975426016,61.314697265625,4510300
2024-04-16,61.48775022939085,61.94314756522053,61.305587125771844,61.788307189941406,4205200
2024-04-17,62.13441682393001,62.6626794285114,62.00690611921205,62.3985481262207,3664800
2024-04-18,62.8448315901342,63.08164014759041,62.453189608069295,62.92679977416992,3620400
2024-04-19,63.03609995930925,64.34764654273492,62.917699150621345,64.1381607055664,3992200
2024-04-22,64.31121572541862,65.01252460223559,64.1199496681049,64.82125854492188,3637500
2024-04-23,64.73017056899114,65.16735502518107,64.3385286213583,64.50247192382812,3690600
2024-04-24,63.90135076682394,65.45880865742049,63.71007779097227,65.22200012207031,4446100
2024-04-25,65.44970432738907,65.86866903395585,64.766608337567,65.01251983642578,2875200
2024-04-26,64.67552472236596,65.69561019922065,64.49336163806252,64.51158142089844,4170400
2024-04-29,64.5480226433685,64.83947666829981,63.68276351239497,63.96511459350586,4179100
2024-04-30,63.82850677088801,64.23836168680252,63.60080805119919,64.17460632324219,3121600
2024-05-01,64.04710025444817,64.18372088596097,63.26381604584304,63.74653625488281,3396800
2024-05-02,64.11993473488062,64.5388993745852,64.05617939729102,64.3476333618164,3071000
2024-05-03,64.23834854034384,64.27478116189567,63.236475768510196,63.67366027832031,3444200
2024-05-06,63.77383639618149,63.955999489929,62.71731824769195,62.97233963012695,3602100
2024-05-07,63.37309636212661,63.81027392312468,63.19093325436737,63.67366027832031,2453800
2024-05-08,63.828496492279484,64.00154276618336,63.29112398696651,63.32755661010742,2494500
2024-05-09,63.23647798119425,64.00154221411698,62.70821537342629,63.99243927001953,2397400
2024-05-10,63.974223709602484,64.53891897749438,63.710092388273026,64.3931884765625,2398700
2024-05-13,64.43871945839075,64.80303869668106,64.11994273069104,64.33853149414062,2897000
2024-05-14,64.37497460129734,64.66642864965314,64.09263044630623,64.5298080444336,3237300
2024-05-15,64.65731786547575,64.67553765195407,63.43685622630468,63.600799560546875,3847200
2024-05-16,63.6827671741376,65.11271465193036,63.61901181966834,65.03074645996094,2481000
2024-05-17,65.07628346264354,65.14003881851822,64.47516252851273,64.88501739501953,2753000
2024-05-20,64.90323388663005,65.06717721467197,64.15638249195288,65.05806732177734,2280200
2024-05-21,65.27665698464853,65.30397971488641,64.1928159752754,64.32942962646484,2541100
2024-05-22,64.10172458299587,64.16547993016303,63.45506121921128,64.07440185546875,3409900
2024-05-23,63.76473614313535,63.76473614313535,62.708211001262846,62.92679977416992,3083400
2024-05-24,63.10896011970141,63.22736091885317,62.116190369480485,62.207275390625,3195900
2024-05-28,61.67902367058401,61.92493520393437,60.23085635565901,60.73179626464844,6350900
2024-05-29,60.66803657596562,61.26005453100414,59.95761780944429,60.558738708496094,6099800
2024-05-30,60.722676794007,61.433095499208434,60.65892144735589,60.704463958740234,3679500
2024-05-31,60.70447035893417,62.67178336930885,60.70447035893417,62.61713790893555,7500900
2024-06-03,62.56249002953888,63.03610021502383,61.63347554623967,61.70634078979492,4232600
2024-06-04,61.797407448825425,62.17993948357519,61.16896394853961,62.06153869628906,2512000
2024-06-05,61.75188113625763,62.034225259106684,60.81375679324632,61.44220733642578,3294200
2024-06-06,61.44221146868,61.760988233466726,60.84109056205536,61.378456115722656,2805100
2024-06-07,61.296483803243376,61.96136001810956,61.26005118274482,61.44220733642578,3373900
2024-06-10,61.26006520805837,61.44222140344347,60.22175960697378,60.93217849731445,4002700
2024-06-11,60.759113127284586,61.2873757168622,60.494981832495775,61.00503158569336,2999600
2024-06-12,60.71357330891889,60.95037490933153,59.420239654549455,59.465782165527344,4019100
2024-06-13,59.374708192501785,60.157992183492475,59.26541032789423,59.757240295410156,3639700
2024-06-14,59.81188833773161,60.331041056628585,59.63884206397418,59.65705490112305,2904100
2024-06-17,59.35648300622561,60.385685361728726,59.119681411008244,60.3765754699707,2964900
2024-06-18,60.094232828595274,60.89572960253969,60.05780020948713,60.71357345581055,4662800
2024-06-20,60.50408577510204,61.332905250722185,60.44944032252374,60.74089431762695,4989800
2024-06-21,60.96859678636836,61.751880750160424,60.777330741555666,61.096107482910156,6390800
2024-06-24,61.305596729806695,62.33479931725458,61.205408744323925,61.997802734375,6248800
2024-06-25,61.669914231564576,62.334797483958134,61.11432885525035,61.26005935668945,6561300
2024-06-26,56.84270054371012,58.96485051703264,56.4965975638355,58.44569778442383,9908900
2024-06-27,58.728049255851126,59.065038870233266,57.70795662180065,58.0267333984375,6436900
2024-06-28,57.88100983991865,58.14514117031581,57.45293863915777,57.616878509521484,13274300
2024-07-01,57.77171316261999,58.50035176600971,57.571337199247175,57.6533088684082,3250500
2024-07-02,57.516684014911846,57.890109685536736,57.28898535052091,57.53489685058594,2949500
2024-07-03,57.38917924690495,57.61687794860168,57.16148054520823,57.452938079833984,2521800
2024-07-05,57.316313883918184,57.544012571372356,57.03396626068876,57.270774841308594,2671200
2024-07-08,57.471150477913206,57.680636339345945,56.91556856853375,56.92467498779297,2932800
2024-07-09,56.888238726215235,57.45293396757709,56.57856837509642,57.097721099853516,3826100
2024-07-10,57.28163765753071,57.80580711497063,57.217266215948996,57.62188720703125,3106100
2024-07-11,57.58510799842171,58.624252595286514,57.33681662529575,58.090885162353516,3377200
2024-07-12,58.41273890278678,58.90012717290124,57.91615621609523,57.962135314941406,3367700
2024-07-15,58.090881555120355,58.238020292707816,57.695458475786076,57.805809020996094,3720000
2024-07-16,57.61269892900037,57.97134085830708,57.28164376103084,57.84259796142578,3960500
2024-07-17,58.42193998690076,60.38068419950147,58.320783853106285,60.08640670776367,4090500
2024-07-18,59.488663313080494,61.43820220614163,59.451878633744975,60.251922607421875,2989000
2024-07-19,60.29791580846121,60.435856626223654,59.00128895980172,59.20359420776367,2361300
2024-07-22,59.30475054493438,59.93927409926035,59.056462684871995,59.405906677246094,2778300
2024-07-23,59.36912527659989,59.442694652527024,58.44953263337716,58.8449592590332,2662100
2024-07-24,59.09323805747833,60.61976369511726,58.559870719524824,60.242733001708984,3621600
2024-07-25,60.353086771661296,61.842834911635556,60.205955050654595,60.537010192871094,4020700
2024-07-26,60.32549581027274,61.28187648606002,60.32549581027274,60.987606048583984,2548100
2024-07-29,60.84966592267083,61.85202921568987,60.28871179875281,61.59454345703125,3135600
2024-07-30,61.10715852923587,62.66127819582133,61.10715852923587,62.57851791381836,3530800
2024-07-31,62.24746848668448,62.70726658272213,61.72329893784005,61.7416877746582,6477100
2024-08-01,61.612929698853684,62.422171622883916,61.09795820319449,62.22905731201172,4512500
2024-08-02,62.9279660894314,63.838364331753,62.19228634826604,63.70962142944336,5271500
2024-08-05,64.38092822527483,65.1349967852857,62.173896068962435,62.79002380371094,3922900
2024-08-06,62.790019764219245,63.78318522306044,62.42217992583791,62.468162536621094,3475500
2024-08-07,62.367007052999455,63.672831827643584,62.2198753256966,63.31418991088867,2905300
2024-08-08,62.84520057332263,64.21540395481344,62.67967999361299,63.488922119140625,2441000
2024-08-09,63.29579343381953,63.64523738293927,62.95554039307306,63.562477111816406,1999400
2024-08-12,63.865955964949656,63.91193858326507,60.69335174813661,62.80842590332031,2099200
2024-08-13,62.87278039392972,63.76478261127516,62.734839592167646,63.63603973388672,2583800
2024-08-14,63.645241449334854,65.36488857968476,63.645241449334854,64.73956298828125,3857200
2024-08-15,65.07062297166028,65.0890118069117,63.16705929688771,63.222232818603516,3912400
2024-08-16,63.22223527006267,63.62685982089886,63.093492370426034,63.47972106933594,2320900
2024-08-19,63.59006438448897,64.38091750055852,63.507297096734376,64.20619201660156,4181200
2024-08-20,64.20619966120582,64.50966805917018,63.86594657718866,64.32574462890625,2962100
2024-08-21,64.49126704854507,65.17177316213554,64.35333325683436,64.95106506347656,2963900
2024-08-22,65.24534744620455,65.29133006249259,64.66600436717108,64.98786163330078,1823600
2024-08-23,65.00624399770308,65.21774715043287,64.6567930247327,65.1349868774414,1957300
2024-08-26,65.03383191162703,65.80628920379078,64.98784930406264,65.28211975097656,1839300
2024-08-27,65.40167598722489,65.65916176806273,65.05222498526383,65.31890869140625,1930200
2024-08-28,65.28212021630112,66.19252533764737,64.91428040104655,65.80628967285156,2687800
2024-08-29,65.86148008585398,65.88906684834339,65.03384213136171,65.62238311767578,3121600
2024-08-30,65.52122687184803,66.60635062910097,65.52122687184803,66.47760772705078,3645800
2024-09-03,66.48679894271527,66.992572573733,65.77870603694467,66.7902603149414,4443300
2024-09-04,66.80866231591182,67.83860552318066,66.76267970160364,67.66388702392578,2895200
2024-09-05,67.93056309014301,68.81337446078787,67.84779579691572,68.51910400390625,4468600
2024-09-06,68.60186610107475,69.4662886605793,68.4455364514507,69.0248794555664,4057800
2024-09-09,69.02486821610105,69.39270799105546,68.52828557230664,69.10763549804688,3637400
2024-09-10,69.10764018771735,69.79733718157489,68.66623102462584,68.81336975097656,3270800
2024-09-11,68.53748665732077,68.65703862387231,66.7166905620516,67.24085998535156,3739100
2024-09-12,66.94659514436586,67.250056508273,66.27528694186599,67.13970947265625,3810300
2024-09-13,67.1764870683124,67.94894429996725,66.86382079648044,67.78341674804688,3010300
2024-09-16,68.59267087987494,69.42030878692546,68.55589320930521,68.62945556640625,3324600
2024-09-17,68.35357331575501,69.2087978883037,68.23402134387523,68.50990295410156,4513600
2024-09-18,66.44081020078804,69.57663589072854,66.39482759495688,68.97889709472656,8032700
2024-09-19,68.62026080672022,68.9697047852193,67.939754668014,68.87774658203125,4162700
2024-09-20,69.1260337517416,69.27317248816297,68.28000706520208,68.51910400390625,9129800
2024-09-23,68.24322709217749,68.56508433036683,67.6179014511404,68.22483825683594,3487400
2024-09-24,68.07769710545536,68.8777482258032,67.5995102278888,67.8386001586914,2720200
2024-09-25,68.11448693066173,68.38117065756806,67.58111947684904,67.82941436767578,2782900
2024-09-26,67.44317754860195,68.41795422798117,67.37880609943215,68.0409164428711,2896200
2024-09-27,68.16965998379946,68.95132232303747,68.10528853402288,68.3995590209961,2960500
2024-09-30,68.65704802012732,68.73980830125664,67.48915704714081,67.91217041015625,2904100
2024-10-01,68.02251572672952,68.83175766295041,67.85698816977974,68.62025451660156,4071900
2024-10-02,68.04091147802384,68.44553599525872,67.04775305129655,67.4063949584961,5958300
2024-10-03,67.09374323639899,67.26846877337769,66.4132439588462,67.16731262207031,3443600
2024-10-04,66.83625772528369,67.84781222727976,66.75349041201305,67.69148254394531,2413000
2024-10-07,67.59951138410764,67.81101455850913,66.80865817555974,66.89141845703125,2392100
2024-10-08,66.81786623410635,66.96499798435568,66.19254050963104,66.66152954101562,3328400
2024-10-09,66.7810644227159,66.86382469552194,66.10975625190375,66.27528381347656,2620600
2024-10-10,66.55347791747671,67.23042182952659,65.98782156681753,66.11764526367188,2578600
2024-10-11,66.38655924332676,66.38655924332676,65.60761707958706,65.66325378417969,2816000
2024-10-14,65.7096268258407,65.74672032300911,65.36651728317878,65.68180847167969,2221600
2024-10-15,65.83018100239424,67.276799215949,65.72817564519289,66.05274200439453,3709900
2024-10-16,65.77454279548517,66.28456956990847,65.74672443958238,65.8394546508789,3240400
2024-10-17,65.83945025182507,65.83945025182507,65.32942351147915,65.54270935058594,3169700
2024-10-18,65.4685138206331,65.4685138206331,64.57829123298487,64.84721374511719,3867800
2024-10-21,65.14396509815316,65.23669530609641,63.62316704832753,63.77153396606445,3501800
2024-10-22,63.73445406823712,64.2073802996267,63.65099192013996,64.05901336669922,3378900
2024-10-23,63.79008008988861,63.91990378750966,63.3820587117305,63.59534454345703,3385000
2024-10-24,63.53969918388598,64.01263239910531,63.48406247910514,63.62316131591797,2369300
2024-10-25,63.66026025250281,63.85499581074278,63.298607490791255,63.33570098876953,2183900
2024-10-28,63.41915326125287,63.95699834596905,63.205874500843336,63.3078727722168,3029600
2024-10-29,63.07604313590274,63.595345005016824,62.93695136948562,63.011131286621094,2966100
2024-10-30,62.946221567125406,63.29860625360093,62.68657416121367,63.261512756347656,5067200
2024-10-31,63.25223450988596,63.88280978253046,63.05749896500674,63.07604217529297,4288800
2024-11-01,63.31715713089475,63.68808507347625,63.01114104765035,63.28006362915039,3495000
2024-11-04,63.27078765597973,63.6417084773632,63.01113317620566,63.14095687866211,2851900
2024-11-05,63.066780073351175,63.437707987911125,62.899862865542275,63.344970703125,3202400
2024-11-06,63.66026044789706,63.74371551245834,61.07304732357706,61.19359588623047,5910500
2024-11-07,61.24923498263654,61.52742558474212,60.173544844884674,60.219913482666016,4534500
2024-11-08,60.18281997568774,61.063767494475,59.98808443179353,60.75775146484375,3006000
2024-11-11,60.63720631796277,60.79484837546743,59.422424348580286,59.44096755981445,5010400
2024-11-12,59.70061362458768,60.015904807372564,59.36677923098535,59.58934020996094,4704500
2024-11-13,59.43168748213964,60.600107788991885,59.357507568500935,60.488834381103516,3233100
2024-11-14,60.72066737371114,60.952496421744016,59.92317488248914,60.006629943847656,3675100
2024-11-15,59.55224917577617,59.55224917577617,57.855258783942254,58.615657806396484,6785000
2024-11-18,58.912400044584466,59.209140960653436,58.18909450384518,58.30964660644531,4859800
2024-11-19,58.356010164263665,58.49510901260937,57.74398159891777,58.21691131591797,2847600
2024-11-20,58.3467338819842,59.1813198809036,58.096361619738964,59.16277313232422,4685900
2024-11-21,59.07004378167508,59.496611930312746,58.309644766069304,59.45951843261719,3659000
2024-11-22,59.8675332538103,60.39610321934631,59.580067487863396,60.27555465698242,3919700
2024-11-25,60.47028411467086,60.85975519211813,60.34046042218844,60.767024993896484,4852100
2024-11-26,60.73921291560923,61.50888708258291,60.68357620590171,61.19359588623047,3642500
2024-11-27,61.59234204085572,62.13018714997145,61.36051298432597,61.41615676879883,2678300
2024-11-29,61.31414603229805,61.55524313601162,60.93394301705164,61.4439697265625,1792500
2024-12-02,61.425420299352325,62.501110438117095,61.063767563871956,62.13945770263672,5151400
2024-12-03,62.15801103059499,62.260016390525216,61.42543029785156,61.42543029785156,4979200
2024-12-04,60.87830456408836,61.38832418409229,60.34045951766049,60.5908317565918,3152600
2024-12-05,60.34973993583849,60.97104009127339,60.34046479288631,60.785579681396484,2847000
2024-12-06,60.91540577286748,61.36978874729321,60.284830449744234,60.33119201660156,3708800
2024-12-09,60.26627464520931,61.61088730846623,60.127175807650204,61.100860595703125,3642000
2024-12-10,60.87830446181594,61.49960456189032,60.44246475509315,61.33268737792969,2993000
2024-12-11,61.36979119914614,61.59234512359249,60.65576078223584,60.73921585083008,5345300
2024-12-12,61.14723013599872,61.57379472258017,60.50737971869611,61.27705383300781,3368700
2024-12-13,62.01890147437811,62.29709914891569,61.57379368495089,61.842716217041016,3193300
2024-12-16,61.944723352771916,62.102365404638824,60.813396486694614,60.831939697265625,5620400
2024-12-17,60.433199990799025,61.84272469181816,60.099365565550364,61.137962341308594,6012200
2024-12-18,58.51364697618481,59.932439537368275,58.244727984228774,59.264774322509766,13262600
2024-12-19,58.88458017294327,60.359009571891406,58.754756467684736,59.357513427734375,6138100
2024-12-20,59.63570221604982,59.81189455699497,58.726936307183585,58.9865837097168,10672900
2024-12-23,58.569289791165424,59.24623017811841,58.411647738521665,58.93094253540039,3380200
2024-12-24,58.6063841788713,59.19059437167737,58.587837430496286,59.10713577270508,1220400
2024-12-26,58.88458596025045,59.682078556567205,58.85676760279833,59.12568664550781,2212100
2024-12-27,58.98658080654921,59.515150728508715,58.884575464165735,59.3018684387207,1984400
2024-12-30,59.2276847421481,59.311143341699754,58.51365084319074,58.7640266418457,2521100
2024-12-31,58.65274771260237,59.24622949500979,58.57856072108622,59.134952545166016,2634900
2025-01-02,59.24623591522005,59.43169633924692,58.65275406850005,58.92167663574219,3360400
2025-01-03,58.93094531293612,59.53369873592657,58.71766300596128,59.236961364746094,3200500
2025-01-06,58.91239609697652,59.023676586118754,56.983580271774485,57.029945373535156,5393100
2025-01-07,57.17831302679528,57.67906459116743,56.39936732802648,56.46427917480469,4046800
2025-01-08,56.176818461111374,56.55701797086686,55.36077919477131,56.53847122192383,5362400
2025-01-10,56.379257303706126,56.59465935033632,54.571749290039726,54.78715133666992,5938000
2025-01-13,55.17113049783958,55.78924181687614,54.740326396938826,55.564476013183594,6108100
2025-01-14,55.36779862409839,55.573836910719145,54.84334272737334,55.04937744140625,5140200
2025-01-15,55.26478085522797,55.44272431540331,54.506191822145105,54.60921096801758,4951300
2025-01-16,54.38444143589042,55.5176448919402,54.262691211804466,55.4052619934082,3794800
2025-01-17,55.37716982840785,55.98591383297361,55.33970766956402,55.845436096191406,4458400
2025-01-21,56.13575957922909,57.12848536514865,56.07020258674826,56.248146057128906,4676900
2025-01-22,56.17321841826053,56.62275358552441,55.47081904955049,55.55510711669922,4112900
2025-01-23,55.442728230685425,55.86416859693069,55.30224691774094,55.77988052368164,3450600
2025-01-24,55.76114881972022,56.56656738339978,55.639398588036805,56.54783630371094,3522900
2025-01-27,57.549923421101035,59.104567243908306,57.549923421101035,57.72786331176758,5232200
2025-01-28,57.32515316162087,57.74659349888913,55.967180329351095,56.004642486572266,3885300
2025-01-29,56.14512684661976,56.62275687313589,55.84543671771,56.09830093383789,2878900
2025-01-30,56.54783312396182,57.08165636101787,56.03274096554134,56.800697326660156,3233300
2025-01-31,56.39799102990366,56.950545374619516,56.23877863943224,56.32306671142578,4017600
2025-02-03,56.06083812036745,56.36989199919178,55.22732473577723,56.0702018737793,5434900
2025-02-04,55.96718235455486,55.976549680493086,54.862077257245154,55.1711311340332,4615100
2025-02-05,55.17113137767454,55.83606861870206,54.946361997809475,55.770511627197266,4122200
2025-02-06,56.40735550835619,56.435450341852395,55.26478464500143,55.48019027709961,4991800
2025-02-07,55.4614598544157,55.60193759614946,54.89017441596902,55.08684539794922,7988100
2025-02-10,55.030649096644744,55.14303557088617,54.17840464954808,54.3938102722168,4939900
2025-02-11,54.31888491800425,55.639395598107384,54.19713469286341,55.58320236206055,4481500
2025-02-12,54.908904316611334,55.49891724987849,54.41253963656689,54.730960845947266,5724800
2025-02-13,54.76842079792025,55.86416569320292,54.55301874916629,55.761146545410156,4581000
2025-02-14,55.92972133674039,56.6789466127588,55.086840668352224,55.10557174682617,4690300
2025-02-18,53.24187375309235,53.9817353210479,51.64977128469642,53.90681457519531,8367300
2025-02-19,53.94427004899585,54.53428651861144,53.79442499334928,54.30952072143555,3864200
2025-02-20,53.93491038344214,55.47082321336446,53.93491038344214,55.4333610534668,2953100
2025-02-21,55.48955093446325,57.400078102539304,55.4333576980182,57.128482818603516,5218900
2025-02-24,56.781966016553255,58.41153055273789,56.416718916118356,57.446903228759766,5464900
2025-02-25,57.5499277280061,58.57074838262163,57.475003406799544,57.6810417175293,5410600
2025-02-26,57.22213338206816,57.38134576220156,55.320973581490406,55.52701187133789,5311500
2025-02-27,55.25541637090255,56.21067993009311,54.96509001570345,56.1732177734375,3976300
2025-02-28,56.87561741161322,57.28769041907193,56.24814236121556,56.77259826660156,8139600
2025-03-03,56.688312333439114,58.24295617486184,56.29497038959642,58.13057327270508,4098800
2025-03-04,58.6456615740383,60.22840014339492,57.21276805519717,57.25959396362305,6004100
2025-03-05,56.75387020715077,57.81215297230861,56.47291116109321,57.09102249145508,4950000
2025-03-06,57.52182822151807,58.664399089955666,56.93181527994395,58.27105712890625,4582500
2025-03-07,57.6904033712615,61.86733766658911,57.6904033712615,60.406349182128906,9001900
2025-03-10,61.1930374447068,63.07546999567047,60.94954411008898,61.155582427978516,8862600
2025-03-11,60.57492299672558,60.82778363039836,58.16803473325834,58.37407302856445,7594400
2025-03-12,57.25959479848847,57.63420921653312,56.19194835142545,56.22004318237305,5266500
2025-03-13,56.5291053115397,57.38134978946673,55.84543697848511,56.05147171020508,4059600
2025-03-14,55.349072831193034,56.40735562363377,55.208595090836745,55.77988052368164,5510200
2025-03-17,56.08893386460536,57.362618704599136,55.91099396618406,57.07229232788086,4770400
2025-03-18,57.07229307570895,57.55929043694591,56.41672313999401,56.604026794433594,7385200
2025-03-19,55.59257502119746,56.61339568549664,54.403178205172665,55.44272994995117,9743300
2025-03-20,55.60193312441499,55.63003152857254,54.30952085598199,54.60921096801758,7132300
2025-03-21,54.69349669358021,55.498911602324085,54.412534099561974,54.91826248168945,48561100
2025-03-24,54.31888338817002,55.339703925782246,54.11284510105574,54.478092193603516,5381900
2025-03-25,54.75905767137713,54.75905767137713,53.97237021047044,54.122215270996094,4987900
2025-03-26,54.26268975645285,55.53637448094773,54.159674186237744,55.32097244262695,5204200
2025-03-27,55.75177730432053,56.22004354359105,55.555106341248,55.87352752685547,4013100
2025-03-28,56.201313689973716,56.63212135465698,55.23668635928469,55.358436584472656,5763500
2025-03-31,55.93908798115596,56.800699772554495,55.779879164779814,55.99528121948242,5336400
2025-04-01,56.266877940310614,56.454181594308864,55.3865350471308,55.929725646972656,4037400
2025-04-02,56.25751070827446,56.38862469532809,55.049382845986216,55.4333610534668,3952400
2025-04-03,56.23877957406542,57.4656385151188,56.070203427276766,57.10039138793945,7965600
2025-04-04,57.12848170314808,58.63629957873048,55.555106839287134,55.82670211791992,7577900
2025-04-07,55.021284113741345,56.33243103655079,54.34697957371501,54.90890121459961,8031900
2025-04-08,55.28351356942656,55.714321244238086,52.567571402176426,53.10139465332031,10132300
2025-04-09,52.520742438889556,54.69349747547536,51.96818814072235,54.37507629394531,7453800
2025-04-10,54.36561291318294,55.02803188640337,53.230038046218354,54.100643157958984,5031100
2025-04-11,54.36561396103753,55.14158935294284,53.80728985126244,54.857696533203125,4235600
2025-04-14,54.84822855288137,56.03111824877629,54.318296279451886,55.832393646240234,4153900
2025-04-15,55.8323929461399,55.88917295039231,54.49809353029735,54.74413299560547,4145500
2025-04-16,55.25514553403352,55.33085221093236,53.192185517149525,53.438228607177734,4202500
2025-04-17,53.66534126674262,54.68735974263652,53.419301787301336,54.42238998413086,3368900
2025-04-21,54.29937904906718,54.64005191828114,54.1006508020967,54.57380676269531,3885500
2025-04-22,54.621117313483175,55.3119244824369,54.29937116261088,54.94286346435547,3556000
2025-04-23,54.48863887884369,54.7441399054972,53.71265982902013,54.204742431640625,3493700
2025-04-24,54.12903598712679,54.28990726128504,53.211112380786304,53.36252212524414,3532900
2025-04-25,53.55178324902388,53.58017144697952,52.39728173358873,53.12594223022461,3996100
2025-04-28,53.06917017116837,53.343597863582865,52.39728601553687,52.75688552856445,3566500
2025-04-29,52.860979013775825,53.211113377538354,52.056611798238016,53.13541030883789,3275400
2025-04-30,53.608565008785654,54.01547937229689,52.955607555299096,53.69373321533203,4779500
2025-05-01,53.163797757337015,53.23950082496805,52.52976696769839,52.596012115478516,4328700
2025-05-02,52.80419777110931,52.92721931600304,52.12285572915157,52.454063415527344,3512600
2025-05-05,52.41620950157503,52.48245103812284,51.57399258555888,52.09446334838867,3923000
2025-05-06,51.92412981264725,52.198561113481084,51.498288761334955,51.630775451660156,4058700
2025-05-07,51.5929224093826,51.81057370133344,50.93050339350563,51.517215728759766,5250500
2025-05-08,51.49828903462388,52.274268071073784,51.337417753215085,51.77272033691406,4035200
2025-05-09,51.801110105781014,52.170171134369056,51.51721367465814,51.57399368286133,4888900
2025-05-12,51.706477422486245,52.31211641152201,51.20493331154595,51.8957405090332,4618900
2025-05-13,51.89574357652927,51.924131777726714,50.4857372887984,50.8831901550293,9527600
2025-05-14,50.80747850216018,50.835870310473766,50.08828313299198,50.419490814208984,5648300
2025-05-15,50.74123684162839,51.52667735500908,50.447882498952744,51.47936248779297,3494900
2025-05-16,51.64023770596622,52.236415186164535,51.26171151951482,52.17017364501953,3904100
2025-05-19,52.047147513774796,52.08500085106821,51.72540136656665,51.88627624511719,4160600
2025-05-20,51.980909899475115,52.37835914135749,51.753793468475756,51.848426818847656,5663600
2025-05-21,51.76325522919778,51.848423434025854,50.33432241595934,50.49519729614258,5567400
2025-05-22,50.4005697136952,50.75070771240082,49.577279379501356,50.47627639770508,5069200
2025-05-23,50.63714376111453,50.68446223989938,49.86116835963195,50.51412582397461,3804500
2025-05-27,50.67499908598274,51.3090299056358,50.476274462914134,51.22386169433594,4687600
2025-05-28,50.958890807103714,51.38473185430012,50.381643620785425,50.504661560058594,3466100
2025-05-29,50.391104916183,51.119765458017326,50.16398848877116,51.09137725830078,3171900
2025-05-30,51.22386011359347,51.545606278587016,50.93996728798579,51.34687805175781,8115700
2025-06-02,50.939968859967465,51.242788364612935,50.51412780346813,51.22386169433594,3820400
2025-06-03,50.94942785202121,51.545605301420615,50.42895707995832,51.394195556640625,3393700
2025-06-04,51.61184379333467,52.018758135272286,51.33741251902459,51.67808532714844,4287300
2025-06-05,51.57399250557082,51.734863776968,51.15761661793136,51.621307373046875,3709800
2025-06-06,51.65916187634488,52.13231778156515,51.50775213107012,51.829498291015625,2929900
2025-06-09,51.65916265126723,52.12285703369178,51.35634315617521,51.857887268066406,4843700
2025-06-10,51.89573984289325,52.22694753267917,51.21439418402728,51.57399368286133,5281900
2025-06-11,51.734864971964136,51.734864971964136,51.062984452562986,51.31848907470703,4230100
2025-06-12,51.422590725160035,51.81057847436226,50.73178344535577,51.801116943359375,3881000
2025-06-13,51.77272384873941,52.17017672899767,50.50466574202869,50.68446731567383,4344400
2025-06-16,50.90210997142191,50.98727817343901,50.13559615326802,50.65606689453125,3922200
2025-06-17,50.62768146330287,51.14815223300308,50.13559889252846,50.23023223876953,5867300
2025-06-18,50.1829140536781,50.37217713737213,49.84224122500744,50.11667251586914,6745800
2025-06-20,50.30593275854418,50.608752231395734,49.81385021268719,50.14506149291992,9877500
2025-06-23,50.34379193312183,50.883189407306894,49.99365755388963,50.59929656982422,6469000
2025-06-24,50.42895839195929,50.80748095881067,50.211307103793786,50.54251480102539,6897100
2025-06-25,49.255529745996206,50.33432464840353,47.94015688745067,47.959083557128906,13275000
2025-06-26,48.318679311917045,49.26499106304034,47.54270396478737,47.66572189331055,7688700
2025-06-27,47.76982106812874,48.27136518625329,47.49538976919928,47.807674407958984,9005700
2025-06-30,47.91176746663071,49.104118746821804,47.78874592180453,49.02841567993164,7556500
2025-07-01,49.00948951476302,50.958889533369096,48.98109770573081,50.33432388305664,8647400
2025-07-02,50.41003217886573,51.27117580936333,50.1734542187302,50.93996810913086,9182600
2025-07-03,51.0156698484859,51.119764725813134,50.06935803262833,50.29647445678711,3595900
2025-07-07,50.1734528879971,50.39110417236191,48.85808004211365,49.05680465698242,8134300
2025-07-08,48.86754157191512,49.69083184058083,48.649890287550306,49.05680465698242,4972000
2025-07-09,49.06626474159072,49.27445449002206,48.11049142449709,48.45116424560547,5646600
2025-07-10,48.106383027343036,49.542966248498324,47.75202685574901,49.1886100769043,7258200
2025-07-11,48.85340607002056,49.629162339550874,48.57566941853747,49.39931106567383,4847100
2025-07-14,49.30353833723419,49.514238389985266,48.585246688404865,48.815101623535156,5316700
2025-07-15,48.70975319062784,48.786369069230815,47.87653587368602,47.895687103271484,4878900
2025-07-16,47.83822477396917,48.144695586677564,47.52217469331475,47.97230529785156,5895600
2025-07-17,48.230892956685125,48.88214437709724,47.86695747976766,48.16385269165039,5778900
2025-07-18,48.412855903546784,48.61397668633401,47.96272895922587,47.98188018798828,4325900
2025-07-21,48.154269599325815,48.393700142128225,46.966696152941154,47.10077667236328,6259400
2025-07-22,47.17739513231031,48.834257794333624,47.129509751809024,48.79594802856445,6098700
2025-07-23,49.15030618929651,49.49508678813383,48.920454892351955,49.102420806884766,4628900
2025-07-24,48.949183438220786,49.18861399414758,48.623557736023535,48.79594802856445,6056700
2025-07-25,48.843833150055566,49.07368809003136,48.4894769521207,48.91087341308594,4609600
2025-07-28,48.499056012093725,48.51821089623746,47.69456914515954,47.742454528808594,5920800
2025-07-29,47.7999157795225,48.30750738623644,47.598794990457016,47.90526580810547,3874600
2025-07-30,47.91484089034285,48.04892141489657,46.9379637999111,47.12950897216797,7302500
2025-07-31,46.68895742484723,47.388094195055025,46.53572201841018,46.90923309326172,7972400
2025-08-01,47.48386735157991,47.87653329852811,46.688956189985646,46.87092208862305,5271200
2025-08-04,46.832618453393,47.24443930408321,46.717689155465244,46.94754409790039,4490400
2025-08-05,47.03373842195003,47.531754410664874,46.68895784103819,47.07204818725586,4670500
2025-08-06,47.12951016116123,47.62752616022501,46.89007960315481,47.225284576416016,3572600
2025-08-07,47.359359863844844,48.20215635772623,47.234854964500784,48.02976608276367,5573000
2025-08-08,48.03934353304096,48.3649692144832,47.38809217015649,47.723297119140625,3781800
2025-08-11,47.77118318956044,48.04891984416229,46.8613463911484,47.263587951660156,4747800
2025-08-12,47.26358897966476,47.646679319987534,46.88050229276224,47.08162307739258,6276700
2025-08-13,47.024159310978824,47.81907050333846,46.89007878538089,47.627525329589844,4113800
2025-08-14,47.4455594723241,47.72329979187198,47.1103545045669,47.57006072998047,4985500
2025-08-15,47.78076224270803,47.876536659308805,47.14866570682463,47.55091094970703,6920600
2025-08-18,47.43597823571381,47.73287342567737,47.15824158111196,47.263587951660156,6257200
2025-08-19,47.34978470631459,48.068076363194834,47.34978470631459,47.7999153137207,9033100
2025-08-20,47.70414310055264,48.47989572815594,47.34020764919864,47.54132843017578,6247200
2025-08-21,47.483867859226486,47.761604517290685,47.167817783381416,47.70414352416992,3830000
2025-08-22,47.981882664580404,48.39370351921247,47.66583622580486,48.058502197265625,3871500
2025-08-25,47.876534681153245,48.25004575691252,47.07204788204855,47.24443817138672,4709900
2025-08-26,47.1199307850146,47.19654665768222,46.870920978649636,47.167816162109375,10987700
2025-08-27,47.167816162109375,47.41682231505425,46.918810009164496,47.167816162109375,5671500
2025-08-28,47.167819456295376,47.19654995387475,46.24840699955192,46.39206314086914,6716800
2025-08-29,46.54529774605954,47.254013785940934,46.459102601390455,47.24443817138672,4881100
2025-09-02,47.34020949500653,47.79991572091557,46.80388373806916,47.234859466552734,6253500
2025-09-03,46.86135077331655,47.675413238146724,46.85177150473991,47.64668273925781,5293700
2025-09-04,47.886107181842256,48.269197500665015,47.45513148652167,47.512596130371094,4170500
2025-09-05,47.4647122987534,48.604400371544564,47.340207393070614,48.44158935546875,5353100
2025-09-08,48.10638762849776,48.25962304060712,47.5700618594048,48.00103759765625,4623400
2025-09-09,48.01061326938633,48.2787743071341,47.8956839788486,48.221309661865234,4362900
2025-09-10,47.92442125449042,48.08723227990947,47.34021010978372,47.895687103271484,5180900
2025-09-11,48.068080210146995,48.82468169276687,47.98188505828624,48.4703254699707,4036600
2025-09-12,48.29793056905009,48.31708545135375,47.7616048248084,47.80949020385742,4340600
2025-09-15,47.88611201853845,48.03934743086095,46.91881416326895,46.937965393066406,5071600
2025-09-16,47.024159057024285,47.66583483760371,46.77515288989007,47.46471405029297,8132800
2025-09-17,46.65064608280031,47.522173112464266,46.37290577632868,47.10077667236328,15178800
2025-09-18,46.88050666286377,48.221315672140356,46.78473224214507,47.742454528808594,7310200
2025-09-19,48.163848670016506,48.62355487190702,47.77118272756293,48.221309661865234,15037000
2025-09-22,48.33624205576213,48.38412743651719,47.5700613499996,47.95315170288086,8413800
2025-09-23,48.135116177683116,48.470321139827114,48.00103565419362,48.42243576049805,5522500
2025-09-24,48.42243414118224,49.15988064913344,48.37454511003438,48.949180603027344,6023600
2025-09-25,49.07368850660139,49.15030438496347,47.02415987246548,47.3402099609375,7408800
2025-09-26,47.483868581791405,47.991460180323365,47.407249051904174,47.97230529785156,5011400
2025-09-29,48.01061260665539,48.05849798367504,47.41682224066744,47.560482025146484,4991100
2025-09-30,47.665835710364625,48.355396883393375,47.50302103187934,48.288352966308594,4773800
2025-10-01,48.604400117796644,48.79594528244243,47.84779872682686,48.556514739990234,5067200
2025-10-02,48.36497146633719,48.87256306708743,48.068076266857084,48.19258117675781,4289500
2025-10-03,48.125542151343794,48.53736300332047,47.981882355195516,48.230892181396484,3599500
2025-10-06,48.23089249238698,48.7959487589691,47.914842400191034,48.058502197265625,5989000
2025-10-07,48.125539248238745,49.09283703656912,47.58921351551468,48.776790618896484,5050600
2025-10-08,48.748064806659116,48.77679530554802,47.56048758917058,47.64668273925781,4995900
2025-10-09,47.84780062806599,47.84780062806599,47.024158944755676,47.12950897216797,4472700
2025-10-10,47.323456285075274,47.91500008977104,47.11981114881879,47.84711837768555,5867000
2025-10-13,47.565893154205085,47.72105188539918,46.67373137465804,46.6931266784668,4438700
2025-10-14,46.55736192740263,47.430132146950115,46.26643975397885,47.1101188659668,5846600
2025-10-15,46.8579812402526,47.051930579181445,46.27613692274202,46.2955322265625,5596800
2025-10-16,46.45069106760953,47.18769411814947,46.043397084968966,46.26643753051758,5215000
2025-10-17,46.54766219519079,47.10041538781661,46.40219927112049,46.92586135864258,5562700
2025-10-20,46.993744320258436,47.57559233274291,46.83858559011776,47.33315658569336,5357000
2025-10-21,47.342853845333195,47.459221971702085,47.05193167977294,47.10041809082031,4990600
2025-10-22,47.042229670024646,48.20592196950148,46.89677044463744,47.691959381103516,5553400
2025-10-23,47.62407913596711,47.67256554592263,46.450690998374064,46.47978210449219,4809100
2025-10-24,46.42159433078987,46.60584786021592,45.83975003611222,45.97551345825195,5085600
2025-10-27,45.994908410637976,46.85797904418247,45.88823609426267,46.828887939453125,7592300
2025-10-28,46.53796723332235,47.05192982890372,46.39250430662624,46.59614944458008,6617600
2025-10-29,46.2567412452563,46.57675450751924,45.054258313031966,45.16093063354492,8082300
2025-10-30,45.199722033037084,45.830052766416124,45.12214081702219,45.626407623291016,5910700
2025-10-31,45.248208700686064,45.422762738436084,44.81182360631102,45.19972229003906,6762000
2025-11-03,45.04456086081466,45.23851019107223,44.549989883694074,45.02516555786133,7765500
2025-11-04,45.19972119862662,45.30639351903987,44.714849705312496,44.976680755615234,5281800
2025-11-05,44.92819550290533,45.131840647514295,44.41422919125164,44.98637771606445,5408300
2025-11-06,44.918496036331824,45.52943516991263,44.569387959999936,44.588783264160156,6110200
2025-11-07,44.7342444356103,45.88823724316814,44.54999090297588,45.461551666259766,6267900
2025-11-10,45.374274962180294,45.43245717349521,44.64696772653666,44.8215217590332,4784400
2025-11-11,45.19971952598006,45.490641671347575,44.9572837882945,45.23851013183594,5525600
2025-11-12,45.36457878114626,45.461555305895615,44.93789317007759,45.09305191040039,5622300
2025-11-13,45.151235223852325,46.29553225503266,45.06395820624447,45.8979377746582,7670600
2025-11-14,46.4118985288981,46.63493896516706,45.49064197959531,45.97551345825195,5811100
2025-11-17,45.965817894749385,45.965817894749385,45.296692883196464,45.548828125,5385200
2025-11-18,45.66519927333428,46.39250654332839,45.40336821222328,46.24704360961914,6071400
2025-11-19,45.86884108107929,46.49917548221894,45.820354673132194,46.18885803222656,5459600
2025-11-20,46.12097901125294,46.479782890119665,45.975516079651726,46.3634147644043,5786600
2025-11-21,46.547666428297426,47.60468650141106,46.18886253537663,46.86768341064453,7435000
2025-11-24,46.69312653409723,46.83858576329923,45.25790365089448,45.52943420410156,11542800
2025-11-25,45.7233835423135,46.25674144793936,45.26760315240684,45.52943420410156,4795000
2025-11-26,45.607011536957685,45.956119604484215,45.3936705951283,45.742774963378906,3880600
2025-11-28,45.74277765153539,46.10158524162137,45.68459543637907,45.91733169555664,1951000
2025-12-01,45.86884198455998,46.05309551737431,45.33548408808474,45.64580154418945,5564000
2025-12-02,45.5391326169428,45.5391326169428,44.220281480627484,44.54029846191406,6947800
2025-12-03,44.70515131749063,45.383972164895525,44.5305972796072,44.802127838134766,5761800
2025-12-04,45.02516835957502,45.257904610945594,44.41422922599421,44.588783264160156,6066800
2025-12-05,44.549994264706314,44.93789296336711,44.297862700070105,44.54029846191406,5465500
2025-12-08,44.50150762623218,44.724548082082975,43.78389984641243,44.56938934326172,5844400
2025-12-09,44.7439428656759,44.908801104596066,44.11361211498984,44.259071350097656,5698700
2025-12-10,44.32695388793945,44.71485258730221,44.16209934523979,44.32695388793945,8200700
2025-12-11,44.54999235994118,45.28699911603023,44.35604671817921,44.83121871948242,8036600
2025-12-12,44.99607911456214,45.461555335837126,44.899102589748914,45.27730178833008,6373100
2025-12-15,45.442159052263975,45.723385419251784,45.287000315180364,45.6361083984375,6929300
2025-12-16,45.810661387761165,45.95612061959294,45.23851286429378,45.59731674194336,9213100
2025-12-17,46.5476621344412,47.39133747483071,45.800959610454775,47.13920593261719,15918600
2025-12-18,47.01313891181263,47.759841445327815,46.89677079078877,47.23617935180664,8108600
2025-12-19,47.274970226073016,47.274970226073016,46.314923049185225,46.41189956665039,13423400
2025-12-22,46.06279313412459,46.27613778082991,45.69428975325431,45.9658203125,7542700
2025-12-23,45.91732981726379,45.927029318910506,45.04456333213505,45.22881317138672,8545300
2025-12-24,45.38396967497612,45.61670961247712,45.219115147839595,45.577919006347656,2284500
2025-12-26,45.52943480254839,45.84944807041985,45.403367176162185,45.626407623291016,3910800
2025-12-29,45.81066066950618,45.8785423831519,45.422761992151216,45.50033950805664,5961900
2025-12-30,45.529434608352354,45.78156616077336,45.22881294649087,45.257904052734375,5210100
2025-12-31,45.19002473587358,45.32579187052268,45.034865995550774,45.09305191040039,4296300
2026-01-02,45.073653895797186,45.08335339732711,44.22997852721519,44.33665084838867,8395000
2026-01-05,44.162097583741215,44.19118869028641,43.0081010337685,43.027496337890625,12009000
2026-01-06,43.02749330676486,43.0759797140165,42.47474012568956,42.51353073120117,11060300
2026-01-07,42.62990191866292,42.84324656506608,41.64076360253371,41.65046310424805,10384200
2026-01-08,41.69894845676728,42.843245477802036,41.4953033172465,42.59111022949219,10575300
2026-01-09,42.67962061584609,43.93837315889754,42.659952138438605,43.85969924926758,8690900
2026-01-12,43.84003304994603,43.84003304994603,42.72878849772762,42.7582893371582,12599700
2026-01-13,42.75829115487253,43.60401693403358,42.62061556317254,43.535179138183594,8486300
2026-01-14,43.6138498729194,45.0299502665367,43.6138498729194,44.862770080566406,8687600
2026-01-15,44.59725115605905,44.96111236825219,44.15472353543148,44.843101501464844,7188100
2026-01-16,44.518581619272915,44.59725178018689,43.574517180033574,43.77119445800781,7269200
2026-01-20,43.76136185462425,43.96787524619161,43.20082336243935,43.71219253540039,9035300
2026-01-21,43.49584271633518,43.58434899085302,42.70912236027582,43.24999237060547,8437600
2026-01-22,43.11231728660235,44.0367132469718,43.09264880854616,43.751529693603516,5662800
2026-01-23,43.643353361038606,44.135054040518696,43.574515566021674,43.82036590576172,6134600
2026-01-26,43.92853531981214,44.12521633478659,43.55484551787685,43.88920211791992,6997000
2026-01-27,43.761359240398285,44.40057160625882,43.722022286817676,43.967872619628906,6789100
2026-01-28,43.84003525818129,44.439906947962896,43.279493021117005,43.61384963989258,6378000
2026-01-29,43.65318700045936,44.35140108540632,43.50567904312922,43.69252395629883,7543100
2026-01-30,43.97771028581175,45.51181401581454,43.692522989354856,45.49214553833008,9623900
2026-02-02,45.97401469469585,45.99368317253816,44.430074822171434,44.862770080566406,9461200
2026-02-03,44.44974361506907,46.01335197651849,44.37106970314222,45.72816467285156,9904800
2026-02-04,46.02318232121473,47.91131485947984,45.63965639583952,47.69496536254883,12143900
2026-02-05,48.36367987657398,48.47185462794158,46.96724797468638,47.56712341308594,6503900
2026-02-06,47.51795172618572,48.05882170468619,46.85907463906549,47.07542037963867,6087800
2026-02-09,47.14426115270972,47.47861777441881,46.446047068116165,47.301605224609375,4602400
2026-02-10,47.311440181209065,48.068659680997456,47.252434748924,47.85231018066406,4909700
2026-02-11,47.114758878366885,48.23583582547259,46.249364633553625,48.19649887084961,9849500
2026-02-12,48.13749713031815,48.76687339798784,47.59662713475067,47.77363967895508,6387500
2026-02-13,47.753970037939695,47.93098257783044,46.79023718263363,47.537620544433594,5769800
2026-02-17,45.73799746342655,45.93467849370242,42.99431040847232,44.21372604370117,22123600
2026-02-18,43.60401634670782,44.79393108909124,43.20082194014078,44.607086181640625,8944800
2026-02-19,44.90210701552171,44.95127633441548,43.68268764951183,44.05638122558594,6718600
2026-02-20,44.18422360182403,44.312066829579756,43.80069766993534,43.87936782836914,5114200
2026-02-23,43.279492196744215,44.902105941061315,43.190985924301856,44.62675476074219,6840100
2026-02-24,44.80376744621812,45.23646269541715,44.16455505975322,44.66608810424805,5792700
2026-02-25,44.43990595767219,44.80376716063464,43.2499912164256,43.800697326660156,8425900
2026-02-26,44.076048425791036,44.33173487883281,43.692522497606824,44.18422317504883,5805900
2026-02-27,44.40057407202598,44.81360085342449,44.174388452065564,44.479244232177734,7837100
2026-03-02,44.35139857031477,44.833266873575894,43.94820417427112,44.37106704711914,5722600
2026-03-03,44.253061050400085,44.42023748037327,43.65318562260744,43.800697326660156,5765600
2026-03-04,43.76135956121525,43.86953430866576,42.59111331895088,42.83696365356445,8096900
2026-03-05,42.836965579895036,43.30899779341444,42.42393504845395,42.846797943115234,7732600
2026-03-06,42.8762983689272,43.70235567243101,42.355096841597145,43.554847717285156,6662600
2026-03-09,43.417169826259666,43.56467777359475,42.66978272146655,42.67961883544922,7527400
2026-03-10,42.38459775051197,42.5517779349337,41.568376560199056,41.578208923339844,8334200
2026-03-11,41.361863219238224,41.568376607838324,39.80808724471508,39.98509979248047,13512400
2026-03-12,39.49339699651269,40.02443461146368,38.63783889556611,38.74601364135742,11087300
2026-03-13,39.178708769478646,39.690077906443754,38.67717574649309,38.72634506225586,7673800
2026-03-16,38.94269272288319,39.267216975406825,37.949458990518295,38.332984924316406,10178600
2026-03-17,38.35265230256948,38.57883416085512,38.028128059347644,38.09696960449219,12076600
2026-03-18,38.00846360317312,38.47065968582524,36.83821359809636,36.96605682373047,16950900
2026-03-19,36.916888988302865,37.18240781310209,36.51369456946966,36.8775520324707,11064500
2026-03-20,36.90705245444821,37.04472804691841,36.39568328857422,36.39568328857422,28159100
2026-03-23,36.73003967898237,37.025063091165784,36.14983272046874,36.73987579345703,9516100
2026-03-24,36.61203374030344,36.97589120859788,36.06132760477724,36.189170837402344,8667000
2026-03-25,36.07116265540595,36.130168088271844,35.048424327334985,35.56962585449219,13036200
2026-03-26,35.559794737424525,35.9236522077345,35.16643267395846,35.422119140625,11742100
2026-03-27,35.56962720146055,36.3170143738835,35.2352743233613,35.8449821472168,8948600
2026-03-30,35.864649894686025,36.52352702534166,35.7171381856307,36.49402618408203,10104100
2026-03-31,36.425187010815606,36.79887682391557,36.1498320810733,36.60219955444336,10128000
2026-04-01,36.44485730543265,36.789046295551124,35.962988967888144,36.59236526489258,8739000
2026-04-02,36.68087060124448,36.92672094542357,36.25800770914616,36.79887771606445,6656300
2026-04-06,36.69070598800176,37.300413779086,36.661201396348105,37.04472732543945,7543100
2026-04-07,37.01522816500231,37.23157767384807,36.09083219776989,36.189170837402344,8360900
2026-04-08,36.385850912035785,36.42518786740668,35.73680615393029,35.992488861083984,9644600
2026-04-09,35.64829871768043,36.22850566065782,35.45161769861755,36.13999938964844,8648700
2026-04-10,36.099998474121094,36.43000030517578,35.43000030517578,35.59000015258789,7620300
2026-04-13,35.52000045776367,35.630001068115234,34.040000915527344,34.560001373291016,11761100
2026-04-14,34.459999084472656,34.90999984741211,34.2400016784668,34.70000076293945,7920100
2026-04-15,34.75,34.75,34.209999084472656,34.4900016784668,7603600
2026-04-16,34.650001525878906,35.369998931884766,34.54999923706055,35.31999969482422,8771900
2026-04-17,35.36000061035156,35.880001068115234,35.220001220703125,35.5,7919200
2026-04-20,35.310001373291016,35.470001220703125,35.0,35.279998779296875,7265100
2026-04-21,35.31999969482422,35.470001220703125,34.90999984741211,35.04999923706055,7102700
2026-04-22,35.25,35.41999816894531,34.959999084472656,35.189998626708984,6546900
2026-04-23,35.279998779296875,35.650001525878906,35.099998474121094,35.27000045776367,2627680
