timestamp,open,high,low,close,volume
2021-01-04,87.2786364939041,87.40211241746897,84.65730423081347,85.5990219116211,37324000
2021-01-05,85.547452346587,86.62553994719731,85.14130899599806,86.28932189941406,20360000
2021-01-06,84.31614040020875,86.4837267272263,84.10984521545748,85.4378662109375,46588000
2021-01-07,85.63026481011545,88.16233866820387,85.63026481011545,87.9897689819336,41936000
2021-01-08,88.12961137899272,89.23051304839001,87.33913991776798,89.1546401977539,35484000
2021-01-11,88.1226681566943,88.4876553992653,86.8888697766191,87.09466552734375,34796000
2021-01-12,86.55263508531978,87.67039562957231,85.11551546654566,86.15938568115234,29528000
2021-01-13,85.65803281300867,87.09962451285838,85.65803281300867,86.64636993408203,23432000
2021-01-14,86.72668980185412,87.65303914635119,85.59603541168373,85.8365478515625,29212000
2021-01-15,85.74233085394611,86.66470765909816,84.88393179958005,85.67290496826172,31444000
2021-01-19,86.43561418775866,89.45267807678509,85.93128331929772,88.49211883544922,41660000
2021-01-20,90.56993747642771,94.20737744445935,90.2297543947526,93.2329330444336,64152000
2021-01-21,93.90636933143983,95.81211195428514,93.2002001837018,93.43525695800781,58634000
2021-01-22,93.79776072604933,94.43896084883245,93.05589117003073,93.85231018066406,32744000
2021-01-25,94.8530372036717,95.30331799676104,92.19599688493652,93.9375991821289,50586000
2021-01-26,93.52650995574975,95.00231152937288,93.03755491647793,94.61550903320312,31462000
2021-01-27,92.97703691453077,93.25275793882243,89.12735456548495,90.20147705078125,82512000
2021-01-28,90.79954240185926,93.62567923928557,90.79954240185926,91.90044403076172,55278000
2021-01-29,90.94930432506192,91.61976549487935,89.33961486968028,90.61903381347656,44530000
2021-02-01,91.47347570612914,94.99189672698161,91.47347570612914,93.87760925292969,40252000
2021-02-02,94.87238913054661,96.66953234686342,94.53715474973095,95.16943359375,66332000
2021-02-03,102.43388711910048,104.4675776467,99.85222011919001,102.10014343261719,97882000
2021-02-04,102.1864127017878,102.61685315687987,100.92087160601146,101.83978271484375,48596000
2021-02-05,102.13386099437315,103.9379504485251,101.6597824251192,103.58536529541016,29866000
2021-02-08,104.13928516789632,104.88313720480986,102.32181002045341,103.37162780761719,28828000
2021-02-09,102.88960036710665,104.06538344773938,102.65156986006313,102.91886138916016,21892000
2021-02-10,103.30319541840504,104.08374671519705,101.77086200517664,103.46882629394531,25102000
2021-02-11,103.69297120693396,103.84173555256167,102.5950434217079,103.58139038085938,20480000
2021-02-12,103.13608390402558,104.1144933325463,102.82861990262512,103.89282989501953,18990000
2021-02-16,103.73016383309847,106.37778331502909,103.73016383309847,104.6698989868164,31004000
2021-02-17,103.84076449120744,105.25210406830482,103.56157779925294,105.06266784667969,20294000
2021-02-18,104.38724144669854,105.22978044150346,103.8085208383096,104.42740631103516,22546000
2021-02-19,104.52559936877174,105.06067434938426,103.31758131898079,103.5843734741211,37938000
2021-02-22,101.83830606942489,103.1638524951323,101.56060251176662,101.87103271484375,29466000
2021-02-23,99.87404748325243,102.77556555705189,98.69578224116515,102.16163635253906,34658000
2021-02-24,100.66994969043266,103.56006401368582,100.54548251591704,103.33641052246094,22608000
2021-02-25,101.95384362185172,103.29624888975523,99.50210731725423,99.97122955322266,41548000
2021-02-26,100.66551274698598,101.98312175373609,99.23037533834507,100.26680755615234,40042000
2021-03-01,101.5606048992847,102.96053353696968,100.88716997270484,102.63472747802734,26060000
2021-03-02,102.39569597381312,103.87844380430377,101.99055145272833,102.37784576416016,25564000
2021-03-03,101.75648597138567,102.94862875695728,98.88273085300933,99.74610137939453,33892000
2021-03-04,99.91767835282445,102.87920137299997,99.44954734195224,100.86286926269531,49216000
2021-03-05,102.21272019148002,104.44675086190153,100.5578944284976,103.9939956665039,53100000
2021-03-08,103.34882412283017,104.8206529765834,99.43764570827803,99.55220031738281,36868000
2021-03-09,101.64739650665258,102.35008494397798,100.94569176049765,101.1817398071289,33920000
2021-03-10,102.22511823828405,102.22511823828405,100.13886060476449,100.9749526977539,27100000
2021-03-11,102.06741705146506,104.69817024362116,101.97964153853603,104.16606903076172,27702000
2021-03-12,102.96946115627736,103.02896690019689,100.78798996708696,101.65978240966797,33818000
2021-03-15,101.41083684371416,101.90723004915033,100.5583853117007,101.87995910644531,26168000
2021-03-16,102.45273295151992,104.81768533806229,102.12047992122729,103.34040069580078,31900000
2021-03-17,102.57570402029985,104.08968771643904,101.36818547416158,103.257568359375,26382000
2021-03-18,101.56952763068206,102.58960018110442,100.13141662467372,100.23853302001953,31700000
2021-03-19,100.65458821260705,101.01708592464301,99.32556866080017,100.51721954345703,46072000
2021-03-22,100.55044089964481,101.57745212300473,99.87452412279568,100.70218658447266,33536000
2021-03-23,101.16139325256839,102.35949109317576,100.56879507536709,101.22982788085938,28510000
2021-03-24,101.74705457606407,102.53256214622269,100.61838259998439,100.79344177246094,25218000
2021-03-25,100.62087395330168,101.44357268903416,98.98638031979517,100.78997802734375,35616000
2021-03-26,100.756757621596,101.1336399863924,99.371205870775,100.40665435791016,27978000
2021-03-29,100.2792009272737,101.62061514543679,99.45054707058068,101.45101165771484,26492000
2021-03-30,101.80756587150155,102.28809141391507,100.97296449597272,101.48473358154297,27312000
2021-03-31,101.87797712697532,103.45792116829037,101.51100739464236,102.28064727783203,42570000
2021-04-01,103.75496048721901,105.912126767769,103.71429621428719,105.61607360839844,39880000
2021-04-05,106.47746082606572,110.53592048261828,106.38125583923181,110.03852844238281,48510000
2021-04-06,109.63983782527505,110.4868413514052,109.18708259923096,109.5575180053711,35240000
2021-04-07,109.74793996872023,111.30507009532337,109.74793996872023,111.0338134765625,24134000
2021-04-08,112.27206420107896,112.65837480867786,111.23116773698662,111.59912872314453,28664000
2021-04-09,111.35168748380296,112.76649260885407,110.94603596033518,112.60284423828125,26146000
2021-04-12,111.78213236335719,111.91949348539603,110.47790920494737,111.31102752685547,25024000
2021-04-13,111.6269058095295,112.24579128521644,111.23315696050524,111.79749298095703,25682000
2021-04-14,112.44216174007808,112.44216174007808,110.88453990540746,111.17662048339844,21002000
2021-04-15,112.17042307269293,113.85896676847962,111.63583989984983,113.32586669921875,29174000
2021-04-16,113.52373007572085,113.77168077567667,112.61523834787371,113.20188903808594,26282000
2021-04-19,112.57854354901255,114.26014079100582,112.57854354901255,113.54951477050781,30290000
2021-04-20,113.9328401922627,114.00772178331093,111.93089265988128,113.01641845703125,22288000
2021-04-21,112.67127568827584,113.06551638343237,111.32093263815867,112.98369598388672,23204000
2021-04-22,112.837393589657,113.50587220316932,111.09777377545008,111.70277404785156,24146000
2021-04-23,112.4208378072845,114.36080521624167,112.13569603609702,114.05384063720703,29066000
2021-04-26,114.28146844023216,115.27377066190553,113.92441882355446,114.54975128173828,32038000
2021-04-27,114.93158969348886,114.97225396912138,113.37098650498807,113.61001586914062,44386000
2021-04-28,118.6444052488308,120.57247005777245,116.69650771409113,116.98512268066406,81106000
2021-04-29,118.48224361950828,119.22262247919515,117.71954253961522,118.65729522705078,41234000
2021-04-30,117.43045025355664,118.1162797453235,116.36624773223961,116.71040344238281,44856000
2021-05-03,117.2762089404866,118.10138954221922,115.81776586416933,116.19365692138672,28242000
2021-05-04,114.72925560951428,115.29656536605839,111.90906636547629,114.39601135253906,44818000
2021-05-05,115.47709216813345,115.79297809431026,114.46793099267961,114.7897720336914,26636000
2021-05-06,114.37122673822532,115.90951538085938,113.71217637295206,115.90951538085938,25190000
2021-05-07,117.22563540770174,117.59061507127338,116.34639717350244,116.63253021240234,28898000
2021-05-10,115.45278230823058,115.59461543086714,113.29065197517465,113.64820098876953,30914000
2021-05-11,111.23415327092532,113.07939883944981,110.78039927471382,112.57258605957031,34186000
2021-05-12,110.39707540750636,111.47764498191353,108.78192267103177,109.11070251464844,46376000
2021-05-13,110.39359947423983,111.05414048585153,109.43154957142508,110.53840637207031,33204000
2021-05-14,112.00130340485505,113.2995712389846,111.5778017225358,112.98516845703125,31996000
2021-05-17,112.25073891210808,113.5504974365383,111.85104254616843,113.50785064697266,21598000
2021-05-18,114.17385549892235,114.43817329757108,112.18231233154226,112.19619750976562,22204000
2021-05-19,110.50815409240448,112.81706629241613,110.35988157512777,112.64399719238281,23684000
2021-05-20,113.61100662106799,114.65239495545593,113.24007185238473,114.40196990966797,32352000
2021-05-21,114.92067995406296,114.99407844296304,113.52669887961433,113.76622009277344,40632000
2021-05-24,114.79571714938808,117.30795076933327,114.65041840397706,117.08430480957031,31832000
2021-05-25,117.62781165530731,118.22289182744397,116.7847807808758,117.17505645751953,22440000
2021-05-26,117.35603968275917,118.4703345881257,117.35306590917634,118.0398941040039,21572000
2021-05-27,118.47331515824983,118.47331515824983,116.84725869661128,117.1656265258789,35224000
2021-05-28,117.74781887099097,117.82963927117555,116.67816071964592,116.87651824951172,21482000
2021-06-01,117.74880281061728,118.30768309931028,116.74906245910415,118.08303833007812,23354000
2021-06-02,118.47827097273424,118.70093322748687,116.65384943203411,117.5578842163086,21158000
2021-06-03,116.3250609179108,116.88493242602453,115.52120377785195,116.41680145263672,18696000
2021-06-04,117.49241971560096,118.96822109902912,117.15222909034824,118.69745635986328,24458000
2021-06-07,118.49265941789501,119.2399846738455,118.07412155900927,119.13038635253906,24120000
2021-06-08,119.61192324881151,119.9843411682575,118.75748151026745,118.93898010253906,24240000
2021-06-09,119.58314905326921,119.65504930518125,118.86260289582098,119.41007995605469,17942000
2021-06-10,119.35950068179913,120.80158431684347,119.20378994220064,120.75843811035156,25904000
2021-06-11,120.99993539094038,121.08522897452744,119.95655696176605,120.51395416259766,21958000
2021-06-14,120.61610768688743,121.44227956527116,119.90895486343989,121.44178771972656,22098000
2021-06-15,121.44624948123858,121.76908177598153,120.06367916664863,120.42420196533203,21562000
2021-06-16,120.57543170506727,120.88686070681318,118.49066511474194,119.78248596191406,26472000
2021-06-17,119.70812106140869,121.51815815207105,119.51223788888802,120.74554443359375,25842000
2021-06-18,120.37211233184087,120.6061778242269,119.03119771508092,119.12641143798828,46116000
2021-06-21,119.51273832350716,120.99994312989033,118.91566806650118,120.81398010253906,27414000
2021-06-22,120.75198899495656,121.39666231815684,120.07161525109758,121.32772827148438,22390000
2021-06-23,121.09266658134959,122.08645184131146,120.83579457394919,121.12589263916016,19148000
2021-06-24,121.69419951157322,122.04678467759501,121.29748444838773,121.49584197998047,21362000
2021-06-25,120.99993398696205,121.62774832820787,120.5685022175003,121.50426483154297,34594000
2021-06-28,121.67287369057478,121.77850698140655,120.4103137257864,121.53154754638672,28526000
2021-06-29,121.66494274006068,122.0125716067318,120.69347211365788,121.27020263671875,23108000
2021-06-30,120.99449211806855,121.2548449065664,120.35973889878379,121.08871459960938,24474000
2021-07-01,120.72718096682148,121.58211440160566,120.53527041512392,121.44078826904297,18110000
2021-07-02,122.14052074770464,124.3760421604454,122.05076271213034,124.23074340820312,25982000
2021-07-06,124.61852120164065,125.39163425827388,123.56125763749851,125.15558624267578,26404000
2021-07-07,126.11962731057842,126.240621316996,125.1188956447412,125.43726348876953,24060000
2021-07-08,123.00933654007592,124.56596723994673,123.00537150808182,124.01898956298828,23790000
2021-07-09,124.00013909575392,124.70381872081973,123.53051741103474,124.48959350585938,18632000
2021-07-12,125.14368334235166,126.02787781640319,124.58132987577834,125.93464660644531,17668000
2021-07-13,125.99714317447354,127.00778748498041,125.63612851420876,126.29766082763672,19240000
2021-07-14,126.90910159126689,128.2663910341705,126.865955385297,127.1858139038086,23742000
2021-07-15,127.59443383506836,127.64501069030976,125.49280054236102,125.96390533447266,24218000
2021-07-16,126.61651165592089,126.763792905859,125.11938685402984,125.92919158935547,20424000
2021-07-19,125.05591587763702,125.17047048995204,122.49259846899817,123.55680847167969,27968000
2021-07-20,124.49851812065599,126.00159811872851,123.33117189440424,125.17493438720703,26312000
2021-07-21,125.09954731955017,126.55006030841558,124.99044841519027,126.50344848632812,20746000
2021-07-22,126.79605454564903,127.42981655242198,126.45388132678123,127.36881256103516,14302000
2021-07-23,129.36133455179797,132.30550704776215,128.73650906326645,131.92465209960938,41506000
2021-07-26,132.2356038265874,133.1366498906365,131.21701422335443,132.93630981445312,30572000
2021-07-27,133.14999766536482,133.29727889774745,129.03748857228877,130.81875610351562,54710000
2021-07-28,135.19460884795575,137.16333785236336,134.1685888131194,134.9783935546875,95130000
2021-07-29,135.0339185360519,135.5407312408076,134.43189968224377,134.6644744873047,31716000
2021-07-30,133.92810471351868,134.1953963144615,133.15449968254848,133.62213134765625,25576000
2021-08-02,134.00941440487134,134.22711280471987,132.6972613245468,133.7490692138672,21634000
2021-08-03,134.02726631580427,134.61937271017896,132.22665752851483,134.51821899414062,20762000
2021-08-04,134.24001564188015,134.53755950866824,133.38458270000555,134.01785278320312,19676000
2021-08-05,134.5683248820476,135.232346805551,133.74066212031818,135.1346435546875,17870000
2021-08-06,134.92681801926122,135.35378528959424,134.10163752154108,134.62579345703125,20488000
2021-08-09,134.8281458060164,136.05946972764093,134.23007678129167,135.79067993164062,17760000
2021-08-10,136.21616508986884,136.64314754338798,135.246684585336,135.68556213378906,19414000
2021-08-11,136.05700947405194,136.55389460315365,135.15446522499255,135.1619110107422,15352000
2021-08-12,134.86086429616063,136.1745155860973,134.31538491071916,136.0693817138672,16506000
2021-08-13,136.12493157350525,136.72646625528014,135.90971509193332,136.5985107421875,15948000
2021-08-16,136.39771161783665,137.22835577204958,134.18996003460117,137.17578125,22384000
2021-08-17,136.62083810095478,137.13211535901215,134.96651172789996,135.541259765625,21716000
2021-08-18,135.381094351041,135.98064658270377,134.21225730986575,134.33871459960938,19258000
2021-08-19,133.33350458588953,135.234782779033,133.1495240793781,134.5677947998047,21782000
2021-08-20,134.8851768373789,136.42643919078785,134.1413247592316,136.30296325683594,31194000
2021-08-23,136.83853312618544,139.71971902868404,136.47950099945666,138.8935546875,28454000
2021-08-24,139.45888047774642,140.91534875374498,139.18812326737765,140.1035614013672,19268000
2021-08-25,140.4640639174662,141.02393547801682,140.21711205572637,140.91433715820312,15848000
2021-08-26,140.58802387845228,141.2500479016059,140.19824011481427,140.28106689453125,20610000
2021-08-27,140.49130695739635,143.32786285323314,140.3370793606846,142.8235321044922,28780000
2021-08-30,143.2162833413951,144.7739200341468,142.9812266193954,143.4052276611328,24434000
2021-08-31,143.9571917138558,143.98148131585134,143.0982932268432,143.51136779785156,22448000
2021-09-01,143.8113978553602,145.05511631686906,143.69585198821633,144.02513122558594,21936000
2021-09-02,144.02563035315396,144.32663982177834,142.01127317307444,142.11244201660156,32342000
2021-09-03,141.90762370846002,142.97330911300233,141.23319004017313,142.56121826171875,19850000
2021-09-07,142.65546562838,143.37997686078998,142.44173224208836,143.09780883789062,20124000
2021-09-08,142.91879692732815,143.2163256757529,141.8278077374024,142.5131378173828,18344000
2021-09-09,142.66140907531098,143.12755759724692,142.0038493948319,142.36436462402344,15314000
2021-09-10,143.030343356749,143.53220739667623,139.58433740573318,139.72120666503906,36840000
2021-09-13,140.7859002496474,141.77820242843924,140.09214075232128,141.165771484375,22094000
2021-09-14,141.82332937621524,142.18782475783476,140.5880403778888,141.3760223388672,19674000
2021-09-15,141.60116132377672,143.2663989340108,140.18883824930154,143.24557495117188,27408000
2021-09-16,142.77050902430236,143.1171466443425,141.23421048693598,142.43280029296875,26190000
2021-09-17,141.8580435231661,142.27409944382737,139.31853152816512,139.6458282470703,53384000
2021-09-20,137.02895758765368,137.86058517975945,135.20454353336754,137.58238220214844,46518000
2021-09-21,138.60394429145055,138.86380522550456,137.1445098358899,137.89332580566406,25332000
2021-09-22,138.16208194134197,139.73209820488628,137.41574800022835,139.133544921875,25056000
2021-09-23,139.83179860304818,140.534986416547,139.25060362210317,140.0584259033203,20952000
2021-09-24,139.3864691123975,141.16378703061662,139.0914071880992,141.04922485351562,22984000
2021-09-27,139.65029458618613,140.77500156753678,138.91933644415815,139.9156036376953,21882000
2021-09-28,137.5184232831249,137.95630206318702,134.25043470064762,134.71658325195312,45772000
2021-09-29,135.85714754159193,136.02675103167505,132.76769140885952,133.25218200683594,30848000
2021-09-30,133.1609107915046,134.43140060858275,132.46118872527043,132.5802001953125,37996000
2021-10-01,133.3454089668454,135.78823199119176,132.9739823084811,135.42373657226562,35360000
2021-10-04,134.845991044881,134.845991044881,129.97575169598792,132.56385803222656,51202000
2021-10-05,132.94224164734214,136.09964809191845,132.94224164734214,134.90798950195312,32404000
2021-10-06,133.64539036277682,136.62079794042677,133.44703288434127,136.43731689453125,24364000
2021-10-07,137.75347740127893,138.89405973958108,137.51445558203253,138.08375549316406,25110000
2021-10-08,138.43286154368056,139.180678709359,138.0763113266695,138.63966369628906,26526000
2021-10-11,138.15019117218512,139.55854921153343,137.72072679461957,137.77528381347656,17954000
2021-10-12,138.33663473843401,138.36342140161824,134.64712752694697,135.3304901123047,36332000
2021-10-13,136.27617541967604,136.86878120226152,135.39991852664056,136.45420837402344,19654000
2021-10-14,138.33068721492134,140.17890644011712,137.68700521186503,139.9939422607422,31894000
2021-10-15,140.45366783413928,140.55631979319722,139.60121618297967,140.2091827392578,30274000
2021-10-18,139.92007540027947,141.62547801674657,139.91312902751054,141.6076202392578,20396000
2021-10-19,142.2121299993637,142.48488486692986,141.43109432493534,142.0628662109375,20164000
2021-10-20,142.16302664662172,142.36932937667234,140.21760340386373,140.6068878173828,23288000
2021-10-21,140.6068856243596,140.99072189641535,139.3482906803263,140.72293090820312,26292000
2021-10-22,138.00932782246812,139.43057963798353,134.94069634303045,136.43881225585938,50588000
2021-10-25,136.42244976052888,136.86875790085557,134.31387042474105,136.32029724121094,34412000
2021-10-26,138.12195088453703,138.93472200245625,137.1708122409943,138.1665802001953,49236000
2021-10-27,138.26224995262072,147.43146079079884,138.26224995262072,145.01890563964844,85782000
2021-10-28,145.92839660361173,145.95170251359744,143.4414441362277,144.65342712402344,36206000
2021-10-29,143.88878516538037,147.0268510185373,143.46380028291566,146.83245849609375,43320000
2021-11-01,146.8324309481015,146.8324309481015,142.05143515277334,142.32070922851562,46924000
2021-11-02,143.39432146275416,145.4071801058205,143.15231836090632,144.24032592773438,33482000
2021-11-03,144.70452437779974,145.4667336808486,143.405764521186,145.3963165283203,27494000
2021-11-04,145.91847295050908,148.5060949140484,145.10866822451723,147.05210876464844,38412000
2021-11-05,147.94672303683166,149.0952354055238,146.9822063116092,147.6318359375,38354000
2021-11-08,148.59683920952253,149.38037183168208,147.21376959274264,147.80935668945312,23052000
2021-11-09,148.00972059814333,148.60629148213926,146.03800993877508,147.6977996826172,19530000
2021-11-10,146.29090824279103,146.85624308458767,143.35269859682205,144.69757080078125,29970000
2021-11-11,145.28869002419106,146.32612090055292,144.40696987833476,144.5716094970703,16518000
2021-11-12,145.4136656401591,147.62986135268545,144.219040793597,147.45925903320312,22360000
2021-11-15,147.6799325584469,148.32361464376697,146.36529744247616,147.235107421875,23508000
2021-11-16,146.93509022325514,147.5430567260628,146.10494573454355,146.66383361816406,18904000
2021-11-17,146.81410943319142,147.34174630903868,146.0330736802701,146.8334503173828,19594000
2021-11-18,147.0263355590037,149.3461667867612,146.67226728662533,148.61024475097656,35608000
2021-11-19,148.74610077592874,149.72898972518277,147.67843279309778,147.70570373535156,33682000
2021-11-22,148.10838258410493,148.6013025990791,144.94949337082977,145.10272216796875,30594000
2021-11-23,144.95495136652673,145.45779912839131,142.93366287312807,144.5869903564453,27218000
2021-11-24,144.28102578011982,145.05066575153023,143.18955232530504,144.92222595214844,18040000
2021-11-26,143.16523224151518,143.3725186493825,140.67977786294543,141.01748657226562,30470000
2021-11-29,142.81959849591408,145.0982659592094,142.7139652055701,144.33755493164062,32596000
2021-11-30,143.81980430048174,144.80317741100362,140.4407351936867,140.73431396484375,42068000
2021-12-01,142.8195956469263,144.75410739029755,139.75691130496085,139.895263671875,34020000
2021-12-02,140.09213056944827,142.68520065080236,139.06511173639353,141.7940673828125,29194000
2021-12-03,142.50321577437006,143.2163161657655,139.15091751675573,140.8374786376953,41230000
2021-12-06,141.86795825434288,142.67329857712156,139.00114949695094,141.9815216064453,30618000
2021-12-07,144.40301145252772,146.32166315012472,144.0370329543183,146.0623016357422,32240000
2021-12-08,146.38661124962783,147.17659085728474,145.20587927665102,146.97177124023438,24270000
2021-12-09,146.38117245241173,147.8778055616714,145.9090763713213,146.42828369140625,23270000
2021-12-10,147.481060069157,147.75628168931388,145.501419679147,146.7882843017578,24458000
2021-12-13,146.5700951293805,146.75705697342113,144.32466128723686,144.63113403320312,27070000
2021-12-14,142.78787579064948,143.29567231486587,140.05743659724035,142.7273712158203,38446000
2021-12-15,142.2334415962049,145.51828889506476,140.51662819810505,145.24058532714844,36370000
2021-12-16,145.96410864255435,146.46645697869997,142.42981251292935,143.26095581054688,33650000
2021-12-17,141.33188874138816,142.65545262972856,140.1417284945182,140.56324768066406,50416000
2021-12-20,138.85239100741393,140.61235063263806,138.17895606354023,140.4462127685547,27192000
2021-12-21,140.88904290220043,142.68966664568237,139.35076199155114,142.29641723632812,28756000
2021-12-22,141.89473474558528,145.29909260146448,141.89473474558528,145.21478271484375,26322000
2021-12-23,145.29911422761188,147.0283222152052,145.2515035755231,145.7122039794922,26384000
2021-12-27,146.04891135250273,147.1279902675561,145.96311835123439,146.69407653808594,15976000
2021-12-28,147.02088732134416,147.08337441512606,144.85728115771545,145.48458862304688,18200000
2021-12-29,145.44240783326498,146.2085820571264,144.45358650051998,145.45281982421875,17788000
2021-12-30,145.49152966687038,146.09256498744182,144.7977701008214,145.0020751953125,15688000
2021-12-31,144.85280491667777,145.4959875927401,143.6646270751953,143.6646270751953,18136000
2022-01-03,143.86594988262885,144.65543012836076,142.53495522830957,143.802978515625,28646000
2022-01-04,144.20417299307056,145.28425084886646,142.53845076978192,143.21585083007812,28400000
2022-01-05,143.23616397542605,143.3150106060316,136.55935260045507,136.6456298828125,54618000
2022-01-06,135.87550910453731,138.7928950463076,135.43911342349688,136.6183624267578,37348000
2022-01-07,137.01305762199098,137.31358276659608,134.65356143428943,135.89381408691406,29760000
2022-01-10,133.97073966369757,137.68157063585514,132.0729270904359,137.5327911376953,44408000
2022-01-11,136.87574497844983,139.06663719581033,135.5720211712193,138.59056091308594,28730000
2022-01-12,139.9929457226333,141.4390018146242,139.54118939726052,140.27114868164062,26108000
2022-01-13,140.3797859761397,141.6790605815753,137.27445414017416,137.4510040283203,31436000
2022-01-14,135.9553541493422,139.58833799377902,135.87552381688477,138.33717346191406,29662000
2022-01-18,135.05874499682633,136.00740156008052,134.32828625328975,134.88319396972656,34872000
2022-01-19,135.40440607477944,136.82863968515622,133.90877161248727,134.00894165039062,28648000
2022-01-20,135.1331212999803,136.49784887181025,131.8745463034307,132.21473693847656,29908000
2022-01-21,131.506600309101,133.75996411235568,129.02014712662628,129.28297424316406,55652000
2022-01-24,124.94533645029941,130.1275124017033,123.47945498392451,129.73178100585938,76622000
2022-01-25,127.68469738972522,128.33829204225916,125.46355309123715,125.89448547363281,46960000
2022-01-26,130.04417107706672,131.9097485375021,126.09976709115335,128.1736297607422,49130000
2022-01-27,130.22767566573776,131.5651172616213,127.87560963585803,127.94752502441406,31950000
2022-01-28,128.59613680815025,132.2633368035548,127.43176448871137,132.25787353515625,34362000
2022-01-31,133.06224407236246,134.36250208787934,131.12574979400958,134.1943817138672,39986000
2022-02-01,136.4665617799076,136.66343614284096,133.26700909046107,136.51565551757812,68644000
2022-02-02,150.01017866907893,150.3042417927189,144.32963459516995,146.7868194580078,123200000
2022-02-03,144.51112229924576,148.4480810526987,141.49603343553346,141.91705322265625,71518000
2022-02-04,142.26867081780298,143.6874410729593,139.36317994593287,142.118408203125,57998000
2022-02-07,143.06757616212872,143.06757616212872,137.76142430297742,138.05996704101562,54974000
2022-02-08,137.88685780823388,138.85237322389543,135.89085796988192,138.2563018798828,54284000
2022-02-09,139.80797789700927,141.3561864794341,139.03783863725855,140.4313201904297,40144000
2022-02-10,138.55830248421256,140.3246936120616,136.82611353380625,137.48367309570312,39330000
2022-02-11,137.46387619119915,138.01580259283259,132.30648944702975,133.1817626953125,39958000
2022-02-14,132.16415735662878,135.18271167288583,132.16415735662878,134.41505432128906,34302000
2022-02-15,136.4427979327925,136.9763973849014,134.7081419187358,135.4886932373047,26680000
2022-02-16,135.52635776433524,136.95405656109108,133.81797410147496,136.60891723632812,25022000
2022-02-17,135.12619300415574,135.98955606011734,131.3925552622797,131.4525604248047,38950000
2022-02-18,132.37293985364457,132.97100892915242,129.12925617493363,129.3340606689453,45620000
2022-02-22,128.77367925061782,131.09697591573786,127.17241181915688,128.7493896484375,44990000
2022-02-23,130.56935363366216,130.96855064132313,126.48213198505229,126.5421371459961,32786000
2022-02-24,123.92923223959937,131.90977476291786,123.92923223959937,131.60330200195312,54456000
2022-02-25,132.4572527893111,134.16265544616002,130.67150526556998,133.35731506347656,36406000
2022-02-28,131.95938366728677,134.63873167161665,131.5056295866077,133.94993591308594,38864000
2022-03-01,133.77287444721637,135.13858587625842,132.1264932248051,132.9625701904297,26496000
2022-03-02,133.52440864701174,134.15369844831133,131.98066460485006,133.46836853027344,23520000
2022-03-03,134.8950837847723,135.32106741558047,131.93505144439177,132.80189514160156,24604000
2022-03-04,131.83786771432526,132.75428947542676,129.26908704703752,130.82522583007812,30430000
2022-03-07,130.41016532100002,130.6551346655655,125.25972533418172,125.34254455566406,45112000
2022-03-08,125.21510386863837,130.1741178832379,124.64432087127925,126.0625991821289,40428000
2022-03-09,130.17409924594682,132.63922887603567,128.83565901257037,132.32630920410156,37026000
2022-03-10,130.19000303239358,132.17955633727135,129.83940035172492,131.34396362304688,27102000
2022-03-11,132.39426221843516,132.698752456179,128.56888416798853,128.80592346191406,31526000
2022-03-14,129.18230442418397,129.33999766688925,124.24808740004758,124.91854095458984,38812000
2022-03-15,125.93516041311607,128.79007444618782,124.68995111051669,128.13894653320312,30920000
2022-03-16,129.66133986214837,132.24001771815753,127.67921762993845,132.18795776367188,35576000
2022-03-17,132.05756641925296,132.98143408968724,131.1014639438647,132.74191284179688,28264000
2022-03-18,132.33078043484574,135.1271719338952,131.17433810969047,135.0096435546875,44566000
2022-03-21,135.04732810159504,135.92656630102422,132.99330550843302,134.98583984375,26832000
2022-03-22,134.9858461376951,139.89378371835335,134.9858461376951,138.72146606445312,35496000
2022-03-23,137.56551524552734,138.44425402347676,136.70513365586095,137.1420135498047,25154000
2022-03-24,138.058933800913,140.458110844999,136.62132231474047,140.4114990234375,26396000
2022-03-25,140.7526925700073,140.8707203771551,138.59205274099185,140.51168823242188,24126000
2022-03-28,139.74551627484473,140.83848798996723,138.66543848117558,140.2959747314453,35050000
2022-03-29,141.4781907391212,142.61479282683288,140.87417414180615,141.33734130859375,34318000
2022-03-30,141.29223395375402,141.55059664678325,140.43928293794912,140.77500915527344,19884000
2022-03-31,140.88856773781393,140.9431247655112,137.88490447229108,137.92755126953125,37524000
2022-04-01,138.3564979945896,139.3195316638882,137.1737682495904,139.0016632080078,25942000
2022-04-04,139.2079728997419,142.53398429656113,139.16036224405133,141.79954528808594,25942000
2022-04-05,141.69787954637118,141.8183741448747,139.23176584389168,139.4385528564453,21418000
2022-04-06,137.6126258686909,138.21812553888182,134.40612601563646,135.42868041992188,32468000
2022-04-07,134.89509176328988,136.04013849416,133.1272020827794,134.77459716796875,26234000
2022-04-08,134.47208496943966,134.5578779659387,131.87554910979466,132.19491577148438,25142000
2022-04-11,130.7429256647374,131.0097178490168,127.61378885750443,127.76751708984375,36884000
2022-04-12,130.52125019058332,130.52125019058332,125.7496824779024,126.66759490966797,32710000
2022-04-13,126.95078208138327,129.2656498851894,126.69390244473206,128.82925415039062,27928000
2022-04-14,129.4099304660489,129.4099304660489,125.56321417081908,125.691162109375,31598000
2022-04-18,125.95894510688915,127.16149984822547,125.14764969712186,126.62989807128906,20808000
2022-04-19,126.64477542409657,129.26461711503015,125.95844660693362,128.9432830810547,26490000
2022-04-20,129.81905168731214,130.32189946504832,126.4548582513956,126.99042510986328,31696000
2022-04-21,128.1905088826277,129.0320490590413,123.50572537982224,123.79136657714844,36446000
2022-04-22,123.9753354789634,124.37404058160757,117.95013720142737,118.6548080444336,56884000
2022-04-25,118.1247001432462,122.26696285548644,117.53954013860086,122.06513214111328,46128000
2022-04-26,121.29202455748772,121.50575793064277,117.53953815889362,117.67739868164062,73054000
2022-04-27,113.53116592670582,116.2809382238553,111.81237758233146,113.35760498046875,91820000
2022-04-28,115.46071897101857,118.66870208583143,113.17956960106591,117.55094146728516,48884000
2022-04-29,115.77760818173668,116.95339156318096,112.88154564341171,113.17412567138672,42676000
2022-05-02,112.47539905815094,115.78851630049633,111.67699747496509,115.62734985351562,35534000
2022-05-03,115.47608756923125,117.47110390717961,115.08333755024837,116.37218475341797,24968000
2022-05-04,116.07217173392031,121.84743753057185,114.17236904181686,121.25880432128906,49916000
2022-05-05,119.21866011890872,120.04681450711568,114.06277194925556,115.55047607421875,45840000
2022-05-06,114.24030932144473,116.60774359414943,113.08089313905965,114.79769897460938,39710000
2022-05-09,112.32167057637727,114.13369779854568,111.08241645044278,111.58872985839844,40802000
2022-05-10,114.56065130362705,115.29706511899676,111.97501939704058,113.45726776123047,39900000
2022-05-11,112.30828274140973,115.41064030425353,112.30828274140973,112.67127990722656,37534000
2022-05-12,110.4645054940696,113.35808557765253,108.92423453859938,111.91898345947266,53836000
2022-05-13,113.594142514748,116.90875017939355,112.67375572924637,115.09920501708984,35038000
2022-05-16,114.01317216302417,115.21771695665214,112.95591618323131,113.5068588256836,25990000
2022-05-17,115.88272204406621,115.94173593854345,113.92837768916225,115.51823425292969,23054000
2022-05-18,114.05731760057398,114.45404021864253,110.64104923458649,110.98223114013672,35126000
2022-05-19,110.5180627695379,112.08362213791699,109.09829397497361,109.4791488647461,34144000
2022-05-20,111.03329836194462,111.26389823607131,104.92925348383902,108.01524353027344,48962000
2022-05-23,108.68918571926903,111.22819834582448,107.84962051186193,110.57410430908203,37184000
2022-05-24,104.90495862013972,105.58583172037198,101.04932107319485,105.10133361816406,76780000
2022-05-25,104.12489705414852,105.62698566700652,103.00515400506396,104.93768310546875,40258000
2022-05-26,104.8107448453719,107.75887468895839,104.3624465360755,106.90890502929688,37948000
2022-05-27,108.58553629317109,111.39729602913795,108.24385499776788,111.39580535888672,37914000
2022-05-31,111.82229671590991,114.78630197702584,111.1597731470303,112.82947540283203,50012000
2022-06-01,113.91350798260179,116.14159098002285,112.3216612422036,112.9583969116211,36606000
2022-06-02,113.0655218882824,116.93305500118844,112.02066027717234,116.6583251953125,37992000
2022-06-03,115.11110111753601,115.36798068092384,112.5879563145143,113.6020736694336,26136000
2022-06-06,115.74784575456003,118.36868641474054,115.21177950019366,115.86289978027344,33542000
2022-06-07,114.53388373543117,116.72626645111426,114.10889889465038,116.18920135498047,31590000
2022-06-08,115.80437236671298,117.59854920159584,115.64419719383626,116.23332977294922,26108000
2022-06-09,115.37393923285215,117.32928262353619,113.83515876761014,113.89417266845703,25798000
2022-06-10,111.52326180460535,112.3504249488664,109.46130149167207,110.25028228759766,41452000
2022-06-13,105.91114561990199,107.89970745137141,105.24912150780392,105.52037811279297,47252000
2022-06-14,105.66170449580932,107.03981023394988,104.93272890444857,105.8407211303711,33706000
2022-06-15,107.65522972129614,110.5101358678124,106.78691045306238,108.86473846435547,39698000
2022-06-16,106.34207999882139,107.75787626146192,104.27615475355856,105.16431427001953,51684000
2022-06-17,105.16431141911136,107.80845775947009,104.18490323391687,106.26521301269531,51376000
2022-06-21,108.03657603615589,111.56739902352787,107.70977872020165,110.62964630126953,47416000
2022-06-22,109.65025544274988,112.41737874520486,109.47767817468379,110.57362365722656,30774000
2022-06-23,111.31151793905035,111.81833075860875,109.5947120241901,111.32192993164062,28362000
2022-06-24,112.0687608319365,117.11108593640661,112.02660588324883,117.0079345703125,41164000
2022-06-27,117.30349693355397,117.60748019835728,114.23534911421451,114.88399505615234,36420000
2022-06-28,114.8532454023872,116.34789602426181,110.93116279588207,111.08935546875,35792000
2022-06-29,110.63759325554062,112.2329057759541,109.96365886170436,110.7858657836914,24716000
2022-06-30,109.09831103463256,109.97903242980904,105.87495184497295,108.06980895996094,43170000
2022-07-01,107.0482435979797,108.35444913580423,105.85560141078064,107.84615325927734,35476000
2022-07-05,106.22257357959492,112.4476205204141,104.8647923311928,112.33455657958984,39342000
2022-07-06,112.37323400124177,114.6419812155782,110.56219823466688,113.63282012939453,37432000
2022-07-07,114.13666235926765,118.21247285733529,113.8921848578157,117.8093032836914,40936000
2022-07-08,116.28887225514453,118.70390952621402,115.94322591003493,118.37512969970703,38238000
2022-07-11,117.03073649463757,117.03073649463757,114.38509945369388,114.72826385498047,31196000
2022-07-12,115.26235327439865,116.01513422724025,112.75805737728307,113.08584594726562,29960000
2022-07-13,110.78535950872107,113.25991018567453,110.28995752777116,110.44071197509766,43722000
2022-07-14,109.30708070983803,110.18234634307093,107.48464162453597,109.4627914428711,37004000
2022-07-15,111.08240810060202,112.21306263725859,109.99092716981522,110.8612289428711,46770000
2022-07-18,111.71666191412223,112.74813768915693,107.48166747224792,108.1362533569336,43164600
2022-07-19,109.94133979066089,113.08535287704044,108.66191325988503,112.8770751953125,36530900
2022-07-20,112.24231216588865,114.45403556404811,111.55797343357686,112.9663314819336,35600400
2022-07-21,113.34321184946066,113.6110028170901,110.19919909252089,113.40271759033203,32676200
2022-07-22,110.09008950149368,111.41910136428694,105.62697776494663,107.0155029296875,48901200
2022-07-25,107.52134719462656,108.96937840173452,105.42864264206895,106.62872314453125,34690900
2022-07-26,105.72616877091382,106.32124889141323,103.2169090921242,104.15911865234375,47991000
2022-07-27,108.36437830874573,112.97626293838638,107.12462478286679,112.13322448730469,59858500
2022-07-28,111.44888067205848,113.40272578477607,110.54633651373639,113.2837142944336,32816600
2022-07-29,112.15305449933629,115.75329568436271,112.13321420730232,115.36649322509766,37223400
2022-08-01,114.35486029276694,115.76321838407448,113.4027229923445,113.91846466064453,26034300
2022-08-02,113.06552194158387,115.39625706472798,112.78781836154697,114.1862564086914,20236000
2022-08-03,114.76148550580163,117.64763489421527,114.533375130197,117.112060546875,28499000
2022-08-04,116.51700464627605,117.80634383881447,115.93183701746165,117.22118377685547,21602900
2022-08-05,115.27723913427396,117.1418256153438,115.04912116805919,116.50707244873047,19159500
2022-08-08,117.41953186952958,119.16510690112827,115.92190753578308,116.33847045898438,19138300
2022-08-09,116.17977170860331,116.35829650347921,114.76149349565979,115.6739501953125,19086500
2022-08-10,117.80633141765588,119.92878873304059,117.43936923676468,118.71878814697266,30930400
2022-08-11,120.28584605400722,120.49412374035786,117.58814114476164,117.8658447265625,24293700
2022-08-12,119.27421317643834,120.68257141113281,118.48076786758934,120.68257141113281,19096300
2022-08-15,120.13706749098401,121.29748248930953,119.62133337705963,121.07928466796875,19494800
2022-08-16,120.5238677790755,121.42641192061868,119.65108407641937,120.702392578125,19041200
2022-08-17,119.13534218584766,120.29574952040444,118.40140274502447,118.57001495361328,22847000
2022-08-18,118.45101217804252,119.82961750509602,117.74683307742816,119.18494415283203,17987700
2022-08-19,118.08404022953236,118.17330641726673,115.80289830486177,116.24920654296875,21809500
2022-08-22,114.25566512130368,114.68214057418322,112.91673302356456,113.30353546142578,21456600
2022-08-23,112.54977631975122,114.06723327503279,112.50018315686643,112.9266586303711,15870400
2022-08-24,112.56960408080326,113.83911029938794,111.94477111702129,112.75804901123047,17734600
2022-08-25,113.30355342238907,115.76322777545683,113.17462177828163,115.69380187988281,16956800
2022-08-26,113.7796015615077,114.17632413607375,109.28673675416756,109.43550109863281,37245700
2022-08-29,109.08838330000286,110.040513040239,107.90814316272662,108.52305603027344,21191200
2022-08-30,109.2669025344326,109.5941992441479,106.9163349590416,108.04698944091797,27513300
2022-08-31,109.74297432432968,109.94133184491908,107.24362719051874,107.33289337158203,28627000
2022-09-01,107.39240011242691,109.54461025492617,106.47994340226887,108.8404312133789,28360900
2022-09-02,109.68346459238305,109.832236521105,106.38076712239958,106.96592712402344,24160700
2022-09-06,106.42044469733727,107.14445651227068,104.91290018646603,105.93445587158203,25068300
2022-09-07,106.18239517986085,109.07846482937784,106.02371068181908,108.55280303955078,23167000
2022-09-08,107.15436785234293,108.70157768967908,106.28158417405022,107.4915771484375,24238300
2022-09-09,108.17593072235994,110.08019027578453,108.12633755578807,109.74298095703125,23197700
2022-09-12,110.0801874345021,110.70502802301867,109.02887891863624,109.95125579833984,22966800
2022-09-13,106.91634367306543,107.4122450675289,103.2367486673143,103.4648666381836,38172900
2022-09-14,103.71282196440401,104.41700106794902,102.8102853209623,104.13929748535156,26395100
2022-09-15,103.17723571198333,104.40706896560022,101.51100684033769,102.06642150878906,34188300
2022-09-16,101.23331701288926,102.28462561681641,100.11258251185099,101.95733642578125,42797200
2022-09-19,100.91593353936474,102.48298375828159,100.71757600878111,102.22511291503906,23036800
2022-09-20,101.24323304040989,101.5308567644108,99.69601550554796,100.3109359741211,26517100
2022-09-21,100.83659474851395,102.03667529857252,98.45626637613883,98.4661865234375,31487300
2022-09-22,98.00995057481285,100.4101114902342,97.98019770206167,99.31912994384766,34298600
2022-09-23,98.81330688401681,98.84306732316416,96.67101684353818,97.93060302734375,31625400
2022-09-26,97.29583900935431,99.06124652577749,96.99830275276098,97.36526489257812,27072700
2022-09-27,98.61495489564797,99.18028220152245,96.0759420926826,96.70077514648438,30072800
2022-09-28,96.84953796570939,99.87453174796886,96.31396358421772,99.22986602783203,32466300
2022-09-29,97.8314301011561,97.8314301011561,95.17339822616405,96.62142944335938,31047200
2022-09-30,96.25446166796625,98.08929527552542,94.77667009540615,94.86593627929688,32941500
2022-10-03,95.96682700199257,98.47608650806613,95.7287889166939,97.83141326904297,27982000
2022-10-04,99.61666354191142,101.00518123961032,99.5571502356858,100.80682373046875,28850800
2022-10-05,99.0116735801322,101.09445790974014,97.99011792498692,100.59855651855469,22176900
2022-10-06,99.85470635132027,102.08626265455283,99.76544016442644,100.58863830566406,22324000
2022-10-07,99.03150112865876,99.70592728808386,97.49421143647145,97.87109375,27502800
2022-10-10,98.18847005614693,98.28764881556005,96.21478474646479,97.05781555175781,18225100
2022-10-11,96.6313430235072,98.43642374055914,95.52052121037734,96.38339233398438,26507100
2022-10-12,96.50241351977157,97.94052452401523,95.94699881751596,96.7602767944336,21876400
2022-10-13,94.37001872764498,98.96206203302697,93.60632648962917,98.24796295166016,34574500
2022-10-14,99.17036238714927,99.86462890500115,95.58004100220128,95.76847839355469,25410700
2022-10-17,98.04961868688342,100.10265003936581,98.01986581562133,99.15052032470703,28419200
2022-10-18,102.28460163044937,102.62181845652063,99.15050928129705,99.9439468383789,24060700
2022-10-19,99.19019861679422,100.1919139812081,98.10912964670428,98.81330871582031,23811100
2022-10-20,99.18027319596912,101.48125523144144,98.57527292412537,99.15052032470703,25323200
2022-10-21,97.04791306215259,100.47955021679023,96.91898140814381,100.301025390625,32458700
2022-10-24,100.96551960605208,101.90772916035505,99.1604389639881,101.67961120605469,27176400
2022-10-25,102.05651534606606,103.96077501261335,101.8779905293988,103.62356567382812,40611400
2022-10-26,95.6395366616455,97.50412305253043,93.91380204631294,94.1518325805664,88114100
2022-10-27,93.74519988449306,94.64774408921001,91.04750255104241,91.46405792236328,60710900
2022-10-28,91.51363539732378,95.75855747636481,91.37478361921333,95.50068664550781,43697300
2022-10-31,94.637811790529,95.242812042702,93.20962104840368,93.73527526855469,31675000
2022-11-01,94.66756687746879,95.2428142728165,89.62921479576478,89.7283935546875,47161400
2022-11-02,90.19454589639709,90.43257644134617,86.16782152387951,86.25708770751953,57038300
2022-11-03,85.61241063994241,85.81076815755338,82.6568351996716,82.74610137939453,61288000
2022-11-04,84.69994242037153,85.92977550920158,83.02379362739967,85.87026977539062,51124900
2022-11-07,86.56455262317961,88.17127598440243,86.13807708965564,87.76463317871094,34078900
2022-11-08,88.17125701904297,89.57961496473098,86.8719904032514,88.17125701904297,30429000
2022-11-09,87.72495193475426,88.70684212468586,86.56454451049467,86.60421752929688,31769100
2022-11-10,91.49380333022981,93.61626060159357,90.85905017805679,93.16995239257812,51620100
2022-11-11,93.91380328731896,96.1354392923686,93.15011094483498,95.61970520019531,33090500
2022-11-14,94.31051943427285,95.99658864167773,93.73527959271193,94.91551971435547,30179500
2022-11-15,97.4545394739204,99.31912590340235,95.91724219824151,97.63306427001953,41640800
2022-11-16,97.09748619804606,98.82322078363063,96.83961537638496,98.0396957397461,29105200
2022-11-17,96.17511335721086,98.46617527590662,95.99658856050377,97.55371856689453,26052600
2022-11-18,97.96035978371822,98.08929899123865,95.5800391036644,96.63134765625,28342300
2022-11-21,96.49248658714596,97.59338820085925,94.5783070537111,94.81633758544922,21647400
2022-11-22,95.16346653720288,96.42306021024527,93.2790474508061,96.25445556640625,23438500
2022-11-23,96.29412816473291,97.95044455619234,96.29412816473291,97.65290069580078,18868100
2022-11-25,97.43470728675223,97.83142992962435,96.60159654689032,96.66110229492188,9701400
2022-11-28,96.24453976932135,96.78011416235111,94.82626153412802,95.26265716552734,26237500
2022-11-29,94.94528050830175,95.33208297513312,93.33855733056448,94.40970611572266,20061700
2022-11-30,94.04273414974281,100.21174831439473,93.64601154608545,100.16215515136719,43647500
2022-12-01,100.191908022442,101.4118287044889,99.42822325305634,100.16215515136719,28687100
2022-12-02,98.23807103454332,99.94396550598155,98.08929910016103,99.6166763305664,21480700
2022-12-05,98.58520473725795,100.54897014150208,98.18848208415297,98.66455078125,24405100
2022-12-06,98.48602563501785,98.96208676366123,95.62962859573672,96.18504333496094,24910700
2022-12-07,95.6197019736811,96.08584288669229,93.94355298868143,94.16175079345703,31045400
2022-12-08,94.59813448405295,94.79649955511114,92.68395505775045,92.94182586669922,32213300
2022-12-09,93.0013431152763,93.48733192437892,91.98970761165849,92.06905364990234,28225400
2022-12-12,91.95004005081348,92.79307094834755,90.85905844418969,92.54512023925781,29420000
2022-12-13,96.95863687909693,98.7141243795283,94.2510121002556,94.8460922241211,40593700
2022-12-14,94.41961155521665,96.0759277719066,92.83272878989905,94.29067993164062,28733600
2022-12-15,92.36658508509045,92.87240659372344,89.27216542487523,90.11519622802734,40107000
2022-12-16,90.01602009048204,90.58134735770545,88.786179227131,89.5201187133789,58011800
2022-12-19,89.52013069523537,89.81766702120841,87.48693175023637,87.71504974365234,29493000
2022-12-20,87.38773902543626,88.44896764240224,86.7232330132954,88.29027557373047,23453800
2022-12-21,88.34977892837271,89.48043330627605,87.59600682081934,88.8456802368164,24745600
2022-12-22,87.43734154375588,87.8142238968935,85.61242039304902,87.04061889648438,27658300
2022-12-23,86.39594104938888,88.81594226177606,86.35626803003854,88.49856567382812,23003000
2022-12-27,88.07208282991216,88.21093460263191,86.29675508801945,86.67363739013672,20097300
2022-12-28,86.2670023652313,87.31831080815121,85.23552664693922,85.31486511230469,19523200
2022-12-29,85.9099593646084,88.12167532237186,85.9000392181079,87.7249526977539,23333500
2022-12-30,86.26700621056507,87.57618553312793,85.86036345245435,87.50675964355469,23986300
2023-01-03,88.85560627643153,90.30364497529531,87.79437761826055,88.38946533203125,28131200
2023-01-04,89.60938314842804,89.90692702075431,86.55462865105089,87.35799407958984,34854800
2023-01-05,86.75297891657829,86.8521576681051,85.195849060361,85.4933853149414,27194400
2023-01-06,86.07855936732152,86.97118333274179,84.16437980636358,86.6240463256836,41381500
2023-01-09,87.63569405206921,89.31184316795068,87.13979266316744,87.29847717285156,29003900
2023-01-10,85.2752044746708,87.94314874861813,85.12643254757823,87.69519805908203,30467800
2023-01-11,88.44897568545483,90.84913669096524,88.28037102229985,90.76979064941406,26862000
2023-01-12,90.73012501545803,91.1169275086837,89.0143028128799,90.38298797607422,30258100
2023-01-13,90.1052744877532,91.4342940509324,89.3911753274604,91.3648681640625,26329200
2023-01-17,91.30536421618127,91.49380917136953,89.31184601733088,90.54167938232422,32602400
2023-01-18,91.38470524390696,92.0392986943226,89.89700111134908,90.3730697631836,29116700
2023-01-19,89.97633709754706,92.8426461340969,89.88707092480017,92.28723907470703,37000400
2023-01-20,94.3204372009586,97.49421044649547,94.24109116727796,97.21649932861328,63191100
2023-01-23,97.1470640983974,99.21993551954755,96.70075594385946,98.97198486328125,40005100
2023-01-24,97.29585441335684,98.79347877926642,96.40323036854797,96.89913177490234,33078500
2023-01-25,94.786582552293,95.37175007274746,92.99142210911067,94.439453125,42330000
2023-01-26,95.70896843494373,96.77019710869844,94.59814659536165,96.7206039428711,30114000
2023-01-27,96.5123239826297,99.49765240364174,96.5123239826297,98.5554428100586,33879800
2023-01-30,96.6809449292123,97.48430281450548,95.60979603758457,96.14537048339844,27226200
2023-01-31,96.07593251835176,98.06945054380512,96.02633935545113,98.02977752685547,29870700
2023-02-01,97.90084104880061,100.36051500989419,96.78010675117609,99.60674285888672,35531100
2023-02-02,104.93272708957909,106.96591805351979,104.74428215805406,106.85681915283203,69883800
2023-02-03,102.08626312403277,106.92625809323451,101.7391336553045,103.92109680175781,65309300
2023-02-06,101.56060192669277,103.50453438595648,101.0448602652804,102.05650329589844,31999600
2023-02-07,102.37388574345306,107.29322670020932,102.27470697729218,106.75765228271484,49010200
2023-02-08,101.2134745048074,102.29453587919534,97.23634332555855,98.5554428100586,94743500
2023-02-09,99.18027975409596,99.21003262732542,92.86249320969232,94.23118591308594,119455000
2023-02-10,94.66756053010047,95.95690701020914,93.47740036911846,93.7947769165039,54980700
2023-02-13,93.96338902898977,94.4196173792314,93.07076505379771,93.83445739746094,50076100
2023-02-14,93.65593419962755,94.0724895395363,91.50372404324449,93.90388488769531,54726100
2023-02-15,93.7154489662695,96.32389529866973,93.37823963012109,96.14537048339844,50169000
2023-02-16,94.58823713954602,96.8792992195654,93.96339652364621,94.72708892822266,42462600
2023-02-17,94.07249288547277,94.77667195660865,92.44593691924389,93.57659149169922,34284100
2023-02-21,92.23765518012942,92.33683394114578,90.96814887866952,91.0375747680664,33629300
2023-02-22,90.94831301648848,91.35495579337403,89.86725160509873,90.89872741699219,30884000
2023-02-23,91.16651419896813,91.18635449298117,89.0242240237194,90.14495849609375,41206400
2023-02-24,88.70683991186095,89.15314812025682,87.85388894602733,88.39937591552734,36585100
2023-02-27,89.1333236694336,89.42094740013515,88.6076618097586,89.1333236694336,27502300
2023-02-28,88.59773510812792,90.4821617111098,88.5878149626214,89.32174682617188,30142000
2023-03-01,89.24242610290563,90.28381458248744,88.9349620659149,89.61930847167969,31111200
2023-03-02,88.92502745736198,91.5235455057447,88.85559400906735,91.24584197998047,32204400
2023-03-03,91.7219244117424,92.96167788657921,91.69216397218837,92.88233184814453,35160100
2023-03-06,93.24929513438325,95.18331511806566,93.22946240796787,94.3501968383789,32639300
2023-03-07,94.20143621358584,94.8857750214838,92.76331756858707,93.09061431884766,27835500
2023-03-08,93.34847011024735,95.17338339263445,93.22945106567059,93.47740173339844,34103300
2023-03-09,93.27905456209555,94.74691844025844,91.14667706997915,91.563232421875,28813500
2023-03-10,91.41446217961779,92.02938263914514,89.65897455457669,89.8870849609375,35941000
2023-03-13,89.35150848107031,91.81118269560834,88.687002437022,90.36315155029297,37335600
2023-03-14,91.80125398569051,93.58650184316622,91.6822425064281,93.19969940185547,36050200
2023-03-15,92.45584959444147,96.13543673086967,91.88060220810499,95.32215881347656,50622100
2023-03-16,95.41142746724535,100.36052894620208,94.71716852573586,99.4976577758789,65492000
2023-03-17,99.43813510487313,101.99698017297794,99.27944304990501,100.7869873046875,61028500
2023-03-20,99.29929255271749,100.91592828670724,99.05134186896636,100.39027404785156,32960400
2023-03-21,100.4200298260466,104.23846895297474,100.39027695383191,104.05994415283203,42110300
2023-03-22,103.41526808239401,105.71625013011207,102.48297865485124,102.52265167236328,43427400
2023-03-23,104.19879298533533,105.42863382566868,103.60371285731998,104.73436737060547,40797800
2023-03-24,104.12936781949888,104.62526919076385,102.98879315221856,104.57568359375,30393300
2023-03-27,103.76240714497641,103.90125892558605,101.09445530767543,101.62010955810547,31120900
2023-03-28,101.60027347597008,101.61018605507579,98.92240158084621,100.20182800292969,32057900
2023-03-29,101.44158753942646,101.64986521604924,99.82495172553267,100.55888366699219,28779600
2023-03-30,100.08280568283826,100.33075633701215,98.96206388318606,100.0629653930664,33086200
2023-03-31,100.46961878932184,103.0383842078249,100.2117479628211,102.87969970703125,36863400
2023-04-03,101.55068678803492,103.67314414754483,101.0944584138917,103.5045394897461,25035400
2023-04-04,103.47478504857116,104.71453851392779,103.18716133658586,103.86158752441406,24420100
2023-04-05,104.91289907946413,105.2302756731111,102.8102819841236,103.61363983154297,28290500
2023-04-06,104.39714990590609,108.27509436414898,103.47477313123798,107.53124237060547,48711500
2023-04-10,106.10306402969181,106.7080567599706,104.25831026578564,105.56748962402344,27067400
2023-04-11,105.67657981839106,105.85510460555605,103.82190606100231,104.48641204833984,26311800
2023-04-12,105.70634162712136,105.87494628290851,103.48469796190201,103.78224182128906,24370300
2023-04-13,104.97239950361016,106.6088755556612,104.97239950361016,106.54936981201172,24843600
2023-04-14,106.01380426968531,108.04700310514491,105.96421110126722,107.97757720947266,26578000
2023-04-17,103.80207449899135,105.28977855307458,103.66321515910445,105.10133361816406,37571200
2023-04-18,105.61707995911007,105.6666731267469,103.21691895584503,103.64339447021484,26596400
2023-04-19,102.73093151613256,104.11945689106093,102.22510999070306,103.32601165771484,20905700
2023-04-20,103.05822535639409,105.37904011363008,103.01855233915232,104.42691040039062,27820800
2023-04-21,104.60544233096776,105.13109660328743,103.92109597885471,104.54593658447266,25800100
2023-04-24,104.62526499144161,105.75591946719655,103.84173994826861,105.10133361816406,23542800
2023-04-25,104.96248334111876,105.8154342829649,102.98879048643646,102.99871063232422,46664100
2023-04-26,104.05994371224027,105.47822196102051,101.788714484929,102.85986328125,53347600
2023-04-27,103.59379357823073,107.48166608530138,102.6912570160058,106.70805358886719,50089200
2023-04-28,106.16256960456029,106.47002604243367,104.22854965938166,106.4601058959961,36139800
2023-05-01,105.96420132305943,107.1047759897289,105.9443685976354,106.32125091552734,26681700
2023-05-02,106.26174573640694,106.3212514798493,102.85986201062076,104.4566650390625,30997200
2023-05-03,104.66494807746287,106.60888065380296,104.09962078519486,104.54593658447266,21795400
2023-05-04,104.62527054996112,104.73436945840507,103.117733691147,103.83183288574219,23419500
2023-05-05,103.9607682679493,105.01207680519784,103.25658919423994,104.70462036132812,26639300
2023-05-08,104.31782331926341,107.07503401183828,104.29799059182162,106.88658905029297,26511400
2023-05-09,107.50149217757128,109.24706701792465,106.31133198501676,106.47001647949219,36360100
2023-05-10,107.08494078998831,112.01420151452291,107.04526777320253,110.83395385742188,63153400
2023-05-11,114.4540486758181,116.95338849067711,113.47216598785796,115.61445617675781,78900000
2023-05-12,115.7235547629223,117.06248707301147,115.15822745124665,116.5467529296875,41102300
2023-05-15,115.15820905774291,117.5087841186648,115.05903030373587,115.554931640625,36266800
2023-05-16,115.535101164742,119.76018303268906,115.47559542065336,118.53034973144531,45035600
2023-05-17,118.62952082286563,120.67263195090871,117.91542167256014,119.84943389892578,33323600
2023-05-18,119.95853382336384,122.2991888062752,119.83952234186759,121.82312774658203,35234200
2023-05-19,122.5372406458961,124.93740163874087,121.14871519349788,121.75371551513672,41353400
2023-05-22,121.93223602252743,125.39362560112353,121.73387092669454,124.02494049072266,35253000
2023-05-23,123.14224182358522,123.60838279305526,121.20822178352526,121.55535125732422,34046300
2023-05-24,120.12714861556921,120.91067367529489,118.87747506501967,119.90895080566406,34182600
2023-05-25,123.49927982509996,124.29272508219533,120.96026710936242,122.46781158447266,42317000
2023-05-26,122.16034076709491,124.23321241314245,121.44624158887478,123.58853912353516,35635900
2023-05-30,124.61009496844295,124.62993526057318,120.99993361988649,122.65624237060547,35076700
2023-05-31,121.7437815499549,123.04304066689512,121.49583087470042,121.86280059814453,37325800
2023-06-01,121.8132170497212,123.40009998321423,121.6148595206051,122.70584106445312,30772700
2023-06-02,122.97362222070807,125.11591981661117,122.74551182311099,123.6480484008789,26980100
2023-06-05,122.99345304135757,126.38541640679333,122.82484083415915,124.97705841064453,32305500
2023-06-06,124.97707174019685,127.23837332481472,124.33239841304952,126.26641082763672,26638300
2023-06-07,125.92920166945693,127.9822255786917,121.11895964321234,121.49584197998047,52539000
2023-06-08,121.22805249747213,122.21985523958173,120.24616233464845,121.13878631591797,29389200
2023-06-09,121.2478829569892,122.74550718830598,120.9106736630639,121.2280502319336,23778300
2023-06-12,121.78345693305364,123.0331304793446,120.66272258318774,122.6264877319336,28306400
2023-06-13,123.955500728595,124.1340255114408,122.170252900137,122.81492614746094,22278300
2023-06-14,122.09091511456377,123.03313225253616,120.45443908912067,122.65624237060547,30592300
2023-06-15,122.13058581448757,124.43156781239826,121.39665392353744,124.0645980834961,35246300
2023-06-16,124.89772318191494,125.07624798326509,122.26944432692575,122.51739501953125,45535600
2023-06-20,121.92231483974503,123.54887077747642,121.1387897432877,122.0909194946289,26097500
2023-06-21,121.39666999640949,121.6545408553707,119.11552042137501,119.56183624267578,30306300
2023-06-22,119.01631550491815,122.22975390483195,117.85590824479006,122.14049530029297,26952200
2023-06-23,120.38501322694266,121.78345871511222,120.06763665447824,121.33714294433594,34913600
2023-06-26,119.77009470813596,120.9999279223986,117.30050056715868,117.36992645263672,33969900
2023-06-27,116.12027758580295,118.10388325320572,115.14830747935935,117.36003112792969,39535900
2023-06-28,116.1301877388727,119.4031400484243,115.89215718247867,119.19486236572266,27091400
2023-06-29,118.2625700557701,119.0758480924374,117.33028051954751,118.12371826171875,24090900
2023-06-30,119.1849366580173,120.08748080780242,118.708875567441,118.71878814697266,29532200
2023-07-03,118.26256653867198,119.20478376097655,117.84601116890617,118.91716003417969,14467900
2023-07-05,118.26256411758469,121.60494228794853,118.25265153768966,120.75199127197266,27584800
2023-07-06,118.81797842897954,119.31387982882194,117.42945299604987,119.12543487548828,24745200
2023-07-07,119.1155079508008,120.05772509699975,118.42124905726847,118.50059509277344,21709500
2023-07-10,117.33026342725442,117.34017600620315,115.18796594507899,115.49542236328125,35315200
2023-07-11,115.33674061449469,116.74509867791642,114.40444362500358,116.17977142333984,23078800
2023-07-12,117.82616175907532,119.3436186532648,117.43935931808012,117.95509338378906,30404400
2023-07-13,119.93869580119052,123.80672768290836,119.46262719567059,123.51910400390625,44297900
2023-07-14,123.77698624657505,125.74075145445121,122.47771949840582,124.39189910888672,33283100
2023-07-17,124.90764611490182,126.05813341949313,123.18190380773267,123.62821960449219,25716200
2023-07-18,123.57862461739118,123.65797065567115,121.95206866692536,122.74551391601562,26193600
2023-07-19,123.57861868845079,124.1538660880998,120.80157558357863,121.0296859741211,37224000
2023-07-20,120.42468845421087,123.0727999886977,117.25092267132642,118.22288513183594,37906800
2023-07-21,119.63125870411923,119.99822090421563,117.7567519823055,119.03617095947266,72937900
2023-07-24,120.66273743006377,121.99174960669664,119.98831119460458,120.53379821777344,29686100
2023-07-25,120.36518297759501,122.14051081744289,120.02796610605938,121.20821380615234,52509600
2023-07-26,129.00378761340536,129.90631659089652,127.26813284588675,128.21034240722656,61682100
2023-07-27,130.59066029279523,132.14779780312753,127.73426366088836,128.33926391601562,44952100
2023-07-28,129.7079618698937,132.64370465595107,129.49969176817697,131.4932098388672,36591200
2023-07-31,131.64197739889866,132.43542264148525,130.6997677943249,131.63206481933594,28055500
2023-08-01,129.70797201734953,131.5428132938943,129.6087856815379,130.47166442871094,23166800
2023-08-02,128.3888500556574,129.02360314650636,126.51434365192316,127.32762908935547,26273300
2023-08-03,126.92098790971262,128.32934587418347,126.37549341868682,127.39704895019531,20089500
2023-08-04,128.2202600170075,130.43197594152576,126.86149507419762,127.05985260009766,26147200
2023-08-07,128.1012301171621,130.53114351104958,127.96237835561729,130.45179748535156,22746300
2023-08-08,129.54927103822243,130.43197488498015,128.4781222465879,130.3228759765625,23535200
2023-08-09,130.5807272912613,130.9576019691282,127.94252887766349,128.5971221923828,24912900
2023-08-10,130.2435507528464,130.9675625582551,128.38886922887625,128.6269073486328,20857800
2023-08-11,127.60533894622364,128.86491747828384,127.11935017534717,128.49795532226562,19591100
2023-08-14,128.3293488553076,130.29311393491162,127.9028809647762,130.25344848632812,24695600
2023-08-15,130.0253428626258,130.3427118640274,128.22025464503122,128.71615600585938,19770700
2023-08-16,127.64502716064453,129.21207752133685,126.8218365240768,127.64502716064453,25216100
2023-08-17,128.73601474425206,130.90806543730483,128.23018559815387,128.8550262451172,33446300
2023-08-18,127.4565647289768,128.19050420505582,125.34402761585469,126.41517639160156,30504800
2023-08-21,126.13747833867052,127.67476811335399,125.5225578886843,127.31771850585938,25248700
2023-08-22,127.4565767415667,129.21207199508038,127.2681469154346,128.02191162109375,22054900
2023-08-23,129.11286188164175,132.31639534159987,128.80540548113294,131.284912109375,27819700
2023-08-24,132.85197153912117,133.14951538235977,128.50788590918833,128.71615600585938,28500700
2023-08-25,128.47812893761383,129.6881295726403,126.20690716881097,128.8153533935547,26762900
2023-08-28,130.23360950918428,131.45352258706555,129.0732021716326,129.93606567382812,20543300
2023-08-29,131.15600145683445,135.45050919179718,131.15600145683445,133.46690368652344,43075600
2023-08-30,133.67515487184195,135.16285879025574,132.97098349200195,134.76614379882812,28315800
2023-08-31,134.8950799084139,136.8687727314443,134.67688210350767,135.05377197265625,30053800
2023-09-01,136.3332217281178,136.3332217281178,133.7446157733526,134.5479736328125,21543700
2023-09-05,134.32979244756098,135.30175509011016,133.47684131487563,134.65708923339844,19403100
2023-09-06,134.9050286366341,135.41084264478113,132.57428587282706,133.35781860351562,18684500
2023-09-07,132.49492113945962,134.46861399155742,131.8601680068501,134.15122985839844,18844300
2023-09-08,133.80411838628038,135.53977327338907,133.7446126401159,135.26206970214844,23558300
2023-09-11,135.4207632480529,136.35306040880863,134.6769110623918,135.7976531982422,20763400
2023-09-12,135.14303224154853,135.74803250189984,134.08181120803886,134.23057556152344,18405500
2023-09-13,133.9826247837674,135.7777852717878,133.05032781273377,135.58935546875,20749500
2023-09-14,136.47205520158755,137.5630290724014,135.1232029476824,136.96795654296875,24751000
2023-09-15,136.84895965520028,137.38454169510266,135.3612553079111,136.27371215820312,38919600
2023-09-18,135.49018160432044,138.019281780227,135.49018160432044,137.0770721435547,21861300
2023-09-19,136.29353439301667,137.2754245802509,135.5000891528616,136.908447265625,20353700
2023-09-20,136.9481276445737,136.9481276445737,132.52468065263594,132.64370727539062,29927500
2023-09-21,130.3625915959362,131.1461093242592,129.0038262989715,129.37078857421875,31503900
2023-09-22,129.68812598105728,130.94771974828387,128.5376462586181,129.18231201171875,26397300
2023-09-25,128.76575671410941,130.0947688069164,127.90289313849301,130.03526306152344,20094600
2023-09-26,128.70625840016731,129.29141844193066,126.17715813897233,127.51609802246094,25718700
2023-09-27,127.51607239468865,129.826959222893,127.51607239468865,129.46990966796875,22746500
2023-09-28,128.77567908657804,132.20732362438937,128.7260859170761,131.22543334960938,22513100
2023-09-29,132.18745302372233,132.95114528457344,129.29139116656413,129.78729248046875,30859800
2023-10-02,130.1344474612235,133.31812586216128,130.09476687574428,133.07017517089844,22288000
2023-10-03,132.84208398165953,133.15945304283952,130.7592918203912,131.34445190429688,22989400
2023-10-04,131.7014648766572,134.45869011730207,131.44360164040873,134.1313934326172,26752300
2023-10-05,133.9628143310547,134.37936969993646,132.35608346969923,133.9628143310547,19832600
2023-10-06,132.91146677211896,137.02745682177886,132.91146677211896,136.45220947265625,27597600
2023-10-09,135.8174603789753,137.80106572376255,134.49836100864687,137.2853240966797,19278100
2023-10-10,137.36464870301396,138.57464898531816,136.2042415733364,136.92825317382812,27786600
2023-10-11,137.4440053444022,139.95326469747204,137.4440053444022,139.39785766601562,25884300
2023-10-12,139.89376180106655,140.06236642948565,137.1266240317535,137.830810546875,24765500
2023-10-13,138.23746980650327,138.8523826583463,135.50008457709373,136.23402404785156,23420500
2023-10-16,137.03739334313434,138.4854321140924,136.85887610034075,137.95977783203125,28501900
2023-10-17,137.49363032645,138.75320901659043,136.05550412475992,138.57469177246094,23515800
2023-10-18,138.30690868674475,139.56650258267163,136.25388459322733,136.82913208007812,23375000
2023-10-19,137.36468644323884,138.51518131196565,136.25387216099756,136.62083435058594,26066000
2023-10-20,136.20426349098727,136.73983027790308,133.97270746704044,134.4884490966797,26335700
2023-10-23,133.9330343496389,136.53156779993722,132.85197300320976,135.38107299804688,26317900
2023-10-24,136.70017196237376,138.21762892713875,136.2935292113691,137.67213439941406,44814300
2023-10-25,127.10943743152842,127.25820178277296,124.04476315937147,124.58033752441406,84366200
2023-10-26,122.25950853595265,123.3108244835328,120.27590324893443,121.27762603759766,57061100
2023-10-27,121.87272000373477,122.29919549173574,119.22460845972752,121.16854095458984,44566500
2023-10-30,122.20001252709248,124.37206291068779,121.74378418278033,123.43976593017578,28940100
2023-10-31,124.03485157297696,124.34231557609246,121.68428385885795,123.0628890991211,26292300
2023-11-01,123.05297186152897,125.45313279745749,122.70584239837481,125.41345977783203,30082400
2023-11-02,127.36730020942197,127.92270729693898,125.88951631336191,126.4449234008789,27124600
2023-11-03,126.9705840713952,128.46820067879287,126.81189200957998,128.04173278808594,26393100
2023-11-06,127.9921517032279,129.27157062977093,127.61526180428386,129.18231201171875,19052700
2023-11-07,129.63854481279463,130.8287050924927,128.8153467097953,129.8964080810547,29757300
2023-11-08,129.89641375169958,131.1262546701782,129.70796879855988,130.75927734375,26425800
2023-11-09,130.8783111759331,131.46347122727005,129.00380438860708,129.1724090576172,23747800
2023-11-10,129.0335637670161,131.7114285790635,128.34921734237602,131.50314331054688,26913300
2023-11-13,130.69974576301732,131.5031034497492,130.17409159432344,131.0072021484375,18324800
2023-11-14,133.09003891938633,134.58765591041816,132.22717520450774,132.5247039794922,32395200
2023-11-15,133.76443017621472,133.92312224608222,132.4750987262402,133.5164794921875,23861500
2023-11-16,134.0818138246226,136.09517216084916,133.21895029015656,135.8075408935547,28013200
2023-11-17,134.88518254388185,134.94468829125762,132.55443988026462,134.20083618164062,37240600
2023-11-20,132.59413513310187,135.5397910236834,132.5247016643439,135.13314819335938,27815500
2023-11-21,135.17279523893023,136.05549911438757,134.84551363674532,135.84722900390625,22635300
2023-11-22,136.34312381394363,138.2771361292862,136.34312381394363,137.35476684570312,17813900
2023-11-24,136.8985310833705,136.99771741092056,134.87526015124462,135.56951904296875,12514300
2023-11-27,134.91491921563218,137.2853270482676,134.88516634551732,135.29180908203125,23436500
2023-11-28,134.96453355193609,136.1249410695989,134.30994003929231,136.07534790039062,18730000
2023-11-29,136.44232172928395,137.15640583938017,133.73468912413915,133.8834686279297,23967200
2023-11-30,133.94295042197072,134.4388517451667,130.2038502076351,131.443603515625,38988300
2023-12-01,130.77908325195312,131.02703388642644,129.59883581046725,130.77908325195312,31442300
2023-12-04,128.81534267439568,128.96410702955671,126.85156995087304,128.21034240722656,36669900
2023-12-05,127.89297349238338,131.05682698082634,127.1987145294908,129.916259765625,27384800
2023-12-06,130.36255115310777,130.75926618523522,128.81534134061891,128.95419311523438,23576200
2023-12-07,133.9330343345262,137.42418419027493,133.59582503757497,135.8075408935547,56767100
2023-12-08,133.09993592227912,135.28189910781614,132.9313312582846,133.8834686279297,32260100
2023-12-11,131.29484350017327,132.2469655972193,130.2832005300675,132.19737243652344,31138000
2023-12-12,130.72952914922644,131.9097769432704,130.18403456369643,131.4337158203125,29032800
2023-12-13,132.28664939416652,132.4056608757626,130.49148892278734,131.48329162597656,30104800
2023-12-14,132.28662702758902,132.6238362575692,128.62687325020627,130.85842895507812,38722400
2023-12-15,130.54106870618423,132.41557523506742,130.10467308952005,131.51304626464844,50847100
2023-12-18,131.5427856233193,136.02572254525143,131.34441299342456,134.68679809570312,32258000
2023-12-19,135.71827586427287,136.34311639898218,134.96451127135808,135.5298309326172,25476800
2023-12-20,137.83080359315892,140.53842035668632,136.93818733863088,137.20596313476562,49107200
2023-12-21,138.34656689160218,139.5367271291243,138.03909533601887,139.26893615722656,27488300
2023-12-22,139.61608570312794,140.8260863411753,139.5565799559633,140.33018493652344,26532200
2023-12-26,140.4293579031904,141.510419346836,140.032642827964,140.3599395751953,16780300
2023-12-27,140.4293610317835,140.91534987341666,138.74329922394273,139.2193603515625,19628600
2023-12-28,139.62599994946305,139.98304957042203,138.60444425438513,139.08050537109375,16045700
2023-12-29,138.4854161342685,139.20942786934887,137.6423777840169,138.544921875,18733000
2024-01-02,137.41428922141964,138.30690574155653,135.36125003790988,137.0373992919922,23711200
2024-01-03,136.12495613317765,138.48545201856635,135.95635144618018,137.78126525878906,24212100
2024-01-04,137.28533097133266,138.01927043379123,135.2323072061994,135.27197265625,27137700
2024-01-05,135.62904430152844,136.0356871158028,134.04215363464405,134.61740112304688,22513900
2024-01-08,135.17280399831742,137.87050896561743,135.1430511234635,137.701904296875,21404000
2024-01-09,137.36467261696302,140.33016810931971,137.0175356218485,139.79458618164062,24759600
2024-01-10,139.84420205691225,141.82780775984716,139.75494343237068,141.11370849609375,21320200
2024-01-11,142.31377441409103,144.02958884214235,139.48713067468557,140.9153289794922,24008700
2024-01-12,141.5005074082221,142.0261616954496,140.6574840861167,141.4806671142578,18785500
2024-01-16,140.83600213102596,143.16674483949535,140.29050754673418,141.32199096679688,22670500
2024-01-17,140.19132176728564,140.67729541881693,137.76139297479475,140.31033325195312,20968600
2024-01-18,140.88559276545064,143.02789047593322,140.826087018,142.30386352539062,25746400
2024-01-19,143.55354349190839,145.24951781414885,143.19649387664043,145.1800994873047,34271900
2024-01-22,145.8942062192311,147.1736252450607,144.64452493468394,144.79330444335938,32200400
2024-01-23,144.69411904062358,145.97353807473283,144.30731652950118,145.83468627929688,21636100
2024-01-24,147.32238701526538,148.62166144639897,146.88600647851376,147.4810791015625,25233500
2024-01-25,148.83985855855067,151.79542676635216,148.3141891335314,150.62509155273438,29149100
2024-01-26,149.861412918024,151.2895962737746,149.77213916215013,150.94247436523438,26115500
2024-01-29,150.8135368633547,152.51943895245324,150.18869623371097,152.25164794921875,27784300
2024-01-30,151.54744142716578,152.360711695651,149.950638624012,150.2184295654297,36331800
2024-01-31,142.44271896094438,142.81960888272778,138.7234583129567,138.9515838623047,71910000
2024-02-01,140.95499074150428,141.88728767351694,139.63589137319994,140.00286865234375,40466500
2024-02-02,138.11844060532798,141.45089833217304,135.38107056080497,141.21287536621094,62499600
2024-02-05,141.64927668377285,144.27754793012062,141.60959609870966,142.50221252441406,38505400
2024-02-06,143.46425685279377,144.1684434401665,142.01623336193828,142.9187774658203,29128200
2024-02-07,143.57336464859975,144.4263156427516,142.7501665270815,144.3469696044922,25208900
2024-02-08,144.63459744507298,145.13049882211826,143.91058567202538,144.7139434814453,22563800
2024-02-09,145.47763559904774,148.2150211661504,144.9817341712347,147.77862548828125,26829500
2024-02-12,147.20336732419403,148.11582406905052,146.161971374684,146.32066345214844,21564100
2024-02-13,143.73204328748068,145.46769798615009,142.51213022242555,143.9502410888672,27837700
2024-02-14,144.88254990203635,145.31894554055629,142.90885694916992,144.7436981201172,22704200
2024-02-15,141.9666478509511,142.34353774622787,139.30862369230854,141.5996856689453,37590700
2024-02-16,141.8178876690081,142.01624520205476,138.9912436385364,139.36813354492188,31468900
2024-02-20,138.51518739713623,140.915348438827,138.34658273143967,139.9632110595703,25144700
2024-02-21,140.29049590728383,141.5203367649503,139.5268035526364,141.38148498535156,23223300
2024-02-22,143.74196995787472,143.8114034168082,141.62944032274333,142.9088592529297,27191900
2024-02-23,142.4923064572686,143.49402183711422,142.2542683371376,142.77993774414062,19493800
2024-02-26,140.97485281400884,141.27239668798464,136.26378939947426,136.44232177734375,53641800
2024-02-27,136.88862613854664,138.10853934016288,135.96624166875657,137.7415771484375,33099200
2024-02-28,136.76959905068048,136.87869796321857,134.30001978259713,135.26206970214844,37328600
2024-02-29,136.15467711991738,137.72172724425474,135.2818858775754,137.32501220703125,42133000
2024-03-01,137.29525760665743,137.7316532704347,135.79764079115824,136.01583862304688,31151100
2024-03-04,134.54795880340606,134.54795880340606,130.82869865382304,132.25689697265625,55999400
2024-03-05,130.79895621305897,132.14780860687847,129.59886818360178,131.5824737548828,40194800
2024-03-06,132.0287779261609,132.48501385237356,129.77739656818326,130.3228759765625,35318600
2024-03-07,131.70147977631177,133.83386475709858,130.53115980204433,133.27845764160156,37738200
2024-03-08,133.1098428756074,136.95802694070352,132.90155765626992,134.3000030517578,39370400
2024-03-11,135.01410391751668,137.9597590931876,135.01410391751668,136.54147338867188,32437800
2024-03-12,135.90671866415707,138.23746099222168,135.90671866415707,137.3646697998047,27563400
2024-03-13,137.86057129371812,139.93343524438993,137.85065871514112,138.6440887451172,23347200
2024-03-14,140.03263971476812,142.41296038062768,139.30862790840655,141.92698669433594,42753400
2024-03-15,141.33189197321508,142.00631057950346,138.88213796831596,140.022705078125,49475400
2024-03-18,147.39179044961523,150.902765124804,145.9635922313326,146.4694061279297,69273700
2024-03-19,146.9455101008083,147.5703355892813,144.88255840993227,145.82476806640625,24070400
2024-03-20,146.7868124427757,147.63976344475103,145.53714637957398,147.520751953125,21311500
2024-03-21,148.24475722928597,149.13737364463717,145.6958169152109,146.3900909423828,24755600
2024-03-22,147.89761979182254,150.3374611918101,147.75876801352786,149.5341033935547,29211800
2024-03-25,148.71088930605433,149.14728488623933,146.60827256557076,148.83982849121094,19229300
2024-03-26,148.98861304571224,151.011884033954,148.7505749332153,149.43492126464844,22149100
2024-03-27,149.94074197303146,150.39697792574609,147.6794327705728,149.63328552246094,22879200
2024-03-28,149.61346389057567,150.1886962178925,148.9390300924469,149.6927947998047,24485400
2024-04-01,149.45478188140993,154.46338956853498,149.3754358331209,154.21543884277344,31730800
2024-04-02,152.24172129726563,153.43188156405296,150.90278153856184,153.29302978515625,24586000
2024-04-03,152.34091364414047,153.80877752671594,151.47803493131784,153.65008544921875,24705000
2024-04-04,152.2417216532487,153.5013153792841,149.21672024838048,149.2960662841797,34724700
2024-04-05,148.80018464435562,152.16239579697978,148.37371667079992,151.24993896484375,23459200
2024-04-08,151.52761905486636,153.99721328727458,151.35901440772807,153.58065795898438,20702000
2024-04-09,154.81047040663094,157.2602241375123,153.91785408433802,155.31629943847656,31079500
2024-04-10,154.92952562487014,155.32624070054823,153.41205338281176,154.86009216308594,22838600
2024-04-11,155.62377976256258,158.37106260079813,155.1774715327962,158.10328674316406,27166400
2024-04-12,156.66516776322655,158.90663651169768,155.85188225072014,156.43704223632812,25353700
2024-04-15,157.5577715629048,157.93466141742405,153.32276995678504,153.59056091308594,27136500
2024-04-16,152.92605303847483,154.3740764327273,152.17227333883514,153.1343231201172,20779500
2024-04-17,154.3443362556772,155.7923749027095,153.3128680735991,154.19557189941406,21763100
2024-04-18,154.0666341164594,155.6535245551475,153.3525349324206,154.73114013671875,19883000
2024-04-19,154.91959354072858,155.07828562000708,151.0515686940003,152.82688903808594,32615600
2024-04-22,153.04507926507185,156.34778422424392,152.7971285786509,154.99893188476562,26446200
2024-04-23,155.67339110483704,157.6669095018619,154.99895725783972,156.9627227783203,21151600
2024-04-24,156.19903597568538,158.26198771551822,155.88165180015244,157.82559204101562,22779100
2024-04-25,150.08950510920468,155.20721069723666,149.63326920623868,154.72122192382812,57109700
2024-04-26,172.9406579042473,173.2778823744627,168.25934724716632,170.54049682617188,64665300
2024-04-29,167.6741590817137,168.16014784427256,163.85572783432124,164.7880096435547,45610000
2024-04-30,164.25245175294467,166.7220460143007,161.26713096501757,161.44564819335938,33562900
2024-05-01,162.9532108598106,165.75008702003925,161.75312275558537,162.51681518554688,33493200
2024-05-02,163.4391950240479,165.36329509253676,162.5465784577461,165.2541961669922,24294500
2024-05-03,166.18646385430256,166.5831940285256,161.71343896761203,165.8690948486328,34662400
2024-05-06,166.08729275303767,166.76171134902742,164.66900697168114,166.7220458984375,21871300
2024-05-07,167.11874933173186,170.35202057689946,167.00965043305126,169.84620666503906,28039700
2024-05-08,167.6146567610361,168.75522381569002,167.35679350646177,167.99154663085938,19569100
2024-05-09,168.00148335133193,169.29083007689735,166.8013952497484,168.5668182373047,15346700
2024-05-10,166.65260426676096,168.45769242107335,164.82769095498062,167.26751708984375,29799900
2024-05-13,162.91350746089623,167.89236129533526,162.65564420480408,167.75350952148438,31327600
2024-05-14,168.37834489380802,169.84620861991712,167.41629508538105,168.94366455078125,25127100
2024-05-15,169.23130735927975,171.23473800953292,169.11228073886124,171.09588623046875,26948400
2024-05-16,171.869508596453,173.684509621438,171.27443596883012,172.75221252441406,27867900
2024-05-17,172.75218165186905,174.82506073205244,172.26620802954864,174.6167755126953,24479300
2024-05-20,174.7457452424878,177.30459839219796,174.63664632446375,175.46975708007812,22554400
2024-05-21,175.44988049011022,176.68963378677213,174.36881924751077,176.39210510253906,16989400
2024-05-22,175.19205213168274,175.69786612928917,173.7737813421162,174.93418884277344,17880000
2024-05-23,175.61853049301604,176.78885054238378,171.53229263275466,172.12738037109375,21024900
2024-05-24,173.54562953855606,174.32916213437795,172.22653015180546,173.55555725097656,16579400
2024-05-28,173.01999755281523,175.8168887472588,172.94065151179802,174.95401000976562,20572200
2024-05-29,173.99195085751208,175.39039638067896,173.28777937305267,174.45809936523438,23388700
2024-05-30,173.7638243254379,173.78366461622676,170.38177359705276,170.69915771484375,22931500
2024-05-31,170.4512300886902,171.64139042387083,168.05106912485823,171.0859832763672,37638900
2024-06-03,171.12566288057238,173.09935606710764,169.75698519210337,171.75050354003906,27459100
2024-06-04,171.85957302701576,172.42490783803038,170.48096786025872,172.36538696289062,26879600
2024-06-05,173.76382171770578,175.20193253730815,172.50422811140098,173.97210693359375,22068500
2024-06-06,174.45808249066545,175.6978358202856,174.30931814459407,175.28128051757812,23251000
2024-06-07,175.59868809544102,176.4119585188029,172.8712304058679,173.02992248535156,19661400
2024-06-10,173.73488619485127,175.8101292272444,171.54047994095143,173.77459716796875,23726700
2024-06-11,174.97607487552963,175.59169348463175,172.54337230776866,175.3732452392578,21540600
2024-06-12,176.99176326604527,179.13651982603324,174.86686977172752,176.53500366210938,27864700
2024-06-13,174.8668444097431,175.49240210344783,173.64553119205647,173.92355346679688,20913300
2024-06-14,172.99020243322104,175.81015156626538,172.92068928258647,175.54205322265625,18063600
2024-06-17,174.2214424940307,177.10096546528717,173.57602172386774,175.98887634277344,19618500
2024-06-18,175.88958192240335,176.13781719186318,172.87104771224654,173.8540496826172,21869900
2024-06-20,174.1320532342393,176.0384980804116,173.7547459679952,175.0554962158203,20160100
2024-06-21,175.75057482727152,179.57340412547137,175.36332840403423,178.3620147705078,57759000
2024-06-24,178.88827736336933,179.61312014493922,177.40878962737892,177.9549102783203,18298000
2024-06-25,178.35205317535076,182.98908571292054,178.15346801046124,182.73092651367188,23130200
2024-06-26,181.34083960482536,183.2075585872156,181.19188934781172,182.58201599121094,19839000
2024-06-27,182.8798679380617,184.7366779293804,182.72100889129027,184.1011962890625,18848900
2024-06-28,183.01890751714419,183.82318736943728,180.67556595744807,180.8642120361328,29156600
2024-07-01,181.7379989393426,182.58200489120532,180.02021516731907,181.6982879638672,16006100
2024-07-02,180.76493422110232,184.26009121150622,180.27838761712013,183.9324188232422,17372500
2024-07-03,183.5451316362685,184.77636865699435,182.7011258098687,184.50828552246094,10242100
2024-07-05,184.54801654082962,189.5127215858847,184.48844250446135,189.2545623779297,20967500
2024-07-08,188.55950207105113,188.8276004007438,186.4544718628467,187.69564819335938,21035900
2024-07-09,188.96662487953267,190.00921610095705,187.3878521119617,187.64601135253906,15121400
2024-07-10,187.8147905079295,190.3964432565855,187.69564243220248,189.83045959472656,15952500
2024-07-11,188.5098571184734,189.51272208583228,183.77352425069444,184.26007080078125,25625800
2024-07-12,183.77355005575473,185.78921938031402,183.1877184128902,183.7636260986328,22898400
2024-07-15,183.61466683145176,186.9112385638258,183.61466683145176,185.2133026123047,16474000
2024-07-16,186.03743905754484,187.34811338839907,182.0755987428797,182.62171936035156,18290700
2024-07-17,181.6784503031382,182.25435801006273,178.63011358475686,179.74221801757812,20734100
2024-07-18,180.64575986268414,181.21174353968178,175.22431015700485,176.43569946289062,25315700
2024-07-19,177.61727289817895,179.0173080512408,175.87962632456976,176.4058837890625,18881900
2024-07-22,179.3152104096892,181.41031651236526,178.95775104592673,180.38758850097656,24100300
2024-07-23,180.76491875098247,182.31390434397233,180.258509125605,180.50674438476562,36352700
2024-07-24,172.37457678491225,174.9462905344622,170.60714288242724,171.4114227294922,49585200
2024-07-25,171.30218308939462,172.19582391606315,166.00980581766575,166.0991668701172,44852000
2024-07-26,165.97008682721892,166.90345381803442,162.90190268589552,165.82115173339844,41336900
2024-07-29,167.6382268176297,169.22692328878654,166.80416003394157,168.33328247070312,20293800
2024-07-30,169.03828621199597,170.0212881339037,167.25098932978506,169.08792114257812,18959700
2024-07-31,172.01712888344443,173.01999398241156,168.80991808621278,170.32911682128906,25729100
2024-08-01,169.0482167160951,172.82139580223534,167.6878923021726,169.5546112060547,24531400
2024-08-02,165.26510279286998,167.32048278839775,163.50759297707282,165.48355102539062,29130100
2024-08-05,154.4023257364845,163.26928160754815,153.83634209310054,158.1258544921875,53630700
2024-08-06,158.2053051541738,159.43655755600886,155.3059189992834,157.17263793945312,49004600
2024-08-07,160.11174561926643,161.82952940748444,157.35137068982363,157.81805419921875,25138600
2024-08-08,159.37697100848436,162.53453159498838,159.0791007984094,160.88624572753906,25578800
2024-08-09,158.8805106482627,162.6338270467508,157.93721957000096,162.51467895507812,28602300
2024-08-12,163.1898651801224,163.73597062856854,160.69757348531624,161.14439392089844,15895300
2024-08-13,162.25649966122157,163.56717396094234,161.81960317762199,163.00120544433594,18551700
2024-08-14,161.25363005478357,162.0678490367502,156.59674898008666,159.2379608154297,40591100
2024-08-15,159.36703635252704,160.49898852805327,158.4833194361169,160.16139221191406,31524300
2024-08-16,160.33017441375463,163.89482874364478,159.99257813121338,161.80966186523438,24208600
2024-08-19,164.1132970310061,165.5133475605536,163.1004929084528,165.4934844970703,22416200
2024-08-20,165.72185564699794,167.44957853320707,165.642433695725,165.9998779296875,18341500
2024-08-21,163.98421986679392,165.6722318912375,163.50761237161458,164.67929077148438,22902000
2024-08-22,166.07930514645545,166.406977492495,162.15719125168386,162.64373779296875,22493300
2024-08-23,163.55725630307884,165.00694179876172,162.67353934579646,164.45089721679688,13955700
2024-08-26,165.20553931092914,166.36727853932712,163.29909428347517,164.98709106445312,14190400
2024-08-27,164.66933228950003,165.26510295168842,163.29908400819048,163.51751708984375,11821900
2024-08-28,163.87498286647468,164.4310425767687,160.38976526426643,161.70045471191406,16407400
2024-08-29,163.15014011129165,164.798425876507,159.11880190681103,160.63800048828125,19699800
2024-08-30,161.47208537407533,162.50475265729827,160.54865737475214,162.2267303466797,22123800
2024-09-03,160.57839882785174,160.7074859893918,155.375383210797,156.24917602539062,38945300
2024-09-04,155.55412056296137,157.87759856597614,154.85906498313753,155.34559631347656,19353800
2024-09-05,155.19668368087028,158.32444181781332,154.87893528354047,156.1300506591797,18688700
2024-09-06,156.18962872176218,156.71588626121135,149.48727669749047,149.8546600341797,37912100
2024-09-09,151.63437166613713,152.51926120186218,146.37475041538113,147.856201171875,39260500
2024-09-10,149.58620426686707,150.4015036061094,147.48831800096144,147.80648803710938,31118800
2024-09-11,149.05922829099612,150.63015849718496,146.67301402683955,150.2921142578125,29607700
2024-09-12,152.91699025153633,153.931138367879,151.7735836501272,153.8018798828125,29621500
2024-09-13,154.53761027887018,157.47068534964538,154.318887339598,156.55596923828125,29591200
2024-09-16,156.4068176480649,157.3414231577179,155.7009025392383,157.1525115966797,18379800
2024-09-17,158.107008079676,159.628222536102,157.47068317745328,158.40528869628906,20715600
2024-09-18,158.9421872798641,159.57851220454893,157.68942685128602,158.89247131347656,23677300
2024-09-19,162.77008449382728,162.8496118323656,160.41368126049775,161.20909118652344,26587700
2024-09-20,162.56130770595448,162.7899829734501,161.12957266023724,162.65078735351562,40896400
2024-09-23,163.40640761812853,164.53986181971814,160.74178667068307,160.92076110839844,24150900
2024-09-24,162.09397212944717,162.28288368359324,159.7674107357338,161.35821533203125,23332100
2024-09-25,160.5429462723237,161.87524922923666,160.37392412147798,160.56283569335938,18869200
2024-09-26,162.7004790534292,163.13795527115403,161.34828673099906,161.7957000732422,20319300
2024-09-27,161.87525844392792,164.74866551423864,161.69629915796872,163.0087127685547,21101300
2024-09-30,162.38232355982177,165.19606207708327,162.32265529939457,164.89779663085938,20413900
2024-10-01,166.72721266688677,168.18877389639653,163.6350680810018,166.03123474121094,28338100
2024-10-02,165.46452779504156,166.5582184121097,163.7842281975384,164.90774536132812,17760200
2024-10-03,163.4660733087808,165.6832659184552,162.9788810936898,164.90774536132812,15073100
2024-10-04,167.0950886229922,167.26411075507784,164.52989975669306,166.100830078125,19047400
2024-10-07,166.75705707061962,167.51268816069472,161.81559051224986,162.0442657470703,22463100
2024-10-08,162.99875730912473,163.78421492779364,161.93489332497202,163.4362335205078,23072700
2024-10-09,162.5115774919813,163.89359644421285,158.8228863013817,160.9307098388672,31181800
2024-10-10,159.94638493252756,162.13376610989224,159.4790821511072,161.14944458007812,14144100
2024-10-11,161.19915249290503,162.9589793006072,160.3142629412503,162.3027801513672,15344300
2024-10-14,162.7004954092269,165.27562183830673,162.4618678561569,164.01292419433594,19016100
2024-10-15,164.83813228183462,166.71728049354707,163.68480379630955,164.51004028320312,20247200
2024-10-16,163.58538887396847,164.84810171857748,162.79993114663196,164.21177673339844,16406000
2024-10-17,164.77847983302945,165.4148047545223,161.82553046438127,161.9945526123047,21453400
2024-10-18,162.25306000415483,163.7643372928155,162.1436909535705,162.4817352294922,19757700
2024-10-21,162.01445640921125,163.5555604691452,161.6863492090046,163.12803649902344,20946500
2024-10-22,162.0442467450133,164.81823646722327,162.0442467450133,164.1918487548828,16568100
2024-10-23,163.81404098216163,164.867967838788,161.00028733207427,161.8454132080078,18280500
2024-10-24,161.89512038935888,162.3922496608961,160.08556255879625,161.78575134277344,22412500
2024-10-25,162.7303165163636,164.63929136354844,162.48175184608664,164.32113647460938,19828900
2024-10-28,167.78114595500233,167.78114595500233,163.00870143582344,165.76280212402344,32138600
2024-10-29,166.76697893071042,169.40177313699868,166.13065407857997,168.70578002929688,42169000
2024-10-30,179.6426331826948,180.9749512117023,173.06064622942904,173.45835876464844,68890800
2024-10-31,172.13600066532192,175.80481742033143,170.01822493850247,170.12759399414062,44769000
2024-11-01,169.0935675366594,171.33064938867685,167.91039737420323,170.30654907226562,31796500
2024-11-04,168.95436679599575,169.7497767581588,167.04539198951443,168.26834106445312,21492700
2024-11-05,168.45722424913848,169.55091475770118,167.87061532690117,168.7654571533203,18242100
2024-11-06,172.80214969030013,175.92412112315387,172.50386907265272,175.49658203125,33695500
2024-11-07,176.3914145518733,180.0403416420051,176.17267645525013,179.7122344970703,25352900
2024-11-08,179.6128172813832,179.86138194143007,177.05758046511664,177.32603454589844,22006200
2024-11-11,177.5547178158643,179.5134086393181,177.44534875364968,179.31455993652344,17450400
2024-11-12,178.787601775427,181.44227061052396,178.36006265722634,180.57725524902344,25134900
2024-11-13,179.423911961303,179.9210412566759,177.51492211643085,177.8529815673828,23184000
2024-11-14,177.2564251654299,177.79333331489727,173.3191695348543,174.57192993164062,31007500
2024-11-15,172.73253521026672,173.14018486054766,170.2369516887569,171.49966430664062,32504600
2024-11-18,172.4243223269658,174.43272892051993,171.90730361382492,174.2935333251953,20135300
2024-11-19,172.72258919074153,177.8430144374994,172.56350418840825,177.09732055664062,23434900
2024-11-20,176.32182739630647,176.65987170014589,172.78226898861567,174.96963500976562,18997100
2024-11-21,172.9015782767723,173.1302686962832,162.76014278127062,166.66758728027344,59734400
2024-11-22,164.89779453956643,165.5042928911672,162.9589781366054,163.8140411376953,38604600
2024-11-25,165.13639806236714,167.6618232619843,164.65915820880082,166.68743896484375,33135300
2024-11-26,166.66756653684672,168.84499520108912,166.61785057482837,168.1490020751953,20486700
2024-11-27,168.02973232334207,168.50697228555944,167.05536297555267,168.25840759277344,19266500
2024-11-29,167.53259758783784,168.45725093330546,166.20029451813454,167.98001098632812,14257200
2024-12-02,167.80103219947992,171.09202581712017,167.60218350894124,170.5054168701172,23789100
2024-12-03,170.50541009739786,171.68856506902026,169.86908521024029,170.35626220703125,22248700
2024-12-04,170.1673520843779,173.90577410275552,170.0778724521122,173.36886596679688,31615100
2024-12-05,174.35320380974355,175.04918185581036,171.3406012044101,171.64881896972656,21356200
2024-12-06,171.04230353586647,174.07479526094843,170.8732813965907,173.70692443847656,21462400
2024-12-09,173.15947313956298,175.44887679032834,172.85088694703188,174.56297302246094,25389600
2024-12-10,182.00855531536865,185.502397306232,180.21683563214248,184.31787109375,54813000
2024-12-11,184.4572441868518,194.7098490277896,183.99936950512352,194.5008087158203,67894100
2024-12-12,194.10263323797517,194.28179760891206,190.8277801088796,191.07662963867188,34817500
2024-12-13,190.1309984875668,191.84308455058388,188.76730785856873,188.9464874267578,25143500
2024-12-16,191.98243736831273,198.08423292115103,191.73358782946704,195.7550048828125,44934900
2024-12-17,196.3422712265007,200.4930793963414,194.082713332717,194.52069091796875,43504000
2024-12-18,194.32161160052223,196.09341894237798,186.87603832190538,187.53298950195312,34166100
2024-12-19,190.748138909751,192.1416901461699,187.513095150107,187.64248657226562,32265200
2024-12-20,184.92507802841766,192.00235990101223,184.36765746162297,190.5291748046875,63462900
2024-12-23,191.73358450411797,194.20218282242337,189.2749498878787,193.73434448242188,25675000
2024-12-24,193.9433748674021,195.20753479003906,192.8882552424337,195.20753479003906,10403300
2024-12-26,194.25194880473947,195.84459196860374,193.48550314170072,194.69989013671875,12046600
2024-12-27,194.05284898883724,194.42115659969988,189.77263428806026,191.8729248046875,18891400
2024-12-30,188.92657901389887,191.66392402935992,188.2497003483825,190.35995483398438,14264700
2024-12-31,190.2006709297877,191.07662611886298,187.6424905201336,188.42886352539062,17466900
2025-01-02,189.7726449747486,191.11643850843902,186.63714698089748,188.55825805664062,20370800
2025-01-03,190.489329030918,192.32087307336826,189.10572628313417,190.9073944091797,18596200
2025-01-06,193.0873348986171,197.30782865396526,192.95794346331456,195.9640350341797,29563600
2025-01-07,196.20293323603758,200.0750314967655,193.70448930563006,194.59039306640625,26487200
2025-01-08,191.683825506133,195.38669258245946,191.49469743094454,193.05746459960938,24864800
2025-01-10,193.40587493046604,195.61566016820694,189.4342306110514,191.15626525878906,26665200
2025-01-13,189.19532001022134,190.3001972959748,186.49778453538255,190.1309814453125,21823700
2025-01-14,190.35994708125565,191.09653198927745,187.4434226127788,188.78721618652344,17174900
2025-01-15,192.20142977574318,195.45638605757955,190.97709427450172,194.65011596679688,21776000
2025-01-16,193.2465980564925,194.5804279448186,191.92271668187493,192.0222625732422,17815400
2025-01-17,195.6255822249555,196.32235783888785,192.85837679493184,195.0980224609375,27735100
2025-01-21,198.1539212272468,201.3590893649602,196.95943127097462,197.13861083984375,29971300
2025-01-22,198.14394994474472,199.5574134711185,196.62099201618707,197.45712280273438,26200600
2025-01-23,197.22819130144518,199.3782549776066,194.30171827365388,197.0689239501953,26951400
2025-01-24,197.18839021308668,199.9754930323733,197.08884431729592,199.28868103027344,23877500
2025-01-27,191.5245520643281,195.97398278636885,189.85227535828872,190.92730712890625,41728900
2025-01-28,191.86297701391987,194.58040947836048,189.80249572901596,194.4012451171875,24157900
2025-01-29,194.66006109436606,195.88439657430914,192.5398581602494,194.51075744628906,18218300
2025-01-30,197.0888449414686,200.4731927690754,196.76036171060426,199.9456329345703,24354700
2025-01-31,201.0704225036096,204.5344037474068,200.87134591508243,203.0811309814453,32001100
2025-02-03,199.76644678798675,202.8123625387659,199.17916555521708,200.303955078125,27838300
2025-02-04,202.4540365472158,206.09719755510824,201.8767037764101,205.43028259277344,43856400
2025-02-05,190.1907106446792,191.86297206005932,187.16469209984552,190.4495086669922,70373900
2025-02-06,188.62796513064183,191.21600661155688,187.85155572408166,190.7183074951172,29297400
2025-02-07,190.1708212328695,190.3002126652559,182.39676404459453,184.48709106445312,49315000
2025-02-10,186.48783259444508,187.33391183220394,185.00468401733505,185.61187744140625,23105600
2025-02-11,184.17851963260873,186.07973375626966,183.43197101543439,184.46719360351562,21239500
2025-02-12,182.37684051579572,184.25814231125668,180.9932377687485,182.76504516601562,22072600
2025-02-13,183.47178484763324,185.42275661553663,182.29720719308074,185.2834014892578,21402500
2025-02-14,184.20837813225802,185.54220800020582,183.4717932262479,184.37759399414062,20448400
2025-02-18,184.74589678490392,185.10424071494356,180.90365944170068,182.92431640625,29916700
2025-02-19,183.22294469175932,184.60654751219354,182.74514264416922,184.41741943359375,19549400
2025-02-20,183.9495791218272,184.4572267048234,181.87914917011352,183.71067810058594,20441500
2025-02-21,184.29796286054517,184.48709094071828,178.255903940123,178.83323669433594,35199200
2025-02-24,181.15250613186586,182.27729565940143,178.06676593885823,178.42510986328125,29854200
2025-02-25,177.2206855678133,177.91747644578498,173.8861107726199,174.6127471923828,41913400
2025-02-26,174.2643473971189,175.26969397988614,170.79040266509935,171.9351043701172,35431300
2025-02-27,173.1893356179125,173.75670468511518,167.16717356296937,167.72459411621094,39991000
2025-02-28,167.90374066525882,169.82486685567105,166.00254187779413,169.4963836669922,48130600
2025-03-03,171.13879690224084,172.57217267061702,165.1664079930538,166.24143981933594,40770500
2025-03-04,165.47499722472898,172.49254217135646,165.03701959982106,170.13345336914062,45388000
2025-03-05,169.73530516145718,172.98029782260173,168.28201710781593,172.2238006591797,30954900
2025-03-06,169.7452376648565,174.0055403400316,169.71537693678601,171.55686950683594,28302000
2025-03-07,170.4718800246714,174.1648138078256,169.48644558654738,173.05992126464844,27385800
2025-03-10,167.6785699397653,167.87789100205225,163.12436954047675,165.2968292236328,43604000
2025-03-11,164.340133201267,166.17377116466406,160.8123576698439,163.47312927246094,39587400
2025-03-12,166.0043948548276,167.06072965689114,162.96493090148982,166.53256225585938,28372400
2025-03-13,165.46625097868807,165.5559515451144,161.54983818219623,162.1975860595703,31756200
2025-03-14,162.70583694230132,165.91471168879448,161.88866309227078,164.9181671142578,31995900
2025-03-17,164.4597537744784,165.72536967150563,163.10445251309577,163.72230529785156,31184300
2025-03-18,163.11441622190455,163.6824539546305,156.1784741770312,160.1148223876953,42074800
2025-03-19,161.20102488744715,165.29682318848322,160.44365657902026,163.32366943359375,34275600
2025-03-20,161.0117117252994,164.32023175461748,160.4038189359583,162.23745727539062,28138500
2025-03-21,160.65294731947398,163.67247597151626,160.33404577702316,163.42333984375,36625800
2025-03-24,166.49272355185173,167.73840437615397,164.5693844519754,167.10060119628906,30879100
2025-03-25,168.3960847024039,170.04039224469534,167.7383768915496,169.9706268310547,24174400
2025-03-26,168.41602720143118,169.0239199788623,164.27039826701778,164.48963928222656,28901600
2025-03-27,164.06113851285755,164.84840203770966,161.44022141043914,161.6793975830078,24508300
2025-03-28,159.935424629148,161.26083057547865,153.09912907789933,153.7967071533203,48669300
2025-03-31,152.58093987828155,155.00253588696825,150.13940872047658,154.10565185546875,54603500
2025-04-01,153.0891615011919,157.55369181763876,153.0891615011919,156.52725219726562,30672900
2025-04-02,154.61387643325034,157.86262130532444,154.1654344397735,156.49734497070312,25041700
2025-04-03,150.58783997911712,152.25206746912303,149.87032672274708,150.19918823242188,46883400
2025-04-04,147.49855413182192,150.54799324363788,144.8776522919314,145.09689331054688,62259500
2025-04-07,141.0608910476278,152.32184805897472,140.04441129882048,146.242919921875,76794100
2025-04-08,150.69745588802078,151.7139355045659,142.5357542501846,144.19998168945312,52200200
2025-04-09,143.9209605893895,158.99868434001036,143.41272834835817,158.16159057617188,70406200
2025-04-10,155.99907817143998,157.17500865516934,149.41191804525613,152.2919464111328,48022000
2025-04-11,152.37166086891528,157.12518279409443,152.29195068350106,156.59701538085938,33636200
2025-04-14,159.44711904636745,161.16117679260088,157.0155480479404,158.5203399658203,30333000
2025-04-15,158.58014524074957,159.09833747842598,154.6736922783896,155.76988220214844,27551500
2025-04-16,152.57096991980188,155.35132240030543,150.98645259897873,152.8001708984375,28187400
2025-04-17,153.75685420118594,154.14550597318726,147.98686786207978,150.63768005371094,33046600
2025-04-21,148.36555457655837,148.43530478654532,145.59516199807078,147.15972900390625,26049100
2025-04-22,148.3755226432022,151.6641228147109,148.02672595604838,150.9466094970703,26971800
2025-04-23,155.07229801307963,156.98566172409713,153.27851478210604,154.81320190429688,31128800
2025-04-24,155.6104249592094,159.03854063446718,155.2516683139833,158.7296142578125,45894000
2025-04-25,164.49961422965615,165.52605388757996,160.4835257508864,161.40036010742188,56034000
2025-04-28,161.86872639451175,162.5862396977989,158.0519740918863,160.05502319335938,29745800
2025-04-29,159.76601814888411,160.18456500527563,156.97569056687874,159.6065673828125,26809000
2025-04-30,157.43410788690483,158.71965890557001,154.86302105563792,158.25128173828125,34981100
2025-05-01,159.8955762805081,161.39039316416392,158.3609043039561,160.74264526367188,30203200
2025-05-02,162.84534306658284,164.39995007912242,161.3106559960053,163.46319580078125,25715000
2025-05-05,162.436752596043,164.81849332954616,162.15772135408076,163.642578125,21341800
2025-05-06,161.6096198520829,164.23053675483612,160.63301049910467,162.66595458984375,21277200
2025-05-07,163.5130144970414,164.4298335624806,147.32912722252786,150.85690307617188,127490100
2025-05-08,154.464385147347,155.39116415932176,152.3716357822811,153.7468719482422,57498700
2025-05-09,153.6372746936992,154.5142387821615,151.67408067225014,152.22218322753906,32435300
2025-05-12,156.94581087118723,158.5502482480448,155.7100901217978,157.91246032714844,44138800
2025-05-13,158.24129609505388,160.01515931291138,155.62039437316713,158.97874450683594,42382100
2025-05-14,159.4072742222668,166.4229412214118,159.0584775444673,164.79856872558594,48755900
2025-05-15,165.26694125278715,165.6356730691148,161.80893051621783,163.39344787597656,33146700
2025-05-16,167.15039440077075,168.76480673115492,165.04768502743337,165.61572265625,42846900
2025-05-19,163.94152401470697,166.06416858529283,163.65253281131433,165.96450805664062,30426100
2025-05-20,165.8548915457752,167.91774593119885,162.337090725838,163.41336059570312,46607700
2025-05-21,163.1243721968136,172.54171471286378,162.9948165454298,167.9775390625,73416000
2025-05-22,171.25618084668935,176.15917803179707,170.12012070875053,170.27955627441406,74864400
2025-05-23,168.47580548761593,169.3727046333075,167.30985028367255,167.88784790039062,35211400
2025-05-27,169.5720138436325,172.5716072803838,169.41256307598843,172.3025360107422,37995700
2025-05-28,172.56165823831284,174.66436785084326,171.31597754856884,171.76441955566406,34784000
2025-05-29,173.39874848808273,173.81729536660228,170.04039828273065,171.26614379882812,29317300
2025-05-30,170.7579241400477,171.61495310854446,166.86143108525064,171.14657592773438,52639900
2025-06-02,167.26003241267054,169.28301661805224,166.81159040962694,168.4459228515625,38612300
2025-06-03,166.91124474262,167.89781407143477,164.70887469424017,165.6057586669922,45084900
2025-06-04,166.1638436483944,167.63872532387313,165.78515185366567,167.4693145751953,26900800
2025-06-05,169.75139851627495,170.33935616350743,167.01090094696792,167.62876892089844,36379100
2025-06-06,170.239706414102,173.897023068816,170.239706414102,173.07984924316406,35731800
2025-06-09,174.14745263351276,176.0731199779413,173.9778367906517,175.6939697265625,28935900
2025-06-10,175.8037071645682,180.70266778284787,174.51661519040564,178.1983184814453,61766100
2025-06-11,179.36569688795734,179.96433833777158,176.352484683136,176.95114135742188,31646800
2025-06-12,175.78375628436552,176.32255032681226,174.3569797237004,175.30484008789062,20941900
2025-06-13,172.05216517338764,176.7316192634362,172.00227458420645,174.2771453857422,27663100
2025-06-16,174.33703117902292,176.5420676284148,174.25720927061568,176.37245178222656,27389200
2025-06-17,175.30483777675101,176.96110799729416,174.1873615915514,175.5542755126953,24973000
2025-06-18,175.6141436330853,176.16290971424257,172.81046582918458,172.93020629882812,28707500
2025-06-20,173.55876981570484,173.94789206625825,165.08787423262584,166.2652130126953,75659900
2025-06-23,165.89603893694584,166.96362443515676,161.63563852290417,164.81846618652344,57671000
2025-06-24,166.5445998017471,167.84167918331357,165.75638318822968,166.3949432373047,40524300
2025-06-25,167.25298407095676,171.9723414475006,167.17316217400943,170.29611206054688,35479000
2025-06-26,172.0421997468365,173.29937576602373,169.5578094698184,173.1497039794922,31796700
2025-06-27,173.14968136313868,178.27812028762878,171.34375470263782,178.1284637451172,108140200
2025-06-30,180.3734342799105,180.82241920920578,174.1873807915227,175.8336639404297,63378900
2025-07-01,175.3447530851258,175.6939567742825,173.139716841545,175.44451904296875,35904500
2025-07-02,175.14518633422566,178.4577266308603,174.67625741761273,178.23822021484375,29128900
2025-07-03,178.09853847776557,179.265905222364,176.65180269468908,179.126220703125,21689700
2025-07-07,178.65729408356307,178.8967598076696,175.28489078530595,176.39239501953125,34175600
2025-07-08,177.45002146146976,177.54978742679873,172.421347895151,173.96786499023438,40442500
2025-07-09,174.85586430994886,179.03644347316074,172.3814460707259,176.2227783203125,43025600
2025-07-10,175.2349902719471,178.02868052999747,173.98780168372105,177.2205047607422,29252400
2025-07-11,176.39238193299045,181.0219456842772,176.08308157759498,179.7847442626953,34282900
2025-07-14,180.60289104600895,183.2569121837853,179.27588047712075,181.1516571044922,32536600
2025-07-15,182.39885886185957,183.8056914333515,181.19158867102598,181.59068298339844,33448300
2025-07-16,182.82788394956327,183.91542879782378,181.62059863833602,182.55848693847656,33104200
2025-07-17,181.73036564766983,183.64604573142148,180.07409534184728,183.16712951660156,31992600
2025-07-18,184.98301522964096,186.00072543502688,183.2968289565469,184.64378356933594,34014500
2025-07-21,185.83110772544197,189.86201471908177,185.73132654425748,189.67245483398438,45803100
2025-07-22,191.0693117786785,191.21896833519165,187.03840453704987,190.90966796875,44660200
2025-07-23,191.06930248089483,192.09698471753413,188.7545130229886,189.80215454101562,58681900
2025-07-24,196.58686306155585,197.50479208340965,190.5704262162467,191.73779296875,74881700
2025-07-25,191.54821586623893,193.8929365997576,190.82983399147875,192.74551391601562,39785900
2025-07-28,193.2144667106556,193.61357622809174,190.41078895772904,192.14688110351562,38139500
2025-07-29,191.99721287217557,195.47936925683575,191.64800916549822,195.30975341796875,41389200
2025-07-30,195.1600963397073,197.155598285003,194.2521393007246,196.08799743652344,32445400
2025-07-31,195.26984291287636,195.54921195775628,190.66022322341527,191.46839904785156,51329200
2025-08-01,188.6048544387261,190.40080913246982,187.39758435603645,188.7046356201172,34832200
2025-08-04,189.86200183955253,194.8308120156372,189.69238602262155,194.601318359375,31547400
2025-08-05,194.27208103659058,197.41499022677854,193.45391800516853,194.23216247558594,31602300
2025-08-06,194.06255127051267,196.18776557270928,193.23441619136784,195.6489715576172,21562900
2025-08-07,196.6167969951023,197.09571318148866,193.8929412029117,196.07801818847656,26321800
2025-08-08,196.77642933858343,202.15430596097147,196.72653874979915,200.96697998046875,39161800
2025-08-11,200.48808049350347,201.02685931355308,198.62229106869012,200.54794311523438,25832400
2025-08-12,200.91710457512625,204.04006993048975,200.1388600495838,202.88267517089844,30397900
2025-08-13,203.6709007567403,204.06999503609887,197.06577929471834,201.5057830810547,28342900
2025-08-14,201.04680257921203,203.9801926061093,200.777405578413,202.4835662841797,25230400
2025-08-15,203.39153088363753,205.97570210941166,200.82730371462006,203.44140625,34931400
2025-08-18,203.74073522255918,204.80833601681928,202.0345896716843,203.0423126220703,18526600
2025-08-19,202.57337657986534,202.98245812812408,199.51028904350812,201.11666870117188,24240200
2025-08-20,200.27853657760338,200.82730262485018,196.15783565803162,198.87171936035156,28955500
2025-08-21,199.30075073242188,202.02460654215824,198.9814631231269,199.30075073242188,19774600
2025-08-22,202.27403645691825,208.07096677186306,200.84725997228378,205.62648010253906,42827000
2025-08-25,205.96572314134983,210.04653613391585,204.81831562838462,208.02110290527344,29928900
2025-08-26,207.0432962842493,207.38254318133843,205.23736948208096,206.67413330078125,28464100
2025-08-27,205.2373711930947,208.4401585010209,205.18748059977113,207.01336669921875,23022900
2025-08-28,206.78389053195886,211.742714118765,206.43467159929352,211.1640167236328,32339300
2025-08-29,210.0365409975429,214.167229203444,209.72724064780297,212.43115234375,39728400
2025-09-02,207.97120545801465,211.20390871469678,205.73623790289355,210.87466430664062,47523000
2025-09-03,225.7012467158241,230.78976737242826,224.28442698424496,230.1412353515625,103336100
2025-09-04,229.13349303754427,231.84737676203946,225.60146147412655,231.7775421142578,51684200
2025-09-05,231.677760445174,235.22975128240526,231.37843212445287,234.47146606445312,46588900
2025-09-08,235.15054099905157,237.8069358559837,233.3529799966882,233.72247314453125,32474700
2025-09-09,233.85231685973005,240.14377315813266,232.91358965088386,239.30491638183594,38061000
2025-09-10,238.5758820575914,241.33214736167037,237.5273187664355,238.84552001953125,35141100
2025-09-11,239.55457404217233,241.9213539288796,235.92949376965038,240.0438995361328,30599300
2025-09-12,240.04388783032,241.75157459718335,237.67710805902945,240.4733123779297,26771600
2025-09-15,244.32807821701437,252.06756394348793,244.32807821701437,251.26864624023438,58383800
2025-09-16,251.73800966841424,252.696698721273,249.13154999644232,250.8192596435547,34109700
2025-09-17,250.87917693990602,251.25866627901078,245.94587648389523,249.19146728515625,34108000
2025-09-18,251.338548569648,253.64542748570952,249.46110945180462,251.68807983398438,31239500
2025-09-19,252.90642848071656,255.65269769422878,251.4683796180924,254.3744354248047,55571400
2025-09-22,254.0848093772248,255.4329839373953,249.96042287972912,252.18739318847656,32290500
2025-09-23,252.69670571321294,254.01492224497756,250.1401811840686,251.31858825683594,26628000
2025-09-24,251.31857470864836,252.00764101873446,246.10565550148698,246.80470275878906,28201000
2025-09-25,244.06842931794486,246.1556055061487,240.41340622781078,245.45654296875,31020400
2025-09-26,246.73481561544992,249.08161830530747,245.63630185383965,246.2055206298828,18503200
2025-09-29,247.51375020937843,250.80926093832198,242.4406403715287,243.71890258789062,32505800
2025-09-30,242.48058753408858,242.9599320717839,238.92541967317948,242.77020263671875,34724300
2025-10-01,240.42338523813993,245.96585884887978,238.2862890899911,244.5677490234375,31658200
2025-10-02,244.81739828037135,246.47514981131818,241.97127402542458,245.35667419433594,25483300
2025-10-03,244.15831699237452,245.96585900937905,241.3321544964398,245.01715087890625,30249600
2025-10-06,244.44791178946252,250.97904766602093,244.24818617214953,250.09024047851562,28894700
2025-10-07,247.93317917084852,250.1002333278666,245.18691006468788,245.42657470703125,23181300
2025-10-08,244.62768203424937,245.67624536262252,243.48922922331397,244.2881317138672,21307100
2025-10-09,244.13833003954065,244.42792989328805,238.82554034163272,241.2023162841797,27892100
2025-10-10,241.10246136059908,243.75885638035138,235.5200485827795,236.2490692138672,33180300
2025-10-13,239.88411429337978,244.16828735447277,239.38479264234815,243.81875610351562,24995000
2025-10-14,240.9027132904423,246.78472157869837,240.1836889124138,245.1169891357422,22111600
2025-10-15,246.91455220927548,251.7679591837619,245.65626715592245,250.68942260742188,27007700
2025-10-16,251.42842769264908,256.6113736152233,249.76069521164578,251.1188507080078,27997200
2025-10-17,250.4197821526697,253.87509458891947,247.4737875390444,252.9563446044922,29671600
2025-10-20,254.3444728441902,256.98087539491434,253.88509020638818,256.2019348144531,22350200
2025-10-21,254.39440086428343,254.53421031738455,243.81875668908756,250.12020874023438,47312100
2025-10-22,254.02489806023604,256.01218852739623,248.95178813355238,251.34854125976562,35029400
2025-10-23,252.63679338694976,254.69399627404513,251.50833675008087,252.73666381835938,19901400
2025-10-24,256.23188733462473,261.32497431611404,254.9736174865258,259.5673828125,28655100
2025-10-27,264.4607188078389,269.7735083332291,263.92144290721717,268.9046630859375,35235200
2025-10-28,269.3241367489819,270.3627344019799,266.1384619149823,267.1071472167969,29738600
2025-10-29,267.38675485794886,274.96645416764926,267.3068768000952,274.197509765625,43580300
2025-10-30,291.1944142933695,291.1944142933695,279.6800575475708,281.09814453125,74876000
2025-10-31,282.82575062167336,285.6119738650845,276.6541425566326,280.8085021972656,39267900
2025-11-03,281.797163766903,285.14262497278366,279.42038779718166,283.3350830078125,29786000
2025-11-04,276.374515458966,280.88837191256465,275.8851900258856,277.1634521484375,30078400
2025-11-05,278.49163374098424,286.0314084420774,276.96371081227676,283.92425537109375,31010300
2025-11-06,284.9428776795432,287.9587999323025,280.7585903155872,284.3636779785156,37173600
2025-11-07,282.8257840870045,283.3950181298404,274.8166751233446,278.45172119140625,34479600
2025-11-10,284.03413439651047,290.40545290698407,282.47622284552773,289.7064208984375,29557300
2025-11-11,287.35962699643375,291.52398321941854,286.9302176656824,290.914794921875,19842100
2025-11-12,291.2842728658537,291.613842224268,283.30512258449664,286.3210144042969,24829900
2025-11-13,281.9569519907634,282.45627365196606,276.8638649512614,278.19207763671875,29494000
2025-11-14,271.04178706348836,278.1820807042813,270.3327588398133,276.0350036621094,31647200
2025-11-17,285.392279437324,293.55120856159544,283.1852862901624,284.63330078125,52670200
2025-11-18,287.52939388700526,288.4081743957296,277.8225797399186,283.8943176269531,49158700
2025-11-19,286.77042153983126,303.39782684502376,286.2411417953812,292.4127502441406,68198900
2025-11-20,304.1268355762142,306.0042898345543,288.2783714658303,289.05731201171875,62025200
2025-11-21,296.0178842040454,303.50770955644725,293.4513634023398,299.25347900390625,74137700
2025-11-24,310.70789188393536,319.0465694557707,309.17996886834777,318.14776611328125,85165100
2025-11-25,325.767421144808,328.3838617048627,317.2190369667809,323.0011901855469,88632100
2025-11-26,320.2449508538883,324.0597758686898,316.36024396458464,319.5159606933594,51373400
2025-11-28,322.9313108653273,326.40660086319315,316.36025071335513,319.7456359863281,26018600
2025-12-01,317.2690150587685,319.41609223758667,313.464186206563,314.46282958984375,41183000
2025-12-02,316.3102616947243,317.948051296999,313.4841146313127,315.38153076171875,35854700
2025-12-03,315.4614340573081,321.1436861691208,313.6738540884245,319.19635009765625,41838300
2025-12-04,321.7928484740126,321.92264650582644,314.27306548179905,317.1890869140625,31240900
2025-12-05,319.05652267664885,322.72155681925386,318.73697999805336,320.8341064453125,28851700
2025-12-08,319.82486263347363,320.21460294317257,311.0010871288888,313.49932861328125,33909400
2025-12-09,312.15025542764414,317.7662971049956,311.6805848338384,316.85693359375,30194000
2025-12-10,315.6078174223929,321.0839735202244,314.45863248382005,319.9847412109375,33428900
2025-12-11,319.85481737290655,320.8940942947929,308.3829128168011,312.210205078125,42353700
2025-12-12,313.47935032153816,314.6485102459599,305.34506149685063,309.07244873046875,35940200
2025-12-15,311.1009991314403,311.2009348824072,304.66552711937686,308.003173828125,29151900
2025-12-16,304.7354841263937,310.5513666605185,302.37712849550337,306.3543395996094,30585000
2025-12-17,307.7933270972379,307.87325739956634,295.9116769824828,296.5112609863281,43930400
2025-12-18,301.50775321966603,303.7461677101471,299.0195145942255,302.2472229003906,33518000
2025-12-19,301.5177661333593,307.03387224107576,300.7582909786616,306.9439392089844,59943200
2025-12-22,309.66200850448513,309.9118326328777,305.0852133945127,309.56207275390625,26429900
2025-12-23,309.41219480947996,314.7184570357758,309.1024153195162,314.1288757324219,25478700
2025-12-24,314.5485634057752,314.8583428959372,311.70059264113144,313.8690490722656,10097400
2025-12-26,314.25877806497726,314.86833429915043,312.0603135401851,313.2894592285156,10899000
2025-12-29,311.15095467052413,313.79908436732376,310.4014822754237,313.33941650390625,19621800
2025-12-30,312.28018544302313,316.72706748217655,312.24020504037514,313.6292419433594,17380900
2025-12-31,312.62992729269524,314.3586907819443,311.22091551782626,312.7798156738281,16377700
2026-01-02,316.67708324131615,322.2731502440002,310.11169732658084,314.9283142089844,32009400
2026-01-05,317.4365596004392,318.79558832967825,314.4086921415047,316.3173522949219,30195600
2026-01-06,316.17741436833177,320.71422913013345,311.5606693028291,314.1188659667969,31212100
2026-01-07,314.13884430323384,325.9205589972494,313.96898096999803,321.7535095214844,35104400
2026-01-08,328.7385750407063,330.0876314322289,321.2738288701313,325.2110595703125,31896100
2026-01-09,326.8598973489763,330.5972566011106,325.5707962902668,328.3388671875,26214200
2026-01-12,325.57079145505844,333.80501545240315,324.77136644379436,331.62652587890625,33923900
2026-01-13,334.7144015630273,340.25048265726696,333.38532003422745,335.7336730957031,33517600
2026-01-14,334.8243096530742,336.2832741209541,330.2475447349911,335.603759765625,28525600
2026-01-15,337.4124676651339,337.4524480652932,330.507324974913,332.5458984375,28442400
2026-01-16,334.1747541117482,334.4145755186536,327.46948297740045,329.7678527832031,40341600
2026-01-20,320.6442885211675,327.49947891315526,320.20459558658575,321.77349853515625,35361000
2026-01-21,320.6942733516965,332.24613943011235,319.12537039479025,328.1490173339844,35386600
2026-01-22,334.2147483456718,334.9142376434696,328.5187457270175,330.3074951171875,26253600
2026-01-23,332.25610013077164,333.45526818914374,327.21966747627397,327.6993103027344,27280000
2026-01-26,327.5793954045391,335.60374537803585,326.7699676491338,333.02557373046875,26042100
2026-01-27,335.1340666902067,337.6722883721735,333.2454121385867,334.31463623046875,21636200
2026-01-28,335.82360375323316,337.30257365930305,331.7065067534381,335.7736511230469,27434400
2026-01-29,340.06060015063264,342.0492210013424,326.3103005061971,338.0120544433594,39785600
2026-01-30,339.76083067041884,339.76083067041884,332.0562627255977,337.7622375488281,31024000
2026-02-02,335.983495554882,344.5874244246442,335.3939142353609,343.4482421875,32006100
2026-02-03,347.09564553860224,348.7544814019383,337.2325938809106,339.47100830078125,36506700
2026-02-04,342.7187296036167,343.0684894885568,328.2888852617291,332.80572509765625,70618400
2026-02-05,312.0003564748562,332.45595718246585,306.24439883874277,331.0169677734375,88205800
2026-02-06,326.94984200428365,330.147603202773,319.694969697787,322.63287353515625,56380500
2026-02-09,320.70422803551696,327.4694850607409,317.03682684844796,324.09185791015625,39640100
2026-02-10,320.7441987510988,321.4437184993816,314.38865715458337,318.3558654785156,39170000
2026-02-11,318.7456164455411,320.8341425405983,309.44216816023624,310.7412414550781,45406400
2026-02-12,311.87044586439265,316.0175203045161,306.9839017615506,308.7826232910156,47761300
2026-02-13,307.5135396808651,308.41290048065196,303.4963480144474,305.50494384765625,38499700
2026-02-17,299.82893803190484,304.22583664461854,296.04159566157676,301.8075256347656,39247600
2026-02-18,301.87748970860525,305.1651838815364,301.0380842700908,303.1166076660156,28482100
2026-02-19,301.6076886754516,305.25511494304027,299.828942056139,302.636962890625,25834400
2026-02-20,304.1059184917761,316.2773425544253,303.68620054308417,314.7584228515625,53210800
2026-02-23,318.82555353627805,319.29522413676915,309.65201848441603,311.2708740234375,31423000
2026-02-24,310.3015673465962,312.05033638585,305.71479964031533,310.6813049316406,25615600
2026-02-25,311.84046520002283,313.4193707572093,309.22231323387047,312.67987060546875,29963600
2026-02-26,312.42009761480955,312.9197459051382,302.1373272609355,307.1637878417969,36431200
2026-02-27,303.92607541564644,312.1502667227519,303.5862877430576,311.54071044921875,44640600
2026-03-02,303.0166882830762,308.27296712894787,301.088022863519,306.3043518066406,34790200
2026-03-03,298.37994467731505,303.72618716624237,296.5012623376298,303.3664245605469,35497000
2026-03-04,302.6769571429086,305.2551289128473,300.5384478137644,302.9167785644531,29536200
2026-03-05,302.82681905445145,303.08661540637286,297.78035344585857,300.6683349609375,35752300
2026-03-06,295.88171424137005,300.31859339921897,294.97235071392555,298.30999755859375,25576900
2026-03-09,294.3599853515625,306.79998779296875,294.0799865722656,306.3599853515625,29312100
2026-03-10,306.1700134277344,309.510009765625,305.57000732421875,307.0400085449219,23239700
2026-03-11,306.75,311.4200134277344,305.9200134277344,308.70001220703125,24125700
2026-03-12,306.82000732421875,308.94000244140625,301.0299987792969,303.54998779296875,24928300
2026-03-13,307.010009765625,307.69000244140625,300.44000244140625,302.2799987792969,23693100
2026-03-16,304.3500061035156,306.489990234375,303.0199890136719,305.55999755859375,23519700
2026-03-17,305.8599853515625,311.4200134277344,305.5,310.9200134277344,21955200
2026-03-18,309.2699890136719,312.4700012207031,306.92999267578125,307.69000244140625,20009800
2026-03-19,304.010009765625,308.05999755859375,302.3500061035156,307.1300048828125,25075800
2026-03-20,305.4599914550781,306.0,298.2699890136719,301.0,44364100
2026-03-23,302.1099853515625,305.9800109863281,300.92999267578125,302.05999755859375,29326900
2026-03-24,299.20001220703125,299.9200134277344,290.3299865722656,290.44000244140625,36864300
2026-03-25,293.44000244140625,296.0,289.239990234375,290.92999267578125,29460700
2026-03-26,287.9100036621094,287.95001220703125,278.5,280.9200134277344,39080600
2026-03-27,277.2799987792969,279.3699951171875,273.95001220703125,274.3399963378906,35890600
2026-03-30,276.4200134277344,277.0899963378906,272.1099853515625,273.5,35141200
2026-03-31,278.0400085449219,288.0799865722656,277.0899963378906,287.55999755859375,43875400
2026-04-01,290.8399963378906,300.5199890136719,290.4100036621094,297.3900146484375,37684500
2026-04-02,290.69000244140625,298.0799865722656,289.45001220703125,295.7699890136719,21666500
2026-04-06,295.8699951171875,300.6199951171875,295.17999267578125,299.989990234375,16945500
2026-04-07,302.7300109863281,305.6300048828125,297.7200012207031,305.4599914550781,23205400
2026-04-08,320.45001220703125,322.0799865722656,315.0199890136719,317.32000732421875,33547100
2026-04-09,315.9100036621094,319.5400085449219,311.05999755859375,318.489990234375,23739200
2026-04-10,320.0199890136719,321.8299865722656,316.32000732421875,317.239990234375,19152600
2026-04-13,317.1400146484375,321.6300048828125,315.4700012207031,321.30999755859375,18866400
2026-04-14,324.7900085449219,333.2900085449219,323.75,332.9100036621094,27721400
2026-04-15,332.8900146484375,337.4800109863281,330.8999938964844,337.1199951171875,24918800
2026-04-16,338.75,339.8800048828125,334.5199890136719,336.0199890136719,20541500
2026-04-17,337.6499938964844,342.32000732421875,336.239990234375,341.67999267578125,25581900
2026-04-20,340.760009765625,341.3999938964844,336.6099853515625,337.4200134277344,18784200
2026-04-21,337.69000244140625,339.3399963378906,331.3500061035156,332.2900085449219,23123800
2026-04-22,337.0199890136719,339.82000732421875,335.1700134277344,339.32000732421875,20266500
2026-04-23,341.3550109863281,341.9599914550781,338.3351135253906,338.42999267578125,8497449
