timestamp,open,high,low,close,volume
2021-01-04,235.8547915476673,236.3671234281997,229.81267203283582,234.0880889892578,3572000
2021-01-05,233.0987243996919,241.59655882842594,231.94153645735227,239.3263397216797,4207100
2021-01-06,244.0611516405185,254.7408662096231,241.2432586820075,252.240966796875,6383500
2021-01-07,254.20195715185753,261.37479131554306,253.23910760896445,257.6293640136719,4009700
2021-01-08,257.9385080451085,258.18584526218484,251.80804956714366,256.2424621582031,2800800
2021-01-11,253.34512605994047,260.5886170456619,251.04843439115425,259.5550842285156,2649700
2021-01-12,262.4789800962316,268.5210988756753,261.4896041394365,266.9575500488281,4814400
2021-01-13,265.0759882909119,268.29139925966575,264.2103214591216,267.6023864746094,2413800
2021-01-14,268.5829584265325,273.31773552616914,268.13246758398776,271.9573669433594,3192200
2021-01-15,266.0566408433492,269.2985257569052,262.2493980292204,265.89764404296875,3863700
2021-01-19,269.42217271039857,270.83554031944476,259.5286264048204,259.8819885253906,6727800
2021-01-20,261.31290850587783,262.75277499989653,253.94576414098026,256.58697509765625,4792600
2021-01-21,256.56934498005756,258.59219964626953,254.87329895904523,255.6153106689453,2516000
2021-01-22,253.24793677925726,256.6930007833229,252.1967467814128,255.63299560546875,2568800
2021-01-25,252.2232786382944,252.9476331254099,245.1299692549211,250.02374267578125,4575000
2021-01-26,250.80993897249914,252.43530219977518,247.40903092905359,248.89308166503906,3296800
2021-01-27,243.80495567621062,245.01514262846615,239.6708781150373,241.44639587402344,3891800
2021-01-28,242.57706227177036,247.1881566555093,239.6796713880477,242.93923950195312,3778700
2021-01-29,242.27672779329913,245.041621406749,239.05250125329053,239.53836059570312,3412000
2021-02-01,240.85457700358722,244.51163749374766,240.27156189054128,242.68312072753906,2324100
2021-02-02,245.85437683863827,254.62605008192222,245.5716979107524,253.495361328125,5195500
2021-02-03,253.1773027935422,256.0040377326226,251.91411690619523,254.89100646972656,2712800
2021-02-04,256.17186876662237,261.32179481869684,255.74785045146308,259.48443603515625,2994700
2021-02-05,260.58863781176797,262.5673361300305,258.106422774316,259.26361083984375,2938100
2021-02-08,260.5885947730195,265.79154609650703,260.14691918865844,265.1378479003906,2826200
2021-02-09,264.65210436129934,267.1696614286291,262.9737419689952,265.4117736816406,2071700
2021-02-10,265.00539032221275,269.58114359191813,263.0178498947962,268.7861328125,3213700
2021-02-11,268.52114548721227,269.4309962736828,264.2722277704405,267.0547790527344,2159900
2021-02-12,266.76323921905083,270.92384307629635,266.5689008629306,270.5881652832031,1977300
2021-02-16,273.8389208696082,276.41831869533576,273.14990788895574,275.5702819824219,2792200
2021-02-17,273.86543311851403,278.238033326101,272.7435865467163,276.2593078613281,2333100
2021-02-18,273.14990738176044,277.81400146314996,271.7011982181973,273.7505798339844,2093300
2021-02-19,274.0420350443736,279.8279742531372,274.0420350443736,278.80328369140625,2749500
2021-02-22,276.48887596843974,283.16700768505234,275.7910210975423,279.9074401855469,3162300
2021-02-23,280.8880131423036,282.6723727907595,274.3511929553267,281.9745178222656,2942500
2021-02-24,282.82259980065066,292.3627831323796,282.76075873930745,292.0712890625,3934400
2021-02-25,294.4474988154615,296.63821990679924,288.2287246116058,289.5272521972656,4244000
2021-02-26,287.76936493324087,290.3399206444469,281.82442749020333,282.2131042480469,3732200
2021-03-01,288.2167553633078,293.573160486951,286.7180260703288,292.5799255371094,2957800
2021-03-02,292.65088329825176,298.14030657733014,292.2163497379567,293.4844970703125,2850300
2021-03-03,295.9144435340298,301.6078466227637,295.5331169751397,296.5795593261719,3606300
2021-03-04,295.42669073888123,301.30631843198245,287.25907672205244,292.02130126953125,3647600
2021-03-05,297.59945934188113,297.59945934188113,280.64344159000285,290.31866455078125,3740200
2021-03-08,293.8570110018128,299.3819159024709,291.8528138261865,296.3667297363281,2998000
2021-03-09,291.42709495455495,298.3177110259381,288.7223018946111,293.17413330078125,3324800
2021-03-10,294.48666342216467,303.6475126761358,294.0077724922222,303.3105163574219,3153100
2021-03-11,300.33071268720033,305.9531528868192,298.3796962491403,303.3813781738281,2756600
2021-03-12,306.1483168999789,310.38731978478023,304.7471517643747,309.3320007324219,2436700
2021-03-15,309.8907664423879,312.5335030555632,303.2928153126021,306.8844299316406,2276200
2021-03-16,306.20154082726,307.63818645622536,299.5237800626642,303.03558349609375,2332600
2021-03-17,305.6162084646071,307.75345004093884,301.8738232546348,305.90887451171875,2710900
2021-03-18,311.05246625001405,316.46207977143575,307.7180106242926,308.61370849609375,3713000
2021-03-19,307.21251795787055,307.9396905508815,302.0778172040583,305.2437744140625,3513000
2021-03-22,302.45925936398964,304.07328056630223,297.9719459150035,300.925048828125,2094500
2021-03-23,299.4085201549401,303.1952633791988,293.8304081431107,294.2206115722656,2457500
2021-03-24,295.68388911970953,298.80548950152564,291.2675105071655,291.4537353515625,3332200
2021-03-25,290.3008609020402,293.8836253339173,285.4854293484126,293.138671875,2804700
2021-03-26,296.65052647015847,297.48414044578146,286.16829486797894,290.33636474609375,3082600
2021-03-29,284.0931257663563,290.6644729247783,281.76078209941863,288.8642272949219,4533200
2021-03-30,292.1277617669311,297.75020467761544,291.63114408207554,294.4335021972656,2717300
2021-03-31,292.85492020227946,295.0010119518692,288.60703986577846,289.990478515625,2624500
2021-04-01,287.596098900715,292.3494745159952,287.47195800815086,290.55810546875,2659000
2021-04-05,295.1784531825738,295.1784531825738,286.487588850222,286.9221496582031,3235000
2021-04-06,287.7645342160619,291.35617546163394,287.33000059157786,290.0436706542969,1801700
2021-04-07,290.61126599465626,291.9414975563096,286.75358905313544,289.5914001464844,2157300
2021-04-08,287.58722674127756,293.9723225262159,286.4166163751008,293.6619567871094,2402800
2021-04-09,296.1982855691089,296.99641924923264,291.5779546205345,293.36932373046875,2347100
2021-04-12,295.01879152305787,296.62393557224345,292.59776014204294,294.28271484375,2318800
2021-04-13,292.21646486054107,292.695328826965,287.48969266704006,290.59356689453125,3575900
2021-04-14,291.3649875560763,305.4831877892393,289.2366228695298,297.3953857421875,9876800
2021-04-15,300.54363861970137,302.71636094671555,296.6771119584839,300.2332458496094,4354800
2021-04-16,301.77631934869856,304.8358354964556,300.29531640171354,303.56768798828125,4231900
2021-04-19,301.5191258998434,305.44773625085594,298.50394005357055,304.2593994140625,3228200
2021-04-20,301.49255536186587,301.93596588967614,292.07452008135647,294.31817626953125,3662300
2021-04-21,292.65095606486256,297.5018684494527,290.48711046705,297.3244934082031,2733300
2021-04-22,296.74806030934127,298.83209522389905,292.9081370075812,293.4047546386719,2165200
2021-04-23,293.7594628321805,302.1133287473599,293.2894487741942,300.9427185058594,2163800
2021-04-26,303.23958176660466,306.75138542825135,302.3084305209868,304.6407470703125,2171500
2021-04-27,305.0664901624986,308.21469456982624,304.76497420474163,307.3988342285156,2088600
2021-04-28,308.6137358650946,310.49379222466644,306.91990435452107,308.7112731933594,2140900
2021-04-29,310.8750909869883,313.7838627868987,308.1525710830481,313.0212097167969,2584400
2021-04-30,311.38061452021407,312.8882211876742,307.9042910283952,309.0128173828125,2101100
2021-05-03,310.68885712006585,313.98783222946446,309.7311023751049,310.52923583984375,1871700
2021-05-04,309.4118085469384,311.9658570852121,303.7982441225617,310.24542236328125,2831400
2021-05-05,312.1609981898695,318.4929132459676,309.10145485374983,317.1449279785156,2786800
2021-05-06,319.05159498120116,324.84253527466956,316.15169993091286,324.5498962402344,3048700
2021-05-07,321.2952093628698,329.5869904001074,320.0802690293515,328.91302490234375,3378100
2021-05-10,331.22763917706175,334.3137859596901,326.7935342349324,326.9531555175781,3396300
2021-05-11,321.9160897209302,326.9088973159295,318.03180860568614,319.1846923828125,3734300
2021-05-12,321.9782117077341,326.465525262408,313.2873468423386,314.2894592285156,3309800
2021-05-13,313.26956355720944,320.044889967646,313.26956355720944,318.2002868652344,2673900
2021-05-14,321.02925068200506,327.68928606231754,320.76321516711414,327.03302001953125,2732300
2021-05-17,326.1550511473496,328.74458057264377,323.2462791282742,327.45867919921875,1826100
2021-05-18,329.34759484783274,330.8551743441587,322.8028513878651,323.2994689941406,2018600
2021-05-19,319.25558501135447,319.25558501135447,313.8725746243637,317.8189392089844,3696000
2021-05-20,318.35103980405364,320.9848994839625,313.35823281287685,319.06048583984375,1919600
2021-05-21,320.5769445037472,325.5875052715775,319.7078771634827,324.8070983886719,2657500
2021-05-24,325.747051951454,327.87541664951743,324.1419083246577,326.6072692871094,1834300
2021-05-25,328.043923905283,331.4670396047982,322.8826197478043,323.2550964355469,2631000
2021-05-26,323.689749690235,327.05080973743935,320.94947533090465,325.818115234375,2121200
2021-05-27,329.30326469563545,331.2720086054774,325.72937677187196,329.3387451171875,3897000
2021-05-28,331.01154084898786,331.9636504541205,327.68363781070656,331.0293273925781,2169700
2021-06-01,336.08354993072084,341.11988513180086,334.84669252430245,340.30126953125,3644000
2021-06-02,341.09326819636755,342.28564592734,337.5696032738279,341.191162109375,2809700
2021-06-03,340.1321415171818,348.1404849407387,338.2457360777705,345.8892517089844,3003900
2021-06-04,346.74352013751246,348.8523798816309,343.7537511724412,348.3185119628906,2514100
2021-06-07,349.6976975094477,349.92905836534857,344.8481893155617,345.3909912109375,2188700
2021-06-08,343.28215212519837,343.8961273910456,340.10550221147247,342.312255859375,2452600
2021-06-09,340.94195527860575,341.9296381590612,337.1335432876445,340.60382080078125,2025900
2021-06-10,346.70801024920087,346.70801024920087,331.3230799688489,332.7378845214844,3900800
2021-06-11,334.30397308592563,337.0179017628594,333.7789576065492,336.39501953125,2117300
2021-06-14,335.84331373003215,337.01787760284645,329.85486822802096,331.83026123046875,2560500
2021-06-15,332.3462472500891,333.5385973283403,326.7048175567096,330.3886413574219,2302900
2021-06-16,330.1128582863233,332.86238671039456,325.0053226851389,330.12176513671875,3264200
2021-06-17,332.3641292756117,332.3641292756117,317.26394763762545,321.6685485839844,4146300
2021-06-18,317.23721907786296,318.8922911073425,309.77167628699533,310.39453125,6290100
2021-06-21,314.00722736700806,318.52748136231565,312.3610620943644,318.1448669433594,2717300
2021-06-22,317.66429340919154,320.2269676840197,313.7847089106522,318.1358947753906,1870800
2021-06-23,319.25716129925314,322.5405852424346,318.25166465065894,321.26812744140625,1713100
2021-06-24,323.0032473185911,330.01500259692386,322.80748668856035,328.11968994140625,2716600
2021-06-25,328.1820193103114,330.2552791201564,324.3736070383585,328.13751220703125,2782400
2021-06-28,327.274370486797,328.22648028851637,323.768492668624,328.0841064453125,1833400
2021-06-29,333.5564115653325,336.4305270111456,329.89928085246765,331.563232421875,2365900
2021-06-30,330.03282635468327,338.22802603287533,330.03282635468327,337.7119445800781,2238400
2021-07-01,338.7530194302761,339.58944878432885,332.9247073502263,333.6721496582031,2571000
2021-07-02,334.84663153958695,335.1046857635374,331.3852616811954,332.93353271484375,1598900
2021-07-06,332.1061254175207,332.4620464829276,325.1477558954137,329.107421875,2162900
2021-07-07,327.00744122729014,329.31206184019265,322.273612703744,327.1587219238281,2012800
2021-07-08,320.0579871416412,322.90540980799113,316.4097353363289,319.390625,2940500
2021-07-09,325.67271540109897,331.1450793682253,324.7384192926997,330.7980651855469,2641800
2021-07-12,329.5077546460507,341.68933763140603,326.8560932396633,338.5749816894531,4135900
2021-07-13,339.07332394887567,342.8728289543001,331.0204990333272,334.5530700683594,6466800
2021-07-14,337.01783051071544,339.7050652184485,330.468797386559,333.1471252441406,3295700
2021-07-15,330.3353035930387,337.0178308561932,329.73914204296193,332.21282958984375,2183900
2021-07-16,333.6187927089096,333.6187927089096,323.74182712158006,324.6049499511719,2583300
2021-07-19,314.9948904220901,316.0537737233127,310.5458100488968,315.63555908203125,4394600
2021-07-20,313.4554846840725,326.8383254457875,312.8059363581347,324.5693054199219,2937900
2021-07-21,327.4879552435798,333.5920812179979,327.39006134293663,332.3463439941406,2398800
2021-07-22,331.2786046678301,332.51546238553243,327.8528335640614,331.6434326171875,1887100
2021-07-23,333.31623220689403,336.35050857192743,330.45992993592296,332.8357238769531,1706900
2021-07-26,332.06160193373336,335.17595862374435,331.99930828272466,334.4819030761719,1559100
2021-07-27,331.45643868880575,333.80556581218127,328.5378434826598,333.5386047363281,1791800
2021-07-28,334.40177757978887,335.8521821294742,331.3141147077381,332.9958801269531,1668900
2021-07-29,335.4872871979423,337.69404040250987,333.5118948166433,335.9499816894531,1296600
2021-07-30,335.07807123811324,338.0856541440272,331.9548078888897,333.57427978515625,1474900
2021-08-02,334.7220822655729,344.2964835481794,334.3483476134413,336.5195007324219,2383200
2021-08-03,338.3526032250942,339.29580620566605,330.8069522254847,338.4504699707031,1494600
2021-08-04,336.7775693257146,340.48808683746483,334.35726872044836,336.2258605957031,1460500
2021-08-05,338.26368838563644,341.96532775177053,338.0857414042604,341.9564208984375,1583800
2021-08-06,346.0317280644388,354.9120763577165,345.8181808661343,354.0489807128906,3655800
2021-08-09,352.8921992820139,360.0196356484459,350.21384386241135,355.8197021484375,3319100
2021-08-10,356.03315826353617,365.385132710952,355.48147671206664,363.0182189941406,3152300
2021-08-11,363.7567624636693,368.98888478096654,362.2084913450919,368.28594970703125,3000500
2021-08-12,368.72203047520605,372.4948423628258,365.32292617379454,369.2737121582031,2312800
2021-08-13,370.163518143799,370.95546755116715,363.20514933840695,365.5186767578125,1980000
2021-08-16,363.9258829860299,363.9258829860299,357.8395440380728,363.3564147949219,1590700
2021-08-17,359.34331941137424,363.35639858741854,356.10440302852703,360.34881591796875,2077400
2021-08-18,358.23989836542063,361.36313381008614,354.6717278013286,354.85858154296875,2187800
2021-08-19,351.1214350248606,353.90656373517197,347.8380114758708,350.2049255371094,2241500
2021-08-20,348.3540964963197,352.767603906438,347.9180952966836,352.2514953613281,1612100
2021-08-23,357.6082266018112,359.5747126956421,355.0366448863882,357.2167053222656,1857600
2021-08-24,359.12097713652525,364.5221688937022,358.3290547063106,363.5433654785156,1958400
2021-08-25,364.73559081416164,370.7685425031305,363.8813750157762,367.6007995605469,1845300
2021-08-26,370.0567180794763,374.3723315262881,365.8567850686149,366.96905517578125,2076500
2021-08-27,367.2982672628479,373.58927324036773,367.0491198555714,373.4468994140625,2174500
2021-08-30,373.6782609305404,374.3990097583892,367.24488111544974,368.0279235839844,2089400
2021-08-31,368.48393077237205,370.94281516159543,365.4885843459935,369.7357482910156,1958100
2021-09-01,369.4228336274396,372.0605298836293,366.87452952906597,369.8699035644531,1680400
2021-09-02,371.1663838961084,373.37491044005776,368.95788463914204,370.6209716796875,1830400
2021-09-03,370.17394596717,371.175378363289,367.1338755398127,367.7687072753906,1373600
2021-09-07,367.4914618910337,370.82661320547487,366.27544484724757,366.8834533691406,1557000
2021-09-08,365.89985762721415,367.47355226761215,361.8583559126214,362.1265869140625,1646200
2021-09-09,361.8315952341106,365.5959164676257,360.79438970463934,361.7510986328125,2424600
2021-09-10,364.80904980647415,366.4095677388722,360.4814163135999,360.7675476074219,1956000
2021-09-13,364.28153521193366,366.0340417528636,361.05367602553855,365.9356994628906,1802800
2021-09-14,366.8655426251908,372.86524022515175,360.1416212698037,360.9552917480469,3263200
2021-09-15,355.8677029052551,360.88381496654324,354.26718474178244,359.3995666503906,3199800
2021-09-16,361.6974930989653,363.0029571099448,353.086948055183,354.68743896484375,2882900
2021-09-17,354.36546121722023,356.9048147535874,347.6683361434384,350.0199279785156,3843700
2021-09-20,337.8239540592561,340.5421197930502,333.0671230946388,338.10113525390625,3834500
2021-09-21,340.53314641971815,341.11433182913436,334.4798025432502,336.0534973144531,2377300
2021-09-22,340.4884780118464,348.07974465257206,339.5138687523297,344.66412353515625,2991300
2021-09-23,349.0632043365733,352.0585504484088,347.0871359882977,350.3775634765625,2518000
2021-09-24,349.13477084793124,350.9409234312255,347.46273377802845,349.47454833984375,1789700
2021-09-27,354.5979416390071,358.5500514694556,353.34615140548743,357.48602294921875,2788500
2021-09-28,358.0582351396207,361.4201816814558,347.2749131019484,348.26739501953125,2609000
2021-09-29,349.32252703877504,350.8515257281854,343.6179108056286,344.1454772949219,1955000
2021-09-30,346.926232354187,346.94410532635624,336.7509173589128,338.01165771484375,2665700
2021-10-01,339.27241620691007,342.2051937312819,336.0624575207059,339.77313232421875,2382300
2021-10-04,339.96084271812884,345.9158163073593,333.35316462112286,334.5423583984375,2895600
2021-10-05,338.0743281199799,347.1230202506115,335.7495587405442,344.9681396484375,2508100
2021-10-06,341.90115968022224,348.31212636406093,338.5749587410281,346.9709167480469,2111800
2021-10-07,351.3164475023167,355.73349998810704,348.4999127868541,349.26885986328125,2348000
2021-10-08,349.4566441633819,352.5682604740947,347.0871791634192,351.22705078125,1446700
2021-10-11,351.30751861825166,354.92880114596676,344.261692695409,344.4584045410156,1787400
2021-10-12,345.33466577590735,347.45377268155096,340.68512802056046,345.6118469238281,2088200
2021-10-13,346.9262596529191,347.2660371597335,338.5481736761872,345.4151611328125,2391600
2021-10-14,350.5028070398247,351.98708240529845,341.7402477786217,349.7875061035156,3380900
2021-10-15,359.7213994687047,364.15632546706655,354.3833834935277,363.0833740234375,6451400
2021-10-18,364.81802055467597,371.90854324222823,364.4514199300569,369.896728515625,3832300
2021-10-19,371.2289790667094,371.8280647768271,366.3201599864394,368.5286865234375,2568300
2021-10-20,367.49145501857737,370.4689285237701,363.19959492585355,364.710693359375,2453400
2021-10-21,363.73606575359435,368.97573925766443,361.78684750616446,364.44244384765625,2162100
2021-10-22,366.58835101834535,371.3898771577054,365.7925808221566,370.4599914550781,2411000
2021-10-25,372.1498882658241,375.0826654799413,369.5211152845568,370.8444519042969,1824700
2021-10-26,372.2929478512465,375.3687906462254,369.9592562985968,373.40167236328125,1843300
2021-10-27,372.453928610666,373.80408846165375,367.08908972661186,367.4825134277344,2067200
2021-10-28,368.38559321971553,370.9964934109424,365.7568200560144,370.9070739746094,1444700
2021-10-29,370.19177082104824,371.9264043127602,367.65241692184725,369.59271240234375,2061700
2021-11-01,372.9188400084429,374.40311514022517,369.5032199083286,372.5880126953125,1820800
2021-11-02,371.15747706546546,381.04666215300836,369.09201608433204,378.981201171875,3000800
2021-11-03,378.3284524107414,379.11529985182284,368.88633769173015,373.6610412597656,3542400
2021-11-04,370.75507107847756,371.9532151633984,360.3651707311501,364.87164306640625,3802300
2021-11-05,367.8491101827731,370.57625295919746,363.11018013282836,363.9864196777344,2105600
2021-11-08,366.4990007839232,369.8609481066932,364.77329011379936,365.1130676269531,1728400
2021-11-09,363.1191028915549,364.43348949559055,357.7095679893636,362.4395751953125,2246900
2021-11-10,359.7392300006039,362.6183610581859,355.19701212246423,356.8690490722656,2243900
2021-11-11,357.7811082991093,361.0178899696519,356.3236560769965,359.7481994628906,1252400
2021-11-12,360.3383019456228,362.2160007878467,356.9405819735819,362.0461120605469,1360100
2021-11-15,363.0207852141764,364.2189293589182,361.1520361706399,361.9567565917969,1436500
2021-11-16,361.15196329731054,362.8776463397908,356.76173417129166,360.41876220703125,1311000
2021-11-17,359.31005848807087,360.0253593623162,350.0288836593984,350.10040283203125,2927000
2021-11-18,350.77102709459166,352.21955646881685,344.85182607783685,349.9394836425781,1847400
2021-11-19,341.90114962230393,348.92907470572266,340.70300567501545,346.38079833984375,2610400
2021-11-22,351.5400533908704,359.8823668184823,348.87550661225276,354.22247314453125,3058700
2021-11-23,357.879489943972,363.87916094827375,355.42955538424786,363.3247985839844,2402300
2021-11-24,362.12662122960484,364.344097770571,356.1358736179275,356.9316711425781,2186300
2021-11-26,343.77892862378474,350.2435428260719,342.2052336219515,348.1691589355469,2687900
2021-11-29,352.2910324003132,354.41013906685555,341.96373005565334,345.6207580566406,2883400
2021-11-30,342.92941728346915,345.8800675441716,337.3231708733427,340.6582946777344,4570400
2021-12-01,344.99980795816884,350.69856643164286,338.1594818591847,338.4021911621094,2476000
2021-12-02,339.7685399952799,349.73687826056585,337.9977875123507,348.3436584472656,3343700
2021-12-03,350.4469436393395,350.4469436393395,340.6943237823963,344.0201110839844,2807500
2021-12-06,349.3592794031533,353.79064438931266,344.70317240337795,349.925537109375,1990200
2021-12-07,353.772607772754,361.1162915333034,353.3052113713719,359.64215087890625,2441000
2021-12-08,360.6489079695467,361.0803423766487,355.1748644816242,357.1343688964844,1635200
2021-12-09,355.6781969263451,359.7140614234729,353.2512688397886,356.3882751464844,2111500
2021-12-10,357.74564793237283,358.5186529997273,349.35031365703446,351.507568359375,1893800
2021-12-13,351.6244195034604,351.6244195034604,343.95715845277766,345.7369079589844,2313300
2021-12-14,344.76613651490464,352.80193305723463,344.4964899588462,349.494140625,2788500
2021-12-15,350.1053722082396,351.81319780598557,342.1055373538629,350.4739074707031,2802300
2021-12-16,355.16591780357425,359.39953311326434,352.1727040222854,357.1793518066406,3578200
2021-12-17,349.84459410088846,353.8535214433538,342.13240277572874,343.1840515136719,7058600
2021-12-20,337.5392893168591,337.63817800286705,329.566419867317,334.0247497558594,3735600
2021-12-21,338.3572485854633,343.4447902355902,336.8561704735715,341.85382080078125,2942800
2021-12-22,341.94369667879505,345.1705947796092,340.9099876584096,343.6604919433594,1487900
2021-12-23,344.97289299936966,348.40651143871753,344.77514304267567,346.0964660644531,1624000
2021-12-27,347.8492424183804,349.7548180509639,346.06052277984895,348.7930603027344,1430400
2021-12-28,349.59296320037447,351.75021770307416,347.1750321016757,348.4064636230469,1528200
2021-12-29,348.7300991525379,350.06938940831805,345.53916276277295,347.1391296386719,1327800
2021-12-30,348.5322958580809,350.35697705766165,346.24021823101845,346.52783203125,1160100
2021-12-31,346.0604597476682,347.858176421682,342.3212057740018,343.8582458496094,1601300
2022-01-03,349.65588108171784,358.9141106623899,348.1637730018368,355.34564208984375,3334300
2022-01-04,361.5477786611407,368.78357689921916,360.6039610011883,366.26678466796875,3916400
2022-01-05,368.35212152976675,370.92287053998626,357.64674328225203,358.3118896484375,3469600
2022-01-06,360.4422041206458,360.62198676591606,347.34583116803896,356.7838439941406,2960900
2022-01-07,357.44902693250793,360.0377160458013,354.6265984296312,357.3052062988281,2360700
2022-01-10,360.7299035903407,363.47141107172695,354.3480026871473,358.79736328125,3009400
2022-01-11,359.76805863827315,362.5455276793282,356.22655450491953,362.28485107421875,1748800
2022-01-12,362.455668089009,363.2466679041216,349.26043279067113,350.83343505859375,4158000
2022-01-13,354.1951546541927,356.7299420194252,350.33007436356246,351.27386474609375,2497800
2022-01-14,343.48080715250717,345.5122361650169,337.071941580957,342.4111633300781,4685300
2022-01-18,323.6250256024338,325.0002780254152,312.11065028447587,318.5554504394531,13123500
2022-01-19,322.0969072332265,323.32833881965377,311.35556609631044,312.1914978027344,7426100
2022-01-20,313.6116843766641,321.05423069147554,311.13085389238086,312.8926086425781,4599900
2022-01-21,310.59154742828713,313.69259253168565,306.2590432423062,309.12640380859375,4904100
2022-01-24,303.20294953399053,309.27024428353474,293.23461226682787,308.6590270996094,6569800
2022-01-25,303.68827633152597,308.245494860018,297.4412271060622,307.00506591796875,3959300
2022-01-26,311.54428851634503,315.03186306732397,304.18263693347404,308.020751953125,3745900
2022-01-27,310.70840549001264,313.4948446775298,303.5624700009072,306.5376892089844,2573400
2022-01-28,303.5714968896401,312.0387287603273,299.7243835332568,311.91290283203125,3714600
2022-01-31,309.7465582680635,319.283431128518,308.7038794069123,318.8070373535156,3312400
2022-02-01,320.11040272860436,327.6698041334726,318.2407621502112,327.23834228515625,3303700
2022-02-02,326.73503847689494,331.2562952710966,321.6384991220798,326.33953857421875,2742400
2022-02-03,326.1237793342857,328.76642496597117,321.9350963087637,322.582275390625,2372900
2022-02-04,325.53955465464486,333.4315302089682,324.5058455630152,330.42034912109375,3762300
2022-02-07,328.5237368136577,333.8989197404334,326.6001941663173,330.9147033691406,2635600
2022-02-08,333.54840529175965,334.9596197421179,329.20693073895166,332.66754150390625,3422300
2022-02-09,335.27422268094966,338.22247748288856,333.38661433247387,336.64947509765625,2250400
2022-02-10,334.11468074965677,339.229187738649,331.5259639163762,333.0899963378906,2406200
2022-02-11,331.2742625644974,336.9820190667276,324.28114509406066,326.33953857421875,3142100
2022-02-14,326.3394435942927,327.4450490137617,321.0541531885959,323.8046569824219,2585600
2022-02-15,327.26534695354485,328.8833085093388,324.81145368096367,327.1305236816406,1846400
2022-02-16,324.80244334959036,326.3035213083809,320.4699398780927,323.6339111328125,2165300
2022-02-17,322.4924601499124,324.45196514883503,312.65894570267744,313.75555419921875,3102400
2022-02-18,310.6184595872562,314.600395148125,308.64096041679124,311.0409240722656,2910900
2022-02-22,307.8229894120588,313.7015300629667,306.69044666718804,309.4499206542969,2590800
2022-02-23,312.4161777119222,313.9352503935171,305.4500260698191,306.68145751953125,2217300
2022-02-24,295.337864211609,306.51066576743915,293.8817182236056,305.7825927734375,4564000
2022-02-25,305.78265525218103,315.2296662454353,305.78265525218103,314.70831298828125,2980500
2022-02-28,305.83657240008864,309.0634707833637,303.4096437334117,306.7713928222656,4245700
2022-03-01,305.06245704350266,305.74962494709706,295.67730632934513,296.7442321777344,5631500
2022-03-02,299.81842061492927,305.60501900657744,296.0209507618002,304.1402893066406,3469900
2022-03-03,306.3915655049941,308.76950195537836,298.48924506059336,301.46392822265625,2393700
2022-03-04,295.6592838945564,298.96850120890105,292.9468134001109,298.0733947753906,3293100
2022-03-07,295.4965181756699,296.37355133435153,290.09870122845894,291.0390319824219,3689900
2022-03-08,291.5906104389358,298.8781131001658,288.0191795220691,290.56890869140625,3596400
2022-03-09,299.8907025695423,305.1257778492189,298.3988494587765,301.6176452636719,3202100
2022-03-10,296.22891542107317,300.0354080624167,293.63398965677294,298.2813415527344,2232600
2022-03-11,302.3229023882214,304.3482047744004,295.397058044378,295.6592712402344,2613500
2022-03-14,297.65745133314067,299.8364725244368,291.95222415304266,293.8328857421875,2342200
2022-03-15,295.722589651128,300.0896551268525,293.7063099279502,297.6122741699219,2140700
2022-03-16,302.95583974511595,308.6158428143968,302.2234749103314,308.1004943847656,3468500
2022-03-17,305.03538381239355,310.66829076877514,302.8021153496408,310.3699035644531,2403500
2022-03-18,306.39157991381563,313.53441240453617,304.97204725682343,312.27764892578125,5861900
2022-03-21,312.1691856724499,313.1094888779486,304.83645967450155,306.5091552734375,3401200
2022-03-22,309.40252276508903,313.0552970169481,307.5218608362905,310.1348876953125,2840200
2022-03-23,307.4133230180441,308.16376104816334,303.0100836590551,303.4440612792969,2196800
2022-03-24,304.19447332971504,305.1528771958646,302.2595648046424,304.0046081542969,1944100
2022-03-25,305.08964317657956,309.0679278489423,303.32655385212894,305.1438903808594,1580800
2022-03-28,305.74060966598574,306.05707005754925,299.7370229944364,303.16375732421875,2182600
2022-03-29,309.6465743470168,311.0299331202691,304.45672324611957,307.10589599609375,2378700
2022-03-30,306.5091422240648,307.2867037946627,301.65382482844075,303.42596435546875,2650200
2022-03-31,303.91419140058304,304.2487249597082,298.4621276855469,298.4621276855469,2632000
2022-04-01,301.9250929277012,302.1330589383762,296.17466855610627,298.5706787109375,2444800
2022-04-04,298.37174429800314,300.0625131008637,294.62852189778016,296.7532958984375,2569400
2022-04-05,295.98480313145967,298.13670106710583,292.47669737621385,292.9106750488281,2573900
2022-04-06,289.3302382814279,289.8908112032691,285.48757105425267,285.9486999511719,3151300
2022-04-07,284.8094018622572,285.5598398914657,278.66114644642835,284.0408630371094,3562600
2022-04-08,283.5256040162986,292.65759729931904,283.0012049785269,290.58709716796875,3294200
2022-04-11,289.88181040813606,297.3772809021874,288.4532542529475,290.0174560546875,2747700
2022-04-12,290.84920987725155,295.7678260418821,287.53096922198705,289.1313171386719,2365200
2022-04-13,285.53272911954787,291.70813600675376,284.55625183863793,291.11138916015625,3022900
2022-04-14,296.9884601966434,301.11141403837723,288.4532156418689,290.8130798339844,5460900
2022-04-18,289.9178379069017,300.7767686125572,289.9178379069017,298.2632141113281,3653400
2022-04-19,298.79670604383915,304.881691388729,298.79670604383915,303.7514953613281,2774800
2022-04-20,305.69543805550313,311.84369362964594,305.15293842421346,308.3717346191406,3040100
2022-04-21,311.32824194605183,314.0588126426864,301.4096425577561,302.2595520019531,3097800
2022-04-22,300.46035740413447,300.6321494112122,288.85098688536107,289.1222229003906,3125200
2022-04-25,286.0571169613764,291.28314187233235,282.76597314710506,290.61407470703125,3093600
2022-04-26,287.47668166300485,290.776848648903,282.8202518086348,283.1095886230469,2791700
2022-04-27,282.223517805753,288.6430090345693,282.223517805753,283.20904541015625,2469300
2022-04-28,286.7262080941295,288.75151055363824,282.2325475675872,287.892578125,2176000
2022-04-29,286.84377020419777,288.4983651539589,275.5056352020914,276.21087646484375,3129600
2022-05-02,276.50018829002084,281.5272978813241,273.2452182974961,280.6683654785156,2968100
2022-05-03,281.6629482427346,288.8962034604054,281.4821334179002,284.50201416015625,2606200
2022-05-04,285.55978752658274,293.67007391989546,282.2505984123749,293.04620361328125,2629400
2022-05-05,289.7822708734985,289.9450124845078,279.10418066588613,283.06439208984375,2622100
2022-05-06,282.3501152338362,283.64305297678703,276.7262582199859,282.9649353027344,2375600
2022-05-09,279.31209674151717,283.6972346127165,275.7497171764479,279.28497314453125,3234000
2022-05-10,281.84383273342763,284.94508474871077,271.83480770960216,275.8221435546875,2798400
2022-05-11,275.8220671688453,281.1113898900655,272.1511928219172,272.6484680175781,2320600
2022-05-12,271.24704173358515,273.8600681467698,265.7316796998004,270.7135925292969,3408300
2022-05-13,274.52912413789824,279.9540647509418,274.4748769391818,277.56707763671875,2152500
2022-05-16,276.626772626639,277.09692420995066,271.7443040331867,274.3573303222656,1568800
2022-05-17,280.1710767715631,284.19458576351644,278.5978526930185,282.9739685058594,2096200
2022-05-18,279.38442655400314,282.87445824964436,275.6593052814442,277.3320007324219,2033200
2022-05-19,274.7008915864233,280.27952289981215,274.312110832802,278.6611022949219,2108800
2022-05-20,281.42785336944655,282.6303697682757,270.7135898100564,277.3952941894531,2201100
2022-05-23,282.7479200247413,290.98477535716455,281.2560667999288,286.26507568359375,2653000
2022-05-24,285.12586042381173,285.53271443965775,277.06076940003084,283.86004638671875,1870900
2022-05-25,281.4187969047868,287.16019795856806,280.2705277311006,284.7189636230469,1929500
2022-05-26,287.7930728837704,294.30301230359197,287.50376370385754,292.61224365234375,2440400
2022-05-27,295.433265132082,297.1692585094439,292.21446879666473,297.0878601074219,2106700
2022-05-31,294.7499079026193,299.94425191910955,293.52181567495313,297.33343505859375,2722900
2022-06-01,297.4699529630117,299.5349484526861,287.3086582567598,292.7850341796875,2330200
2022-06-02,291.63880872116664,295.83251267830707,290.401638153343,294.9682922363281,1957500
2022-06-03,291.9026442564849,293.3763442415068,288.8278737881501,289.90130615234375,1238900
2022-06-06,293.831200026051,295.8416162529641,290.9110896814102,291.5660705566406,1099700
2022-06-07,289.5373865826475,292.7758947933711,288.06368683932067,292.4757080078125,2516800
2022-06-08,289.59199570578625,290.6927177146258,284.55228297974804,286.26251220703125,1438100
2022-06-09,285.2436391835823,285.771277233027,276.5651509313061,276.7471008300781,2896500
2022-06-10,270.1700545448164,271.6801501530312,260.9457703743098,261.10040283203125,3866900
2022-06-13,253.80461253598997,260.55455387304363,253.186027311603,257.7344970703125,4218100
2022-06-14,258.6532957318938,263.0653174047302,255.89692388460162,257.02496337890625,2487700
2022-06-15,261.2276959450022,267.8866617592533,258.50772014801447,263.8749084472656,2725800
2022-06-16,257.15228559402846,260.29074090516514,253.94106698018953,259.2445983886719,2777300
2022-06-17,256.6520116403667,260.40905287282493,253.0314189762998,254.52333068847656,5234400
2022-06-21,261.78268332862245,262.05560823872815,257.42526820906454,259.0899963378906,2506300
2022-06-22,256.7975184027739,260.18158107950813,255.66040094099034,258.8443298339844,2463100
2022-06-23,258.1347522698017,260.70917381483207,253.74091514674996,260.3271179199219,2547000
2022-06-24,264.72094686242,275.75553922676335,263.8112528869478,275.40985107421875,3984300
2022-06-27,275.6918378486133,276.8380610743467,271.88932391650957,273.61773681640625,2091700
2022-06-28,278.27532385492214,281.0680904434467,272.162180496608,272.4441833496094,2276600
2022-06-29,275.9738063672631,279.6762668323246,272.82627356169587,275.8919372558594,2475900
2022-06-30,269.79702857015343,273.20838099764285,265.83988196359144,270.1972961425781,2669500
2022-07-01,268.60532509079815,273.2083742991678,265.37592264328225,272.2077331542969,1749400
2022-07-05,266.54032776616884,270.4975020071787,262.3193345059833,270.3610534667969,2480900
2022-07-06,269.51497149018803,270.4883505166672,264.35702320299214,267.2316589355469,1774500
2022-07-07,270.7794985220185,272.0621702946548,267.08614338733076,271.6346130371094,2046500
2022-07-08,273.3630258754516,273.7178198336301,268.42339449996706,269.69696044921875,1438900
2022-07-11,266.7222826917538,269.76065721540573,265.5214799904331,266.7040710449219,1519400
2022-07-12,263.547418922946,272.0712465481257,263.36549679515707,266.1127624511719,1772600
2022-07-13,264.2751971277044,264.89378234816706,259.99962447697925,263.94769287109375,1884100
2022-07-14,258.57145049247157,258.57145049247157,252.7494136158435,256.1607666015625,3171900
2022-07-15,260.627316623487,269.6605708824041,259.39922423889846,267.3317565917969,3457600
2022-07-18,278.1480666586527,283.1422782000404,271.7347068327885,274.054443359375,6767900
2022-07-19,276.1740467692447,290.3198076176353,276.09217762622455,289.3282165527344,5641100
2022-07-20,288.6276160805423,293.0760315999814,287.7452120809082,292.4210510253906,3489800
2022-07-21,291.56599955313015,297.6154584104948,290.96559825024303,297.05145263671875,2518800
2022-07-22,297.5699438218583,299.3347521229045,293.09426559819843,294.6771240234375,1830300
2022-07-25,296.53294550599185,297.7337482132172,293.4672812586742,294.8500061035156,4024500
2022-07-26,292.71223588504364,295.00468259123664,289.0643817295134,289.78302001953125,2054700
2022-07-27,291.3658567254543,296.9149948720227,289.628338106352,295.2320556640625,2081900
2022-07-28,295.9234720851208,300.1808614635035,292.821439713423,299.389404296875,1820700
2022-07-29,299.7442352637058,304.9112915942232,299.7442352637058,303.282958984375,2112200
2022-08-01,301.772815816725,304.56555543855603,299.2984469016064,302.0911865234375,1476500
2022-08-02,299.7441464851174,301.86372110249386,297.67004545905536,298.27044677734375,1862900
2022-08-03,302.0820642978476,305.2114135789317,299.8533031067403,303.0827331542969,1770600
2022-08-04,303.1828183691412,304.1106962646143,300.7630289725246,301.900146484375,1533400
2022-08-05,301.0177019007623,306.4849710498077,299.89879618630107,304.447265625,1876400
2022-08-08,306.66700168261605,308.24078265947423,304.1471587161413,304.4564514160156,1460000
2022-08-09,305.79363411359424,307.63123377046526,304.35632980136336,306.22119140625,1587900
2022-08-10,310.5330959718243,318.11996751814695,310.5240179107614,316.4916076660156,2459500
2022-08-11,318.39289386793473,323.89653135727474,318.1927600813229,319.9211730957031,2360800
2022-08-12,321.5222012943475,322.5410539794698,318.5293007105607,321.8678894042969,2369000
2022-08-15,319.30260847461597,326.23447262698573,317.5286939895378,323.7146301269531,2045700
2022-08-16,321.1128888323899,324.2786340713592,320.23048450714515,322.9140930175781,1740900
2022-08-17,320.12124120991103,323.4780135375572,319.0932827787279,321.7950744628906,1576300
2022-08-18,320.81271258775826,323.03236832932146,319.17524661226463,322.5047302246094,1102200
2022-08-19,319.30254011422926,320.08486349660797,316.11861165155176,317.728759765625,1812300
2022-08-22,311.51558989016297,313.4168468619669,309.9873107589984,311.4974060058594,1723900
2022-08-23,311.0698623644345,312.99840912792325,308.41354377212025,309.4596862792969,1538000
2022-08-24,308.40438135799815,313.22577514367356,307.9222447555957,311.0606994628906,1530800
2022-08-25,313.34413421815634,315.53647250150726,311.2154256593267,315.19989013671875,1763900
2022-08-26,316.88283734896856,317.2467094342093,305.65721556124356,306.0210876464844,1703900
2022-08-29,303.7650451660156,306.0210686111743,302.0275262232839,303.7650451660156,1835600
2022-08-30,304.74746642728013,305.6662661799399,301.27242895328214,303.5011901855469,1830300
2022-08-31,303.88608587054966,307.17656769665604,302.17211959794645,304.91265869140625,2488000
2022-09-01,302.34633699863747,305.847610951654,297.5343859490158,305.6734619140625,1575100
2022-09-02,306.75497267225194,311.9243959339184,302.4379733543731,303.8219909667969,2215400
2022-09-06,304.59186265001176,305.4442585188248,296.47110952888744,299.248291015625,1578100
2022-09-07,297.1951953924513,304.4452033613506,296.2786334945563,302.97869873046875,1496600
2022-09-08,302.7312785845043,307.7906908847526,300.04573059740164,307.3965759277344,1755600
2022-09-09,309.7797014553781,312.5752049681187,308.908956179602,311.7228088378906,1445600
2022-09-12,313.1525976581244,315.6364730157689,311.7135885067705,313.9958190917969,1563200
2022-09-13,308.038174372974,308.44146392958464,299.55997505497527,300.9898376464844,2242100
2022-09-14,301.04484325417127,303.3178994384945,296.50784951512804,299.9541320800781,1953300
2022-09-15,301.30143722243685,307.3049071517247,300.2565431131395,303.9502868652344,1489400
2022-09-16,299.1475576084603,301.5489459549497,293.1074164244545,298.9917297363281,2946800
2022-09-19,293.82226108425135,301.8146821367085,293.7947653455316,301.23724365234375,1652700
2022-09-20,298.52422457212754,299.5324202937523,293.3089850788155,296.2878112792969,1569900
2022-09-21,297.8093691297027,302.2730220706654,293.87730989812087,293.95062255859375,1796700
2022-09-22,295.42628555336665,296.4070136562637,285.23412007126,286.81060791015625,2239900
2022-09-23,281.88866574103946,283.9417838878864,272.6405574077216,276.7742614746094,2918500
2022-09-26,274.0520213778425,276.89336899975586,267.92021973205624,270.0374755859375,2308800
2022-09-27,272.6772578692367,274.1895799236715,264.53818095726785,267.0679016113281,2007400
2022-09-28,269.46922426264575,277.17751393228735,268.0577109702718,275.69268798828125,2289700
2022-09-29,272.28308740767847,274.3728477052744,267.2236471294175,271.4031677246094,1930800
2022-09-30,271.30238011084845,275.96767781769046,268.2777363859526,268.5985107421875,1970800
2022-10-03,272.3747393186063,276.09597876635786,266.81120131715795,274.18951416015625,1938800
2022-10-04,281.2012376217902,288.8637112282967,280.35801616409765,288.597900390625,2399500
2022-10-05,280.99955907178304,284.32668352926385,278.26822227735113,283.2176513671875,1992800
2022-10-06,281.74201221078715,283.29097628804783,278.10325987955275,279.24896240234375,1367400
2022-10-07,278.6349004625986,279.6889413668075,274.1895683313615,275.9585266113281,1790100
2022-10-10,278.29576617652197,279.2948155494584,273.529631874869,275.4635925292969,1309600
2022-10-11,273.1446652159811,277.27834103716447,269.3959297915357,269.6617126464844,2392800
2022-10-12,269.4600837035465,274.76698611173765,267.3703232276081,270.6699523925781,1763800
2022-10-13,266.18791938809954,282.99766128277525,263.740686806989,281.44866943359375,2724900
2022-10-14,281.8061305361105,285.6190316211818,274.1161902873406,274.95941162109375,2397600
2022-10-17,279.0106623296948,285.6190670045481,278.7632006411166,281.1187438964844,3118600
2022-10-18,294.83051606470343,297.40605309258024,285.9673490605088,287.6629943847656,6428600
2022-10-19,286.5264920057995,288.5246188326892,282.3561452412123,285.7474365234375,2363800
2022-10-20,286.05905146752974,289.6794551628257,283.2177032196187,284.8766784667969,2382300
2022-10-21,285.05077473437456,298.58838505966514,283.66675719885086,297.97430419921875,3545700
2022-10-24,301.0906631997758,303.6020345143234,298.6617791213349,301.27398681640625,2232600
2022-10-25,300.50402259702696,305.7651078249261,298.7259179399108,304.66522216796875,1837700
2022-10-26,306.6083047516793,310.41205936145775,306.26003469368635,307.6806945800781,2176700
2022-10-27,310.9986683695758,313.40005647615345,308.4506269777772,309.04638671875,1998800
2022-10-28,310.27461396204234,313.9958541134729,307.9648873763722,313.2992858886719,1677100
2022-10-31,312.6118253334028,317.2954439860989,312.1535443080703,315.7648010253906,2224000
2022-11-01,316.33305602058823,319.5960145904123,315.0865171221003,319.49517822265625,2316600
2022-11-02,318.61532641465317,327.61597333643186,317.8087472566008,320.6042785644531,3221200
2022-11-03,318.5053008404996,321.41081474112974,314.00497798142595,319.760986328125,2515600
2022-11-04,324.46302185497177,328.477568804172,321.92415460672026,328.0467834472656,3172700
2022-11-07,329.971554519348,332.67539612782485,328.6058578707794,332.30877685546875,2526900
2022-11-08,332.0704237561635,336.5524256639538,331.30051498090745,333.64691162109375,3501300
2022-11-09,332.6662163512668,336.5157602839944,330.7689261426789,331.79547119140625,3047200
2022-11-10,339.12799958568826,348.6877362122587,338.8896844730149,346.74462890625,3790400
2022-11-11,348.2935582217642,354.7094921890072,347.14785572761366,353.0321960449219,3409100
2022-11-14,351.959809634667,354.9844530602139,348.75184261976773,350.4566345214844,2609100
2022-11-15,353.77460581058034,357.0742065867663,348.8893147559876,350.9332580566406,3192400
2022-11-16,351.23571722136705,353.24299024497253,348.3027355954898,350.42913818359375,2303700
2022-11-17,345.68141699674374,349.8701128288721,343.7199884970019,348.09197998046875,2297600
2022-11-18,349.46673928360536,350.88739911803776,345.90132784206975,347.560302734375,2384500
2022-11-21,347.28532899186,348.9992954208567,344.095711199717,348.48602294921875,1877500
2022-11-22,349.57672803348663,353.6370908273891,349.57672803348663,351.84063720703125,2019400
2022-11-23,351.8681682970821,355.8094019272759,351.4190618396866,354.0220947265625,1865400
2022-11-25,353.57298665223414,356.94592829547196,353.0413649973871,356.414306640625,1129300
2022-11-28,353.2704865876538,355.98353025955623,349.10931522762917,350.4566345214844,2232200
2022-11-29,349.3293128833274,352.81223762731594,347.6153462551079,351.69403076171875,1746900
2022-11-30,352.88414036647805,356.25152587890625,346.0571064190844,356.25152587890625,2964100
2022-12-01,356.57443582514503,356.57443582514503,350.99288088587764,354.09271240234375,1706300
2022-12-02,351.9800443674333,352.9026173767202,349.1016210832093,351.1128234863281,1932300
2022-12-05,349.24001452372545,349.5352446549148,340.7154486071706,342.7727966308594,2329600
2022-12-06,340.87222340807193,341.6932985960749,332.4306593896735,334.8109130859375,3081900
2022-12-07,334.42345073764346,337.01587840578867,330.41948761974413,332.0524597167969,2128200
2022-12-08,333.99906310279994,334.51570167015853,328.4913018090929,330.3548889160156,1967800
2022-12-09,329.09095129855706,333.63925681702165,328.629664876559,331.33282470703125,1588800
2022-12-12,330.8069804070394,335.82577937039315,328.7496326490193,335.0600280761719,1750400
2022-12-13,345.62351834447946,349.2492233813636,337.2096573119847,340.1434326171875,3062600
2022-12-14,338.5935312704483,340.2725927603087,331.6188815288925,332.47686767578125,2519700
2022-12-15,327.0337005278126,328.53747092926585,321.0000649781573,322.74371337890625,3163700
2022-12-16,318.36145644184495,320.8524146315087,316.82077540498915,319.53314208984375,5008800
2022-12-19,319.4593616127232,321.42444672458487,316.10121033303244,317.9278869628906,1646700
2022-12-20,319.2009674121729,320.52026796891136,316.8945353157129,317.8171081542969,1623000
2022-12-21,321.2952433623789,323.7123798270322,320.03132300908237,323.0481262207031,1923100
2022-12-22,320.28046561948344,321.1015409991894,313.56413489547566,318.8227844238281,1528900
2022-12-23,318.1400120078573,320.8339370653564,316.5439508728118,318.7581481933594,1062000
2022-12-27,319.6807682115594,320.8247496825938,315.32622267558924,315.4922790527344,1035000
2022-12-28,314.1360695271141,316.3041214528795,313.0289707955389,314.4774169921875,1117200
2022-12-29,315.9258647234221,317.95553635627215,314.8187659864692,316.8392028808594,1273600
2022-12-30,315.28008810319284,317.07911671559924,313.1212706611214,316.7931213378906,1031400
2023-01-03,318.74892390323544,321.60890540711114,316.26720065144,319.4131774902344,1589700
2023-01-04,321.08306217325304,323.18652736986144,318.36146071302164,320.77862548828125,1881000
2023-01-05,317.5956979191302,318.41680125516143,313.8039370878538,317.1436462402344,1397800
2023-01-06,320.4096055806555,321.97799101078084,314.55128929948745,321.12921142578125,3097800
2023-01-09,324.6349358133993,328.89721783429974,322.43920794695026,325.668212890625,1989000
2023-01-10,325.33609606679624,329.81978650333235,323.3617766976727,329.69061279296875,1610100
2023-01-11,331.0837204691492,337.20038308568644,328.6296732629314,336.2593688964844,2127000
2023-01-12,337.88306955532045,341.4442153754774,334.4972429826799,341.2966003417969,2103100
2023-01-13,335.3459869341098,345.365142447605,334.3034751377801,345.042236328125,3310200
2023-01-17,336.554550462654,338.39048950321404,317.3650472402358,322.8266906738281,14448300
2023-01-18,321.35057266505004,327.31961995977304,320.87081677779014,322.0609436035156,5585200
2023-01-19,319.2379227301274,324.89329952409946,318.7674015073301,323.59246826171875,3100400
2023-01-20,322.7805736598079,324.976301650515,312.02337034584406,315.372314453125,11247200
2023-01-23,315.215555720508,322.4946426602252,310.13216905489924,322.107177734375,4915700
2023-01-24,313.6747824637945,323.17727196479217,313.6747824637945,321.35980224609375,2372000
2023-01-25,318.05701324275907,322.8636102586327,317.272820632107,322.5591735839844,1985200
2023-01-26,324.496529978045,327.5133327951469,322.4576238884248,327.48565673828125,1919200
2023-01-27,324.6994930368327,328.426666703151,324.58876065607376,326.3139953613281,2427400
2023-01-30,325.9358450810043,334.275885293269,325.1147415412588,329.782958984375,3184500
2023-01-31,331.35128502675406,337.5878868192536,329.2293504710852,337.48638916015625,2311500
2023-02-01,331.2959410375799,340.3740551872859,330.9822696234994,337.3941345214844,2889400
2023-02-02,339.5068233181157,344.01821826178434,336.32393558763226,340.8630065917969,2619600
2023-02-03,337.3111210036211,345.5681602543935,337.1450646280097,341.3058776855469,2243100
2023-02-06,340.42937649491284,342.51440011384,337.45869083671005,342.0899963378906,1816200
2023-02-07,339.6636742977974,347.17340300403316,338.89792303021994,345.4112854003906,2205500
2023-02-08,344.0458658953915,349.05542951407034,343.1786451985863,346.05706787109375,1893200
2023-02-09,347.84689066675134,350.2824684582779,339.32229800968264,339.4975891113281,2052500
2023-02-10,338.58419618837684,343.40926176293345,336.33311644635717,342.5328063964844,1933400
2023-02-13,340.51242190815856,346.02018314424276,339.506820844546,345.0606994628906,1570600
2023-02-14,344.98690140359116,347.8560895162329,340.7799713670175,342.994140625,2155500
2023-02-15,340.1894827237125,345.3835720536997,339.7374310645861,345.35589599609375,1687200
2023-02-16,342.04390285683104,345.2729080085476,340.2448744389984,341.5364990234375,1947800
2023-02-17,339.55290958919187,342.32986274150323,338.4550456989612,339.96807861328125,1857300
2023-02-21,338.32596015326243,338.32596015326243,332.20929686701754,333.1595458984375,2403000
2023-02-22,333.630052134292,334.89397253967735,330.31801870454245,332.9473571777344,2203800
2023-02-23,335.07847947995214,339.3961137780595,331.7664180823964,335.39215087890625,1931400
2023-02-24,332.2831302511688,336.90520184227984,331.69267001611075,335.6781921386719,2428600
2023-02-27,339.7098118600965,341.6287512028629,336.28707410813024,337.22808837890625,2842400
2023-02-28,337.66168697425735,337.6709217129108,324.1275299197661,324.4227600097656,4945600
2023-03-01,324.64580321575613,327.57271084268956,321.4586982958365,321.7095947265625,2717400
2023-03-02,319.6282240963655,325.0081775870331,316.37609811567904,324.3763427734375,3259800
2023-03-03,325.8072594681463,332.43228031850265,324.80373051103754,331.8004455566406,2396200
2023-03-06,332.70172419313167,333.4450558131644,328.67839288511493,331.76324462890625,1614200
2023-03-07,330.3694835513383,330.97347240618996,321.152046500617,321.5701599121094,2048500
2023-03-08,321.6723966231573,324.92452227739716,320.7246444978987,324.5528564453125,1584600
2023-03-09,324.4692694118229,329.19878640876124,316.89643901412074,317.86279296875,3177800
2023-03-10,314.87080497648356,315.85573220331605,302.94015298291123,304.4640197753906,4559700
2023-03-13,297.0306095093333,303.0144950957432,292.2639175672625,293.16522216796875,5660700
2023-03-14,301.769374222382,303.2653667640396,296.36157541602495,299.3349304199219,3785900
2023-03-15,288.760906315178,290.37769682617903,282.85134233154747,290.0803527832031,6596700
2023-03-16,287.11623760069017,295.7761904723425,283.3252007266117,292.7749328613281,4399100
2023-03-17,288.12898562030887,288.4170287147564,280.4911364749332,282.0428771972656,6369800
2023-03-20,285.0534619951644,290.0896234065459,284.5702992429106,287.60870361328125,3963700
2023-03-21,295.12579290641554,297.63458723834384,293.01656704580313,294.80987548828125,3242400
2023-03-22,294.8097961141174,299.3999408385167,291.2882011484782,291.4554748535156,2505900
2023-03-23,292.8864316635939,298.6008754183087,290.4984637794526,292.55194091796875,2585900
2023-03-24,288.1847552963549,290.600625479995,283.7339815818583,290.4333801269531,2456700
2023-03-27,296.0549972157924,298.1735241212005,294.707704730661,295.97137451171875,2300600
2023-03-28,296.49168643289084,297.9040281270686,293.7320240155785,295.8877258300781,1224300
2023-03-29,299.66013202715715,299.85525161522935,296.11066257252116,298.0061950683594,1475900
2023-03-30,301.5742598949096,301.8623030456533,297.2257100485671,298.396484375,1456300
2023-03-31,300.5614684541044,304.14808502163385,299.58584205375,303.94366455078125,2281100
2023-04-03,303.04238265819913,305.68124700577897,300.264118807791,303.39544677734375,1808800
2023-04-04,303.67418713682684,303.7206347289459,297.4486785535699,299.79949951171875,1536800
2023-04-05,296.98408490010473,299.3813817718882,296.7517902303116,298.7588195800781,1329300
2023-04-06,297.69026898829514,300.3384338882369,297.318603188859,299.56719970703125,1311000
2023-04-10,299.5672274870466,301.97379708019804,298.554426038242,301.9459228515625,1114400
2023-04-11,302.95871894835244,305.8856546848027,300.7472973510017,304.18524169921875,1559600
2023-04-12,308.2271538877457,308.5523720980826,304.0086747267732,306.8519592285156,1862400
2023-04-13,306.703320774484,309.3607868439729,303.8414625943975,308.608154296875,1765500
2023-04-14,312.6965056231021,315.5769652537318,310.6430286434375,313.05889892578125,2275700
2023-04-17,312.2040724724216,316.33892941762144,310.0483708807938,315.6234436035156,3012100
2023-04-18,304.77060507717226,312.71507139749394,303.033045493768,310.2620544433594,7549500
2023-04-19,309.3980044618398,313.12399261831814,308.18078235508864,313.0310974121094,2625400
2023-04-20,311.2284445115755,315.2796503918766,310.64305734164986,314.7221374511719,2217900
2023-04-21,314.9915467935151,318.1135732923122,312.2040109811831,317.4631652832031,2278900
2023-04-24,317.7698280283414,320.6224135639419,317.34241374795704,319.6003112792969,1966300
2023-04-25,316.84993295176474,319.1450054478661,314.36901337534846,315.4375915527344,2138200
2023-04-26,313.67211725232255,316.47825493284455,310.94035809985235,312.724365234375,2041900
2023-04-27,316.0508776506527,319.042806041624,314.7686064223591,317.407470703125,1768200
2023-04-28,315.967227361388,319.7304183694272,315.6420374790105,319.1171569824219,1714100
2023-05-01,319.6839019595022,322.85240454656025,316.2645313461713,316.45037841796875,1375000
2023-05-02,315.00086566162196,315.8185474169897,306.6289568859675,309.7602844238281,2397600
2023-05-03,308.8218486382131,311.11692138082776,305.0029374272172,305.3746032714844,1825400
2023-05-04,302.8658774856171,303.82293063001987,295.99923171998057,298.5080261230469,2965100
2023-05-05,302.03886384600037,304.64985405206136,299.5858465155228,303.86004638671875,2413400
2023-05-08,306.29444190204504,306.90767481368084,302.6056017909846,303.3861083984375,1607300
2023-05-09,302.02027507781395,304.0087028986155,300.4034847371462,301.7693786621094,1253300
2023-05-10,306.5546754285287,306.5546754285287,296.4823525045887,299.70660400390625,1752200
2023-05-11,297.0212679106643,299.1397942214422,295.6460732205411,298.0061950683594,1515200
2023-05-12,299.23274166524664,300.3291658179919,294.84701669797977,296.87261962890625,1099100
2023-05-15,297.72748078281165,300.3570442854043,295.53460409009165,299.2606201171875,1178200
2023-05-16,299.6601888435093,300.18982761069554,297.80183108323945,298.0898742675781,1618900
2023-05-17,299.8088797554486,306.9914431596667,299.8088797554486,306.7962951660156,2098100
2023-05-18,306.62897603326473,307.18648893367293,302.5963438118237,306.23870849609375,1645400
2023-05-19,306.6289795077009,308.4408893654874,301.78796628614197,303.0516357421875,1546100
2023-05-22,303.0516240821222,304.1573489917609,299.5950782209582,301.90875244140625,1498900
2023-05-23,300.68226265723314,303.97156351952225,299.94820347204984,300.6543884277344,1550900
2023-05-24,297.6995840690158,299.102624655626,296.222164948913,297.16064453125,1439100
2023-05-25,296.3336947426869,302.1503343434707,296.2221694751703,300.9424133300781,1618500
2023-05-26,301.72295194801677,309.29575376977533,301.0539420536461,308.4966735839844,2718700
2023-05-30,308.56161974466403,308.9797614608804,304.5197154838828,307.400146484375,1998600
2023-05-31,305.2842772709636,306.38904987537165,301.30519870115364,303.2525939941406,2938000
2023-06-01,303.82371518378,303.98286232170256,294.00239386455405,296.2306823730469,3339700
2023-06-02,297.95341789942154,304.5352813622052,296.83927352534545,303.0185546875,3987700
2023-06-05,302.34446772558096,302.86876762841047,299.9008587397721,301.2958679199219,1462900
2023-06-06,301.876318218205,307.156803580741,300.911977907668,305.9677429199219,1495600
2023-06-07,306.75419424201294,316.30396540714,305.51833242712206,314.3471984863281,3382700
2023-06-08,313.98204971827846,314.8902170155376,310.2183198593495,314.0850524902344,2009500
2023-06-09,313.8416427763058,314.7685535101621,311.341861015414,314.6000061035156,1702100
2023-06-12,316.8657607872621,318.41057395217274,314.9089936354153,317.84881591796875,2290800
2023-06-13,318.51352849733763,323.2696848459351,317.81133820397685,320.6669006347656,1772400
2023-06-14,322.8016067714463,325.5635671049825,315.7329015121392,316.8470458984375,1819400
2023-06-15,315.81716734095295,322.07133643533405,314.30044061882705,318.0828857421875,3322700
2023-06-16,319.6183553522216,319.6370701439011,315.6205329830747,316.7440490722656,4544900
2023-06-20,313.94465189808784,314.00082484403805,308.2428693065377,309.63787841796875,3208100
2023-06-21,307.51256480201636,308.9637467289855,304.2075901086821,304.3480224609375,2158700
2023-06-22,303.0559643663607,303.589635836082,298.67430387981807,299.20794677734375,2409100
2023-06-23,296.38048211860786,297.45716820687585,294.049219445414,294.6484069824219,2612000
2023-06-26,295.0416528794067,296.4554052045137,292.27034974138934,292.4482116699219,2481000
2023-06-27,292.49503809768254,295.55657758080173,290.76296294200347,293.46875,2156800
2023-06-28,291.84904007075056,294.82632034222627,290.8846997851267,293.6653747558594,2423500
2023-06-29,297.58827148401974,304.75060722982016,296.09025971253647,302.4942321777344,3553600
2023-06-30,305.05015875167453,305.2467640100015,301.89498865044914,301.979248046875,2361800
2023-07-03,301.8576069339109,308.40201219638266,301.8576069339109,305.78985595703125,1106800
2023-07-05,303.2993919568221,303.91729424390775,299.2547691900009,299.6479797363281,2561000
2023-07-06,297.72872408053365,298.32794025874796,292.89765078943077,293.0474548339844,2896900
2023-07-07,293.23471089267014,297.13887336211076,292.76658397781733,295.0791320800781,2903100
2023-07-10,296.48349631525275,299.6760965532366,295.856193712513,296.2962341308594,1775800
2023-07-11,298.50580284234775,300.57494442573346,294.5267239742676,300.4251403808594,2041700
2023-07-12,303.88924244682715,312.10020646756186,303.58029126803626,305.5932312011719,2741300
2023-07-13,306.4826698439168,308.2896327185886,304.9284851949846,307.7278747558594,2787800
2023-07-14,310.8268977101269,311.2856815127218,304.30120741766507,305.3966369628906,1815200
2023-07-17,305.1157644470491,306.61374766855585,303.683268704441,306.3422546386719,1777400
2023-07-18,306.4359023245513,316.68789436938135,306.4359023245513,315.7703552246094,3887400
2023-07-19,316.45381159232494,323.83149674182835,310.1808991644251,318.84124755859375,6037400
2023-07-20,317.53983593772267,329.2617229952077,317.53983593772267,328.4939880371094,3915000
2023-07-21,329.35531542496847,332.4449411121118,324.6740470673606,329.5238342285156,3217400
2023-07-24,330.3384668037618,338.5681469795615,329.56138860127237,336.04962158203125,3517500
2023-07-25,334.6358756220979,337.81913311165056,331.4151599769879,332.0892639160156,2893000
2023-07-26,331.8926309679661,337.29483417741915,331.69602565208515,334.7669372558594,2281600
2023-07-27,335.30058064710033,337.5569557518094,331.5930235696649,331.9113464355469,2010800
2023-07-28,333.4092463989015,333.7743990072781,329.19610531746315,330.7128601074219,1827400
2023-07-31,332.2578101049357,334.4299261508281,331.45261684128445,333.1846923828125,1385500
2023-08-01,331.43382197687055,335.05711935743915,330.86272091354215,334.91668701171875,2024300
2023-08-02,332.36076281340604,332.36076281340604,326.63089351703564,328.71875,2106600
2023-08-03,327.6794325008438,332.5666780946628,326.3967694674573,330.6473693847656,1840400
2023-08-04,330.8159286530069,335.862350569169,330.03885053697326,330.7035827636719,1725300
2023-08-07,332.7445746345267,334.86988891789684,331.35893738073133,332.8943786621094,1260300
2023-08-08,329.28043791609525,329.5613025973853,320.2268520599068,326.0597229003906,1917300
2023-08-09,324.7115508941329,326.2469922738896,320.6575559257086,320.8448181152344,1326000
2023-08-10,322.1368698743708,325.12352194950466,318.1390476381445,318.7008056640625,1345900
2023-08-11,318.26077589214844,320.00222297372153,316.03248707694684,319.0097961425781,1256800
2023-08-14,315.9014064755786,316.87511845365157,313.51394207885926,316.2103576660156,1347000
2023-08-15,312.0533806467284,312.73685620789297,309.41316664106756,311.0328674316406,1657800
2023-08-16,309.46932724427023,311.6976157748006,307.9994019770283,308.1304626464844,3340300
2023-08-17,308.9637654995376,312.6994091574736,303.3462424904551,306.641845703125,3135200
2023-08-18,303.6458788027765,306.7355053161131,302.5972789818187,304.21697998046875,1730500
2023-08-21,304.6476793245889,305.5839332525213,299.03015575699436,301.5299377441406,1983500
2023-08-22,301.92313203723444,302.07293607207595,298.0189411669598,298.4683532714844,1810300
2023-08-23,300.1816679220765,301.89502825743057,297.7286877081083,301.78265380859375,1429000
2023-08-24,301.61411855666006,306.6137098000676,299.1424236886832,299.563720703125,1185600
2023-08-25,300.3501668389648,302.14778646270753,297.9065584673368,299.7416076660156,1159600
2023-08-28,300.8557837730896,305.7804877586688,300.8557837730896,305.1906433105469,1440100
2023-08-29,304.80676135683484,311.49162668842064,303.9828535047653,311.3511657714844,1831700
2023-08-30,311.53998050879784,313.34313961081386,309.3214324612681,310.19940185546875,1131500
2023-08-31,310.9830581252625,312.0026310685356,307.7260369820535,309.3781433105469,1271100
2023-09-01,311.22848532025216,313.06938629059096,307.9620147470629,309.08544921875,1201400
2023-09-05,309.02882285790093,310.105065873691,304.58230507419836,305.6396484375,1846000
2023-09-06,304.28012211466284,306.0077688764371,301.44794075740276,303.1661376953125,2120800
2023-09-07,302.68473021412234,306.08335441974475,302.2221497008728,303.94976806640625,1471100
2023-09-08,303.9120126683454,307.73544672060467,303.6665476836024,307.31060791015625,2026400
2023-09-11,309.89733144633794,311.68159093943746,306.14940983684,306.4892578125,1283100
2023-09-12,305.885055968232,316.5246075756099,305.87560614376315,312.3896179199219,2054700
2023-09-13,314.8442045255258,318.1578663921976,312.3141290768284,316.2414245605469,2165000
2023-09-14,320.0365281860477,325.814174173718,318.0068037546257,325.2949523925781,2822700
2023-09-15,325.8424937329827,326.8243247739028,322.73652645024333,323.3785095214844,3063900
2023-09-18,323.3785325511201,325.0023179684786,320.29143588781034,324.1148986816406,1356600
2023-09-19,324.24704582517603,325.67258655146793,319.06416234706364,322.764892578125,1660200
2023-09-20,323.4446385515827,324.56807314483075,317.4781965292328,317.8652648925781,1224400
2023-09-21,315.7883094311,315.96768327193547,311.61554839072033,311.7666015625,1685100
2023-09-22,311.6344311876635,312.99388084970246,308.5473343753294,309.5480651855469,1669100
2023-09-25,308.7739690648778,310.86978516814366,307.0840921862324,310.4449462890625,833300
2023-09-26,307.3955667720914,309.1137640268639,304.3840398791017,305.7057189941406,1481800
2023-09-27,306.80084075507676,306.819711596338,301.13647684868283,303.9403381347656,1493000
2023-09-28,302.2976324842542,308.5567587854847,302.2976324842542,307.0085144042969,1389600
2023-09-29,308.89664064143767,309.61410710818814,304.24239997548835,305.4696960449219,1403900
2023-10-02,304.0158212009753,305.47910354584104,299.3616095513655,300.68328857421875,1303800
2023-10-03,297.6339361756242,298.02100442839964,287.36258238788974,288.99578857421875,3118600
2023-10-04,287.7969303299757,291.77141808863917,286.50357168999017,291.337158203125,1872000
2023-10-05,290.166434408458,293.17798984277505,287.1926494627507,293.13079833984375,1584600
2023-10-06,290.8745221818345,297.6812204257227,289.9871316485615,295.0000915527344,1595100
2023-10-09,291.6203154354117,295.9441291448008,291.11996446664244,295.1227722167969,1094400
2023-10-10,296.87875011975785,299.1256190488943,294.82070484248527,297.1619567871094,1193800
2023-10-11,297.7850160711724,298.91790026942203,294.1692767963508,295.50982666015625,1672500
2023-10-12,296.57663043460474,296.6710422562816,290.7895343721701,292.5171813964844,1727700
2023-10-13,294.5469306695456,298.49309737747046,290.9311909600379,291.9979553222656,1785200
2023-10-16,295.6608581989508,298.2287038915964,292.8947678697549,296.8031921386719,2273900
2023-10-17,295.84973829111175,298.4930966511254,288.79760391193935,292.0545959472656,4123000
2023-10-18,289.8266471948154,290.0343417100439,284.61544228151007,285.0685729980469,3460300
2023-10-19,285.0685286825883,288.2594580975756,281.9248195835312,282.4534912109375,3211800
2023-10-20,281.8020680453025,286.28635556026126,281.4244495956047,283.2653503417969,2329000
2023-10-23,281.6038725100097,286.56961216987236,281.5094606785105,282.4818420410156,2959800
2023-10-24,283.2181979348255,286.14479174224107,282.34964945122965,282.4440612792969,1697100
2023-10-25,281.89652252557227,283.2182017047721,278.5262190107786,280.1594543457031,1809300
2023-10-26,280.34820521559624,283.35033957865954,278.2901601872279,280.37652587890625,2011200
2023-10-27,280.9052353496678,281.58496017121405,273.1733763084962,273.692626953125,2601700
2023-10-30,277.0345666596721,284.92689865084395,276.88351352165023,284.001708984375,3065200
2023-10-31,284.80422101012874,287.26823438350993,283.87905997597477,286.6262512207031,2611000
2023-11-01,286.361862716786,291.0066531170979,285.899282284781,289.9776306152344,2345400
2023-11-02,292.36613198722546,296.94483169797115,290.7706672549198,296.2084655761719,2597000
2023-11-03,300.6455526677328,310.90748753299005,300.1452016654393,309.29315185546875,3742000
2023-11-06,308.3868466455567,310.50153322227726,304.0819325084077,305.7906799316406,2087600
2023-11-07,304.11020269460397,308.13190950138375,303.31719535996723,305.8283996582031,1505000
2023-11-08,305.828433755221,308.3868298378453,305.56409794753773,306.404296875,1484400
2023-11-09,307.76378283258265,308.3774165147916,301.77844155622086,302.8357849121094,1787900
2023-11-10,305.2336829404843,307.8203997891592,303.65708904725125,307.3011779785156,1781400
2023-11-13,306.0267272999199,310.3316418902056,305.4319644350014,308.6228942871094,1403300
2023-11-14,314.87253983688265,322.66104001126496,313.87183787688843,319.772216796875,3592700
2023-11-15,320.8862021911571,322.00018681941265,316.58128802565784,318.7148742675781,2534500
2023-11-16,318.86593672135626,320.74460820940675,316.2697699146576,317.8369140625,1620400
2023-11-17,320.5085988869753,321.40546805163245,319.205790546924,320.2159423828125,1465200
2023-11-20,320.9805865236466,322.22675336230316,318.6204351521492,320.46136474609375,3146000
2023-11-21,319.43237605256377,320.1215507599837,315.8355069617003,316.2320251464844,1900900
2023-11-22,318.09177129514194,319.9515717735847,316.6095892832452,319.6966857910156,1235200
2023-11-24,319.8477956058026,321.23556616932177,318.75271040329966,320.17822265625,460100
2023-11-27,320.21588446763525,320.99944200889917,316.95886420658115,318.81866455078125,1250500
2023-11-28,318.5071379610501,319.47006930491915,316.1375368728612,318.76202392578125,1419000
2023-11-29,320.7608813378728,326.9762171348535,320.2945024078281,323.8638000488281,2038100
2023-11-30,325.2153920084659,328.1469917121009,323.70201313524115,325.0821533203125,1903600
2023-12-01,325.00597023800526,332.0779609756561,324.01610590173925,331.6401062011719,3623300
2023-12-04,329.61270638197806,333.6008036766412,328.65139536530717,332.5538330078125,2178100
2023-12-05,329.8982797155392,330.1171780411963,324.1302972156677,325.281982421875,2429700
2023-12-06,326.95719375152623,330.279010818895,325.1392279873131,325.49139404296875,1869300
2023-12-07,327.1475188750074,328.08030573200335,325.51992737131553,328.013671875,2162400
2023-12-08,327.71866004801865,335.3141365841389,327.2142004302038,333.9244689941406,2238800
2023-12-11,334.5050443244707,336.0184229717137,332.23019811926383,334.80963134765625,1636000
2023-12-12,334.47655539296335,336.94174717620865,332.7347216200417,335.61871337890625,1597600
2023-12-13,335.9327829568744,345.36525047627356,334.65735740061615,345.25103759765625,2876500
2023-12-14,348.83940374253564,367.59012819552737,347.4116844912019,364.9916687011719,5376300
2023-12-15,361.8696988314235,367.3045416071684,361.0416263702336,362.1742858886719,4522300
2023-12-18,362.88815437516155,364.31587356317016,357.7959501285265,358.2623291015625,2740900
2023-12-19,357.8911362997153,365.27718379477216,356.50146871309386,364.02081298828125,2091800
2023-12-20,362.3837092389168,366.57167988169823,359.0713901334417,359.328369140625,1836500
2023-12-21,361.7363621068083,363.10697455598694,358.842872755889,362.2313232421875,1301600
2023-12-22,363.5924480597867,365.0106396747123,361.12725667507584,362.3074951171875,1538200
2023-12-26,362.307489886579,364.17303460134286,361.7363964706666,363.2212219238281,837300
2023-12-27,362.83099753228754,367.16173351554346,361.9838703225026,365.95294189453125,1367200
2023-12-28,365.99103793927077,369.0749310835357,365.14393967361696,367.78997802734375,1024700
2023-12-29,366.9904410151601,368.00888760681704,365.0868155565203,367.1807861328125,881300
2024-01-02,364.54421119327895,370.3883542656806,363.7732453419316,369.58880615234375,2263100
2024-01-03,365.3818324936629,366.8285772162884,358.60493130012964,363.3925476074219,2265300
2024-01-04,365.0677379483526,368.43716293321285,363.54486091401395,364.4966735839844,1618300
2024-01-05,363.5163289005937,370.7025033592506,362.7167806498035,367.8185119628906,2913900
2024-01-08,367.37113320899607,370.33125663634394,363.62098900823486,370.1218566894531,1902600
2024-01-09,366.06717021783,367.35212317219305,363.3735240105848,365.24859619140625,1708800
2024-01-10,362.973729563634,364.5917935052488,360.28961114358447,363.5543212890625,1547300
2024-01-11,362.53594710139794,362.621606757304,356.6251694207191,361.45086669921875,2209900
2024-01-12,364.8679015955202,367.256960929054,358.43363801355173,359.5472717285156,2223800
2024-01-16,360.1278428580017,366.45742061439194,356.2825404251106,362.1171569824219,3926600
2024-01-17,357.12012919053416,361.8791925910102,356.101682651548,359.00469970703125,2415100
2024-01-18,362.0029249889899,363.2498263960179,356.51097596091427,358.74774169921875,1771200
2024-01-19,358.57645020148084,364.8298382845363,354.1409990233008,363.7828674316406,2603300
2024-01-22,367.74235258354645,373.80542407583533,366.02910128759333,367.36163330078125,2922700
2024-01-23,361.6698112699543,364.88691389490157,360.38485827623134,362.4217224121094,3313300
2024-01-24,363.41160893601847,366.07667290854533,360.9083368580635,361.11773681640625,2235800
2024-01-25,364.2492006053994,368.07547716170075,363.6019749475805,364.25872802734375,2376300
2024-01-26,360.4038415387325,362.5454199265136,358.5954033762317,359.5852966308594,3464700
2024-01-29,357.77691345572873,362.4883692047496,356.2063991590348,362.22186279296875,1632300
2024-01-30,365.49605504665317,369.2271733892751,363.2021830905361,368.2277526855469,3897900
2024-01-31,367.39968259367225,374.92852413453693,365.21052511930424,365.5055847167969,3421100
2024-02-01,365.90537113780516,370.76914942966937,360.5466606693154,365.35333251953125,2138500
2024-02-02,363.4020915967974,370.0076743195016,362.25993373988933,369.1700744628906,2180900
2024-02-05,366.06717380404694,366.7619784917399,362.64064224118323,364.56329345703125,2231100
2024-02-06,364.56328235012325,368.1801879634595,364.54425655344374,366.4383544921875,1487800
2024-02-07,366.7429705544573,368.4181702994419,364.0683790348518,368.0279235839844,1963200
2024-02-08,367.399755139716,369.4080662835306,362.9643038329565,366.48602294921875,1913700
2024-02-09,366.2289655205475,367.52344590900935,364.1540207865771,365.7435607910156,2028200
2024-02-12,366.4479239435823,377.25100491340123,365.8006982180319,373.71978759765625,2797200
2024-02-13,368.91310582328646,370.4074588344976,357.12016077825535,360.49908447265625,3030800
2024-02-14,362.52641722330924,363.09751063916485,357.6721667590629,359.8232727050781,2041300
2024-02-15,361.1368102071471,368.5514106942521,360.8703037962078,366.8476867675781,2218900
2024-02-16,364.7726995853277,368.90356332789963,362.59306935802704,365.9148864746094,2376800
2024-02-20,362.59307839343273,366.9999470223295,362.4978913091174,365.99102783203125,2358900
2024-02-21,363.4401541082141,369.9315236260889,362.88811552863484,369.560302734375,1772500
2024-02-22,370.47408887210463,376.5371314704378,370.25516148165354,371.6543273925781,2326800
2024-02-23,371.206968106418,377.6697847355901,370.4550279096523,372.20635986328125,2247400
2024-02-26,372.20637365767647,376.97496495051155,370.0838497617281,371.4163818359375,1797800
2024-02-27,373.3580758872586,376.8226591675421,370.5692424743616,371.9779357910156,1724900
2024-02-28,371.1440204795526,376.96247371554955,370.9618921457635,376.8857727050781,2572900
2024-02-29,378.8412250564249,379.56973836489846,369.6870095218173,372.9269104003906,3139100
2024-03-01,373.4828886835465,374.8344587222487,369.284400744783,372.01629638671875,1697700
2024-03-04,372.6968520743128,380.135269887318,370.19503028321844,375.9942932128906,1955100
2024-03-05,374.5277105421594,381.0171364168636,374.13469832777577,374.7098388671875,2697800
2024-03-06,378.63034656881905,378.90833653305117,368.5846498807217,373.4253845214844,2692400
2024-03-07,375.6587771357618,378.1606280798199,371.01936112670256,372.33258056640625,2033100
2024-03-08,372.6201503027869,379.22459773382127,370.68384500071073,370.9522399902344,1657200
2024-03-11,369.68702377187424,370.3963472293424,365.6131528554752,370.1567077636719,1654200
2024-03-12,371.5561665198723,373.0035981461835,367.87530811027034,372.09295654296875,1703900
2024-03-13,372.7927280857571,378.8699811998462,372.09297034087206,376.05181884765625,2370600
2024-03-14,378.08394028499276,379.9531396677188,369.47611009369666,372.505126953125,3029500
2024-03-15,372.75432573725607,374.9206754863317,370.386687063267,371.1631164550781,3763900
2024-03-18,372.54351400518607,372.90777067984277,367.5206800776835,368.4408874511719,2069000
2024-03-19,368.15332352823464,374.5852385643591,367.8082274878788,372.5531005859375,1858200
2024-03-20,370.3483937187897,380.0681842760771,370.00332693711414,380.0394287109375,2157400
2024-03-21,383.20264326127153,396.86209198563876,382.5508309744098,396.56494140625,4613800
2024-03-22,397.22633477516325,399.48854632805273,388.9635714628754,389.9604797363281,2190300
2024-03-25,390.0083957082957,393.44961459674215,387.1231274559155,388.15838623046875,1683900
2024-03-26,389.26068766420275,392.36640520965227,387.75574507469184,389.3469543457031,1407000
2024-03-27,392.64442234457186,398.2711516776801,391.4462251525859,398.0411071777344,2353600
2024-03-28,398.9613592347284,401.8274671317754,397.78235178723986,400.3800354003906,2409700
2024-04-01,399.4118417078939,400.62922878886246,394.9257983972718,396.37322998046875,1863900
2024-04-02,393.71801139758537,396.047329024519,390.72731581810626,393.1524658203125,1976000
2024-04-03,393.9672829448313,399.3639684111276,393.9672829448313,396.84295654296875,1549200
2024-04-04,400.6771781850962,401.63573602764427,388.8869284229004,389.41412353515625,1704700
2024-04-05,389.7112597564565,392.18435528064487,384.83220402813384,391.15869140625,1694900
2024-04-08,392.1460110651877,395.4338573759259,390.6602288884816,393.5263366699219,1181900
2024-04-09,394.456103242353,396.095228779863,390.1809146783828,393.6892395019531,1247200
2024-04-10,387.26695476509514,388.64728036807026,380.82544503549923,384.1516418457031,1903300
2024-04-11,383.88324178567325,384.8322046554356,378.4769617028584,381.007568359375,2176200
2024-04-12,376.5598069890391,377.758004125594,371.0768557220495,373.3486328125,2815800
2024-04-15,390.1330007774035,395.75973003936184,382.16738828603474,384.2666320800781,6177000
2024-04-16,387.68871804753434,388.18715757782184,378.802868424896,380.4132385253906,3459700
2024-04-17,385.7236803186275,390.24807462671083,384.55423854929217,387.1711120605469,4373800
2024-04-18,388.6856081735909,390.95738556804645,385.73326290530053,386.40423583984375,2776300
2024-04-19,387.3148658646243,391.09158597134126,386.30839186657846,387.2573547363281,2805500
2024-04-22,390.07554711463786,400.6580343301353,387.80376961316443,400.05413818359375,4165600
2024-04-23,400.399160708303,407.7225561635503,398.9517583574546,406.4284973144531,2662300
2024-04-24,404.03214398173446,406.984489363057,402.2204555580925,405.5083312988281,1575900
2024-04-25,403.54322804456183,406.0546447327881,397.65769852180534,402.6421813964844,1970100
2024-04-26,402.8148048398323,410.77082386653257,402.24925917795576,409.8506164550781,2322700
2024-04-29,409.8505808015957,415.37185404288516,409.4959190828703,412.956298828125,2453000
2024-04-30,410.742041352889,413.51228759848755,408.3456467125571,409.0262145996094,1829900
2024-05-01,409.0070217196589,415.46769179959557,407.569185048846,409.2562561035156,2310100
2024-05-02,413.33012160167414,415.6785705834829,410.425692732367,414.6433410644531,2087500
2024-05-03,416.9726367681036,423.97009690237746,416.895965016509,420.0208435058594,2406300
2024-05-06,423.4428814640403,425.9638929996206,421.4586599224017,425.2833251953125,1914300
2024-05-07,426.7211771897868,428.8779321816251,424.51647675752383,425.4079284667969,2058200
2024-05-08,424.4493908453296,429.45306383408143,423.7304724805829,428.42742919921875,2006700
2024-05-09,427.8426388580182,437.5144825079044,427.8426388580182,436.6805419921875,2710200
2024-05-10,437.6007765705303,439.73837089906425,435.491967057445,435.8849792480469,1823900
2024-05-13,437.36117230839574,438.25265332602953,434.5334442503295,434.76348876953125,1579600
2024-05-14,435.9904316828201,442.63323029903523,435.19484157015063,439.4700012207031,2412900
2024-05-15,442.4606903496119,446.87006206979987,441.8472285705452,446.7742004394531,2217700
2024-05-16,445.1254482653342,448.84465693706966,443.12206612058196,445.26922607421875,2070300
2024-05-17,447.0521755084276,449.23768604440636,445.010442786751,448.3366394042969,1655900
2024-05-20,448.7967533857406,451.94082165758573,443.4288240976764,443.7547302246094,2591500
2024-05-21,443.0741656464271,451.77785726957086,443.04541008363054,450.9151611328125,2762600
2024-05-22,447.9915556252705,450.83847343760925,440.69694486956473,443.21795654296875,2729500
2024-05-23,444.991348020946,445.0680197823008,438.45397606976854,439.1632995605469,2254500
2024-05-24,440.7831935921344,445.9689945457719,440.0738702158896,442.0676574707031,1932200
2024-05-28,440.87907275970184,444.47366447617145,439.891759405026,440.75445556640625,1930800
2024-05-29,435.99042092475895,439.72879044859707,432.9326192398198,438.223876953125,2315700
2024-05-30,436.8544291292082,439.6124804936116,431.64689877391044,434.18316650390625,2135000
2024-05-31,433.7299485675768,440.4900825783786,432.1483862817534,440.2489929199219,2638300
2024-06-03,442.5152559190956,442.5152559190956,434.15428277391925,438.763916015625,1930700
2024-06-04,434.4435695245143,441.396587113827,433.1995386322324,439.0724792480469,1835000
2024-06-05,441.24226144987404,446.517304118761,441.19405529228936,445.2250671386719,1678900
2024-06-06,445.36015121193003,447.9639020984526,440.7215881223053,441.7727355957031,1598000
2024-06-07,439.20752005657886,444.72365288944053,438.30102054199074,438.6964111328125,1736100
2024-06-10,436.2083080033285,439.13031335341617,434.2506612431033,437.38482666015625,1698600
2024-06-11,434.9643348220825,435.7550865503395,427.577344013057,428.43560791015625,1938200
2024-06-12,439.36180187838823,441.3291017426041,430.28718355248935,432.7077331542969,1733000
2024-06-13,430.8079282621847,432.34125490562815,426.3911493904796,430.44146728515625,1849100
2024-06-14,426.2368923386752,432.25451063820043,423.49811716262695,430.5475769042969,1559100
2024-06-17,429.2360199775636,434.7135697781068,427.586975007201,434.13494873046875,1531600
2024-06-18,433.5467117711253,441.3772990551996,432.52449398851786,441.1265563964844,1798400
2024-06-20,441.67625062777404,444.0003584475986,439.01461140293276,441.7244567871094,2080600
2024-06-21,442.33199685398813,442.44771517753793,433.8649294988896,434.13494873046875,3780800
2024-06-24,435.16683920269537,446.9995091996624,433.96139089465464,445.6204833984375,1882200
2024-06-25,443.08419155028236,447.53952354770485,440.4707879997822,441.0783386230469,1555900
2024-06-26,439.17860506516473,441.6087784274194,436.324111514754,439.612548828125,2131700
2024-06-27,433.74922570145816,433.74922570145816,427.01799183395775,430.06536865234375,2835200
2024-06-28,434.0578226283021,441.039769649783,433.5081311493474,436.1986999511719,3839700
2024-07-01,438.31064599333524,447.4816764613861,437.82846668311566,447.134521484375,1850500
2024-07-02,445.06116774717754,449.65149488583256,443.21923920332756,449.0150146484375,1491800
2024-07-03,452.3227832633053,453.14249399059645,449.21754727548836,451.2427062988281,993900
2024-07-05,450.808786963037,450.91485229940537,443.7303972551264,448.18572998046875,1593800
2024-07-08,450.9823264344357,457.9353442093131,447.5010057598069,448.2532043457031,2214300
2024-07-09,449.0053973830215,462.21709334946314,445.12865673986283,455.9776916503906,4525100
2024-07-10,455.66913367990907,462.75714650205833,453.1039360348899,461.8217468261719,1946000
2024-07-11,462.8921732854312,465.9395502911473,459.2951047607646,462.1496276855469,2251400
2024-07-12,463.7890236056307,466.20957336582126,461.05990142744093,462.7764587402344,2727800
2024-07-15,463.1332518216898,475.4288248789028,459.33367630295186,474.686279296875,3568200
2024-07-16,476.39314045493893,488.5344114948659,474.4547702837017,485.0916442871094,3981700
2024-07-17,485.0723973612607,491.3214519617885,481.62962994305786,484.2816162109375,3908900
2024-07-18,481.7164092710342,485.73779768231,466.96173409562726,468.88079833984375,3320200
2024-07-19,471.6870883535644,475.043066980417,465.96844874136235,467.64642333984375,2032700
2024-07-22,467.28962385603734,472.0246283466245,465.18732906776074,469.6812438964844,1792500
2024-07-23,469.7197949578372,478.13865650732384,468.9483198152709,474.6091003417969,2020500
2024-07-24,471.8221494854077,478.31226473574577,468.5047531853977,469.3533935546875,1598600
2024-07-25,468.7265406068297,478.4279869036688,466.0070714033222,474.184814453125,1489700
2024-07-26,478.05190201876366,486.03679097908145,477.98438984573124,481.2439270019531,2249700
2024-07-29,482.5843561445621,484.10802982314084,473.55794410965575,475.1587829589844,1599500
2024-07-30,480.54958248114826,491.3118291279941,480.53992947656195,487.64727783203125,2642500
2024-07-31,486.8660931758868,498.8241639617032,486.8660931758868,490.8874816894531,2658900
2024-08-01,491.822881007805,495.6996213755835,477.04890034259336,482.2950134277344,4006800
2024-08-02,473.5965222173947,476.8367530409023,450.55798075413566,453.8657531738281,6115500
2024-08-05,431.6372696673612,446.6716169683927,421.7815234286288,442.6598815917969,4177200
2024-08-06,444.5789590643393,458.31141584700947,441.1265388619137,453.460693359375,2209300
2024-08-07,462.30391920591376,471.1374187681506,455.7269859810706,456.15130615234375,2587600
2024-08-08,460.83808465029665,470.3466766819893,460.15339821754407,468.4565124511719,1936400
2024-08-09,467.7332093028546,474.4644430943601,465.0137403493958,472.7864685058594,1622700
2024-08-12,472.7864931828422,475.30345519696556,466.5085087942169,468.1961364746094,1839300
2024-08-13,472.81539984353765,475.68916971912523,469.1315428223309,474.4065856933594,1243700
2024-08-14,475.3323614837251,481.5524864014197,470.9927476611167,480.9256591796875,1545600
2024-08-15,487.00109748801464,488.84302596257584,480.50132988167974,481.2342224121094,1732300
2024-08-16,479.33448907386395,486.91436390189887,479.2862829099145,486.28753662109375,1587000
2024-08-19,487.00113724360017,489.68205321796336,483.9730368381534,486.6925354003906,1027900
2024-08-20,485.9114275765127,486.1910998480073,478.80410845981953,479.6141662597656,2122700
2024-08-21,481.6971308583027,482.9315087151384,476.4220880278641,478.7654724121094,917100
2024-08-22,479.2862524916813,481.8900326373348,477.1550281002466,480.009521484375,943800
2024-08-23,484.83129538854615,494.175932755001,482.0346612812336,491.2635803222656,1751800
2024-08-26,494.0795123891347,495.19814246992706,487.30969616327764,489.768798828125,1084200
2024-08-27,489.73988757108884,493.25016714248517,488.53443927265164,489.1805725097656,977900
2024-08-28,488.5440658959807,490.2509699996371,480.70382587752357,485.3905944824219,1568100
2024-08-29,487.9654960524278,494.9474435349012,483.27872695582164,491.91937255859375,1566300
2024-08-30,492.6274692815222,495.8868989294896,490.04712571537726,494.97503662109375,1838900
2024-09-03,492.27826464653714,494.4415175203063,470.8689500463276,472.8672790527344,2373600
2024-09-04,472.13003390003956,481.3456394261443,472.13003390003956,475.95208740234375,1509400
2024-09-05,478.80409586697306,480.92853803932695,468.60874506600425,473.2747497558594,1828300
2024-09-06,472.0329930433616,480.57925170371,462.7785772385235,465.2522277832031,1995600
2024-09-09,470.99505914141514,479.48311709426827,468.9191380761671,473.9440612792969,1714200
2024-09-10,474.4873079955064,474.55521956600285,447.7523522181096,453.1459045410156,3583100
2024-09-11,450.09018080829827,457.76338847710457,443.78476655341535,457.06494140625,2426500
2024-09-12,457.1910228424541,460.14002486261364,451.46765277208857,459.868408203125,1480500
2024-09-13,461.7406873257607,467.6677929054371,461.26536550756066,464.65087890625,1794500
2024-09-16,467.01776013881573,472.7896509973018,465.1358341918805,470.6361083984375,1500300
2024-09-17,473.39113576263446,475.0693567989044,467.3767283437232,470.8592834472656,1444900
2024-09-18,470.86894572057065,478.23172614616686,467.3476095161558,470.073486328125,1699500
2024-09-19,479.9293466629239,491.250004039472,478.6876662044951,488.7472229003906,3060700
2024-09-20,485.21623295907744,487.0205374858357,480.6472405762876,483.5089111328125,4452600
2024-09-23,483.29544833123714,486.3899540347346,480.39496721762504,482.5194091796875,953200
2024-09-24,482.6940247060312,484.60505150499296,479.30851164344284,483.11114501953125,1035400
2024-09-25,483.57675794517047,486.9719809197103,475.71923599757935,476.4371032714844,1763900
2024-09-26,479.2114986880549,483.4797733223719,477.7370124264536,482.0440979003906,1378100
2024-09-27,484.03273839556186,490.27024156230067,481.0158245652494,483.5865173339844,1420100
2024-09-30,480.0748529249041,481.6560319353902,474.26415105904846,480.2882385253906,1602500
2024-10-01,479.77410981195754,479.77410981195754,470.1025731740955,475.49615478515625,1528600
2024-10-02,476.46622793417157,480.04573595718745,473.34262145651843,477.26165771484375,1445100
2024-10-03,475.2633661188636,475.8260197196772,469.7049193079217,471.54803466796875,1290600
2024-10-04,480.80243327094314,481.4523594349587,471.45100408291864,480.3367919921875,1721600
2024-10-07,479.82263735687167,484.07152131813683,476.0975961096794,479.81292724609375,1173300
2024-10-08,482.12164908614426,483.42153086520506,478.0279791713134,481.70452880859375,1296700
2024-10-09,483.28576725224946,491.1141591373232,480.42406737680636,490.0567932128906,1695900
2024-10-10,491.1529644362109,491.62828619031114,484.6341349908544,488.6405029296875,1309000
2024-10-11,492.7923852995942,502.4638924731376,492.5983607078777,500.8439025878906,2409700
2024-10-14,502.1535588096754,507.4112881222613,500.0776080303161,507.1008605957031,2174900
2024-10-15,522.6703747159445,524.3292051641073,500.0776096482599,506.741943359375,4525400
2024-10-16,514.1337479291519,520.1675155699202,510.2340730077369,513.9979248046875,2649000
2024-10-17,515.3366907931062,519.2654373960496,512.4167892412901,513.1637573242188,2123500
2024-10-18,513.542143054962,514.8808359757503,511.0975630764789,512.6787719726562,1779200
2024-10-21,512.1937047032316,513.9882991141632,501.52300252191424,502.2990417480469,1752100
2024-10-22,500.17461397609947,504.0742896502398,497.58456004124474,502.7840881347656,1588000
2024-10-23,500.35889749133923,504.4331773034664,498.0307798901207,501.7170104980469,1263200
2024-10-24,503.46311102649844,509.28349381293197,502.6870718299064,508.7984619140625,2058200
2024-10-25,512.2421978466782,512.9697457252241,495.4503951781567,497.25469970703125,1633200
2024-10-28,499.97092135739797,508.8858103179295,499.5634519192907,507.9060363769531,1687100
2024-10-29,505.57784967035224,511.4564339938824,505.4032452894152,508.5850830078125,1281600
2024-10-30,507.7313523384083,514.9000779149686,507.4112147466902,508.701416015625,1441600
2024-10-31,506.800126930542,509.2834878553837,499.1269484317053,502.289306640625,2061700
2024-11-01,504.433238571259,510.87447721216654,501.56182805220305,503.80267333984375,1625000
2024-11-04,502.4930543228641,502.54154567183656,495.2272858485021,496.1585388183594,1797800
2024-11-05,497.64276262136576,511.66990742066076,497.2547133922624,511.18487548828125,2169900
2024-11-06,550.3171878594413,580.6898833981188,549.1530994452328,578.1386108398438,8042800
2024-11-07,572.3376202379613,577.1879390535373,564.1114984733024,564.7420043945312,4475600
2024-11-08,568.8647439898581,577.333440435868,563.8980225334809,571.6197509765625,2714000
2024-11-11,580.9712058575358,588.9742318267097,578.3228915481194,584.3082275390625,2510800
2024-11-12,580.1466077827808,584.0657031849375,573.7635717962522,574.85009765625,2392900
2024-11-13,576.8290337227423,585.4819861143775,574.9083263732972,576.4312744140625,1763100
2024-11-14,582.0382990663625,583.5225251488206,568.6902112678276,570.9892578125,1670500
2024-11-15,575.5970020784299,577.3237439420323,569.5147427373835,575.7716064453125,2007700
2024-11-18,576.9065535911881,577.2557622825507,567.2155683459966,570.3876953125,1848900
2024-11-19,562.3071065958571,567.2544670637242,558.28137770619,563.9756469726562,2217400
2024-11-20,566.3523611996445,570.2034860404254,559.3581799328618,564.5092163085938,1528600
2024-11-21,568.9521208068704,582.7173283035319,567.0119932341654,578.2647094726562,2281900
2024-11-22,578.3713714478021,585.8602942673859,576.6446887882968,584.7350463867188,1733700
2024-11-25,590.5650562171672,592.9999255675878,580.9032596973972,584.9775390625,2940800
2024-11-26,582.1644191237199,589.013067490362,575.2478591830744,587.3736572265625,2846500
2024-11-27,589.4883074071092,593.9215056608966,585.2200626135563,587.3056640625,1424500
2024-11-29,591.0695222490862,594.3871235897924,588.8868788813601,590.3516845703125,1170200
2024-12-02,592.720591145617,596.5323042929691,586.1889543100341,586.5886840820312,1804100
2024-12-03,593.6566317452578,596.0547729559902,585.7016622378227,586.9495239257812,1718100
2024-12-04,587.8462921533876,589.0941536393175,581.7631161627563,583.6641235351562,1617300
2024-12-05,585.4383664172241,591.3167981299922,581.3633598452251,581.8020629882812,1672800
2024-12-06,582.15305100282,584.9217065946121,579.4331864876277,584.6097412109375,1405700
2024-12-09,583.9371242878541,587.8463608512047,578.7995425249021,579.1895141601562,1633200
2024-12-10,575.1730148317206,581.2854657416237,569.0898385679478,570.3279418945312,2600800
2024-12-11,575.290017077453,578.789824960731,572.150965670761,577.668701171875,2195300
2024-12-12,577.6979663200902,581.3342106602876,573.8179450938185,576.7425537109375,1218400
2024-12-13,579.0724471941842,580.047316633905,570.3766284522405,570.7665405273438,1215000
2024-12-16,573.2232301465549,573.4864639355104,564.1569562638864,571.59521484375,1713300
2024-12-17,566.2432052893641,566.9938143152748,557.9080237764297,560.2379760742188,2314100
2024-12-18,562.9773713810939,564.9075939278612,530.8066782613117,536.4219360351562,3271600
2024-12-19,547.3307834899255,552.7510560154208,539.6877797446881,540.0679931640625,2753300
2024-12-20,540.9941386619345,558.5028181132279,539.4733444647001,551.8736572265625,4515900
2024-12-23,550.8012005355199,557.2743475088523,547.6816066145268,556.4359741210938,1519500
2024-12-24,559.7700093584822,568.1441040039062,557.0013541413679,568.1441040039062,913400
2024-12-26,563.6208576939148,567.9492809033138,562.987168681885,566.6234130859375,1092000
2024-12-27,562.4996564137391,567.3350301666399,556.991620379702,561.7002563476562,1486000
2024-12-30,553.014263794861,561.5443722821799,550.8987540490593,559.1364135742188,1265900
2024-12-31,560.6181783664647,562.421663037551,556.0655547228214,558.229736328125,1055800
2025-01-02,564.751650751671,569.6259982783124,555.4221424455219,560.5206909179688,2219000
2025-01-03,566.399157061921,567.5105225282089,557.3620981145069,565.551025390625,1422600
2025-01-06,570.2791963462249,578.7313585714302,565.2488954192198,568.7291870117188,2257000
2025-01-07,572.3556494617585,573.4962896806727,554.115878190666,565.5413208007812,2021900
2025-01-08,566.4381129801972,566.5941254099482,558.2784605997717,565.4437866210938,1513400
2025-01-10,561.7685708999634,561.7685708999634,543.9869600588456,545.9269409179688,2817900
2025-01-13,543.8601999186441,551.9613630612263,542.7683508417633,548.8027954101562,1871200
2025-01-14,555.3441754830778,559.1754652710143,550.9962952627938,557.167236328125,2221900
2025-01-15,582.9719820702172,594.0952172866643,578.0976343940448,590.6929321289062,5119800
2025-01-16,594.6606575113457,601.3385495198871,590.7709375909817,597.5852661132812,3224500
2025-01-17,602.2742660923797,611.2430759167779,597.5949051626553,610.209716796875,3425200
2025-01-21,601.3092328707942,619.4612975654173,593.695504722306,618.7886352539062,5076700
2025-01-22,617.5213413663863,619.6270333157192,613.8850971546925,616.8291625976562,2835700
2025-01-23,618.9640973515873,629.3172061976171,618.544910626336,623.4290161132812,2582700
2025-01-24,614.1677858201797,624.5013787334545,613.1539429592981,620.8944091796875,3183500
2025-01-27,609.2934088048374,619.7342820785885,608.7670007201015,617.3653564453125,3351700
2025-01-28,616.3124833504403,623.0195899827014,615.9322699814427,621.771728515625,2338000
2025-01-29,620.9919105292682,632.6903452645134,620.4167113075397,621.3623657226562,1918900
2025-01-30,628.2936530513256,633.1972753414708,624.8913679162663,629.4732666015625,1812800
2025-01-31,633.6651190576264,633.6651190576264,621.4207615986575,624.306396484375,1995100
2025-02-03,610.2682966001496,622.4346487123976,606.8367369782084,616.4782104492188,2102600
2025-02-04,616.1174676059306,621.6449605046244,613.2806238011683,618.24267578125,1743400
2025-02-05,621.9667632871437,630.1653898953505,619.5588640964907,629.2295532226562,1908200
2025-02-06,633.6651296758355,642.2927003332063,632.631770459801,641.6785278320312,2439200
2025-02-07,642.8289130537759,647.1865507578773,636.7456779514463,639.4168701171875,2616700
2025-02-10,642.4585791369626,645.841348068872,628.0597361873638,634.1819458007812,2351600
2025-02-11,630.526146434566,632.729301602655,627.4260089519784,630.9745483398438,2711400
2025-02-12,627.5819403979416,634.1232760529534,623.0487738445585,632.6902465820312,2295800
2025-02-13,635.4491079932036,635.6148191231008,624.4135797602964,632.6414794921875,2031800
2025-02-14,633.9771767258645,646.5919911591202,633.9771767258645,643.9500732421875,2246000
2025-02-18,645.9388227758516,655.2975463867188,644.4082704861224,655.2975463867188,2350100
2025-02-19,652.2656913045838,654.1763974132326,646.6114601951365,651.3590698242188,1953600
2025-02-20,651.2420958102978,653.4355521690118,615.786037617344,626.1196899414062,3929000
2025-02-21,628.5471323182921,631.2280235379513,607.762906704267,609.8783569335938,3000800
2025-02-24,617.5895684009934,621.2843022774516,599.3497391690277,610.40478515625,3274100
2025-02-25,612.7347473721853,615.4546118210977,590.7709092641607,599.4569702148438,2885900
2025-02-26,601.1727250952391,607.4704031420116,599.7396955690775,602.2451171875,2001200
2025-02-27,602.0209374739543,609.5176869050453,592.0480407364666,592.720703125,2396300
2025-02-28,595.4539672541573,610.9921101706597,591.7507191274929,609.65966796875,3337200
2025-03-03,609.7675366699166,616.018050340762,586.176257544138,592.9754028320312,3152300
2025-03-04,583.8837388007107,587.822166450767,556.0503855296666,569.344970703125,4061000
2025-03-05,570.2755904201547,585.0005017379981,565.0733676485069,581.03271484375,2600600
2025-03-06,568.8060663331685,574.8018468109,553.1601707578232,556.1482543945312,4332300
2025-03-07,556.6380871560541,556.6380871560541,533.8501755580984,548.3106079101562,4069600
2025-03-10,531.293262555328,535.3786099184239,512.5123608538237,520.8692016601562,5272100
2025-03-11,521.6626688925106,529.0300579935627,513.560561998096,520.643798828125,4190500
2025-03-12,532.958695455763,533.9383989400567,517.8614910731936,524.8369750976562,3078100
2025-03-13,524.7977690256091,527.2176678196953,509.50461139426875,514.158203125,2529100
2025-03-14,523.151820962023,532.5373964916304,516.0098045393853,530.4212036132812,2808100
2025-03-17,530.244991877373,545.8516639794258,529.0399755124317,540.1498413085938,2695600
2025-03-18,539.1210630148173,542.5108589377596,535.554987418908,540.5808715820312,2641000
2025-03-19,537.8572610357228,551.5731110439198,533.5465414003166,546.0280151367188,2769800
2025-03-20,541.8740058325701,556.9026844958555,540.7963558535794,551.2595825195312,2531300
2025-03-21,544.0587883157228,555.491911983406,540.0224144797285,553.669677734375,3565600
2025-03-24,563.329524729603,570.892807211547,561.4190909038572,568.3259887695312,1877700
2025-03-25,572.8229168512825,574.9782767929232,566.4744564744168,574.0475463867188,1875500
2025-03-26,576.4477642645851,580.6115041941084,559.410705825363,562.2714233398438,1944200
2025-03-27,553.532542456356,554.512246071323,541.3352204907443,547.575927734375,2100900
2025-03-28,544.666170205659,549.1238091502839,526.7963880176768,532.0965576171875,2773100
2025-03-31,522.9853950352327,536.27998037058,517.8615642234465,535.2022705078125,2455100
2025-04-01,532.2239500245109,540.7571894153758,522.4171079863243,537.3184204101562,1869600
2025-04-02,528.8439407691011,555.8054003987199,528.1385829467794,551.6710205078125,2560700
2025-04-03,514.7655922766814,519.233037753244,499.2177028341235,500.85382080078125,5193900
2025-04-04,477.1156137915263,482.01413138692186,450.66361877639036,461.25421142578125,8105200
2025-04-07,437.8294999241922,480.0351445802109,430.4621401697546,456.0617980957031,6353800
2025-04-08,478.3402756663877,481.9358009807181,443.6391615094402,452.8385925292969,4240900
2025-04-09,442.19894888135394,511.4052171378814,438.035209086649,506.37933349609375,7024100
2025-04-10,492.88883920000785,492.88883920000785,464.37946123326657,479.8587646484375,5374500
2025-04-11,477.11563566046016,488.40180995421696,468.8665184965113,484.4046325683594,3770200
2025-04-14,499.6488117019208,501.6082188066342,487.0596150745012,493.7510070800781,4392600
2025-04-15,497.1113660691094,508.1232539513384,496.7096840386143,497.5816345214844,2501200
2025-04-16,491.5368726931017,499.1099919964153,482.6901507175,488.9210510253906,2765600
2025-04-17,493.0259923728081,504.3807825383983,488.9896186333593,499.1491394042969,2593500
2025-04-21,495.14215366377556,498.93360150733247,484.6397307199707,491.18414306640625,2859300
2025-04-22,499.87417886338756,510.42557587778464,498.6005462437857,509.4360656738281,2514600
2025-04-23,522.7992211315508,540.5906116621784,517.538217741454,518.56689453125,3048100
2025-04-24,516.401700895124,535.7410985872054,512.7963991211245,534.3009033203125,2223600
2025-04-25,533.5465370371918,537.9454562685053,530.2351342071547,533.80126953125,1612700
2025-04-28,533.801215951801,543.245571711949,531.4597103177337,535.3099975585938,1459700
2025-04-29,532.7529250408633,539.6990489094413,530.313472983474,537.77880859375,1695600
2025-04-30,524.8860223603338,538.3667537734113,520.6635021391946,536.4367065429688,2438300
2025-05-01,536.9754913999764,547.0174527793138,534.4282860905905,542.5892333984375,2583000
2025-05-02,550.1819489709897,558.2155302245202,548.3401014710362,554.6101684570312,2883000
2025-05-05,547.0272856198259,555.0608670678902,546.1847548782258,548.2029418945312,2197200
2025-05-06,538.4450802365252,546.1259828507382,535.956654593358,538.2099609375,2902500
2025-05-07,539.0427626192707,544.1078137075687,536.6228635283985,540.718017578125,1954900
2025-05-08,547.4779573934482,560.54716956066,546.8803525655314,554.2183227539062,1994600
2025-05-09,558.6759951389279,560.4884229363086,554.2967486140525,555.5899047851562,1522500
2025-05-12,584.158076616909,591.1237548440565,576.1441083648657,579.3379516601562,3527700
2025-05-13,581.2581154933266,595.3756774077259,581.0229962041985,591.5548095703125,2765800
2025-05-14,591.5450303112672,602.5177227498873,590.2714275720441,599.1867065429688,2874400
2025-05-15,597.3546607928137,606.6422916429715,597.3546607928137,603.3994750976562,2428100
2025-05-16,604.4280813413413,608.1901092646166,601.1068721523762,606.4658813476562,2021800
2025-05-19,596.8256337379084,606.8088157345107,586.1958736808385,599.8724975585938,2842100
2025-05-20,595.414855144656,599.137716816893,590.7710697085598,594.2098388671875,1601600
2025-05-21,589.585549595308,597.4917639522357,579.9844673318559,581.4148559570312,2635900
2025-05-22,580.5233643798217,589.9775281712423,580.4841977619617,586.0880737304688,1939600
2025-05-23,573.126559491944,589.7423527262966,570.6773006906964,586.3917236328125,1530600
2025-05-27,593.6024062553914,605.1334764044046,592.6716759214373,603.2328491210938,2364700
2025-05-28,604.7514258590072,606.0740017106843,594.9837505359403,596.0908203125,2001900
2025-05-29,596.1691832964615,597.6191253181374,586.1565825945677,592.5834350585938,1736100
2025-05-30,590.7521143250611,594.2966029732465,584.6772302425206,591.1951904296875,2129500
2025-06-02,589.3737366952739,589.9349584799718,583.0428496842296,589.4918823242188,1221200
2025-06-03,590.7521476221277,596.974744121744,584.5787684492633,594.5231323242188,1730300
2025-06-04,596.1476845183231,596.984619478631,589.4918671517792,589.974365234375,1294900
2025-06-05,590.7521886847421,600.3223452961132,583.7616451564074,596.5415649414062,2086700
2025-06-06,603.5517900199766,611.8026333273136,600.5980292205313,604.536376953125,1675900
2025-06-09,605.274804410345,609.5577334416066,601.5924589729998,604.0637817382812,1610700
2025-06-10,603.5517716345892,607.0470431219096,599.9186435581671,605.3929443359375,1376400
2025-06-11,607.6673683961782,620.1322728731088,605.1173218409715,614.5496215820312,2063600
2025-06-12,611.4284599526529,616.3612498968458,606.308596095197,615.47509765625,1634700
2025-06-13,606.5547578338828,610.5620337949908,600.1943648143176,604.0834350585938,1674800
2025-06-16,609.4593418449115,622.5248303259854,608.4747548629326,618.1729125976562,1870400
2025-06-17,615.0714019073159,621.9339432357181,613.3975922850876,615.0123291015625,1479300
2025-06-18,614.884376371027,630.0174722616828,614.0376460571571,625.448974609375,2423100
2025-06-20,628.9836714445967,632.7349451613767,626.8766410382121,630.9232788085938,4115400
2025-06-23,629.4070592303253,637.4412622491891,620.2996300013093,636.9096069335938,2020800
2025-06-24,644.3629366520652,653.5392941691196,643.1715648174388,651.9048461914062,2307800
2025-06-25,654.3564348170102,659.7913737777053,650.605161102465,659.5452270507812,1566400
2025-06-26,660.2836794649148,678.7053224832028,660.1753893257218,676.5687255859375,2849500
2025-06-27,680.3496105530979,683.5003009421266,674.8260919580991,680.1625366210938,3650500
2025-06-30,703.2609569630578,703.2904633231717,692.1154252089973,696.8414306640625,3976400
2025-07-01,697.0875312677084,702.0203212947517,689.8114195907149,695.5712890625,3301000
2025-07-02,697.8752092036066,707.6521502805656,694.2125746418338,704.85595703125,2906500
2025-07-03,704.8755586717094,714.8100666176202,702.4042961107822,712.5258178710938,1502000
2025-07-07,710.5763711184853,712.8113424964284,695.4531308982602,699.9723510742188,2863700
2025-07-08,699.7655659970844,700.2283530847324,683.0768662780152,686.5327758789062,3100700
2025-07-09,693.4840292265765,693.4840292265765,684.0024516745815,685.8239135742188,1763400
2025-07-10,686.0010561469354,699.4308356713462,685.7155475844797,698.1902465820312,1733500
2025-07-11,692.7455708734839,695.1183990235069,689.437312991075,694.0845947265625,1681800
2025-07-14,693.87778542673,702.43384827679,691.3080279547069,702.3058471679688,1909300
2025-07-15,702.3057995572841,703.674389723797,689.250168097933,691.68212890625,1981200
2025-07-16,697.5798224398959,698.8401225240623,680.6449156490067,697.8948974609375,3323200
2025-07-17,695.394097124897,706.3919164862083,693.4249232327309,694.9608764648438,2046100
2025-07-18,696.1619895970039,699.3421859555147,687.6256382642357,697.343505859375,1925200
2025-07-21,698.210025744423,701.7742258061262,693.4938156476018,695.118408203125,2006500
2025-07-22,692.8144094605602,695.600807285779,681.2160067288611,689.614501953125,1978900
2025-07-23,691.1800074311951,707.9278403032882,690.6877139786087,706.4608154296875,2395700
2025-07-24,707.8490681134268,714.5836690966103,703.7137910251154,708.09521484375,1974700
2025-07-25,709.6508651354819,718.6401483587367,707.2779770486727,717.744140625,1851400
2025-07-28,716.7792668899069,721.2296189310298,711.039108406921,712.496337890625,1464800
2025-07-29,715.6470011465939,722.8148229936925,711.2852881659082,720.6979370117188,2136000
2025-07-30,719.8708807552081,726.5069868485589,712.0335473943167,719.4868774414062,1816200
2025-07-31,715.3910165363516,722.726140808645,709.3357831107836,712.437255859375,2358100
2025-08-01,699.5588759432388,703.5070791854246,683.3525532863762,698.6333618164062,2999100
2025-08-04,704.1765676196106,715.5878962142385,704.1765676196106,714.8396606445312,1753700
2025-08-05,716.7792705836714,718.1577162956371,703.5365646233728,709.7985229492188,1977300
2025-08-06,713.3332277958657,717.0746460953043,710.8717604811801,713.5695190429688,1477100
2025-08-07,719.3588553816224,721.6431041352571,706.5493705659179,708.6465454101562,1400400
2025-08-08,714.6722353710325,716.7792657672387,707.5734022570327,710.1530151367188,1275400
2025-08-11,711.0686958339593,712.6834328285618,704.708242605611,708.154296875,1273500
2025-08-12,714.1012417090595,736.6088846408902,713.1855229755927,731.9222412109375,2418100
2025-08-13,734.2852623175571,737.3669640914466,721.3280647926376,733.2120361328125,1862600
2025-08-14,731.2723593977347,736.6285145805427,725.6405511298079,735.683349609375,1371200
2025-08-15,737.4556144461012,737.5048317739765,717.9410941796019,719.4573364257812,1645900
2025-08-18,718.2561460378126,720.3336099813487,712.7129169640594,719.6936645507812,1157800
2025-08-19,717.9214079091541,718.7484874046986,706.6675860642712,710.2613525390625,1856400
2025-08-20,710.0841480188456,711.1179523377317,694.6753376133577,709.5721435546875,1872700
2025-08-21,705.4959117102832,708.1345975256684,701.9809290865,704.9150390625,1162000
2025-08-22,709.0404940573436,733.3598048889263,707.5045407466342,730.4552612304688,1948600
2025-08-25,730.4551483403834,734.9940792699475,726.9500215784518,727.4028930664062,1381200
2025-08-26,726.3396249099626,737.6130968592502,722.548929281649,737.4063720703125,1511600
2025-08-27,734.4722508760722,741.3939255334765,733.53694140943,738.115234375,1534800
2025-08-28,739.4148606439487,741.7188202888696,735.476513287744,739.6412963867188,1411200
2025-08-29,739.1365589995496,741.3241055367608,731.4057738870052,737.6913452148438,1467000
2025-09-02,728.9212275115252,728.9212275115252,713.8456556987015,723.4373779296875,2296400
2025-09-03,721.1706144890813,724.5955433631999,714.9740965571174,723.1503295898438,1485600
2025-09-04,726.3079556866361,741.3141691147367,723.7541063671663,741.3043212890625,1778200
2025-09-05,744.5609678123635,749.6686062892219,719.7749560154416,730.7227783203125,1822800
2025-09-08,731.9204590466531,735.9986673547024,726.1298164954208,734.3258056640625,1400100
2025-09-09,732.623306634614,757.8547670650672,731.0494064754442,756.1719970703125,2611300
2025-09-10,754.1328653961489,766.6149547152107,753.9052174907355,761.7745971679688,1996200
2025-09-11,764.1700671446625,785.1253356186334,763.5266355382638,776.7709350585938,2075700
2025-09-12,775.5534279832335,779.0476543036837,768.3868686407516,772.1483154296875,1099400
2025-09-15,775.0089796297665,784.3433290615676,773.5142850650532,778.7803344726562,1292000
2025-09-16,781.5222352480945,781.9973475236175,771.7820106871163,777.5628051757812,1529500
2025-09-17,780.8590506236679,790.4705896545446,777.2658627079581,786.1646728515625,1945300
2025-09-18,787.500998210878,799.092252164196,784.3631666145668,796.15234375,1501600
2025-09-19,795.934583361706,801.4480367448667,789.2827092143505,796.8353271484375,3789800
2025-09-22,793.0144949672299,797.8549129040555,789.4509715247103,797.3896484375,1151000
2025-09-23,798.9140252661877,816.8799644335024,793.8657757960242,798.1419677734375,1758800
2025-09-24,801.339241283423,804.5959115890137,784.3038299461056,784.3928833007812,1402500
2025-09-25,778.0280566958198,790.084514751936,774.0785346242089,786.69921875,1413100
2025-09-26,789.0748312375732,801.2897001929675,787.0654517936772,794.37060546875,1376200
2025-09-29,799.6069631789122,800.6364537569267,789.8964624669092,795.9642944335938,1059000
2025-09-30,797.330230709602,801.4084388502719,778.4734570758554,788.2730102539062,2463900
2025-10-01,785.5707601811681,788.2038151514331,775.286125524929,777.5430297851562,1788900
2025-10-02,780.8788669095619,782.977360184479,764.6056055783373,771.4752197265625,1553700
2025-10-03,775.058525467603,786.8576115186179,769.9706427418049,781.9677124023438,1470500
2025-10-06,786.9367550238064,794.3606866749744,772.1383725159228,788.69873046875,1632600
2025-10-07,789.9063387672514,797.1521034103881,773.4648190729778,781.6410522460938,1547200
2025-10-08,783.7197586096584,786.9367958252964,766.4863642929768,768.6343383789062,1939300
2025-10-09,770.9505286095654,774.9693478457046,763.526596984965,772.04931640625,1575000
2025-10-10,775.1772197359413,783.6305812451845,756.2511487012102,756.6074829101562,2457900
2025-10-13,769.99041432535,783.0268216555226,769.99041432535,778.8001708984375,2766000
2025-10-14,756.6966281306313,778.5922726491231,734.9296699289606,762.942626953125,4710800
2025-10-15,770.7228759469515,774.5536198083014,754.924727797557,760.1412963867188,3217400
2025-10-16,762.8435790584349,773.5142722535526,744.778679098715,750.401123046875,3160900
2025-10-17,750.4605492897394,751.242515029021,732.5045182684236,743.1553955078125,2884700
2025-10-20,749.3221570680545,758.6465981694845,745.243948840418,755.5780639648438,1925400
2025-10-21,751.3019209774118,757.5380117955826,750.5793442600891,751.2821044921875,1782200
2025-10-22,752.8955417479746,752.8955417479746,735.5730345046603,737.0479125976562,2141400
2025-10-23,741.7398859090825,747.3424530802112,737.1072993913618,743.165283203125,1615400
2025-10-24,752.1432587584587,776.6521421306636,748.3323312380431,775.9295654296875,2505600
2025-10-27,780.9976507347953,788.6294746229553,779.0278437664405,781.9776000976562,1645300
2025-10-28,784.0167024787808,790.2627015379095,779.3643596608299,784.0563354492188,1242000
2025-10-29,780.0077576520958,792.371068915816,770.9208724968944,775.1178588867188,2251500
2025-10-30,775.612777342572,798.9536352243214,772.6827772527763,782.1458129882812,1829500
2025-10-31,777.0184022225524,783.6900328032232,775.0585035008789,781.3638916015625,1328100
2025-11-03,781.5618284513977,787.9266052108942,773.51428178348,777.5529174804688,1569100
2025-11-04,769.1193348686215,797.8252045097928,765.1599045732876,782.80908203125,2046000
2025-11-05,782.4229959320296,789.2727931887977,767.7137273950574,785.046142578125,1832700
2025-11-06,785.9469096913283,790.1043235638498,769.1193310203553,779.592041015625,1572500
2025-11-07,775.0584731741906,779.0772924703011,755.0633382836648,778.3646240234375,2098400
2025-11-10,788.0058053093421,798.1815093776883,780.7996134371599,789.1144409179688,1698200
2025-11-11,790.3814596337019,803.764353422864,787.5405732178239,802.0914916992188,1521500
2025-11-12,805.8727860713855,831.4803977743123,805.8727860713855,830.4608154296875,2954100
2025-11-13,824.6107330528209,832.7473935782169,796.8551489368201,797.3302612304688,2557400
2025-11-14,787.4811983739766,792.4898753928338,770.1092096482948,782.8882446289062,2552000
2025-11-17,781.9875161085326,788.6492385265285,762.6852926096511,767.6939697265625,1850600
2025-11-18,764.2294053237583,779.7107916562021,758.7653724026347,768.4263916015625,1673500
2025-11-19,768.4264053482058,779.8790644720043,767.1396026141396,778.0181274414062,1521100
2025-11-20,787.1842008958291,807.7237446475908,764.3580886659374,765.852783203125,2599000
2025-11-21,768.9510935814214,772.4551677231206,746.3526277375256,766.1795043945312,2284700
2025-11-24,770.7427193951918,785.9370090581717,767.4959575380956,782.6903076171875,2319500
2025-11-25,788.9164458448024,797.0926786515028,770.0992446656658,794.1824951171875,2252900
2025-11-26,797.666868815429,811.2675024679619,796.8353618547518,807.7337036132812,1862500
2025-11-28,811.6832082899759,822.1460100662814,810.6438699235587,817.6619262695312,868300
2025-12-01,810.2875656835731,816.3652454787048,801.3986032833234,802.6359252929688,2133200
2025-12-02,806.8736458634792,815.4087451244128,804.0684017507073,810.9422607421875,2254200
2025-12-03,808.6940890182235,833.5233805726734,808.6940890182235,832.1904296875,2347900
2025-12-04,831.1657364333125,839.5715109068564,830.131202927193,833.4437866210938,1670800
2025-12-05,832.8767632178467,851.7176104394313,832.1406470006258,850.086181640625,2277500
2025-12-08,856.5919479945819,866.002444893174,851.8170890809796,862.1527099609375,2238100
2025-12-09,861.4663379540585,879.0935414994099,859.7851829721512,871.990966796875,2274800
2025-12-10,866.7882986217422,892.5030055591475,864.7192315185519,884.5846557617188,2394300
2025-12-11,885.3207721527939,914.2883187583428,883.3511572446945,906.2606201171875,2683000
2025-12-12,908.9663645061288,910.1998631823126,882.3464479088005,883.3114013671875,2715200
2025-12-15,887.3302178250863,899.7349059644096,884.932861328125,884.932861328125,1976600
2025-12-16,885.5694354583045,891.5479815329278,869.7427544378107,874.5474853515625,2161600
2025-12-17,881.6898906109421,891.2793770131915,863.8935340007946,867.76318359375,2213300
2025-12-18,875.890426743916,888.1160645622505,870.1208029130325,871.71240234375,2066300
2025-12-19,878.5464065961062,895.0396238900029,877.3328226902636,888.8024291992188,4808300
2025-12-22,891.8265817606277,900.7396357488446,890.155384137837,894.2935791015625,1442300
2025-12-23,895.6364536256929,901.1773007871378,889.0213042072145,896.9893798828125,1210200
2025-12-24,896.4422087460688,907.1061188349288,893.9951262280264,906.0119018554688,771800
2025-12-26,906.230733339062,908.5385949623098,900.5705191950701,902.2914428710938,995300
2025-12-29,901.7045908744618,901.7344022471889,886.8925280073729,887.50927734375,1578000
2025-12-30,890.0558358451997,890.3343991290716,876.5668277615088,879.7898559570312,1833300
2025-12-31,879.4715305603999,881.3616079562624,872.1998023409884,874.3982543945312,1221500
2026-01-02,879.3720926211839,909.6527358862218,876.1391069865473,909.5532836914062,2817600
2026-01-05,909.6129594353993,956.6553650747156,907.8223342189048,943.4747314453125,3742000
2026-01-06,944.4396232408563,953.5517028210658,938.3118987800251,950.4678955078125,1966000
2026-01-07,951.8705216356584,953.2333445185499,929.1102987532748,936.0935668945312,2683300
2026-01-08,930.582534797213,940.2417226461324,927.1207727998783,929.9359741210938,1960800
2026-01-09,933.8553472396276,941.1867587740012,927.8171177696071,934.064208984375,1334100
2026-01-12,929.1103377184415,945.5836406352312,924.2459231986793,944.5789184570312,2179600
2026-01-13,942.360623931235,944.9669029227485,926.1260546561141,933.2386474609375,1969600
2026-01-14,927.4192343524101,933.2386450089649,913.0946572994995,927.7872924804688,2513000
2026-01-15,920.0579845001288,976.1229138549161,919.8291473103261,970.7511596679688,3773700
2026-01-16,967.9061580031429,979.5449183976932,951.9899210781169,956.9637451171875,3071600
2026-01-20,941.4255262081355,957.5605822907719,934.1836092442728,938.4312744140625,2629100
2026-01-21,939.0579724141925,963.84749426187,938.51086391661,948.0208129882812,2251300
2026-01-22,955.0338724255563,965.8668754534046,945.8322982089436,949.6522216796875,2468300
2026-01-23,929.1899567211183,932.2836607950206,912.2490823893633,914.0695190429688,3872600
2026-01-26,913.601907725483,928.851669017591,913.174166149946,926.9815063476562,2655900
2026-01-27,919.162696523467,928.5135101466446,915.5716100839081,924.8527221679688,2012500
2026-01-28,927.6281630148297,932.2637404161344,917.9292059047953,931.9056396484375,1674100
2026-01-29,932.3930591278786,950.3784241796568,920.2867881976362,935.1983032226562,2335400
2026-01-30,929.06062166473,942.0422905048018,918.3370276937301,930.512939453125,1893700
2026-02-02,927.2501211047988,944.4694974240364,907.3050989385857,941.3757934570312,1802000
2026-02-03,944.5292068361143,959.4506792979803,914.2485629582093,934.07421875,2321900
2026-02-04,932.2139815030331,939.2171038147529,889.1207632205649,908.5186767578125,3561900
2026-02-05,896.9495351708357,906.0616144851566,872.1301419607223,885.7484741210938,3214300
2026-02-06,903.1171232906197,926.8920265383226,902.4804592404039,923.8878173828125,2473200
2026-02-09,924.13647549493,944.0317709845947,922.2563554994069,938.679931640625,2322600
2026-02-10,940.7490962073659,956.7946575053014,925.0616356705164,944.0218505859375,3324900
2026-02-11,945.6632122829654,963.0616387040892,926.4045805662264,939.6448974609375,2654300
2026-02-12,951.1642697890875,963.3203275747186,899.2474909216053,899.8145141601562,3188700
2026-02-13,889.7275606014595,901.246954018828,864.4506136759369,900.4014282226562,2623000
2026-02-17,902.9778306874582,916.7254874821182,900.9385749946201,911.2443237304688,2008500
2026-02-18,916.7553797076476,942.7386319457272,915.1637195664599,928.8417358398438,1864900
2026-02-19,920.157458247533,924.7930355925855,901.7443517198849,911.8511962890625,1974200
2026-02-20,907.7725920429826,917.5411895136228,895.8553293524825,917.411865234375,2009100
2026-02-23,913.6915043954327,927.12082971861,879.1234262487357,887.6386108398438,2535900
2026-02-24,880.8045393144852,906.9967132720843,877.0344026127526,897.5464477539062,1971500
2026-02-25,909.9312289141567,917.680485565874,902.7689709250694,916.556396484375,1763600
2026-02-26,922.9029760046975,933.4773304045714,916.7155075412168,924.136474609375,2220300
2026-02-27,907.2255197772948,911.453270280643,849.6783989767948,855.0700073242188,5552300
2026-03-02,840.0,873.6300048828125,836.0,861.7000122070312,2873200
2026-03-03,836.0,868.3400268554688,824.6400146484375,862.5800170898438,3782100
2026-03-04,869.8400268554688,878.7999877929688,860.0,867.25,2081700
2026-03-05,862.010009765625,866.52001953125,822.2000122070312,835.4600219726562,3093700
2026-03-06,816.0,827.1599731445312,801.3300170898438,821.4199829101562,2473000
2026-03-09,810.0,836.6799926757812,795.0,832.030029296875,3258200
2026-03-10,834.6799926757812,846.0900268554688,826.3499755859375,833.8099975585938,1871900
2026-03-11,829.9500122070312,832.7999877929688,810.5399780273438,823.760009765625,2227000
2026-03-12,805.3200073242188,807.2100219726562,784.0999755859375,787.52001953125,3533000
2026-03-13,789.3599853515625,798.0,780.5,782.2100219726562,2567400
2026-03-16,792.0,805.4600219726562,790.0,794.77001953125,2082700
2026-03-17,806.2999877929688,820.4400024414062,803.469970703125,807.0399780273438,1955600
2026-03-18,801.0,816.1900024414062,801.0,805.47998046875,1541300
2026-03-19,792.9299926757812,816.1799926757812,790.5900268554688,809.5,1765900
2026-03-20,807.0,827.22998046875,804.9299926757812,813.530029296875,3918400
2026-03-23,833.0,849.530029296875,829.0,831.27001953125,2190300
2026-03-24,824.9299926757812,844.5,818.0,835.719970703125,1656100
2026-03-25,845.010009765625,854.75,833.9000244140625,841.8400268554688,1628900
2026-03-26,833.7899780273438,844.7999877929688,816.1099853515625,822.6400146484375,2052200
2026-03-27,813.6699829101562,817.0999755859375,797.780029296875,802.8900146484375,2106800
2026-03-30,811.1199951171875,818.6300048828125,801.8800048828125,807.5999755859375,1621400
2026-03-31,823.9000244140625,848.5,810.0,845.989990234375,2689800
2026-04-01,859.9500122070312,870.2000122070312,850.1500244140625,860.2100219726562,1803600
2026-04-02,838.3900146484375,867.2999877929688,831.0,863.0399780273438,1717700
2026-04-06,863.0,873.2100219726562,859.77001953125,866.0499877929688,1444500
2026-04-07,858.0,867.969970703125,850.0,864.1500244140625,1498400
2026-04-08,903.010009765625,918.1199951171875,893.5999755859375,905.75,2439000
2026-04-09,902.0,909.4000244140625,895.2899780273438,903.719970703125,1797800
2026-04-10,903.3699951171875,908.9600219726562,895.0,907.7999877929688,1642700
2026-04-13,875.5499877929688,896.9400024414062,865.3400268554688,890.7899780273438,4236200
2026-04-14,894.4199829101562,914.1900024414062,890.0999755859375,909.6300048828125,2822600
2026-04-15,915.0,927.7899780273438,897.0999755859375,899.489990234375,2403900
2026-04-16,897.989990234375,907.9600219726562,895.8499755859375,900.0,1742100
2026-04-17,915.5,929.1900024414062,912.219970703125,925.9500122070312,2805100
2026-04-20,923.6799926757812,941.7999877929688,922.989990234375,941.739990234375,2374300
2026-04-21,944.5,952.010009765625,922.5399780273438,926.5499877929688,1765400
2026-04-22,939.0,940.97998046875,931.1500244140625,934.8400268554688,1381000
2026-04-23,935.0,944.3900146484375,931.0,931.6599731445312,698172
