timestamp,open,high,low,close,volume
2021-01-04,134.96012327811277,135.32176073167327,131.94356624875377,133.09902954101562,861600
2021-01-05,133.16960537146775,133.6635426876503,131.8730131870973,132.9490966796875,678500
2021-01-06,133.90170203630566,135.77161152227677,133.1078760926946,133.4165802001953,835800
2021-01-07,133.39892234625637,134.35152136213773,132.51688771586032,133.33717346191406,600000
2021-01-08,133.59295046168896,134.36913166489632,133.0549088816813,134.095703125,552600
2021-01-11,133.93698224953795,134.44855056110956,132.15526828503434,132.40223693847656,613700
2021-01-12,131.97883994622407,132.96671437974834,130.7880878667741,131.75833129882812,621700
2021-01-13,131.7318816425889,133.875219402726,131.379059703888,132.23463439941406,709700
2021-01-14,132.5786671822554,132.86092481795885,129.95902238306633,130.0295867919922,836700
2021-01-15,129.73851763869484,131.85540959516206,129.55329783600993,130.94691467285156,1193700
2021-01-19,131.46729563896488,132.61394362311592,130.6999161759282,131.2026824951172,790300
2021-01-20,131.24674575672162,132.08467590039396,130.1883069721471,131.9788360595703,872800
2021-01-21,132.30521204729467,132.30521204729467,130.76165124007625,131.40553283691406,826500
2021-01-22,131.29085988086527,131.9347413914331,130.3029719446351,130.717529296875,643200
2021-01-25,130.40882920526136,132.36694721726502,129.62381890018102,130.12657165527344,1114400
2021-01-26,130.1618709143712,132.2169999812496,128.45953689543114,131.8818359375,1167100
2021-01-27,131.4143562511326,131.87300460988098,128.4330746253603,128.9446563720703,1251800
2021-01-28,129.13866889379705,131.65245903683183,128.86524036380732,130.72633361816406,1220800
2021-01-29,129.9677853923576,132.0493872935922,128.17725648318975,128.28309631347656,1366600
2021-02-01,128.4683659392379,129.10343208530122,127.5598711528274,127.99207305908203,848100
2021-02-02,128.5565400279786,130.9644906627888,128.0626028166103,129.76492309570312,1001900
2021-02-03,129.7472970213564,130.34707409828493,128.39778513948707,129.28863525390625,889800
2021-02-04,130.4176817331015,132.30523589349733,128.16849003115513,129.85317993164062,1273000
2021-02-05,130.45295477980736,131.77600711412094,129.2974912279123,129.3063201904297,825500
2021-02-08,133.4077691891813,133.51360906288429,129.9501942407868,131.71426391601562,2026200
2021-02-09,131.60840772836113,133.4165681543074,131.55547433928763,131.97003173828125,1090000
2021-02-10,132.587479157156,132.87853880085362,131.61723548222022,132.3052215576172,883400
2021-02-11,131.93470773424158,132.99314632703647,131.82003895494003,132.6756134033203,871400
2021-02-12,132.1729031673695,133.85757919006159,132.03177438740937,133.5224151611328,785700
2021-02-16,133.38128638117269,134.35152991992203,132.4375028063182,133.5224151611328,1197600
2021-02-17,133.12552109662923,134.4750468767231,133.05497014830667,133.44305419921875,864800
2021-02-18,132.84360410049848,136.43493318922032,132.84360410049848,135.66346740722656,1385900
2021-02-19,135.77869420060102,136.1777411689494,131.9036142006271,131.99229431152344,1166000
2021-02-22,132.21400660951113,132.21400660951113,129.9084585874921,131.46026611328125,862100
2021-02-23,132.169666406459,133.41998314471607,130.4405121571076,131.22084045410156,1477900
2021-02-24,131.2119779966745,131.68195290776234,130.45823750041555,130.85728454589844,774700
2021-02-25,130.74200308558667,132.24947054741676,130.60898289352977,130.85728454589844,1589800
2021-02-26,131.28292551709066,132.06325385133658,129.0749201205496,129.15472412109375,1053900
2021-03-01,129.6246818640305,131.15876405694343,128.33003870237394,128.74681091308594,1177200
2021-03-02,128.666985142178,129.8906867064902,127.31912601802843,128.888671875,969600
2021-03-03,128.81776440453322,129.29660191996842,127.91327850794679,128.01968383789062,1101000
2021-03-04,128.44531839240838,132.2139934366995,128.0994875766303,129.5448760986328,1251100
2021-03-05,130.0769455519431,133.73033959116358,129.5182905006434,133.3490447998047,1031700
2021-03-08,134.16486772179132,137.1088616894808,133.0652962108262,134.599365234375,1112900
2021-03-09,134.5816525253044,135.86743350940952,133.45547957353224,133.50868225097656,953000
2021-03-10,133.26035219376163,136.12454151857216,132.16965705681665,135.3619384765625,1121100
2021-03-11,134.66143547821048,135.76100691926942,134.36880726734748,134.6968994140625,959300
2021-03-12,135.18459807393853,135.56590637808517,134.08504028577732,135.1757354736328,756700
2021-03-15,136.0004270036413,136.14230981684995,134.14712842218157,135.9561004638672,773400
2021-03-16,136.33734560405426,136.7984578135508,135.34419333500162,136.10679626464844,916400
2021-03-17,137.862576676448,138.2084075141467,136.28416787559877,137.05563354492188,995800
2021-03-18,136.5945288485016,138.7404689184573,136.55906491501344,138.39463806152344,673000
2021-03-19,138.9089178083974,139.1749446253945,137.13542373599813,137.1797637939453,1455300
2021-03-22,136.63885153849705,138.88232052293958,136.50584489146937,138.6695098876953,801700
2021-03-23,138.84687042230763,139.4321267888903,138.19954879115951,139.1483612060547,690000
2021-03-24,138.37690308572508,140.32774421704391,137.3748744212112,139.44985961914062,977400
2021-03-25,139.937590475347,140.64699102770646,138.49218803384997,139.25479125976562,937200
2021-03-26,139.55630208035925,141.2499792331985,138.82030015719138,141.2322540283203,676500
2021-03-29,140.81542392180972,143.39586089548155,140.68240375565082,142.8815460205078,818600
2021-03-30,142.677610570514,143.26286693502408,140.48734403450092,140.86865234375,1019300
2021-03-31,140.45188813039533,141.6135247947031,139.82229166640028,140.24794006347656,1170700
2021-04-01,140.2745446419838,141.45392006612482,138.5808542074941,140.7799835205078,932200
2021-04-05,140.96620860178692,143.0677952125264,140.602638989177,141.3031768798828,979700
2021-04-06,141.52485038739601,143.25400462174397,141.1967447414106,142.553466796875,941500
2021-04-07,142.76628928161583,143.08551879266557,141.79973814813013,142.38499450683594,771800
2021-04-08,142.32297331670378,142.81954975028108,141.3475456573962,141.97714233398438,995300
2021-04-09,142.438185742376,142.5977937197517,140.65581547756182,141.4361572265625,714200
2021-04-12,141.48937910268984,142.1367007611098,140.96620150931872,141.5248565673828,942700
2021-04-13,140.5937349296774,141.5691484791686,140.26562934960813,140.83316040039062,1136700
2021-04-14,140.8686244625789,141.0282324227528,139.10399311788575,140.27450561523438,889300
2021-04-15,142.76629243275937,143.07665935032313,141.50711309212812,142.6776123046875,1079600
2021-04-16,143.04118308724665,143.2362685460917,141.98595179549963,142.75743103027344,1260700
2021-04-19,142.77515174671072,143.30720544151882,141.45390717139352,142.74855041503906,772000
2021-04-20,142.45591979868001,144.70826506671972,142.12782769321797,143.82151794433594,836500
2021-04-21,144.35358257388017,145.4176901257054,144.35358257388017,144.48660278320312,929800
2021-04-22,144.53092033628675,144.90335250912798,143.27174102886528,143.86585998535156,825900
2021-04-23,143.83924288640853,144.17619755974528,142.89927966101277,143.14756774902344,682500
2021-04-26,143.333804453692,143.333804453692,140.82430847133827,141.01939392089844,762000
2021-04-27,141.07261147981237,141.39184101910254,140.05285759272113,140.73565673828125,1063100
2021-04-28,141.22334579035072,142.721950634011,140.54942282953428,140.86865234375,1320900
2021-04-29,141.897262497261,146.7566323977298,141.445012855611,145.62159729003906,1609000
2021-04-30,145.3555824326943,146.3044083206666,144.6816595104104,145.6925506591797,1191000
2021-05-03,146.04727491239288,148.79619690400966,145.66598007515086,147.8562469482422,1125400
2021-05-04,147.98923453462396,148.91144563713948,146.9872059035532,148.00697326660156,1261000
2021-05-05,147.8384902992059,149.78933138071733,147.7054836350505,149.29275512695312,960300
2021-05-06,150.10854572129801,151.447528950875,148.90256914242227,149.53216552734375,951100
2021-05-07,149.53214879773637,149.97552229138495,148.44144026126753,149.4080047607422,780900
2021-05-10,149.73613090294802,151.75791341177995,149.66518950413254,151.02191162109375,1385200
2021-05-11,152.36977478785164,152.66240299096847,149.33710095194365,149.78933715820312,986700
2021-05-12,149.9046007863706,150.3213730081199,148.47693740628375,148.6188201904297,1071400
2021-05-13,148.3173094505708,152.99933287856754,148.17544020327276,152.16580200195312,1462700
2021-05-14,152.56482179839472,153.97474626016535,151.7312774658203,151.7312774658203,840300
2021-05-17,151.83770704811974,154.14325499485392,151.3766082833228,152.95501708984375,1123000
2021-05-18,152.8042496586738,154.49792614672668,152.8042496586738,153.22100830078125,1372400
2021-05-19,152.68011870032248,153.47819925848162,151.74016888064224,152.768798828125,998800
2021-05-20,152.8881603702615,155.15997013737996,152.76343425255166,154.20669555664062,1006600
2021-05-21,154.6432325535272,155.67668522198105,154.3581365370739,154.8035888671875,904500
2021-05-24,155.02634509872522,155.98852394967486,154.79471473602823,155.10653686523438,725500
2021-05-25,155.08872643774424,155.6856310887345,153.48509490083688,155.65890502929688,766600
2021-05-26,155.35598776242585,156.11324870733898,154.82143942967522,155.2847137451172,814800
2021-05-27,155.28472515621368,155.82817768326518,154.135450234584,154.52745056152344,1026000
2021-05-28,154.5897925949154,155.21342318724712,154.14434022980313,154.1710662841797,871100
2021-06-01,154.71453509747252,155.55198780762922,153.11980784877952,153.81471252441406,752200
2021-06-02,154.3670857197841,155.2134426005298,153.88598949257855,154.6076202392578,767800
2021-06-03,154.35817797257488,155.5787269287329,153.82364318942524,155.49853515625,758100
2021-06-04,155.7836294294129,156.39835597786436,155.213450844236,155.8192596435547,599100
2021-06-07,156.26469508834234,156.26469508834234,153.95725493951736,155.00852966308594,648600
2021-06-08,155.27579959833497,155.27579959833497,154.1978123475927,154.6432647705078,552600
2021-06-09,154.2245267317081,154.6521572189818,153.71670448284152,154.00180053710938,553900
2021-06-10,153.93940830790893,155.60540924542147,153.93940830790893,155.35595703125,580100
2021-06-11,155.97960055036546,155.97960055036546,154.48287354662355,155.7301483154297,443500
2021-06-14,155.3827189968601,155.61434936523438,154.08199192736322,155.61434936523438,618500
2021-06-15,155.73906017609326,155.97070411580256,154.89270336609556,155.7747039794922,434400
2021-06-16,156.03308627650972,156.1489082655867,153.71672805975115,153.83255004882812,667200
2021-06-17,153.83251488704138,154.80359775988256,152.82578821303284,154.58087158203125,502500
2021-06-18,153.70782086874672,153.70782086874672,151.78346302767318,151.890380859375,1333200
2021-06-21,152.73670588515893,153.5296105344759,152.5050619599723,153.44943237304688,856900
2021-06-22,153.98397441229662,154.62542692267988,153.3157958468247,153.47616577148438,615100
2021-06-23,152.9059960200777,153.03072214900263,151.74781705484438,151.783447265625,803600
2021-06-24,151.54291801379173,154.67889324817065,150.99946552016507,153.5830841064453,1959600
2021-06-25,153.72562527342865,156.20233951885575,153.2088988604371,156.01524353027344,1778500
2021-06-28,156.0419876886366,156.67453614861307,154.89272634985443,155.49853515625,762200
2021-06-29,155.1778076195732,155.8014519195029,152.80801093753368,153.2356414794922,998800
2021-06-30,153.2356294228852,155.3737955585763,153.1465335030111,155.17779541015625,1235400
2021-07-01,155.20456862208627,156.31819989067498,154.51856795427878,154.7501983642578,875400
2021-07-02,155.31144102180681,155.82816745575528,154.70561866699077,155.01744079589844,661100
2021-07-06,155.11545104664293,156.282534278272,154.12654607430846,155.99745178222656,879200
2021-07-07,155.979614818373,158.9017814898878,155.85488868949597,157.30706787109375,1338800
2021-07-08,156.7190699218621,158.13560532102005,155.89943911994436,156.61215209960938,976400
2021-07-09,157.28925948673555,157.87725997088896,156.88835500904176,157.46743774414062,779400
2021-07-12,157.15562364175673,157.57435004486155,156.20236243907772,157.52981567382812,794100
2021-07-13,157.15558849206894,157.77031492909933,156.1577795473978,156.7368621826172,755600
2021-07-14,156.82598168860844,158.58996950809302,156.35380319952483,158.19798278808594,669800
2021-07-15,157.8683136210512,160.05102746561568,157.8683136210512,159.9084930419922,565500
2021-07-16,160.2113948555928,160.87957338486058,159.66794244135662,160.35394287109375,852600
2021-07-19,160.02430031577111,161.48538350239272,158.63449113753674,159.8550262451172,1037800
2021-07-20,160.61231994628906,162.35849937582134,160.1935935931392,160.61231994628906,824400
2021-07-21,160.98651079024202,161.04888065768017,158.50089213031822,158.59889221191406,569200
2021-07-22,158.1177481396126,158.75920055349548,157.36939152145783,157.6099395751953,555200
2021-07-23,157.78818819010422,159.8372724491405,157.50309205932658,159.70362854003906,563100
2021-07-26,159.48976604527599,159.83721834070866,158.44740915897805,158.58103942871094,719200
2021-07-27,158.3939378305896,160.14902114608333,158.24248566556307,159.68576049804688,901600
2021-07-28,159.14235231379527,159.53435265883886,156.26471959637536,157.24472045898438,1075800
2021-07-29,156.13106431504218,159.73031368217224,155.19561156751016,159.04432678222656,1138900
2021-07-30,159.1601181433536,160.1668447976809,158.72358354354049,159.3650360107422,788400
2021-08-02,159.96196580677153,159.96196580677153,158.3227041733345,158.9463348388672,701500
2021-08-03,158.98194277883508,160.52320412076168,158.71466864701276,160.22921752929688,546500
2021-08-04,160.3628792793083,160.43415330139464,158.61669972351652,158.72361755371094,626500
2021-08-05,159.47194798609593,160.2114005493938,158.9552216071362,159.2492218017578,648400
2021-08-06,159.65017256202037,160.16689909098852,158.70581544133532,159.10671997070312,444800
2021-08-09,159.10670587566807,159.71252828821855,158.70580138181583,158.9998016357422,422200
2021-08-10,159.28484405383648,159.80157040698663,158.74139164743085,159.43630981445312,557600
2021-08-11,159.62341566879132,160.2559640751846,158.93741514802397,159.17796325683594,518700
2021-08-12,159.66799222293335,159.68581412895927,158.05545637793477,158.26036071777344,667800
2021-08-13,158.7146620057911,160.12229301996945,158.68793595313988,159.8282928466797,624300
2021-08-16,160.05101131939045,161.45864226588802,160.05101131939045,161.3962860107422,471800
2021-08-17,161.6368538020683,162.777224470045,161.1201409730269,162.260498046875,691800
2021-08-18,161.90414049312025,162.08231875079733,159.7837961167424,159.92633056640625,706700
2021-08-19,159.0765954433203,162.2015293236026,159.02287368738607,161.3956756591797,531400
2021-08-20,161.3956735700617,162.13885639717654,160.3928310383909,161.1986846923828,631300
2021-08-23,161.1718152453016,161.5389321035204,159.99884477593787,160.0525665283203,755300
2021-08-24,160.03467173978822,160.12421711174972,157.6797814795028,157.71559143066406,1053800
2021-08-25,157.40218525732425,157.79616300600742,156.73959873699758,157.23207092285156,549800
2021-08-26,156.8202111019838,157.43803871931453,156.22029529372693,156.79335021972656,518600
2021-08-27,157.29470581449354,157.84984869933973,156.39035794358261,157.25889587402344,570300
2021-08-30,156.93662126498927,158.9244085776415,156.93662126498927,158.0648193359375,597000
2021-08-31,157.93942576079527,159.38101866715806,157.76929776832011,159.11239624023438,1127900
2021-09-01,159.60492485076404,159.873547372676,158.27973771542983,159.57806396484375,526100
2021-09-02,159.64969754820086,160.42869056530742,158.8706908683853,159.57806396484375,545900
2021-09-03,159.53325084597589,159.69442978336824,158.3155075628662,159.37208557128906,462900
2021-09-07,159.31832036785593,159.31832036785593,155.4681160123352,155.55764770507812,687300
2021-09-08,155.54871306223717,158.26177089891655,155.1636843933507,158.15432739257812,744600
2021-09-09,158.10955643606502,158.19908813808928,156.69482438211907,157.052978515625,623500
2021-09-10,156.98136290460758,157.4559232926752,156.05908934337853,156.74855041503906,570600
2021-09-13,157.2052148269223,158.72739045091717,157.01717501834827,157.12461853027344,475800
2021-09-14,157.115666088166,157.5454537893521,155.88897381098457,156.29190063476562,648100
2021-09-15,156.05906096680735,157.84090961300086,155.99639015134548,156.7664337158203,516300
2021-09-16,156.82014690818752,157.8498500737618,155.61135305059895,157.1962127685547,498700
2021-09-17,156.73064804107472,157.77827698176947,156.3993547554652,156.7575225830078,1278400
2021-09-20,156.0859501571485,156.90075281086834,153.91012362306986,155.28903198242188,629000
2021-09-21,155.7546597788933,156.4888935474509,153.66837838282004,153.8116455078125,662100
2021-09-22,154.7249660283334,155.10103200793043,152.8356733952851,154.35784912109375,768700
2021-09-23,154.71596580845187,156.39932006778838,154.3309508497795,154.96669006347656,741200
2021-09-24,155.4233749262096,156.8112462415043,154.98462445566827,155.8352508544922,817200
2021-09-27,155.57555870919748,156.73958001049752,152.7819185162397,153.02366638183594,694900
2021-09-28,152.66555216953793,153.03266909310074,150.24797724308948,151.03591918945312,830500
2021-09-29,151.50150807403747,154.68912632814317,151.47464719705266,153.91908264160156,748700
2021-09-30,154.59063102521463,154.75180994892463,151.53733083584993,151.54627990722656,795200
2021-10-01,152.22681381151304,153.72212884323832,151.07175484950392,152.91627502441406,814500
2021-10-04,153.27441376444528,154.84136221382286,151.97608778178798,153.6146697998047,1120900
2021-10-05,154.61747369783262,157.4290393273677,153.69521393456202,156.22024536132812,1099000
2021-10-06,156.0053592579847,160.21373169902276,155.3964945143734,159.8734893798828,1345000
2021-10-07,160.38383564418396,162.09405070545128,158.87957215299946,159.42576599121094,1367100
2021-10-08,159.51533494026003,160.09735251909825,158.51249237853963,159.1571807861328,639200
2021-10-11,159.09450245457003,160.24062585010475,158.68262652764705,159.56907653808594,849500
2021-10-12,159.85561332018906,161.7449061224071,159.14825398485567,160.72415161132812,1523000
2021-10-13,161.10914819643514,161.71802666898003,158.7363461247002,161.30613708496094,858200
2021-10-14,162.0672264319298,163.16856342687666,161.04647207162918,163.15066528320312,844000
2021-10-15,163.11483585449992,163.1864694147552,160.32119531806586,160.82261657714844,2607600
2021-10-18,160.85838744110632,161.1359725431632,159.75705075302722,160.0346221923828,743300
2021-10-19,160.11524122545552,161.38670605068702,159.71230078181395,160.90318298339844,657800
2021-10-20,161.08227609941528,162.0851322791719,160.93005990755594,161.34194946289062,610500
2021-10-21,162.81935341616975,162.81935341616975,160.8494783180382,161.44044494628906,543100
2021-10-22,161.45834550028584,163.58043664337697,161.26135663793013,163.05215454101562,481900
2021-10-25,162.99840105986047,163.02527559511532,161.27028783303172,161.3777313232422,597300
2021-10-26,161.95975915994967,163.24913577596092,161.36879260049403,162.70294189453125,692400
2021-10-27,163.3387235209533,163.49990248461674,159.92725469031393,160.7331085205078,1025000
2021-10-28,160.0973360846995,162.89097645569208,159.38101418727211,160.6345672607422,1900900
2021-10-29,157.78724793592235,159.6049072168196,156.14866576227809,157.0082550048828,1043800
2021-11-01,157.05298306689113,157.76930501736584,155.7367454109215,156.40829467773438,753300
2021-11-02,156.93657915511213,157.83197811288903,154.65330908024032,157.14251708984375,709700
2021-11-03,157.15148777836336,158.48563732754786,156.5963447202423,158.09165954589844,618400
2021-11-04,157.92152207418263,158.35132344443784,156.16654763177442,157.026123046875,600000
2021-11-05,157.52753102881766,158.53933621639592,156.65004388162887,157.0440216064453,900300
2021-11-08,157.47384313400738,157.47384313400738,155.01149548721315,156.46205139160156,560700
2021-11-09,156.05015101679834,157.7693156158027,155.88002300507765,157.75140380859375,763800
2021-11-10,158.21696047606807,161.1717791598726,157.6886784789812,160.77780151367188,874200
2021-11-11,160.76893435041123,160.76893435041123,158.9244141241203,159.6944580078125,433200
2021-11-12,160.14213609402037,160.2495796150239,158.89753187914073,159.1034698486328,564700
2021-11-15,159.4616066379686,159.8108117058556,158.1453689983858,158.90646362304688,659100
2021-11-16,159.28254152119675,160.3212077312627,159.01391906511685,159.1303253173828,745800
2021-11-17,159.13029675694165,160.94795546697384,158.8795861529857,160.54502868652344,645400
2021-11-18,160.56396955136816,162.4717984659432,160.17700995261242,162.0848388671875,840300
2021-11-19,162.88572491925385,163.26369014695226,160.8968931752501,161.3828582763672,1277700
2021-11-22,160.86992535386113,164.21763366153786,160.11399476353648,163.02073669433594,750500
2021-11-23,163.12872698885369,165.3425255490787,163.12872698885369,163.9746551513672,1283700
2021-11-24,163.97464131751914,164.28061121763793,162.1837932579288,162.85873413085938,708300
2021-11-26,162.3727495438789,163.5786541950227,159.70899090785733,160.11395263671875,609500
2021-11-29,160.68991548416335,161.91380877562742,159.25904417676466,161.22987365722656,1057200
2021-11-30,160.27594212774483,161.37384689104698,158.61108271718027,159.72698974609375,3210300
2021-12-01,160.91491807094783,161.41887177874605,157.5582156208779,157.94517517089844,1263700
2021-12-02,158.55711947514507,160.39295269335176,158.18814848509163,159.007080078125,921500
2021-12-03,160.21297994687174,161.93183283972232,159.9520088248446,161.63485717773438,944500
2021-12-06,163.05670419173535,163.79463234367947,162.22877843827573,162.61573791503906,975300
2021-12-07,162.68775481818457,164.93755783727852,161.88682549265545,163.78565979003906,735100
2021-12-08,163.74068673988435,165.14456184755662,162.50779888563292,164.8835906982422,1010300
2021-12-09,164.82055067396357,166.17944037850836,164.24460169581357,165.13552856445312,701400
2021-12-10,166.1794382156165,168.07827233837776,165.5764927097529,167.8442840576172,659100
2021-12-13,167.56530712153776,170.53504951645044,166.63838948127773,169.77011108398438,731700
2021-12-14,170.04008457727912,170.46304858156898,168.1502585565535,168.90618896484375,770600
2021-12-15,169.13120336374314,171.36300423788856,169.13120336374314,170.77806091308594,796800
2021-12-16,170.77804099903167,173.37881258116195,170.41806429891423,172.90185546875,958700
2021-12-17,172.22692853872073,173.37882660888016,168.52825175246736,168.8432159423828,1694300
2021-12-20,167.9792685823302,169.25715484145334,167.13334058771355,168.9961700439453,568200
2021-12-21,168.95123116341188,170.4540980986865,167.4573584977942,168.58226013183594,599500
2021-12-22,169.1672102024822,170.26511533941553,168.5372680087606,169.9681396484375,549500
2021-12-23,170.33706451320157,171.0300076042809,169.44613768181387,169.59913635253906,292100
2021-12-27,169.80615139810055,170.92204501591866,169.33818847969113,170.87705993652344,282300
2021-12-28,170.90404163953954,172.14592358160854,170.90404163953954,171.8579559326172,401400
2021-12-29,171.89396176168867,173.4148309486141,171.43500684426107,172.62290954589844,413400
2021-12-30,173.31581851664797,173.31581851664797,171.92093792717338,172.1279296875,313800
2021-12-31,171.8399673346961,174.5937242811051,171.8399673346961,174.10777282714844,538000
2022-01-03,173.57678842341235,174.1077385837198,171.821931270186,173.87376403808594,798600
2022-01-04,174.02677821270845,176.54654676344643,173.76579335671212,175.35865783691406,721600
2022-01-05,176.11458450109052,178.3373910697404,176.10559023207594,177.28448486328125,963400
2022-01-06,177.80642213024245,178.76033635037444,176.5105334796077,176.8975067138672,710600
2022-01-07,176.78953254115527,177.46447350051199,175.77263083328663,176.2495880126953,998300
2022-01-10,176.57354264889491,177.90542216459104,174.08075710888792,175.16065979003906,846200
2022-01-11,174.73769801364386,174.94467604507065,172.66787650425275,174.61170959472656,725900
2022-01-12,174.58473341919517,176.60955635833534,173.75680746521857,176.24058532714844,784700
2022-01-13,176.24058443998135,177.55447558249494,175.70963416755646,177.05052185058594,708500
2022-01-14,177.01451564779086,179.9032690412689,175.87161176040823,179.56129455566406,765900
2022-01-18,178.30137912004656,179.13829918554305,175.80859372774654,178.4723663330078,1424300
2022-01-19,179.21931196312215,181.28013932133888,178.95834084181917,179.6602783203125,1389400
2022-01-20,179.66024501946947,180.4251834350803,178.49935286074054,179.22828674316406,884500
2022-01-21,180.91116470185324,182.58501874755856,179.93924812063324,180.29922485351562,1011400
2022-01-24,180.09224347386242,181.78409988675736,176.3035825471678,179.91226196289062,1879100
2022-01-25,178.58037349557142,179.04833638638416,174.83669783248635,175.2776641845703,1552400
2022-01-26,175.01667011175806,176.29455656051022,173.612795245008,174.7017059326172,1251600
2022-01-27,176.08757913656137,177.9324203385065,173.00985028770083,174.9176788330078,1182000
2022-01-28,174.15274811903356,177.29346420422584,171.88494293284265,177.13148498535156,889300
2022-01-31,176.15059148576296,177.85144210930056,175.4846448133127,177.3474884033203,825000
2022-02-01,177.55445390741824,178.10340638374308,174.96267648061135,176.14157104492188,879000
2022-02-02,176.66351360127697,179.39027350762558,176.3665379826431,178.6703338623047,1406200
2022-02-03,179.08433653711538,185.5277762629052,179.08433653711538,183.51194763183594,1635000
2022-02-04,183.27794268786167,184.78980361200612,181.14512024827,182.4860076904297,1251400
2022-02-07,184.5558668865615,185.23080787997412,181.21715273052797,184.222900390625,1291300
2022-02-08,184.8978036325661,186.47266562898184,183.6559080641035,186.28367614746094,1166500
2022-02-09,186.29269422727975,187.0216419791425,182.82800563133475,183.2599639892578,1422900
2022-02-10,182.33303197905855,183.81789644274073,181.79307377497,183.0619659423828,1117500
2022-02-11,183.66491213222375,185.38376489849435,182.93597816634656,184.6548309326172,872400
2022-02-14,184.89784273667132,185.31179885923532,180.7941899320657,182.99900817871094,1051900
2022-02-15,183.21497096796978,185.27579839869446,182.04507055208302,182.57603454589844,788200
2022-02-16,182.34199150521945,183.5748926322474,180.34416575513538,182.36898803710938,756100
2022-02-17,181.9269786219639,183.8252583393834,179.63097684874256,182.62301635742188,1258100
2022-02-18,182.18913502313902,183.8162300073775,181.4298286281716,183.1292266845703,1107000
2022-02-22,182.73148475509228,183.49983935334095,181.48405680278896,182.62301635742188,1126100
2022-02-23,183.1563615133253,183.76199980076896,181.71006544858963,183.11117553710938,920200
2022-02-24,181.7552587182449,182.8942183802111,174.54180614669468,177.9044647216797,1331600
2022-02-25,179.44115045160254,184.9371081036226,178.99822861492254,184.69305419921875,1080000
2022-02-28,182.24340744726686,183.64451769403456,181.05924784157781,182.83096313476562,1293400
2022-03-01,182.77672883202465,186.32922144036297,182.39707555510142,185.18121337890625,1403600
2022-03-02,184.01512604380463,188.86928084456594,183.63545899530106,188.04669189453125,1289500
2022-03-03,188.80596004264984,190.1980354895551,187.93818529019163,188.14608764648438,939800
2022-03-04,186.23880960082474,192.7019769057028,185.90435612030547,192.37657165527344,1477500
2022-03-07,190.79468213577098,195.5765201634625,190.79468213577098,192.88278198242188,1672600
2022-03-08,192.1867174086186,193.11777466725965,184.4037921020039,184.41282653808594,1047400
2022-03-09,186.30210332509606,187.27834672159014,182.93944426995353,185.1992950439453,1109900
2022-03-10,184.53035543685505,186.3020843319756,183.46371260092957,185.43429565429688,907700
2022-03-11,185.68736873123126,188.16416950462192,184.95517947665684,185.02749633789062,815400
2022-03-14,186.05802851021858,187.70319263879898,184.79250384904583,186.85350036621094,947100
2022-03-15,187.79359574791155,188.79697002420662,185.20832595990123,188.7608184814453,931800
2022-03-16,188.92349605048085,189.4387485694559,183.21058753968634,185.94049072265625,1256400
2022-03-17,186.6365497346583,188.37211340797745,185.24447398667166,186.85350036621094,1077700
2022-03-18,187.10660006846373,187.169868714518,184.55748190526737,186.87156677246094,1932000
2022-03-21,187.41389826624936,189.5110320775115,186.56419238495926,188.34495544433594,663000
2022-03-22,188.33594073409472,188.67039418464037,186.717880098846,188.29074096679688,700200
2022-03-23,188.82408449340906,190.0986435982398,186.71790198633656,187.80262756347656,652200
2022-03-24,188.97773692229327,191.0568021509903,188.10996205018003,190.94833374023438,727700
2022-03-25,191.45456002380362,194.20253249163048,191.38224314398784,193.77767944335938,793700
2022-03-28,193.59688950207416,194.27484471694052,191.96979422778807,194.03077697753906,538400
2022-03-29,194.030771734529,194.50082453285103,191.85228618566373,194.1121368408203,895700
2022-03-30,193.9403721663993,195.90192074015593,192.79236425332286,195.83863830566406,602400
2022-03-31,195.8296215955057,197.50191662976312,195.51323698047298,195.82058715820312,1075300
2022-04-01,196.00135865718477,197.8815559613097,195.30532082893362,197.7550048828125,1131300
2022-04-04,197.34824082882804,197.41150947357488,193.5426463299904,195.7211456298828,1046700
2022-04-05,195.6217305422048,200.2227835213744,195.6217305422048,197.4296112060547,923000
2022-04-06,197.95386059278164,200.5029646714618,197.5199593850228,200.44873046875,1203300
2022-04-07,200.6295249397157,201.98543524179945,200.14140329990002,201.3165283203125,1101500
2022-04-08,201.70523568191408,203.16058009998014,199.65328736234747,202.22952270507812,1073300
2022-04-11,203.32326700195097,204.69725999798132,201.29844973730954,202.41932678222656,746600
2022-04-12,202.51878199626427,205.80912418939795,201.1538370868306,204.30859375,1258500
2022-04-13,204.0373787103074,205.63735669234654,201.62386008277446,203.91082763671875,873900
2022-04-14,204.57071710073643,206.5141969266931,203.395592009489,204.2724151611328,850600
2022-04-18,203.83850189305264,205.39328003975928,202.3018064112236,202.85321044921875,658400
2022-04-19,202.6272265259525,205.54694933675538,202.50067545717866,205.17633056640625,880200
2022-04-20,205.13110823030377,208.81015084198384,205.13110823030377,207.616943359375,890100
2022-04-21,207.40908861946025,209.35256844229653,206.16166044761513,206.81248474121094,861200
2022-04-22,206.80344346710316,207.72546635818455,202.44645875719164,202.60916137695312,1163000
2022-04-25,202.6091475530127,204.02834022936744,199.83405842539153,203.3684539794922,1308100
2022-04-26,203.12445422246503,204.4984337053609,198.84880618117614,198.98440551757812,1187100
2022-04-27,200.06006971146323,202.91651051814353,198.3516093382075,200.89169311523438,1386900
2022-04-28,206.3243594745349,206.63169584535186,201.34365372500093,206.08029174804688,1376300
2022-04-29,205.34812202205998,207.19216800958125,203.8746948782018,204.08261108398438,1366000
2022-05-02,204.9503565317094,206.09836444130443,195.03413149001628,196.6341094970703,1635000
2022-05-03,197.11320134273313,200.4939427168996,197.11320134273313,198.9301300048828,1466400
2022-05-04,199.00241269915253,203.82041521324535,199.00241269915253,203.68482971191406,1287000
2022-05-05,202.9345401415092,205.35709284192023,201.30744530159032,202.3379364013672,1419600
2022-05-06,201.59675554434685,205.08596541134784,201.59675554434685,204.335693359375,1445900
2022-05-09,203.16055522646005,205.01363535198197,200.954938982856,201.7594451904297,1269100
2022-05-10,202.23855092305632,204.17298253170742,200.5391526100295,201.71426391601562,1426900
2022-05-11,200.88259853751356,205.5017328617307,200.79221280604256,203.05206298828125,1003600
2022-05-12,202.4826171309033,204.14586388986478,199.77983080281564,201.15382385253906,1397900
2022-05-13,201.90410174617702,204.52552304425672,200.07813851623348,204.2091522216797,1842100
2022-05-16,205.32096821234344,207.58081862138704,203.9108237639854,207.29156494140625,1061800
2022-05-17,206.84864557862434,207.002313763372,200.9007171786438,203.75717163085938,1247100
2022-05-18,203.13345044344072,203.4679039161768,187.24217947803658,187.73934936523438,1749200
2022-05-19,185.6248859011667,187.74023109057248,182.864926883463,186.2240753173828,1635400
2022-05-20,187.4497066006404,188.53008441425413,184.1904255609913,187.9127197265625,1320100
2022-05-23,190.25508829637508,191.38993685116174,188.43933060871638,189.97364807128906,976300
2022-05-24,190.94506163440127,194.08631429053085,190.42756410746733,193.78671264648438,859700
2022-05-25,193.7867235871629,194.0681637935756,191.0086167258712,191.9528045654297,1174300
2022-05-26,192.125312839352,193.69595318352057,190.00087971000042,190.23692321777344,1161100
2022-05-27,190.29138369030144,193.0240936279297,190.10072306529028,193.0240936279297,917000
2022-05-31,192.57017723707318,193.41449789092752,189.08392588989733,192.20703125,1493100
2022-06-01,192.47032114987917,192.74268758251014,188.65723265244196,190.3731231689453,1035300
2022-06-02,190.62732545623322,190.71811888354023,185.66122698081847,189.9554901123047,1005000
2022-06-03,189.15655274589878,190.6000767072303,188.1941895852134,189.9100799560547,722900
2022-06-06,190.70900477348385,192.4521302815394,190.23690395261565,191.9346466064453,753200
2022-06-07,189.88285315466814,192.34321089750458,189.88285315466814,192.26150512695312,825500
2022-06-08,191.46259092305658,192.57927815099765,190.4366832780988,191.15391540527344,597100
2022-06-09,191.52611826004585,193.1512152210521,190.0735066348748,190.15521240234375,769800
2022-06-10,188.5210032681508,194.81260975446122,187.74022704546755,193.6959228515625,1447500
2022-06-13,191.69859944104817,193.36001927589658,190.1098115711972,190.70901489257812,1468500
2022-06-14,192.0436001025945,192.41583373272317,186.19685845529014,187.74024963378906,1185600
2022-06-15,188.54824125760385,190.85426090713244,185.9244723758106,187.1955108642578,955900
2022-06-16,185.2072775961273,187.37710740207436,183.05560924529198,183.6275634765625,1022000
2022-06-17,184.19950863247612,187.4678774891785,183.80003978853145,187.0502471923828,2002100
2022-06-21,188.86598830219162,195.99284101390862,188.86598830219162,195.25746154785156,1187100
2022-06-22,194.2588439687063,196.85537810502024,192.43401241730274,195.10316467285156,991800
2022-06-23,196.12905127554794,198.9343933744226,195.2211724976754,198.01744079589844,804300
2022-06-24,197.9175467436788,200.64118270804136,197.20940250119483,200.60487365722656,1154300
2022-06-27,200.55038930131104,202.13917694718918,199.2975261778319,200.60487365722656,1050200
2022-06-28,200.7955559020387,201.9939625876453,197.69061201632795,198.29888916015625,1058900
2022-06-29,198.86172818018056,200.12367891642717,198.0446429578819,198.74371337890625,1699900
2022-06-30,197.91757530782456,198.80729263904732,194.48579460569167,195.33920288085938,2047000
2022-07-01,195.54800446484262,200.78646875952046,194.92156590745736,200.64120483398438,1107500
2022-07-05,199.91488169824123,200.88631853112966,195.62061943934384,198.22622680664062,822200
2022-07-06,198.81635207077443,201.3765626797228,198.68924961292777,200.31434631347656,1279400
2022-07-07,200.17820832761797,200.7683240262008,197.86311453917565,199.66978454589844,963100
2022-07-08,200.57766012891378,201.41292083022086,198.9525631439794,199.5426788330078,670600
2022-07-11,199.48821578374398,201.83054487855762,199.48821578374398,200.18728637695312,582500
2022-07-12,200.1872595733944,202.0211784832833,198.8980734416919,199.85134887695312,769900
2022-07-13,199.25217488168428,201.34029903418016,199.08874948295278,199.5336151123047,886700
2022-07-14,195.8385376524338,198.062837891936,195.59340650305325,197.79954528808594,596400
2022-07-15,199.0070285609178,199.0070285609178,196.11998065004516,196.828125,703000
2022-07-18,196.2379976560975,196.96430346886055,194.6219744955935,195.2484130859375,973000
2022-07-19,196.27429211231004,196.82809865577997,195.4299577445999,196.20166015625,643800
2022-07-20,196.32879055289837,197.0187734539571,194.36776901961855,195.5389404296875,707800
2022-07-21,195.6115531758537,196.93704833621806,194.9124826894773,196.0200958251953,720300
2022-07-22,196.61023194499666,196.84628930048154,195.0577669450102,196.02919006347656,837300
2022-07-25,196.51942243367975,197.83584373073637,195.8294257804781,196.882568359375,910200
2022-07-26,196.08365815639988,198.1717821543672,195.29380803819018,197.92665100097656,1116000
2022-07-27,197.85400689874743,198.39873968328382,194.6764313129223,198.12637329101562,1116000
2022-07-28,199.88767667552597,203.90958702234772,199.34295769938757,203.6099853515625,1227800
2022-07-29,204.20009324520106,210.22840778171388,204.10022602541767,206.96005249023438,1532700
2022-08-01,206.57871245586549,209.6836697878924,206.39713948723565,208.61236572265625,873400
2022-08-02,209.57472917568316,210.5915628047899,207.7135749511241,208.04949951171875,1282000
2022-08-03,207.15978667590687,207.54110797875265,205.02627971775908,207.10531616210938,931800
2022-08-04,206.78753255735768,207.32317765830055,204.31810141878958,204.4906005859375,648600
2022-08-05,204.44522886135255,206.28822171415294,202.41157536547954,206.1883544921875,670100
2022-08-08,206.42437174786266,206.98726595152465,204.81743645299437,205.4892578125,523700
2022-08-09,206.1247950634589,207.8406854280713,205.81611959859615,207.2596435546875,562100
2022-08-10,207.9042421062923,208.0313445822757,204.4270646916585,205.59823608398438,629900
2022-08-11,206.0885188010134,206.76942800410046,204.19105514649613,204.43617248535156,767100
2022-08-12,204.8719127017625,205.45295452112526,203.26496350870863,204.9626922607422,690700
2022-08-15,204.32719465685196,209.47486564297847,204.32719465685196,209.10264587402344,1131200
2022-08-16,208.36725039375875,210.57340299660913,208.36725039375875,209.46578979492188,603900
2022-08-17,209.44764399740413,210.2102588923541,208.9029250094963,209.24790954589844,445400
2022-08-18,209.38105322208477,210.85846723908523,208.86123292986153,210.34774780273438,568500
2022-08-19,210.904048291025,213.6582260219225,210.2200647228528,212.65504455566406,916800
2022-08-22,211.99843756130684,213.04720682147388,210.05591973410046,211.0499725341797,607700
2022-08-23,210.75811953373298,212.32672279334838,210.2565288549583,212.089599609375,1010800
2022-08-24,212.7918464331188,213.91357557173762,211.87986835587523,212.8374481201172,741300
2022-08-25,213.04719312122387,213.111024348661,210.9131678209412,212.81919860839844,543100
2022-08-26,212.28113834235822,212.70064045998262,208.24106827338358,208.54202270507812,512400
2022-08-29,207.1558044642474,208.9615309874353,205.66016104794903,207.83067321777344,757700
2022-08-30,207.1284582069974,208.19547089653895,205.8608092255064,206.29856872558594,549400
2022-08-31,205.81521213946962,208.66059329087494,204.87587580419716,204.8941192626953,850500
2022-09-01,204.24662648749626,207.55709761030988,202.6050630834621,207.5297393798828,877100
2022-09-02,208.2866710632718,209.50871833855572,203.73589547968166,204.3286895751953,720500
2022-09-06,206.12529980798078,206.90047286519433,202.76921307021286,203.14312744140625,994400
2022-09-07,203.05191377212518,208.51466747629993,203.05191377212518,208.15899658203125,858500
2022-09-08,206.23472136939634,207.14669944459763,203.52614537279396,205.6328125,748500
2022-09-09,205.89729165658252,208.01307353148678,204.81203553259104,206.3350372314453,714000
2022-09-12,206.76371007780364,207.87632465672854,205.8973335229185,207.18321228027344,650600
2022-09-13,205.45954969024686,206.80015867355925,202.55035110358008,203.27992248535156,958500
2022-09-14,202.69624394993588,203.5808638047129,201.455953199009,202.23114013671875,735100
2022-09-15,202.09433120309473,202.09433120309473,198.51936518249335,200.28860473632812,1127100
2022-09-16,199.46785361269053,201.23709337508524,199.44961015407407,200.5348663330078,1306200
2022-09-19,200.07886842728678,203.5443878800017,199.39488487408045,203.25254821777344,673900
2022-09-20,201.9757934948204,203.4349640396929,201.01821369447794,202.8877716064453,850100
2022-09-21,203.5443893444604,206.69982569984026,203.5443893444604,203.74502563476562,755200
2022-09-22,203.6629624230181,206.9096023353538,203.19784467124828,205.6693115234375,760500
2022-09-23,204.51110456079297,205.2680481115465,202.057881057724,204.2283935546875,723700
2022-09-26,203.55350952719766,206.84575103113812,202.58681496585297,204.08245849609375,955700
2022-09-27,205.03091960209477,206.5174344169148,200.81757138975507,201.93930053710938,789800
2022-09-28,203.08838925587753,207.51147434170412,201.04555346377364,206.38063049316406,839600
2022-09-29,206.09794233638613,206.9643187756065,202.82393027808814,204.1007080078125,846300
2022-09-30,204.40165543225345,204.89411748197125,200.74461435548278,201.06381225585938,1252800
2022-10-03,202.52296115171876,205.44128796875847,200.88139796848395,204.7937774658203,1183200
2022-10-04,205.4869073305222,208.13163819194318,204.57492925200722,205.80609130859375,949800
2022-10-05,205.4959945873466,206.71804170917056,202.3861464162315,205.27711486816406,835600
2022-10-06,205.0400265327531,206.54478474811023,200.41629114240152,201.2279510498047,755500
2022-10-07,201.26444011776536,202.05785657627678,199.8782295713466,201.10940551757812,947300
2022-10-10,202.02135135358503,204.50193239227977,201.7386404268265,203.87266540527344,594500
2022-10-11,203.8362401622565,206.78193973416433,203.66297599539382,205.61460876464844,839400
2022-10-12,206.04319743989092,207.37469153700533,204.7208320294576,204.7664337158203,943700
2022-10-13,202.6689165864964,208.58766026299182,201.5836602746942,207.74864196777344,807700
2022-10-14,208.222825602836,208.222825602836,202.24936686337693,203.10662841796875,854500
2022-10-17,204.4290010525674,206.0796790806096,204.2557229982327,205.8516845703125,754800
2022-10-18,207.557080034406,208.36873993826916,205.74225262990686,207.30172729492188,1013900
2022-10-19,207.45679173489862,208.35054036733703,204.33782804053308,206.34417724609375,913300
2022-10-20,206.87310768581457,207.11934566780275,204.14630208838355,204.9579620361328,626100
2022-10-21,204.86676941141232,208.34140390845297,203.8453583446469,208.13165283203125,705200
2022-10-24,209.75496672056624,212.4452993801502,209.65464857115956,211.54244995117188,653200
2022-10-25,212.481788025776,213.71295014321862,211.5242082128661,213.51231384277344,1069800
2022-10-26,214.32396995254197,215.22683328826946,211.38739933425256,212.29937744140625,875900
2022-10-27,213.01985561691146,215.5369102737348,212.49090662581514,213.79502868652344,972100
2022-10-28,214.18717819516377,219.3672071495755,213.95006889762178,218.83827209472656,862900
2022-10-31,218.89299389877525,220.19711594061872,217.3791068684693,217.75302124023438,958500
2022-11-01,217.3973450673063,219.33984896779594,216.08409436993318,216.8319091796875,847100
2022-11-02,217.0051754700359,218.60113706677075,214.2601265332971,214.4151611328125,1155700
2022-11-03,213.7220440962105,214.47897356997663,211.2414628899268,211.6609649658203,1412800
2022-11-04,213.76767969879867,214.0139177036436,204.76645952056177,208.870361328125,1833700
2022-11-07,209.63638212270848,211.82513771091132,207.5297151318774,209.11656188964844,904900
2022-11-08,209.13481234409196,212.8283123005998,209.0618524304759,210.73077392578125,959700
2022-11-09,210.33860015052034,212.34494891766073,209.62725844140402,210.41156005859375,808500
2022-11-10,213.98652390594887,214.02299690416484,201.8116116674325,206.38063049316406,1828300
2022-11-11,205.25888477513328,206.2985390860095,192.8742224906059,199.61373901367188,2677700
2022-11-14,200.87228683086195,203.30726663384937,198.91153952572296,198.920654296875,1371600
2022-11-15,199.73233644317128,200.3068871503118,196.4400946526064,198.18197631835938,1249700
2022-11-16,199.52259419520266,205.62373072381263,199.52259419520266,203.5079345703125,1214800
2022-11-17,202.7987540523528,205.34587747349812,202.27650916845747,203.0552978515625,889500
2022-11-18,203.65083513200918,206.90346064294158,203.65083513200918,206.3445587158203,1219900
2022-11-21,207.1691862974589,213.06055044298284,206.34458321619735,212.68490600585938,1373300
2022-11-22,213.72940020566494,215.15871960556134,211.91525113909978,212.7398681640625,858800
2022-11-23,213.2163000815992,213.7019017983676,211.31969361828362,212.72152709960938,859700
2022-11-25,213.6836009198792,214.334117727826,212.51082522782195,214.17835998535156,281800
2022-11-28,214.25162266757462,215.07623960630556,212.6482171529488,213.1429901123047,706300
2022-11-29,212.57491310384242,213.10632917106227,209.39558796515982,211.1822509765625,755400
2022-11-30,210.92572821686682,215.49771593801222,209.34980840699674,215.47023010253906,1638800
2022-12-01,215.86420908451547,215.9283380380586,211.64953737995253,212.45582580566406,913800
2022-12-02,212.1534673434681,215.21367807401856,211.98853835635902,215.06707763671875,741300
2022-12-05,212.70318384793768,213.9217736882418,212.19009633214358,213.71104431152344,539700
2022-12-06,213.76601593888566,215.31444975058153,211.20056437978278,213.07884216308594,709900
2022-12-07,214.74640662942306,217.07362917271382,214.58147764099215,216.86289978027344,1018600
2022-12-08,217.65085980752193,222.14956115455306,217.28435871108888,221.09588623046875,1334300
2022-12-09,220.97679008049292,222.31449472815848,216.82626093331257,216.93621826171875,1013900
2022-12-12,217.366822789475,219.24508666992188,216.08408996654592,219.24508666992188,894300
2022-12-13,219.27258849480108,219.37336056564993,215.58933295575002,216.53305053710938,1357600
2022-12-14,216.93619799128868,219.28174906282237,215.5343645152457,216.23985290527344,681900
2022-12-15,215.1953344829359,215.95580847011396,213.03302711595552,214.5264892578125,790800
2022-12-16,213.49116210786804,216.49640122899052,212.94143142800658,215.31446838378906,1569000
2022-12-19,215.31447013791504,217.83410755442256,214.14169456795128,215.21368408203125,698300
2022-12-20,214.82887723235828,215.55269422300717,212.675726850309,214.0775604248047,653700
2022-12-21,215.07625589561238,217.0278201058501,214.33409640036936,215.296142578125,430800
2022-12-22,215.1953945306,216.13911232463423,213.24382997566775,215.2503662109375,432100
2022-12-23,215.19537019908051,216.20323082661272,214.23333794076805,216.1207733154297,354000
2022-12-27,216.57889651337138,217.24774187196363,215.67182191813245,215.98333740234375,497300
2022-12-28,216.61554103383457,216.67051271015703,213.25297168641762,213.3629150390625,416800
2022-12-29,214.12334578095894,214.36157497085355,212.40999697344947,213.71104431152344,570300
2022-12-30,213.54616172526713,213.8668344810129,210.5775655297408,212.17181396484375,441400
2023-01-03,211.13643819301134,211.19140985890076,206.02386355650077,207.9204559326172,1160800
2023-01-04,207.83801788859432,207.83801788859432,202.9178576027283,204.56707763671875,1394300
2023-01-05,204.7961190493362,205.55659305861835,203.26601374653472,204.39297485351562,939300
2023-01-06,204.3013738219248,207.70060013394692,204.3013738219248,206.74771118164062,945800
2023-01-09,206.17047443079133,208.8366982256065,205.3275428897482,206.5094757080078,884000
2023-01-10,207.04089482880914,208.57100021179406,205.6573898848208,205.95057678222656,750700
2023-01-11,206.53698864987712,207.67312121374783,205.1351549923454,207.60897827148438,1054000
2023-01-12,207.66392599715383,207.80136915161438,204.93355922503673,205.41000366210938,794600
2023-01-13,205.6848818755755,207.70058904005148,205.14429448816963,207.62728881835938,622200
2023-01-17,208.89167151863592,211.48460892223426,206.88512184719008,207.2149658203125,1114500
2023-01-18,207.13254676086768,207.22416156004482,198.57493042027207,198.61158752441406,1092100
2023-01-19,198.2450644131648,199.64689790856005,197.17307491554422,198.01600646972656,1226200
2023-01-20,198.22675469277956,198.57491326852303,195.20318696931375,196.550048828125,1298300
2023-01-23,196.9165105528077,201.36023978322288,196.68745263331385,198.85891723632812,1219500
2023-01-24,198.19927299488057,202.1024154950174,197.18225512068173,201.83670043945312,1131600
2023-01-25,201.28696896867476,202.54220207703665,199.5369628528179,202.4780731201172,906200
2023-01-26,202.00161191008203,202.2306698440318,199.17961648615028,201.58013916015625,823400
2023-01-27,201.57099267576712,201.6076357957042,199.52779971002727,200.4348602294922,806500
2023-01-30,201.80005072817494,204.89691863652018,201.80005072817494,204.4937744140625,998600
2023-01-31,205.24508764272892,205.78567504882812,203.4492810812309,205.78567504882812,1378300
2023-02-01,203.70583789621097,207.3432796200087,203.70583789621097,206.4270477294922,1477700
2023-02-02,207.56315443834717,215.68096908261387,207.0225810092442,214.78306579589844,2072500
2023-02-03,215.46106853351583,216.67965847741772,211.51211180239684,216.48724365234375,1504000
2023-02-06,217.1469285699876,221.96630262675737,216.69796997157835,220.3812255859375,2165600
2023-02-07,218.191428767344,218.530430041649,215.85503500464077,217.24771118164062,1630400
2023-02-08,217.2385700575012,217.256884627873,213.9309726289415,215.16787719726562,1002600
2023-02-09,215.15870214987206,216.28566328057795,213.73854015036537,215.45188903808594,1050400
2023-02-10,216.17573381061442,219.6024318058445,215.424417021563,219.07102966308594,922400
2023-02-13,219.25428465738594,220.29878840790684,218.7686828949869,219.8131866455078,931400
2023-02-14,220.353732718894,221.61813698957192,218.75948446371697,218.88775634765625,757500
2023-02-15,218.79618105002714,218.84199544125678,216.4506296171978,217.5775909423828,932100
2023-02-16,216.46958559375523,217.56468120241706,214.6198951382724,216.46038818359375,954400
2023-02-17,216.99413563318222,221.50333803527937,216.18431418946935,221.494140625,1404800
2023-02-21,222.0738938194708,223.5186735337662,219.34995798021356,221.6873779296875,1646800
2023-02-22,222.23032238329446,224.88983408746424,220.095343858863,220.73031616210938,940700
2023-02-23,220.73032083951114,222.56161638633327,219.5432090609555,221.2916717529297,766100
2023-02-24,220.84994606977853,220.85914347902553,218.75178533007548,219.95730590820312,749600
2023-02-27,220.73952729932452,221.62297013309657,219.49720292783414,220.14137268066406,711600
2023-02-28,219.53400630467988,221.7978189093016,218.86223028065226,219.3131561279297,1194700
2023-03-01,217.47266767050618,218.74259833906046,215.3468863816622,217.77633666992188,743900
2023-03-02,218.0616061674548,220.07693410886685,217.41742241544142,219.38674926757812,704000
2023-03-03,219.4787795298219,219.78246254501053,217.4634375465633,219.38674926757812,881000
2023-03-06,219.0186656180331,221.69658628617927,218.17204052839682,220.7487335205078,925000
2023-03-07,220.85917575269326,221.84384631801117,219.10150144228453,219.3407745361328,670600
2023-03-08,220.24257831529624,221.14441587899432,218.96343634775903,219.9204864501953,668300
2023-03-09,221.18123934568436,221.98184926188028,218.55853135271323,219.58920288085938,774900
2023-03-10,219.69966549149845,221.6413862656247,217.7763395381654,218.7794189453125,789100
2023-03-13,218.50332159803867,223.38063064192906,217.7211064906976,221.38369750976562,1511400
2023-03-14,222.38676556597719,222.8468888015063,220.4910600822927,222.69964599609375,846000
2023-03-15,222.58923103659245,225.84689751388876,222.26713914033422,224.92665100097656,1271500
2023-03-16,225.0002801700514,225.64444994294578,223.11377194512312,225.4604034423828,1021100
2023-03-17,226.84993248399252,227.4849047396203,223.16894692496356,223.75790405273438,2097400
2023-03-20,224.34690917623806,225.29477607896814,222.9205382004396,225.03709411621094,1586500
2023-03-21,224.70578909871048,225.41438285267316,222.32235397574675,223.7947540283203,1047500
2023-03-22,223.76716289126944,225.68127747234388,222.8929314442305,223.3806610107422,823700
2023-03-23,223.83157409089765,225.88373409615025,223.37145079602732,224.52175903320312,856300
2023-03-24,225.85609409510818,228.52481739786833,224.9266501755428,228.09230041503906,1587300
2023-03-27,228.9849438025768,231.10151361199271,228.84689839913912,230.8898468017578,1232700
2023-03-28,231.29474914494187,233.71500190408614,231.29474914494187,232.73033142089844,977800
2023-03-29,233.6781848862574,234.5248240154069,231.82849449309273,232.4542694091797,984300
2023-03-30,231.61686256325854,233.42053798569285,231.32237691935592,233.08924865722656,641200
2023-03-31,233.8898724387075,234.70889132726614,233.12606609785084,234.11993408203125,764800
2023-04-03,233.74263687488423,237.21195645380158,232.63834376101045,236.65061950683594,817900
2023-04-04,236.35610854137846,237.90211592686094,236.1352583673651,237.48802185058594,1001200
2023-04-05,238.5831062993104,240.20272097262983,238.0769538958973,238.73953247070312,1323400
2023-04-06,239.1996827620161,240.34080759886967,237.42361363268049,239.14447021484375,986200
2023-04-10,238.52792223891345,238.89601525026893,236.8898844672394,238.11380004882812,538300
2023-04-11,238.24262514713413,239.48493543057648,238.11377715951244,238.47268676757812,612000
2023-04-12,236.79784178207106,239.18127690401715,236.31011224875692,237.9849395751953,818400
2023-04-13,237.36835618885667,238.1597546044369,235.8867448967784,237.42356872558594,738500
2023-04-14,236.49415699607235,236.963491733473,235.37146909936953,235.84078979492188,806100
2023-04-17,236.65058827713742,238.48186978640888,236.18125358533663,238.37144470214844,787500
2023-04-18,238.2058264361221,239.2641043578889,237.39600497413477,238.89601135253906,659700
2023-04-19,239.81624931900416,240.02788804556025,236.65981048772198,236.7794189453125,835700
2023-04-20,237.57085331185482,239.7702279683303,237.36839794700094,239.65061950683594,753700
2023-04-21,241.2150133953961,241.69355955949266,239.16288162879616,240.0463104248047,873000
2023-04-24,240.51561669729136,241.39907357568757,239.26409491177262,240.18434143066406,735100
2023-04-25,240.5340543306438,242.98191359083623,240.19356759119506,242.00645446777344,1013800
2023-04-26,242.0064249785035,242.3560950441825,240.16593205228574,240.87451171875,1237200
2023-04-27,243.19355865859347,251.61383750816708,242.67822280974121,251.53099060058594,1818500
2023-04-28,249.84691896066332,251.41134920789085,248.1904865325232,251.28250122070312,1129900
2023-05-01,252.25803555260433,254.7979255788132,251.6046682211166,254.31019592285156,1179800
2023-05-02,254.4481373595919,254.4481373595919,250.65672656936053,252.423583984375,1443100
2023-05-03,253.77634142487042,254.64137529372516,251.63217965442726,252.34075927734375,1104600
2023-05-04,252.74567933917632,253.06777121018237,251.05242925821312,252.7364959716797,887200
2023-05-05,251.65060347574217,253.60152158909077,251.30090530755803,253.3714599609375,727900
2023-05-08,251.76099889270827,253.74873449573244,250.30702193096297,252.85609436035156,589500
2023-05-09,253.66593935931243,253.88681761383103,251.77944528823392,252.2211456298828,903000
2023-05-10,251.67819007807478,252.4604051694015,250.5002757573367,252.25794982910156,776500
2023-05-11,252.7917033120229,253.1137670927121,250.5094820757387,252.8653106689453,652700
2023-05-12,253.17821539300536,253.63833864810567,251.42054118847878,252.6812744140625,644400
2023-05-15,252.68125767929274,252.68125767929274,248.56775492778038,248.8898468017578,677900
2023-05-16,248.41134751154038,248.94507813557556,245.34691087731423,247.7579803466797,906300
2023-05-17,248.12609963465098,248.12609963465098,243.74571675448635,246.1659698486328,1167300
2023-05-18,245.37696109736424,246.6610904190197,244.12057357013467,246.51327514648438,1010700
2023-05-19,246.71653693500474,246.89206582282574,244.28687430210783,245.7742462158203,1261100
2023-05-22,245.73727741601743,246.62414089915106,240.19433130888925,242.85494995117188,1274800
2023-05-23,242.5131334821957,243.0396919228205,239.48299081260663,242.42999267578125,1369600
2023-05-24,242.55933710359434,243.7972584414305,240.90568350021508,242.4761962890625,940300
2023-05-25,242.8549096154696,243.31682171434477,239.10418562803338,240.54534912109375,1673800
2023-05-26,240.28673455966572,241.55236948987275,236.99792191713763,238.08802795410156,1142300
2023-05-30,236.22189018955908,238.41136354686762,235.58444911451133,236.84085083007812,1414200
2023-05-31,238.0233640301011,240.1666435215296,236.6561218868226,239.91722106933594,1779200
2023-06-01,240.54540372452192,241.37684005265652,238.79936206184402,239.8802490234375,1139000
2023-06-02,238.22653970886532,241.70937495364197,238.22653970886532,241.03497314453125,991900
2023-06-05,240.9519106935548,241.97734234676528,237.70927770593642,239.7139892578125,1100800
2023-06-06,240.6839693104347,241.2936967963296,234.70682432698362,235.84312438964844,955000
2023-06-07,233.7275457002847,236.4435913721532,232.45266366742237,233.9123077392578,1268700
2023-06-08,233.93082017756504,235.74150814224845,232.8037532602564,235.6860809326172,794500
2023-06-09,234.54977525804242,237.36744248418722,234.16177070342533,236.332763671875,691100
2023-06-12,236.6930230866146,236.99790090274402,233.81069569528776,235.750732421875,913900
2023-06-13,234.8638451532712,238.18960413733376,234.01392849857388,238.0972442626953,1179000
2023-06-14,238.0695874857867,241.339905952056,236.88709324079343,240.7394256591797,871400
2023-06-15,241.33985780342493,241.82948356828865,239.72316523358873,240.98880004882812,943700
2023-06-16,242.0419451655121,243.23368630098165,240.44371911860915,240.8594512939453,1577100
2023-06-20,241.45072197696837,242.31911913360412,238.40211285627336,238.77163696289062,957000
2023-06-21,239.06726419732067,240.12965656138667,237.15494102627278,239.1688995361328,952100
2023-06-22,240.67475392228164,241.12744710847295,239.0580610114667,240.4807586669922,740800
2023-06-23,241.39528153152858,241.39528153152858,238.18961004007008,239.3536376953125,3652200
2023-06-26,239.34438436997996,239.82479104366442,236.51748430129797,239.76011657714844,857200
2023-06-27,240.61928291252437,241.6539616762671,238.6792461340658,240.11119079589844,674300
2023-06-28,238.4205602212598,238.67001082285955,230.30015091926197,230.57730102539062,1929000
2023-06-29,229.34861353113826,230.66968959812093,227.87973629081125,229.7366180419922,1413000
2023-06-30,229.87518672593308,230.78977779584474,228.95136248836383,230.6789093017578,1323900
2023-07-03,229.81053142935724,232.55429077148438,228.35088732068985,232.55429077148438,608400
2023-07-05,232.41573263669918,232.53583431356262,228.96062447852876,229.8567352294922,1188400
2023-07-06,229.31168415876024,230.80827511365646,228.3231853255794,228.88671875,973400
2023-07-07,228.2030987859243,228.2030987859243,224.45237411622324,224.47084045410156,1395900
2023-07-10,223.426933632055,225.3115291790799,222.82643932264676,223.48236083984375,1413200
2023-07-11,223.25140992189324,224.60018566417887,221.74557162530746,222.8449249267578,1205600
2023-07-12,221.71783930693405,222.64166363737962,219.75933623725047,220.6092529296875,1470300
2023-07-13,221.25593394341618,223.0943494922368,219.80552293373756,220.31362915039062,1097000
2023-07-14,220.96030297301533,221.19125906229883,219.3343771791783,220.67391967773438,1559600
2023-07-17,220.35981536726217,223.32529765634706,219.72237432685063,221.20973205566406,953200
2023-07-18,221.2928877060998,224.53552032980514,220.83097551208516,221.57003784179688,1283700
2023-07-19,223.95350900322444,225.39467280952087,222.54005880116895,224.17523193359375,1125800
2023-07-20,224.86810023589177,227.43633093616475,222.49386476530844,226.9097442626953,2069200
2023-07-21,226.69725509305815,229.96758706669286,226.42010497071334,227.85203552246094,1591400
2023-07-24,227.57487617037557,228.28622483304096,226.5217170253308,227.09449768066406,760700
2023-07-25,226.89127160777474,227.08526683206378,224.6094242791477,225.41314697265625,983200
2023-07-26,224.4893321113102,224.49856528071095,221.72709204476885,222.1243438720703,1458400
2023-07-27,218.02253565588882,219.95332506732288,213.96694752682546,215.76840209960938,2414900
2023-07-28,216.84005520304038,219.55610108058008,216.27652177881313,217.68997192382812,1622100
2023-07-31,217.68994958368384,217.7546240486267,212.93226025001456,213.68978881835938,1691200
2023-08-01,214.35496755202985,215.08479669870684,212.23016868066466,213.024658203125,1518800
2023-08-02,213.40341250096517,217.83777194364987,212.94150035269467,215.4265899658203,1142100
2023-08-03,214.58594819775533,215.44511229074652,212.55353716946323,213.43116760253906,969200
2023-08-04,213.7914232338531,214.5674322823786,210.74280014728512,210.84442138671875,830700
2023-08-07,211.14930045899106,212.2301733044144,210.70586869850905,211.44493103027344,900600
2023-08-08,212.68284465574047,213.11704323136718,206.74264670841973,207.21380615234375,1296400
2023-08-09,207.99904059748314,209.13535466373287,207.1491239122531,208.46095275878906,1079300
2023-08-10,208.44247739819616,210.31783956419764,206.19757706128314,206.7426300048828,979500
2023-08-11,207.54636326150654,208.50713429700374,206.24376766155123,206.53939819335938,842400
2023-08-14,207.38934301493342,207.67572632127153,205.8188302700161,207.2692413330078,1504500
2023-08-15,206.93665373127538,207.02904180455317,203.77717615605826,203.89727783203125,969000
2023-08-16,204.58092117826249,205.3384639918702,202.34526770580726,202.77023315429688,1068200
2023-08-17,203.3572559873784,203.69164934929339,201.77818173466324,202.0475616455078,1634600
2023-08-18,202.1682845086141,205.53079913364385,202.1682845086141,203.21791076660156,1142400
2023-08-21,202.4841329961864,202.95785102429448,200.1526630278512,200.90504455566406,1640200
2023-08-22,201.60167510310959,202.33548938125534,198.50855451793444,198.6385955810547,1531400
2023-08-23,199.1123232646609,200.33842275192657,198.90797098788101,200.00404357910156,872400
2023-08-24,200.34772373278398,201.35090378763064,198.62931069770693,198.66647338867188,1278000
2023-08-25,199.83683441850192,202.4748184267491,199.3816836009906,201.85247802734375,1390100
2023-08-28,201.88965811248335,203.08789273954253,201.84321183348413,202.50270080566406,603400
2023-08-29,203.4780053671857,203.81239871577372,201.17441461769792,202.20545959472656,1335200
2023-08-30,202.64202218205634,204.27682617869968,201.57381455077382,201.85247802734375,1041700
2023-08-31,201.96395260537125,201.97325036510253,199.5303206893596,199.57676696777344,1442900
2023-09-01,199.47457181919722,199.8925599382685,198.06268729573975,198.6385955810547,1221600
2023-09-05,198.47139341793203,199.4002622114863,196.29784384263414,197.01307678222656,1087200
2023-09-06,197.08738210891113,197.55181652523726,195.1367660643896,195.42471313476562,1006500
2023-09-07,196.45573826902591,197.6168241926017,193.78059176561536,194.12428283691406,1079000
2023-09-08,194.4494003208449,194.75592874004766,192.74028505021172,194.1614532470703,984100
2023-09-11,194.13357258895945,197.1338147422333,194.09642407452628,196.9480438232422,1047800
2023-09-12,196.4929122153589,196.7437107758688,191.98790675282623,192.82388305664062,1293100
2023-09-13,194.34722357191677,195.7498245923644,193.03752927831871,194.7930908203125,1155800
2023-09-14,195.08104050859816,197.35676636415013,194.50513218171935,196.72512817382812,1157600
2023-09-15,196.75300994431035,198.647896194118,196.2142643013714,197.2545928955078,2600800
2023-09-18,197.9605310920838,198.51785808922986,195.51761557656837,197.3474884033203,985100
2023-09-19,197.23598369683344,197.70971582244755,193.78059087036254,194.19859313964844,1534100
2023-09-20,195.25750783037668,197.0502177298482,193.43691882862927,196.29783630371094,1311700
2023-09-21,196.19567400800446,196.64152707467065,193.24186377948396,193.3440399169922,1516100
2023-09-22,193.2047166784712,195.33182006329278,192.62882253924883,193.14898681640625,2465900
2023-09-25,192.27582544662533,193.50193896285603,190.05582976806696,191.319091796875,1409800
2023-09-26,190.96614011413516,191.3376961516543,189.4985256561151,190.6038818359375,1118500
2023-09-27,190.3252220749943,191.0497386455653,187.4921834155785,188.15167236328125,1137500
2023-09-28,188.53249059885223,189.40562948825203,186.23818366127182,187.4828643798828,1591900
2023-09-29,188.4117564512166,188.4117564512166,185.12356691805002,185.84808349609375,1406600
2023-10-02,185.3372027882208,185.95025963838717,182.97788211647847,184.85418701171875,1483100
2023-10-03,184.0274662570583,185.3929044092285,182.72705571852094,183.15432739257812,1679400
2023-10-04,183.77671701521757,184.80776205824156,180.79504161833805,184.77059936523438,1423000
2023-10-05,184.33401069757144,186.8419536252324,181.25945723444445,181.60313415527344,1894900
2023-10-06,180.94366073988044,181.80750199542922,176.60584476914357,181.1665802001953,1876200
2023-10-09,180.7207113059493,181.8446487892914,179.87543729705186,181.79820251464844,1182600
2023-10-10,182.77351595393657,183.4515862027379,180.3956141169788,180.516357421875,1116300
2023-10-11,181.4545485903884,181.66818447272468,177.3303683315013,178.1291961669922,1559300
2023-10-12,177.87835036750386,178.34278470266705,173.35476447850587,174.3022003173828,1951400
2023-10-13,175.18466658103446,178.64934333994702,174.70165082205415,177.28390502929688,1761800
2023-10-16,177.83193132161082,179.2066531955796,176.7637378565821,178.18490600585938,1733900
2023-10-17,177.13527450582023,178.94656580230694,176.60582666842237,177.20030212402344,1227200
2023-10-18,178.24063794236915,179.23453438657356,176.7265772248446,177.59971618652344,1472500
2023-10-19,177.8783865443574,179.55035332567124,177.23746476373594,177.95269775390625,1462500
2023-10-20,178.55644987740382,179.72683366537282,177.33035040121422,177.35821533203125,1324800
2023-10-23,177.1910069351592,178.6121750632777,175.2868372365807,175.74197387695312,1495700
2023-10-24,176.178561387738,177.33964750499788,175.4911933038909,176.75445556640625,1551900
2023-10-25,176.51295067638088,180.85076660938628,176.0299348942095,180.6371307373047,2055600
2023-10-26,177.41393716220105,181.11083094184212,173.43837991359123,175.60264587402344,3021700
2023-10-27,174.07932354221816,174.7295289360098,170.87472867941926,171.01405334472656,2066900
2023-10-30,171.42274670517912,173.12257837772003,170.6703652149459,172.7510223388672,1405000
2023-10-31,174.02359008789062,174.83170147683958,171.96150004337363,174.02359008789062,1303200
2023-11-01,174.63664536888308,175.9463539838667,172.64886639213262,174.488037109375,1205900
2023-11-02,174.55301701086893,177.46966437259712,174.2464886169195,176.06707763671875,969900
2023-11-03,177.3953659943658,177.8505168255717,174.56231321525482,174.61805725097656,978900
2023-11-06,174.72952686066088,176.13211377728183,173.6799004830976,174.31153869628906,1741300
2023-11-07,173.9771381393397,174.69237112116085,172.5745371072762,174.15362548828125,1018800
2023-11-08,174.27435851017887,175.62122959955536,173.7541942535375,175.5747833251953,1036400
2023-11-09,176.26214169647747,177.0424022749278,174.36725554518569,175.20323181152344,1134700
2023-11-10,175.49115374850473,178.32420607073695,175.09174701743183,177.85977172851562,1442300
2023-11-13,177.85979509348724,181.5102568730721,177.85979509348724,180.8507537841797,2123300
2023-11-14,181.59386056625658,184.20397977263406,181.36164335325626,183.7674102783203,1606000
2023-11-15,184.84489104217403,185.69016505107146,181.41736290535445,181.79820251464844,1535900
2023-11-16,182.13652326794164,184.65983415370795,181.40756710672613,183.02435302734375,1335300
2023-11-17,183.51033156779974,184.18321638308674,181.83747426274098,183.17388916015625,1074700
2023-11-20,182.28603376194627,182.61312139045182,179.65056622916666,180.43560791015625,1288800
2023-11-21,177.84687312296057,179.44496365620094,176.73474380178956,178.11788940429688,1474800
2023-11-22,179.0524717862849,180.12722509159536,178.20201817101423,179.0711669921875,1302500
2023-11-24,180.09919202528397,180.09919202528397,177.38895754064635,179.13658142089844,773400
2023-11-27,179.1552500996406,179.43562110967684,175.8375573781124,176.07119750976562,1246600
2023-11-28,176.10857799858644,177.13658596380867,175.6132620881975,176.62258911132812,1396800
2023-11-29,175.697401749979,176.0618798321349,173.51987372982475,173.5666046142578,1168300
2023-11-30,173.8282650556919,175.818883622033,172.13671271501775,175.62261962890625,2799400
2023-12-01,175.89368362678357,178.51979703166083,175.5105102998811,178.48240661621094,1262700
2023-12-04,178.1739707354658,179.89357305844163,177.2394101456962,178.14593505859375,1024300
2023-12-05,178.32351245831777,178.69734526842478,174.86564096134344,175.63197326660156,952200
2023-12-06,174.92170603520896,177.65997601237228,174.92170603520896,176.81886291503906,973100
2023-12-07,176.82822671115667,179.0805070379474,175.23946219929206,176.6880340576172,1496800
2023-12-08,176.1646943226939,176.30487272547606,172.42645147234495,173.58531188964844,1505100
2023-12-11,174.01518400094577,174.7628353464592,172.95914020091146,174.08995056152344,1198700
2023-12-12,174.519840609102,174.52918108082025,172.1554035805282,172.60398864746094,1354100
2023-12-13,172.81895429788563,176.59458732298464,172.30494308651524,176.43569946289062,1281000
2023-12-14,176.81886320879127,177.28614351022057,172.52923346413354,174.0245361328125,1968300
2023-12-15,171.89371150207324,173.06191216500886,169.59470058316265,169.81900024414062,3532400
2023-12-18,170.4545052523506,172.0899862830531,169.4078019559851,170.3330078125,1800800
2023-12-19,170.54796307142846,171.50120458274776,169.82834744168687,170.60403442382812,1651000
2023-12-20,169.62274961128423,170.80029083852736,167.62279048930827,167.77232360839844,1634600
2023-12-21,167.9872861830569,169.2022179476994,167.1181515751314,169.15548706054688,1326600
2023-12-22,169.85638837630086,171.7628857182234,169.6320886994958,170.5760040283203,1214900
2023-12-26,170.3704140539679,171.94046914441802,169.67883402016625,171.39842224121094,703100
2023-12-27,171.18346370399095,171.98718639187206,170.93112834865556,171.88438415527344,860000
2023-12-28,171.11804962200125,172.68810456725564,170.9404808283745,172.06195068359375,1122200
2023-12-29,172.0245524278153,174.54786284285606,171.7628623769729,174.2394561767578,1591800
2024-01-02,173.38905447735797,179.65060863841222,173.31428790626813,179.4636993408203,2359100
2024-01-03,179.90290040283395,181.63184307184906,178.8468424501725,179.2860870361328,2370500
2024-01-04,179.1085372273187,182.84677970958165,177.87492462350886,178.03379821777344,1925000
2024-01-05,177.58518994655773,178.3047912631308,174.7441180449119,175.36093139648438,1237800
2024-01-08,175.4170284753695,178.99639742146542,175.4170284753695,178.921630859375,1650900
2024-01-09,178.51976693123484,180.51037128021312,177.3328709954667,180.4542999267578,1434200
2024-01-10,180.60385191491608,181.84681933402277,177.14598024130171,177.23008728027344,1611600
2024-01-11,176.7441005821995,178.18333192837449,175.23011693516398,177.94969177246094,1284900
2024-01-12,180.49168803577592,181.96829545242107,177.75341814141277,178.1646270751953,1629800
2024-01-16,178.65060082162537,180.9963427033729,177.97771607478117,178.9963836669922,1617400
2024-01-17,178.65059873273924,180.8187718003482,178.27676595538435,179.00572204589844,1428100
2024-01-18,178.85620059110562,179.08048599399064,175.92168106784194,178.9403076171875,1815000
2024-01-19,179.04314816700045,179.29548355951485,176.25816115643912,177.99644470214844,1286200
2024-01-22,177.81885995568803,177.81885995568803,175.46376311041337,175.9403839111328,1142900
2024-01-23,176.60394573289435,179.96837013061037,176.44507211692795,179.4636993408203,1314900
2024-01-24,178.90294067583235,178.90294067583235,176.86560527766628,176.9216766357422,1403900
2024-01-25,176.48239310024826,177.9496598611905,175.07121194528884,176.96836853027344,1401200
2024-01-26,177.2020295625098,178.89358190602312,177.2020295625098,177.7627716064453,1111100
2024-01-29,180.641230543022,181.89355271268448,178.62259027871798,180.1739501953125,1679000
2024-01-30,180.3608567740184,184.65982701233423,180.00571917988634,184.4635772705078,2355600
2024-01-31,184.10843327614506,184.30469727141187,180.72532855790809,180.87484741210938,2147700
2024-02-01,180.16459300136628,185.53831650130186,178.39827402136322,185.44485473632812,1776400
2024-02-02,185.54766919576494,186.173837393861,183.91218802283763,184.7252655029297,1761400
2024-02-05,183.91216385177617,186.5009005609961,183.4262026345079,183.53834533691406,1911100
2024-02-06,183.55704495726627,183.73461374719,180.94027250948312,182.03370666503906,1602200
2024-02-07,182.61312796158708,183.547688522824,181.0898039437494,181.5477294921875,1959300
2024-02-08,179.62254509950904,195.95866045207396,177.16466040984588,189.07095336914062,4712400
2024-02-09,188.0803049509443,188.59431608981913,181.9308950082733,182.65985107421875,3118500
2024-02-12,177.5665240507091,181.8841897038156,177.19270549365524,181.0430908203125,3132200
2024-02-13,180.85618530149918,184.51030669249505,180.85618530149918,182.0897979736328,1977500
2024-02-14,180.6131877421858,182.2486688946891,177.9496984214102,178.73472595214844,1610600
2024-02-15,179.59451836150788,182.09914831831844,179.59451836150788,179.97769165039062,1270700
2024-02-16,180.01534320061955,181.90726399005447,178.39638053368958,179.93063354492188,1595200
2024-02-20,181.06012407317363,183.64857977925263,180.9471778747061,182.1990509033203,1811400
2024-02-21,183.35679564935455,183.85566051766835,180.53302574005988,181.1824951171875,1243700
2024-02-22,180.30710762466228,182.40610577026902,176.94682911263249,182.17079162597656,1570600
2024-02-23,181.7190149456302,183.84626426485926,181.13544039165137,182.44378662109375,1679000
2024-02-26,182.55673333556473,183.2438467022332,177.52101862890711,177.53042602539062,2032900
2024-02-27,177.07861574289328,178.26459393522435,176.08088600550477,176.1750030517578,1905000
2024-02-28,176.31620354280503,176.83388321320615,173.66185288121997,175.2714080810547,1328800
2024-02-29,175.7137874915721,177.4551180684156,174.60311151980935,176.88095092773438,2160400
2024-03-01,176.82447010053374,177.4739394696029,174.9231276970512,177.00331115722656,1284000
2024-03-04,175.7984925911562,175.7984925911562,170.51804268927282,173.1912078857422,2729600
2024-03-05,173.4265417145165,176.95625423245102,173.4265417145165,176.54209899902344,1986300
2024-03-06,183.37562356451485,185.27695161630524,179.8270820476628,181.5025177001953,2928400
2024-03-07,181.73782527270464,182.59437222201876,179.92119257402265,181.21072387695312,2179200
2024-03-08,181.0319066871792,184.00628136946426,180.85306561238315,183.1309051513672,1968900
2024-03-11,184.20393921894478,187.59246919247977,184.20393921894478,187.32891845703125,2152700
2024-03-12,187.07475969756734,187.8465970466414,183.9215441664953,184.92869567871094,1957900
2024-03-13,185.77583793431327,187.56423435543195,184.316901479176,184.38278198242188,2254300
2024-03-14,184.60868355843868,184.98518049834092,181.86962307897136,183.60153198242188,2304700
2024-03-15,183.01793116289076,186.96179851922201,182.17079162597656,182.17079162597656,12184800
2024-03-18,181.86021752805775,187.09360260297663,180.52362034423288,185.47463989257812,2688000
2024-03-19,186.32174213928022,190.58563341212576,186.32174213928022,190.34091186523438,2514600
2024-03-20,190.32208736664953,192.1951932274129,185.12634675703663,186.3970489501953,2347500
2024-03-21,185.86994370364584,188.87255458394856,185.3804862455485,187.6018524169922,2331300
2024-03-22,187.87482926778563,187.87482926778563,186.13349875569085,186.35940551757812,1127400
2024-03-25,186.27467479148171,186.67942259663698,180.38241366505,180.9659881591797,1766200
2024-03-26,180.1659326353306,181.4742787593954,178.00103954220077,179.68588256835938,2396800
2024-03-27,180.6648126895629,183.0744275354847,180.64598353414362,182.33084106445312,1446100
2024-03-28,183.54504543588828,185.21107371594243,182.85793210779002,183.0744171142578,1585100
2024-04-01,185.03224445451937,187.25361084876062,183.2156115487191,186.6229705810547,1573800
2024-04-02,187.89362116386943,189.39963733473127,186.15230522639723,188.7689971923828,1993700
2024-04-03,188.25131939550545,188.53369924708588,183.34736620578073,183.42266845703125,2095400
2024-04-04,183.12148592401783,185.1734185471509,181.80371798364573,184.43923950195312,1465900
2024-04-05,184.01569176679902,185.30520889828955,180.94719997993775,182.3590850830078,1407300
2024-04-08,182.50965083130507,184.58042686208842,182.50965083130507,182.78262329101562,1182300
2024-04-09,183.14031184233252,183.4415064994937,180.523605162496,183.14971923828125,1351900
2024-04-10,181.19193408152228,182.17083483448957,179.46943241325462,180.74954223632812,1373600
2024-04-11,181.0695200198696,181.56838484813943,177.4550982730876,178.3681182861328,1301400
2024-04-12,177.89750109821395,178.15164440697924,173.73714856321897,174.88548278808594,1803400
2024-04-15,174.3113178810265,175.0925626086439,171.4781262283245,171.84523010253906,2005700
2024-04-16,172.38173614558622,173.40770241043342,170.9980877705428,172.541748046875,1620900
2024-04-17,173.45478605550028,173.57715402426405,169.8403637217969,171.73228454589844,1736000
2024-04-18,172.53234385351203,174.3677914169931,171.30870735704585,174.00070190429688,1415600
2024-04-19,174.13246174107383,174.71603620606464,172.0993441461936,174.1512908935547,1740300
2024-04-22,174.97960580899044,175.49729983992145,173.9065738005319,175.3843536376953,1631700
2024-04-23,174.9137306630319,177.1727409512858,174.9137306630319,176.09030151367188,1288200
2024-04-24,174.97018538662178,177.79395513154276,174.05716535343583,177.0880126953125,1629900
2024-04-25,177.70927116644316,178.09518986766827,174.9043301693029,176.15618896484375,1316500
2024-04-26,175.48790070147282,177.00332455654106,175.0361015088721,175.22434997558594,1186500
2024-04-29,176.21266103956478,181.28603373007078,175.8549789221192,181.16366577148438,2960300
2024-04-30,182.50965900466497,186.09585891179424,181.94491363115336,182.5284881591797,3133700
2024-05-01,181.0318941119246,183.56387681091738,179.95886210012347,182.3214111328125,1794000
2024-05-02,184.16628968621862,184.9287053165419,182.72616808173294,184.3733673095703,2347600
2024-05-03,184.48629187599767,187.36653474709237,180.35417601510923,186.2935028076172,3396000
2024-05-06,186.3123442995587,187.00886503121828,182.6885004384577,184.94752502441406,1775000
2024-05-07,186.30290982319823,188.08189856488508,184.8157370510715,186.5194091796875,2047300
2024-05-08,187.93130421750172,189.6538055924518,185.4652020538759,188.21368408203125,2027400
2024-05-09,188.62783158225326,188.62783158225326,187.20653917606336,188.33604431152344,1470900
2024-05-10,188.75963060956855,192.95764221827832,188.7125792599542,192.7505645751953,1785100
2024-05-13,193.5788379044499,197.88037314468008,193.55060135513824,197.20266723632812,2284400
2024-05-14,197.6638902717093,199.4711012592726,194.68010850871917,196.6190948486328,2094600
2024-05-15,196.7132214603352,197.0144161030354,193.23998231795304,193.34352111816406,1470700
2024-05-16,193.79835524604246,197.3422822014348,193.57093167449173,197.2570037841797,1299800
2024-05-17,198.42251465393647,198.43199967267716,195.5797851347748,196.1862335205078,1180700
2024-05-20,196.14834316488512,197.97715894109214,195.712451595949,197.1811981201172,1306900
2024-05-21,197.6739522800759,198.65942556809242,195.66509454361642,196.48001098632812,1137200
2024-05-22,195.58929586079105,196.21469990733542,193.37197001453958,194.7933349609375,1148200
2024-05-23,193.81729603529206,194.14895360254516,190.3776030820407,190.5007781982422,1199800
2024-05-24,190.46288303433337,190.75662944599193,186.5967690466317,186.67257690429688,1880200
2024-05-28,185.86714216956457,187.97076335408929,185.02379958361522,187.2506103515625,2257900
2024-05-29,186.61574180415042,186.61574180415042,183.3086941960793,183.40345764160156,1492700
2024-05-30,183.55507408191363,184.26575654946825,182.3611182827439,183.00547790527344,1496200
2024-05-31,183.00546890844583,187.52539876949893,182.51272504001454,187.45907592773438,3878300
2024-06-03,187.23164867795228,188.43507495543585,178.911927653073,186.12298583984375,1108000
2024-06-04,185.98087092034024,190.0838795008481,185.1375282902784,189.5816650390625,1486700
2024-06-05,189.25000852532946,189.81856029536524,185.41232022476817,187.9613037109375,857000
2024-06-06,187.56330766302747,188.6245887894047,186.83366965920766,186.97581481933594,776100
2024-06-07,186.19881164960228,188.22662510142627,185.5828926109006,185.78187561035156,715600
2024-06-10,185.43127758239643,185.9713887561193,179.65105421419446,181.10084533691406,1437000
2024-06-11,180.28589615887591,181.11029752978428,178.00224782727938,180.6175537109375,1270400
2024-06-12,180.4754420246973,180.87342245375314,177.3105252546167,177.40528869628906,1132500
2024-06-13,177.56637375849746,177.8601201832414,175.7754546106308,175.86073303222656,1087000
2024-06-14,175.58593480695455,179.14881737294886,175.58593480695455,177.1778564453125,1145300
2024-06-17,176.24923583102048,176.5050855444202,172.77163167630084,173.45388793945312,1651700
2024-06-18,173.3212365870715,175.01739231187378,171.83353440875305,173.15066528320312,2294200
2024-06-20,173.16013515641873,174.78048287764457,171.97566452908464,172.45892333984375,1691000
2024-06-21,172.91377426709113,174.41094703316517,171.90934538249155,172.54421997070312,2280800
2024-06-24,173.34016001679868,178.41917057104493,173.30226331917981,177.4810791015625,1855000
2024-06-25,177.96436592124803,181.41354430234256,175.73756949912453,176.17344665527344,1913400
2024-06-26,174.35408275756865,175.53855342847604,173.1980382260534,173.45388793945312,1208100
2024-06-27,173.79502228027573,174.38251512719683,172.54421426685155,174.0508575439453,1199700
2024-06-28,173.889776970054,175.73756291043728,173.13172725580304,174.19300842285156,5542300
2024-07-01,174.81842522342103,175.97446991865453,172.1462520711648,172.88536071777344,1668700
2024-07-02,172.6579115660215,175.06474939059873,172.288357328342,174.96998596191406,1638900
2024-07-03,174.53413878221596,174.78050349657204,173.34966801514938,174.11720275878906,1014800
2024-07-05,173.91817833847415,174.51515613934112,172.36415351142074,174.49620056152344,1169400
2024-07-08,175.00789591747065,176.00285407636372,174.4961965402712,175.07421875,1193300
2024-07-09,174.90368354268034,174.9415802432558,172.49683097831996,173.16961669921875,1452500
2024-07-10,172.93272778641378,176.03130728619402,172.5821290747267,175.94601440429688,1373100
2024-07-11,175.26379584337903,177.33897670703251,174.6004805747394,176.9978485107422,1834700
2024-07-12,178.14441659481722,181.13876238643402,177.7559066842416,179.03514099121094,1146400
2024-07-15,178.5897677267961,179.12987888460313,177.26316623492636,179.01617431640625,1315200
2024-07-16,179.09198840084645,180.039565059052,177.32949523822927,180.01113891601562,1003900
2024-07-17,179.35730169344328,184.31312337354277,179.3288755515187,183.82986450195312,1819000
2024-07-18,182.88229517952004,187.08953785872754,182.00105582694482,183.2044677734375,1563400
2024-07-19,183.82985623450273,183.98147195719636,179.90688977775017,181.12925720214844,2196200
2024-07-22,180.98711103308045,181.7641307013334,179.3193816025761,181.26190185546875,1681000
2024-07-23,180.68389394332812,180.94922868584717,178.52342051426805,179.98269653320312,2124100
2024-07-24,180.30488353974994,182.87282261937185,179.42364419680644,182.02947998046875,1873800
2024-07-25,180.90183536352464,186.41672314437037,180.0395372675355,182.56956481933594,1879600
2024-07-26,182.25687254410778,183.92461654762948,182.1147418432944,183.38449096679688,1504200
2024-07-29,182.57903658659558,184.57842361835324,180.9776444162879,182.46533203125,2100100
2024-07-30,181.49884881750123,184.14259611229124,180.2859517042433,183.8014678955078,1718000
2024-07-31,184.48369374976005,187.88549033231183,184.14256558952073,187.12742614746094,2547900
2024-08-01,182.32322349052936,189.96068884180724,180.60811209760865,189.15524291992188,2867000
2024-08-02,188.64353942871094,192.57597628846506,186.46411049366083,188.64353942871094,2235700
2024-08-05,187.62964099516773,192.21592281674572,185.15646544290777,185.7439727783203,1866200
2024-08-06,187.36432097681012,190.03649398479388,186.28408420863772,188.9373016357422,1388700
2024-08-07,188.57719271630666,191.1640869532629,188.1128894882913,189.34474182128906,1525900
2024-08-08,188.16025958910276,192.1305927052667,187.95179161674764,191.5052032470703,1031700
2024-08-09,191.17357016437992,191.3725676030341,188.49192677595636,190.93667602539062,1267400
2024-08-12,188.72880838813265,189.4679168960116,187.0989756633561,188.25502014160156,1965500
2024-08-13,188.84253084889323,190.77559517502476,187.65806012023904,189.00363159179688,1053200
2024-08-14,188.804633287435,191.9600650292607,188.68144370537735,190.0933380126953,1032100
2024-08-15,190.46288147941817,190.9366697418048,186.0187452648125,186.35040283203125,1140800
2024-08-16,185.72064265867297,186.49356185591887,184.31793205615105,184.63282775878906,2330400
2024-08-19,184.99540596867377,188.3447415951244,184.88090374565084,188.14434814453125,1330400
2024-08-20,187.68632465777992,189.32759113555542,186.2931511832763,188.85047912597656,1198300
2024-08-21,189.03178407768493,190.56808533141577,187.66723615851012,188.4306182861328,859100
2024-08-22,189.19401646275247,189.19401646275247,185.83514355246712,186.60806274414062,600700
2024-08-23,187.619507233551,187.63859578931792,186.24542242437008,187.34278869628906,946200
2024-08-26,187.31419370215707,189.78563062615754,186.81799309337757,187.41915893554688,881800
2024-08-27,184.7568526401728,186.45537025436442,182.35221856004054,182.38084411621094,1257500
2024-08-28,182.25678975906578,184.270203045099,180.6441488184601,182.8197784423828,1092200
2024-08-29,183.60226443553043,183.60226443553043,181.12127592627408,182.9247589111328,1356700
2024-08-30,183.1632991504762,184.33699062731324,182.43809413134906,184.2224884033203,1325900
2024-09-03,183.7835666938866,188.7550660797397,182.60986057251424,188.30657958984375,1365000
2024-09-04,188.49740598272163,190.53944479745948,187.97259442141612,189.5947723388672,1089500
2024-09-05,190.15774606182748,190.32951394280306,188.13479596339374,189.03176879882812,1012700
2024-09-06,189.03179839654345,192.41928227395434,188.78369081409807,190.6539764404297,1191000
2024-09-09,190.45358128268342,194.12734982734236,188.9363684847786,193.946044921875,1370800
2024-09-10,194.64262470031963,196.35069396552825,193.21128857341597,193.54527282714844,1173100
2024-09-11,193.60250998473364,193.6406725388326,188.39244045189238,189.52796936035156,774400
2024-09-12,188.95544427786476,189.8524171851767,187.5050196924177,189.37530517578125,699100
2024-09-13,189.17494072716872,191.87539686158257,189.14631516704074,191.6368408203125,721700
2024-09-16,193.05862450814234,194.6426254286787,191.15971333096826,191.61773681640625,913000
2024-09-17,191.53184553191298,193.02996966470215,189.99554428473894,190.1577606201172,801000
2024-09-18,189.31805505970368,191.16925213791396,187.14242528291953,188.58331298828125,866800
2024-09-19,188.49740729901492,189.26078943029412,186.20727546548042,186.56988525390625,1141000
2024-09-20,187.40959199594013,189.51843348995993,185.12899716699818,186.48399353027344,2956000
2024-09-23,186.24543794503722,188.0966348805466,184.2702017874608,186.207275390625,1052300
2024-09-24,185.27212516702014,185.93054202053565,184.32743821715414,184.48965454101562,1079900
2024-09-25,185.8351458404701,186.07370186850662,181.856033040057,182.25680541992188,1076000
2024-09-26,180.6346126031855,183.2014775850745,180.35787947947153,181.79876708984375,1779100
2024-09-27,182.8483883738383,184.8999785995364,182.48579317437085,184.5087432861328,1112400
2024-09-30,185.7301801695538,185.94964763794678,182.50489801877652,183.0010986328125,837700
2024-10-01,183.05831915720455,184.298813204832,182.0659326552838,183.02969360351562,966400
2024-10-02,182.4667198270306,186.0832224871731,181.51249579888392,184.5564727783203,1620300
2024-10-03,183.77400313553838,184.60418794577203,181.4170686077351,182.24725341796875,1238000
2024-10-04,181.32165418800903,183.4114071425568,181.30256563053143,183.05833435058594,794200
2024-10-07,179.87123141756456,180.5773624483931,177.9627833388636,178.9456329345703,1192900
2024-10-08,179.32731684578215,179.78535486839422,177.3043665403071,178.99334716796875,977800
2024-10-09,179.25099195712457,179.57542463664817,177.80056733766756,178.41127014160156,762600
2024-10-10,178.72616585675547,180.66323949587,178.0200348244479,178.9838104248047,756000
2024-10-11,179.21281499602668,179.77580368632653,177.34254402750105,177.46658325195312,1157800
2024-10-14,177.4665681821775,178.24903881910848,176.8749539856799,177.48565673828125,1203600
2024-10-15,176.91313252043784,179.95710956054563,175.45317089309827,175.89212036132812,1805700
2024-10-16,175.89211996788706,177.7910310592089,174.95698448064115,176.3501434326172,1194300
2024-10-17,176.3883207567429,176.43602031080815,174.91880757188704,175.48179626464844,925700
2024-10-18,176.07342428758247,177.82919303019878,175.69172593464194,177.18031311035156,1052100
2024-10-21,176.97991955794072,178.3540043941189,175.57720916770066,176.21653747558594,982100
2024-10-22,175.57725561361588,176.17842152854737,174.83296189051308,175.07151794433594,1207300
2024-10-23,172.24697820093624,174.65162688629425,171.05419813720954,173.64968872070312,2533800
2024-10-24,173.64967344426393,174.87107895724537,173.1439359065592,173.85960388183594,1070400
2024-10-25,173.85961942321765,174.69934124856883,172.73364203040907,172.962646484375,751500
2024-10-28,172.92448379383887,175.95890928894718,172.9053952359221,174.47987365722656,937300
2024-10-29,173.4493110462999,175.04286347543427,171.71261627232727,171.7794189453125,1226500
2024-10-30,171.6649030443727,172.09431552080252,168.68772862824073,169.37477111816406,2012400
2024-10-31,169.64196801634026,171.55995331380325,168.93583690448722,169.4511260986328,1473600
2024-11-01,169.71829136305084,171.22596712037054,169.22209077651817,171.05419921875,1360200
2024-11-04,171.0732881390885,172.15156598509597,169.6037894947072,170.8061065673828,1689600
2024-11-05,170.38623008294738,171.97978236869182,170.10951153764543,171.8652801513672,1308400
2024-11-06,173.16302679565368,173.18211535213618,168.5350346690611,168.72589111328125,2859800
2024-11-07,166.98919781940128,170.6057003256426,163.81163019365863,164.9376220703125,3331000
2024-11-08,164.6036664784978,167.78123465688455,164.17426852148446,167.62855529785156,3115000
2024-11-11,166.9892102894725,173.24891778553217,166.94149617447195,170.33853149414062,2159200
2024-11-12,170.79656851767965,173.3157194356226,169.8518814633372,173.19166564941406,2514700
2024-11-13,173.19167930649238,176.43603551896592,171.77943167333024,176.0066375732422,2220500
2024-11-14,175.57724269404687,176.28337380311314,170.2145076580154,170.74887084960938,2257700
2024-11-15,169.41293652486252,169.89960012359114,162.77154509091997,163.09597778320312,3650700
2024-11-18,164.44267483414336,165.25069616856572,162.66310508651932,163.51922607421875,1641000
2024-11-19,162.79777026591412,164.35609917373517,161.75887943471577,163.75970458984375,1678200
2024-11-20,163.7597038966708,167.81906790070735,162.91319699825092,167.37657165527344,1446900
2024-11-21,167.3765857867975,168.97340041528858,166.6166640682492,168.29042053222656,1225200
2024-11-22,169.24273700527598,169.6948473376838,166.41464758228364,168.15574645996094,1458400
2024-11-25,168.8194850154148,170.62792636095824,168.5982442161049,168.8579559326172,2088200
2024-11-26,168.54051502797316,168.87718322593528,165.73165395759688,166.69358825683594,1307500
2024-11-27,167.7421344940332,169.05997999677803,167.05915457457962,167.46316528320312,1060500
2024-11-29,167.30923921911153,169.76217481712135,166.81865797069105,169.42550659179688,1525200
2024-12-02,169.42550653277087,171.7822428210362,167.50163777860263,171.05117797851562,2377700
2024-12-03,170.58945581131616,174.8989328157608,169.51209389918262,172.6479949951172,3986600
2024-12-04,171.64755274099562,177.95783917628788,167.71324511650943,171.0992431640625,4591600
2024-12-05,170.53172026201017,170.57981991506367,166.46274207448081,167.8575439453125,1953400
2024-12-06,168.72329318213565,170.281636940034,167.16496410219185,168.04994201660156,2332100
2024-12-09,167.4246891040911,200.1112166576114,167.00143560988937,186.27859497070312,14377100
2024-12-10,186.22088884132626,189.32794771946902,178.87171014407423,180.06451416015625,5012400
2024-12-11,171.84954523593504,176.2359776776363,167.64589732533352,170.26235961914062,6250600
2024-12-12,169.18501262413275,177.4961245483343,169.05995646579066,176.94781494140625,3761500
2024-12-13,176.40914249565049,177.40954777630114,174.77385701180336,176.13018798828125,1985600
2024-12-16,175.16827072334857,177.015183121885,170.5028827295251,171.41671752929688,2241300
2024-12-17,171.07040620278238,174.64880326196484,170.02190125382694,170.868408203125,1834500
2024-12-18,168.81949209805157,168.81949209805157,165.327665427796,165.8952178955078,1837800
2024-12-19,165.05830585876393,165.87595589903563,162.3841296329157,162.50918579101562,1930000
2024-12-20,162.76891137890485,165.49117256505042,162.1725021245043,163.7789306640625,2535400
2024-12-23,162.85549303886657,163.7308568450603,160.34484372658864,162.56690979003906,1172900
2024-12-24,162.56691084845363,164.0001983642578,161.56650554768592,164.0001983642578,429600
2024-12-26,163.1440563777927,165.71241909080553,162.56688995057436,163.70196533203125,992500
2024-12-27,163.11522352416446,165.56814450587265,163.0574951305872,165.2218475341797,1066200
2024-12-30,165.08718488050621,165.31805443154693,161.1432624597558,162.24948120117188,1771500
2024-12-31,162.34568646915426,163.43266245168104,161.11441150770344,162.9036102294922,869900
2025-01-02,164.68317955307876,164.76013607260566,161.2490811021777,162.3649139404297,864500
2025-01-03,162.59576416015625,163.91360954016858,161.55687328703974,162.59576416015625,932600
2025-01-06,162.02822985175723,162.46109738859866,159.46948086978247,160.3929443359375,1387600
2025-01-07,160.35446645045027,162.56691857373102,159.08472063613857,159.21939086914062,1302900
2025-01-08,158.71915908289242,159.10392693070023,153.78443143991586,156.04498291015625,2833500
2025-01-10,156.02574637754682,156.69909747721636,150.15795573419456,152.17800903320312,3027800
2025-01-13,153.11108507617428,153.43813922466464,150.92749004392996,151.29302978515625,2731200
2025-01-14,150.648543136455,151.28342334700352,148.58039010028017,149.3980255126953,2179800
2025-01-15,149.39802528285657,150.13871886069032,144.58835341268306,145.97354125976562,3584600
2025-01-16,145.25208911758688,149.11906937478275,144.8192215889199,148.15713500976562,1973300
2025-01-17,147.62805449825075,149.31143948109445,146.32943735459043,147.05088806152344,1937300
2025-01-21,147.17594882299565,149.29220136067696,146.40639844257902,147.72425842285156,1743900
2025-01-22,147.75311558664384,147.7627296456613,144.6941568545305,145.3675079345703,1563200
2025-01-23,144.79036477776066,145.73305634594703,143.07812278172773,144.18434143066406,1837900
2025-01-24,143.69376997686896,145.7907799906972,141.9815278641977,144.97314453125,1501400
2025-01-27,147.44530729609883,149.6673734664575,146.6949996198207,147.86856079101562,2309400
2025-01-28,147.87816342297876,148.3879874539229,143.6168013005675,144.03042602539062,1538800
2025-01-29,144.5787458661435,144.81922947048574,142.88573189768334,143.54946899414062,1217000
2025-01-30,144.52103949177373,146.41605156450046,143.52061942723057,146.3487091064453,1669700
2025-01-31,144.2901764682789,145.87736253824767,142.03925323808315,143.5687255859375,1974900
2025-02-03,142.36627352147244,143.30896500658525,140.90412930520904,142.1642608642578,1766100
2025-02-04,141.91416746162662,141.9237815206556,138.47044087334632,139.23037719726562,2189600
2025-02-05,135.632762603167,140.75987517781869,134.7958842968166,140.365478515625,3897800
2025-02-06,149.34030916627154,150.72549699106892,144.78073502263902,146.54107666015625,4131300
2025-02-07,148.19560775098876,150.6004436931454,147.70502650285215,149.03248596191406,2394800
2025-02-10,149.54230124699794,149.89821221370858,147.17593659250608,148.58998107910156,1614700
2025-02-11,147.94549899425076,153.3419510305827,147.64730170827465,152.2357177734375,1891000
2025-02-12,150.41767727217206,152.30307515248035,149.88862509509414,152.06259155273438,1382800
2025-02-13,151.74515788923338,154.95801539568458,151.49506021893131,154.6886749267578,1632500
2025-02-14,155.2319900290176,156.0857707114816,153.04904016923456,153.1751708984375,1450500
2025-02-18,151.34147481474503,158.91873301843765,149.65332180334747,158.13287353515625,2976800
2025-02-19,158.33661014647606,159.23890369134597,156.07604275393325,159.0157470703125,1391900
2025-02-20,158.8217038646682,161.82932915806933,158.14256696734105,161.1501922607422,1526900
2025-02-21,161.54798019966435,170.06633414683654,161.48977057425154,167.70875549316406,4115400
2025-02-24,167.31095264661008,173.6657643011253,166.32134470489308,172.5403289794922,3230800
2025-02-25,172.5403276699478,176.49874460269814,171.73506006510183,173.32618713378906,2733400
2025-02-26,172.2395842218251,172.45302938063068,165.31235764224294,166.18553161621094,3221200
2025-02-27,165.65194312843002,167.34979302387447,164.5070995008107,167.20425415039062,1464500
2025-02-28,168.61103529366144,170.52233029443659,166.31166625178582,167.563232421875,2540800
2025-03-03,167.84457995844824,173.78219851215974,167.84457995844824,173.18067932128906,1790500
2025-03-04,175.55767689529983,178.75933967112024,171.00743678956457,171.12387084960938,2605200
2025-03-05,171.07534911886705,173.27770702381764,169.86259925113058,171.75448608398438,1186100
2025-03-06,173.2486002626845,174.90763377280553,170.77458759951372,174.6456756591797,1015500
2025-03-07,174.42254209123615,183.833478443876,174.26730654958234,179.54519653320312,2806400
2025-03-10,181.3497671055868,187.626961766625,180.17583349373302,180.80645751953125,2902500
2025-03-11,180.44748315029716,180.93258309604917,173.8792257396739,174.18968200683594,2256800
2025-03-12,171.73506783755928,171.73506783755928,165.56459628137006,165.84596252441406,2591500
2025-03-13,165.506386409625,169.03791321920815,165.506386409625,166.816162109375,1543300
2025-03-14,166.47658418219007,169.78496913371637,165.02128444675822,165.1474151611328,1357400
2025-03-17,164.93397479494072,167.03930669671658,163.8182508870755,165.4093780517578,997800
2025-03-18,165.67132588055705,166.58331613476437,163.7406375974471,164.3712615966797,991900
2025-03-19,162.7704430010284,163.527197746294,160.71360912562315,162.3629608154297,1705100
2025-03-20,162.26592577532034,162.78013051422855,158.91873923583722,159.5687713623047,1696600
2025-03-21,159.3650163621469,162.85774161952367,159.3650163621469,162.197998046875,3047100
2025-03-24,161.87784484799073,163.7115219038399,159.6075660326888,163.00326538085938,1475300
2025-03-25,162.54726570539398,162.54726570539398,159.52994377742067,160.3061065673828,1409400
2025-03-26,160.17029926860292,164.6429214369213,160.17029926860292,163.4980926513672,1123000
2025-03-27,164.73995095823102,166.43780083452947,163.00328479447742,165.53550720214844,754900
2025-03-28,166.87438394638133,168.37819676252724,164.18692605977807,164.79815673828125,1075200
2025-03-31,165.66161855132594,167.62142632442388,164.30334473080717,165.9332733154297,1759500
2025-04-01,166.573613136021,167.0684097256604,163.49808141531992,164.56529235839844,950900
2025-04-02,164.90487753973608,166.1467322225332,158.5597619283713,159.06427001953125,1644900
2025-04-03,158.77320096488285,162.48906820043294,157.43433522656136,161.8584442138672,3022000
2025-04-04,162.9935734203641,166.4668906304537,156.41561967736826,157.4052276611328,2504500
2025-04-07,155.91111274753536,160.0926717273774,152.37958588992612,157.75450134277344,2376800
2025-04-08,159.33592585835558,161.09198531340397,152.70945874712936,154.3588104248047,1853300
2025-04-09,153.74758077848466,161.421865612398,152.38930682738308,159.2680206298828,1830900
2025-04-10,158.753804863994,161.4703525779959,156.09545196777813,159.20008850097656,1491600
2025-04-11,159.65607828987197,161.9263422912266,157.80299310066556,160.71359252929688,1233900
2025-04-14,161.05317432534514,166.15642018233194,160.6456921667941,165.22503662109375,1637600
2025-04-15,165.22504401963243,166.3892809253504,161.75172664131972,162.945068359375,1252200
2025-04-16,163.63389973987844,164.45856067694592,158.74408451978573,159.33590698242188,1024400
2025-04-17,160.91735332272515,162.1592079896901,157.91943923469614,161.62559509277344,1120500
2025-04-21,161.41214462540535,161.7129042108463,159.81132079137942,161.50917053222656,743300
2025-04-22,161.87785722553488,163.8861632954653,160.80093475775104,162.4502716064453,1002500
2025-04-23,162.04278183997945,163.63390898952125,160.0538692020335,161.6352996826172,911200
2025-04-24,161.0046719099355,161.28603817377933,158.8217221150624,159.10308837890625,760800
2025-04-25,158.64708364018045,159.45235129228638,156.68727579775486,158.4142303466797,981800
2025-04-28,158.68589034631944,159.5202628370816,156.45442765669273,158.20079040527344,1298000
2025-04-29,158.21047941754466,160.78150281844995,155.9790170447189,160.15087890625,1208600
2025-04-30,160.54866961156748,163.13910147618563,160.11208263287006,162.2077178955078,3463500
2025-05-01,161.35393463253635,162.46967334211956,156.20217579935857,162.14950561523438,2618200
2025-05-02,161.77112402892294,162.59578499711122,156.12455394569218,158.48214721679688,2230800
2025-05-05,158.38512689258513,161.75172158574586,157.0559578238074,161.69351196289062,1820400
2025-05-06,161.32482340062575,165.02128231215588,160.47104282957915,164.94366455078125,1539400
2025-05-07,164.95339151221708,164.95339151221708,161.53828371143473,163.64361572265625,2195300
2025-05-08,163.37194301991863,165.2347248513352,162.23681103534014,165.05038452148438,1750000
2025-05-09,163.96378550838196,166.0400127327156,163.3428581554245,165.80715942382812,1228300
2025-05-12,165.99150175686722,166.3407743223282,161.43156506629268,162.5861053466797,2300400
2025-05-13,162.07188898822156,162.63460668147738,156.4253187174676,158.4336395263672,2246100
2025-05-14,158.23960689467515,158.78291646069448,156.0275523449819,156.90072631835938,1461400
2025-05-15,158.14258666533428,159.50086062917305,156.57086753516714,158.81202697753906,1231200
2025-05-16,158.81201832509342,158.81201832509342,152.48184394077788,155.06478881835938,2012400
2025-05-19,154.8788973469341,155.3778700907686,152.87319800332583,153.16671752929688,1785800
2025-05-20,153.11781211304833,154.49734358789544,152.19812446315024,152.33509826660156,1679400
2025-05-21,152.62860202597273,152.62860202597273,147.91276241282876,148.0203857421875,1814200
2025-05-22,147.6877370344207,150.84792762253088,146.79739994089928,150.53485107421875,2865700
2025-05-23,151.75784190635025,152.50141179716493,148.92052120787633,151.99266052246094,1907600
2025-05-27,152.7068651724227,156.3366778215454,152.31550085011708,154.81039428710938,2737900
2025-05-28,153.7146183767144,155.5637720511043,152.30573654307946,152.53076171875,1248400
2025-05-29,151.24906834275558,159.05661899699706,151.03382168738412,157.83363342285156,2388000
2025-05-30,157.32487797369768,158.48916270833405,156.37583990911298,157.21725463867188,2073000
2025-06-02,156.32690847695307,158.01951634921923,154.36035302752322,157.9608154296875,1063700
2025-06-03,157.3052913822886,159.64363914473773,155.240891187313,159.5555877685547,1068800
2025-06-04,159.89802795971113,160.08392416634354,157.73579770020277,157.99017333984375,1114200
2025-06-05,157.22703501118613,159.96652590235237,157.14876213669288,159.2620849609375,1403800
2025-06-06,159.26207241615197,160.30895523488567,157.39334687351075,158.25433349609375,1112200
2025-06-09,157.96083298025067,163.83116445003287,157.90213205419684,163.30284118652344,1677300
2025-06-10,163.67461258934858,166.08145497095316,162.74514646044122,164.89759826660156,1433900
2025-06-11,164.89758316003568,165.5922455298468,164.00726101461805,164.41818237304688,1022000
2025-06-12,164.41818937158155,168.77201518325796,163.880072714178,168.4002227783203,2227600
2025-06-13,168.5371811057881,170.4352569982727,165.13239363984897,165.4650421142578,1834400
2025-06-16,166.39453960283367,167.6077317900222,165.0639306437383,166.72718811035156,1554000
2025-06-17,165.93470865336909,167.6468886633519,164.84869673559047,165.22047424316406,1262500
2025-06-18,165.2987453880264,167.18704308519145,163.79203356380705,166.05210876464844,1787100
2025-06-20,166.32604486217562,170.07327460555337,166.32604486217562,167.7447052001953,4188700
2025-06-23,168.04799488784107,169.5840719210974,166.1499338342006,169.38839721679688,1354500
2025-06-24,169.1046616651052,169.40795970591586,166.9130810197515,168.3317413330078,1697600
2025-06-25,166.30647506954958,167.0598384038253,163.55720573980543,163.91920471191406,2234500
2025-06-26,164.59428273919903,165.2889450989262,162.5396759768803,163.390869140625,1980200
2025-06-27,163.5082686001884,165.21066983196542,162.88210060614784,163.38108825683594,2471500
2025-06-30,163.0386616313542,163.88007635187404,161.23843034573818,162.3635711669922,2050400
2025-07-01,162.36357141313897,174.21185695137382,162.34399946267192,172.01048278808594,2869300
2025-07-02,171.63868652473866,174.04552879138885,170.64074100866117,173.25303649902344,1071500
2025-07-03,173.39001085611753,173.71288085202647,171.23755914574832,172.65621948242188,733800
2025-07-07,172.80297144360023,173.028011546652,170.67987019805824,171.756103515625,1548900
2025-07-08,169.8873654661701,170.92445480769888,165.52374652327867,166.25753784179688,1919100
2025-07-09,165.78792584671183,165.78792584671183,158.0097403744551,158.45001220703125,3522800
2025-07-10,157.5303386267218,161.90373673853483,156.61066590928576,161.08189392089844,2135200
2025-07-11,160.30895761886126,161.7960973521361,159.07617858564402,161.19927978515625,1080600
2025-07-14,162.24616972217424,162.75493593163196,159.9371722226649,161.34605407714844,1050100
2025-07-15,161.29713691281586,162.52012260003272,159.01748980036072,159.3892822265625,1659600
2025-07-16,159.71214021432124,160.8372809902361,157.8042707426919,160.71987915039062,1343600
2025-07-17,162.42226057939897,167.989293226927,162.04068968254145,167.52944946289062,2096500
2025-07-18,167.84255585641088,169.27099475463052,167.13811491818433,167.58816528320312,2394100
2025-07-21,170.41569501116788,177.3622590575125,170.41569501116788,172.93016052246094,3328500
2025-07-22,172.12787027430795,178.68308473471822,171.5408461704805,177.76339721679688,2193700
2025-07-23,178.12541355306445,181.40302110330052,177.87103790947052,179.27012634277344,1782100
2025-07-24,179.22118778896058,180.25829207872394,177.6949042068125,179.92562866210938,1130000
2025-07-25,179.90608064589367,183.60438795050223,178.64395113124354,183.0760498046875,1943800
2025-07-28,181.55956256271122,182.44988475877236,178.4678512950237,180.57138061523438,1533400
2025-07-29,180.2582930323302,182.80209403969332,178.9668131150509,182.2052764892578,2203900
2025-07-30,189.80736641610298,194.69930884950767,183.94681400643566,184.7490997314453,3009200
2025-07-31,182.28357042643,185.64922946519394,181.24648094032767,182.1074676513672,2167800
2025-08-01,183.82941109460296,187.03852411790302,183.4282682344346,184.92520141601562,2072900
2025-08-04,184.29903155098685,186.9406923665649,183.75113639573382,186.29495239257812,1345000
2025-08-05,186.25580831732802,188.50610478486624,184.7980190511277,184.85671997070312,1109100
2025-08-06,184.84693073106297,185.7177108212929,182.19550627651256,184.5142822265625,1062200
2025-08-07,184.22076581241438,186.44171190823118,181.01165269684046,183.44784545898438,1977800
2025-08-08,183.00757761181464,183.3500046400676,179.47559441962616,180.28765869140625,1655500
2025-08-11,180.63987076576643,180.64964927616813,170.2102459325317,171.62890625,3185000
2025-08-12,172.44097281848258,174.04552935846948,171.05166294243494,172.65621948242188,1447200
2025-08-13,171.70717585962254,176.8632872578699,171.70717585962254,176.1686248779297,1248000
2025-08-14,175.41526556055877,177.11766690525116,173.75200811566538,176.3643035888672,1291000
2025-08-15,178.4247957609076,178.4247957609076,173.85030707169838,175.47702026367188,1290000
2025-08-18,176.00939497441004,176.8375316921816,174.78689669339812,175.8812255859375,1154800
2025-08-19,176.55161645549666,179.67685821988002,176.5023193842141,178.21775817871094,1496800
2025-08-20,179.38110195657384,182.38804297098267,178.5628186612852,179.02618408203125,1289000
2025-08-21,177.60652215556658,177.81356386160573,175.91080500173783,176.8276824951172,1171300
2025-08-22,177.72482783489548,179.4205448903145,176.86710086634605,178.86843872070312,1110300
2025-08-25,178.51353647380532,179.27265425320886,176.4333263027122,178.1290283203125,1121300
2025-08-26,177.6065239541984,180.97825149988796,177.19245558128262,180.81063842773438,1325800
2025-08-27,180.12050951225467,181.08666896880996,178.64168757037515,179.09519958496094,882500
2025-08-28,178.03044258742844,178.57268029778405,175.23054337458885,177.4487762451172,1219900
2025-08-29,177.61637523561768,181.61905083044806,177.4389087824531,181.1556854248047,1108700
2025-09-02,181.38243883515696,183.4133519227165,181.0275209625399,183.1570281982422,1209900
2025-09-03,182.82182366636468,183.81755832556314,180.20922929556417,182.08241271972656,1112100
2025-09-04,182.29932949556135,183.57110985605235,181.402173829802,182.68382263183594,733700
2025-09-05,182.9696993713523,187.52448102049865,182.50633397584008,182.8612518310547,1330100
2025-09-08,182.01339092212794,185.7301674337185,181.43172459707498,184.88230895996094,1466200
2025-09-09,185.0893666553412,186.18369553541837,184.55698231186838,185.04006958007812,925000
2025-09-10,183.99502497915168,184.71471408920428,180.40641778255969,182.9795684814453,1336400
2025-09-11,183.5809525636548,185.0992030561985,182.82181979570598,182.93026733398438,916000
2025-09-12,182.02327875825975,182.999291668588,180.85993094083656,182.3979034423828,871500
2025-09-15,183.67953545798406,184.29077702635672,181.65847586285471,182.94012451171875,939500
2025-09-16,189.76242867541438,192.59191823982542,186.04566700046777,190.71873474121094,2815300
2025-09-17,190.36382198184802,192.15813321932382,187.26815521417066,188.39205932617188,1189300
2025-09-18,186.44987480164156,187.81039586905493,184.93162415227522,186.4104461669922,1869300
2025-09-19,186.54846591472923,187.99771266901445,185.20766670815775,187.49490356445312,3209100
2025-09-22,187.43574722611888,190.72860218848976,185.66117292758162,189.62440490722656,1718400
2025-09-23,189.2201984880435,190.1962264308841,187.14000330091628,188.04701232910156,1308800
2025-09-24,188.10615954519048,189.3680864358874,187.41604562736484,188.19488525390625,1136400
2025-09-25,189.62442062314844,189.62442062314844,182.4965024727603,182.64437866210938,1356600
2025-09-26,182.5063415753191,185.7597528763644,182.3880406331063,185.45413208007812,1043300
2025-09-29,185.020339842987,185.93721726500291,180.68246818540993,181.51060485839844,1334700
2025-09-30,182.15142675285574,185.01049159878946,180.60360090737436,184.4091033935547,1074900
2025-10-01,184.44853203958985,186.71606207800585,181.84580596370373,186.16397094726562,1273900
2025-10-02,184.3499500030041,187.19914636291264,184.15276170799893,186.35128784179688,1056700
2025-10-03,186.33157309486052,192.58205717451563,186.09495615786227,192.37503051757812,1678800
2025-10-06,192.6411962326847,193.28202809115655,190.1863614714727,192.42430114746094,1392900
2025-10-07,193.2228781065668,194.33691372708208,190.5905768856718,191.6454620361328,1417700
2025-10-08,191.7440649963579,193.81440676020324,191.0243607953342,192.7989501953125,1013500
2025-10-09,193.15386288757782,193.15386288757782,188.4019228343608,189.86102294921875,1165300
2025-10-10,190.97508325690447,192.95669935821368,188.86529776600045,189.41738891601562,1199100
2025-10-13,186.03580688584728,186.99211299444386,183.9851718820193,186.52874755859375,1577400
2025-10-14,185.9372097061941,188.74696224175764,181.92466579920372,186.75547790527344,1604100
2025-10-15,186.96253293693974,188.92444217949316,186.1245277975355,188.89486694335938,1551300
2025-10-16,189.30892971649416,191.46801215079543,183.83728554258434,184.16262817382812,1508300
2025-10-17,185.51327719500952,185.7794693506576,182.27958782548166,185.08935546875,3175400
2025-10-20,184.87246522831518,186.36114057280997,181.4711777586062,183.58096313476562,1433300
2025-10-21,184.65556976531798,184.87246485392498,182.6936605705019,183.50209045410156,905700
2025-10-22,183.11760036201605,183.50209347207846,179.24307898213655,181.59933471679688,1254700
2025-10-23,181.64862815017142,182.15142219375824,178.34591980282644,179.01632690429688,1139200
2025-10-24,180.3176882825502,180.3176882825502,176.77837793704177,176.84739685058594,1217500
2025-10-27,177.4093463067689,178.93746541123846,176.4136115567276,178.88816833496094,1335000
2025-10-28,177.12344227185093,179.78531883785374,176.8769719408626,177.70510864257812,1761000
2025-10-29,176.20657025672344,176.64036045958883,171.05041498544026,172.80528259277344,3128800
2025-10-30,169.6997600839773,170.4884531222964,160.78738433475934,168.7434539794922,4296700
2025-10-31,169.06880159586456,169.285696700783,164.06052242990788,167.2350616455078,2500700
2025-11-03,165.84494876836075,166.27873893494882,159.15080650764418,160.0183868408203,2657100
2025-11-04,160.12684986474514,164.52388738178973,159.3874388393021,163.6070098876953,2084300
2025-11-05,163.79432009474488,167.81671764113946,162.97603680297627,167.4815216064453,2199000
2025-11-06,166.26888232289133,167.89559556332134,164.92808309594088,165.2731475830078,1612500
2025-11-07,166.39705297645682,168.97020390056102,165.628066727263,168.2012176513672,1260900
2025-11-10,167.46179170944941,167.5110887812039,161.7042487516862,166.52520751953125,2248200
2025-11-11,167.6096879474017,171.87855612671086,167.44208991805522,170.28143310546875,2037500
2025-11-12,171.07998025760736,176.90654233303272,170.9419574777675,175.74319458007812,2426700
2025-11-13,175.70376549723372,178.87830446877484,175.18124961465287,175.62489318847656,1924700
2025-11-14,176.70938081256438,178.00088299037424,174.66859917158123,176.66993713378906,1595700
2025-11-17,179.14368688483208,183.39576502393297,177.70313385552492,177.83229064941406,2295000
2025-11-18,177.94157621883187,183.3560201027765,177.69320709425415,181.7366485595703,2216000
2025-11-19,180.72332280705726,181.81613791625585,180.22658453217178,181.2895965576172,1374100
2025-11-20,180.4650085518576,183.87264098810152,179.76957800137384,181.4684295654297,1511700
2025-11-21,182.89903699113205,185.78011289206884,180.64384100180976,184.78663635253906,1874400
2025-11-24,185.0747301835767,186.71397550119084,183.90243519211475,184.5879364013672,2821600
2025-11-25,185.0051969435799,185.7403750184629,184.19053892877048,185.53173828125,1341900
2025-11-26,187.1610377412702,187.81673587128577,185.81983839889728,186.97227478027344,1061900
2025-11-28,186.77357792395287,188.2538633339773,186.2768396847934,186.85305786132812,527700
2025-12-01,186.50534158405506,186.7636551794139,183.7136750073589,183.8726348876953,1289200
2025-12-02,183.27654942143923,183.79316147124544,179.03441547403253,181.5777130126953,1648200
2025-12-03,182.4320895750391,184.22033509891418,179.27282650831373,179.45166015625,1437200
2025-12-04,180.80279444457523,181.38894194379435,178.25948186022495,181.2697296142578,1295300
2025-12-05,180.3457824231592,182.05456316464767,179.38210903432272,181.1107635498047,1084300
2025-12-08,180.10734503953475,181.08096290810929,177.9912504377818,179.60067749023438,1824400
2025-12-09,179.75963658837063,180.43519331784938,174.424672745538,177.6137237548828,1333900
2025-12-10,177.96145010897249,179.7099632898059,177.15673657029774,178.8853759765625,2083600
2025-12-11,179.5112685705061,181.40881229581956,178.82576737010766,180.3954620361328,1058300
2025-12-12,180.85245091636358,182.5016255037892,179.7894389704674,180.64382934570312,1020100
2025-12-15,185.23369883180553,187.39948558328098,183.1772102659276,186.88287353515625,2213100
2025-12-16,187.76705322807538,188.61151429306486,185.6310848767462,186.92259216308594,1475900
2025-12-17,187.58824616314064,188.94930416185147,186.465612830336,187.70745849609375,1069600
2025-12-18,187.28024857117413,188.8002663954276,185.62114464402325,186.9325408935547,1022600
2025-12-19,186.87293886899232,189.90303011775583,185.98874537543293,188.02536010742188,3558700
2025-12-22,186.33644904079833,186.77358112422837,182.88908438922297,185.16415405273438,1354400
2025-12-23,183.7931594300355,183.7931594300355,177.63360792963545,181.42868041992188,1750200
2025-12-24,181.89561561387998,183.75342704730676,181.41875112046648,183.59446716308594,458500
2025-12-26,183.37589322855223,183.91236386567283,182.38241673375626,182.9983673095703,814700
2025-12-29,183.15733643553705,183.4057055717775,179.12382408847176,179.59075927734375,1869800
2025-12-30,179.37219442307548,182.10425493997315,179.03441603375157,181.00149536132812,1008000
2025-12-31,181.00148341181898,182.5413749969856,180.62395749617542,180.7928466796875,924600
2026-01-02,180.79284423106253,183.23680302361817,179.54106933297183,181.2200469970703,1192500
2026-01-05,182.89903071860905,183.79315350982233,178.6072049385891,178.8158416748047,1689700
2026-01-06,178.88538412455458,181.21011559978078,178.06079677375232,178.1104736328125,1775200
2026-01-07,180.9120808352371,182.07444654760832,178.73636482519024,178.89532470703125,2120500
2026-01-08,177.83229463445642,184.22034129376885,177.48457179353883,183.54478454589844,1412800
2026-01-09,183.6639954647563,189.18772237208006,182.79967576184185,187.83660888671875,1855600
2026-01-12,189.4261583797625,193.6186303327302,189.1579154859168,191.8701171875,1766900
2026-01-13,191.84032089685402,195.37709486084103,191.70123479127864,194.01602172851562,1826300
2026-01-14,194.43330142218628,199.19204740585252,191.90986250701746,197.821044921875,1888400
2026-01-15,196.7182804116375,200.4040849736006,196.4103051156922,199.75833129882812,1294400
2026-01-16,199.12249013741345,200.54316943319387,194.94989181648074,196.46990966796875,3971900
2026-01-20,197.37397008974048,200.19543964939245,195.04923876915035,197.57266235351562,2228600
2026-01-21,196.38049259225295,197.0361907026306,192.8834511628201,194.7909393310547,2099900
2026-01-22,194.26439543749225,194.88036119891996,189.29701275089204,189.4062957763672,1688400
2026-01-23,190.1116728986511,191.50253400264165,187.8763506648633,189.9527130126953,2524500
2026-01-26,190.61832739802563,190.7574134988786,187.64784242425532,188.73072814941406,1491600
2026-01-27,188.52210190058682,190.65808554725083,187.55842844850682,190.37991333007812,1258100
2026-01-28,190.37991608613325,191.78070650029986,188.12472007353304,190.74749755859375,1301600
2026-01-29,191.99926971733083,194.42335488847024,188.6115262536472,189.29701232910156,1963400
2026-01-30,189.07845949382545,193.51928561358247,188.2439276918874,193.47955322265625,1401500
2026-02-02,196.05264953938226,196.88716616400436,192.43639567343806,196.71827697753906,1672800
2026-02-03,194.91016112309555,203.07653934024137,194.44322594538352,200.1557159423828,2037100
2026-02-04,201.81481832757905,204.61642937183234,200.68225570866247,204.44752502441406,3342400
2026-02-05,217.42233598648457,224.0786254402765,214.49156821242292,222.916259765625,5700300
2026-02-06,224.1282993108299,232.90068326400797,224.1282993108299,230.0196075439453,3831000
2026-02-09,230.66537267463372,233.33782695672645,228.53933351403282,229.03607177734375,2482400
2026-02-10,228.99633352621152,230.07921927429808,225.80726728729564,227.50611877441406,2958000
2026-02-11,227.218016080614,230.5262794723067,225.51916460230711,229.34405517578125,3268700
2026-02-12,229.52288392450723,231.2415940948742,224.61510738926677,224.78399658203125,2447100
2026-02-13,225.5688472454281,225.71786265995826,219.9159634124378,221.1280059814453,2200300
2026-02-17,221.0800018310547,222.05999755859375,214.6199951171875,219.39999389648438,2696900
2026-02-18,219.66000366210938,222.25,215.61000061035156,222.0399932861328,2469000
2026-02-19,222.66000366210938,223.49000549316406,218.75,219.91000366210938,1618100
2026-02-20,220.74000549316406,222.3000030517578,217.47999572753906,221.77000427246094,2742400
2026-02-23,220.3699951171875,227.8000030517578,218.14999389648438,226.07000732421875,1889700
2026-02-24,225.8300018310547,230.47999572753906,225.8300018310547,230.2100067138672,1618900
2026-02-25,229.5399932861328,231.14999389648438,225.55999755859375,229.63999938964844,1666300
2026-02-26,230.42999267578125,232.60000610351562,229.75,231.5,1422300
2026-02-27,232.1699981689453,236.77999877929688,232.1699981689453,236.27999877929688,2289800
2026-03-02,235.42999267578125,239.47999572753906,234.74000549316406,235.69000244140625,1073100
2026-03-03,234.0399932861328,236.66000366210938,232.74000549316406,234.16000366210938,1168400
2026-03-04,234.9600067138672,236.02000427246094,230.17999267578125,232.0500030517578,1249100
2026-03-05,229.2100067138672,229.83999633789062,225.22000122070312,226.5800018310547,1763000
2026-03-06,225.61000061035156,227.2899932861328,224.02999877929688,224.99000549316406,1270200
2026-03-09,223.8800048828125,224.9199981689453,220.22000122070312,222.77999877929688,2150400
2026-03-10,219.77999877929688,222.25,216.5800018310547,219.0,1569200
2026-03-11,218.0800018310547,219.13999938964844,214.85000610351562,217.85000610351562,1283500
2026-03-12,217.00999450683594,219.69000244140625,214.66000366210938,215.5,1423300
2026-03-13,218.3000030517578,219.99000549316406,216.22000122070312,217.08999633789062,1160500
2026-03-16,219.22000122070312,221.3800048828125,218.00999450683594,220.11000061035156,1403300
2026-03-17,220.92999267578125,221.02000427246094,214.80999755859375,217.7100067138672,1183800
2026-03-18,216.7100067138672,218.1699981689453,212.2100067138672,212.72000122070312,1813200
2026-03-19,212.19000244140625,212.7100067138672,209.1300048828125,210.5800018310547,2274900
2026-03-20,211.69000244140625,212.3699951171875,208.97999572753906,210.13999938964844,5666500
2026-03-23,211.3000030517578,216.38999938964844,210.25999450683594,215.1699981689453,1712600
2026-03-24,214.27999877929688,217.38999938964844,212.3000030517578,215.1999969482422,1171300
2026-03-25,215.83999633789062,217.63999938964844,212.17999267578125,217.0,1171000
2026-03-26,215.27999877929688,217.16000366210938,209.9499969482422,210.42999267578125,2009700
2026-03-27,210.92999267578125,216.0800018310547,210.4499969482422,213.72999572753906,1715000
2026-03-30,213.5500030517578,215.27999877929688,211.3800048828125,213.5500030517578,1617300
2026-03-31,215.07000732421875,215.19000244140625,205.5399932861328,207.88999938964844,2473200
2026-04-01,203.38999938964844,205.2100067138672,199.6199951171875,202.88999938964844,2245600
2026-04-02,202.8000030517578,206.49000549316406,200.8300018310547,206.19000244140625,1686200
2026-04-06,205.4499969482422,208.83999633789062,204.99000549316406,207.97000122070312,1474500
2026-04-07,207.63999938964844,208.83999633789062,205.9499969482422,206.97999572753906,1781900
2026-04-08,207.32000732421875,209.02000427246094,206.27000427246094,208.99000549316406,1283800
2026-04-09,207.60000610351562,210.9199981689453,207.0,210.83999633789062,1489500
2026-04-10,210.7899932861328,211.08999633789062,202.19000244140625,202.30999755859375,1885400
2026-04-13,200.24000549316406,201.3699951171875,196.85000610351562,197.61000061035156,2357700
2026-04-14,196.1199951171875,200.38999938964844,193.92999267578125,197.67999267578125,2588300
2026-04-15,196.6699981689453,197.52999877929688,191.74000549316406,191.88999938964844,2131200
2026-04-16,192.0,193.2899932861328,190.72000122070312,191.36000061035156,1740600
2026-04-17,190.1699981689453,194.91000366210938,189.64999389648438,192.6300048828125,3200800
2026-04-20,194.10000610351562,195.67999267578125,191.05999755859375,191.4499969482422,2084400
2026-04-21,191.24000549316406,191.9499969482422,188.22000122070312,188.7100067138672,1258400
2026-04-22,188.5500030517578,189.9600067138672,187.75999450683594,188.64999389648438,1421500
2026-04-23,189.67999267578125,192.83999633789062,189.6199951171875,192.24000549316406,600843
