timestamp,open,high,low,close,volume
2021-01-04,110.90946857119269,111.22262524867816,108.54339884647756,109.49156951904297,16819900
2021-01-05,109.50907627770478,110.65682778188479,108.44018109392785,110.08733367919922,13731200
2021-01-06,113.7934122794916,116.32546401702017,112.04112028551481,115.2565689086914,24909100
2021-01-07,118.8838046379264,121.07416137937578,118.20917101827456,119.04150390625,21940400
2021-01-08,119.12913330303363,119.46207183310611,117.50826383374968,119.17294311523438,12035100
2021-01-11,117.91130607540558,121.08293890678272,117.49951786737961,120.95152282714844,15937900
2021-01-12,122.1693547384883,124.11439283303311,121.6349070932507,122.85274505615234,18033500
2021-01-13,121.42465457603812,123.35216649296868,120.99535306419192,122.9666748046875,14816800
2021-01-14,123.08930318303366,125.06938104029771,122.65998841079985,123.68507385253906,18565600
2021-01-15,120.40829852506262,124.10562220867287,120.04032015351709,121.46843719482422,27881000
2021-01-19,122.53732764334819,123.27328435739169,120.75000228511718,120.94274139404297,19843800
2021-01-20,120.7500200924025,121.05666208403633,118.66479572622207,119.129150390625,16028800
2021-01-21,118.88382395240029,119.29561215620411,117.6835125411178,118.13034057617188,13411700
2021-01-22,116.2553900423437,117.75358674082494,115.82607525839204,117.2191390991211,12933200
2021-01-25,115.77350804444507,116.67593405104029,113.95112943212206,115.7559814453125,14212800
2021-01-26,116.30799135578827,116.67596983716784,115.07262643116118,115.28290557861328,11307800
2021-01-27,113.53932073081036,113.76712637172933,111.57676310230539,112.02359771728516,17603900
2021-01-28,113.81094583874884,115.79979376365834,113.01366604082438,113.99494171142578,13761800
2021-01-29,114.94118298751462,115.40553762994654,112.31275442935103,112.7332992553711,14808100
2021-02-01,113.37288317829048,113.95991067174756,112.56683333399515,113.56563568115234,11080700
2021-02-02,115.59826758096379,117.74481447769602,114.96744378052902,117.0614242553711,12253600
2021-02-03,117.09647424068524,118.94513599452885,116.97381478933968,118.40193176269531,10600800
2021-02-04,118.69105616372725,121.48595359875816,118.69105616372725,121.1267318725586,12419500
2021-02-05,122.12554707918179,122.21316670868592,120.36450482472777,120.89018249511719,10051300
2021-02-08,121.08294212880118,122.92284750591448,121.06541552809058,122.78266143798828,10136400
2021-02-09,122.16056276921587,122.642443898506,121.38079634868305,122.2919921875,8614800
2021-02-10,122.65995342606021,123.42219314431107,121.81885072026269,122.36206817626953,10323200
2021-02-11,122.36211908110053,123.1418857175224,121.10047118197312,122.02042388916016,9201000
2021-02-12,121.82763867684747,124.07056173141139,121.7838288703851,123.7551498413086,8324600
2021-02-16,125.77029790577562,127.32107435934103,124.76272569415428,126.73404693603516,12130600
2021-02-17,126.12077687521993,127.37366826437767,125.39357661151926,127.12834930419922,10810100
2021-02-18,126.16455345166834,127.73284306018522,125.63886246473552,127.5576171875,10587800
2021-02-19,127.79420414958922,130.40510625281465,127.79420414958922,129.68667602539062,11969800
2021-02-22,128.6790701044949,131.58787019589346,128.6089770863903,130.90447998046875,11488400
2021-02-23,132.74441012799014,133.44532714374114,131.06221731151578,131.9558868408203,16234400
2021-02-24,131.51780428457832,134.71572035256767,131.51780428457832,134.27764892578125,15061400
2021-02-25,135.16255262531052,135.71451349490434,131.938340190342,132.45526123046875,18127700
2021-02-26,131.68427167802906,132.1836661455895,128.3636828240177,128.9419403076172,19829200
2021-03-01,131.00083535438577,132.63046100147787,130.0896396329611,131.8594512939453,14845500
2021-03-02,131.49151219392232,132.98095227069587,131.28123311046045,131.43017578125,14221700
2021-03-03,132.49905115781846,135.78458614346377,132.1398428264004,133.97097778320312,14324100
2021-03-04,133.70812815786616,135.25890436621202,130.21231422891725,131.9120330810547,20093900
2021-03-05,134.24259181587536,134.47915409917874,129.64284242664147,132.2187042236328,18465100
2021-03-08,133.5854728725339,136.20514424721716,132.07850642294116,133.97097778320312,17133300
2021-03-09,132.73562105622415,135.14501351764076,131.2637077150378,133.02474975585938,16238800
2021-03-10,133.09483517988744,136.8184414986174,132.74437009326957,135.916015625,14342200
2021-03-11,135.02234875964538,136.8096739420259,134.36524175056962,135.2063446044922,11771500
2021-03-12,137.43175965089253,138.10639334776394,135.86346992681177,136.8096923828125,12849500
2021-03-15,136.98492653158675,137.48432095536938,134.89094585988298,136.1262969970703,12101100
2021-03-16,135.0048533179935,135.45169474336393,133.3401871917287,134.49668884277344,12805600
2021-03-17,136.10000185838342,137.44926908361168,134.0936409864517,135.88096618652344,13952400
2021-03-18,138.08012017804987,141.66354126937128,137.65080536355958,138.12391662597656,21898500
2021-03-19,136.24895797706222,136.6257063217128,132.4640281450565,135.92478942871094,54418800
2021-03-22,133.87464446064223,134.89973010042522,131.95588927506876,132.27130126953125,19944800
2021-03-23,131.71054314832278,133.2788328115755,130.51023184121524,130.94830322265625,17076300
2021-03-24,131.42142584483568,134.2075536556844,131.29876638213565,131.96463012695312,13079800
2021-03-25,131.42145694776013,134.02360286483633,130.83444271099265,133.65562438964844,15608300
2021-03-26,135.18881934575157,136.19637808875686,133.65556964273173,135.88096618652344,16754400
2021-03-29,133.27881720531232,134.68940742313467,132.3325815279337,133.7694549560547,17570300
2021-03-30,135.32899861353877,136.5643495806763,134.82083427598278,135.3465118408203,13184300
2021-03-31,134.29518159342555,135.3553203764512,133.2788526288336,133.37522888183594,16736700
2021-04-01,133.0861060974922,134.74201570514077,132.77946409244927,134.67193603515625,16561500
2021-04-05,136.07315734826662,136.54906842732942,134.4868229450295,135.3857421875,13508000
2021-04-06,134.65427043739672,135.9674166606182,133.8346651571286,134.43394470214844,13071600
2021-04-07,134.9274802024861,136.80464624670302,134.5308831369443,136.54025268554688,16903500
2021-04-08,135.72063253545366,137.05139493540713,134.23122863718018,136.7076873779297,12335500
2021-04-09,137.3158279888054,138.39982699012882,136.57553664388297,137.73004150390625,12122400
2021-04-12,137.11311593409016,138.58489026146785,137.10430774564455,137.43919372558594,12273400
2021-04-13,136.38165105072645,136.7782347455184,134.33702145895435,135.79998779296875,16113600
2021-04-14,133.49094420334512,135.57081947407457,133.01503313211947,133.26181030273438,19939600
2021-04-15,133.29705213668674,134.13428713000596,131.59614414113608,134.10784912109375,17694100
2021-04-16,135.6060801940227,136.17011354237428,134.56614917109334,135.10374450683594,13773400
2021-04-19,135.2095214663922,135.61492681377607,134.1519604243546,134.53091430664062,11900200
2021-04-20,133.728943864153,133.7377520544471,131.00570692997104,131.5521240234375,13716700
2021-04-21,130.2477727959318,132.7330538699798,129.3664697394809,132.67135620117188,12236700
2021-04-22,132.3981828501701,132.45988053223337,129.78071113435482,129.87765502929688,15256100
2021-04-23,129.71015418964092,133.19131139796912,129.2783243757055,132.36288452148438,14041900
2021-04-26,132.88288312319528,134.363479354943,132.530367254865,132.68899536132812,10799100
2021-04-27,132.63611132408963,133.57911205879174,132.29240366653653,133.29708862304688,12821200
2021-04-28,134.33700925248564,134.74241454767858,133.4292682422321,134.16075134277344,8943700
2021-04-29,135.31526631659517,136.8487384866835,135.01562650273507,136.76942443847656,12976900
2021-04-30,135.80880807648273,136.15251573489212,134.8481775127489,135.55322265625,11705100
2021-05-03,136.46979321561554,137.0250050356331,134.95395077668758,135.15664672851562,11801100
2021-05-04,134.724792407349,137.16600561134427,134.08144494877445,137.02499389648438,12977700
2021-05-05,137.48323097681336,139.49260019989623,136.27585049518905,138.82281494140625,10506700
2021-05-06,139.30759767808615,141.73118138064754,138.50560857090088,141.61660766601562,13542400
2021-05-07,138.55846121194037,142.33043704353875,138.38220329831384,142.10130310058594,14257800
2021-05-10,142.3304276928185,144.29572952349213,141.9955282655983,142.0836639404297,14014300
2021-05-11,141.9602883834848,143.11479315804195,139.28111974169397,139.72177124023438,15451700
2021-05-12,140.6647718755699,141.69589476824692,138.3910085298142,138.7611541748047,14381700
2021-05-13,139.40448182866254,143.16764885717976,138.9638303926924,142.33041381835938,15395000
2021-05-14,143.11478921484266,144.930271187189,142.76227340476973,144.54249572753906,10584000
2021-05-17,143.97846419783855,145.28280229648757,143.67882441069608,145.12416076660156,9886800
2021-05-18,145.1329372196799,145.85561196341652,142.982569704855,143.0795135498047,11098100
2021-05-19,141.88978098698632,142.04840906987988,139.8099053985892,141.98672485351562,13278900
2021-05-20,141.73997497558594,142.6477160658073,140.58547010050546,141.73997497558594,10426000
2021-05-21,142.18941110750353,143.84626491458127,141.83689531551977,143.3527374267578,10249000
2021-05-24,143.9696373191826,144.73636651251616,142.8768169197114,144.12826538085938,9440300
2021-05-25,144.40149136914977,146.03189373135058,142.38330011607223,142.63888549804688,12609100
2021-05-26,144.1547181865093,144.30453806203187,142.162965076071,142.62124633789062,13058300
2021-05-27,144.48961857221286,145.19466363446793,143.2734296236293,144.84214782714844,15707500
2021-05-28,145.1329707620373,145.36211814721233,143.88152212284876,144.74520874023438,10291300
2021-06-01,146.18170577738718,147.09826831187286,145.83799818885876,146.34034729003906,9445400
2021-06-02,147.40674309791964,147.56538463946117,145.88209258886187,146.34918212890625,10498600
2021-06-03,145.77630538377704,147.39789937518577,145.11532825653404,146.4460906982422,13354400
2021-06-04,146.48138609475447,146.8867779677455,145.44144150130873,146.68408203125,8510800
2021-06-07,147.17761650093482,147.26575218926402,145.53839221038496,145.99667358398438,7267200
2021-06-08,144.9655183909461,146.08476338802527,143.7933839240422,145.41497802734375,10370700
2021-06-09,144.65710951079524,144.72761538187464,143.0178849891535,143.59954833984375,12377400
2021-06-10,144.85095814491547,145.62650906955795,141.28167839097026,141.36099243164062,12119400
2021-06-11,141.38738941168853,142.06599627380513,140.18000898428082,141.26400756835938,13683800
2021-06-14,141.14066262798954,141.29930415238428,138.0649239266613,138.86691284179688,19917900
2021-06-15,138.10018929905132,138.2940770515518,135.83524738683082,136.76060485839844,24485500
2021-06-16,136.3640077894381,138.9109728909911,134.93630124979595,137.72122192382812,25321200
2021-06-17,138.45273600963012,138.7700056947469,133.29710698838687,133.74656677246094,29722400
2021-06-18,131.57855302202015,131.93106887628176,130.0450808159846,130.3623504638672,43595700
2021-06-21,131.38465089180474,133.25300892066804,131.33177486421295,132.57440185546875,18664800
2021-06-22,132.7242160001011,133.05029375483122,131.01448630130585,132.38050842285156,14251200
2021-06-23,132.37171319730788,133.99330755464524,132.27476932553137,133.18251037597656,12733300
2021-06-24,133.88755093386155,134.9451118505592,133.27064151975597,134.4075164794922,13733200
2021-06-25,134.47803159707985,136.1613236803624,133.66723439017304,135.76473999023438,15484900
2021-06-28,135.45629508317546,136.1437104827251,134.06383445527206,136.0115203857422,14125800
2021-06-29,136.60197635669732,137.7564812310609,135.3769656227581,135.84405517578125,14528700
2021-06-30,135.50033911419163,137.55377676131098,135.4650929103979,137.07786560058594,12531000
2021-07-01,137.71238377421685,138.48793461515686,136.97209257929126,138.43505859375,10479400
2021-07-02,138.2311813684132,138.5591516947402,137.4954831581547,138.30209350585938,11424000
2021-07-06,138.0805328114798,138.0805328114798,135.04025023398185,135.9798126220703,15083400
2021-07-07,134.7388587460548,136.75094871429897,134.33113079440767,136.13934326171875,12271800
2021-07-08,134.38430981746646,135.19977923550832,132.9926842662223,133.79043579101562,17834600
2021-07-09,135.66066643538898,138.40844046710194,135.24406612467567,138.07162475585938,13694500
2021-07-12,136.81299170185636,141.07648460789807,136.4495720361371,140.04827880859375,19940400
2021-07-13,138.31981640269902,139.50756420028057,136.05954118932092,137.9652557373047,22671700
2021-07-14,138.23116626954726,139.41005506624498,135.57202226875404,137.49546813964844,14622800
2021-07-15,136.4141386996224,138.7453269068551,136.23686506402134,137.79690551757812,11539300
2021-07-16,138.24007071476723,138.5237057740701,133.86134374994975,134.6502227783203,14002700
2021-07-19,131.67201497455477,132.7977236123591,129.15469398735746,130.2715301513672,22172900
2021-07-20,129.87263584394012,133.94998308965623,129.70422117589024,132.7001953125,15385200
2021-07-21,134.7743273668526,136.19252983685018,134.16272188802625,135.49229431152344,12356700
2021-07-22,135.51004085692946,136.0064124530907,132.93066682140056,133.78158569335938,9913300
2021-07-23,134.26907815633373,135.4745576479783,133.17883259830012,133.52452087402344,9666100
2021-07-26,133.12564456459683,134.69454366455776,133.10791314691176,134.4197540283203,8208000
2021-07-27,133.31174381747218,135.1642910372804,132.77992314572356,134.24244689941406,11218700
2021-07-28,134.9870580064133,135.41253094430652,133.7372701360457,134.46409606933594,9217300
2021-07-29,135.74048693442194,136.38754175949134,134.65024127914674,135.61639404296875,9063500
2021-07-30,135.24408099766993,136.2102335159539,134.02087028913337,134.53497314453125,9805200
2021-08-02,134.75659720929346,136.90163911627397,133.9056784243494,133.9943084716797,10203200
2021-08-03,134.68567429807973,135.90002622298712,132.5317736159463,135.5188751220703,10394800
2021-08-04,134.06520965448289,135.9443342154893,133.76384317302131,134.0563507080078,10155000
2021-08-05,134.97819616696538,136.2279975356676,134.73886933516673,135.7493438720703,9151500
2021-08-06,137.55756319917384,139.8887511442105,137.48665104788685,139.6051025390625,13328800
2021-08-09,139.6227908373582,140.53576252491447,138.18684388621358,139.45437622070312,9516900
2021-08-10,138.93144367440405,141.8033111299167,138.55029258950182,141.1651153564453,8667000
2021-08-11,141.82105254586773,143.15062491348525,141.00558311674214,142.84925842285156,9156500
2021-08-12,143.48745368821557,143.921772003893,142.30856457045914,143.4076690673828,8844200
2021-08-13,143.4076626236192,143.73563298870502,141.43990805864865,141.80331420898438,8980900
2021-08-16,140.88146158137766,140.96123266118295,138.96687451541055,140.87258911132812,8755800
2021-08-17,139.6671155068264,140.810541494785,137.62843570125315,139.1707305908203,9347200
2021-08-18,138.55029876699618,140.0571447062244,137.69050757620948,137.9032440185547,8065500
2021-08-19,135.7582030253929,137.88551336012904,135.6252376762786,136.75094604492188,9517700
2021-08-20,136.8129886107794,137.30048761097405,135.75819247197182,137.1409454345703,6974100
2021-08-23,137.68167273699555,139.24169967868488,137.60190162906457,138.89601135253906,7934600
2021-08-24,139.16192423522904,140.535818548943,139.0466902884,139.75579833984375,7670900
2021-08-25,140.50032252927784,143.39879373535098,139.87099925700173,142.63650512695312,11335000
2021-08-26,143.8242573376149,145.21588278482804,142.84037333149664,143.37220764160156,11027500
2021-08-27,143.37223723977354,144.62203865895682,142.93790534601953,144.5245361328125,8780200
2021-08-30,144.6663247549273,144.91451048294923,141.7146728554796,142.21104431152344,7937600
2021-08-31,142.2110652489756,143.03539364017527,141.24491255656636,141.7767333984375,12340800
2021-09-01,142.01605148798308,142.49469156876154,140.90807456245898,141.57286071777344,8729900
2021-09-02,141.83874980104454,143.24809292523702,141.31577451666274,142.228759765625,8813300
2021-09-03,142.16672596427387,142.60991670716706,141.06760805285984,141.36898803710938,7959700
2021-09-07,141.81218031740787,143.04425005500363,140.89920845915887,141.1208038330078,9285600
2021-09-08,140.837158587275,141.448763997554,140.08372888835854,140.49147033691406,7852700
2021-09-09,140.28760376329723,142.55673823881511,140.11918911431437,141.1030731201172,7904300
2021-09-10,142.31742109429058,142.45924538990155,139.3569099302349,139.4810028076172,8311600
2021-09-13,140.5180864522401,141.86539039099048,140.11035845407147,141.6969757080078,10052800
2021-09-14,142.21989803076553,143.00877696408253,138.50595766741557,139.22393798828125,11685600
2021-09-15,138.913732776238,140.65990570254004,138.69213736452565,140.19012451171875,11691500
2021-09-16,141.29809724669397,142.57448894311835,139.3569193354744,140.12806701660156,10880900
2021-09-17,139.49872953975924,140.94352223679576,139.16190023027534,139.76463317871094,25581600
2021-09-20,136.40529169881026,136.9991658689001,133.39159905430094,135.58096313476562,15819900
2021-09-21,136.08614532357296,136.99025820546208,135.24408563632394,135.5986328125,8999900
2021-09-22,137.5664181337603,139.38350307279964,137.47778809106907,138.1957550048828,11236200
2021-09-23,140.04831691326743,143.33679916652073,139.75580931189083,142.86700439453125,12336100
2021-09-24,143.0974530196058,145.0031681208322,142.54790073508872,144.51565551757812,10102400
2021-09-27,146.25293367087016,148.38024365967635,145.90724545956147,148.00796508789062,13220900
2021-09-28,148.6462000588142,150.06441610941982,146.83798744314717,147.21026611328125,13387900
2021-09-29,147.3254843400693,147.9370762524775,146.2884060176907,147.0950164794922,7777100
2021-09-30,147.95480547062252,148.01685867065802,144.29404537157927,145.091796875,13161200
2021-10-01,145.36658196561464,149.17802553924722,145.01203473671805,148.14096069335938,11285000
2021-10-04,147.99911569384176,151.07486048851172,146.8999977978,147.98138427734375,14120000
2021-10-05,149.10499944768702,151.7177411423374,148.62346143824178,150.3979949951172,12292900
2021-10-06,149.8005358946567,150.79034886469572,148.02600241313112,150.71900939941406,8692600
2021-10-07,152.66292370438245,152.93935556466133,151.18266075499577,151.67311096191406,10195400
2021-10-08,151.61070541294677,152.78777236477782,150.96866394590825,151.78904724121094,8190100
2021-10-11,152.3062652620479,152.74320074963052,148.43619136471443,148.59669494628906,12154700
2021-10-12,147.80307841177563,148.64130015871032,146.92919373388324,147.45530700683594,13032600
2021-10-13,146.30496301898236,147.4998682783772,143.21068388442018,143.56736755371094,22753500
2021-10-14,144.23611837112637,146.25140637858286,142.729105127317,145.76988220214844,15176800
2021-10-15,147.44638038353847,149.06930891373983,146.36738973573767,148.5699462890625,14267400
2021-10-18,148.45400658921304,150.35338049012066,147.94573167325507,148.5164337158203,12672900
2021-10-19,149.27436055320553,150.38901382378384,148.54315508314193,150.31768798828125,8053900
2021-10-20,150.07694903421293,152.36866954061844,149.3279051524266,152.3419189453125,8185600
2021-10-21,152.27059966294442,152.77888825431927,150.41581437187298,151.14703369140625,8415200
2021-10-22,151.6196152219426,153.45656187508905,151.32534508722364,153.1801300048828,8817900
2021-10-25,154.00945982599293,154.2323905390945,152.02090806836713,152.4311065673828,10159200
2021-10-26,152.4845944090869,153.8132662412064,152.07439594599043,152.84127807617188,8015100
2021-10-27,151.87827800669498,152.21712351676612,149.2209334929469,149.6578826904297,9847000
2021-10-28,150.0769629620378,152.04766290105195,149.77378044936046,151.91390991210938,7212900
2021-10-29,152.64509788541554,153.59033545518025,151.0489201072479,151.49478149414062,8140100
2021-11-01,153.41197044410453,153.67057765206982,150.7100516966302,151.41452026367188,7435500
2021-11-02,151.4145407390419,153.09989635999239,150.62982028683703,152.01199340820312,7173800
2021-11-03,151.70880703890342,152.60052985489583,150.8349088824714,152.06549072265625,8402700
2021-11-04,151.59289106689397,151.77123292329742,148.46294862618703,150.0680389404297,9574200
2021-11-05,150.611975380586,151.6731276889618,149.28331711767015,149.85401916503906,7975600
2021-11-08,150.7457416010709,152.41325887786448,150.4693097109725,150.75465393066406,6413700
2021-11-09,149.2298012387916,150.228526321735,148.5610092050473,149.6132354736328,7990300
2021-11-10,149.31898980167068,150.65657408823077,148.99796902863181,149.4705810546875,6999200
2021-11-11,149.38140287902908,150.41579095562895,148.82852550677035,149.46165466308594,5815300
2021-11-12,149.49733227086182,149.57759766941209,147.77631367953546,148.79287719726562,8113400
2021-11-15,149.10498814101467,149.62217543547843,148.02599747372494,148.52536010742188,6492500
2021-11-16,148.97123329486502,148.9801592325637,147.2412886012529,147.45530700683594,9706100
2021-11-17,147.32151606149384,147.63361084847645,145.69857418539243,146.66163635253906,9909600
2021-11-18,146.59032163656786,147.00052014250582,144.95846715633294,145.39541625976562,8122500
2021-11-19,143.83490703102,144.55720040567232,142.18521421718538,143.4960479736328,12193600
2021-11-22,146.3851817390977,148.00810975638757,145.34186795513853,146.5546112060547,14549900
2021-11-23,147.58012423925942,150.3087938457192,147.4641959204849,150.05911254882812,12354400
2021-11-24,150.21963380444038,151.09351836726648,148.4183498794795,148.88204956054688,9629800
2021-11-26,144.58391997810585,145.03869366284258,141.62340764972922,144.3966522216797,13619300
2021-11-29,145.62724596466452,146.93807954825382,142.51514215060834,143.7724609375,12104400
2021-11-30,141.92660964580276,143.2374433014271,141.15080152706733,141.63233947753906,18922600
2021-12-01,143.56737162742732,145.59158620494438,140.7138613723036,140.7941131591797,12253400
2021-12-02,142.5240568529297,145.5737471981936,141.60558345683899,143.754638671875,12969900
2021-12-03,144.01322335257078,144.30749349128556,140.16990049774233,141.15078735351562,12681800
2021-12-06,143.5762697440025,145.00303153362952,142.1941104181493,142.8183135986328,11186500
2021-12-07,144.35210101694895,145.6985976379715,143.71005946883741,144.96739196777344,9851600
2021-12-08,145.04761814633707,145.5915695394718,142.82722371732308,143.3087615966797,11705700
2021-12-09,142.36352387061504,143.50492784015694,141.4718011689974,143.08583068847656,11189600
2021-12-10,143.85270544440084,144.1915508012989,141.89983065006132,142.51512145996094,10405400
2021-12-13,142.22978546192576,142.48837908494812,140.25015977323721,140.82086181640625,12069000
2021-12-14,140.40175515575305,143.4692838307284,140.2680021755229,141.8998565673828,12563600
2021-12-15,142.54192401844773,142.54192401844773,140.31261656496315,140.83872985839844,14014200
2021-12-16,143.023436756392,144.29860759104164,141.51642286390228,143.04127502441406,19542800
2021-12-17,142.06930593021548,142.1228071297828,138.37755988072212,139.78648376464844,28082000
2021-12-20,137.78007971088095,137.94950921352105,135.3991815578562,137.2718048095703,15148000
2021-12-21,138.58263044611493,140.16096985538925,138.29727264605543,139.18899536132812,11291300
2021-12-22,138.88585235139698,140.0540072631372,138.4310785358179,139.7329864501953,7273000
2021-12-23,140.5444387620308,141.89093536551516,140.18775506510846,140.23233032226562,8055200
2021-12-27,140.53551899986942,141.0705445169588,139.41193956142254,141.03488159179688,6188100
2021-12-28,141.070530454281,142.80938702305042,140.96352808285172,141.462890625,6342300
2021-12-29,141.65014771430114,142.34569028942937,141.02593097701518,141.39154052734375,6398900
2021-12-30,141.88201064714664,142.88966173255616,141.222130898185,141.32022094726562,6948200
2021-12-31,141.29350984118437,142.0425539126278,140.85657426948245,141.204345703125,5805900
2022-01-03,142.55079232444794,145.02978035858226,142.23868393470661,144.19155883789062,13120900
2022-01-04,146.5190137115205,150.32667498497312,146.4476742339755,149.6578826904297,20195800
2022-01-05,150.54596115953973,151.03037186584788,146.87694256757743,146.9217987060547,17539400
2022-01-06,149.72960509641362,150.14224866124152,147.00251104013205,148.48268127441406,14047500
2022-01-07,148.61722146599544,150.28576812918556,148.07000955795544,149.953857421875,13913300
2022-01-10,151.6672809815561,151.88256852359768,148.49165285474012,150.097412109375,12922500
2022-01-11,150.94065620808104,151.17390264766982,149.19137635202188,150.2499237060547,11854100
2022-01-12,151.1200722668103,152.13374973824253,149.971812702351,151.1021270751953,12568000
2022-01-13,151.01243535927617,152.33112651496512,150.60875746610398,150.91375732421875,13623400
2022-01-14,144.21264222235172,144.45485440743153,140.74995930359225,141.6380615234375,40158400
2022-01-18,139.7452498407538,139.7452498407538,135.04460866379125,135.69947814941406,32324800
2022-01-19,135.9685991254916,136.56065358417206,133.2594500165841,133.60032653808594,22380000
2022-01-20,133.65417700773426,135.10742290451475,132.1919516698012,132.46107482910156,14860800
2022-01-21,132.3175245318056,132.32649028369337,129.41999884423763,130.14662170410156,20705400
2022-01-24,127.6348139777881,130.5054283910756,125.20376774347633,130.0299835205078,28471400
2022-01-25,128.8638122263015,131.73444076573537,126.29819720869814,131.44737243652344,18915900
2022-01-26,133.41194726222673,135.07152845299575,130.93604463603194,132.6942901611328,20709100
2022-01-27,134.03986975767492,134.90106087312225,129.2943870928278,130.35292053222656,17536800
2022-01-28,129.34821668802778,131.65367396618265,127.53613578143928,131.5191192626953,14117000
2022-01-31,130.64896385719052,133.47472216848456,129.77880692944967,133.30429077148438,13985700
2022-02-01,133.3850326915344,135.87888044168872,133.03517674638817,135.59181213378906,14584900
2022-02-02,135.00871874818094,135.40343081369807,132.82885032476105,134.50636291503906,12441100
2022-02-03,134.56020362018114,136.0403603847344,133.0262112761155,133.39401245117188,12474900
2022-02-04,133.75284189376575,137.6999355482182,133.45680781645615,136.856689453125,16654400
2022-02-07,137.49358929406347,137.80755481973785,135.3226868013496,137.31417846679688,12572300
2022-02-08,139.0455086665912,142.1673007704185,138.86609784465506,139.89772033691406,20411400
2022-02-09,140.4718707795561,141.2254045926412,139.78113829498025,140.48085021972656,9131100
2022-02-10,140.5346444961809,142.66069079686912,139.24286467717144,139.89772033691406,16455600
2022-02-11,139.59272220121784,141.90715878928052,137.22446373476254,138.07667541503906,16830000
2022-02-14,137.00918708828794,137.86139892130083,134.8472636857616,136.7938995361328,17026500
2022-02-15,138.60593652730816,139.88875055914627,138.01388220078155,138.79432678222656,9500000
2022-02-16,137.91524667224485,140.03232781374226,137.91524667224485,139.04554748535156,9076500
2022-02-17,137.25139024977136,137.9062459914781,135.16122037658988,135.84298706054688,11367500
2022-02-18,136.47092316612597,138.27402444202514,135.57385540312123,136.47988891601562,11733300
2022-02-22,135.09843500652676,137.46669378146026,134.9279899106364,136.23770141601562,11333500
2022-02-23,137.35902915525605,137.52050849121017,132.73913505693665,133.38502502441406,11799000
2022-02-24,128.22689316888548,130.0658851782874,125.39215520138974,129.67117309570312,25655100
2022-02-25,130.29912498368114,134.67682113615314,129.994125153562,132.73915100097656,18367700
2022-02-28,128.77410781451724,130.12867550026303,126.37893801470638,127.20423889160156,31315300
2022-03-01,125.62537757109381,126.02008962110743,119.83032683874998,122.4049072265625,36840400
2022-03-02,123.15847876782367,125.62541614981947,122.5484790036898,124.94364929199219,19405600
2022-03-03,125.44598486023004,126.46864182475801,122.95213693465882,124.05552673339844,16640800
2022-03-04,121.05035761091736,121.48094641645369,118.77179723493775,120.56593322753906,21016000
2022-03-07,118.56547753013588,119.03195672916887,115.67691743579225,115.91016387939453,27560100
2022-03-08,116.29588641089471,118.22457699363802,114.16983294354164,115.09381866455078,19207800
2022-03-09,119.22031810161903,121.3194673847629,118.80767453414713,119.70474243164062,17536200
2022-03-10,118.28736877441406,119.71370338915295,116.90589029038762,118.28736877441406,15604200
2022-03-11,118.85254288973613,120.27887770827775,115.20146960113092,115.62309265136719,20061800
2022-03-14,116.13442121683083,119.23826861534666,115.92808573571372,116.77133178710938,15786900
2022-03-15,118.23355203367143,119.80342085968103,117.63251818286528,118.84355163574219,15096600
2022-03-16,120.98755638758453,124.23495184501412,120.59284427875663,124.15420532226562,20354900
2022-03-17,122.77271270567384,125.759950439783,121.92946669393392,125.72406005859375,17050500
2022-03-18,125.75997020383149,126.35203839297347,124.20804633366106,125.67923736572266,23656500
2022-03-21,125.90347877298659,126.27126619008537,124.45021954168062,125.27552032470703,12676100
2022-03-22,127.62586900562953,129.11499149210456,127.13247886485249,127.93983459472656,13548600
2022-03-23,126.46862193420927,127.01583387142114,124.8718422528046,125.39214324951172,12093200
2022-03-24,125.85864012963835,126.2264412860091,124.79112704504428,126.20849609375,10017600
2022-03-25,126.56732156158166,128.44219040718593,126.30717786288335,127.3118896484375,8383500
2022-03-28,125.58951982093696,126.45967687475002,123.70567154835436,126.36996459960938,10818100
2022-03-29,128.5947134188104,128.81898043650057,125.80483117121783,126.64806365966797,11316500
2022-03-30,127.29394954571882,127.49130560979737,125.50879290451562,126.07393646240234,8771000
2022-03-31,125.43703418436445,125.90351342949461,122.23449449400879,122.288330078125,17353900
2022-04-01,123.2571164358171,123.26609587469585,120.02768040650668,121.38224792480469,15721300
2022-04-04,120.31475002974481,122.84448823916672,119.21136027516562,121.9205093383789,17416400
2022-04-05,121.16140211737226,122.36333416100445,120.20345006098204,120.50167846679688,12110300
2022-04-06,118.91111945239349,119.79675851151022,118.35081916045061,118.82978820800781,12914700
2022-04-07,118.34178761407875,119.21839457185682,116.33553393644571,118.46830749511719,12994200
2022-04-08,118.9924803553849,121.00776649871203,118.82981782607027,120.63725280761719,13126900
2022-04-11,120.19438934326172,121.91144653231332,119.80579756064816,120.19438934326172,10466400
2022-04-12,119.41720538697705,121.62227784070798,118.11585024775015,118.87496948242188,12989900
2022-04-13,114.71788172495935,116.8054665809154,113.8774243201899,115.04322052001953,30838000
2022-04-14,114.32023962420212,115.94693353883649,112.98273497274542,113.9768295288086,18835200
2022-04-18,113.5701657969634,116.79644358494293,113.45268501524188,116.09154510498047,11834400
2022-04-19,116.0824985338104,118.67617687695247,115.88367960047871,118.49542236328125,15015400
2022-04-20,119.76062934387755,120.65530071190196,118.69423568013787,118.9111328125,13430200
2022-04-21,119.4895082054732,120.02269812837983,117.4471119743755,117.98933410644531,12174200
2022-04-22,117.73628767913453,117.95318479344604,114.4919459109022,114.60038757324219,14318800
2022-04-25,113.87741931573453,114.88054607395067,111.25663775728529,114.56423950195312,17149000
2022-04-26,112.63932512452813,114.23890862656471,111.03974851730746,111.17530059814453,17209500
2022-04-27,110.55174861207772,111.66331712699217,109.5486217699453,109.72936248779297,17215200
2022-04-28,110.98553131004637,111.74465750876819,109.47632491193721,111.4645004272461,13015600
2022-04-29,111.2024256148152,111.7085051378511,107.45199713421772,107.86770629882812,14874800
2022-05-02,108.33762647553962,109.08771348260495,106.83745935622471,108.85274505615234,18545000
2022-05-03,109.82878051543918,112.21459403011836,109.1509924284322,111.18435668945312,15720900
2022-05-04,110.97649210909837,115.13359049410413,110.92226438022381,114.86247253417969,17128500
2022-05-05,113.19057771608482,113.9587359463727,110.39809491667222,111.98863220214844,15055400
2022-05-06,111.88020614431191,112.32302569727985,109.51246430133546,111.80790710449219,14417900
2022-05-09,110.35292059808538,111.45545681268602,108.89793518633415,110.12699127197266,14312300
2022-05-10,111.25663543092608,111.8621243567012,106.24100174472149,107.44294738769531,16382400
2022-05-11,107.81348267241837,111.05782465119682,106.58442652415488,106.76516723632812,14630300
2022-05-12,105.73491506029154,106.92782151851247,104.26185846936285,106.6747817993164,16318800
2022-05-13,107.91287624334767,108.67199539648124,106.60248214117874,107.6236801147461,10443200
2022-05-16,107.12665119486428,107.958069468724,105.94278372024193,106.87361145019531,10269000
2022-05-17,109.38593871056871,111.13011330984578,109.17808070565741,110.41617584228516,11160200
2022-05-18,109.62090876078413,110.22639768329066,108.02132531497953,108.52740478515625,12664900
2022-05-19,106.81033581679398,108.12976207352874,106.3042495070164,106.91877746582031,12765800
2022-05-20,107.95807381611333,108.14785363225734,103.94556657530786,106.04219055175781,13150100
2022-05-23,108.86179067081902,114.38350420641545,108.85275156681057,112.60317993164062,24376700
2022-05-24,112.3862908750424,115.21492371545938,111.25664418073296,114.1937255859375,19324900
2022-05-25,114.12143054877978,115.54930567526587,113.11830369743468,114.98899841308594,12780400
2022-05-26,116.01018869398546,117.65496084587582,115.86560440198564,116.9771728515625,15990900
2022-05-27,117.62785462635095,118.6309814453125,116.7060590600973,118.6309814453125,11177800
2022-05-31,117.64589690430057,120.32993805559101,117.22116251243808,119.49851989746094,17015000
2022-06-01,120.07691196126312,120.07691196126312,116.28130209955692,117.40191650390625,10768000
2022-06-02,117.39289066820074,119.29973503001206,116.2813220712044,119.29070281982422,8374800
2022-06-03,118.57675167649165,119.08283115250005,117.47421547963128,117.62784576416016,8596000
2022-06-06,118.46829864467907,119.6431339034861,116.99524880898599,117.23924255371094,11323500
2022-06-07,116.42590199657988,117.77244574458803,116.2361152951919,117.54651641845703,6722200
2022-06-08,116.5795367360115,116.98620678065254,114.68173170299315,115.67581939697266,8422100
2022-06-09,115.10646657277493,115.7661831872911,113.20865486558762,113.24480438232422,13560100
2022-06-10,110.78670816689691,111.51872391904678,107.83155542504012,108.03941345214844,12945200
2022-06-13,105.60841065322221,106.59345926062625,103.98171665635213,104.82217407226562,16805600
2022-06-14,104.42453134213635,106.02410784622846,102.31886848788942,103.07798767089844,13357900
2022-06-15,104.48782214919363,105.68976121078593,102.2737100882044,104.29804229736328,14083500
2022-06-16,102.89725044105892,103.2587387333875,101.09885497761422,102.50865173339844,16724900
2022-06-17,102.60806879979629,103.59311740229734,101.36094133828087,102.14717102050781,30919900
2022-06-21,104.71373130830838,105.7620398438149,103.96364425676538,104.67758178710938,11680500
2022-06-22,103.8190386133303,105.01194514678221,103.37621907681064,104.09015655517578,9842700
2022-06-23,103.93654023269491,104.09017053612834,100.74641890993237,102.95148468017578,11851500
2022-06-24,102.32790123176514,106.47595985574357,101.96641297406664,106.02410125732422,14841100
2022-06-27,106.69286698952862,107.09050482560198,104.50587268075745,105.17462158203125,11280500
2022-06-28,106.34041663724126,107.80444119495111,104.46972203868671,104.66854095458984,11590900
2022-06-29,104.83123078342167,105.57227886316696,103.68351258356422,104.1986312866211,9338400
2022-06-30,102.27368813884739,103.09607421510097,100.24936325895432,101.76760864257812,15172600
2022-07-01,101.80376401830425,103.40334074376509,100.45722705553179,103.0689697265625,10573600
2022-07-05,100.99024674215688,102.75896869914422,99.650037118661,102.67691802978516,12514200
2022-07-06,101.86551285671348,103.0142641569838,101.00850195629745,102.01138305664062,10656200
2022-07-07,103.47922576144309,104.75562288886854,103.38805602858515,104.59151458740234,10347400
2022-07-08,104.99267749225798,105.43941408522994,103.57952218355622,104.2633056640625,8807800
2022-07-11,103.52482738601759,104.1447913871077,102.31224961162279,102.89574432373047,7939500
2022-07-12,102.64048104956557,105.01092952861606,102.34873365146407,102.99604797363281,11250900
2022-07-13,101.88374015936986,102.54929248449999,100.63469314504873,102.02961730957031,12979900
2022-07-14,98.45569417246023,98.67450987671165,96.69609121331531,98.46481323242188,26204800
2022-07-15,99.52239630334259,103.82566725409747,98.16394162937758,102.97777557373047,18863900
2022-07-18,104.63709203129324,105.6126227432874,101.46434093029362,101.92019653320312,13977900
2022-07-19,103.14190070755488,104.7921029519822,102.72251432862689,104.44564819335938,11862300
2022-07-20,104.0262587394845,104.609753419511,103.46100218084929,104.42741394042969,11667500
2022-07-21,104.33624634213706,105.33000834839368,103.36071550184063,105.1385498046875,11595900
2022-07-22,105.06562357396163,105.98645406876547,103.63423690262002,104.62800598144531,7645500
2022-07-25,105.61262743163024,106.17789090842075,104.63709667633044,105.04737091064453,9394000
2022-07-26,104.46387653413653,105.3755877827379,103.05072131648251,103.40628814697266,10675100
2022-07-27,103.94420419292103,105.52146080012055,103.29689002372183,105.06560516357422,9337400
2022-07-28,105.07471625177361,105.74026849118914,103.50657186810258,104.6735610961914,10384800
2022-07-29,105.38471566325983,106.21437636247455,104.65535072867485,105.1750259399414,12944500
2022-08-01,104.39093823517094,104.94708265472225,103.0871908680628,104.12654113769531,14740400
2022-08-02,103.86213266508774,104.29975707817447,102.357807874595,102.5036849975586,14942900
2022-08-03,103.43364403265252,104.02625776783941,101.84726832088568,103.57952117919922,14394500
2022-08-04,102.88662461505184,103.31513006314175,101.21819117258478,102.43988800048828,18033900
2022-08-05,102.5948801888925,105.93174716906084,102.15726262297896,105.53971099853516,14174600
2022-08-08,105.98644920100857,106.39671654462559,104.09920689991961,104.25419616699219,10332500
2022-08-09,104.61887691977174,105.74939704082172,104.27242911249343,105.19325256347656,10233800
2022-08-10,107.54545626199369,108.83097243993163,107.12606992930743,107.93749237060547,12847300
2022-08-11,109.31417313445912,110.49939350865196,108.77625991503429,109.5329818725586,11684900
2022-08-12,110.01619247768109,111.45669789077503,108.89479155979754,111.3472900390625,9906700
2022-08-15,110.44469667973978,111.88520207732508,109.95237178604083,111.64815521240234,8456200
2022-08-16,111.49316927609387,113.27100342615174,111.11025222158983,112.71485900878906,9555000
2022-08-17,111.50228771728254,112.28635994213667,110.94614330300683,111.76667785644531,8149300
2022-08-18,111.44759151026271,111.65728817761779,109.90680408589245,110.90056610107422,9531800
2022-08-19,109.97062156422541,110.30795029981103,107.6822242108551,108.15631103515625,13464500
2022-08-22,106.44227755119122,106.81608246424692,105.302638605247,106.36933898925781,8967600
2022-08-23,106.38759219568678,106.93461757615913,105.19324568100646,105.32088470458984,7607000
2022-08-24,105.1111819703536,106.13230098820786,104.34534096801184,105.57615661621094,9771300
2022-08-25,105.90438464092031,108.25659443508277,105.46676017002672,108.0833740234375,10758900
2022-08-26,108.91302674356575,109.39623260047188,104.48210944484156,104.54592895507812,11276200
2022-08-29,103.9350749793608,104.7191471540905,103.44275010528837,104.29064178466797,8117300
2022-08-30,104.84679761492905,105.37559182881495,103.3515916662762,104.30889129638672,10745400
2022-08-31,104.3727024754996,104.87413946796919,103.33334529582191,103.68891906738281,10738300
2022-09-01,103.28778121394107,104.50947110234287,102.02962203629967,104.40007019042969,9979800
2022-09-02,105.6399999907041,107.08049868313738,103.19661321670829,103.67070007324219,10666600
2022-09-06,104.23595712027515,104.61887420614619,102.17548758479874,103.69804382324219,9751900
2022-09-07,103.14189889372177,105.85880168171782,102.80457015780182,105.66734313964844,10647900
2022-09-08,105.10206356208,108.30217174677391,104.50944990479532,108.12894439697266,11435000
2022-09-09,108.62126275528324,109.45092321689678,108.19275741408099,108.64861297607422,9299700
2022-09-12,109.97060471880314,110.81849639199207,109.21388277219066,109.93413543701172,8614600
2022-09-13,107.64574992677623,108.42070311911871,105.55793027299376,106.11407470703125,12904600
2022-09-14,106.39670719576539,107.43605753368846,104.73739288822108,105.867919921875,9345700
2022-09-15,105.86792222450472,108.84009615439363,105.53970558898975,107.46341705322266,10821400
2022-09-16,107.02578469902062,107.03490375928382,105.18413100673314,106.74315643310547,14844100
2022-09-19,105.75850642596968,108.24748123258331,105.31176985507157,107.7278060913086,8201300
2022-09-20,107.04401333412926,107.29929135243893,104.51856946198505,105.60350799560547,9619000
2022-09-21,106.2508365921889,106.30553704477167,102.49458350185508,102.55840301513672,12606300
2022-09-22,103.3698226400101,103.57040023496134,101.26377180463231,101.39141082763672,11684500
2022-09-23,100.33383392188415,100.59822408455982,97.69898875373855,99.5041732788086,18138600
2022-09-26,98.46481065934786,99.93266626360436,96.6960886864614,97.36164093017578,15753600
2022-09-27,98.23689928067458,98.61981638341935,95.41059544891144,96.50464630126953,12793600
2022-09-28,96.59581180339339,99.13037512194984,96.31318351937313,98.45570373535156,12762600
2022-09-29,97.50751535833088,97.80838174007948,95.18265584543074,96.78726959228516,12713900
2022-09-30,96.69610168109314,98.1183760894761,95.18266448644368,95.27383422851562,15973400
2022-10-03,96.29496206575092,98.79304939287385,95.23737348655948,98.21867370605469,12248100
2022-10-04,100.84438972081601,103.01426015959885,100.16060623041493,102.81368255615234,16013600
2022-10-05,100.9555581545919,102.05939744109392,100.10928090040441,101.54427337646484,10943500
2022-10-06,100.68878182704552,101.36028876432013,99.29058511910067,99.47455596923828,11521400
2022-10-07,98.90423905253799,99.0790162797713,96.83453532470998,97.4876480102539,11681100
2022-10-10,98.1775566472107,98.71107498130193,96.1446413233369,96.57698059082031,8931700
2022-10-11,96.00666583890084,96.16304177997259,93.68859357932449,93.78977966308594,12739700
2022-10-12,93.64259675715924,96.3378111859489,93.16426130589896,95.30755615234375,13181000
2022-10-13,93.80818345471592,101.09353957098361,93.60581128181309,100.60601043701172,22398700
2022-10-14,102.98845450292639,106.00562141801723,101.84781977069312,102.28015899658203,33387100
2022-10-17,106.16199746098077,107.63378524849804,105.15933742514736,106.57593536376953,22276300
2022-10-18,110.07144505078197,110.51297790830733,107.58779640955845,109.31714630126953,21539700
2022-10-19,108.5352598097451,109.30795283865571,106.40116561366753,107.17385864257812,17072000
2022-10-20,107.77177291324199,109.19756456102361,106.38276982142175,106.82430267333984,12207400
2022-10-21,107.12785728043768,112.58267637162659,107.00827693250288,112.43550109863281,20593300
2022-10-24,112.28831416479986,113.23577731551822,111.60761364201812,112.57347106933594,12624200
2022-10-25,112.08594935825614,113.39216064136113,111.2028766449723,112.86783599853516,11289100
2022-10-26,113.14381669880261,115.16752443416716,113.03342996089505,114.16487121582031,11667000
2022-10-27,115.16751255306443,116.08738088661299,114.2568448679021,114.61559295654297,10727600
2022-10-28,115.25030815523692,116.16097587044742,114.10967334905133,115.97700500488281,11859500
2022-10-31,115.62743795815351,117.21881314254274,115.52625188768748,115.79301452636719,13295200
2022-11-01,116.70368792073003,118.00069850959324,116.2069582213661,117.88111114501953,13386900
2022-11-02,117.42121090989227,119.91405360679553,116.49214179559448,116.79570007324219,16546100
2022-11-03,116.18856567845296,117.90871495160084,115.82062396353767,117.00724792480469,12474400
2022-11-04,119.11376529557342,120.34638559457294,118.16630195749849,120.2083969116211,14953200
2022-11-07,120.50274709319883,121.68937102228881,120.02441164791836,120.84309387207031,12011200
2022-11-08,120.72352252607168,121.47780724444024,119.71166176671274,120.91668701171875,9884100
2022-11-09,120.79711309521187,120.89828513458521,118.8653840315612,119.34371948242188,9494000
2022-11-10,122.00214652649201,124.41219716675424,121.91015407496917,124.25582122802734,16351600
2022-11-11,124.35699721454469,125.25846421475916,123.05997954818707,124.45818328857422,10704700
2022-11-14,123.99824764200531,124.85371840985461,123.1795654296875,123.1795654296875,11085600
2022-11-15,123.88785431886616,124.835331568913,121.05467234292503,122.28729248046875,14038300
2022-11-16,122.34247064929635,122.85759459573194,121.45019737205082,122.45285034179688,7893400
2022-11-17,121.42263451629441,122.24131686939295,120.76032811422833,121.91935729980469,8820200
2022-11-18,123.78667965255467,123.87865805777638,121.6801734570925,123.11516571044922,9468500
2022-11-21,123.02319251818793,123.77747723170171,122.11251784062623,122.38848114013672,7800500
2022-11-22,123.26237525255705,124.43061214214235,122.97721827199913,124.21903228759766,9185700
2022-11-23,124.12701874881029,125.56201091347803,124.05342760753567,125.54360961914062,7316200
2022-11-25,125.54363925126508,126.15075578302252,125.15729619544081,125.7828140258789,3220500
2022-11-28,125.1664870470627,125.75520220104728,123.43713014144959,123.58431243896484,9906900
2022-11-29,123.86946626620134,125.69080153509853,123.63949919562073,125.6172103881836,7925300
2022-11-30,125.18488506151688,127.10740661621094,122.51727236124805,127.10740661621094,14761200
2022-12-01,127.10741662182204,127.54896358705759,124.57777836565158,125.32288360595703,8858500
2022-12-02,123.71309664207149,124.50418396659444,122.65523964188837,124.32940673828125,8931900
2022-12-05,123.48312543307155,123.78668365587976,120.13480538826083,120.84309387207031,10154500
2022-12-06,122.70122153899852,124.28339600331013,119.46328146830558,121.04545593261719,13966700
2022-12-07,120.78790740397876,122.41607826790143,119.88644037637134,120.96268463134766,11739400
2022-12-08,121.72619387306531,122.3241027521174,120.89830384505628,122.23212432861328,8907300
2022-12-09,121.60658225602866,123.04157450873353,121.42261140959295,121.56979370117188,7957800
2022-12-12,121.79056993214695,123.86027382172249,121.05468644471567,123.4555435180664,8841600
2022-12-13,125.92075726537226,126.10472809805329,122.41606167112549,123.33592987060547,10025400
2022-12-14,123.05997414348795,124.83532717601992,122.1217045924292,122.7196273803711,9966100
2022-12-15,120.64073923552233,121.49622417599453,118.70902395007897,119.67488861083984,12087800
2022-12-16,118.80098279613571,119.49088400641774,118.13867651137888,118.92976379394531,21133700
2022-12-19,119.26091217488259,120.80629812297502,118.74578820421029,119.6380615234375,9017200
2022-12-20,120.47515233305785,121.46861178105034,119.76684981219651,120.21759033203125,8549900
2022-12-21,121.58818096056233,122.3240783823811,121.21104563799565,121.56979370117188,8051700
2022-12-22,120.59473910764675,120.77870995946004,118.1202911479405,120.18999481201172,8648200
2022-12-23,120.11640990854696,120.90749724493894,119.25173142038864,120.76031494140625,5091900
2022-12-27,121.02707287270906,121.62498162316444,120.08880332386423,121.1834487915039,5411000
2022-12-28,121.28465151631285,122.7196439433272,120.51195140970101,121.84577178955078,8827700
2022-12-29,122.27809877499747,122.59086469611543,121.70778486273859,122.54486846923828,6585200
2022-12-30,122.1677319049432,123.5659359397746,121.82738505520578,123.3543701171875,9292500
2023-01-03,124.40300391783875,125.78280647845155,123.16117599885622,124.29261016845703,11054800
2023-01-04,125.09291203233433,126.64747787858346,124.706568978585,125.45166015625,11687600
2023-01-05,125.71111429984926,125.7574502808693,123.894848478059,125.4238510131836,8381300
2023-01-06,126.14664805302213,128.23163995736851,124.626921186111,127.82390594482422,10029100
2023-01-09,128.4355058180764,128.69497034378918,126.8416442231229,127.29570007324219,8482300
2023-01-10,127.68489216994938,128.54669613706488,127.24009787646544,128.4355010986328,9048700
2023-01-11,128.71347947194283,129.5011486437458,127.97216041583958,129.38995361328125,8703700
2023-01-12,129.73284704445615,130.5297779561767,129.01005088496055,129.26025390625,11001700
2023-01-13,125.65551692138334,132.9668879183642,124.91418364348826,132.52207946777344,20200000
2023-01-17,130.81701239235827,131.1598731733884,129.01928393227195,130.47415161132812,14292900
2023-01-18,128.73200877399617,130.40926636588327,126.40608997803037,126.55435943603516,13392600
2023-01-19,125.39607132853446,125.93352354290775,123.79293380785,124.86786651611328,13303400
2023-01-20,125.24777975943063,125.5535802591071,123.7558517008759,125.17364501953125,13092500
2023-01-23,125.21070703148442,127.84244084474776,124.93271942775594,127.20304107666016,10487100
2023-01-24,126.41536871268397,130.00155011000138,125.09950890834466,128.29649353027344,6945000
2023-01-25,127.92583629217025,128.9173583984375,127.18450302762814,128.9173583984375,8967000
2023-01-26,129.19533497384634,129.78839864200455,128.21307459906114,129.71426391601562,7487600
2023-01-27,130.29811453716846,130.90043996782737,129.50118361089568,130.02938842773438,7489900
2023-01-30,129.01930883385893,129.81623972338787,128.72278397297444,128.92665100097656,6729300
2023-01-31,129.6216202707968,129.79768849678175,128.11115511077284,129.6957550048828,9188700
2023-02-01,128.07410463789716,130.54829325131965,127.99069421830544,129.35289001464844,8841800
2023-02-02,129.7328251316886,130.1590963500424,127.87949905837876,128.7505645751953,11822100
2023-02-03,128.04629647186732,131.89195670361985,127.99997463008327,130.74288940429688,11501200
2023-02-06,129.94596104263303,131.80856290141585,129.76063125273973,131.51202392578125,8406200
2023-02-07,131.01162785812542,133.75454259559032,130.82628393444696,133.11514282226562,10447900
2023-02-08,132.18847601755812,133.4765370679939,131.84561522002844,132.17921447753906,6958000
2023-02-09,132.6240119576392,132.82787896099774,129.61235702773652,130.1220245361328,6443100
2023-02-10,129.52895812609816,130.91895268101243,128.4262268501719,130.69654846191406,6582900
2023-02-13,130.93745316223738,132.26257414570165,130.41852426969888,132.11431884765625,7134600
2023-02-14,132.04947412052846,133.26340035710024,131.21548309777444,132.69813537597656,9249400
2023-02-15,131.2247560339507,133.3375466721923,130.93749274871482,133.254150390625,6728300
2023-02-16,132.42943198193922,132.87422632749147,131.28962614556048,131.41937255859375,8165300
2023-02-17,130.64095868762428,132.35529106289493,129.7977060205286,131.80856323242188,7948800
2023-02-21,130.37221408839721,130.97453935641977,128.57448568386212,129.38995361328125,9996300
2023-02-22,128.73203678321767,129.20462987621065,127.36057934765923,128.3984375,11107500
2023-02-23,128.55595174504145,129.89034870367567,127.82389420955033,129.42701721191406,8068000
2023-02-24,128.90807019170916,130.9930616133091,128.7412635253096,130.59458923339844,9126900
2023-02-27,131.68806954312896,132.80006223113793,131.3266715660322,131.73440551757812,10014700
2023-02-28,132.45722294669986,133.21707931979367,131.49348542502423,132.837158203125,11019800
2023-03-01,131.67884484689523,132.93910734985184,131.40084306217165,132.09584045410156,7139200
2023-03-02,131.80859009324035,131.9846442391168,129.30658792437492,130.72439575195312,11106800
2023-03-03,131.13207104919564,133.19853964117584,130.7336127614423,133.12440490722656,9513100
2023-03-06,132.9205348006957,133.4765240826197,132.19773883636643,132.34600830078125,9261300
2023-03-07,131.59542802066633,131.87342979188446,127.70344564288506,128.45404052734375,11747600
2023-03-08,127.87950550894317,128.4262333346065,126.85090892078097,127.69417572021484,10002500
2023-03-09,126.73041665822825,127.27715853073298,119.74338441829867,120.78124237060547,25888100
2023-03-10,119.50245819997406,125.34042337285148,118.4460559508401,123.84849548339844,37599700
2023-03-13,121.58746667652436,124.06165535712526,119.9194703357383,121.62452697753906,42901100
2023-03-14,125.35896116231253,125.59062689688803,121.66157094817605,124.74736022949219,29648100
2023-03-15,121.37433033542027,121.38360601597593,117.43601918303698,118.85380554199219,34280600
2023-03-16,118.622124529571,122.27317898084158,116.77806715483966,121.16118621826172,24558500
2023-03-17,118.96500397287782,119.05766179175706,116.24987395013869,116.5834732055664,38396000
2023-03-20,117.67693236359524,119.97505971381725,116.76880658293382,117.81593322753906,22875500
2023-03-21,121.01292852689767,122.06932387515457,120.64226894987145,120.97586822509766,17807800
2023-03-22,120.98513078442906,121.07780274934426,117.76034718992405,117.85301208496094,17250200
2023-03-23,118.52022403182302,120.03068249422785,116.77809270083337,117.53795623779297,16677600
2023-03-24,116.41666496338486,116.4630009392736,114.08147741806526,115.74947357177734,22311100
2023-03-27,117.49160135325894,119.89166217375193,117.028269858248,119.06693267822266,18853900
2023-03-28,119.27080607716869,119.85459417722348,118.37193472748154,119.42833709716797,10820500
2023-03-29,120.55886849682805,120.67006353813926,118.39973482303591,119.66926574707031,14595300
2023-03-30,120.4198541009021,120.57738511423462,118.28853344143305,119.307861328125,12134700
2023-03-31,120.15113080741834,120.78125487519789,119.4005360220757,120.75345611572266,13105200
2023-04-03,120.38279804783063,121.800591357579,119.91946653118723,120.61446380615234,11775400
2023-04-04,120.92953616583767,121.01293245241038,118.06615054211929,119.0020751953125,11579900
2023-04-05,118.42301895348227,119.68382327165587,118.1054771924964,119.17950439453125,9614700
2023-04-06,118.60980863489203,119.61846068612611,118.47905823477232,119.04875946044922,8760200
2023-04-10,118.18020558100874,119.75855181831997,117.88134648944423,119.4410171508789,9477300
2023-04-11,119.82392148798569,120.42163960796621,119.11412854849803,120.02938842773438,10516300
2023-04-12,120.6457963086853,121.81321583133814,119.59979297662089,120.01072692871094,11821000
2023-04-13,119.97336856368719,120.51503864900333,118.45104903740956,120.46835327148438,12450200
2023-04-14,126.22135951976774,129.92908407768445,125.98787567733332,129.56484985351562,43931300
2023-04-17,130.70426129549892,130.80699476339154,128.56555541938278,130.59219360351562,16050500
2023-04-18,131.00311913687133,132.41335642388827,129.84503414076758,132.05845642089844,13760100
2023-04-19,131.8996845649713,132.15185109790454,131.1245165198227,131.89035034179688,9158100
2023-04-20,130.6669404205876,132.08651235033372,130.60155808463406,131.50747680664062,10586200
2023-04-21,130.50814259486725,131.7876295784063,129.61155830847594,131.25527954101562,11842500
2023-04-24,131.1806021622107,131.77832038308873,130.78833666503863,131.43275451660156,7567500
2023-04-25,130.37740841650321,130.71362578436776,128.53755424384534,128.5749053955078,10629300
2023-04-26,128.52820213199345,128.70565216150288,125.14736009851921,126.29609680175781,14416100
2023-04-27,127.01522972966504,128.79904997913064,126.69769507551487,127.99586486816406,9041100
2023-04-28,127.5382650592878,129.18200111675884,126.70706280321802,129.10728454589844,9887300
2023-05-01,132.86167355918573,133.8983426470363,131.52615248918775,131.8717041015625,20415800
2023-05-02,132.05849653289422,133.00178066931096,129.28470648454353,129.74234008789062,14113400
2023-05-03,129.29405476124063,129.50885597235643,126.79109978766246,126.99656677246094,12930900
2023-05-04,126.04395429213784,126.75374021475564,123.10204861463683,125.25943756103516,17089200
2023-05-05,127.42616110609312,128.7710304978289,126.93117643423547,127.70634460449219,11261400
2023-05-08,128.40680811856598,128.85509320709122,127.46352406161003,128.01455688476562,7484900
2023-05-09,126.94983306821415,127.90245117381971,126.277412685654,127.39813232421875,7343600
2023-05-10,128.83641030628993,128.9391437900356,125.95988701213741,127.4635238647461,8133400
2023-05-11,126.08130023946373,127.77172131811376,125.98790098344053,127.06193542480469,7057300
2023-05-12,127.78109773220721,127.93986510157902,124.33487249206317,125.24079132080078,9988600
2023-05-15,125.39952667996555,126.70703071204808,125.11000894791336,126.29609680175781,7639500
2023-05-16,126.51090627413573,126.95919131391835,125.11000305543114,125.44622039794922,6477200
2023-05-17,126.92182174170358,129.43411037810316,126.51090211500139,129.30335998535156,12711500
2023-05-18,129.135290205709,130.49882831537636,128.65897388939536,130.28402709960938,10999600
2023-05-19,130.55485449843033,131.2086208352598,129.00453219445134,129.9851531982422,13492200
2023-05-22,131.68492275092876,132.28264097920177,128.56558119246412,128.9111328125,11402500
2023-05-23,128.4534819041472,129.8450509240399,127.44484410867604,127.56624603271484,9514900
2023-05-24,126.45487571431444,127.34212594313692,126.15602372991617,126.39884185791016,8578000
2023-05-25,125.9132021840053,127.26740592967897,125.6890525137463,126.70703887939453,8472500
2023-05-26,127.1179592797064,128.50952828093497,126.66967423765121,127.89312744140625,8579900
2023-05-30,127.76239849545193,128.6216175747922,127.03392983577807,128.37879943847656,7399900
2023-05-31,127.69698096666289,127.7997144288534,125.52090981351684,126.74437713623047,14219900
2023-06-01,127.50087540035871,129.09789708675177,126.50155759891467,128.4908447265625,12248100
2023-06-02,130.3400262278686,132.13318054196728,130.13455929337277,131.18991088867188,12922500
2023-06-05,130.85371078269984,130.85371078269984,129.0045223796328,129.90109252929688,8511900
2023-06-06,129.5181512330025,130.8443520088864,129.07921471650812,130.13455200195312,9329500
2023-06-07,130.33069985868914,131.93707003389363,129.65826516903496,131.3953857421875,9281400
2023-06-08,131.37672066007025,131.5821876345027,130.26533500311115,131.43275451660156,7368100
2023-06-09,131.07784257613426,132.43204609200288,130.94709218668604,131.69422912597656,7249100
2023-06-12,131.75031886418873,131.98380279419482,130.52685110034514,131.6849365234375,7596600
2023-06-13,131.1992738679104,133.4313794630357,130.88173917253985,132.63754272460938,7701600
2023-06-14,133.55280059538285,134.12250192319644,131.40474570768927,132.14256286621094,9068700
2023-06-15,131.30200183365224,133.92635857454218,130.77900018075655,133.6368408203125,9343100
2023-06-16,133.59949002550854,134.45870906481903,133.08582259691903,133.7956085205078,13813500
2023-06-20,133.18853185188502,133.5527660984883,131.72224639073605,133.1138153076172,8428600
2023-06-21,133.45939472968294,134.50541231717898,132.3293406070789,132.917724609375,9926500
2023-06-22,132.90834324104497,133.17919248489687,129.7703197565961,130.35870361328125,10075200
2023-06-23,129.3874089623591,129.98512707104325,128.52819007179585,129.67694091796875,9919500
2023-06-26,129.6955949131713,130.7602806209539,128.59355806244997,129.9944610595703,8429700
2023-06-27,129.81704569009904,130.6015481575484,129.3874290527476,130.0038299560547,8154000
2023-06-28,129.96644728216324,130.0131469000075,128.84572770751336,129.43409729003906,7558600
2023-06-29,130.81633648382567,134.07576186365375,130.6108695586492,133.954345703125,15423200
2023-06-30,135.04707113220857,136.35457505574118,134.1691695332407,135.83157348632812,14212800
2023-07-03,136.53203468399295,137.73680522331213,136.35458465672096,136.92428588867188,8021600
2023-07-05,136.2942689956518,136.75503110193193,135.74886452312396,136.0121612548828,8934900
2023-07-06,134.48876602280728,134.83669068550142,133.00301235042232,134.6674346923828,9709500
2023-07-07,135.3256981118395,137.1405657343438,134.46997663504473,135.73004150390625,8981500
2023-07-10,135.8805082759092,137.28163425338343,135.8805082759092,136.49172973632812,9100100
2023-07-11,137.6107179952473,139.00244533955592,137.01830767229464,138.6262969970703,11260900
2023-07-12,138.654517681909,140.93016153305126,138.23136331698382,139.31275939941406,11323200
2023-07-13,139.82994945668568,140.45998181729362,138.9366204184682,139.98980712890625,11234900
2023-07-14,142.50998755489587,143.770052600036,139.5572903267186,140.83616638183594,27028400
2023-07-17,141.38153177647354,144.57871385563266,141.38153177647354,144.2307891845703,17262400
2023-07-18,144.2307981597808,145.18994423405886,143.70420478207672,144.4940948486328,13491700
2023-07-19,143.6383953372702,145.9516615690135,143.14001121819382,145.04891967773438,12510000
2023-07-20,145.3121945631174,147.24931207038827,145.1993572243928,146.83555603027344,9935900
2023-07-21,146.50645614114134,146.82617153003497,145.46266761385175,145.7071533203125,10636400
2023-07-24,145.72595293417018,149.3180803107643,145.50026390451757,148.57521057128906,14381400
2023-07-25,147.91697040494864,148.31191544958145,146.656905593702,147.46560668945312,9944700
2023-07-26,147.36216242019992,148.81029419886468,146.95780471245106,148.34951782226562,8728600
2023-07-27,148.35896018619374,149.3087081152689,146.27138292944974,146.71334838867188,10778400
2023-07-28,147.8981260402577,148.19904468177882,147.10823612915058,147.55020141601562,9103800
2023-07-31,147.80411192295733,149.87289208348741,147.77590258882222,148.53759765625,8892700
2023-08-01,148.03921029249162,148.57521637814307,146.83556411782206,147.8041229248047,6853900
2023-08-02,146.28076942585813,146.4030194553348,144.75740779094255,146.13031005859375,8299400
2023-08-03,145.75415842243157,147.5596275662202,145.14293704590386,147.0236358642578,6084000
2023-08-04,147.07067147908836,148.38716952626356,146.41242962979885,146.71334838867188,6209400
2023-08-07,147.25870418882388,148.2930797961079,147.25870418882388,147.40914916992188,7251800
2023-08-08,145.11473741719715,146.67570663590206,143.48792249952785,146.58168029785156,8623400
2023-08-09,146.0550962518034,146.2431632885542,144.3154438775193,144.61634826660156,6277800
2023-08-10,145.17113300465522,146.16790099076863,143.9580743433723,144.40003967285156,5995100
2023-08-11,143.90165938480195,145.30278507694817,143.52552538554008,145.23695373535156,5180700
2023-08-14,144.44709391815624,145.67894952408608,143.79825043751342,145.53790283203125,5044300
2023-08-15,143.73242626004551,144.1273713266908,141.268700822504,141.83291625976562,10300300
2023-08-16,141.61661049992682,141.95513682230194,140.75147651606358,141.23106384277344,6978200
2023-08-17,141.87993118346174,142.2372542213868,139.5478541905709,139.76414489746094,9953900
2023-08-18,138.84259411154915,140.5822463780734,138.64512875720078,140.0838623046875,8517500
2023-08-21,140.7233190219691,141.14648784226083,139.19055885344807,140.56346130371094,8327000
2023-08-22,140.35652682813597,140.71386414216659,137.14994672342922,137.64833068847656,9673300
2023-08-23,137.62013862354203,138.7861626811415,136.78322824246797,138.57928466796875,7858000
2023-08-24,138.70153017997455,140.49760089579777,138.22195717332013,138.4476318359375,6534000
2023-08-25,138.49465769081132,139.75472243593128,137.14996494383848,138.27838134765625,6695500
2023-08-28,138.76739302548728,139.74535026556242,138.3536369186339,138.7579803466797,5094100
2023-08-29,138.8989972823225,139.9709948784729,138.40059896745205,139.8863525390625,6337000
2023-08-30,139.7547267719963,140.25311081871706,138.41003398330267,139.32217407226562,6277300
2023-08-31,139.4162165882018,139.50085895109873,137.25342414131575,137.60134887695312,10933900
2023-09-01,137.3756378910462,139.24693832833148,137.00890220569406,138.06210327148438,7903500
2023-09-05,138.38183336553914,139.36920319243367,136.36007336787995,136.5387420654297,7854700
2023-09-06,136.06857976294606,136.85846995723358,135.5137769609057,136.31307983398438,8629200
2023-09-07,135.5325804369257,136.60457831204684,134.83671662905607,135.14703369140625,8373700
2023-09-08,134.81792114038134,135.52318335910877,134.1408682625153,135.25048828125,7107900
2023-09-11,136.11557526086284,136.39768294977497,135.1188071954874,135.84288024902344,6854200
2023-09-12,135.88050858043627,138.5323011715463,135.45735415699824,137.61074829101562,8363200
2023-09-13,138.55107750514435,138.8896038639501,137.1217567444918,137.6765594482422,8325900
2023-09-14,139.02125656733,140.95837410125364,138.72035221039306,140.34715270996094,10034900
2023-09-15,140.03686493638588,140.7985458395975,139.46325108913075,139.9334259033203,19863400
2023-09-18,139.32215673392037,140.2436950369441,138.93661007448483,140.22488403320312,6512400
2023-09-19,140.58224019484695,140.78911821793756,138.42884630725024,140.04623413085938,7943400
2023-09-20,140.7232746604071,141.28749001053504,139.30335230566138,139.4538116455078,7332000
2023-09-21,138.77679322179205,139.9710412101602,137.88346398739847,138.363037109375,8052400
2023-09-22,138.50405209324057,138.7109301020789,136.52932702968312,137.037109375,7071700
2023-09-25,136.67978144617302,137.77998844520116,135.12819643580607,137.7141571044922,7044700
2023-09-26,135.97453313071816,137.1405572392171,135.6265940850523,136.2848358154297,7468400
2023-09-27,136.52933425011622,137.37564298659942,135.88988918481877,137.08413696289062,6717800
2023-09-28,137.55432304561114,139.9898247951475,137.30042466423484,138.7861785888672,8868100
2023-09-29,139.73594458475532,139.88638960320975,136.21903221009904,136.36949157714844,11917800
2023-10-02,136.1908141533554,136.93368391413614,134.12204820895175,135.1940460205078,9170600
2023-10-03,134.65802763566907,135.02476331799002,133.85873927604274,134.197265625,9431100
2023-10-04,134.64864342376092,134.91194012848763,133.46379390389643,134.79910278320312,8128700
2023-10-05,134.552778656394,135.55691605946282,133.40656829222362,135.36744689941406,8576200
2023-10-06,135.37695936812477,138.1904064626266,134.64754341098376,137.45152282714844,10270600
2023-10-09,136.0873952575736,137.7356670989599,135.93582571105355,137.13888549804688,6964900
2023-10-10,137.75463145002604,139.03347614529983,137.62201169643586,137.97250366210938,11288800
2023-10-11,138.78717603176514,139.46922462849858,137.3757259962922,138.44615173339844,8698200
2023-10-12,138.5882302551215,139.21344377245325,137.47990508592446,138.12405395507812,10484400
2023-10-13,140.67228296640758,145.03928168920007,140.04706935081757,140.19863891601562,29427000
2023-10-16,141.57221675866873,141.6385338699526,138.98612405353973,140.0565643310547,12663500
2023-10-17,139.7913175888073,141.43958969955224,139.052419542389,139.75341796875,11482700
2023-10-18,138.86294467928195,139.70603042248965,137.70725216102403,138.2187957763672,9620300
2023-10-19,137.8114720413774,139.2703038448197,137.24310784044647,137.63148498535156,11143600
2023-10-20,136.94944192742966,137.48938860591738,134.62857461422652,135.41482543945312,13332900
2023-10-23,135.40538371534663,136.10636776403678,133.31187033914986,133.56764221191406,10133400
2023-10-24,133.74761802339899,134.25914727136302,132.96136711370946,133.72866821289062,8881400
2023-10-25,133.1602734724665,133.7381052430868,132.15613610821745,132.9992218017578,8242600
2023-10-26,132.39299802343572,134.20232201457276,132.08039117252162,133.3402862548828,9109400
2023-10-27,131.62569091225413,131.76779281322345,128.0638925268039,128.53753662109375,17434700
2023-10-30,129.24800741422763,130.76365989782184,128.8690834524757,130.1763458251953,9855500
2023-10-31,130.45102835430433,131.90037774366868,130.223674045485,131.7298583984375,9672500
2023-11-01,131.90986793580896,133.12239554755078,131.17098437410596,131.6162109375,9432000
2023-11-02,132.70560479630942,134.02233485906768,131.89093633956514,133.9654998779297,10186200
2023-11-03,134.6949028990368,136.19161989432564,134.3728284006059,135.4622039794922,9538700
2023-11-06,135.62322444025978,136.58946227041432,135.2632503662973,136.48526000976562,7625100
2023-11-07,135.94534691036404,136.65581317811876,135.2917300857872,136.4189910888672,6297900
2023-11-08,136.51367595145075,137.2051921527771,136.04949962208485,137.09152221679688,7618200
2023-11-09,137.77359417303023,137.97251659482677,136.1253075486498,136.6842041015625,7992500
2023-11-10,137.2999300838166,138.75874729751894,136.4852617956672,138.7113800048828,7983300
2023-11-13,138.01985731607252,138.5408686017075,137.5083281612012,138.09564208984375,6676300
2023-11-14,138.94821168974792,141.38274904699387,138.79665657901384,140.61544799804688,9927700
2023-11-15,140.63436597233436,142.24475248829165,140.63436597233436,141.84689331054688,8365300
2023-11-16,142.1784843279759,143.5425816665274,142.1784843279759,143.466796875,8126200
2023-11-17,144.1772437015897,144.80245730700287,143.5520300961765,144.7645721435547,7812400
2023-11-20,144.0635522555238,145.64552138743997,143.9119827154144,145.2097625732422,7019000
2023-11-21,145.12453420331482,145.53187560312782,144.52775252863756,144.9066619873047,7083500
2023-11-22,145.3234654437586,145.76869199043034,144.84033928000449,145.2476806640625,5174500
2023-11-24,145.4939767932843,146.29917746551416,145.20031979301464,145.4466094970703,3496900
2023-11-27,145.3424217044304,145.4371563062947,144.6603874979965,145.11508178710938,6259100
2023-11-28,145.1434848193456,145.75921630671945,144.66984076614435,145.4466094970703,6582700
2023-11-29,146.04342970414405,147.4264769274474,145.8823924340457,146.18553161621094,9126100
2023-11-30,146.74441201649734,147.90010472554917,146.24235044914354,147.8527374267578,9869800
2023-12-01,147.6064237377565,149.53888490616447,147.6064237377565,148.57264709472656,8916000
2023-12-04,147.79587460512917,149.71886804710846,147.66325486618118,149.6620330810547,9607500
2023-12-05,148.97053122729264,150.1451737523716,148.69582402014166,149.6431121826172,9135600
2023-12-06,150.4672246773074,150.82719874806344,147.77693018657288,148.07058715820312,9366000
2023-12-07,148.4305484341316,149.01786232676514,147.91900485615608,148.5252685546875,8130900
2023-12-08,148.97050092478986,150.41038268611402,148.70526144960743,150.16409301757812,7369400
2023-12-11,150.16411790485932,150.90300148739232,149.81361146891027,150.7135467529297,8093900
2023-12-12,150.83670586817533,152.18185346529674,150.50516364925252,152.0587158203125,10223000
2023-12-13,152.05869172694915,153.48909157190943,151.34822564322266,152.57022094726562,12379100
2023-12-14,153.2996186132369,156.1509502866284,153.1859486787862,155.34576416015625,13643000
2023-12-15,154.48373746814988,156.5677682945357,153.83010639865176,156.52040100097656,20309300
2023-12-18,157.17404014465845,158.32026510801109,156.89933295505307,157.4676971435547,8469600
2023-12-19,157.2498107031462,159.58961325972516,156.823533986712,159.57066345214844,10345700
2023-12-20,159.13492535722085,160.4800726590447,157.6760936599054,157.7708282470703,10734700
2023-12-21,158.04553227748778,159.22964232114157,156.94667468790465,158.67074584960938,7601700
2023-12-22,158.67076914508667,159.36228546485532,158.41499729085479,158.57603454589844,6576300
2023-12-26,158.63288391713263,159.87382911188115,158.36762993040162,159.51385498046875,4683600
2023-12-27,158.99281409075002,160.5368981526818,158.74652441491637,160.4705810546875,6428600
2023-12-28,160.42326026550225,161.66420547787502,160.09170361823246,161.32318115234375,6320100
2023-12-29,161.03897817607512,161.69260928256372,160.68848620194564,161.1337127685547,6435100
2024-01-02,160.17695674306748,163.0946061058102,160.00645180683773,163.0093536376953,9977400
2024-01-03,162.80093544417744,162.9714403661268,161.38947095422876,162.2988739013672,9852300
2024-01-04,162.64200181002505,165.2249889082347,162.54668305166135,163.37591552734375,11972500
2024-01-05,163.43311119195872,165.25359196797962,163.43311119195872,164.19561767578125,10066000
2024-01-08,163.95730590820312,164.2813663790476,161.54588994783876,163.95730590820312,11229900
2024-01-09,163.57605253977218,163.73808278220446,162.1273064155779,162.6610565185547,9923600
2024-01-10,162.0320000942187,163.0613816047552,161.03121130256366,163.0041961669922,9670200
2024-01-11,162.34654010755642,162.37513282741753,160.73574901857515,162.3179473876953,11919500
2024-01-12,165.6538904699053,168.04623999703182,160.98354774460927,161.12652587890625,19436500
2024-01-16,157.14245233618308,160.21153041789913,156.5991760965609,160.11622619628906,17206400
2024-01-17,159.49665940891614,161.14558362965596,158.68650820042498,159.2583770751953,11107500
2024-01-18,159.28698002537405,159.67776656824674,157.4951066503195,159.5729217529297,9382300
2024-01-19,159.69682190226158,162.57527654660007,159.24884995436918,162.32745361328125,13115700
2024-01-22,162.47044192364703,163.91918812242486,161.7555948824447,162.1368408203125,12837500
2024-01-23,161.71745692199738,161.79370901610295,160.54511188027425,161.0693359375,8360800
2024-01-24,161.42197810648736,162.99463562700143,160.94541345862262,162.508544921875,9967100
2024-01-25,164.2337218321671,164.8818573759675,162.8993465119901,164.83419799804688,8873500
2024-01-26,164.51967362135542,164.9485789616812,163.72857443899406,164.20513916015625,7443000
2024-01-29,164.16702433184227,164.73889328483656,163.2710803075229,164.63404846191406,6971200
2024-01-30,164.72936528572126,168.47515705914157,164.72936528572126,168.0081329345703,10822100
2024-01-31,167.94139187726532,169.94296936922615,166.16857066951718,166.18763732910156,11521800
2024-02-01,165.5013800519336,166.6451323652847,163.3949577854356,165.587158203125,9354800
2024-02-02,165.17731524669946,167.57920522249475,165.13918192921102,166.540283203125,8607600
2024-02-05,165.71107322302376,166.88341827855515,164.81512928623064,166.32107543945312,7820200
2024-02-06,166.42593618076785,167.62687406891743,165.61577031946283,166.89297485351562,6764800
2024-02-07,167.45532725491395,167.6268835871332,165.80641726186371,167.20750427246094,7225500
2024-02-08,166.79764812133146,167.09311591388456,165.43468003475408,166.60702514648438,6060300
2024-02-09,166.7976486241064,166.89296738361762,165.52998474933108,166.8071746826172,6296700
2024-02-12,166.58795793021326,168.52280947847834,165.55857641715193,167.5506134033203,8539300
2024-02-13,167.10264500375442,167.9699816610953,164.52918411800974,166.09231567382812,8397600
2024-02-14,166.86439223193935,167.84611447513728,166.24484931709256,167.77938842773438,7056700
2024-02-15,167.893719432731,171.76343658557707,167.893719432731,171.43936157226562,8723400
2024-02-16,171.1915802512378,171.5442334920447,169.8095454642798,170.63876342773438,8152600
2024-02-20,170.79125525671367,172.00173363675566,170.04781550672885,171.30593872070312,9668000
2024-02-21,171.51564198980836,172.50690476436938,170.15267385428854,172.42111206054688,7024000
2024-02-22,173.29801377657841,174.82301226014678,172.7451969178192,174.4894256591797,9296500
2024-02-23,175.19471637316317,176.5195656852943,174.60378078668188,175.3662872314453,7105800
2024-02-26,175.1375127000542,175.81424091701768,173.9270343904093,174.7657928466797,7145400
2024-02-27,174.71812498331266,174.93734064424217,173.69828422225902,174.8515625,5717100
2024-02-28,174.83252201060458,176.51956515120406,174.38456456464726,175.73800659179688,6131600
2024-02-29,176.9579874998168,177.6918865818416,175.23282581162007,177.3392333984375,9643000
2024-03-01,176.9961179460984,177.70143890302512,176.42424906044945,176.60533142089844,6311800
2024-03-04,176.05253948496141,178.79754229244386,175.6331602181459,177.93019104003906,7063600
2024-03-05,177.62519917623598,180.42740199617094,177.62519917623598,179.71255493164062,6617800
2024-03-06,180.37974662423542,181.1613197464156,178.83568158449552,180.64662170410156,7572900
2024-03-07,181.00879937810365,181.57114220733695,177.882536255817,179.0644073486328,7618300
2024-03-08,179.60771515433038,181.5330407077065,179.11208377013827,179.3980255126953,6172200
2024-03-11,178.50208143397947,179.6077150814977,177.49176654847534,179.46473693847656,5762600
2024-03-12,180.09380825926033,181.24710130313005,179.10256002169075,180.9420928955078,5708400
2024-03-13,181.437716033799,182.74349867848787,180.94208466575625,182.409912109375,7795500
2024-03-14,182.07628704457,182.64817043581905,178.33049591704497,179.1597137451172,10310900
2024-03-15,177.73956247395188,181.99052590228584,177.73956247395188,181.38052368164062,17214200
2024-03-18,181.69506181540558,183.6680321068183,180.989740825109,183.62991333007812,9013800
2024-03-19,183.67755757171838,184.84036196147107,183.36302315103146,184.70692443847656,8478700
2024-03-20,185.0881726254124,187.347084309106,184.5353559114742,187.12786865234375,9367000
2024-03-21,187.30899243272455,190.08258791393138,187.12789552103195,189.7299346923828,11203800
2024-03-22,189.6822909901627,191.083392477514,187.3280600307956,187.40431213378906,8108800
2024-03-25,187.38527487557548,187.7093354312948,185.2502594532548,185.68870544433594,8620000
2024-03-26,185.46941773109555,187.44240226445925,184.96426039081948,186.5559844970703,5961500
2024-03-27,187.28995595126028,190.2446633638612,187.17558505959406,190.1684112548828,8725800
2024-03-28,190.1397869801665,191.31213205601443,189.23430242605596,190.9118194580078,8628300
2024-04-01,190.61635887297004,191.52182891767458,189.26291683518835,189.61557006835938,7309000
2024-04-02,189.0913651197731,190.4162145724315,188.79589729519208,189.53933715820312,7014700
2024-04-03,189.71087593046866,190.2065073077986,188.43368598081162,189.0055694580078,9353400
2024-04-04,190.92291652385342,191.43102054493633,187.47164475584307,187.5675048828125,9243800
2024-04-05,188.05644940533662,189.93547176986357,187.0498229672658,189.29315185546875,6532300
2024-04-08,189.45613591686737,190.75995368251904,189.45613591686737,190.28060913085938,8001000
2024-04-09,189.88756106284035,190.66409690966574,186.85809993213326,189.00555419921875,7351500
2024-04-10,187.47167064410988,188.9288822825521,186.15825653019593,187.3949737548828,7681400
2024-04-11,187.90305769185724,188.44951748332386,185.2570811252899,187.35659790039062,10137700
2024-04-12,180.540317852183,181.12510409354434,174.99908202465065,175.23875427246094,31532300
2024-04-15,176.87817664436625,179.7159034216232,174.673188318776,175.33468627929688,14766600
2024-04-16,175.34423200208582,175.59350053236452,172.2284924010812,173.33099365234375,16451800
2024-04-17,173.87748039629054,174.884107125977,171.79712629010564,172.64077758789062,9017100
2024-04-18,173.61860787689943,175.78524005173225,172.5352844752654,173.7624053955078,9557700
2024-04-19,174.86491370861032,178.20116283795315,173.9158207113562,178.1244659423828,13402300
2024-04-22,178.3065818323909,182.27555391774052,178.2969855796847,181.58529663085938,11529700
2024-04-23,183.23425914662198,184.28880841859586,182.64945818883783,184.20252990722656,9144400
2024-04-24,182.65905358378856,185.2475115190469,182.31392488385833,185.1037139892578,6964900
2024-04-25,184.30795637329263,185.92814308976315,183.2821521432213,185.38168334960938,9802300
2024-04-26,185.57346202257514,186.8197461895444,185.08452120379513,185.49676513671875,6413700
2024-04-29,185.4871603065969,186.2349366235766,184.48053384037513,185.29542541503906,5387800
2024-04-30,184.8448510540374,186.93480098954225,183.72318651376133,183.81906127929688,8153700
2024-05-01,184.3271480532433,186.4266794168668,182.90827772435546,183.93408203125,7445300
2024-05-02,185.09411048063117,185.50633976958161,181.6907612697659,183.7423553466797,6501700
2024-05-03,184.06829876150786,184.5764027909394,180.67454593960358,182.6398468017578,8922800
2024-05-06,183.80946343667284,184.260048499611,181.97837830963059,184.0683135986328,7911100
2024-05-07,183.78070641582713,184.95988996978727,183.73276903282613,183.82864379882812,7688800
2024-05-08,183.10960669680316,188.5261939231099,183.10960669680316,187.5675048828125,9227600
2024-05-09,187.10736271795474,189.42738874358233,187.04026208314102,189.3411102294922,7977300
2024-05-10,190.33810001513152,191.1050541101608,190.07926452794985,190.55860900878906,7529800
2024-05-13,190.58737892450856,191.59400531497775,189.8587659116114,190.520263671875,7049200
2024-05-14,190.77912056033855,193.25254005969873,189.9738252708075,193.1854248046875,8596200
2024-05-15,193.66479112658575,194.31670735941614,191.51733677946362,193.7606658935547,8370000
2024-05-16,193.866101662291,196.03273365800683,193.64560727584146,194.10577392578125,8497900
2024-05-17,195.39041435725596,196.57919405411525,194.4317253003019,196.32992553710938,9260500
2024-05-20,195.94647638612952,197.37492849755048,187.32785559089572,187.50042724609375,17373300
2024-05-21,188.86177848555144,191.641971403761,188.4783086445697,191.27767944335938,14420800
2024-05-22,190.7791278137312,192.6389869781935,189.52324745359738,190.1176300048828,9425300
2024-05-23,189.63829745126534,190.10806039860006,187.97018770099368,188.78506469726562,8069400
2024-05-24,189.580761496491,192.46641029905086,189.3986082346554,192.41848754882812,7356200
2024-05-28,191.60359727675655,192.13087918863567,190.4531733234784,191.2584686279297,6910200
2024-05-29,189.82046218164098,190.76956975878625,188.7563165812428,189.92591857910156,6120000
2024-05-30,190.3572948397706,191.59401190237557,190.20390108142,191.09548950195312,6829100
2024-05-31,191.06671917230923,194.9014751431396,190.15596755492365,194.2591552734375,14417900
2024-06-03,193.9523837810448,194.05784016408327,190.9612785580393,193.48263549804688,6444300
2024-06-04,191.89121473962575,193.63602130368506,190.08887454138957,190.93252563476562,6848300
2024-06-05,191.5077150020791,191.56524863165387,188.78504167288506,189.11099243164062,8351600
2024-06-06,189.11099931395754,189.8396123640848,187.26073644389058,188.7754669189453,7640300
2024-06-07,189.27396470498678,192.61979462464913,188.87131707517273,191.6898651123047,6964500
2024-06-10,191.0092270817566,192.54312090911645,190.24227285385908,191.3639373779297,6070800
2024-06-11,189.73417525086586,189.76293475540382,185.60222730997666,186.33082580566406,9235300
2024-06-12,187.9030629910031,188.59332031104074,183.40680878602598,183.6177215576172,12751300
2024-06-13,184.3751194659853,186.54175185638388,182.99460463625155,185.65975952148438,8587800
2024-06-14,183.54101774777556,186.81015095563032,183.5122582462289,185.77476501464844,6874000
2024-06-17,185.48716772913508,187.50042074214187,184.68187237530643,186.92520141601562,8725400
2024-06-18,186.5609073499265,189.78210335662163,186.11032229627904,188.86175537109375,9023000
2024-06-20,188.2769434150986,191.21052959046503,188.00851164927644,190.46275329589844,8731100
2024-06-21,188.58373987114496,189.0247286665629,186.19659873864725,188.190673828125,20972100
2024-06-24,189.63830383493246,190.99964071138498,188.95764271092415,190.6641082763672,9785900
2024-06-25,189.9067364933477,191.8049516055998,189.57120405681215,189.8875732421875,6862500
2024-06-26,189.29314943452172,189.76291233386254,188.17148500476569,189.2739715576172,7758600
2024-06-27,189.28358009107907,191.6036059802996,188.76587978010525,190.94210815429688,7913500
2024-06-28,191.74739901722398,194.2304148700683,191.06673795740363,193.90444946289062,15307600
2024-07-01,194.46049781077463,198.5349265754009,194.28794079062752,196.96267700195312,10205800
2024-07-02,196.80929606300535,200.23182347007662,196.31078822001166,200.20306396484375,7802900
2024-07-03,200.8933362592645,201.68905009612226,199.07181789817074,200.06886291503906,5560900
2024-07-05,199.53863075110766,199.90494123598646,197.1575464066805,197.41781616210938,8093100
2024-07-08,197.65882429121405,199.45186733579698,196.6273505271732,197.78414916992188,8707000
2024-07-09,198.2275912793329,202.20890663088076,198.05406339705047,200.1555938720703,9058900
2024-07-10,198.71922757684789,200.48335172261358,198.17938920186893,200.31947326660156,8328500
2024-07-11,198.78671869994315,200.6086806066436,197.98659583908096,199.98207092285156,10658100
2024-07-12,196.6562601537881,199.98206161154934,194.82466361458398,197.5624237060547,15443400
2024-07-15,199.7314503097893,203.99233468764302,199.2783684798156,202.48849487304688,10719700
2024-07-16,202.44025200360005,206.0456217870809,200.58937146470603,205.929931640625,11557000
2024-07-17,206.1034814139679,209.72812101590785,205.59256190040833,209.06295776367188,11572500
2024-07-18,207.86760619146685,208.84124221450833,201.7076384383101,202.42098999023438,12415100
2024-07-19,203.59707529601897,204.70568563674118,201.3991534690736,202.2281951904297,8095900
2024-07-22,202.8837329720962,204.53216706260875,202.16073195111863,202.710205078125,7663200
2024-07-23,203.42355557512025,203.86698792954928,201.81367519196866,202.75839233398438,5557300
2024-07-24,202.0064718741431,204.39719093826727,200.57975409339878,201.08102416992188,7119000
2024-07-25,201.1388579458968,202.62342813048153,200.56046601291564,201.15814208984375,6403800
2024-07-26,201.70762096805632,205.48650399280814,201.10993020801746,204.59962463378906,8027800
2024-07-29,204.99487998321382,205.9203277459261,202.97048598586377,203.2596893310547,6533600
2024-07-30,205.5540169469651,208.0218582079843,205.2937471565801,207.44346618652344,8850700
2024-07-31,207.04821445631424,208.60025726077208,205.01417096363343,205.13949584960938,9071600
2024-08-01,205.5250819532728,206.13240750216778,198.9506004887708,200.47372436523438,10918600
2024-08-02,196.540593467653,197.3021480368774,189.8022189578119,191.97122192382812,18041700
2024-08-05,187.06445780696276,189.10813588433086,184.0278448440605,187.88385009765625,13927000
2024-08-06,188.3658523579827,195.30667364113896,187.01625639153167,193.12802124023438,10605800
2024-08-07,196.18391213762757,198.3432804867036,192.99306997882093,193.1858673095703,9204400
2024-08-08,195.18133758602812,197.53350302957801,194.52580907593605,196.71409606933594,7761200
2024-08-09,196.1453696820707,199.03737393584737,195.5958818132959,198.39149475097656,5540200
2024-08-12,198.9795069946796,199.68322380780327,196.32850348454394,198.76742553710938,6936000
2024-08-13,200.25197526267817,200.59901630057058,198.00585058819286,200.4544219970703,6387800
2024-08-14,200.2616277015083,203.1729009253771,199.66393691590284,202.671630859375,6999800
2024-08-15,205.3322777083701,206.1902382803681,203.5006811149563,203.93447875976562,7001000
2024-08-16,204.06944265968446,206.38303995381162,203.9730366434738,206.26736450195312,7931200
2024-08-19,206.29629275515234,207.7712136714554,206.1227795694666,207.694091796875,6090800
2024-08-20,207.26026285490002,208.22426407748097,205.98777418053737,206.79754638671875,5640000
2024-08-21,206.71080165097436,207.26028947898703,205.17804304045464,206.87469482421875,5202300
2024-08-22,206.8554135333752,208.9954977287081,206.62404791162533,208.8316192626953,5247100
2024-08-23,209.76670860699275,211.29946728870814,208.70630119288492,210.45114135742188,7214000
2024-08-26,211.125922885165,211.771802001634,210.20048985928128,211.28016662597656,5105200
2024-08-27,211.60792033180917,212.48516504618274,211.2994475643601,212.25379943847656,5185200
2024-08-28,211.35728113662915,214.2107314043105,211.299443413212,213.32383728027344,6506400
2024-08-29,214.15288670074474,214.9530095590424,211.05845071030296,214.2107391357422,6416100
2024-08-30,214.49029824755388,217.36301812340238,213.9408104229473,216.70750427246094,8574100
2024-09-03,214.29747880021557,216.03268397578447,211.34763735649423,212.36947631835938,8956100
2024-09-04,213.08285179473262,214.0757867173276,209.39073957096207,211.43441772460938,7389500
2024-09-05,212.2248812160305,212.85149088939755,208.2532005501347,209.7956085205078,8067900
2024-09-06,209.76668787436864,210.86564876332926,203.49103002390277,204.8117218017578,7777000
2024-09-09,207.4434494984693,210.29688521091413,206.4697987366713,209.005126953125,8935100
2024-09-10,210.73069601813924,210.7692495990519,193.3883068457007,198.1601104736328,28406900
2024-09-11,197.86127052265937,200.22307080989853,194.56438778018585,199.76998901367188,13658700
2024-09-12,200.1748635449911,201.2641897182195,197.51422525926967,199.1626739501953,9054400
2024-09-13,199.41332446960854,200.36769112363794,195.7115627301204,196.9647674560547,10226700
2024-09-16,198.42038268062674,200.71471040461438,198.18901708097934,200.37730407714844,8634900
2024-09-17,200.2519838182576,202.37278371399074,200.18451137690533,201.71726989746094,7573300
2024-09-18,201.48593738497314,203.73206252433056,199.2590963932375,200.05921936035156,8259900
2024-09-19,202.22818666728926,204.2815140938797,199.87602119841407,202.90298461914062,11635200
2024-09-20,202.37279798547686,203.80916530403834,201.9582844621734,203.4910430908203,20885000
2024-09-23,203.40428249196864,204.17548650492685,202.4306464351734,203.8284454345703,7223500
2024-09-24,203.54887478135018,205.2840801158477,202.79695492131674,203.97303771972656,7323200
2024-09-25,204.0597961831719,204.5996492884681,201.10031972421785,202.62344360351562,8976500
2024-09-26,203.5296028527362,204.07907595472616,201.48591005736264,202.2281951904297,7807500
2024-09-27,203.06685076868757,204.79242118690914,201.7943768093568,202.92225646972656,7032500
2024-09-30,198.88310870703359,203.3657236421353,197.87090438559173,203.26931762695312,8663800
2024-10-01,201.37988091048814,201.563043524854,198.76744542730427,199.5868377685547,8540100
2024-10-02,199.62540303508803,201.4280808680096,198.2854417354765,199.8278350830078,5810900
2024-10-03,198.74815887229946,199.0566463684385,196.98403461617457,197.8419952392578,7251300
2024-10-04,203.00191264193967,205.30059173762103,200.68383122656712,204.8641357421875,10211700
2024-10-07,204.67983675803367,206.9106297822478,203.3801626203171,204.5828399658203,6718900
2024-10-08,204.2433814525666,204.97081299762056,202.10958521366825,204.40826416015625,6021800
2024-10-09,203.3898480577516,207.79324177053485,203.0794849747064,206.99790954589844,7024000
2024-10-10,208.34610048894507,208.34610048894507,205.106608749474,206.4353790283203,7927100
2024-10-11,209.1802366899085,217.87062636423727,208.6855885118762,215.6010284423828,18320700
2024-10-14,216.48362813038722,216.96858250110924,212.293630063158,214.8153839111328,9048900
2024-10-15,216.92980160195145,218.66593180883564,215.14517299607007,215.69801330566406,9235800
2024-10-16,215.63982224842857,216.94919023024082,214.38863162622326,216.910400390625,6382500
2024-10-17,217.521435503585,219.0538930763408,216.59031660888084,217.6669158935547,6470200
2024-10-18,218.22947162354006,219.12178590933368,216.3866508941279,218.5883331298828,7000500
2024-10-21,218.4428562648874,218.90840833464267,216.19266079507577,216.28965759277344,5870000
2024-10-22,216.30905529120685,218.50104375579213,214.4468322523353,217.37594604492188,9586800
2024-10-23,216.9298093573414,218.03550481569224,215.8338076592832,216.6873321533203,6180500
2024-10-24,215.15487613307158,218.28767748966305,214.98999340900195,218.2100830078125,6002200
2024-10-25,218.22944850915363,218.83078714249672,214.23342956566813,215.62039184570312,6369700
2024-10-28,216.6291186743872,218.85020313281026,216.2411463063524,218.71441650390625,6843000
2024-10-29,218.43314372922367,219.9267966077979,216.10535398126922,216.19264221191406,6580000
2024-10-30,215.84348713272396,219.5000472712289,214.91238301870854,217.6572265625,7110900
2024-10-31,217.93850223567313,218.89871726600515,215.1451749831653,215.24215698242188,7829900
2024-11-01,216.83278396329408,219.34484391378845,215.9986618994674,216.2314453125,6923500
2024-11-04,215.95019859290983,217.02679800371024,212.57491995349548,213.16656494140625,8229600
2024-11-05,213.4090000945877,215.2809314938348,213.3799040189193,214.8250732421875,5600700
2024-11-06,227.92855883805424,240.53737273122323,227.70548396691856,239.6256561279297,23987800
2024-11-07,237.14268290793603,237.21058362240817,228.1419311373641,229.26702880859375,16451100
2024-11-08,232.13795371871322,232.13795371871322,228.68508098059854,229.84896850585938,9502100
2024-11-11,232.7780887124302,234.81490290851687,231.80818000946172,232.08944702148438,9017100
2024-11-12,233.31154859132423,234.194169089919,231.57540367214264,232.35133361816406,6861000
2024-11-13,233.34064938993217,236.74502378242778,233.07876988293,233.9031982421875,11472600
2024-11-14,235.1252801712944,236.9390048192966,233.7965099040101,234.59182739257812,10172200
2024-11-15,234.19417438377397,239.00491351851235,234.19417438377397,237.92831420898438,11518800
2024-11-18,240.30455415002479,240.46943683932273,235.3774165888427,237.65670776367188,9051400
2024-11-19,234.9603657514657,237.77309486021696,234.28143267000485,235.77508544921875,6792700
2024-11-20,237.04570253777942,237.24938989567428,231.4590332309668,233.53463745117188,9015300
2024-11-21,235.9109076984406,238.10291100634333,234.82461460402516,237.39486694335938,8783500
2024-11-22,236.2794645809059,241.6527523940075,235.71691574566026,241.07081604003906,7997300
2024-11-25,242.07953542341588,246.65750617332893,241.56548494002442,242.7584686279297,10295400
2024-11-26,242.95243099918525,243.44707909896903,240.86711845381728,242.4480743408203,6212100
2024-11-27,241.84675111969358,243.63137965588157,241.28420227248876,242.27349853515625,5472300
2024-11-29,242.34139881448183,244.19392806320383,241.94373267843793,242.2056121826172,5494800
2024-12-02,242.04072865244322,242.7196618094662,237.65673701052887,238.84002685546875,8899700
2024-12-03,240.76044150846369,241.54606521705796,237.2687789369744,237.45306396484375,6657700
2024-12-04,237.33667477531787,237.96712436015684,234.94099891212346,236.07579040527344,7346300
2024-12-05,238.00591244621754,239.74204263244474,237.25907854952092,238.09320068359375,6572500
2024-12-06,238.306604232665,240.28522659727315,237.47248202006247,239.91665649414062,5519700
2024-12-09,239.69355385728022,240.4112768597183,236.4249513096585,236.47344970703125,7076500
2024-12-10,236.55103726892423,240.498572865486,234.93129148152076,235.55203247070312,9108300
2024-12-11,236.6577473583617,236.91962687843437,234.89250623735623,236.20188903808594,7884400
2024-12-12,235.68780610920146,236.75471156288182,233.78677860981603,234.2620391845703,6113800
2024-12-13,234.78580466330752,235.41623939456244,231.94396449404366,232.7198944091797,10392700
2024-12-16,233.36973231358596,233.42792446749883,230.3727179900156,232.3707275390625,9032000
2024-12-17,231.46870597678523,231.82758226052997,229.50950105308948,231.18743896484375,8083600
2024-12-18,231.80819899787568,231.87609971646904,222.6231616444076,223.43788146972656,11322400
2024-12-19,225.28071175973975,229.24763503500648,225.28071175973975,225.949951171875,11790800
2024-12-20,224.94124306119815,232.01188637341022,224.62117138701748,230.45033264160156,32348400
2024-12-23,228.966372067765,231.43962760916577,227.81217825530683,231.216552734375,8611500
2024-12-24,232.2252432886818,235.19317647466937,231.8760903487652,235.01858520507812,3729100
2024-12-26,234.16505795563904,235.93999271034167,233.54431695942878,235.8236083984375,4451800
2024-12-27,235.41626442753616,236.06610154566872,232.81690115537214,233.91290283203125,5730200
2024-12-30,231.5851232615298,233.59282673786723,229.97507113678503,232.1185760498047,5723800
2024-12-31,232.8266068657463,234.17477948529643,231.83729576086603,232.49684143066406,4871000
2025-01-02,233.67042098914,235.95940629690497,232.24465390169644,232.77810668945312,9220900
2025-01-03,236.5510259868334,237.51124090227324,233.03025276318576,235.95938110351562,9491100
2025-01-06,237.58751310559202,239.5276052767369,234.54577371258085,234.8090057373047,9917800
2025-01-07,236.0666364630763,239.1083757665875,234.85773282590426,237.07080078125,8753400
2025-01-08,236.6613409803632,238.1237179586147,234.467775512986,237.0318145751953,8675300
2025-01-10,236.99279835682842,237.69474046339533,232.75191424539267,233.8535614013672,10256800
2025-01-13,233.65858101637204,238.4064266263034,233.00538778135987,238.084716796875,10005300
2025-01-14,236.5736165508387,241.50669948213948,236.11540387925285,241.26296997070312,12407400
2025-01-15,244.11945166267157,247.3074375627741,237.5680017698704,246.0205535888672,18448500
2025-01-16,247.62917824638126,250.59293737173945,246.00106693044077,247.8924102783203,15292300
2025-01-17,247.76563693276975,254.08310082122185,245.81580111371088,252.65972900390625,17678100
2025-01-21,253.54692929719334,257.6220793628749,252.9912189012906,256.43267822265625,13712100
2025-01-22,256.3059292216627,256.7739005596,253.7224025429303,256.2474365234375,9021900
2025-01-23,258.05104328370686,260.1665986454837,257.1931106983808,259.2794494628906,10749700
2025-01-24,257.07611593589155,260.4005897068569,256.4131788721569,258.197265625,7666300
2025-01-27,257.5441210920563,259.2989617270755,255.68202399762154,259.1819763183594,7522300
2025-01-28,259.18195317720495,260.6248127587292,258.1875177876292,260.4396057128906,7375400
2025-01-29,260.50781879552153,263.89078529426916,258.94794411487567,259.89361572265625,7684900
2025-01-30,261.8922195390952,262.93538890949,259.93262489498824,261.50225830078125,8753500
2025-01-31,262.4771954897471,264.02731160822725,260.26411249024557,260.5955810546875,7193800
2025-02-03,255.262756728444,261.4437627852604,255.13604238526239,260.11785888671875,8381400
2025-02-04,263.07185105882786,263.07185105882786,260.13733856440666,261.2195129394531,5626000
2025-02-05,262.1651692327603,263.85178786661055,261.59970020428995,263.64703369140625,5704400
2025-02-06,265.61640594638817,270.0327830459936,264.38799981532753,269.95477294921875,7264400
2025-02-07,270.3154852917386,271.56337905921515,267.8196977567854,268.8823547363281,6857900
2025-02-10,269.2236076160228,269.2528539667919,262.8281477293246,264.2417907714844,8627400
2025-02-11,263.4813389480683,269.29184169342403,262.89638221818285,268.0926818847656,7196400
2025-02-12,267.20547522906736,269.5160555598776,266.39630649241644,268.5411376953125,6683900
2025-02-13,268.5898729509256,270.0230034086619,266.9422593718909,269.3893127441406,8398700
2025-02-14,270.41302280213205,272.2263859001187,269.516114830682,269.652587890625,5688600
2025-02-18,269.81832331528267,272.9478018588014,269.09686374213265,272.9283142089844,7919800
2025-02-19,271.39767571560697,273.2207676026046,270.26676727320427,272.245849609375,7007200
2025-02-20,271.6901230945166,271.7486157904694,259.074682630374,260.10809326171875,13846700
2025-02-21,261.5900174978265,262.4479501394835,256.24745588977726,257.6123352050781,12835600
2025-02-24,258.8309374152343,260.3030729288853,252.12349766706268,254.7850341796875,10372800
2025-02-25,255.65274860472138,256.40342472680305,246.99547231748238,250.94387817382812,9608400
2025-02-26,250.70992062126717,254.36586318209035,250.48567876676748,252.29904174804688,5943600
2025-02-27,253.65412165887105,257.02735887580104,251.39230508329683,252.55245971679688,8204400
2025-02-28,254.19039237134785,258.16804490068563,251.42162869611653,258.0120544433594,10467100
2025-03-03,257.37835755426585,259.64017450358887,251.35337132475837,254.0831298828125,9058300
2025-03-04,248.87705700074721,250.7781589340054,239.7810705990394,243.9732208251953,13465600
2025-03-05,244.9481392715601,246.7029945878236,241.61392160869326,245.2211151123047,7861400
2025-03-06,241.886905868188,243.10555336966488,237.73376053853926,240.3562774658203,9983200
2025-03-07,239.07913004138194,240.53176317463996,233.41485900581728,236.203125,20498700
2025-03-10,230.28537474013976,231.55275617002158,222.9637314395914,226.39544677734375,18887200
2025-03-11,225.9372366595305,227.4678649933782,221.00415417455685,223.3927001953125,18143000
2025-03-12,228.1308131535452,228.44279405563543,221.55986044493463,222.18380737304688,16054000
2025-03-13,223.54869198918365,223.74367260665568,218.6058507740928,219.54177856445312,16467900
2025-03-14,222.39827175013033,227.2923638870342,221.8718226173793,226.60992431640625,11962100
2025-03-17,225.38153653003468,229.75892371378134,224.67960925467645,228.06256103515625,9586000
2025-03-18,228.44278631946406,230.24637564186483,227.6628489667191,229.07647705078125,10344900
2025-03-19,229.8271414387536,236.25184655938355,228.99845530816748,233.11260986328125,10120600
2025-03-20,230.626575584927,235.69614567962623,230.27560454658268,233.01512145996094,8328500
2025-03-21,231.84521878733037,236.22260542626867,230.56807874401406,235.5694122314453,19326900
2025-03-24,239.3228749688017,242.45236840534434,238.27972040733326,241.83816528320312,9422700
2025-03-25,243.0567884546642,245.50384199682819,241.40917476122533,244.83114624023438,9287700
2025-03-26,246.26428619669275,248.28235866743117,243.51501036934545,244.73365783691406,12779300
2025-03-27,243.27127484247194,244.353434361877,240.98021170983642,241.89663696289062,8022500
2025-03-28,240.7462457637879,243.25177720979866,235.06247221658606,236.7588348388672,11978400
2025-03-31,233.4051183081998,239.69333633486474,231.40653346417213,239.1473846435547,13603000
2025-04-01,236.53458470709884,239.52758990904476,234.8382370203243,237.5485076904297,8054700
2025-04-02,235.5401876257281,241.0484682086845,235.40369970489934,239.6543426513672,7758800
2025-04-03,228.39403885290514,229.24221273335493,221.59885935670877,222.95399475097656,17188500
2025-04-04,211.20255092203914,213.54695653961156,204.94425673494098,206.2685089111328,27170700
2025-04-07,201.84453550263905,217.81396118841425,198.303402775656,210.34913635253906,22914400
2025-04-08,219.25590423367711,223.49348363812953,209.18182124244132,212.73275756835938,19485700
2025-04-09,208.4461369100307,232.9495891897229,206.9747524141952,229.86949157714844,24022400
2025-04-10,225.6122868759835,225.95561590830835,215.9011552975308,222.7774200439453,18896400
2025-04-11,221.99268738474478,234.02861709200695,220.70768061687372,231.6940155029297,20284500
2025-04-14,232.5768346591959,235.20570094935914,229.17303086586182,230.2422332763672,13017800
2025-04-15,231.59594466733975,234.09728654169723,228.37851816940935,228.68260192871094,10912900
2025-04-16,227.57414175874206,229.1240019340848,223.58177786322105,225.229736328125,9322300
2025-04-17,226.39703780490407,229.86949873745436,226.15180704795938,227.534912109375,9557900
2025-04-21,226.23026455156602,227.3877464470659,222.02209671781299,224.62155151367188,8716200
2025-04-22,227.55452454568626,231.48803554855775,226.95616088753636,231.0956573486328,10701400
2025-04-23,235.63731625364926,242.08197236154456,235.4215120035636,236.28472900390625,14126800
2025-04-24,235.1664754342962,240.78715979495186,233.04767825191306,239.97299194335938,9055200
2025-04-25,239.98281495355522,240.93431149661754,237.13814413406232,238.90380859375,8588600
2025-04-28,239.89451126938215,242.13101437011173,236.24547674341366,238.580078125,7394300
2025-04-29,237.5697486449445,240.5713706917717,237.07928713486953,239.95338439941406,7216800
2025-04-30,236.60844827615284,240.541944198583,233.88146850985436,239.95338439941406,12991700
2025-05-01,238.20734299709588,243.7103217475342,237.55012636868136,242.18008422851562,8689600
2025-05-02,246.4667021122206,248.78168093946223,244.70105272563194,247.69285583496094,7165000
2025-05-05,246.38824947467103,250.29233406900863,245.8095084557676,247.74192810058594,5450700
2025-05-06,245.23074839753636,247.83018834347143,244.2498254039462,244.49505615234375,6369900
2025-05-07,245.08361641763196,247.63400722536448,244.08307077124687,244.63238525390625,8724100
2025-05-08,246.77078915965458,250.99856460126213,246.7511665100619,248.63453674316406,8320100
2025-05-09,249.64489244477116,250.635619242527,247.52609526635226,248.25198364257812,5087600
2025-05-12,257.88465637383746,258.57131446306823,253.76479764463758,255.08901977539062,9603900
2025-05-13,256.0503155003321,258.639966447806,255.4225403810428,257.9925537109375,8589000
2025-05-14,257.9827669437803,261.5533412811179,257.28631994724986,260.5724182128906,8643100
2025-05-15,261.8770157752101,264.3783574631619,259.7091843166256,262.3870849609375,9214600
2025-05-16,262.3968965278898,263.33857420454694,259.66011303826815,262.45574951171875,8932900
2025-05-19,260.48410598167084,263.20128200998215,256.93316930268384,259.826904296875,12145000
2025-05-20,257.5118826616805,261.5729180532009,257.2960784147582,260.6116027832031,8436300
2025-05-21,259.30697200049985,260.5821597835497,255.75603592778836,256.06011962890625,7464000
2025-05-22,254.49065855609336,257.29608389039316,253.93152527688756,255.69720458984375,6514100
2025-05-23,251.9108411041023,256.9920152183282,251.11629584411466,255.73643493652344,6671800
2025-05-27,257.04106526626447,260.23885381510826,256.99200115618,260.22906494140625,7506600
2025-05-28,261.16091702282114,261.63177081627316,257.8846379571237,258.46337890625,5535400
2025-05-29,259.74838881098617,260.34676738524155,257.5217044601511,259.32659912109375,5081200
2025-05-30,258.4241579270174,260.26826789000455,257.71789221988047,258.9636535644531,10977700
2025-06-02,258.00235590026796,259.97402070361045,256.90372693326515,259.611083984375,6011200
2025-06-03,258.6988154428008,261.49442184863057,257.86502496413567,261.1903381347656,6998400
2025-06-04,260.84705493579474,262.0241445637471,259.14022857540317,259.1794738769531,5915700
2025-06-05,259.689573738958,259.689573738958,255.34409155992694,256.95281982421875,8173800
2025-06-06,259.28735892431575,261.56310742936586,259.2187170664052,260.6606750488281,7738100
2025-06-09,260.9255242470256,262.7892720045682,258.32608422186917,261.6513977050781,8285000
2025-06-10,260.80780989527875,263.7701865542935,260.77838340293533,263.4759216308594,7538100
2025-06-11,263.5543728329388,264.4764428071077,260.71952105435884,263.03448486328125,7434100
2025-06-12,261.76906334571646,263.17180580407035,260.08190474325323,263.12274169921875,6618000
2025-06-13,260.0230636958611,261.92605676944186,257.69828090375347,259.89556884765625,7098300
2025-06-16,261.90641444850957,266.5461905448813,261.75928200050436,265.2023010253906,8566000
2025-06-17,263.0541348281509,265.42795173106725,262.69116817138956,264.37835693359375,6739300
2025-06-18,264.849226160592,272.4219533800811,264.5745689012487,268.7336730957031,9586400
2025-06-20,270.3129479704052,272.00992553694005,268.5865139770169,269.7538146972656,13969700
2025-06-23,269.81267140989485,273.2360830171409,266.9189366562568,272.96142578125,8094600
2025-06-24,274.864422081068,277.31672955102783,274.1777939507156,275.8944091796875,9267900
2025-06-25,276.1298306696613,278.85679547317505,275.55108967897763,278.6409912109375,6826900
2025-06-26,279.26878993935657,283.88892888521605,279.04316687272353,283.24151611328125,8942100
2025-06-27,280.3575940845552,283.19247586135157,279.6022941678673,281.6327819824219,17868600
2025-06-30,284.8600066595423,287.0670832038085,283.40825991352006,284.3793640136719,12689200
2025-07-01,285.3406963303482,285.57610826317716,281.122709609671,284.8698425292969,9338300
2025-07-02,286.46878021661104,287.23389900971387,284.17342383730266,286.4295349121094,8158700
2025-07-03,287.95726066275904,292.1462676228288,287.03074848169234,291.75201416015625,6541600
2025-07-07,291.0127726573706,291.7914435365602,285.91695574871414,287.77984619140625,8825700
2025-07-08,285.1185912184717,285.54244302383853,276.28718720828704,278.72174072265625,15440900
2025-07-09,283.05857981144027,283.0783120359289,278.42604907780265,279.0962829589844,11273800
2025-07-10,278.93861835925793,284.1724112302303,278.93861835925793,284.05413818359375,8410900
2025-07-11,281.4223984494675,283.2557206237078,279.5792402426265,282.7431640625,7384700
2025-07-14,282.9502113560098,285.1481889533,281.16618941470136,284.55682373046875,9079900
2025-07-15,283.866855384694,287.7601801900451,281.3830312287391,282.4376525878906,12526100
2025-07-16,284.2611002489253,286.5576787356624,278.9484690013939,281.7181396484375,9979800
2025-07-17,279.3722805662569,286.13381646736286,279.3722805662569,285.73956298828125,8509500
2025-07-18,285.365019447414,288.3022635940587,284.09355419862834,287.08990478515625,12217000
2025-07-21,286.82378823022276,289.9581440577552,286.409802517335,286.7942199707031,7898100
2025-07-22,287.3165917383993,289.41602825063205,285.02987956960806,287.2475891113281,6717500
2025-07-23,288.6373728619252,292.72780910920665,288.3515263055785,292.5011291503906,7083500
2025-07-24,293.15163750090335,295.29047824712586,291.9491449333037,292.2940979003906,7001200
2025-07-25,292.4419829511327,294.6103920554469,291.71258245493334,294.33441162109375,5918500
2025-07-28,293.3882007039174,295.13278810430046,292.5602593912129,293.9992980957031,5840400
2025-07-29,295.69464217411235,296.9661375577531,291.94918873841937,292.7771301269531,7635700
2025-07-30,293.1516503269176,296.29584201458954,293.1122159565272,295.3299255371094,8061700
2025-07-31,294.8469611494763,296.66055111466636,291.2591855090535,291.9885559082031,14749700
2025-08-01,286.23241068269874,287.61231301174155,280.1608103552954,285.2171936035156,12007100
2025-08-04,286.0943926240756,290.0961238185278,286.0943926240756,290.0369873046875,6649500
2025-08-05,290.4608068242693,291.54502636918687,283.11771225513746,287.1884460449219,7182300
2025-08-06,288.1051104485434,289.08092314098127,285.99583781724914,287.16876220703125,6330200
2025-08-07,288.7359444448802,289.2484709612734,282.29965937267906,282.8220520019531,8057100
2025-08-08,284.8327802026082,287.0504898402696,280.62404088373916,284.6159362792969,6634100
2025-08-11,285.2467115527221,287.1391701841974,284.6356142061902,285.4044189453125,5510100
2025-08-12,287.31661546362176,290.5199739550687,286.1732592848133,288.6472473144531,8570900
2025-08-13,289.7314666813669,290.32283187703916,283.0389031406188,286.36053466796875,8420400
2025-08-14,286.40977645449954,289.9778498963191,285.48329438065525,289.93841552734375,6322400
2025-08-15,290.6086841881212,291.25921599583813,285.66073811560074,286.32110595703125,7340500
2025-08-18,285.83814995621725,287.7108766469041,284.27097198497654,287.34619140625,5386900
2025-08-19,286.6562214265169,288.2825659770611,285.37489004447787,286.4886779785156,6031500
2025-08-20,286.63651945321493,289.12034355143464,283.1473143479242,288.0459899902344,7374200
2025-08-21,287.7503044651617,288.5683797096441,285.31575079885044,287.28704833984375,6624000
2025-08-22,288.9922055724686,292.8953659306035,285.96625689985,291.9885559082031,8552800
2025-08-25,291.9885819039242,293.08266767966575,289.9187435512912,290.6678161621094,5856300
2025-08-26,289.9384416271958,294.45269969390944,289.28790983878844,294.28515625,6714700
2025-08-27,292.98408908730437,296.74927450763425,292.77711127340297,294.9849548339844,6056500
2025-08-28,295.71434878470495,296.91684155087967,294.41331520000983,296.7492980957031,6410500
2025-08-29,297.70533564994906,298.60227955806266,295.4284896061262,297.09423828125,6796400
2025-09-02,295.9508866438156,296.14799833495414,290.273540537871,295.39892578125,7221900
2025-09-03,296.25645520177414,296.25645520177414,292.1265844883639,295.211669921875,6316900
2025-09-04,295.694622931837,300.0610396446901,293.99930589050996,299.4598083496094,6605800
2025-09-05,299.2922261938372,300.7706992658433,290.08627080836624,290.1552734375,9837700
2025-09-08,290.6579550877705,292.20540066234315,287.2574550934962,288.70635986328125,8188500
2025-09-09,288.4008143193263,294.7089599546063,288.11496777534006,293.5754699707031,7848200
2025-09-10,292.44198029068025,297.2125163723058,291.1606189374317,296.22686767578125,7787300
2025-09-11,296.91682530734334,301.3424087307021,296.4733014094209,301.1748352050781,7942500
2025-09-12,300.622869917122,303.13626220753474,299.3415385689925,302.5054626464844,6846700
2025-09-15,302.7617353660041,305.5018376479389,302.7617353660041,304.4668884277344,7122000
2025-09-16,305.55111968192784,306.43819756185593,302.72231251567524,304.75274658203125,10525600
2025-09-17,305.9355331009736,308.4193571478893,304.3387568426567,307.2760009765625,8657800
2025-09-18,307.3154351086428,308.94174954569326,305.16669795269365,308.7347717285156,8050700
2025-09-19,309.09945390156855,311.2678631029987,304.68373667454165,310.26251220703125,23568600
2025-09-22,305.35395817376326,309.198012204534,305.11741210895696,307.9560852050781,7520200
2025-09-23,307.34499004479613,311.77054315707727,306.12276518201463,308.25177001953125,8584400
2025-09-24,309.54299157852137,312.036681822986,307.1971727167786,308.92205810546875,7310500
2025-09-25,309.6119974927529,311.1200389596543,307.3252850484171,308.9516296386719,7083200
2025-09-26,310.3807832525034,313.24902470509,309.1980228082985,311.5241394042969,7258100
2025-09-29,312.50978831201064,313.4461666504931,309.158588598915,311.1594543457031,6462400
2025-09-30,311.71140689202116,312.85476301381095,305.65950932869447,310.9031677246094,11823300
2025-10-01,309.46410924883065,310.0752066018678,302.9982564818407,306.2508850097656,9235200
2025-10-02,305.5511124553201,306.10307334887034,301.74652271909054,303.1362609863281,7600000
2025-10-03,304.08248279942853,307.18727011434805,303.78677014872494,305.5806579589844,6029900
2025-10-06,307.2148975143275,308.7698967102646,302.2131839322167,306.2244567871094,7214500
2025-10-07,306.39282285956295,307.04651731937065,301.7872798561248,304.7486877441406,8454200
2025-10-08,305.2637226562496,305.8282811149513,300.6482653222047,301.1236877441406,6489900
2025-10-09,302.13392206728275,305.09536030036105,300.4898171115272,302.6093444824219,7060300
2025-10-10,302.73812442433035,307.50214203189404,297.93448072337696,298.01373291015625,8597400
2025-10-13,302.6786918104351,306.5017785031187,302.53013174675476,305.0260314941406,10788700
2025-10-14,302.91638858642943,304.0653034578676,291.39755808509767,299.19232177734375,16178800
2025-10-15,303.4611428511513,309.13634876005415,302.520212088773,302.767822265625,11354800
2025-10-16,302.43105556912377,305.72920960204,294.2302082762473,295.6861572265625,10549400
2025-10-17,296.30025689141456,296.68651306450823,291.3876792596173,294.7155456542969,10153500
2025-10-20,295.6465484229892,300.78693806489423,295.3098022126917,299.4696350097656,6894900
2025-10-21,298.7763518720256,301.14348948053015,294.16089447968653,294.2500305175781,7372700
2025-10-22,294.9235089294393,295.21074518844307,287.76264219334536,291.2984924316406,8054100
2025-10-23,291.5659521228084,293.53691953831486,289.7138327608809,291.72442626953125,5438800
2025-10-24,293.24968626033206,299.7073793455201,292.6257339726554,297.5680236816406,7228300
2025-10-27,299.27155593587753,301.6188954834183,298.13255521259686,301.2425231933594,5642200
2025-10-28,301.9457281513223,305.0260143525006,300.26199714781296,302.4409484863281,6336000
2025-10-29,300.60865723546095,305.30333633604477,300.1134369007715,302.58953857421875,7520300
2025-10-30,302.8668918595425,309.6216749468322,302.1834853094115,306.48199462890625,7514600
2025-10-31,305.5905808443981,309.8791757592273,304.3129038831637,308.1459045410156,7721300
2025-11-03,308.02707397940236,309.3344630267029,303.28285431242927,306.3928527832031,7770000
2025-11-04,303.7780648320401,309.23540287266394,302.1834697809128,306.2937927246094,7085200
2025-11-05,306.6503419445097,310.107000668758,302.70840715746203,308.7005615234375,6865200
2025-11-06,308.01715622418413,311.83035912038315,307.2941538281452,310.4239501953125,7206100
2025-11-07,308.90856044061366,311.4242580235003,304.6991875199946,311.20635986328125,7302300
2025-11-10,311.9888009767473,316.505207868057,311.20634440947254,313.8607482910156,5794100
2025-11-11,314.4649080237581,316.00007894896714,312.2661285601958,312.6028747558594,5030200
2025-11-12,313.23678409164455,319.16951418656384,313.1872439213492,317.34710693359375,10578300
2025-11-13,316.17840351377913,317.565014483568,306.1452341336872,306.5216064453125,8973300
2025-11-14,304.5704148461381,304.6991769671513,298.35044875494805,300.7076721191406,10327000
2025-11-17,301.0939616708072,302.66875869849656,294.8244855709175,297.4986572265625,8344000
2025-11-18,296.6369875977812,300.05402007948175,294.1806837974681,296.5478515625,8077300
2025-11-19,296.8746866890342,301.5396841634701,296.409178349521,300.3709411621094,5546600
2025-11-20,303.411609711364,306.95740445253,295.3098117912242,295.5277099609375,7501600
2025-11-21,298.40990318772816,298.79615936428223,290.01095471385685,295.171142578125,11766800
2025-11-24,295.3890327721484,296.9539460474125,291.69470820468445,295.1513366699219,10940200
2025-11-25,297.18170363006027,301.5891765934406,292.7346348034667,300.103515625,8877200
2025-11-26,302.0844103036798,305.5806647286523,300.30162915288383,304.6991882324219,7910900
2025-11-28,306.1452235979446,310.7210547537004,305.2934288863403,310.087158203125,4322400
2025-12-01,309.95842421118846,311.038000929866,305.5905771667579,305.9669494628906,7727300
2025-12-02,305.7886541478843,307.5120415313108,304.1544330268201,304.9368896484375,7249000
2025-12-03,304.26340519365976,309.37405277594195,303.86720471987456,309.1462707519531,8535300
2025-12-04,310.26549041680175,315.4454763850748,310.0079661400671,313.0783386230469,9627800
2025-12-05,312.62274341566774,315.4355916137351,311.6718985008828,312.0284729003906,6518900
2025-12-08,312.0482477999388,313.44477282870224,310.3546026483966,312.1968078613281,7417200
2025-12-09,311.939326475107,315.7524991840304,297.15202309779255,297.6373596191406,18049200
2025-12-10,297.62741810314117,308.2152311685389,295.60691069504315,307.1455383300781,18874100
2025-12-11,306.2838676543348,314.96013772429524,306.2838676543348,314.3460693359375,9721900
2025-12-12,316.6241041512468,317.2084605896136,313.5735598207153,315.4751892089844,8982900
2025-12-15,316.5349331916296,319.79349149101296,315.3464225115248,316.9608154296875,10864100
2025-12-16,316.0397380851819,316.4656203572433,311.39456850853577,312.5335693359375,8331300
2025-12-17,315.3860269605939,316.3170436429019,311.65207637787455,311.9690246582031,8718700
2025-12-18,312.979256626897,314.66301788263524,309.2353920446346,310.0079345703125,11444900
2025-12-19,310.79038320864026,315.51477427620307,310.1961127673861,314.17767333984375,24494400
2025-12-22,314.4748493262905,320.1401715734682,314.4748493262905,320.0014953613281,8354600
2025-12-23,320.51650136966475,324.6466524002949,320.00148308544306,322.8143310546875,6668300
2025-12-24,323.1213622604756,326.8355148620812,322.3884458193645,326.02337646484375,4289300
2025-12-26,325.9639318748006,327.6972031402456,323.4185221880518,324.7754211425781,4158300
2025-12-29,323.8741142125664,324.63674268276935,320.43728371815735,320.6551818847656,8635300
2025-12-30,321.70506610211044,321.83382823915406,319.4072362471025,320.328369140625,7904300
2025-12-31,321.2395304565584,321.77437689354394,318.9615289550125,319.1398010253906,5048500
2026-01-02,319.4171281542276,322.61626252061376,317.6739428368343,322.36865234375,8054000
2026-01-05,322.3884599175412,334.026138578159,322.08142570711647,330.8468322753906,10752600
2026-01-06,330.92639220894705,334.1598441675407,328.96642165340415,332.90625,7660800
2026-01-07,329.4539672046419,330.45880399676645,322.947258062395,325.3250732421875,9815200
2026-01-08,324.7281574581884,329.7126277455971,323.99190461809644,328.11083984375,11737100
2026-01-09,327.6631156796267,330.21007865256746,326.49908990111055,327.5138854980469,6738100
2026-01-12,320.2411028663189,324.3600076252465,319.59441851466954,322.8377990722656,12805100
2026-01-13,322.64875130423195,325.1957141371429,308.9886797025588,309.3169860839844,19371200
2026-01-14,306.6307659579143,310.17263725890126,304.5613395847709,306.30242919921875,25951500
2026-01-15,306.8993776774091,311.3466191836246,306.18304245620016,307.68536376953125,14751400
2026-01-16,308.76979706409315,315.5948534301565,308.42157308655703,310.8789978027344,14652500
2026-01-20,304.65088058894946,309.56573031914434,300.323023148028,301.19854736328125,12900600
2026-01-21,301.88504309324475,303.8450138204667,299.61665319654776,300.50213623046875,10270100
2026-01-22,303.3077326815458,306.6307531542374,301.35772089620315,302.0840148925781,10535800
2026-01-23,300.4623078902987,300.8304191049288,295.000271015744,296.2041015625,11107900
2026-01-26,296.2936374196168,300.243424572115,295.9354850066467,299.5072021484375,11752700
2026-01-27,299.7957098597862,300.4324657566407,296.6319086980451,298.7809143066406,11527400
2026-01-28,298.74110176244625,300.38272473319716,296.53240414079806,299.2385559082031,9556700
2026-01-29,300.86028172816947,305.2677184721844,300.6812055104527,304.8598327636719,11580000
2026-01-30,303.6957636347891,306.36211063628633,301.0194578342246,304.33251953125,11953200
2026-02-02,302.9097896135357,307.72514241386267,299.83552643648,306.5710754394531,9839400
2026-02-03,308.15296152215484,314.6397527673971,307.5261644294422,313.24688720703125,12688000
2026-02-04,312.809117891095,317.68416242077944,312.809117891095,315.654541015625,9848800
2026-02-05,313.3961328396234,314.4009999973286,303.98430827226673,308.5807800292969,9388000
2026-02-06,313.10760555212,322.59903993155126,313.10760555212,320.7584533691406,17797400
2026-02-09,319.70385137937853,324.73808529326595,318.4801031561584,320.4599914550781,11477500
2026-02-10,320.9076714905845,324.4694603347238,313.51550984428656,316.659423828125,9902200
2026-02-11,321.5941717066872,323.6237932822943,307.15807190859783,309.2374267578125,8703500
2026-02-12,310.68996020493864,312.0231336727285,298.492374829366,301.09906005859375,13443400
2026-02-13,297.0000117729552,302.740652037527,295.0101951931391,301.0094909667969,9114500
2026-02-17,301.21844819128046,306.6705262718474,300.95976231603305,305.5661926269531,8896800
2026-02-18,306.8894162356143,310.6899733588093,305.6557396172298,307.2077941894531,7209600
2026-02-19,305.6060125002564,307.6057576457843,303.5664321569553,306.48150634765625,6737700
2026-02-20,306.829734990155,309.4165028225248,304.12358301143166,309.20758056640625,7792700
2026-02-23,307.22769310292153,309.4165036660153,293.5974666249826,296.1543884277344,12955400
2026-02-24,295.3086878147805,298.22376183621185,289.89638425356503,295.7862243652344,13554100
2026-02-25,297.1194302945208,302.113859047087,295.4977249020647,301.75567626953125,8095500
2026-02-26,303.02916294815697,307.4366298839601,302.0939770599508,304.5712890625,7007800
2026-02-27,298.4725052158334,301.4074969953331,292.9507760142178,298.7709655761719,18620800
2026-03-02,293.3089239524434,298.45261340621465,291.7170645432447,296.044921875,8508900
2026-03-03,290.80175042735664,300.8503301542204,288.0259478174434,298.7311706542969,10278200
2026-03-04,298.4625518350298,299.4674190034017,294.31380094003714,297.8656311035156,8055700
2026-03-05,296.46279534996694,299.7061758621692,290.9410358965662,292.0553283691406,12732500
2026-03-06,284.88204628210366,288.51345559776433,282.2654325280704,288.0060729980469,13496500
2026-03-09,284.04633930656934,289.61783224456605,279.02206418875625,288.44384765625,12241100
2026-03-10,287.81703392074905,291.25940817695187,285.7177615952499,287.2598876953125,8344900
2026-03-11,287.339470512306,289.00098077209634,283.40957048917664,286.0560302734375,10205000
2026-03-12,281.38992356011664,282.4345955757058,277.6789347371047,281.44964599609375,13760500
2026-03-13,283.2205743771862,285.72773249785536,281.50933079451545,281.996826171875,9091200
2026-03-16,284.88204862524725,287.7971227560318,283.16084627757465,284.7029724121094,8149000
2026-03-17,287.5285022187445,290.2744588762506,284.4940440114858,285.42926025390625,8961200
2026-03-18,285.36953215418885,287.93641255144826,283.6682474755719,286.27490234375,10057000
2026-03-19,285.4193072233837,288.0359209952396,283.1708046765218,286.5037536621094,9846700
2026-03-20,286.61317132501995,289.2297850267638,283.81748141518966,285.1009216308594,22436500
2026-03-23,292.8114588483544,294.24412922690453,286.5037438804951,288.4338684082031,11470800
2026-03-24,284.71293429347423,293.9755285514211,283.9169894005904,290.91119384765625,11092300
2026-03-25,292.6522795072885,296.1245302289603,290.950994762599,293.91583251953125,12188200
2026-03-26,291.0902559049482,293.48798854194115,289.24969984697105,290.1749572753906,8669200
2026-03-27,287.66781259849654,288.63284454259417,280.31542537678433,281.3998718261719,9873300
2026-03-30,283.2901966006573,285.787426299191,280.89246381052374,282.32513427734375,11734400
2026-03-31,287.0012007453536,293.56760164880984,283.4991344325332,292.6622314453125,12956900
2026-04-01,293.8859963972044,297.19902789200404,291.41861272257177,293.87603759765625,11267200
2026-04-02,290.4237002119346,294.1148016905453,287.2499401451481,293.1000061035156,6669300
2026-04-06,294.05999755859375,296.8299865722656,293.20001220703125,295.45001220703125,7142600
2026-04-07,293.1400146484375,298.17999267578125,292.70001220703125,297.3999938964844,7849100
2026-04-08,307.9700012207031,311.260009765625,305.3299865722656,307.9700012207031,10590200
2026-04-09,306.95001220703125,311.260009765625,306.1099853515625,310.3299865722656,6586600
2026-04-10,310.0,310.3500061035156,306.7200012207031,309.8699951171875,6069700
2026-04-13,307.4700012207031,313.739990234375,305.4599914550781,313.67999267578125,8318200
2026-04-14,309.82000732421875,314.32000732421875,308.8699951171875,311.1199951171875,11455500
2026-04-15,313.95001220703125,314.239990234375,304.260009765625,305.92999267578125,9885800
2026-04-16,305.3500061035156,309.95001220703125,305.20001220703125,309.95001220703125,8208600
2026-04-17,312.4700012207031,314.8999938964844,310.0899963378906,310.2900085449219,11082400
2026-04-20,310.8500061035156,317.1300048828125,310.3699951171875,316.989990234375,10772000
2026-04-21,317.489990234375,320.239990234375,312.75,313.0,7084300
2026-04-22,314.8500061035156,315.1499938964844,311.94000244140625,313.0199890136719,5543400
2026-04-23,313.5199890136719,314.989990234375,310.6099853515625,310.7799987792969,2393106
