timestamp,open,high,low,close,volume
2021-01-04,46.37223735977229,46.679848076781184,44.4582169314697,45.08198165893555,25611100
2021-01-05,44.71455219719853,44.96234677102573,44.458207812567096,44.58638000488281,20323800
2021-01-06,44.406939337007216,44.44966231247176,42.885975985947596,43.16795349121094,38724500
2021-01-07,42.800539307613974,42.94579810757408,42.31349011078159,42.689456939697266,53225700
2021-01-08,42.749262659158475,43.689184464430056,42.586914040404906,43.646461486816406,29674000
2021-01-11,43.25341207487917,43.45848698037958,42.6809168654304,42.894535064697266,19304400
2021-01-12,42.75781031631076,43.0397845834973,42.51855576828853,42.817623138427734,18538700
2021-01-13,42.706534808904216,43.03123526891862,42.68090167717151,42.8603401184082,18864100
2021-01-14,42.860345042770454,42.877434885740385,42.05714198050896,42.0656852722168,34303600
2021-01-15,42.00588016817935,42.02297001428874,41.467561424175805,41.612823486328125,24366800
2021-01-19,41.64700539634662,41.903346582528414,41.2197689995253,41.45047378540039,29114500
2021-01-20,41.47610797936051,41.71535930579573,41.279579638423755,41.595733642578125,23115800
2021-01-21,41.68118065272378,41.94606838470584,41.40774962725099,41.82644271850586,19702500
2021-01-22,41.70681495336245,41.81789406092657,41.43338394165039,41.43338394165039,15400300
2021-01-25,41.37356455339387,41.732444764875055,41.21976247367852,41.681175231933594,16604200
2021-01-26,41.792258091416336,42.21095113324007,41.53591694274374,42.11695861816406,12922600
2021-01-27,41.775166670376116,42.142590164777594,41.211214860757124,41.46755599975586,21242400
2021-01-28,41.60426605855266,42.296389977071456,41.5359099515376,41.9973258972168,17498900
2021-01-29,41.89479790061596,41.97170057851867,41.10868453499264,41.14286422729492,18670300
2021-02-01,41.245400522442054,41.604277517108734,41.16849784364849,41.42483901977539,12183600
2021-02-02,41.69826071563011,42.16821997667312,41.55300194348493,41.83497619628906,13319800
2021-02-03,41.82643564331432,41.9460612892789,41.58718109183076,41.672630310058594,12274100
2021-02-04,41.83497782745875,41.928970335243015,41.57009340685326,41.87770080566406,20597400
2021-02-05,42.29639597555213,42.535647273366514,42.0998676581254,42.42456817626953,12742000
2021-02-08,42.68944930829077,42.868887767771625,42.28784941224611,42.655269622802734,17833200
2021-02-09,42.59546173172385,42.74072378207925,42.407479958896594,42.46729278564453,14592900
2021-02-10,43.073971487192544,43.219233550639316,42.322034549453384,42.3818473815918,22965400
2021-02-11,42.56128307403556,43.22777068551468,42.55273652234487,42.97997283935547,21928600
2021-02-12,43.210673747118996,43.44992500230592,43.05686843748344,43.313209533691406,13137100
2021-02-16,43.25340602172641,43.33885524520789,42.86034937237541,42.954341888427734,15093400
2021-02-17,42.72362682506018,43.14231980214955,42.6296343245164,42.83470916748047,12794300
2021-02-18,42.860351472448095,43.44993647536311,42.749269106256655,43.3815803527832,12747100
2021-02-19,43.398664775753474,43.43284446255013,42.697997494193785,42.817623138427734,15968800
2021-02-22,42.59545680303519,43.47556577680513,42.44165147789304,43.26194763183594,14370900
2021-02-23,43.57809992453632,44.01387948957788,43.0825042823772,43.18504333496094,16222300
2021-02-24,43.05687981207032,43.49266272434568,42.83471833921476,43.3303108215332,14442000
2021-02-25,43.1252294055796,43.364480669665305,42.70653643387563,42.8688850402832,14211100
2021-02-26,42.89452194791114,42.90306523906513,41.84352112005204,41.86061096191406,23638400
2021-03-01,42.24512372463772,43.09959631561825,42.21094729825973,42.63818359375,13901200
2021-03-02,42.58691676302621,43.202138110568065,42.467291114238506,42.809078216552734,11755100
2021-03-03,42.48437392262021,43.202130956036015,42.4758273722339,42.70653533935547,15410700
2021-03-04,42.98851666799319,43.655004237254495,42.39892850175044,42.672359466552734,22036400
2021-03-05,42.76634391356155,43.535370394384486,42.63817500646012,43.39865493774414,21310800
2021-03-08,43.97970688660635,44.85126935197902,43.71481920041177,44.12496566772461,25084900
2021-03-09,44.19331622045186,44.330031682265826,43.42428971052722,43.45846939086914,23082700
2021-03-10,43.73190959466287,44.116422931221166,43.33885296598303,43.954071044921875,21331600
2021-03-11,43.928436299616074,43.945526142787486,43.41575404269087,43.47556686401367,17417700
2021-03-12,43.587568375612854,43.66511112700459,43.251550881810196,43.389404296875,17598600
2021-03-15,43.510024550713425,44.044206110074256,43.484178063115436,43.9666633605957,13411900
2021-03-16,44.113139004680875,44.388845856416985,43.97528557881282,44.13037109375,14214200
2021-03-17,44.15621266683437,44.474998062401305,44.07005551776803,44.14759826660156,17502700
2021-03-18,43.9925171635219,44.10452081115972,43.501414134079496,43.57033920288086,18007300
2021-03-19,43.47556207347834,44.00974694037916,43.22570172799423,43.77711868286133,67845700
2021-03-22,43.35493717603009,44.009743318115774,43.35493717603009,43.94081497192383,17911400
2021-03-23,43.93220449359377,44.50085025369961,43.794351075588864,44.27683639526367,16936700
2021-03-24,44.08729071223798,44.70763279287478,44.070061909273655,44.38884735107422,14997400
2021-03-25,44.5439266613037,44.85409765838074,44.08728456596936,44.81963348388672,17091900
2021-03-26,44.923035722815776,45.75877411941945,44.59563254373101,45.698463439941406,17126700
2021-03-29,45.43136537635013,46.4738821787198,45.414133286226026,46.396339416503906,17514100
2021-03-30,46.3101815128364,46.344645692534094,45.6036822624591,45.79323196411133,14871800
2021-03-31,45.68984185814166,45.810463206821964,45.2332029562276,45.41413497924805,15826500
2021-04-01,45.62953899567045,45.79324224263597,45.198746512810985,45.241825103759766,15834700
2021-04-05,45.103962232250296,45.85354336248067,45.05226924856898,45.50029373168945,16368700
2021-04-06,45.69845819231873,46.22402544172048,45.577836847213774,45.827693939208984,15614300
2021-04-07,45.905235290527344,46.09478499082697,45.76738185940536,45.905235290527344,10062700
2021-04-08,45.81045452145114,45.991389796852665,45.63814021982627,45.76737594604492,9695600
2021-04-09,45.810458850179614,45.90523369703955,45.500291105935645,45.81907653808594,10828200
2021-04-12,45.94832447790597,46.13787092171593,45.75015705783215,45.965553283691406,8565300
2021-04-13,45.698456605966236,45.91385279665799,45.500292504932034,45.74153518676758,11071700
2021-04-14,45.6467611505185,45.82769316511977,45.362439882814385,45.7329216003418,9787600
2021-04-15,45.77599706551781,46.2326359150958,45.76737937777961,45.94831466674805,13078100
2021-04-16,46.301558931311966,46.353251905041006,45.99138794219977,46.24986267089844,17974100
2021-04-19,46.52558135986328,46.835752428132025,45.92247131452799,46.52558135986328,19352900
2021-04-20,46.38771780583293,47.033906294981776,46.36187131800605,46.67203903198242,14419200
2021-04-21,46.73235820953461,47.163150583828426,46.73235820953461,47.051143646240234,13866500
2021-04-22,46.930520491735415,47.275152405826915,46.801281469773066,46.90467071533203,12558900
2021-04-23,46.87021986803909,47.033919815809114,46.672052448783845,46.9305305480957,9020500
2021-04-26,46.93052417000616,46.96498506343685,46.163714239197645,46.23263931274414,11684600
2021-04-27,46.14647564552499,46.26709697224552,45.93969388065789,46.1637077331543,9852400
2021-04-28,46.508342648174434,46.56865331545418,46.04308611200083,46.172325134277344,10868100
2021-04-29,46.12924545130381,46.835744639681124,46.03447060879482,46.74958419799805,15391000
2021-04-30,46.74096717770278,46.758199265073664,46.25847859137164,46.508338928222656,14912600
2021-05-03,46.758196897526254,47.21483568633737,46.66342206512747,46.93912887573242,10417900
2021-05-04,47.01667229159343,47.05975086511096,46.47387306255592,46.64619064331055,14151000
2021-05-05,46.646202711593276,46.73236316760422,46.275720967459534,46.52558135986328,9665900
2021-05-06,46.628962191312574,47.05114013273613,46.56865152634989,46.99082946777344,11572700
2021-05-07,46.90467422215657,47.1889987770573,46.66343153558754,46.96498489379883,10637500
2021-05-10,47.28377722464514,47.81795890839496,47.2406986397224,47.30962371826172,15545800
2021-05-11,47.41300532790667,47.507780171453156,46.56865271027808,46.8012809753418,12986700
2021-05-12,46.83573869589629,47.008056270709346,46.42217848835557,46.56003189086914,15836500
2021-05-13,46.49973161065643,47.19761317871258,46.37911026737192,46.96498489379883,15475800
2021-05-14,47.30100450408993,47.47331882625163,47.120069207124125,47.15453338623047,11725300
2021-05-17,47.24930582025344,47.40439133161969,46.95636688619328,47.076988220214844,12119800
2021-05-18,46.86159053984832,47.0080616455262,46.61173019213503,46.818511962890625,13232500
2021-05-19,46.62896045670942,46.68065671904779,46.189553730229434,46.67203903198242,15126100
2021-05-20,46.628971046415636,47.214849005901605,46.628971046415636,47.08561325073242,10948400
2021-05-21,47.21485040219824,47.49055729873514,46.71513288473215,47.05976486206055,16033200
2021-05-24,47.06837591977582,47.326850688026425,46.947754580371196,47.21484375,10326100
2021-05-25,47.23206520448229,47.23206520448229,46.827119410501695,47.20621871948242,11916500
2021-05-26,47.36991962796894,47.43023028539734,47.03390216895802,47.41299819946289,16064300
2021-05-27,47.56808786368504,47.87825886437609,47.197606200269,47.80933380126953,59109600
2021-05-28,47.68871309097221,47.998884117041115,47.55947735456676,47.637020111083984,17011600
2021-06-01,47.68010661452072,47.94719910617971,47.47332480054514,47.62841033935547,13304000
2021-06-02,47.817962646484375,47.86965892444415,47.61118082133088,47.817962646484375,11328500
2021-06-03,47.54223997566145,48.02472854993579,47.47331162790032,47.938568115234375,17364300
2021-06-04,48.162589309949595,48.662306760752806,48.05919677252684,48.455528259277344,18935100
2021-06-07,48.51583903406992,48.54168552513884,48.08504665393439,48.28321075439453,14010800
2021-06-08,48.464146542225514,48.464146542225514,47.86103650569631,47.94719696044922,10968300
2021-06-09,48.033348485318335,48.17981631116257,47.80072021484375,47.80072021484375,9838800
2021-06-10,48.17120361328125,48.35213562337503,48.041964585108545,48.17120361328125,12444400
2021-06-11,48.24013646441725,48.42968289359019,47.955811890629846,48.38660430908203,11825800
2021-06-14,48.34319464798315,48.36055658094348,47.9178388805304,48.22166442871094,9710800
2021-06-15,48.42131561466635,48.42999823578208,47.909150246678514,48.100128173828125,11154200
2021-06-16,48.12618329828248,48.143545234073,47.43172242391453,47.457763671875,15211700
2021-06-17,47.457753371293876,47.87443311692605,47.440394750721644,47.7008171081543,10658400
2021-06-18,47.3188619057854,47.41435087755302,46.63308379404067,46.67648696899414,31445600
2021-06-21,47.067118020133364,47.24941332574875,46.87614009342219,47.18864822387695,14404300
2021-06-22,47.17129240377386,47.61401010496863,47.101844671809914,47.36227035522461,13072800
2021-06-23,47.36226054177793,47.3969810891157,46.9716254090455,46.98030471801758,12339200
2021-06-24,47.10184406953327,47.24073622023508,46.876145566436605,47.21469497680664,11488400
2021-06-25,47.084493861422615,47.284151156766235,46.88483325462832,47.15393829345703,18880300
2021-06-28,47.093161662811546,47.19732994112701,46.8761424846419,47.10184097290039,10556900
2021-06-29,46.9889969110792,47.17129223967522,46.63308556462739,46.754615783691406,12300900
2021-06-30,46.70252892399688,47.03239901928447,46.65912574838141,46.97163391113281,14614200
2021-07-01,47.17128930220991,47.29281951370595,46.754612872173496,46.8414192199707,13214700
2021-07-02,46.87614414514381,47.26677934197667,46.87614414514381,47.03239822387695,10604600
2021-07-06,46.8674692662826,46.954275624253405,46.48551334373034,46.77198028564453,15278200
2021-07-07,46.63309346312155,47.206024101070845,46.63309346312155,47.15393829345703,14377700
2021-07-08,46.8848191996919,47.023711333574894,46.65044141431719,46.988990783691406,11943900
2021-07-09,47.0931563657464,47.32753744918028,47.03239126760978,47.27545166015625,10847000
2021-07-12,47.15392402860706,47.39698443437369,47.110520857784394,47.292816162109375,15107600
2021-07-13,47.700820125399474,48.00464567638062,47.5272041056459,47.7615852355957,15170800
2021-07-14,47.76158783086856,48.916128298782574,47.7095020286772,48.8380012512207,22002700
2021-07-15,48.82063854799469,49.02029580586464,48.53417162706169,48.9942512512207,15068200
2021-07-16,49.01161999973426,49.20259797358167,48.83800396091393,48.959537506103516,14860500
2021-07-19,48.68174710134006,48.91612491636879,47.88311474688072,48.3779182434082,19527000
2021-07-20,48.37791583439124,48.89876386000262,48.195620515579726,48.464725494384766,16257900
2021-07-21,49.76683901923854,49.96649626374212,48.985568661224654,49.08973693847656,20918200
2021-07-22,49.15050753740906,49.25467913775624,48.65570402583566,49.02029800415039,13402700
2021-07-23,49.1244687630459,49.766847085018405,49.00293853464713,49.48905944824219,12144000
2021-07-26,49.384892100080734,49.5845493807675,49.09842845786074,49.532466888427734,8681100
2021-07-27,49.57586803871674,49.949141338632245,49.41093132252831,49.706077575683594,12794400
2021-07-28,49.47169984035011,49.619271311481505,49.15919165271859,49.25468063354492,9858000
2021-07-29,49.54114275614372,49.69739684520186,49.358847422725965,49.523780822753906,9599100
2021-07-30,49.61059938390739,49.69740575496894,49.39358014480272,49.50642776489258,11727000
2021-08-02,49.65398589750713,49.68870975885311,49.228626874643105,49.37620162963867,9778000
2021-08-03,49.48038218817798,49.48038218817798,49.26336296805439,49.41093444824219,8825500
2021-08-04,49.263367097371614,49.436983150313296,48.62098869492261,48.69911575317383,11888400
2021-08-05,48.99425132976422,49.12446416884252,48.86404180213597,49.04633712768555,9806800
2021-08-06,49.13314570102015,49.25467923499846,48.99425354506656,49.167869567871094,10409300
2021-08-09,49.306765176177656,49.37621291474213,48.985577663943054,49.17655563354492,8859900
2021-08-10,49.34148274546388,49.62794635184013,49.185228665095,49.306758880615234,10906900
2021-08-11,49.384894368970166,49.63663746501296,49.228640261871234,49.246002197265625,8370700
2021-08-12,49.24599509465247,49.46301428860641,49.24599509465247,49.34148406982422,6169200
2021-08-13,49.315436399225014,49.74079210952858,49.28071253796972,49.68002700805664,7714200
2021-08-16,49.65399612301266,49.905739202439236,49.50642133762626,49.897056579589844,7972000
2021-08-17,49.87969617922724,49.96650585313889,49.489060925250946,49.72344207763672,10346400
2021-08-18,49.645308902255614,49.6800327675365,48.97688939712377,49.04633712768555,13873700
2021-08-19,48.66438777726901,49.46301686309103,48.56889879712719,49.358848571777344,9223700
2021-08-20,49.341485590675624,49.50641899104232,49.11578707904488,49.167869567871094,10543600
2021-08-23,49.19390850909065,49.263356239541096,48.94216876483292,48.9942512512207,8912800
2021-08-24,49.16786475366351,49.16786475366351,48.52548983706932,48.620975494384766,12067200
2021-08-25,48.664385874714334,48.75987153967283,48.37791894548842,48.673065185546875,11270700
2021-08-26,48.568901188806215,48.59494243505442,48.186945249430266,48.212989807128906,10331500
2021-08-27,48.3171471746263,48.42999806859328,48.134851869221734,48.308467864990234,8844100
2021-08-30,48.343195600218664,48.78591662080232,48.29979242268796,48.7685546875,10034700
2021-08-31,48.751195839124215,49.06370403544078,48.612303675366896,48.88140869140625,14185700
2021-09-01,48.9421639137674,49.30675452814447,48.855354259308776,49.211265563964844,9518900
2021-09-02,49.28071975708008,49.50641826540265,48.96821158290255,49.28071975708008,11653200
2021-09-03,49.01162103661723,49.280726068054406,48.829325682151996,49.246002197265625,13220400
2021-09-07,49.133140152384286,49.21126718825088,48.18693641197769,48.325828552246094,20035300
2021-09-08,48.27375800811294,49.028984000635305,48.27375800811294,48.976898193359375,12040100
2021-09-09,48.76856424106253,48.97690085860228,48.43869406659863,48.490779876708984,12545400
2021-09-10,48.62098671486222,48.72515832925538,48.19563087950077,48.27375793457031,10573700
2021-09-13,48.386601567771095,48.95953211477279,48.386601567771095,48.673065185546875,20274300
2021-09-14,48.90921771716525,48.96169662141616,48.58560614872424,48.70805358886719,13918900
2021-09-15,48.699306908154384,48.979187713889786,48.471901668217875,48.87423324584961,15746000
2021-09-16,48.73428608172445,48.97043610438386,47.947119339526424,48.41067123413086,17430400
2021-09-17,48.122043490336736,48.270728681380014,47.55353383136024,47.6147575378418,33370200
2021-09-20,47.32613659983078,47.579779600893644,46.99377692038434,47.282405853271484,27542500
2021-09-21,47.57103634536428,47.94712681007437,47.177452912941796,47.27366256713867,16418200
2021-09-22,47.67598041972983,47.719714497696046,47.28240040956759,47.343624114990234,12719700
2021-09-23,47.45732759872992,47.772194304031984,47.229925720701765,47.26491165161133,13836200
2021-09-24,47.2299262260617,47.439838477323136,47.10747880301004,47.13371658325195,9682200
2021-09-27,47.09873338991245,47.448586050205144,46.853838529572904,46.888824462890625,12429500
2021-09-28,46.75763464492259,46.75763464492259,45.85676843781733,46.04043960571289,19926100
2021-09-29,46.04043171978095,46.49523882174742,45.97046319294722,46.3203125,13941500
2021-09-30,46.503983642529185,46.64392736909913,45.856760589353605,45.891746520996094,17672000
2021-10-01,46.162886632242135,46.53023230114378,45.97921546601262,46.372798919677734,16277400
2021-10-04,46.40778515435357,46.81885824286658,45.830530530760115,46.346561431884766,18973400
2021-10-05,46.372794993737,46.76637841408118,46.294078309668166,46.42527389526367,17173100
2021-10-06,46.15413089867576,47.02875910595836,45.92672569637486,46.976280212402344,21284500
2021-10-07,47.22118676553467,47.474826454996325,47.063753393348854,47.124977111816406,13774400
2021-10-08,47.2299187586473,47.57102319362911,47.142457280707895,47.33487319946289,13786800
2021-10-11,47.413605969170256,47.57103935208982,47.23867961743267,47.43109893798828,12378500
2021-10-12,47.59727713709553,47.955877993201035,47.422354121800595,47.43109893798828,19474400
2021-10-13,47.37861898109143,47.60602423424123,47.04626259024569,47.43984603881836,12143300
2021-10-14,47.57103133443347,47.93837694481397,47.50106280739657,47.763450622558594,13704000
2021-10-15,47.789682499693924,47.999594727758385,47.48356397589333,47.649742126464844,17867000
2021-10-18,47.53604189073927,47.57102781989401,47.107475936140176,47.17744445800781,15861800
2021-10-19,47.26492010176126,47.40486051397644,47.02877003056517,47.36112976074219,11068500
2021-10-20,47.38736142307517,47.89464410064965,47.326137709168634,47.78094482421875,12474800
2021-10-21,47.75470214166179,47.81592585356211,47.41359765066224,47.53604507446289,14388300
2021-10-22,47.57103336821356,47.69348079809463,47.291152575216195,47.623512268066406,12828600
2021-10-25,47.56229453590213,47.641011227361915,47.247427770063005,47.43109893798828,11855000
2021-10-26,47.509810884914465,47.73721612039646,47.43109420131567,47.64100646972656,12086700
2021-10-27,48.95295157244595,49.049161228226474,48.34071103820463,48.55936813354492,24019800
2021-10-28,48.76053617801921,49.075402954434566,48.64683354510416,49.01417922973633,15928000
2021-10-29,48.86548126837551,49.390260240377664,48.78676458939729,49.30279541015625,24463700
2021-11-01,49.32029177032794,49.32903992217317,48.89172575029732,49.127872467041016,11651100
2021-11-02,49.39027297058648,49.41651075819456,48.95295871608918,49.06665802001953,11498900
2021-11-03,48.979179438233146,49.26780834712909,48.78676016563585,49.23282241821289,10788300
2021-11-04,49.0753936640056,49.530200773123816,49.00542179962951,49.50395965576172,10820200
2021-11-05,49.713871002197266,49.99375178169282,49.495213934688735,49.713871002197266,12886700
2021-11-08,49.635156927416865,49.75760435781233,49.09288830576169,49.26781463623047,12828000
2021-11-09,49.337784936145844,49.433994588176525,49.05790413193425,49.40775680541992,10155800
2021-11-10,49.45148768120088,49.783844051770515,49.232830593827096,49.60892105102539,8813600
2021-11-11,49.70513193955563,49.74886269082957,49.47772669462319,49.62641525268555,7257700
2021-11-12,49.63515800434125,49.845070272746646,49.46023167007713,49.51271057128906,10162500
2021-11-15,49.44274098488947,49.57393657575308,49.21533907536068,49.52145767211914,10289200
2021-11-16,49.521461158752516,49.80134199162068,49.145370664002925,49.17161178588867,13756500
2021-11-17,49.014165705790376,49.02291051985893,48.67306123760524,48.90046310424805,13288700
2021-11-18,48.830491771848074,48.91795325326704,48.22699620615562,48.4631462097168,15380100
2021-11-19,48.48939053493065,48.53312461798769,48.01709380047031,48.218257904052734,15813700
2021-11-22,48.19201396850014,48.99667367221274,48.17452434003069,48.515628814697266,16905600
2021-11-23,48.68181394074062,49.075397366444285,48.54187353787292,48.87423324584961,13835900
2021-11-24,48.725535234757444,48.83923783265912,48.130787803883344,48.48064041137695,12598900
2021-11-26,47.745959101713055,47.88589949646421,46.862585985429284,46.993778228759766,14754300
2021-11-29,47.2736578774794,47.86840537493024,47.16870341805929,47.737213134765625,22712500
2021-11-30,47.243627794356414,47.270072410473496,46.2211911788198,46.23000717163086,30485200
2021-12-01,46.697149450159536,47.17311214690325,46.08016114278611,46.0977897644043,18719600
2021-12-02,46.36220603860844,47.014451500229,46.2828789333075,46.77647018432617,17074200
2021-12-03,47.005639402925986,47.25243335006634,46.69714360668519,47.19073486328125,21064400
2021-12-06,47.86943203411871,48.69795715353695,47.71959041754961,48.398277282714844,26624100
2021-12-07,48.49522616985478,48.847788498276955,48.34538457448076,48.66269302368164,23832700
2021-12-08,48.583372288531976,48.786096410505706,47.91350142298034,48.477603912353516,18026300
2021-12-09,48.257246534021455,48.59218361579731,48.11622092521831,48.35420227050781,13846400
2021-12-10,48.69795229106873,49.64106168636299,48.53929805986822,49.605804443359375,23153600
2021-12-13,50.2227903699474,51.06013135892076,50.20516174927984,50.9102897644043,31362800
2021-12-14,50.59298288264916,51.2716662615127,50.59298288264916,50.9455451965332,24806600
2021-12-15,51.06012878735515,51.34217997919985,50.81333483506989,51.174713134765625,24923800
2021-12-16,51.10420844654145,51.897479677032166,51.033697316228974,51.69475555419922,24696900
2021-12-17,51.55372425460227,51.93272784264179,50.85740884699007,50.88385009765625,51874400
2021-12-20,50.416697457602794,50.92791396331389,50.240414628548336,50.71637725830078,20879500
2021-12-21,50.77807612325442,51.09538454545855,50.707561646180025,50.91910171508789,15864900
2021-12-22,50.86621907263936,51.28929587488331,50.6723109730581,51.28048324584961,12447400
2021-12-23,51.58016508412574,51.6594921977923,51.068945159982235,51.31574249267578,11027300
2021-12-27,51.12183706969858,51.73000943819741,51.12183706969858,51.69475555419922,9860000
2021-12-28,51.47439935584163,51.950358699897585,51.38625624596768,51.89747619628906,8979900
2021-12-29,51.95917510986328,52.09138473226358,51.70356513264715,51.95917510986328,9996000
2021-12-30,52.05612731713716,52.20596555148403,51.79170136565222,51.809329986572266,7703900
2021-12-31,51.78288723623278,52.31173239925107,51.73881736636718,52.18833541870117,10021300
2022-01-03,51.84458903317537,52.276481854961844,51.456769446381045,52.26766586303711,20187300
2022-01-04,52.64667130199737,53.360615323102955,52.523274317135694,53.140262603759766,26141600
2022-01-05,52.963982446195374,53.942349107747035,52.92872520235377,53.580970764160156,22507300
2022-01-06,53.298919677734375,53.87183476124061,53.272475063625954,53.298919677734375,17902300
2022-01-07,53.131456238274254,53.51927924646481,52.93754809649525,53.17552947998047,12307900
2022-01-10,53.36943261868942,53.60741397986529,53.04331150699625,53.26366424560547,20954300
2022-01-11,53.26365952596806,53.31654538898185,52.743626974437205,53.281288146972656,19369600
2022-01-12,53.351802599098136,53.49282821362262,53.052122747944125,53.360618591308594,15753800
2022-01-13,53.36062044030644,53.80132592125582,53.22840745109523,53.67792892456055,14318000
2022-01-14,53.71317433275224,54.16269573529157,53.20195780391558,54.10980987548828,19729600
2022-01-18,53.81895454397171,53.933535548151035,53.28129331924291,53.67792892456055,21976700
2022-01-19,53.46638006300114,53.92471409164709,53.37824032616422,53.76605987548828,18654700
2022-01-20,53.766068070023145,54.15388767845514,53.51927407941332,53.54571533203125,23002400
2022-01-21,53.836577940512704,54.03048604693197,53.237218275618986,53.281288146972656,26643200
2022-01-24,52.796509439960744,53.19314161893586,51.62423143595925,52.84939193725586,30185100
2022-01-25,52.320553517305235,52.92872585060031,51.730006443830995,52.72600173950195,19027100
2022-01-26,52.699555632413485,53.1931435575052,52.18833572449356,52.53208541870117,19190200
2022-01-27,52.7788845301927,53.70436528338389,52.443947453745594,52.5761604309082,18893800
2022-01-28,52.34699542054456,53.66911183640199,51.95035982332415,53.62504196166992,19101500
2022-01-31,53.14908227141271,53.88946764094442,53.01687263968825,53.77488327026367,22045300
2022-02-01,53.686738783185305,53.88946289047848,53.02568059588834,53.37824630737305,20841700
2022-02-02,53.431129434777475,54.0040478820553,53.37824693105795,53.924720764160156,20225600
2022-02-03,53.71317537048319,54.45356061045612,53.404682921459276,54.3037223815918,19440500
2022-02-04,54.19795447879345,54.36542132934344,53.38705475088985,53.730804443359375,17403700
2022-02-07,54.10099851701001,54.40067833830112,53.64266447489917,54.29490661621094,17846400
2022-02-08,54.49762654340086,54.93833190430568,54.41829944394539,54.647464752197266,18771700
2022-02-09,54.79731484784426,54.9295278297219,53.67792594716102,53.80132293701172,23595600
2022-02-10,53.20196222207792,54.91189814993398,53.060936613206444,54.10100173950195,23561500
2022-02-11,54.44475029879357,54.6298457760861,53.01686561889808,53.140262603759766,22781400
2022-02-14,53.02568232352023,53.58097216039003,52.25003975037212,53.48401641845703,23641300
2022-02-15,53.730810750318085,54.45356746094181,53.43994688497729,53.68674087524414,13408700
2022-02-16,53.64267167912876,54.11863440550992,53.37824906302233,53.67792892456055,15484700
2022-02-17,53.36943140925191,54.89427192239444,53.24603441639768,54.75324630737305,21468700
2022-02-18,54.75323787555396,55.37022610712684,54.63865689258634,55.12343215942383,21975000
2022-02-22,55.02648865939371,55.21158416129554,54.400687660211666,54.8942756652832,21731400
2022-02-23,54.859020775816454,54.93834789836623,54.06574955031874,54.286102294921875,19248500
2022-02-24,52.85821575218072,53.43113085234253,52.19715753962144,53.33417510986328,27207400
2022-02-25,53.71317668435114,55.440744528089375,53.69554806364492,55.396671295166016,21487800
2022-02-28,54.33898006947021,54.94715234354489,54.12743998674414,54.859012603759766,25879100
2022-03-01,54.77086712373896,55.30852825510567,54.215577372717476,54.621028900146484,15871100
2022-03-02,54.850198779567094,55.42311719775352,54.45356321023154,55.02648162841797,17319100
2022-03-03,55.185130218744966,55.5465085089308,54.90307903432262,55.06173324584961,21262800
2022-03-04,54.171516570737,55.167511892868724,53.94235120150324,55.14988327026367,17163000
2022-03-07,54.65629127010828,54.70917713729046,53.51927370537661,53.83658218383789,29151400
2022-03-08,54.16270092862534,54.24202804477875,51.64186519565687,51.70356369018555,30242100
2022-03-09,52.72600099007189,52.743629611958035,51.70356445688638,51.967987060546875,23022700
2022-03-10,51.544905029532785,51.70355924820923,50.68112281802517,51.01605987548828,20887300
2022-03-11,51.08656873157922,51.87102379901415,50.99842899724632,51.05131149291992,19855600
2022-03-14,51.486510017176116,52.4368386155179,51.486510017176116,51.992759704589844,17799400
2022-03-15,52.472370271142765,53.19177600059405,52.383552448458126,52.95197296142578,18607200
2022-03-16,53.09407811550888,53.23618324381995,52.05493499999415,52.80986785888672,17347300
2022-03-17,52.80987101011909,53.413818688492874,52.60559508773586,53.36941146850586,15586200
2022-03-18,53.555920526102135,53.555920526102135,53.03190723120702,53.37828826904297,30197800
2022-03-21,53.73356075216911,54.26645421432439,53.511521244928744,53.80461502075195,17440100
2022-03-22,54.115465299273374,54.133228865212295,53.342768815226,54.000003814697266,17559500
2022-03-23,53.9555873092604,54.15986320032579,53.28946894741768,53.64473342895508,15529200
2022-03-24,53.85789631607843,54.19539727802671,53.6980276176847,54.15987014770508,13151300
2022-03-25,54.284216557910426,54.71941547303597,54.22204576832876,54.64836120605469,12259800
2022-03-28,54.64835846842386,55.01250309832616,54.3641481908442,54.9947395324707,11485200
2022-03-29,55.252304405484686,55.53651467406357,54.834872479289636,55.2078971862793,14720600
2022-03-30,55.07468322062865,55.252315521240234,54.6750147793205,55.252315521240234,13641000
2022-03-31,55.261187914021,55.63421262122574,55.065792083740234,55.065792083740234,16822900
2022-04-01,55.35889059490996,55.90954761449742,55.14573118097555,55.83849334716797,12644900
2022-04-04,55.59868602052181,55.767438198483056,54.817109468056984,55.5453987121582,11505800
2022-04-05,55.421055992286014,56.16710878638403,55.39440895060328,55.48322677612305,15721200
2022-04-06,55.749664818390215,56.18486023766155,55.33222957341098,56.042755126953125,19267400
2022-04-07,56.06941501198423,56.549017752985954,55.69638689336748,56.34474182128906,13960800
2022-04-08,56.380270438724516,56.87764014729229,56.096060144701205,56.69112777709961,12703500
2022-04-11,56.762177175978984,57.108561639085295,56.522374111391784,56.673362731933594,12720100
2022-04-12,57.179601222049286,57.561509377132424,56.744405763128846,57.33946990966797,18089900
2022-04-13,57.232904250567394,57.614812465363286,57.046391881868175,57.49047088623047,11883000
2022-04-14,57.694744303238785,58.23652123881552,57.5704027222318,57.74803161621094,16388400
2022-04-18,57.52598184260127,57.89012981920038,57.0019719556202,57.23289489746094,11679400
2022-04-19,57.28619630067577,57.95231486231153,57.2329089840996,57.79244613647461,11993800
2022-04-20,58.12105046753461,58.831572664696886,58.08552334126052,58.582889556884766,14827100
2022-04-21,58.600659125557975,59.506577169638625,58.369736182515155,58.804931640625,15120400
2022-04-22,58.6894852735211,58.92040148655566,57.89014167734109,57.95231246948242,14902200
2022-04-25,59.50658506739877,59.68421395417181,57.53487325412265,58.56513977050781,25082000
2022-04-26,58.192105820593476,58.94704549791664,57.76579379981376,57.77467727661133,21982600
2022-04-27,57.73026813435928,58.867109253443296,57.73026813435928,58.22763442993164,16971000
2022-04-28,57.4283048864373,58.86711664386535,57.28619634065712,58.78718566894531,22010600
2022-04-29,58.50297309781769,58.64507486201049,57.277310654100454,57.38389205932617,20137100
2022-05-02,57.97895266291807,58.005596318514314,55.580928793747844,56.34474182128906,24970300
2022-05-03,56.5934335956051,56.78882606813306,55.6608649068661,56.0250129699707,21686300
2022-05-04,55.95395262008642,57.83684997304997,55.90066192170125,57.75691223144531,19780200
2022-05-05,57.454943173894705,57.75691364128697,56.85099546300239,57.295074462890625,20155200
2022-05-06,57.01973776521692,58.005593633286544,56.90427967094213,57.49934387207031,18984000
2022-05-09,57.25955047461691,58.05001059574357,56.87764224269328,57.38389205932617,20055300
2022-05-10,57.286185778432426,58.014475001005415,56.708881775831436,56.850990295410156,21322200
2022-05-11,57.13520240889861,57.90789548678479,56.806581528810156,57.117435455322266,19648400
2022-05-12,56.98422051819042,57.31283464139873,56.140466352738095,57.295074462890625,22574700
2022-05-13,57.561516335364836,58.44079761161151,56.948691938835246,58.36974334716797,16167000
2022-05-16,58.12105046753461,58.95591421860295,58.12105046753461,58.582889556884766,13223200
2022-05-17,58.70723730263605,58.70723730263605,57.73914841996229,58.42302703857422,21300600
2022-05-18,58.10329077158497,58.19210521030703,54.14210717483686,54.35526657104492,31437300
2022-05-19,54.14210526596871,54.14210526596871,52.98750066302115,53.28947448730469,31493900
2022-05-20,53.72467465945274,54.39079310674207,52.98750195152014,54.15987014770508,29133800
2022-05-23,54.75493861783455,56.04276492654471,54.701647921480614,55.82960891723633,19406900
2022-05-24,55.84737474336381,57.01086291711962,55.73191325728329,56.85987091064453,16154200
2022-05-25,56.84210701800701,57.25954232559765,56.48684249392303,56.90427780151367,15360500
2022-05-26,56.904283146710696,57.81908480828477,56.806585224007854,57.10856246948242,16159800
2022-05-27,57.07302786402724,57.579277589886615,56.96644647791218,57.44605255126953,17709000
2022-05-31,56.91315401487206,57.12630999167692,55.998349167920615,56.29144287109375,43159000
2022-06-01,56.32697866976722,56.55790164681516,55.1812574259893,56.0161247253418,15408300
2022-06-02,56.11382016573519,56.611189842874026,55.16349141988618,56.6023063659668,14586000
2022-06-03,56.46020439409349,56.51349509436405,55.7852057976026,55.927310943603516,13539900
2022-06-06,56.24704860820442,56.637836914354565,55.65198097750908,55.83849334716797,15112800
2022-06-07,55.40329834281581,56.28257288699675,55.261193194864646,56.175994873046875,17886300
2022-06-08,55.94507622884652,56.14046869306602,55.56316800197771,55.856258392333984,10211500
2022-06-09,55.8384816807999,56.26479703154445,54.87038951305086,54.888153076171875,13382200
2022-06-10,54.18651782565708,54.968097810510045,53.698031605644175,54.54178237915039,14967600
2022-06-13,53.95559710117834,55.323361198851416,53.88454283675459,54.479610443115234,23064200
2022-06-14,54.327530463106044,54.47066230321627,52.47576078869709,52.98566818237305,24620000
2022-06-15,53.674491431219224,54.24701879381373,52.75308042032695,53.37928009033203,19684700
2022-06-16,52.45786567494405,53.245092453686915,52.108982049288706,52.842533111572266,15053800
2022-06-17,53.406116907338756,53.79078434912989,52.89620953799368,53.164581298828125,34781900
2022-06-21,53.218258773744225,54.4617172562884,52.788859847188064,54.30069351196289,17705000
2022-06-22,54.21122823010036,54.97161881154432,53.96074839328824,54.7032470703125,15207100
2022-06-23,54.83743389417287,55.383125061577246,54.77481393193289,55.35628890991211,17190900
2022-06-24,55.56204234090247,56.41188909819801,55.56204234090247,56.39399719238281,18147100
2022-06-27,56.340322296543306,56.61764172192491,56.02722247154161,56.27770233154297,12142100
2022-06-28,56.429785410582156,57.038093193140924,55.5620466797102,55.7141227722168,13150100
2022-06-29,55.94671215162629,56.45661954507067,55.84830837174541,56.11668014526367,11795500
2022-06-30,55.74990304616001,56.456617979772,55.60677121008321,56.27770233154297,15514200
2022-07-01,56.46556856672937,57.65535144786164,56.19719677051801,57.59273147583008,15143200
2022-07-05,57.413806984072735,57.413806984072735,55.839353533455615,56.60868835449219,15921200
2022-07-06,56.89495501081664,57.333294744832635,56.528179485146694,56.7249870300293,13450500
2022-07-07,56.59080215654466,56.8770692412304,56.08984243654195,56.27770233154297,14828400
2022-07-08,56.38504807009759,56.73393169311075,56.25086389876362,56.48345184326172,11311500
2022-07-11,56.349262562999854,56.76971035676466,55.991431313488135,56.30453109741211,12702100
2022-07-12,56.35820720545021,56.76076651085263,55.88408369716055,56.06299591064453,14731100
2022-07-13,55.75884936524656,56.35821284799557,55.44574613523846,55.8035774230957,13145300
2022-07-14,54.86428081360908,55.68728809197285,54.837441245813764,55.62466812133789,14433000
2022-07-15,56.13457052612305,56.33137808053568,55.52625936933141,55.910926818847656,21968400
2022-07-18,55.92881080438961,55.96459461149375,55.02528844393434,55.15053176879883,10780800
2022-07-19,55.5441553039673,56.04511847311,55.40102345743116,55.937767028808594,10998200
2022-07-20,55.82147234205178,55.98249608902658,54.703253772800196,55.016353607177734,11010500
2022-07-21,54.80165755730989,55.35629645926423,54.38120966957785,54.891117095947266,11959600
2022-07-22,54.90900290150627,55.347342648252045,54.85532718428896,55.09686279296875,11644700
2022-07-25,55.06108240263232,55.732013553141734,54.8463863454874,55.633609771728516,14941700
2022-07-26,56.134566525822805,57.073869346935766,55.93775898543521,56.54607009887695,20118000
2022-07-27,56.25087232840604,56.528188371573485,55.27578552211374,56.367164611816406,12142900
2022-07-28,56.28665406928618,57.47644038770093,56.25981791286656,57.30646896362305,10837000
2022-07-29,56.99336166165723,57.51221670163132,56.921797449696896,57.40486526489258,13734200
2022-08-01,57.33330051744081,58.18315074454075,57.279628208910275,57.71796798706055,12831500
2022-08-02,57.780583695830835,57.78953135494787,56.74288046537265,56.93074035644531,15241900
2022-08-03,56.850225486914404,57.3422409238916,56.63552945488489,57.181217193603516,11317000
2022-08-04,56.930740599307576,57.0112524690439,56.28664564141696,56.957576751708984,11795600
2022-08-05,56.921790500506035,56.921790500506035,56.06299617410124,56.69814682006836,10445400
2022-08-08,56.80550635819213,57.08282580672018,56.134575180733165,56.331382751464844,9165200
2022-08-09,56.519238341515745,56.635534025560794,56.224027007985754,56.4029426574707,7910900
2022-08-10,56.921797730019236,57.06492956717694,56.447670746751946,56.93968963623047,8857300
2022-08-11,56.975463366850676,57.243838516072344,56.42977564767835,56.555015563964844,8507800
2022-08-12,56.742873752670526,57.038081630499796,56.43871821678273,56.98440933227539,9489300
2022-08-15,56.930742150121155,57.870048460142705,56.86812218445734,57.700077056884766,9863300
2022-08-16,57.76269834936549,58.3531210320987,57.548002294310024,58.17420196533203,9569600
2022-08-17,57.99529533679166,58.34417901942323,57.9326753636287,58.04001998901367,8144000
2022-08-18,58.11158585638709,58.460469528414585,57.88794212687895,58.34417724609375,6532000
2022-08-19,58.335218470776134,58.56780981616513,58.111574783880776,58.299434661865234,8921100
2022-08-22,58.004225155658084,58.07579277569894,57.2438413741816,57.431697845458984,9087900
2022-08-23,57.09176019414861,57.58377903600319,56.966520275324484,57.49431610107422,8443800
2022-08-24,57.467485294098665,57.77164428599855,57.297520717069986,57.57483673095703,6844700
2022-08-25,57.5748415556477,57.8879414080582,57.16333791747035,57.85215759277344,7913900
2022-08-26,57.9058251497662,57.96844510772723,56.34031596314526,56.45661163330078,10089500
2022-08-29,56.0808963321193,56.38505191878193,55.83041646517322,56.11668014526367,9115900
2022-08-30,56.277703291202066,56.277703291202066,55.45469607285944,55.59782791137695,8456800
2022-08-31,55.803579102034675,55.93776327961923,55.1952679418946,55.2042121887207,14633600
2022-09-01,55.08791852289916,55.499422117127025,54.82849100859077,55.46363830566406,14939700
2022-09-02,55.81251784407917,56.15245720298978,54.47960338386402,54.7032470703125,11809800
2022-09-06,54.828491055614954,55.43680220087879,54.56011929447669,54.73008728027344,12181800
2022-09-07,54.855324825702965,55.90197908497961,54.855324825702965,55.7409553527832,13290700
2022-09-08,55.53521492608273,55.73201909594995,54.873227956894894,55.57099533081055,17193500
2022-09-09,55.61570942841422,56.25086008140701,55.33839344562432,55.74989700317383,11855900
2022-09-12,55.84830685381312,56.188246244380714,55.705175017658156,55.910926818847656,13026900
2022-09-13,55.64256205453077,55.66045396286813,53.92497639200279,54.094947814941406,18532800
2022-09-14,54.247022723836025,54.6406378735351,54.068107056930316,54.38121032714844,12881600
2022-09-15,54.4262603340248,54.4262603340248,53.489118626307075,53.642303466796875,11451900
2022-09-16,53.7594482767645,53.88560131005034,53.263845601393406,53.65131759643555,20493500
2022-09-19,53.51614822994368,54.15592625045644,53.37197285296317,54.05680847167969,12596200
2022-09-20,53.77747318268255,54.09285578086921,53.453077688883404,53.97571563720703,11984600
2022-09-21,54.19197544259629,54.69659102252977,53.516152662509214,53.52516555786133,14165300
2022-09-22,53.660328674235465,53.82252641833189,53.34494608149934,53.399009704589844,11657600
2022-09-23,53.12868245215589,53.25483549204097,52.26363008944749,52.80428695678711,14824000
2022-09-26,52.70516701080153,52.777252986039294,51.984286633949544,52.146484375,18670100
2022-09-27,52.335717736890565,52.59703326607577,50.740775563487325,50.80385208129883,23829300
2022-09-28,51.05615834583663,51.58780573898379,50.380335563229856,51.34450912475586,21480100
2022-09-29,51.44362653493197,51.62384661774612,50.46143069287769,50.97505569458008,14570700
2022-09-30,51.245388983407146,51.479676144615034,50.46143550148458,50.47945785522461,16124600
2022-10-03,50.78583068667269,51.227366319687924,50.515502257033006,51.047149658203125,16277600
2022-10-04,51.317472021489735,52.09241594895146,50.87593300325734,51.164283752441406,18861400
2022-10-05,50.91198376528922,51.04714969892313,50.01989616561293,50.67770004272461,14324900
2022-10-06,50.461429340686095,50.551537660972485,49.443188821871864,49.587364196777344,17192800
2022-10-07,49.551330747298756,49.64143908179877,48.88451738479575,49.11880111694336,11479800
2022-10-10,49.19989544094462,49.52429091499153,48.67726096185639,49.01066589355469,10239100
2022-10-11,49.07374019082428,49.7585758133882,48.875501194744956,49.09176254272461,14303900
2022-10-12,49.76758415355241,50.49747392077803,49.59637697046041,49.686485290527344,18377400
2022-10-13,49.09175988632283,50.533517023624995,48.893517463558446,50.34428405761719,16220700
2022-10-14,50.72275092893257,50.88494866384226,49.50626791710988,49.54231262207031,15997900
2022-10-17,50.12802713914928,50.6596745073529,50.07396008160895,50.182090759277344,13721400
2022-10-18,50.740773834667,51.16428709162698,50.55154085026754,50.857913970947266,11823100
2022-10-19,50.74077435514095,50.94802625693072,50.21813643439187,50.42538833618164,10182300
2022-10-20,50.25417908076955,50.3893415655742,49.52428928814056,49.632423400878906,16905100
2022-10-21,49.56033602329938,50.56055426393739,49.55132656557475,50.42538833618164,15034100
2022-10-24,51.0381390916564,52.0203350661831,50.97506256977591,51.87615966796875,17416700
2022-10-25,53.20076973851632,53.26384625593437,52.03835373910538,53.11967086791992,28829900
2022-10-26,53.17372980811122,53.86757487602926,53.038567327293165,53.51614761352539,15831400
2022-10-27,53.8585682598903,53.92164477508166,53.50714097884922,53.642303466796875,16026100
2022-10-28,53.67835185861634,54.88582206257308,53.58824352712908,54.75065612792969,12888900
2022-10-31,54.52538034161276,54.57944740144521,53.768458691020534,53.93065643310547,14016400
2022-11-01,54.09284416147571,54.327131273299145,53.49812036306422,53.741416931152344,10659500
2022-11-02,53.74141985746993,54.27306717874238,52.957466498106136,52.99351119995117,14549200
2022-11-03,52.362750689776036,53.164726522932575,52.35373779422793,52.96648406982422,9194000
2022-11-04,53.435054411591814,53.69637338123744,52.76824451911758,53.399009704589844,9725900
2022-11-07,53.399010671420875,53.85857210048562,53.38099175500609,53.606266021728516,8849700
2022-11-08,53.840541585897704,53.8765862880889,53.11065183487998,53.70537567138672,10081600
2022-11-09,53.69637305689786,53.74142722167196,52.939451401490686,52.95747375488281,10115200
2022-11-10,54.291095451581384,55.002962922315525,53.777470425206715,54.858787536621094,16804800
2022-11-11,55.30032607751971,55.37241549288753,54.255053616574074,55.255271911621094,18972100
2022-11-14,55.25527259709466,55.61571280358015,54.70560282903994,54.72362518310547,16361000
2022-11-15,55.0840629235268,55.372413700840966,54.06582230759169,54.633514404296875,13295800
2022-11-16,54.77768609228664,54.993947441955896,54.32713760349484,54.53438949584961,14199500
2022-11-17,54.23702229891886,54.732628354131904,54.18295868374067,54.70559310913086,11212600
2022-11-18,54.957916104670865,55.30033054308075,54.78670544805313,55.09307861328125,10415600
2022-11-21,55.33636863888778,56.05724557754286,55.14713908700564,55.94010543823242,15399400
2022-11-22,56.29152567635076,56.31855748397123,55.913063182604255,56.18339157104492,12319600
2022-11-23,56.30954644765126,56.579874828508736,56.1383358377591,56.435699462890625,8990400
2022-11-25,56.525813686459124,56.597903095510176,56.2104311153913,56.489768981933594,5165500
2022-11-28,56.48977021653779,56.859219852468364,56.372630080388014,56.498783111572266,12267500
2022-11-29,56.33658944668788,56.38164361287956,55.8499962020277,56.30054473876953,10969600
2022-11-30,56.273320988742796,57.78882752351273,56.03737566701729,57.725303649902344,30433900
2022-12-01,57.725297098006514,58.17904097903246,57.561949023893895,57.88864517211914,12001400
2022-12-02,57.72530010158858,58.5511104077619,57.53472849247166,58.3968391418457,13643500
2022-12-05,57.543797017845,57.897716679870186,57.407672473162556,57.59824752807617,9185100
2022-12-06,57.643622715880674,57.970318862150236,57.38045043563118,57.571022033691406,10099500
2022-12-07,57.580095834652866,57.825117931524346,57.398597600475,57.66176986694336,12307600
2022-12-08,57.71621663805096,57.94308856424108,57.48934471186084,57.90679168701172,9946200
2022-12-09,57.72529121702518,57.93401296561787,57.253397213419255,57.298770904541016,13914900
2022-12-12,57.44397193699565,58.08829084863355,57.180799667579535,58.0519905090332,11647900
2022-12-13,58.61463247563719,58.71445668547493,57.897719759312885,58.07014465332031,17521600
2022-12-14,58.251642901953375,58.66908645055561,57.68899798501177,58.07014465332031,12826700
2022-12-15,57.707142904860326,57.97938852214073,56.70890782090191,57.271549224853516,12212300
2022-12-16,56.94485855102539,57.298778233551545,56.563715342702196,56.94485855102539,33631500
2022-12-19,57.01744642276094,57.54378742004261,56.69075033944591,57.026519775390625,10919700
2022-12-20,57.008386552673315,57.30785920531972,56.94486268001343,56.981163024902344,10286500
2022-12-21,57.23525466531696,58.124595746312124,57.23525466531696,57.89772033691406,10411300
2022-12-22,57.552875239794226,57.70714996760224,56.85411267257673,57.48027801513672,9666700
2022-12-23,57.62547484971635,57.96124436379112,57.35322920420192,57.915870666503906,6463300
2022-12-27,58.01569137581256,58.34238751542715,57.816042965650084,58.2697868347168,7320700
2022-12-28,58.496662764236355,58.66908766180357,57.61640195214806,57.68899917602539,7159400
2022-12-29,57.897719442961815,58.21534224178199,57.806972050036705,58.033843994140625,7169300
2022-12-30,58.0066226725222,58.0066226725222,57.326006773732516,57.725303649902344,7650200
2023-01-03,57.67992229564707,57.67992229564707,56.427588238740555,57.1263542175293,12180500
2023-01-04,57.307850127600176,57.471198191934086,56.72705508675133,57.099124908447266,13387900
2023-01-05,56.80873277547398,56.99023102105964,56.33684218345879,56.44573974609375,9814700
2023-01-06,57.09005466500828,57.779743837268384,56.790585505273974,57.534725189208984,9990000
2023-01-09,57.44397151939121,57.82511815884214,56.7905827202896,56.817806243896484,9442600
2023-01-10,56.8087304712962,56.92670484541048,56.19163853840902,56.3822135925293,10134600
2023-01-11,56.60908456161815,56.77243262706121,55.728820371373956,56.273311614990234,10823000
2023-01-12,56.36406163478766,56.4275854968826,55.32952621005196,55.54732131958008,13907300
2023-01-13,55.08450927701055,55.77419847086256,54.984685066710256,55.74697494506836,13986400
2023-01-17,56.01922013209802,56.60908857263634,55.8649488714659,55.973846435546875,18327800
2023-01-18,55.81957044304182,55.89217112530466,54.158869646876624,54.2768440246582,19679400
2023-01-19,54.204244710817555,55.030058452554705,54.18609453979363,54.19517135620117,14894500
2023-01-20,54.19516590802338,54.53093538373355,53.90477012441607,54.5218620300293,14237700
2023-01-23,54.703363199365235,54.96653549086318,54.494641421836555,54.657989501953125,12613400
2023-01-24,54.52186643690853,56.12811673028255,54.26776750937079,54.94838333129883,10103300
2023-01-25,54.63076628512889,55.30230531892863,54.349443820715294,55.29323196411133,11265800
2023-01-26,55.184329986572266,55.44749879673422,54.96653140866169,55.184329986572266,11884800
2023-01-27,55.21155932546251,55.320456894991295,54.78503894060372,54.89393997192383,14087000
2023-01-30,54.93930861047219,55.51102339418311,54.86670792961245,55.03005599975586,15632000
2023-01-31,55.33860595473138,55.66530211854341,54.91208557844442,55.647151947021484,14344400
2023-02-01,55.483798415492124,55.88309522617286,55.01190438764547,55.65622329711914,12535400
2023-02-02,55.175251718090095,55.374900120769404,54.36758821531053,54.7033576965332,16947200
2023-02-03,54.766884943174354,54.830408809444855,53.75049962105518,54.29499435424805,15404400
2023-02-06,54.25869185581118,54.75780941171758,54.19516799206624,54.60353469848633,11330900
2023-02-07,54.14979797242893,54.66706922819088,54.031827045236625,54.512794494628906,14922700
2023-02-08,54.37666614285809,54.37666614285809,54.07719697544125,54.19517135620117,11012000
2023-02-09,54.58538673025134,54.739657978130225,54.08626572407643,54.10441589355469,12515300
2023-02-10,54.19516674094597,54.35851480445942,53.432876931813496,54.10441589355469,14420700
2023-02-13,54.35852046632369,55.13895706443213,54.20424574058502,54.99375915527344,16191800
2023-02-14,54.639835639711634,55.26600439179122,54.04997068961711,54.07719421386719,20505700
2023-02-15,54.3585166576849,54.38574018193498,53.75049807570236,54.07719421386719,13171400
2023-02-16,53.75050173001404,54.285919668009626,53.4964062549623,53.74142837524414,16538300
2023-02-17,53.99552502754266,54.657990717507644,53.88662745897355,54.55816650390625,16814700
2023-02-21,54.440193754588925,54.657988884422885,54.195171637182355,54.26776885986328,14278300
2023-02-22,54.313136014918136,54.775956668204564,54.22238863204942,54.43111038208008,12409600
2023-02-23,54.45834032523426,54.83041017772834,54.27684553809855,54.530941009521484,12222800
2023-02-24,54.1588716110425,54.36759338743122,53.895699320981905,54.30406951904297,9736200
2023-02-27,54.6126076716402,54.7215052215705,54.21331434736862,54.285911560058594,8849800
2023-02-28,54.1770216053741,54.1770216053741,53.66882719813616,54.00459671020508,16082200
2023-03-01,53.65975601466963,53.70512971352173,52.97006332966907,53.41473388671875,13275800
2023-03-02,53.396581140104324,54.24961840748178,53.36028079805648,54.19517135620117,11758300
2023-03-03,54.040894762921496,54.15886913959807,53.73234878977655,53.941070556640625,13101800
2023-03-06,53.7777204516168,54.79410918460206,53.74142357398875,54.77595901489258,16282700
2023-03-07,54.893936868231314,54.9665340898821,54.22239439355815,54.45833969116211,13961200
2023-03-08,54.485565185546875,54.74873746312669,54.20424273760386,54.485565185546875,10851600
2023-03-09,54.939301551772886,54.939301551772886,53.79586520767978,53.95921325683594,13900900
2023-03-10,54.17701992098402,54.57631328881956,53.532704442729724,53.73234939575195,13745800
2023-03-13,53.80494997532295,55.238778832103364,53.768649634191526,54.2768440246582,21956000
2023-03-14,54.44926649527748,54.8667100409114,53.85939805686218,54.47649002075195,19496900
2023-03-15,53.93200116739704,54.884862681583904,53.75957972864803,54.8394889831543,21089900
2023-03-16,54.94921723901887,55.177829392037204,54.59258283844542,55.14125061035156,15658300
2023-03-17,55.150391408063236,55.186966697662605,54.53770908671228,54.88520050048828,27351200
2023-03-20,55.01323221720764,55.41558837890625,54.83948822454469,55.41558837890625,12904100
2023-03-21,55.3881542453898,55.55275528084507,54.7571859350411,55.159542083740234,13716500
2023-03-22,55.23269873191685,55.6624872166006,54.89435022669055,54.91263961791992,10494200
2023-03-23,54.949212642624616,55.223546505630196,54.61086766119588,54.79375457763672,15479000
2023-03-24,55.095529334645406,55.79965519038663,54.78461666442648,55.68992233276367,12975600
2023-03-27,55.909391785136094,56.220304476137215,55.735647791590864,56.10142517089844,12777400
2023-03-28,56.13800344711075,56.45806257549535,56.02827058314639,56.165435791015625,10925700
2023-03-29,56.43976493310848,56.65008767843899,56.32088564632364,56.567787170410156,9441000
2023-03-30,56.58607535402174,56.7781087058823,56.38489556349491,56.55863952636719,9870700
2023-03-31,56.75067954256888,56.92442351516458,56.576932081628726,56.723243713378906,14440900
2023-04-03,56.97014515214233,57.171324953596475,56.567789037578486,57.06159210205078,12300700
2023-04-04,57.05244510557623,57.37250419461268,56.76896828449028,56.88784408569336,11433400
2023-04-05,57.180474233890614,57.62855561718037,57.15304189005374,57.42737579345703,12789600
2023-04-06,57.4822366858313,57.64683770468545,57.04330179833505,57.46394729614258,9644200
2023-04-10,57.1438990973781,57.326786041259766,56.71410710489751,57.326786041259766,7952600
2023-04-11,57.29020741336703,57.34507209800254,57.061595258466674,57.2261962890625,9913000
2023-04-12,57.1347526571771,57.6376987295414,56.979298057208716,57.326786041259766,9593700
2023-04-13,57.39079101966108,57.75657184491941,57.13474653498693,57.74742889404297,9871400
2023-04-14,57.65598678588867,57.74743374405581,57.40908523135454,57.65598678588867,8946000
2023-04-17,57.902884432796554,58.09491779947086,57.73828340754871,58.030906677246094,9452400
2023-04-18,58.076631192433354,58.158931709001585,57.7840079087118,58.12235641479492,9035700
2023-04-19,58.277811730921826,58.369258688434435,58.00347783507348,58.23208999633789,9769500
2023-04-20,58.18636245330342,58.524707441462944,58.01261499554616,58.488128662109375,10706400
2023-04-21,58.52471316217603,58.77161122608559,58.34182273587528,58.570438385009766,12931100
2023-04-24,59.210546829539226,59.43001253999043,58.17721893515982,58.47898864746094,15532300
2023-04-25,58.6801660026034,58.6801660026034,58.18636640120388,58.387542724609375,12818900
2023-04-26,58.12236284096793,58.31439623807733,57.96690474210907,58.113216400146484,13179600
2023-04-27,58.094921304241346,58.305244074003234,57.71085454772262,58.23208999633789,13795800
2023-04-28,58.16807740011058,58.67102693285653,58.04919810252112,58.66188049316406,13687600
2023-05-01,58.66188449415344,59.15568762088639,58.57958048468639,58.79905319213867,9091500
2023-05-02,58.65273888666756,58.65273888666756,57.8571694967534,58.53386306762695,10948400
2023-05-03,58.54299620998922,58.6893113345694,58.14064357077197,58.204654693603516,11084600
2023-05-04,58.28695470413544,58.46069868055858,58.076628458538295,58.2686653137207,11938300
2023-05-05,58.19551129358525,58.71674674291931,58.186368341993756,58.542999267578125,9039000
2023-05-08,58.35096692806331,58.57957559170217,58.168076508807616,58.45155334472656,7240700
2023-05-09,58.19550437683993,58.29609427411467,57.866302345156896,57.96689224243164,9067700
2023-05-10,57.90288478308256,58.19550805455019,57.60111856053232,58.06748580932617,10134000
2023-05-11,58.140642069241444,58.46069767513348,57.619403172247374,58.39668655395508,9581500
2023-05-12,58.396689206962364,58.698458924808335,58.250377567858315,58.625301361083984,8740800
2023-05-15,58.725892809531175,58.75332515247603,58.259522049400346,58.469844818115234,8150000
2023-05-16,58.43326481870328,58.43326481870328,57.756571344343605,57.811439514160156,9129600
2023-05-17,57.9760410377433,57.99432693949619,57.36335867868727,57.74742889404297,11583000
2023-05-18,57.61940917700485,57.64684500918657,57.21705301790301,57.42737579345703,13595100
2023-05-19,57.64684065052236,57.70170533404781,57.25362747298196,57.45480728149414,14251400
2023-05-22,57.41823069606885,57.49138477301524,56.18372294436686,56.24773406982422,15055400
2023-05-23,56.24773455294637,56.39404619644056,55.93682187447813,56.14714813232422,13932700
2023-05-24,56.12885515210363,56.174576883707594,55.52531922523561,55.671630859375,11090100
2023-05-25,55.29670853492506,55.53446363853285,55.00408525894104,55.24184036254883,14463600
2023-05-26,55.27841894600116,55.45216292538624,54.96750628033946,55.104671478271484,12570300
2023-05-30,54.949221313363005,55.04981122628469,54.42798584490051,54.665740966796875,15634200
2023-05-31,54.793747178740034,55.12294916523173,54.29080124975277,54.555992126464844,59432200
2023-06-01,54.81204848403359,55.0223712459488,54.65659389457893,54.86691665649414,13402700
2023-06-02,55.113822204502185,56.07399261808584,54.940078211603485,55.92768096923828,15259800
2023-06-05,55.781369432990935,56.183725596047694,55.369866829668744,55.552757263183594,12915600
2023-06-06,55.73564096558954,55.77221974554392,54.97664697908618,55.150394439697266,10943500
2023-06-07,54.87605930251712,55.1961184075733,54.70231532320863,55.06809616088867,16817900
2023-06-08,54.98580311811068,55.2418476462704,54.8486344132565,55.20526885986328,15585900
2023-06-09,55.113820540394116,55.47959790729628,55.02237358241,55.29671096801758,12581500
2023-06-12,55.40643611743248,55.46130428458604,54.885200738678556,55.05894470214844,14208900
2023-06-13,55.05895029207703,55.47959581792811,54.90349570187562,55.278419494628906,13397800
2023-06-14,55.53446771068764,55.85452684050094,55.41558840599443,55.65334701538086,14099700
2023-06-15,55.846838671753815,56.48261233289064,55.598056756984256,56.418113708496094,15271400
2023-06-16,56.759037292770174,57.28424240213373,56.648468721038775,56.82353591918945,26738000
2023-06-20,56.749822961416335,57.09074476411731,56.42732983925479,56.44575500488281,13971800
2023-06-21,56.49182934864391,56.86960851834174,56.187761387347095,56.60239791870117,13948700
2023-06-22,56.95254129131929,57.21974840169682,56.749829297663695,56.98939514160156,15193400
2023-06-23,57.072319877535044,57.09996465763762,56.37204754504214,56.39047622680664,25112100
2023-06-26,56.39968893093908,56.47340365815485,55.644130551535625,56.408905029296875,12856100
2023-06-27,56.40890439337842,56.53790164964015,56.187763729135746,56.289119720458984,9068500
2023-06-28,56.09561758819324,56.24304350963101,55.653339823879946,55.76390838623047,11173200
2023-06-29,55.48748686875485,55.60726801697449,55.07285035400253,55.30320358276367,17142300
2023-06-30,55.28477962427197,55.60727276611557,55.16499495091079,55.487491607666016,19739200
2023-07-03,55.46906449141866,55.86527237110043,55.31242245030852,55.8192024230957,9694500
2023-07-05,55.54277357469039,56.29833194070316,55.43220500073798,56.23383331298828,14716600
2023-07-06,55.95740832106066,56.224618921521134,55.7454837632542,55.8007698059082,12603900
2023-07-07,55.570420568017795,55.74548777665891,55.03599932862112,55.06364059448242,14574000
2023-07-10,55.257130610489796,55.42298520729765,54.492356245774566,54.64899826049805,15480600
2023-07-11,54.78721273735869,54.879356140589,54.215937696976525,54.842498779296875,15967700
2023-07-12,55.05441706434439,55.330840212731275,54.7779939159575,55.13734436035156,14241300
2023-07-13,55.39534473359788,55.70862527246518,55.26634748493101,55.607269287109375,11269800
2023-07-14,55.41377598655972,56.24304907350292,55.36770604059878,56.114051818847656,11634200
2023-07-17,55.98505446600316,56.29833503853301,55.73627603964903,56.0311279296875,10014300
2023-07-18,56.16933278920338,56.4365433892373,55.66255636787416,55.80998229980469,11152900
2023-07-19,55.994266327109145,56.93410797357232,55.9113390196297,56.795894622802734,12936000
2023-07-20,56.83275138047875,57.50538241625225,56.823535282572664,57.48695373535156,11563000
2023-07-21,57.55144869925939,57.75416066135767,57.34874025207237,57.53302001953125,12815100
2023-07-24,57.51459908699507,57.873953117731745,57.496173919696325,57.551456451416016,10251100
2023-07-25,57.40402969473156,57.48695700604704,57.17367644273432,57.35795974731445,13422700
2023-07-26,56.998608753887176,58.20565753458728,56.56554351902806,58.095088958740234,17145500
2023-07-27,58.09508244905012,58.297794411148395,57.47773749525809,57.53302001953125,11517100
2023-07-28,57.67123742740644,57.83709204174564,57.33031561566986,57.569881439208984,9721800
2023-07-31,57.54223786492143,57.54223786492143,56.8788194341995,57.06310272216797,15577900
2023-08-01,57.210535637135486,57.459317579041915,56.77747038475261,56.91568374633789,9281600
2023-08-02,56.72218095731343,57.671235145776095,56.72218095731343,57.09074401855469,11059400
2023-08-03,57.007819183047644,57.238172424389255,56.69453863422658,56.795894622802734,8037400
2023-08-04,56.83275567646684,57.02625156818321,55.85605660437049,55.93898391723633,9359300
2023-08-07,56.01270061879287,56.51026451350867,55.96663066889219,56.381263732910156,6982600
2023-08-08,56.38125490032755,56.528680825861365,55.85604982093136,56.13247299194336,7956100
2023-08-09,56.123265069633895,56.78668354707949,55.975839131858386,56.261478424072266,7904100
2023-08-10,56.528680825861365,56.87881871709593,56.01269184394866,56.13247299194336,7870300
2023-08-11,56.05876665567303,56.390475895662895,55.920553300706715,56.362831115722656,8483900
2023-08-14,56.50104346081449,56.64846939651812,55.97583834518837,56.09562301635742,7176300
2023-08-15,55.920550560513625,56.11404995096703,55.62569869828453,55.71784210205078,7187400
2023-08-16,55.78234827508224,56.04034281071381,55.65335100726646,55.7270622253418,8372300
2023-08-17,55.81919864083761,56.22461907668471,55.69941397221243,55.846839904785156,12873500
2023-08-18,55.782342735957755,56.28911917273111,55.62570070137016,56.16012191772461,11083800
2023-08-21,56.07719234425408,56.1416909691527,55.57962851082635,55.68098449707031,8648500
2023-08-22,55.59805568032625,55.819196327476156,55.26634646705706,55.34006118774414,9411500
2023-08-23,55.46905545746402,55.690192577835965,55.432198099098315,55.53355407714844,7749500
2023-08-24,55.533561038350065,56.09562352169331,55.367706419825446,55.38613510131836,8955100
2023-08-25,55.66256320460312,55.80998915464117,55.29399657205203,55.644134521484375,7629200
2023-08-28,55.79155370801013,55.95740832106066,55.62569909495959,55.8007698059082,6254300
2023-08-29,55.80076944072969,55.86526806594819,55.422990272345004,55.7454833984375,8189600
2023-08-30,55.87448061608623,55.96662401985248,55.55198749018298,55.71784210205078,9447900
2023-08-31,55.56120504480923,55.71784708777271,55.109714628144594,55.128143310546875,14663500
2023-09-01,55.28477187165406,55.40455652821776,54.473927566694684,54.64899826049805,11262300
2023-09-05,54.59372146029881,54.658220090535764,54.059300221293526,54.197513580322266,12474600
2023-09-06,54.0132262290112,54.206725620145505,53.828942935741686,54.16065216064453,13923500
2023-09-07,54.31730019431249,54.51079609192413,53.71838030371052,53.74602508544922,17628600
2023-09-08,53.71838030371052,53.8197363019581,53.45116967467814,53.74602508544922,14312300
2023-09-11,53.810522156835496,54.35415598310001,53.65388011456686,54.25279998779297,14767400
2023-09-12,54.354153366934,54.36336595019497,53.61702016923938,53.71837615966797,12292700
2023-09-13,53.810520114072084,54.068514626941976,53.75523406920927,53.847373962402344,12641400
2023-09-14,54.08884658254355,54.413898320614834,54.042407583277736,54.29316329956055,12311600
2023-09-15,54.24672752280381,54.460333455532066,53.63377028977545,53.81022644042969,55727500
2023-09-18,53.84737442122125,54.19100103691546,53.52232269594268,54.14456558227539,13617400
2023-09-19,54.10740757984086,54.22814257779787,53.79164157635161,54.033111572265625,11998900
2023-09-20,54.144568840638286,54.6367946092793,53.940252119366804,54.27458953857422,14766600
2023-09-21,54.20958214660396,54.2560176065714,53.32729423602853,53.438743591308594,15941800
2023-09-22,53.72664188629205,53.838091233933234,53.40159014600091,53.49446105957031,14644100
2023-09-25,53.30871605956028,53.39230129391715,52.6957588552093,52.937225341796875,12358800
2023-09-26,52.68647015317586,52.84435494974627,52.379993319406836,52.50072479248047,11194700
2023-09-27,52.39856032292246,52.500720439975375,51.711307150962874,51.96206283569336,13766300
2023-09-28,52.22210473473944,52.30568996384934,51.729882575979936,51.8320426940918,12484800
2023-09-29,52.13851713227797,52.25925213389591,51.655580668603854,51.98992156982422,12271600
2023-10-02,51.92491354251077,52.01778444462653,51.154075135116116,51.52556228637695,11792500
2023-10-03,51.228371746499946,51.47912743649822,50.87545593730261,50.96833038330078,13604200
2023-10-04,50.97761819713775,51.33981969474542,50.81044773011913,51.11692810058594,12100500
2023-10-05,50.8383138415371,51.033344879818124,48.51650564448257,48.64652633666992,29878100
2023-10-06,48.33076547239264,49.491669695637285,47.875689458049386,49.352359771728516,30298900
2023-10-09,49.18518545707197,49.36164515268028,48.39577206374486,49.11088943481445,15704700
2023-10-10,50.27179520519427,50.457540581085226,49.742423186724,50.17892074584961,20909700
2023-10-11,50.35537230566322,50.411093429462554,49.24090377330503,49.88172149658203,21138900
2023-10-12,49.9281636758492,49.99317756703961,48.69296351360049,49.04587936401367,19330400
2023-10-13,48.98087184354378,49.61240047255758,48.88799738133699,49.12017822265625,14494600
2023-10-16,49.24090862579956,49.742420046202355,49.07373815233196,49.62168502807617,12816800
2023-10-17,49.510240122585664,50.24392883297162,49.41736566742413,50.216068267822266,16457200
2023-10-18,50.24392232761081,50.643273576103645,50.07675187276275,50.197486877441406,12809500
2023-10-19,50.299656205642684,50.85688879532563,50.021039910801214,50.476112365722656,16202200
2023-10-20,50.64328158283877,51.098357569161344,50.55969634219986,50.6804313659668,15686400
2023-10-23,50.503973333172034,50.977620650655766,50.19749294795454,50.22535705566406,21212700
2023-10-24,51.68344540455554,52.166378331340404,51.35839017203769,51.674156188964844,25290800
2023-10-25,51.785608394075794,52.212823794248315,51.599866572816076,52.11994934082031,16701000
2023-10-26,52.352130842534415,52.59360088179633,51.748462829976035,51.80418395996094,16228400
2023-10-27,51.59057911297688,52.13852600706877,51.17265291531387,51.302677154541016,13626500
2023-10-30,51.47913378192713,52.26854718482816,51.46984456478337,52.1478157043457,15014300
2023-10-31,52.53787328728869,52.677183190100074,52.14781122789361,52.46357727050781,16639400
2023-11-01,52.751485749366076,52.82578531815992,52.2499742884029,52.417144775390625,14110800
2023-11-02,52.47286987846491,53.07654148002681,52.34284917481735,53.020816802978516,13087200
2023-11-03,53.308712164446796,53.48516829395235,52.65860522726129,52.69575500488281,13958700
2023-11-06,52.732903114392165,53.19726472277617,52.69575687824786,52.90936279296875,12673200
2023-11-07,52.86293058344371,53.30872090237673,52.686474425014914,53.104400634765625,10449300
2023-11-08,53.23442275079928,53.373732672020786,52.86293198940758,53.020816802978516,13744000
2023-11-09,52.96508657640162,53.06724670222022,52.35212936428812,52.6214599609375,12021100
2023-11-10,52.81649142354843,52.87221609520917,52.064227841518075,52.67718505859375,11678900
2023-11-13,52.584313580025935,53.03010035013148,52.565738688421746,52.87221908569336,12798200
2023-11-14,52.955801941153965,53.16012219679824,52.76077090229252,53.03009796142578,12697100
2023-11-15,53.21584460796421,53.25299439039392,52.70504749934955,53.132259368896484,10201900
2023-11-16,53.16941282031942,53.42945422967525,52.76077581378905,53.076541900634766,16010400
2023-11-17,53.11368532981507,53.252995244762396,52.65861288754398,53.17869567871094,14475800
2023-11-20,52.98366434946561,53.47589011493572,52.90007910950263,53.308719635009766,13051000
2023-11-21,53.364438291271014,53.90309948889198,53.24370681687855,53.8938102722168,13891600
2023-11-22,54.10741638077254,54.367461306577795,53.98668490597531,54.256011962890625,11320600
2023-11-24,54.293164574724244,54.562495188479396,54.18171876802492,54.39532470703125,4816000
2023-11-27,54.36746286414726,54.506769233549996,54.11670714786445,54.29316329956055,16246500
2023-11-28,54.23743921176843,54.63679049265288,54.200289431500565,54.40460968017578,13739600
2023-11-29,54.404610781199736,54.48819247429687,53.95882049455967,54.07955551147461,11263600
2023-11-30,54.25741263323978,54.72547175582675,53.92040949361593,54.706748962402344,22727500
2023-12-01,54.54761912844821,54.94078713899046,54.519536719411846,54.89398193359375,15371200
2023-12-04,54.8471644120291,55.19352713939739,54.706745256362446,54.82844161987305,14942200
2023-12-05,54.80973087378737,55.07184645057234,54.688034483530366,54.91270446777344,11891500
2023-12-06,54.81908721897694,54.97822561091574,54.491443681619955,54.856529235839844,14868500
2023-12-07,54.92206303328915,55.1280102173348,54.65995103250973,54.98759460449219,11587900
2023-12-08,54.98759069691567,54.99695030870345,54.641224353633014,54.86589431762695,11178700
2023-12-11,55.071844804035166,55.315234006264085,54.76292403131308,55.268428802490234,14524800
2023-12-12,55.418209519257644,55.62415313720703,55.13737471586611,55.62415313720703,12899000
2023-12-13,55.65222998877253,56.18581709899613,55.47436523802621,56.101566314697266,16196800
2023-12-14,56.139019162514835,56.204547161999855,55.015676416901655,55.268428802490234,22478300
2023-12-15,55.07183958059252,55.39011636447012,54.10763533346471,54.856529235839844,65177400
2023-12-18,55.04375528504323,55.68967919701005,54.87525370548736,55.24970245361328,16717700
2023-12-19,55.23098059309301,55.41820497032204,54.89397742828235,55.071842193603516,14612200
2023-12-20,54.76292381809278,54.9220622245059,53.89233346145783,53.929779052734375,17701000
2023-12-21,54.15444382194361,54.36039099673319,53.798721428590014,54.28550338745117,11725100
2023-12-22,54.40719320261518,54.72547355930355,54.31358280341594,54.594417572021484,9029400
2023-12-26,54.351036404553746,54.95951123107281,54.351036404553746,54.819095611572266,6422500
2023-12-27,54.89397899028184,55.01567537459475,54.66931258802053,54.95950698852539,8560100
2023-12-28,54.90334165199967,55.10928525694849,54.7910048809279,54.996952056884766,8400100
2023-12-29,54.987589860478955,55.212256250047474,54.8846162773401,55.16545104980469,9244300
2024-01-02,55.04375885044078,56.054768393263025,54.922062463765926,55.998600006103516,16322600
2024-01-03,56.10157152362627,56.35432389999047,55.942429551393396,56.12965393066406,14830600
2024-01-04,56.213907588797426,56.41049159010067,55.84882199466049,55.94243240356445,12912900
2024-01-05,55.979877386814266,56.120296569651515,55.31523420620202,55.85818099975586,10412800
2024-01-08,55.86753798524621,56.3355971147667,55.624145238131206,56.27006912231445,11554600
2024-01-09,56.15773938710044,56.298154991993215,55.811373038814054,56.16709899902344,10493700
2024-01-10,56.37304332003001,56.55090450563439,56.148373364154324,56.35432052612305,12258000
2024-01-11,56.401129519652386,56.410489131731616,55.876901968014714,55.98923873901367,13754200
2024-01-12,56.24199400307668,56.59771641646835,56.04540642924543,56.532188415527344,13218000
2024-01-16,56.53218674508542,56.569632336233305,56.026681977613244,56.15774154663086,11826900
2024-01-17,56.03604516090427,56.363685155928025,55.99859956975639,56.15774154663086,8982100
2024-01-18,55.87689872441145,56.382403451538536,55.72711994278207,56.31687545776367,10397700
2024-01-19,56.410481184642336,56.42920397717117,55.830088900278696,56.00795364379883,14392600
2024-01-22,55.94242952502632,56.23262749130948,55.64287194673764,55.76456832885742,14314300
2024-01-23,55.727122416121745,56.16709916900148,55.66159441943855,56.02667999267578,14481600
2024-01-24,55.979880969960945,55.98924415395376,55.12801334804229,55.14673614501953,16370500
2024-01-25,55.24033721011297,55.39011598957425,54.91269724598135,55.38075637817383,14899700
2024-01-26,55.46501359688692,55.689683577636906,55.352680392016026,55.57734680175781,13025100
2024-01-29,55.54925922746241,55.970513170313794,55.39011726193728,55.914344787597656,14547100
2024-01-30,56.02668136889191,56.18582334403733,55.652236174505646,56.073490142822266,22061500
2024-01-31,56.260711198577795,56.588354762471226,55.502457623326556,55.68968200683594,22837000
2024-02-01,55.764565110635964,57.11257413514023,55.56798113079305,57.08449172973633,15870900
2024-02-02,56.93471559247035,56.981520793985744,56.3824056441695,56.672603607177734,17544900
2024-02-05,56.52282443493193,56.52282443493193,56.05476528094841,56.20454406738281,12759600
2024-02-06,56.12965037562915,56.21390116241443,55.86753840385618,56.11092758178711,12775200
2024-02-07,56.232629157918524,56.363685155928025,56.11093277219194,56.15774154663086,10259900
2024-02-08,56.06411845037779,56.13900962049312,55.614782142708435,56.00795364379883,12874800
2024-02-09,55.670956272186864,55.77392985623084,55.25906193601094,55.75520706176758,15235300
2024-02-12,55.84881539878567,55.942425796634026,55.193531900823835,55.886260986328125,13516800
2024-02-13,55.69903580390746,56.784932829681146,55.034392704297645,55.558616638183594,24195700
2024-02-14,55.390112280315485,55.78328378195206,55.268419485220335,55.50244903564453,15872500
2024-02-15,55.62414982726572,55.78329180135634,55.35267822371263,55.605430603027344,13695800
2024-02-16,55.55861993202618,55.81137230270915,55.193534364708974,55.596065521240234,13947100
2024-02-20,55.79265531087519,56.95344370018437,55.70840451188494,56.8223876953125,18339300
2024-02-21,57.0938627038088,57.36533432544577,56.944083902868016,57.3278923034668,14373000
2024-02-22,57.09385829558459,57.337247489193146,56.635158744427514,57.24363708496094,12982800
2024-02-23,57.187469831112864,57.6836114111728,57.103219037234,57.290443420410156,13612900
2024-02-26,57.32788646201345,57.35596886838829,56.78493613204711,56.83174133300781,10336100
2024-02-27,56.67260263925277,56.89726903109275,56.279431097020954,56.48537826538086,9931100
2024-02-28,56.5134598910719,56.62579665644826,56.22326550803597,56.54154586791992,8076500
2024-02-29,56.49474255501136,56.766217741054,56.073492142678965,56.18582534790039,18152700
2024-03-01,56.07348193826651,56.07348193826651,55.549254457619924,55.727115631103516,10927600
2024-03-04,55.44628839220951,56.12029473417108,55.43692878013028,55.98923873901367,10150200
2024-03-05,56.082843721640266,56.27006808419594,55.624144211929256,55.71775817871094,12310000
2024-03-06,55.71776338752178,56.16709975705727,55.58670739278326,55.745845794677734,12378800
2024-03-07,55.876901437536745,55.951792617491726,55.45565104881803,55.64287185668945,13686900
2024-03-08,55.51181102279893,55.97051053250994,55.20289385993861,55.71775817871094,13239000
2024-03-11,55.961152266172256,56.43857461117823,55.77393145817808,56.39176940917969,14114300
2024-03-12,56.466653151657965,56.8691842890968,56.363679571707415,56.635154724121094,12684600
2024-03-13,56.99088307686508,57.29980025879452,56.915991898816785,57.21554946899414,13909500
2024-03-14,57.163655494016496,57.37124637461052,56.99380611925778,57.088165283203125,13996600
2024-03-15,56.63523231527436,57.040983181544455,56.27666102889286,56.50312805175781,36849900
2024-03-18,56.51256570974556,56.993806810589795,56.42764102133607,56.73903274536133,15856700
2024-03-19,56.842827358041944,56.94662099501241,56.672977989077545,56.83338928222656,15030600
2024-03-20,56.78620723557492,57.380680001131694,56.76733468433506,57.32406234741211,15258800
2024-03-21,57.14478109943701,57.550531970552385,56.9183140738677,57.05985641479492,13067100
2024-03-22,57.10704238308579,57.36181646551039,57.02211768894426,57.0787353515625,11502800
2024-03-25,57.06928772155994,57.286316659242814,56.72958900185769,56.99380111694336,13144700
2024-03-26,57.08816660636496,57.286323014985776,56.97493488709185,57.125911712646484,13277400
2024-03-27,57.36181247385318,57.965719768136786,57.276887785621334,57.58827590942383,12551200
2024-03-28,57.692067519968546,57.80529922670278,57.55996326218343,57.72981262207031,13683500
2024-04-01,57.72981769799751,57.84304941468771,57.21083509696511,57.25801467895508,11668700
2024-04-02,57.04098130764014,57.30518982599349,56.720155135537745,56.75790023803711,13017300
2024-04-03,56.6635387452095,56.98436492446532,56.408764697014774,56.45594787597656,13672900
2024-04-04,56.701290748074605,56.75790840997539,55.83317126345389,55.955841064453125,14320700
2024-04-05,55.9086633181175,56.314414242822316,55.58783708927117,56.15399932861328,10157800
2024-04-08,56.050205816078716,56.1162579575126,55.73881406397178,55.92753601074219,10284500
2024-04-09,56.125694343730316,56.37103396274672,55.795433625329615,56.3521614074707,10779100
2024-04-10,55.97471101350907,56.04076314953363,55.38023818971657,55.597267150878906,11861900
2024-04-11,55.814302956476084,56.02189385337704,55.47460418027424,55.719940185546875,11109000
2024-04-12,55.625576527794905,55.68219058621466,54.8518198664398,54.99335861206055,12250900
2024-04-15,55.304747799417015,55.4934697178417,54.76689267162794,54.86125183105469,12425000
2024-04-16,54.965050448811674,55.087720238809155,54.66309681156502,54.7857666015625,11236800
2024-04-17,54.99336302460154,55.25757518352184,54.823513636571235,55.210391998291016,13805100
2024-04-18,55.31419057643538,55.65388936066358,55.23870395748008,55.58783721923828,11125900
2024-04-19,55.76711715573386,56.95606281667847,55.67275798880177,56.77677536010742,21207900
2024-04-22,56.74847091234041,57.21083949031976,56.35215807370523,57.13534927368164,15624500
2024-04-23,57.11646720401531,57.25800953684524,56.73902698242057,57.22026443481445,13689100
2024-04-24,56.91831401867386,58.173311734993106,56.46538356754571,58.078948974609375,19548300
2024-04-25,58.380909764969296,59.06030732472704,57.909106703931236,58.258243560791016,19048500
2024-04-26,58.07895609387067,58.437527428139674,57.89023414954111,58.258243560791016,10994300
2024-04-29,58.428085481939156,58.5507552775657,58.060079694630986,58.54132080078125,13409300
2024-04-30,58.63567418484722,59.28676460548513,58.00345991505973,58.28654098510742,19349200
2024-05-01,58.314856900653325,59.0414340375831,57.758129151555,58.43752670288086,16729800
2024-05-02,58.67342447865947,58.88101896152831,58.239366559544074,58.494140625,10991300
2024-05-03,58.494136625571116,58.814962804627335,58.16387237089994,58.66398239135742,11628700
2024-05-06,58.78665220772374,58.862142414397695,58.409211973067485,58.833831787109375,9310700
2024-05-07,59.220712054560074,59.277329711436685,58.73947456960839,59.08860778808594,9807000
2024-05-08,59.30563735961914,59.41887267455527,58.956504137494406,59.30563735961914,10484400
2024-05-09,59.26789790651031,59.588724110796086,59.211280247081724,59.33395004272461,9113700
2024-05-10,59.3716939244818,59.78688291109067,59.24902772350335,59.69252014160156,8371700
2024-05-13,59.67365390134509,60.032221642997236,59.61703623707655,59.99448013305664,10137600
2024-05-14,59.99447613806691,60.1643219204191,59.258460949873644,59.541542053222656,10852200
2024-05-15,59.50379497565434,59.8151830803178,59.44717732045589,59.569847106933594,9838900
2024-05-16,59.67364745242557,60.136012395483135,59.513232554119924,59.7491340637207,10228000
2024-05-17,59.76800591971181,59.79631294867109,59.39056206892194,59.475486755371094,11539000
2024-05-20,59.38112635099935,59.456612959836356,58.93763037552896,59.04142761230469,11000900
2024-05-21,59.277334219145494,59.428311049392775,58.91876289746886,59.36225891113281,9796200
2024-05-22,59.17353508072362,59.466054254783856,59.12635549770008,59.447181701660156,7419400
2024-05-23,58.96594484404501,59.33395063507615,58.55075586989995,58.5885009765625,9834300
2024-05-24,58.711168851615156,58.89988717960753,58.47526734205331,58.50357437133789,8203100
2024-05-28,58.3054179463115,58.626244143183506,57.9374121674583,58.33372497558594,12347000
2024-05-29,58.003464359664605,58.3903426916082,57.626020504298054,58.22049331665039,11861800
2024-05-30,58.362037804830486,58.57907038274094,58.126136271909466,58.47527313232422,9433800
2024-05-31,58.49414180936657,59.47548938559056,58.21105710896948,59.38113021850586,19816600
2024-06-03,59.173535731433724,59.53210704558428,58.928199737270596,59.38113021850586,9369000
2024-06-04,59.635904813626276,60.36248192519761,59.39056521773386,60.334171295166016,11895600
2024-06-05,60.38135190730872,60.45683851851144,59.77744101983007,60.3152961730957,9632500
2024-06-06,60.31529700016031,60.730485965968306,60.23981038792248,60.53232955932617,8658500
2024-06-07,60.4757120293544,60.5983854308932,60.2115070704475,60.30586624145508,9523100
2024-06-10,60.334166913286865,60.381350093388924,59.79631177617897,60.00390625,15685300
2024-06-11,60.003904923975654,60.06052257910418,59.51322937824199,59.96615982055664,8396000
2024-06-12,60.09826864736758,60.09826864736758,59.154662587653135,59.33395004272461,9569600
2024-06-13,59.31508196512076,59.48493135665083,58.92820359542931,59.43775177001953,9668900
2024-06-14,59.318877613871116,59.61366291242766,59.04310767925228,59.480533599853516,8179200
2024-06-17,59.309368108168535,59.81336232788645,59.128693125251885,59.54710006713867,10532700
2024-06-18,59.46151514935973,59.737285086487354,59.37593150085466,59.556610107421875,10651700
2024-06-20,59.337897909884376,59.661213516459135,58.90997966184399,59.128692626953125,13306300
2024-06-21,59.12869167280697,60.003543519126225,59.12869167280697,59.68973922729492,28278100
2024-06-24,59.898943700124796,60.91643252811763,59.82286773494682,60.83085250854492,13212500
2024-06-25,60.802328582592864,60.92595022521718,60.39342929564493,60.707237243652344,10235300
2024-06-26,60.28882448979375,60.96398236300316,60.127164876101766,60.90692901611328,9402500
2024-06-27,60.90692902180244,61.11612704541934,60.49802614654377,60.77379608154297,8494100
2024-06-28,60.7642898802241,60.916434560653144,60.40293628857516,60.52655792236328,17358800
2024-07-01,60.88790516173479,61.144659727536535,60.022561018946256,60.17470932006836,10033400
2024-07-02,60.15569306961756,60.26980702128427,59.77532411323392,60.05109405517578,8878200
2024-07-03,60.089126581926934,60.54557149219023,59.84188694918078,60.222259521484375,9154200
2024-07-05,60.22226129127119,60.65968722302403,59.90845336577342,60.63115692138672,11735500
2024-07-08,60.46950027676044,60.46950027676044,59.75630441107802,59.87041473388672,11235100
2024-07-09,59.965508618965686,60.12716460442553,59.51857139033862,59.61366271972656,11657500
2024-07-10,59.64218920745938,59.77531851109187,59.233289987730195,59.74679183959961,11930400
2024-07-11,59.566117928160665,60.34587844857706,59.33789728328363,60.003543853759766,11431600
2024-07-12,60.345876230395014,60.963980740261825,60.27931157579417,60.574100494384766,9201500
2024-07-15,60.65968963497845,60.80232663882933,60.24127905101122,60.298336029052734,8207500
2024-07-16,60.31735113802213,61.15416499707197,60.279313155110316,61.116127014160156,9025100
2024-07-17,61.306317582367605,62.18116943365695,61.249264234893275,62.01000213623047,12508200
2024-07-18,61.6201246071657,62.580556465696226,61.544048641637524,61.99098587036133,11128200
2024-07-19,62.41890960226457,62.41890960226457,61.639148979152964,62.08608627319336,13775700
2024-07-22,62.04803942101409,62.08607740390324,61.163676270100645,61.591590881347656,11794200
2024-07-23,62.219203595715214,62.79927010942379,61.6676637539918,61.77226638793945,11810300
2024-07-24,61.89588579886101,62.73270688955901,61.64864979933952,62.5805549621582,13244600
2024-07-25,62.79927788991022,63.60756513464555,62.62811058178947,62.82780456542969,16328600
2024-07-26,62.827799778253905,63.81676556593002,62.77074643156216,63.75971221923828,13530100
2024-07-29,63.59804862877735,63.74068924972549,63.132096038349886,63.550506591796875,12140200
2024-07-30,63.217692177815984,64.50144343636052,63.10357821405482,64.35880279541016,13258000
2024-07-31,64.18763106949277,64.29223371533965,63.34130584764347,63.46492385864258,15576800
2024-08-01,63.71217109602271,64.76770167517806,63.42688981597909,64.62506103515625,16495900
2024-08-02,65.16708078789621,66.25113789641343,64.36830492056916,65.92782592773438,22514800
2024-08-05,65.6045115621973,66.13703610151985,64.40634767248028,64.75818634033203,25484300
2024-08-06,64.80572364239123,65.46185881628313,64.44436647633226,64.71063232421875,12969100
2024-08-07,64.71064064182833,65.78518645979938,64.50143536195706,65.10051727294922,13365300
2024-08-08,64.66308881789237,65.48088728628362,64.52044820038168,65.35726928710938,15240900
2024-08-09,65.32873826456945,65.41432554088294,64.90082364801253,65.30972290039062,12080400
2024-08-12,65.09099613573507,65.1765833986708,64.50142562329894,64.82473754882812,11012300
2024-08-13,64.73916731544651,65.24315789604358,64.6726026586696,65.10051727294922,9877600
2024-08-14,64.88180684865935,65.50941542272714,64.78670826485826,65.21463012695312,14328000
2024-08-15,65.25266229424702,65.53793625521703,65.13854835685738,65.28118896484375,11285100
2024-08-16,65.46186753671802,65.89930071758819,65.27168487503806,65.78518676757812,12651200
2024-08-19,65.94683985483576,66.01340450899625,65.47137596654566,65.59500122070312,9843900
2024-08-20,65.60451102945649,65.98488362445411,65.39530573945761,65.97537231445312,11957400
2024-08-21,66.07047160983106,66.68856892142178,65.92783097830863,66.15605163574219,8792400
2024-08-22,66.48886984573743,66.48886984573743,65.41432404659412,65.92782592773438,12509200
2024-08-23,65.99438838559433,66.42230297812577,65.55696248400575,66.36524963378906,11834700
2024-08-26,66.40329187360597,67.43979972221273,66.30820054194535,67.36372375488281,12912200
2024-08-27,67.82016572542489,68.0198596790433,67.56341842934489,67.9913330078125,16988400
2024-08-28,68.09594325350196,68.28612591964209,67.80115794448363,68.22907257080078,13272600
2024-08-29,68.37170265660363,68.6759992285147,67.73458284275898,68.51434326171875,17201700
2024-08-30,68.65699508553092,69.0088410388199,68.25760708774635,68.91374969482422,18624200
2024-09-03,68.88522506574448,69.69351239625267,68.70454642827622,69.42725372314453,14755800
2024-09-04,69.70301280128838,69.92172213926176,68.38122369874175,68.99932098388672,18140800
2024-09-05,69.05638580059043,69.11343915223793,67.49686464552374,67.67753601074219,23866100
2024-09-06,67.50636145637993,68.15299264067347,67.41127012883744,67.64900207519531,17485700
2024-09-09,67.73458715021236,68.76158361134553,67.4968552115699,68.32415771484375,12939300
2024-09-10,68.43827495891237,68.86618956711182,68.01035309570958,68.03888702392578,10277600
2024-09-11,67.85820808489922,67.86771939425762,67.10697425565877,67.59194946289062,11418200
2024-09-12,67.51587204253866,67.87722198533139,67.19256008135619,67.73458862304688,12337800
2024-09-13,67.82554789346841,68.42874423114895,67.48087366374723,68.37129974365234,11073800
2024-09-16,68.71596974484186,69.1659710151846,68.57235853493765,69.03192901611328,10786500
2024-09-17,68.84044844994098,69.27129672616734,68.6681076785021,68.74470520019531,12974400
2024-09-18,68.83086511743569,69.30001210805048,68.23724534021015,68.69682312011719,10719700
2024-09-19,68.51490147777433,68.87873599419747,67.59575328135998,67.61490631103516,13635600
2024-09-20,67.41384366364292,68.7446943478156,67.38511411898706,68.59149932861328,48578500
2024-09-23,68.5053325956447,69.12766727299741,68.15107459236316,68.67767333984375,11613000
2024-09-24,68.18936562619858,68.76383227356942,67.59574595122952,68.29468536376953,13330600
2024-09-25,68.65852996359129,68.85959297596992,68.27554966655227,68.40959167480469,12329100
2024-09-26,67.84469496783072,68.56278021744387,67.82554193718613,68.3617172241211,10815200
2024-09-27,68.49576092483423,69.12767216175963,68.41916340983083,68.73512268066406,11175700
2024-09-30,68.93618127254393,69.12766774307141,68.63937505180414,68.80213928222656,18015300
2024-10-01,69.03193497643822,69.65427705714109,68.58193366724166,68.65853118896484,13294500
2024-10-02,68.35213898851863,68.39043774410301,67.4138450432939,67.98831176757812,11155500
2024-10-03,67.84469317937642,67.96915865632161,67.21277467009921,67.51915740966797,9374800
2024-10-04,66.98298852839054,67.2893712637822,66.75320330303194,67.18405151367188,12684800
2024-10-07,67.06916339223666,67.1170313580506,65.93937567171011,66.07341766357422,14512000
2024-10-08,66.10214878602338,66.48512908769857,65.92980801550662,66.23619079589844,13549700
2024-10-09,66.24576138660747,66.77235286265864,66.13086511495979,66.60958862304688,9037700
2024-10-10,66.8585130461838,66.93511054475223,66.05425392069421,66.30319213867188,8635200
2024-10-11,66.50426886688844,66.6287343492843,66.06384411601724,66.60958862304688,8786300
2024-10-14,66.60958605663836,67.47128979894264,66.51384281965807,67.34681701660156,7659300
2024-10-15,67.46171328382238,68.17979851828582,67.17448357288146,67.34681701660156,10358700
2024-10-16,67.1074692592068,67.69151262268369,66.99258027278005,67.56704711914062,7937300
2024-10-17,67.62447693699615,67.68192872248403,66.61916200021663,66.92554473876953,14674600
2024-10-18,66.89682901289746,67.54789330881646,66.64789073084981,67.44257354736328,15087500
2024-10-21,67.02129639292757,67.33725568620363,66.36065556239426,66.49469757080078,11981200
2024-10-22,66.06384930160003,66.78193462009568,65.75746652456489,66.49469757080078,18603300
2024-10-23,64.13937436695458,65.77660790843316,63.74682488389981,65.11597442626953,24655200
2024-10-24,64.77128507307735,65.14468878446651,64.1010678516746,64.4361801147461,17568800
2024-10-25,64.21598334793454,64.81917245362726,63.94789930095999,64.0723648071289,11138100
2024-10-28,64.11064924124214,64.53192825217373,63.76596774225099,63.83298873901367,10761400
2024-10-29,63.4691650772979,63.51703304639218,62.731926766782195,62.770225524902344,16525900
2024-10-30,62.7223568281548,63.708526097898925,62.54043955537986,63.114906311035156,14177800
2024-10-31,63.00958055443841,63.18192129520046,62.482989122200216,62.53085708618164,13383700
2024-11-01,62.68406186780175,62.86597915159701,62.128740804973155,62.24363708496094,12163100
2024-11-04,62.31065230109262,62.6361807737092,61.89894980030402,62.33937454223633,10984500
2024-11-05,61.88937829283109,62.684061117566884,61.88937829283109,62.58831787109375,8780200
2024-11-06,61.67873158293833,62.100010584036106,60.49149939453807,60.98937225341797,22899300
2024-11-07,61.554272998951845,61.65001624499124,60.89363218321956,60.951080322265625,14856100
2024-11-08,61.19043934380518,61.50639496345322,61.027675102368136,61.20001220703125,14719300
2024-11-11,61.26703772035306,61.391506858265,60.5585253034358,60.66384506225586,13980900
2024-11-12,60.970224752716305,61.03724574997762,60.4340531222553,60.510650634765625,15021000
2024-11-13,60.367032080524254,60.568095072160105,59.83086410282865,60.31916046142578,13177600
2024-11-14,60.4244811168293,60.4244811168293,59.77341686073432,59.888309478759766,15910800
2024-11-15,59.830866800625344,59.96490880109325,58.77767287111786,59.1127815246582,26284300
2024-11-18,59.2180922474038,59.49575273877335,58.94043540840452,59.22766876220703,16062100
2024-11-19,59.265971911336635,59.95533128110561,59.00746077803432,59.92660903930664,16254800
2024-11-20,60.03192887366738,60.32873511229682,59.380864607994944,60.30958938598633,18904900
2024-11-21,60.462778190289086,61.09469305039166,60.27128806399762,61.046817779541016,17292300
2024-11-22,61.50639496345322,61.736187509325525,60.941504723851295,61.20001220703125,19562200
2024-11-25,61.582989783553266,61.9563935233273,61.12341566903366,61.64043426513672,36805300
2024-11-26,61.573411055207835,61.88937030204171,61.33404931755924,61.80320358276367,14473300
2024-11-27,62.19575828844398,62.32980028847204,61.51597177266133,61.68831253051758,13263400
2024-11-29,61.760658757937414,61.98254503700041,61.51948521996691,61.818546295166016,10648400
2024-12-02,61.789605874536356,61.92466452710289,61.11430525155915,61.40372085571289,16500100
2024-12-03,61.47125138158514,61.818547169289154,60.805599895128324,61.2783088684082,24874500
2024-12-04,61.04677988622175,61.11430921688657,59.71548421305307,60.01454162597656,28137700
2024-12-05,60.26536590501053,60.89242447930745,59.908420963872366,60.69948196411133,21040400
2024-12-06,60.61266161463749,61.12395615115641,60.303951382696425,60.323246002197266,15581100
2024-12-09,60.47760153885379,60.709133301446414,59.71548428047989,60.390777587890625,22348300
2024-12-10,60.4872504181079,60.81525160026952,59.60936544233305,60.68983840942383,14949400
2024-12-11,60.77666287064498,61.38443052977174,60.19783898200118,60.42936706542969,32819000
2024-12-12,61.30725059176486,61.664191858610955,60.988898564597385,61.58701705932617,17542100
2024-12-13,61.32654144193059,61.58701327364167,60.88277625312158,60.89242172241211,13429000
2024-12-16,60.99854308500244,61.60631072022684,60.14959822564942,60.3425407409668,24559700
2024-12-17,60.24607008167356,61.30724837393967,60.12065689729117,61.16254425048828,21902400
2024-12-18,60.59336482087323,61.39407126102835,60.57407020206473,60.63195037841797,20946100
2024-12-19,60.48724808409744,60.940658759536575,60.19783615337467,60.246070861816406,21300600
2024-12-20,60.26536594288328,60.83454433902972,60.082068897299195,60.3425407409668,42458100
2024-12-23,60.29430330805429,60.54512599058402,59.35853454309018,60.17853927612305,13010800
2024-12-24,60.00489372264743,60.62230682373047,59.82159667821365,60.62230682373047,5019100
2024-12-26,60.41007018864285,60.52583790610538,60.19783673343967,60.36183547973633,7943800
2024-12-27,60.246070861816406,60.72842530637847,60.01453910919477,60.246070861816406,8542800
2024-12-30,60.13995004632219,60.13995004632219,59.50324235051227,59.84088897705078,8972200
2024-12-31,59.83124278242117,60.22677326017367,59.619005659700065,60.06277084350586,9256700
2025-01-02,60.14959649194429,60.53548151145659,59.445359459395775,59.657596588134766,12991000
2025-01-03,59.715481884191696,59.88912977914982,59.44536089199441,59.57077407836914,10403200
2025-01-06,59.329595858522346,59.39712518541894,58.51924025569086,58.66394805908203,17924200
2025-01-07,58.95336201425937,59.5418350375256,58.4806530296459,58.69289016723633,17799600
2025-01-08,58.837596703854324,59.59006845894154,58.779712845742864,59.53218460083008,14412400
2025-01-10,59.40677178535008,59.4743011093484,58.58676706811423,58.91476821899414,22425000
2025-01-13,58.972658920210286,59.66724685912604,58.56747924910957,59.474308013916016,18016200
2025-01-14,59.483949754090894,59.87948025008506,59.13665396637459,59.85054016113281,16658300
2025-01-15,60.130307122542625,60.41006990491546,59.503244869485755,59.59006881713867,16187200
2025-01-16,59.252417158532744,60.10136199640937,59.15594774335071,60.05312728881836,12585500
2025-01-17,60.1110096902729,60.554774877479346,59.97594736018762,60.496891021728516,17948900
2025-01-21,60.68019227167805,60.99854430023249,60.10136471419436,60.21712875366211,19817100
2025-01-22,59.92771353241224,60.0917159527414,59.4839483386994,59.59971237182617,18191900
2025-01-23,59.61900760386993,59.79265549538217,59.20418249415427,59.35853576660156,16528400
2025-01-24,59.54183670009506,59.821599494644936,59.27171569559952,59.73477554321289,19244600
2025-01-27,60.65125022434753,61.9150202646778,60.26536885513789,61.61595916748047,20742900
2025-01-28,61.26866139300868,61.779959618910745,60.082069872641995,60.15924835205078,14956000
2025-01-29,60.3521914187807,61.123957819517535,60.34254226873072,60.61266326904297,11325600
2025-01-30,61.5966618055826,62.021136076915845,60.99854331788041,61.789608001708984,13201000
2025-01-31,61.45195652254309,61.673839123805706,61.152895444281825,61.23971939086914,12096800
2025-02-03,60.950308656836604,61.38442839828151,60.22677698111924,61.11430740356445,12067900
2025-02-04,61.36513021365277,61.384424832159674,60.14959500822344,60.45830154418945,15678000
2025-02-05,60.50654038956297,61.05642414092897,60.381127208352694,60.89242172241211,10686800
2025-02-06,61.374777460659885,61.49054517505463,60.68983504414969,61.12395477294922,13423400
2025-02-07,61.19148655280146,61.664191858610955,61.03713327415944,61.58701705932617,13184700
2025-02-10,61.837834011521096,62.36842680762172,61.4133634547127,62.27195739746094,16154300
2025-02-11,65.11785552612521,65.28185428471909,64.06632628086939,65.21432495117188,30589100
2025-02-12,64.51008032601652,66.39125954838495,64.51008032601652,66.28514099121094,26033800
2025-02-13,66.56490968114181,67.15338265988808,66.33338162135216,67.0472640991211,24393100
2025-02-14,66.91221184471048,67.55856506013052,66.33338795985455,66.43950653076172,20779100
2025-02-18,66.13079710709069,66.92185809953664,66.00538024136549,66.61315155029297,15569100
2025-02-19,66.76749492671313,67.65502525311393,66.72890569163343,67.5971450805664,16032300
2025-02-20,67.24985110936288,67.59714687415102,66.97008466771997,67.56820678710938,13398000
2025-02-21,67.8383363842059,69.07316272291685,67.65503931950347,68.83198547363281,21662300
2025-02-24,68.33997023818101,69.19856787140303,67.84797403235736,68.09879302978516,21418400
2025-02-25,68.3592694624924,69.2371506856696,68.23385996207978,68.96703338623047,21555600
2025-02-26,68.75479859233234,68.76444774196628,68.0409160824588,68.3013916015625,14531200
2025-02-27,68.22421157192188,69.01527254057217,67.93479597064845,68.3689193725586,16789500
2025-02-28,68.92845038554972,69.04421810727406,68.06986002315978,68.6969223022461,22167400
2025-03-03,67.76115714295514,69.80634284374713,67.2691608592027,69.76775360107422,21717600
2025-03-04,69.52657125429059,70.08610419178467,67.41385637383753,67.71292114257812,25411900
2025-03-05,67.4331559914327,68.24350796351726,67.37526845046588,67.60680389404297,23933600
2025-03-06,67.92515764263472,68.04091800092729,66.99903061542497,67.973388671875,21694000
2025-03-07,67.19196870119997,69.2853850092421,67.19196870119997,68.90914916992188,28393300
2025-03-10,69.42045516345974,70.63599050138228,68.80304202422975,68.92845153808594,25251200
2025-03-11,69.3432727769641,69.49762973315383,68.11809571782342,68.53292083740234,28076400
2025-03-12,67.88657350746068,68.23386932874085,67.27880214014769,67.47174835205078,18923300
2025-03-13,67.77079645527955,67.77079645527955,66.83502769670811,67.16303253173828,15746600
2025-03-14,66.57994205689799,67.30881309741233,66.45359966462134,67.21163177490234,14205100
2025-03-17,67.28936370389881,68.19316397412464,67.13387509083283,68.14457702636719,15634800
2025-03-18,68.13486806678574,68.21261609355166,67.34768968554557,67.42543029785156,12657600
2025-03-19,66.61880918686772,67.42542075338882,66.60908883128297,67.32823944091797,14780000
2025-03-20,67.35739919740189,67.84331321825046,67.14359584191499,67.74613189697266,16295300
2025-03-21,67.7461376243871,67.99881501263896,66.25924178119841,66.73543548583984,47479500
2025-03-24,66.86176957291268,67.13388022744218,66.40500922518423,67.00753784179688,12575400
2025-03-25,67.00753817706658,67.13388056334404,66.66739985720285,66.8714828491211,12513900
2025-03-26,66.97839198338484,68.36810648601204,66.95895868342492,68.04740142822266,14478200
2025-03-27,68.20289473839067,68.9900731081099,68.0959930567671,68.74711608886719,11663400
2025-03-28,68.81514202588295,69.31077640871374,67.57120330497868,68.38754272460938,17412900
2025-03-31,68.73740662967158,69.9133177726586,68.50416254096824,69.60233306884766,24016900
2025-04-01,69.66062619989512,69.88414988577485,69.1844325910576,69.84527587890625,15309100
2025-04-02,69.93273690232486,70.32146955693456,69.04837734218505,69.32048797607422,14606500
2025-04-03,70.43810100973089,71.86668202894447,70.28260496128169,71.11837768554688,24959600
2025-04-04,70.37978789668131,70.95317032039885,67.82388271103628,67.9599380493164,26517300
2025-04-07,64.3641743895519,67.42542678579113,64.18924504567028,66.44388580322266,34258400
2025-04-08,67.01725779581007,68.008526505031,65.85106716497752,66.49246978759766,22774400
2025-04-09,66.00655292541789,68.48471717649981,65.38458362736247,67.97936248779297,27918700
2025-04-10,68.21260651908835,69.20386777060864,67.03669558353181,68.76654815673828,22450200
2025-04-11,68.91231635492872,69.8258294914674,68.55273738147172,69.41766357421875,19988200
2025-04-14,69.29133927982875,70.61302595134595,68.93176025106948,70.408935546875,13930200
2025-04-15,70.57414733721819,70.5838602781618,69.69950071247555,69.83555603027344,14965500
2025-04-16,70.32147258945783,70.6227368879041,69.37879827107677,69.66062927246094,15276200
2025-04-17,69.87443399180464,71.36132963078514,69.69950465695639,70.94344329833984,20754500
2025-04-21,71.3127252520214,71.40019361439312,69.79667617252053,70.71990966796875,16037200
2025-04-22,70.94344564304284,72.28456564489771,70.86569762177199,71.8180923461914,15613500
2025-04-23,71.22527262523387,71.866675228242,70.34090561590055,71.23499298095703,16353900
2025-04-24,70.96288088245699,71.361333941526,70.26317091525561,70.47696685791016,16893900
2025-04-25,70.60331362770769,70.86570395487178,69.1261307493868,69.88416290283203,16316000
2025-04-28,70.04935569548333,70.22428501127479,69.30104407230826,69.76752471923828,15997500
2025-04-29,69.18443572688525,70.66161098255212,68.3000687130724,70.31175231933594,16244100
2025-04-30,71.28358437760598,71.4099267665119,69.67035370649332,70.5061264038086,21074700
2025-05-01,69.97161317332831,70.010487181493,69.22330890591992,69.2816162109375,18034200
2025-05-02,69.48570167374963,69.79668633571112,69.09696899268297,69.63147735595703,12629600
2025-05-05,69.6509153142261,69.77725770734105,69.00951264983667,69.68006896972656,11932700
2025-05-06,69.66062703026569,69.87443036336217,69.15527976386753,69.69950103759766,12705500
2025-05-07,69.69950819887558,70.64218258376948,69.65091383110308,70.3603515625,15018200
2025-05-08,70.16597488635264,70.42837258443403,69.12611927847414,69.16499328613281,14371100
2025-05-09,68.9900549399388,69.14555095024578,68.47498738109819,68.53329467773438,11228900
2025-05-12,68.17373351985349,68.34866285088164,66.76457851588808,67.57119750976562,21539000
2025-05-13,67.62950665848516,67.72669538961772,66.92979672976142,67.01725769042969,14389100
2025-05-14,66.93951369163089,67.38655370674452,66.64796972410095,67.21163177490234,16286800
2025-05-15,67.73641050073138,69.70922762323923,67.63922918094534,69.59260559082031,19817100
2025-05-16,69.83556332034317,70.22429601797032,69.41767696792441,69.97161865234375,18441200
2025-05-19,70.0007686570331,70.13682398193924,69.62175633558613,69.9035873413086,13282800
2025-05-20,69.77725079030475,70.09794838347878,69.41767177437148,69.67034912109375,12137800
2025-05-21,69.67035517877366,70.04936752458184,69.5634535002678,69.82584381103516,12094400
2025-05-22,69.81612568905236,69.96190138390422,68.96091964809317,69.13584899902344,11101800
2025-05-23,69.52457636233079,69.95218305712636,68.69852404103328,69.74809265136719,12822100
2025-05-27,69.71894611549344,70.18542686784664,69.54401676016847,69.75782012939453,10666100
2025-05-28,69.680054462164,69.87442448246496,69.04837228594577,69.14555358886719,8710900
2025-05-29,68.99978901505891,69.64119906343514,68.47500099760362,69.47598266601562,10291100
2025-05-30,69.59260062737788,70.42837326395632,69.59260062737788,70.06879425048828,28019500
2025-06-02,70.00077230713536,70.01049266355241,69.34964930192412,69.97161865234375,10202700
2025-06-03,69.68977430688597,69.75780195987902,68.48470984766983,69.1552734375,20139800
2025-06-04,69.25246569692254,69.82584066080437,68.68880367467787,69.35936737060547,13565900
2025-06-05,69.36907590311796,69.44682391802918,68.83457498313567,68.91232299804688,13531400
2025-06-06,69.07754497109379,69.46627770436075,68.94148962661939,69.33993530273438,9524000
2025-06-09,69.33992666876738,69.8064073734952,69.08724931143733,69.74809265136719,12281300
2025-06-10,69.87443269754522,70.64217768546634,69.7383773745677,70.31175231933594,12265000
2025-06-11,70.23400496451144,70.32147333836998,69.73837803232969,70.03964233398438,12718500
2025-06-12,70.21456959874178,70.36034527457213,69.58287994644957,70.20484924316406,12806900
2025-06-13,70.24400201140398,70.35166375664856,69.22612136628878,69.50994873046875,17467200
2025-06-16,69.68611838433925,70.09719387647019,68.74653112708066,69.02057647705078,15045900
2025-06-17,68.88355233117903,68.96185313440587,68.10056670043735,68.13971710205078,15437000
2025-06-18,68.51163750002343,68.51163750002343,67.6209826282787,67.73843383789062,16227600
2025-06-20,67.62098141231331,68.0809893077183,67.31757512690822,67.37629699707031,40859400
2025-06-23,67.66992288441301,68.32567534066796,67.50353927023059,68.25716400146484,21822800
2025-06-24,68.45292243081109,68.85420103596816,68.20823798685443,68.71717834472656,15216100
2025-06-25,68.44312225954339,68.53120506134917,67.95375344815446,68.14949798583984,12540400
2025-06-26,68.2180177920547,68.43334129055276,67.67971651298595,67.99291229248047,14454100
2025-06-27,68.11035395913603,69.0597307368283,67.99291021240373,68.83462524414062,23470700
2025-06-30,68.63886935517024,69.28483979452102,68.59971895273907,69.24568939208984,15429000
2025-07-01,69.48058389077678,70.90953996799526,69.39250108625731,70.14612579345703,21729300
2025-07-02,70.16571222979026,70.30273491847615,69.23590687979154,69.40229797363281,13050200
2025-07-03,69.52953282547898,69.88187902384679,68.95207365202971,69.83293914794922,9440500
2025-07-07,69.85251402456517,69.85251402456517,69.29463382077586,69.50016784667969,16984700
2025-07-08,69.17717556958539,69.17717556958539,68.39418248344073,68.74652862548828,17115500
2025-07-09,68.66824276113972,68.75632557264653,67.50354247226325,68.00270080566406,33704100
2025-07-10,67.81673202566533,68.36482271500559,67.68949882054723,68.2865219116211,14608400
2025-07-11,68.0907827411925,68.66824187773241,67.7775869701259,68.38440704345703,12916700
2025-07-14,68.31589754022755,68.58994291388822,67.79716026331114,67.99291229248047,13983200
2025-07-15,68.03205842271167,68.07120882608505,67.67971225952715,67.88524627685547,12639800
2025-07-16,67.87545045762272,68.02226258974066,67.32735979603599,67.79714965820312,13178300
2025-07-17,68.32567425320681,69.18696818053881,68.03205743294204,69.0890884399414,20464700
2025-07-18,68.94228916975973,69.19675560717563,68.34525854774108,68.36483001708984,14928000
2025-07-21,68.69759799565308,69.11845548355008,68.44312411601926,68.58014678955078,17811700
2025-07-22,67.97333727490751,68.76611997119164,67.22950192270821,68.17887878417969,22339900
2025-07-23,68.17887540689327,68.25716875202022,67.14140831181439,67.68950653076172,21030000
2025-07-24,67.78737707224651,68.0712119091771,67.5231137043011,67.63077545166016,12511400
2025-07-25,67.66013700904526,67.75801675639724,67.28821935750724,67.69928741455078,12574800
2025-07-28,67.27842339210946,67.43502499900819,66.612881497141,66.64224243164062,13668800
2025-07-29,66.88693513372442,67.94397370980064,66.70098003644962,67.90482330322266,16223400
2025-07-30,67.64056946944446,67.85589297864585,67.07289975740015,67.28822326660156,10448200
2025-07-31,66.70097658153456,67.19034543764681,66.29969053527797,66.44650268554688,17193400
2025-08-01,67.14140774856898,67.57205474544854,66.8184225009093,67.39588165283203,16107500
2025-08-04,67.25885656649585,67.61120273915849,66.85757052150602,67.4937515258789,10701500
2025-08-05,67.43502836812817,68.01248002127222,67.28821622111963,67.58184051513672,11993400
2025-08-06,67.65035161525518,68.31589354111827,67.17076477224693,68.03205871582031,10783000
2025-08-07,67.98311837261761,69.2163299405149,67.85588516237121,68.9324951171875,15790800
2025-08-08,68.86398506351819,69.36314338056019,68.5899397026876,68.84440612792969,9232700
2025-08-11,68.80526043229668,69.35335113198164,68.47248574521956,69.24568939208984,10909400
2025-08-12,69.3142047148319,69.5490996757487,68.72696357895181,69.20654296875,11061100
2025-08-13,69.1869736237768,69.26526696836825,68.73675515687617,68.96186065673828,10356500
2025-08-14,68.88355169683717,68.96185249934295,67.9146035341486,68.07120513916016,10722400
2025-08-15,68.25716888554143,68.8933499191922,68.09078525945358,68.43334197998047,12381100
2025-08-18,68.49206636640483,68.5605777055523,67.58184002220209,67.6601333618164,14094900
2025-08-19,67.82652364666885,68.72696051265652,67.76779430867775,68.63887023925781,13862200
2025-08-20,69.23590486078876,70.18528165269629,68.91292708526277,69.1967544555664,17530800
2025-08-21,69.09887869376463,69.4022924521529,68.83462280580157,69.15760803222656,8840400
2025-08-22,69.45122429902263,69.50994616983786,68.43333622422861,68.63887023925781,12999600
2025-08-25,68.61930446299671,68.73675568154502,67.25885958364546,67.46439361572266,13634600
2025-08-26,67.57205254149822,67.61120294604456,67.12183408997969,67.26864624023438,17964200
2025-08-27,67.35671901741422,67.40565888260166,67.01416236262726,67.36650848388672,11562700
2025-08-28,67.41544971504241,67.43502865055274,66.82820859172477,66.90650939941406,16209900
2025-08-29,67.2099136818364,67.66992157926052,66.97501873298128,67.52310943603516,14601100
2025-09-02,67.49374912492912,67.86566675298677,66.80863573977665,67.59162139892578,24770100
2025-09-03,67.20013168155029,67.63077117658871,65.93755919729338,67.52310943603516,33581500
2025-09-04,67.64056607021101,67.98312278709975,66.6618283264281,66.7988510131836,16736000
2025-09-05,66.56395452137663,67.1218347238721,66.42693183775853,66.5150146484375,23978000
2025-09-08,66.4171420014067,66.43671347016809,65.73202858711564,65.99628448486328,21671700
2025-09-09,65.84947508431085,66.6618292145964,65.84947508431085,66.41714477539062,14120600
2025-09-10,66.3486297863127,66.64224661692424,65.78096012641724,66.37799072265625,16041900
2025-09-11,66.47586782850311,66.72055227204193,66.1431005695351,66.1822509765625,15128700
2025-09-12,66.16266434285224,66.28011555027152,65.51670136998555,65.58521270751953,18712400
2025-09-15,65.76273776142062,65.86136063784639,65.19071454393074,65.29920196533203,15986100
2025-09-16,65.43727617985725,65.5950788033392,65.15126456812864,65.32878875732422,18555900
2025-09-17,65.49645173259015,66.20654091946702,65.49645173259015,66.11778259277344,17372300
2025-09-18,65.88108790831691,66.11778431009039,65.43727368999332,65.54576110839844,17722900
2025-09-19,65.57534653512263,65.81205045887388,65.1414043904644,65.51617431640625,31192900
2025-09-22,65.24989428934073,65.67397190552722,65.17099297842284,65.29920196533203,13298700
2025-09-23,65.43727948453775,65.84164308429878,64.99347275135752,65.79232788085938,15072800
2025-09-24,65.49645317150102,65.86135855518165,65.05263895495459,65.53589630126953,14759300
2025-09-25,65.83177688913361,65.99943653751667,65.04277880053517,65.07237243652344,14395000
2025-09-26,65.16112345066303,65.41754892931603,64.59896482113618,64.7666244506836,17821600
2025-09-29,64.76662549347947,65.19071060850801,64.45102779330306,65.13153839111328,14818500
2025-09-30,65.16112339196218,65.7232820209826,65.0526359789545,65.40768432617188,13815000
2025-10-01,65.59508373039955,65.9106814766258,65.3781088690358,65.86136627197266,14877500
2025-10-02,65.61479709901629,65.73314906072945,64.95401557611417,65.19071197509766,14350700
2025-10-03,65.19070960159803,66.06846592679501,65.13153738511724,65.73314666748047,12249200
2025-10-06,65.57534644511189,65.5852109896987,64.93428648694055,65.19071197509766,14333300
2025-10-07,65.30906479198343,66.3347592335997,64.96388097135366,65.87122344970703,13328300
2025-10-08,65.75287115491213,65.95012442602238,65.15126184580093,65.21044158935547,12606700
2025-10-09,65.37809942615047,65.88108584807726,65.21043979365578,65.45700073242188,12705200
2025-10-10,65.60493162373471,66.47283094843326,65.46685809924954,66.11778259277344,17991700
2025-10-13,65.31892959687319,65.88108825683594,65.09209021415984,65.88108825683594,13690000
2025-10-14,65.95012627989851,66.64049393708356,65.83177431390544,66.5813217163086,14245600
2025-10-15,66.34461539240733,66.7884296055482,65.9994315762597,66.15723419189453,11193700
2025-10-16,66.25586122497546,67.17306829373106,66.23613965900412,66.66021728515625,15707200
2025-10-17,67.06457785058872,67.55769974654893,66.86733210198184,67.49852752685547,15541800
2025-10-20,67.48866298209222,67.69577327546236,66.98567654136878,67.49852752685547,17786800
2025-10-21,69.59922021744404,70.40793978078695,69.26390095860451,70.24028015136719,33651300
2025-10-22,70.37835166142955,70.6347771325596,69.5400460138439,69.8359146118164,18293000
2025-10-23,69.83592498246709,69.95427695389681,68.7609227919769,68.97789764404297,13989400
2025-10-24,68.94830612669669,69.08637965365122,68.69188063759134,68.75105285644531,15688200
2025-10-27,68.82009012667474,69.15541692634982,68.2973821244347,69.09623718261719,13800000
2025-10-28,69.08638257300535,69.92468831477971,68.98775217149043,69.19486999511719,12730500
2025-10-29,68.95816192440434,69.06664934000864,67.22237832362102,67.40975952148438,19789600
2025-10-30,67.50838190233834,68.33683056780497,67.44920968496311,68.03109741210938,14751700
2025-10-31,67.60701041471879,68.11985384139034,66.96595048804747,67.95219421386719,16742700
2025-11-03,67.85358023828566,67.94233857350869,66.72926284546644,67.03499603271484,15660400
2025-11-04,67.52811876480722,67.7845442770236,67.22238557391618,67.71550750732422,12743800
2025-11-05,67.71550399520694,67.88316363800342,67.24210365293334,67.56756591796875,12850100
2025-11-06,67.36045312639443,68.18889428915611,66.98567567467023,68.10999298095703,15906700
2025-11-07,68.84968006122529,69.89510364822623,68.45518854478772,69.57950592041016,25108300
2025-11-10,69.04692498969492,69.68798491300726,68.48476636990094,69.5499038696289,15318000
2025-11-11,70.0035852182334,70.76298960075499,69.68798751681052,70.62491607666016,16160200
2025-11-12,70.50656180536356,70.90106080031896,70.35862374169997,70.52629089355469,13612600
2025-11-13,70.43753001467769,70.68409096336345,70.02330942675196,70.09234619140625,14002800
2025-11-14,70.42766749682228,70.65449933821884,69.62880496881755,70.18110656738281,13172000
2025-11-17,70.22055371797686,70.54601596935099,69.64853804747902,69.70771026611328,14772300
2025-11-18,70.01344078110789,70.3586245841611,69.59922021744404,70.24028015136719,12838900
2025-11-19,70.2205561215168,70.46711707352274,69.83592163834295,70.13179779052734,12401500
2025-11-20,69.97399746827853,70.49671302423548,69.63867817426731,70.23042297363281,15396500
2025-11-21,70.69395352394994,72.18318371905687,70.50656480038654,71.94647979736328,26492500
2025-11-24,72.15359682866546,72.15359682866546,70.5854653433073,71.5914306640625,39818600
2025-11-25,71.79855665058835,71.92676564471869,71.14763208551841,71.61116790771484,17451200
2025-11-26,71.60130196172281,72.08455934108582,71.39419165628154,71.87744903564453,11795100
2025-11-28,71.99579141661845,72.22263078252136,71.75909503113373,72.11414337158203,7423000
2025-12-01,72.10421133140312,72.41209948647666,71.4387885961326,71.45864868164062,14388100
2025-12-02,71.30968127493234,71.30968127493234,69.94903426863456,70.18739318847656,19871300
2025-12-03,70.39595293656652,70.91240606452158,70.12780011891927,70.32643127441406,17001700
2025-12-04,70.34630479357043,70.8528165554436,69.88944703605885,69.9688949584961,17710000
2025-12-05,69.83977942102938,70.22711547713843,69.39285553391673,69.52196502685547,13978200
2025-12-08,69.36305991939378,69.8993731757553,69.01545158025951,69.770263671875,17775100
2025-12-09,69.88944525515491,70.14766425675974,69.35313201157877,69.6113510131836,13010600
2025-12-10,69.90930085487662,70.04834417829325,69.3034659840072,69.73052978515625,29789400
2025-12-11,70.06821488455212,70.20725821401018,68.32023185770241,68.63804626464844,23124200
2025-12-12,68.63804686333886,70.1377371610525,68.56852519800343,70.03841400146484,18444500
2025-12-15,69.94903070779256,70.83295225211576,69.83978129649032,70.48534393310547,18660100
2025-12-16,70.81309172997051,70.81309172997051,69.83978086545567,69.88944244384766,17370000
2025-12-17,70.08807760331685,70.43568594002258,69.82985102006683,70.18739318847656,13672700
2025-12-18,69.79011964606116,70.3165066169278,69.6908040660593,69.87950897216797,15524800
2025-12-19,69.58155822753906,70.2867087322392,69.55176430973803,69.58155822753906,36911100
2025-12-22,69.45244313832298,69.7404636160554,69.18429032238885,69.73052978515625,12828500
2025-12-23,69.72060108345215,69.78019649593845,69.21408932972548,69.39286041259766,9471000
2025-12-24,69.4226529601902,69.6808795364193,69.27367579785445,69.63121795654297,4515300
2025-12-26,69.4723083337571,69.68088091151913,69.2538170789519,69.39286041259766,5711400
2025-12-29,69.52196669599822,69.93909667762388,69.37298953761962,69.68087768554688,9686900
2025-12-30,69.5219700322782,69.76032895074673,69.32333886310334,69.59149169921875,8610900
2025-12-31,69.59149008611978,69.68087941428185,69.40278517567238,69.43258666992188,8127800
2026-01-02,69.37299029651919,69.39285795907664,68.50893640759851,68.64797973632812,12151300
2026-01-05,68.44933934945448,68.44933934945448,67.45616840969817,67.47603607177734,21186600
2026-01-06,67.54556144153736,67.78392035851859,67.12842386520353,67.37671661376953,21019900
2026-01-07,67.52568975903986,67.60514525240197,66.81060547336676,67.07876586914062,20223400
2026-01-08,67.07876611541012,68.98565249934397,66.98937679072635,68.89627075195312,19237000
2026-01-09,68.95586167858788,70.17746532214409,68.6479810984765,70.02848815917969,19638600
2026-01-12,70.41582459834873,70.48534626445026,69.76032810885432,70.0185546875,20582500
2026-01-13,69.93910195246318,70.75350189208984,69.79012478284864,70.75350189208984,18324800
2026-01-14,70.68398038672039,71.22029365219691,70.32643820973604,70.95214080810547,16739100
2026-01-15,71.1011082117878,71.11104204342422,69.88944595741485,69.99869537353516,15464100
2026-01-16,69.80999194766135,70.25691587601656,69.56169919250988,69.95896911621094,20027500
2026-01-20,69.52196819026295,71.28981131187702,69.31340319496735,71.26001739501953,22152200
2026-01-21,71.48844796633642,71.74666695642603,70.34629986394845,71.51824188232422,21660600
2026-01-22,71.33947604638877,71.54804105090786,70.95213995552565,71.37920379638672,13962800
2026-01-23,71.52817364575755,72.56107241755649,71.28981472220197,72.3823013305664,18307100
2026-01-26,72.36243796649697,72.79943562096643,72.0446235570537,72.06448364257812,14017400
2026-01-27,71.945309084889,73.05765574645625,71.77646425750685,73.0477294921875,13239200
2026-01-28,72.71004282868971,73.11724654682519,72.07441404008694,72.56106567382812,14633700
2026-01-29,72.68025035356126,73.58403197699185,72.64052260632465,72.92854309082031,20862100
2026-01-30,73.20663148749496,74.3885073697265,73.03779424068851,74.29911804199219,26420500
2026-02-02,74.49776022315152,75.18304307339208,73.89192529565193,74.8155746459961,19301500
2026-02-03,74.75597426936693,76.97074882770865,74.6169309421842,76.36491394042969,27007100
2026-02-04,76.74231422161792,77.5765817407765,76.5536168979823,76.82176971435547,28607300
2026-02-05,77.28856367891764,78.32146238491974,77.06013102447868,77.9738540649414,21633500
2026-02-06,77.96392362110011,78.65914029126262,77.72556470237203,78.49030303955078,18512400
2026-02-09,78.13276246065818,78.5697601349517,77.01048193393314,77.43754577636719,23415600
2026-02-10,76.10669034423498,76.9806856661471,75.49092917902598,76.28546142578125,28848200
2026-02-11,76.35498469774771,78.51017155318033,76.057037940434,78.06324005126953,22649700
2026-02-12,78.44065016759795,79.86088502338698,78.2519452498483,78.46051025390625,26043500
2026-02-13,77.91425990780563,78.85777687982574,77.59644549910142,78.14269256591797,16711900
2026-02-17,78.45057072162511,79.09613335049202,78.20227798569883,79.01667785644531,16260200
2026-02-18,78.95709264488532,79.29476713985075,78.38105165986912,78.94715881347656,16304900
2026-02-19,78.91736375043509,79.12592874323063,78.05330228545945,78.37112426757812,14924700
2026-02-20,78.78825753094516,79.29476928710938,78.35125986464499,79.29476928710938,17175100
2026-02-23,78.97695084795251,80.29787003398283,78.9570907629016,80.00984954833984,17157700
2026-02-24,79.98999112867887,80.5362306178216,79.30470073211256,80.16876220703125,16448500
2026-02-25,79.85094952483807,80.13897002270433,79.01668194872664,79.92047119140625,18086900
2026-02-26,80.19855672232113,80.33760005348906,79.47353857212269,79.95026397705078,12843200
2026-02-27,80.38726009322967,81.44001888827108,80.26807684995791,81.00302124023438,28483500
2026-03-02,80.6951451106633,80.844122278634,79.60265850770072,79.67218017578125,18137200
2026-03-03,79.3146327643425,79.53313158596052,78.02350749694136,78.79817962646484,20549300
2026-03-04,78.74852625669348,78.92729733242406,77.21904207039694,77.566650390625,21011800
2026-03-05,77.14952231057237,77.18925005919229,75.97758024681086,76.50395965576172,23165700
2026-03-06,76.27553421413596,76.66287028974227,75.82860272723335,76.5138931274414,15516000
2026-03-09,76.09676518555752,77.53686011292403,76.00737585485076,77.26870727539062,18554100
2026-03-10,76.95088983578943,77.87453913793452,76.57348001896666,77.34815216064453,17243900
2026-03-11,77.1793166426866,77.1793166426866,76.07689623875925,77.09986114501953,11546800
2026-03-12,76.89129691652921,77.62624891136876,76.37485133110869,77.08000183105469,16842200
2026-03-13,77.47000122070312,78.05000305175781,77.19000244140625,77.33999633789062,11974500
2026-03-16,78.0,78.43000030517578,77.73999786376953,77.81999969482422,11761200
2026-03-17,78.0,78.30000305175781,77.44999694824219,77.58000183105469,14900100
2026-03-18,77.08000183105469,77.12999725341797,75.8499984741211,75.97000122070312,13134600
2026-03-19,76.0,76.44999694824219,75.52999877929688,75.55000305175781,13023300
2026-03-20,75.56999969482422,76.05000305175781,74.38999938964844,74.75,33298700
2026-03-23,75.33999633789062,75.44999694824219,74.55000305175781,75.11000061035156,15054900
2026-03-24,74.86000061035156,75.69000244140625,74.62999725341797,74.66999816894531,15653700
2026-03-25,74.58999633789062,75.6500015258789,74.06999969482422,75.25,14787900
2026-03-26,75.19000244140625,75.75,74.6500015258789,74.69000244140625,11202100
2026-03-27,74.81999969482422,76.05000305175781,74.69999694824219,75.70999908447266,17461000
2026-03-30,75.93000030517578,77.0,75.72000122070312,76.2699966430664,18502800
2026-03-31,76.52999877929688,77.0199966430664,75.51000213623047,76.05000305175781,18301800
2026-04-01,76.1500015258789,76.36000061035156,75.26000213623047,76.08000183105469,15834300
2026-04-02,76.58000183105469,76.95999908447266,76.12000274658203,76.72000122070312,14573400
2026-04-06,76.63999938964844,77.27999877929688,76.22000122070312,77.22000122070312,8259900
2026-04-07,77.19999694824219,77.5999984741211,75.62999725341797,75.91000366210938,12769200
2026-04-08,75.80999755859375,77.37000274658203,75.31999969482422,77.29000091552734,12331300
2026-04-09,76.6500015258789,78.29000091552734,76.37000274658203,78.18000030517578,14311000
2026-04-10,77.9800033569336,78.16999816894531,77.30999755859375,77.47000122070312,11081400
2026-04-13,77.31999969482422,77.44999694824219,75.83000183105469,76.41000366210938,12696200
2026-04-14,75.97000122070312,76.62000274658203,75.80000305175781,75.9000015258789,12397600
2026-04-15,75.73999786376953,75.73999786376953,74.72000122070312,75.30999755859375,16212100
2026-04-16,75.02999877929688,75.83999633789062,74.9000015258789,75.18000030517578,11501900
2026-04-17,74.94999694824219,76.05999755859375,74.80000305175781,75.73999786376953,15033900
2026-04-20,75.81999969482422,76.22000122070312,75.36000061035156,75.4800033569336,10141800
2026-04-21,75.4800033569336,75.52999877929688,74.62000274658203,74.69999694824219,11806900
2026-04-22,74.9000015258789,75.37999725341797,74.55000305175781,74.62999725341797,9338700
2026-04-23,75.44000244140625,76.55999755859375,75.16000366210938,76.3301010131836,5430566
