timestamp,open,high,low,close,volume
2021-01-04,160.12915530869475,160.5649501335022,154.52056293939086,156.7943115234375,3164800
2021-01-05,156.50063344810374,157.89330926873112,154.6153067597901,157.57119750976562,2322600
2021-01-06,154.40685260658722,158.4806650671704,154.39738383505485,155.67637634277344,3619700
2021-01-07,155.54373410791246,158.3290854200286,153.2699856053615,157.10694885253906,3025500
2021-01-08,157.47642525417237,158.08275912077406,155.97953535871886,157.65643310546875,3438100
2021-01-11,175.26853219871975,179.34234421672843,172.44529178183203,176.15908813476562,11396500
2021-01-12,173.17480638758948,174.54854451568934,168.1062377419273,169.3946990966797,7179300
2021-01-13,170.37050606938448,177.75072674959335,169.90627605772283,175.74224853515625,7303900
2021-01-14,175.52434143017413,179.02024056909286,174.8706348326672,176.86964416503906,4413200
2021-01-15,176.9738617714677,181.6918974305132,176.9738617714677,180.7350311279297,6624600
2021-01-19,185.68993245095072,189.02477610187077,183.86146199382495,188.0394744873047,7729100
2021-01-20,188.31423736405736,191.1564303506701,188.22896058779176,190.67324829101562,5335800
2021-01-21,192.9848647716779,193.95121425393845,187.5941707699283,191.7058868408203,8698800
2021-01-22,191.41220339161436,195.67549256150855,190.01005900123502,195.29653930664062,6128800
2021-01-25,197.2860811553967,201.35041049307472,197.14396284190912,201.1798858642578,5959100
2021-01-26,201.36938540881087,202.01360891028605,199.52196277235498,201.5304412841797,6601500
2021-01-27,199.96718188859796,200.86720655316793,194.3112180919903,196.6512908935547,7358000
2021-01-28,197.05869100326905,200.69669413693285,196.6513169944688,199.06716918945312,5460400
2021-01-29,200.81044159386812,206.53271787521234,193.70495818073007,197.0303192138672,8401700
2021-02-01,198.44188967265302,198.84926366478697,192.4164409044714,192.45433044433594,5383800
2021-02-02,193.62910453040766,195.06913831346827,186.96890130130214,187.1678466796875,5314600
2021-02-03,187.40475148062268,190.03851613751897,186.5331472627279,186.59947204589844,3679000
2021-02-04,186.45728760053586,191.26059955376746,185.34883433197572,191.01426696777344,2924300
2021-02-05,191.01429953296068,192.24591930449128,190.2848137892024,191.1564178466797,2732200
2021-02-08,191.73432200891884,195.57127054580076,191.28904400110844,194.9459991455078,2909300
2021-02-09,193.03227904013136,194.1691533751517,189.78271190738528,191.09959411621094,2661300
2021-02-10,193.71437385930204,194.73756492508502,191.03323711821258,193.63858032226562,3062700
2021-02-11,193.00116701398352,194.24743833886828,191.81197460222188,192.72528076171875,3544700
2021-02-12,191.84055528239975,198.0909589096598,191.3648782154793,197.20619201660156,2611300
2021-02-16,195.9598788603575,197.39643258832842,193.70517468666665,195.75057983398438,2741900
2021-02-17,195.03708994592733,196.63537230983295,194.33309723450813,196.41656494140625,3329900
2021-02-18,195.31295523475848,195.42711305552442,191.17456003389393,191.33628845214844,3919400
2021-02-19,191.34586314469604,193.01073289249086,190.58477692811599,191.1460723876953,3434900
2021-02-22,189.49067838348526,191.8024760987734,188.33003988543226,190.91770935058594,2263600
2021-02-23,190.56573608919763,194.3711524620565,189.015024271974,192.6301727294922,3287700
2021-02-24,191.85957320913377,196.41656732546699,191.82152543366723,194.57093811035156,2848800
2021-02-25,193.66716025534024,195.55083730045362,191.93568883301037,193.90499877929688,2386700
2021-02-26,196.6448917325582,196.92079255384343,192.23060924059942,194.92294311523438,3887900
2021-03-01,195.76963455218254,198.10997189413294,194.81828050556234,196.4260711669922,2797400
2021-03-02,198.72834327563638,199.73677622748212,194.17136384705697,194.20941162109375,3445300
2021-03-03,193.47685802304693,194.37113310424795,189.99491342120356,192.1735076904297,3660300
2021-03-04,193.87641572865235,194.7802135973685,188.9484092191714,190.78451538085938,4308400
2021-03-05,191.24117402704857,197.56767195266127,191.10798505545176,196.85415649414062,3875900
2021-03-08,196.93030758293204,200.631074618202,196.28339373367723,196.95884704589844,3300300
2021-03-09,198.2051340024565,201.83931407779446,196.03604754992983,196.0836181640625,4227300
2021-03-10,196.82564064387208,197.91969200488438,194.4472554968793,195.4556884765625,3400200
2021-03-11,196.46411986905642,197.1681270928227,194.33309608513395,195.2273712158203,4037300
2021-03-12,194.9229417579396,198.31928287662313,192.43990696622078,197.957763671875,4541400
2021-03-15,183.6208497187633,183.78257817387325,179.04483881782065,179.95814514160156,12388500
2021-03-16,182.22234561646462,182.2984556813043,178.1220120451099,181.6134796142578,6194200
2021-03-17,180.50040934617994,180.59555056279393,177.48461859086387,177.64634704589844,5134200
2021-03-18,176.97086951582924,177.98881071486704,174.8588625416836,174.98252868652344,4240000
2021-03-19,175.71507080859973,176.76156595512268,174.93496812197196,175.32501220703125,6048600
2021-03-22,175.09670433139132,176.8662233290919,174.28804763527978,176.79962158203125,2666600
2021-03-23,176.33346384310462,177.5797352190216,174.33561470293378,174.74468994140625,3284700
2021-03-24,174.76371960269657,174.89690857647736,171.07247610798245,171.4054412841797,3931500
2021-03-25,172.19506906666948,174.70664297405332,171.45301412924988,174.1833953857422,2630500
2021-03-26,175.0967396336481,176.8662589881116,173.74581844079077,176.29544067382812,2868200
2021-03-29,175.67704645767256,178.54061698907108,174.58298056472808,177.2753143310547,3002600
2021-03-30,176.5047204912216,177.77002315379735,175.72461769778678,176.47618103027344,2523600
2021-03-31,176.54274127878222,178.79744526267865,176.2478093908037,177.73193359375,3621300
2021-04-01,177.73194647906803,178.9211388802506,175.67701852586242,176.2288055419922,2340400
2021-04-05,176.56175778089758,176.85667515216284,174.19289598169746,175.89581298828125,2864800
2021-04-06,175.7055595668474,176.59983458324353,173.61258382519142,173.90750122070312,2488400
2021-04-07,174.0026545470928,174.2690325268273,172.40438666868565,173.4508819580078,3406600
2021-04-08,174.05020246490741,175.02058755973266,173.59355663296407,173.72674560546875,2393200
2021-04-09,173.6506745328075,176.13370948349854,173.53651667831997,175.5153350830078,2611200
2021-04-12,174.5068551950803,174.99205501992742,172.08091413688402,172.97518920898438,2876100
2021-04-13,172.3663465685132,174.70668428208228,172.3663465685132,173.6506805419922,3089100
2021-04-14,173.70771970459427,175.49626983207511,173.19399494271664,174.0977783203125,2002100
2021-04-15,174.84931360601016,178.5881416974612,174.48780902270857,176.87570190429688,2586600
2021-04-16,178.2647195893341,181.04267156512762,177.78904258286582,180.0437469482422,3731800
2021-04-19,180.03419817366876,181.59441782358485,178.92111597066523,180.41473388671875,2966400
2021-04-20,181.1473480392026,184.08702889259425,180.91901781618208,181.33761596679688,2460900
2021-04-21,182.24135246606534,183.62081273066727,180.56697481234607,181.66102600097656,2219800
2021-04-22,180.75723564750004,181.96545912934505,177.66533556405597,177.95074462890625,2982600
2021-04-23,177.93172975067972,179.92957887073695,177.93172975067972,179.53952026367188,2482800
2021-04-26,179.3968060640676,179.4729015990685,177.00889856206203,178.1124725341797,2797500
2021-04-27,175.04912381927784,176.82815103020175,171.99527130451455,173.34620666503906,6838700
2021-04-28,172.62319590253165,173.14644355283426,169.89281432255905,171.76698303222656,4682800
2021-04-29,172.25214226837318,173.7457749239585,171.24370941335818,173.33668518066406,2432500
2021-04-30,172.9942309163113,175.00158870432207,172.37585654055698,173.87899780273438,3103900
2021-05-03,174.0882421570548,177.2847915987924,174.02164042119213,176.87570190429688,3197000
2021-05-04,178.40739443819692,180.8333497692636,177.69387901826605,179.0447998046875,3703500
2021-05-05,179.4729510976234,184.1536261990493,179.01630517913503,183.4305877685547,4274400
2021-05-06,182.2318431617465,184.6577985195459,180.11032802106305,184.4580078125,3101600
2021-05-07,185.34280102229127,186.72226147685197,184.467542531049,185.91360473632812,2526700
2021-05-10,186.62711823201394,187.04571632765126,184.08700471513518,185.28570556640625,2242000
2021-05-11,183.98234211317285,186.22753804394154,183.62082296236392,185.27618408203125,1850200
2021-05-12,185.27619156967685,186.13240436339487,183.35445242433136,183.8015899658203,2397400
2021-05-13,183.70603576132856,187.3944904305821,183.2282567346411,186.2764892578125,2174300
2021-05-14,187.01225702497374,188.5029251276661,186.2573580622914,187.4900360107422,1823700
2021-05-17,187.74807892560233,190.73898088282095,186.4198535551369,186.84030151367188,2466000
2021-05-18,186.3338222030859,187.62383141983236,184.97693150390148,185.9802703857422,2369400
2021-05-19,185.00559043122004,188.6175986115233,184.5278114170989,187.77670288085938,3070500
2021-05-20,188.39786823244512,192.14365482600823,187.45186031508797,190.66253662109375,3494400
2021-05-21,191.11164107860122,192.94631108327647,190.60519639619582,190.99697875976562,2579000
2021-05-24,192.06718846532127,194.57074615662012,191.14984622432473,192.0863037109375,2074900
2021-05-25,192.47806248261784,192.87940971851395,190.2898408332108,190.3662872314453,2919100
2021-05-26,190.37582569252857,193.4431734400372,189.43938288870226,192.0576171875,2891300
2021-05-27,191.73273964829616,192.43030760563312,186.81162093919534,190.34718322753906,9340300
2021-05-28,190.2707185193356,193.29028552444436,189.7069427565441,190.86317443847656,2386000
2021-06-01,191.417375493553,191.9620359429714,187.93913055901544,189.601806640625,3070200
2021-06-02,190.16559656010224,191.99071588004944,189.43937771298857,190.2802734375,2030300
2021-06-03,190.14652254141637,194.58986213057824,189.78340577664983,193.69163513183594,3066600
2021-06-04,193.77760879338803,195.3638386414158,192.34427173133705,193.04183959960938,2817700
2021-06-07,193.01316347202015,222.96034735178154,192.86027069440257,212.63076782226562,17231400
2021-06-08,211.85675492029017,212.3918650277923,207.70962242583485,210.89163208007812,4618500
2021-06-09,211.5127916408608,216.65368431309275,210.47122222871985,215.9561309814453,4934900
2021-06-10,216.88298738290587,225.36834657839896,216.19498449783038,223.16099548339844,5598200
2021-06-11,216.94035512072816,219.38658153334165,211.71345112693592,214.13101196289062,5636000
2021-06-14,214.26480831057478,216.58682228825216,213.10859106881568,216.0517120361328,2720700
2021-06-15,216.05169112220295,216.58680132252329,212.96522797712905,213.5863494873047,2188900
2021-06-16,213.59593609998842,214.38905120327203,210.41392535331866,210.94903564453125,2548800
2021-06-17,210.48079435406845,213.18502562419212,210.48079435406845,212.33457946777344,1890700
2021-06-18,210.6336738861435,211.2261298480305,208.6174602073668,208.8372344970703,4016600
2021-06-21,209.36278925003668,213.82524390638673,208.38811588819075,212.7741241455078,3671300
2021-06-22,212.7358711767653,213.67231388563226,210.71007840694276,211.5987548828125,1658800
2021-06-23,212.31546278705943,212.36324360959003,207.35611376997787,207.45167541503906,2419600
2021-06-24,224.4796988356396,228.7319293079152,220.17968754399166,222.61636352539062,12290500
2021-06-25,222.75969907693357,223.113265487942,219.1954714549865,219.98858642578125,6992200
2021-06-28,218.82281832814434,219.66371417355725,216.7970396976427,218.07748413085938,2507500
2021-06-29,218.10612547225944,221.116127505221,217.72390808354197,219.1763458251953,1621200
2021-06-30,219.86440858087883,220.59064222986132,218.88018468564883,219.3197479248047,1786700
2021-07-01,219.31010991444802,221.21167557120273,218.49789436808885,220.85812377929688,1977300
2021-07-02,221.660827203936,223.8012827281126,221.04927056569417,223.56239318847656,1994000
2021-07-06,223.24704640840605,225.11038181097487,222.86481441514854,224.95748901367188,3125400
2021-07-07,224.2503714311461,226.07549093016794,223.0846039450444,225.3397216796875,3141500
2021-07-08,223.43815985704362,226.72528216552692,221.7850483705152,226.58193969726562,2431500
2021-07-09,226.62974077554983,227.87196937487474,222.40617520237421,224.546630859375,4030100
2021-07-12,224.71860541591968,227.42283669435955,224.69949017058744,225.52127075195312,2928600
2021-07-13,225.49260701264924,226.1328292202283,223.62927154571616,224.84283447265625,1974000
2021-07-14,225.31100566409995,226.68701146362633,224.29811655629788,225.84613037109375,2103400
2021-07-15,224.56571384289992,225.5021713207212,220.43771024882017,221.18304443359375,3611200
2021-07-16,222.1672594878243,222.68325444920904,220.9345959474466,222.12904357910156,2229100
2021-07-19,221.57481892325762,223.88726779675866,220.32304013369787,223.734375,2305600
2021-07-20,224.55617161910735,227.18395660613945,223.5432822842843,224.57528686523438,2297800
2021-07-21,225.87482273871498,226.82081590261805,223.208807540703,226.74436950683594,1651500
2021-07-22,226.73480536990596,229.04725402404517,225.86524407407086,227.8910369873047,1703500
2021-07-23,228.645936325696,233.68173149229773,227.95793334131304,233.29949951171875,2448100
2021-07-26,231.78976473274497,234.37931934722263,231.78976473274497,232.4013214111328,2678800
2021-07-27,232.87911005216094,233.213546694896,231.8757709626319,232.7548828125,2116500
2021-07-28,232.55414442811724,237.36059997343045,231.85659117479904,235.55459594726562,1688000
2021-07-29,236.5006068560868,237.20772503067323,231.47437698567717,234.4270477294922,1924100
2021-07-30,234.01615062478004,235.01948945058865,231.84704444193315,232.67837524414062,1905100
2021-08-02,234.80930997731826,236.87331916735116,233.39508793851536,235.64065551757812,1958900
2021-08-03,233.8728339795027,247.8430880788822,232.67838641065947,244.61331176757812,5406200
2021-08-04,244.62283671043602,258.62175493211015,244.06861134633508,250.8052978515625,3892400
2021-08-05,251.57935214598484,253.71025734888693,249.71600206243775,252.44891357421875,2262400
2021-08-06,251.7991195752134,252.52532388799776,249.15220502424336,251.7322235107422,2155200
2021-08-09,252.82149428341276,260.9055350474456,252.7450624830155,255.28684997558594,3238500
2021-08-10,254.89513998671248,259.03269400162617,254.35046483507165,257.47515869140625,2060200
2021-08-11,257.6089044122052,258.8989136781298,250.98689378479642,252.36289978027344,2813300
2021-08-12,252.3149378174962,253.5995163774873,250.67563664847526,252.57376098632812,2100900
2021-08-13,252.2670433065665,254.70200610520868,252.14241496469612,253.283203125,1482300
2021-08-16,253.92548109492853,259.0829875241723,253.34069337901317,258.7762145996094,2623200
2021-08-17,259.94575501625326,264.4609573631157,256.1303436471664,261.431640625,2096100
2021-08-18,260.7606332889583,263.396902969484,256.9452215466251,257.4149475097656,2527400
2021-08-19,255.14295877480964,260.60723836491223,254.4527342924333,259.2171936035156,1901000
2021-08-20,258.23933163823426,261.5849873261575,257.9325587670943,259.7060546875,1536800
2021-08-23,261.03856940024946,261.6233570496451,256.6288334470398,256.7438659667969,2438800
2021-08-24,255.19089444033395,256.37960293957076,250.95367757956015,251.90272521972656,3736000
2021-08-25,251.91235740479596,253.58038786312193,250.48398784015959,252.957275390625,2388500
2021-08-26,253.08188338249482,254.60612303311842,249.80330974808408,250.51272583007812,1732900
2021-08-27,251.66310741168135,252.24789522069796,247.88604928616746,249.00767517089844,1839700
2021-08-30,250.23471421098478,253.14899867252157,248.87342755455984,251.46177673339844,1300700
2021-08-31,251.9698483510756,252.73678068707915,247.1957932966893,247.6080322265625,2733400
2021-09-01,247.84768936890976,248.06815864211998,243.9651804142433,246.75482177734375,2956800
2021-09-02,246.76439454937378,248.9884541996057,245.86326743687417,248.83506774902344,1469700
2021-09-03,250.0429471398389,250.1963335957168,246.16045304112566,248.79672241210938,1124500
2021-09-07,248.28865927645435,250.03339741700879,243.88848925012732,244.26235961914062,2403700
2021-09-08,244.07062463439894,245.13471943337126,243.1886598009501,244.30068969726562,1542400
2021-09-09,242.81482983698757,243.5146501935863,229.75810874882154,230.074462890625,4976600
2021-09-10,232.1834578722976,233.80356776330714,228.70359183775577,229.59512329101562,4633500
2021-09-13,230.11280124694957,231.17689621852938,225.4250346700419,228.11883544921875,2832800
2021-09-14,228.8473625459283,229.87310341752067,222.38610051187842,223.4501953125,3826000
2021-09-15,223.91994529134496,229.48008038792142,223.42144658714108,224.06373596191406,2802500
2021-09-16,224.39925429126683,224.9840273646151,220.22914954863322,221.48497009277344,2958700
2021-09-17,220.20999194665535,221.28366792300653,218.79118911763342,220.5838623046875,4480000
2021-09-20,218.65697827464095,223.1050832420931,217.8900605986517,222.06016540527344,2803400
2021-09-21,222.46279068688466,224.05414228176716,220.23874554908963,220.6509552001953,2172800
2021-09-22,220.48796711159548,221.4753685767024,218.16805199557575,218.8582763671875,2529600
2021-09-23,219.81696689040945,224.51431439050342,219.53895207196814,222.57785034179688,1912300
2021-09-24,223.14344323514152,225.65508443021645,221.77257547504954,222.0985107421875,1642500
2021-09-27,220.45919827886695,221.50411595292329,216.2795129549059,217.03683471679688,2785900
2021-09-28,217.02727438597387,217.03685555379613,211.0932695186089,212.4353790283203,3583300
2021-09-29,216.08783228089337,221.86845134706363,215.27297946446936,220.83311462402344,3971000
2021-09-30,223.15301691255195,227.35187982524582,221.25490701311327,221.49456787109375,3786100
2021-10-01,221.4466616289201,222.0985322262529,216.12618696293706,220.094970703125,2215700
2021-10-04,218.3789593289114,220.67011636366166,214.94701436057142,215.55096435546875,4784700
2021-10-05,217.07520207180175,222.9420946809629,216.81636427206328,221.37950134277344,2802000
2021-10-06,221.02482589254666,221.30284067753738,216.701349308555,218.42691040039062,2462700
2021-10-07,219.64439350455913,224.42802982390288,219.52936096571557,223.53648376464844,2001800
2021-10-08,223.76657693903445,226.0577344512581,221.9739181713701,224.26507568359375,2563000
2021-10-11,226.9108987730971,228.14755699923643,223.93911289293467,224.00621032714844,1892300
2021-10-12,224.99360875603287,225.348316769883,222.38609747173675,223.15301513671875,1719200
2021-10-13,224.38968650220596,228.08045512549197,223.17220518620275,226.6616668701172,2105700
2021-10-14,227.20807970991245,228.5789474552146,224.4280195451008,226.9013214111328,1824700
2021-10-15,227.60111659432073,229.4033708855806,226.0672959153174,228.04209899902344,2598300
2021-10-18,228.10918663531578,232.6244033376754,226.91088242455268,229.09658813476562,2546000
2021-10-19,229.17334856801068,232.51902017161356,229.17334856801068,232.2889404296875,1573200
2021-10-20,233.65019091082985,235.73044568183886,232.98872451362965,233.64060974121094,1537500
2021-10-21,234.81974708009875,234.81974708009875,229.91149652509526,231.19607543945312,1717700
2021-10-22,230.99471815495443,233.947326929681,229.65260862961412,233.66932678222656,1960700
2021-10-25,234.5417180057346,236.0851345981076,230.57293457216673,234.91558837890625,2763100
2021-10-26,234.38834735597445,238.62555008045513,227.28479515857757,238.1654052734375,4533000
2021-10-27,238.32835579413154,243.9364259949023,238.05035562154922,239.82383728027344,3181300
2021-10-28,239.81423962624342,246.13169620513594,239.73754639790064,242.872314453125,3386500
2021-10-29,243.2845477422687,245.86330111342093,241.3576795615131,244.22401428222656,3152000
2021-11-01,244.55954004582816,245.8728915671532,237.7915193821008,238.99940490722656,2735800
2021-11-02,240.85919040081097,248.57625922688408,239.08569399353004,246.22760009765625,3987800
2021-11-03,247.10951034229882,255.75649294168488,247.09994380157045,255.2484130859375,4382900
2021-11-04,254.50065742354715,259.8977951285914,254.29932124793143,259.7923583984375,4133400
2021-11-05,257.8654745675764,258.34479625970124,247.86683109116584,254.04049682617188,3745700
2021-11-08,253.07225370122552,255.8715052120063,248.43242330444343,249.75535583496094,2386100
2021-11-09,249.75536178655034,251.31795519663032,247.7038801401967,251.18373107910156,1963800
2021-11-10,251.1646174590071,254.99919177135837,250.78116587886805,253.70501708984375,2215100
2021-11-11,251.4713927747438,253.38867994883216,251.11669932841434,251.76856994628906,1739400
2021-11-12,251.7685005509621,252.48019064416903,249.02748990618716,249.71995544433594,1964000
2021-11-15,249.4699531965449,249.68151138272867,247.32522631821436,248.54664611816406,1903200
2021-11-16,247.13287118497792,250.39323887367297,246.1999811485971,247.8638153076172,2565700
2021-11-17,246.98865756825884,254.43264267691313,246.27696722777588,251.1915283203125,2873600
2021-11-18,251.9800981191628,253.71124735842065,249.88347686594747,251.33570861816406,1689200
2021-11-19,256.2406715686972,260.4435410442172,250.34510195914987,250.72982788085938,2786800
2021-11-22,252.19170693249495,253.8940048065384,249.21988385553635,250.4797821044922,1995400
2021-11-23,249.54684146116062,252.71102705835088,249.33525395784318,251.9416046142578,1986200
2021-11-24,252.72067478991235,254.8076987298177,250.10469666202303,251.98013305664062,2518500
2021-11-26,251.7877186389929,255.7116997045392,249.12366498380686,250.41241455078125,1495500
2021-11-29,250.07585327032064,252.2879102884337,244.7669692576988,245.0843505859375,4041700
2021-11-30,243.58399633535112,244.28607425070663,237.0536635339034,238.5540008544922,8265900
2021-12-01,239.90048278949587,245.53637503536893,238.4097576579916,239.6023406982422,3241400
2021-12-02,237.09215738343914,240.41982582573755,235.74568981396155,238.400146484375,3817700
2021-12-03,242.4876169565666,243.78597913683578,233.78371963783852,236.1881103515625,4169700
2021-12-06,236.51505453506374,237.49604985030186,232.29294591119213,236.9093780517578,3491200
2021-12-07,234.8993303018894,236.0534347613011,232.2160223916419,235.73605346679688,4035800
2021-12-08,237.17868773725073,238.6886372807198,230.31174932643876,234.9762725830078,3636200
2021-12-09,235.13975327308873,236.50544516883934,233.4662923824027,233.6105499267578,2291100
2021-12-10,231.97562615250212,235.23597955639974,231.97562615250212,234.80319213867188,2380800
2021-12-13,236.12079085205062,241.1123085434202,236.07271477583043,239.02529907226562,3016700
2021-12-14,238.26546348974014,240.44863928883035,236.96708687378822,239.84274291992188,3424000
2021-12-15,252.04740839937668,265.0022632241581,247.37325885779524,264.752197265625,10016700
2021-12-16,265.1273554078447,273.0425904731555,261.64577316710665,268.36846923828125,5546400
2021-12-17,266.08908489549424,266.08908489549424,255.18274440966428,257.1928405761719,7582900
2021-12-20,258.93363208103773,259.68380074240724,250.39323233592626,253.40353393554688,3479400
2021-12-21,253.90363459648086,255.77907091039276,250.60481790322265,254.74998474121094,2702500
2021-12-22,254.6153440162903,256.3657474614135,252.79763993902543,256.30804443359375,2721000
2021-12-23,258.76047913241985,264.7426035297339,256.4811217643131,262.6556091308594,2632200
2021-12-27,264.52142908042157,269.5802466502279,264.2136600574115,267.7625427246094,1677100
2021-12-28,268.65702144952076,268.71472448380644,265.33897957619473,265.8583068847656,1033900
2021-12-29,265.27149324527005,268.6760876634882,265.1945363445945,267.7720642089844,1112300
2021-12-30,268.5126903021962,269.9168460025906,265.80053103189135,266.6468811035156,1181500
2021-12-31,266.85850634080543,268.0703286010507,265.45435044193914,265.65631103515625,1315700
2022-01-03,263.91548134905344,263.91548134905344,256.84656850753646,261.3379821777344,2621300
2022-01-04,258.7124806269823,259.5588309845893,253.49974784289046,256.6062316894531,2340500
2022-01-05,257.90451448736803,258.491171609201,250.4605318043699,250.6817169189453,3004200
2022-01-06,250.15278722628034,251.3068770271,245.69023915703173,249.41221618652344,2863200
2022-01-07,249.80651091597616,251.2587719661882,246.8923912132195,249.57569885253906,2245100
2022-01-10,248.31582861758338,250.21048945212738,246.10378648496896,250.16238403320312,2576700
2022-01-11,251.58581021369187,252.37445737120115,247.2290556393146,252.28790283203125,2294000
2022-01-12,243.22812174494604,247.59450283524905,241.3719394403157,246.13262939453125,6562800
2022-01-13,244.35336317222334,245.7286672599384,239.04446574310006,240.1216278076172,3726500
2022-01-14,240.58332467133633,240.9584090290047,233.6105917254024,234.783935546875,2894300
2022-01-18,233.46630023011392,239.01563720149767,232.83153766314788,237.62109375,3241200
2022-01-19,236.9094220870801,240.8333894021631,235.3706061957878,235.67837524414062,2487600
2022-01-20,236.1880868392093,238.46744431283562,233.22587601375895,233.831787109375,2655400
2022-01-21,237.43838114985385,238.40013737333805,232.86041213391846,233.76446533203125,2788600
2022-01-24,233.27396344193423,234.43768019685308,223.78142000491866,231.2254180908203,3712800
2022-01-25,227.75344644278374,232.2929361447052,226.12807638030674,230.30210876464844,2525100
2022-01-26,230.46563343599706,233.15853894520146,226.88789934492908,228.76332092285156,2913200
2022-01-27,230.8022820509825,233.96646862342214,226.74366912767024,227.66696166992188,2178500
2022-01-28,228.40747547303917,235.84184647268697,226.06078809715422,235.7264404296875,3081100
2022-01-31,233.96642223843963,236.10152206106778,232.66804556851594,236.00534057617188,3237100
2022-02-01,237.6018645773838,239.32340166344912,233.95680047734817,238.78482055664062,2449400
2022-02-02,235.96685507282857,242.2471209674623,234.69733003015307,241.23727416992188,2586700
2022-02-03,238.03468231601008,238.6309665210897,231.87944791611488,235.4475555419922,3473600
2022-02-04,233.4374565267725,234.76468472477072,231.99482228555163,233.00466918945312,3569300
2022-02-07,233.13930114098955,234.6973413363907,231.10999517063814,234.23570251464844,3948300
2022-02-08,232.64879430102184,233.60093812139152,228.38822182980505,230.7349090576172,2615000
2022-02-09,232.03326107934373,235.11089220260124,231.84091280294834,233.96640014648438,1759900
2022-02-10,230.72531684304377,234.75507784955602,229.00377962504734,230.4752655029297,2283100
2022-02-11,230.08088428979593,231.42735149797153,225.86840297945398,226.724365234375,2054300
2022-02-14,225.99043017964655,228.77185557445972,223.93333308669125,226.6568145751953,2572000
2022-02-15,228.5496956316186,236.4110707887187,228.5496956316186,235.49359130859375,3409600
2022-02-16,234.2767438473141,238.56476968124588,234.2767438473141,237.17405700683594,2459000
2022-02-17,237.17406814667635,237.1837205525226,232.1810333356286,232.72186279296875,2059100
2022-02-18,229.87283288515403,234.13187207961388,229.87283288515403,232.08444213867188,2517900
2022-02-22,231.02208766722086,232.61560392450667,229.38993231745164,230.94482421875,2936700
2022-02-23,232.31622549063488,234.37330777502328,229.8728259502254,230.15289306640625,2296300
2022-02-24,227.13002816896093,235.58052484542873,225.9904254049671,234.75962829589844,3272300
2022-02-25,235.49360743657576,244.24349072267663,235.38737203245435,242.263671875,2442200
2022-02-28,237.7148999103532,241.5007208849623,236.21795174580043,241.3944854736328,3188800
2022-03-01,239.08627124894448,241.77111350445225,237.03884140311746,240.95986938476562,2873200
2022-03-02,241.3268653199129,247.70095989703077,240.53492601614235,245.4700164794922,2452000
2022-03-03,246.10743308200406,250.6948307331375,245.68249147141577,249.7870330810547,3153700
2022-03-04,247.4401695086564,254.44200897147178,246.77379992464455,253.87220764160156,3497100
2022-03-07,250.96522558226744,254.60620093608992,249.03368367717007,252.684326171875,3074800
2022-03-08,251.0328369140625,256.21902221959476,250.04776115159515,251.0328369140625,3482600
2022-03-09,254.2875213932525,258.6238537174157,253.09964179104577,253.7949981689453,2965900
2022-03-10,253.84322324584156,258.5658571576265,253.84322324584156,256.91436767578125,2797200
2022-03-11,255.99690456791302,262.41927528454136,255.99690456791302,257.1847839355469,2469600
2022-03-14,259.78275229147596,261.6273785833214,258.1699310994974,259.79241943359375,2713800
2022-03-15,260.6325641829141,267.01632457285956,260.6325641829141,266.0312194824219,4396900
2022-03-16,268.33949340926193,269.073459369106,263.66516504186075,266.9777526855469,3148600
2022-03-17,267.52828028904503,276.1043329640627,266.9874507935932,275.7373352050781,3270100
2022-03-18,276.0559671500712,281.37737456101274,275.1095010007759,277.79437255859375,4557900
2022-03-21,277.9102371478568,285.2211002912475,277.9102371478568,279.72589111328125,3495700
2022-03-22,279.75483475527955,280.6143554233569,273.6897954370008,275.26397705078125,3791600
2022-03-23,274.6846013196132,278.31588024500496,273.6512192740956,274.46246337890625,3149200
2022-03-24,276.490577910355,278.9629492237032,274.91636652122503,277.8426513671875,2412400
2022-03-25,278.62491543572656,281.667087993893,276.77062226783073,279.1271057128906,2399800
2022-03-28,281.3580368952583,282.4397251127252,278.4414192469024,281.6767578125,2195000
2022-03-29,282.03409831923716,283.10611943378615,277.73640566585954,278.5187072753906,2798100
2022-03-30,280.63367042095086,282.2851597349531,278.13232754715904,279.9673156738281,2220100
2022-03-31,279.4651536183046,281.81197010891395,276.1332613036474,276.5678405761719,3227600
2022-04-01,276.35534583332543,283.106104678307,274.27894422760875,282.6521911621094,3066200
2022-04-04,282.72946982962327,284.88314984287274,280.9910937599193,281.44500732421875,3014100
2022-04-05,281.73472994401,285.70403478512804,279.2044145261207,282.4783630371094,2324200
2022-04-06,285.95510213674294,296.06672463486126,284.6802774757049,295.3713684082031,4672900
2022-04-07,294.5601542511582,303.25209322906124,294.5601542511582,297.87274169921875,4270800
2022-04-08,297.45739121852756,301.68747182231266,297.4091144701858,301.0210876464844,3024700
2022-04-11,302.3731593817363,303.0202387497835,297.50566656860184,298.384521484375,2178100
2022-04-12,296.08607244405806,299.0123575160317,293.7682278428996,297.53472900390625,2688100
2022-04-13,296.7620959322505,297.74717168963014,290.12725423047993,292.3099060058594,2528700
2022-04-14,293.35297044447327,294.0483268125948,289.91482770014886,291.52764892578125,1898100
2022-04-18,290.764690132719,291.7207940179608,286.6408289852766,288.5917053222656,1581400
2022-04-19,288.19576263439023,289.43194848554634,283.7435424579246,286.84368896484375,2021700
2022-04-20,286.8533145939253,288.7655519360877,282.2948739329375,282.8936767578125,2608600
2022-04-21,282.8936899776672,283.40554749332284,276.8479533235864,279.69696044921875,2716800
2022-04-22,279.3974752980705,279.70652902166626,268.8705796743434,269.1893005371094,2772600
2022-04-25,269.20866208567736,276.16222496731115,267.35436882624447,275.4378967285156,2410200
2022-04-26,276.38435629619283,280.27641250905424,273.11040771194166,273.1490173339844,2166600
2022-04-27,273.409759776841,278.2675864397712,270.98566527927284,275.3316345214844,2352100
2022-04-28,285.8585408958545,290.2238445569708,278.68286963925584,287.0947265625,5886900
2022-04-29,285.6654015325322,287.1333627867058,279.24303052016046,282.13067626953125,3910900
2022-05-02,281.26153237044156,282.81640971821497,274.54941133345596,279.648681640625,2789900
2022-05-03,278.75054631130604,279.89014925435737,274.3852416224007,278.209716796875,2109500
2022-05-04,278.62500855040673,286.8147594466744,274.3949257153133,284.8059387207031,2743600
2022-05-05,283.376503863048,284.892741741353,278.43173221260844,282.3624267578125,3120200
2022-05-06,280.23777644896614,288.0411929495245,278.6442307637276,286.7373962402344,2931200
2022-05-09,283.463454742663,284.83483305343964,276.83825037771174,279.3299560546875,3460500
2022-05-10,282.00515284531275,283.38619840387906,275.24475534559633,275.9208068847656,3140800
2022-05-11,273.96027426177056,284.41956128946,273.31319471958295,276.87689208984375,2625200
2022-05-12,273.6318992113254,281.9954800589023,273.6318992113254,281.8119812011719,2370000
2022-05-13,283.5658575044268,283.7305752328732,277.63542783429386,282.5968322753906,2337700
2022-05-16,283.06200813965665,299.85523563799734,282.5678252725836,290.1068420410156,5118300
2022-05-17,290.70767065518123,294.0023516748106,284.30242583978924,292.0643005371094,2553000
2022-05-18,290.7076720192093,293.22714442450524,284.92258816313455,286.0466613769531,2161400
2022-05-19,284.48646643729643,284.48646643729643,275.56175070457766,277.40289306640625,3157400
2022-05-20,281.72483917115096,289.97122738154656,279.97090510233903,289.59332275390625,3129100
2022-05-23,291.2890305692553,295.4752272424863,290.0777488632723,293.2270812988281,2873600
2022-05-24,294.30278544870583,298.14014849167705,290.51389143385865,296.48309326171875,2804900
2022-05-25,297.4908495975787,300.80493005442503,295.20396345010585,297.50054931640625,3195700
2022-05-26,295.77564157064114,304.1867751751367,294.2057955390032,303.7507019042969,3284200
2022-05-27,302.9657956677011,314.04174926788124,301.6188656936333,313.4603576660156,3694300
2022-05-31,306.82245497255246,308.5957580834726,299.45785751012914,303.73126220703125,6298900
2022-06-01,303.73131220740964,304.1770555942359,296.1244571918228,301.44439697265625,2731500
2022-06-02,300.950228437843,301.0471368932264,288.9343192780153,293.0623474121094,3703300
2022-06-03,292.80073099306037,296.3376679405656,291.3859621285202,292.3065185546875,2490000
2022-06-06,305.36901109342284,305.36901109342284,293.70193577228235,293.96356201171875,3734400
2022-06-07,294.5740195024524,302.4812702512321,293.6340636891557,302.4328308105469,3652800
2022-06-08,302.7526205237365,305.7275358142759,301.18280399375584,303.77978515625,2684500
2022-06-09,301.948363792013,302.2584590617712,293.72131685876985,293.85699462890625,1963300
2022-06-10,289.9615100022048,292.31623486165756,287.67459445255946,287.8102722167969,2469800
2022-06-13,281.4340434322455,284.07949345418757,279.57353120088897,282.2577209472656,2898800
2022-06-14,280.2131119159903,282.9554410209173,278.39133927647765,281.7829284667969,2422600
2022-06-15,282.56780399910036,287.16097479289334,279.5928890138184,283.91473388671875,1970100
2022-06-16,281.21118460775716,281.21118460775716,274.3407684566207,279.14715576171875,2628600
2022-06-17,281.02704815751866,291.66692745842187,280.70725323500795,281.88946533203125,6900000
2022-06-21,283.3236472458589,290.00991649846964,281.3177575983833,288.1300048828125,2821300
2022-06-22,287.76174193155373,300.05867523142933,287.2481597105792,297.19036865234375,4535700
2022-06-23,299.9133975407353,303.48910406459873,297.674950962032,303.0336608886719,3729300
2022-06-24,309.6520062282029,315.72781346058946,309.1287538862423,315.53399658203125,5449900
2022-06-27,314.18711862261034,320.602062090791,312.02618131714684,317.1329345703125,3218900
2022-06-28,316.4061809884508,318.87721364261694,306.9485126547925,307.7818603515625,2742900
2022-06-29,308.3051593451654,314.64259445125197,307.81094687267125,312.9952392578125,2562500
2022-06-30,312.152174419953,316.9197630960621,310.09784518778315,314.1871337890625,2732900
2022-07-01,313.8480045082639,315.3209127200197,307.91757278610623,314.65228271484375,1817800
2022-07-05,312.4525745896953,317.288002216859,309.05128573037086,317.0457458496094,2107700
2022-07-06,317.8403075144049,322.43347810498125,316.62902585467015,319.9237060546875,2252500
2022-07-07,317.1135405544586,320.262872889988,316.1348155039715,317.7918701171875,2395000
2022-07-08,316.4352330971033,324.15836673156645,316.0573285680396,320.23382568359375,1898200
2022-07-11,320.36950408071704,322.375393948799,319.2260610962079,320.8152770996094,1342600
2022-07-12,319.7783502777459,321.70670116931336,313.3440080653295,313.56689453125,2058200
2022-07-13,312.0358496642513,314.62313068252166,310.89237732302996,312.4718933105469,2564200
2022-07-14,307.7043165752685,317.60775679190493,305.73719630625266,316.76470947265625,2615700
2022-07-15,321.68739212051554,324.9433035623108,318.00510709863124,321.328857421875,3340300
2022-07-18,319.89471409119506,321.68741729701276,309.80715443278467,311.8033447265625,2116300
2022-07-19,314.05147118563167,317.2395733653385,311.87116380758175,316.09613037109375,1628100
2022-07-20,316.958502792939,317.66590195475845,310.3885120072717,312.05523681640625,2051000
2022-07-21,311.49325267852873,317.88879719491365,309.80712823251395,316.7938232421875,1692100
2022-07-22,316.8228742199422,319.02255128648966,315.7375409042739,318.5671081542969,1850800
2022-07-25,318.56713591299155,321.978095056811,317.89850594635504,321.2803955078125,1741700
2022-07-26,320.7377484520924,322.26882533920144,318.43146297536924,321.29010009765625,1812300
2022-07-27,318.79002052105795,320.6214633435405,315.11740558561485,318.7512512207031,1643000
2022-07-28,320.01090654580497,323.25714722477056,311.77419147168916,320.5535583496094,2350900
2022-07-29,320.8055569355461,320.8055569355461,316.696898569779,319.4779968261719,3399900
2022-08-01,317.36546779216724,320.1950049501003,313.44089780234196,314.1095275878906,2464300
2022-08-02,317.05546132364685,318.7900252796012,309.4679749638305,310.281982421875,3405700
2022-08-03,310.6986439273907,311.03780875935445,300.6110851467373,304.1092529296875,5152200
2022-08-04,300.5917040899102,300.6401435331109,292.87824027561174,296.31829833984375,4696300
2022-08-05,293.1108590756009,295.86288808953896,291.0080606198128,291.9867858886719,2814300
2022-08-08,291.33745472542944,296.6380243756431,287.34507516351306,293.1301574707031,3218900
2022-08-09,295.63995338006333,297.200099639224,291.9673388631003,293.6340637207031,2122900
2022-08-10,295.0682565977322,297.61679832388984,293.21741439519064,295.1748352050781,2351000
2022-08-11,291.7056918889379,295.9597272529147,290.34906235078455,291.84136962890625,2198800
2022-08-12,294.49552395283064,299.91059448420725,292.92055274928174,299.5119934082031,2305100
2022-08-15,300.6105502740473,305.860364903451,298.76339712077515,305.2090148925781,2795800
2022-08-16,305.1992197966672,305.6269852378766,301.0188198662132,301.6799011230469,2248000
2022-08-17,301.38827687644203,311.68375330579244,301.38827687644203,308.0088806152344,2747200
2022-08-18,307.9408771308081,310.08940659293387,305.46180695672865,307.9117126464844,2261600
2022-08-19,308.679672611234,316.6904987572953,308.6699412292901,313.7933654785156,3393100
2022-08-22,313.3170253074337,316.7099549423106,311.47960378576914,314.1142272949219,2488000
2022-08-23,312.30592431430176,312.88924353497526,305.1408975205149,306.3367004394531,2962000
2022-08-24,307.66864449581783,311.9365386459421,306.4534082834238,310.00189208984375,1827000
2022-08-25,311.683829634843,314.3767827458574,307.0464686659447,314.1531982421875,1977900
2022-08-26,314.590580152736,315.56276898339513,306.50196196112813,306.7839050292969,1858000
2022-08-29,304.6256685314786,306.11311637229954,301.0674535719193,301.5243835449219,1697000
2022-08-30,301.51467650169656,303.29376911560706,297.49953164009844,298.5008850097656,1980300
2022-08-31,298.59811808469505,300.2313883440539,292.73579043551706,292.85247802734375,3183500
2022-09-01,292.6289046565837,300.8050181442944,292.1428101305761,300.5328063964844,2939200
2022-09-02,301.4854941116613,301.5924503215053,291.4233624455928,292.9496765136719,2525400
2022-09-06,294.5246212371778,304.1298220640558,293.82464408493075,298.2869873046875,2322200
2022-09-07,300.1827706947548,303.71182132185413,296.40097111607787,302.93408203125,2228100
2022-09-08,303.2743273452042,306.9492000565287,299.03556847940723,306.7255859375,2212500
2022-09-09,307.6492047319032,311.2657488083884,306.45340164402785,308.86444091796875,2177000
2022-09-12,310.0213461316663,311.53795850854027,306.12285897799745,306.4533996582031,2077400
2022-09-13,301.38827689265037,303.6242993950239,296.50786984503685,297.9564514160156,2272400
2022-09-14,298.6661119523503,303.1381863513204,297.3925470020727,300.9993591308594,2002900
2022-09-15,301.0965970773733,303.595129514608,297.24673758146986,300.86328125,2348100
2022-09-16,299.404981222732,303.28400497980834,298.2091783367184,300.2994079589844,4380200
2022-09-19,297.95645932650035,297.99532552022004,289.3720148812811,296.6051025390625,2515300
2022-09-20,295.3704332145948,295.3704332145948,290.62614672398365,293.33856201171875,1816800
2022-09-21,292.6289029493085,296.06072909614585,288.0790653329475,288.234619140625,2241200
2022-09-22,292.4344452048362,303.915995151889,291.6178099886998,302.2243957519531,5918300
2022-09-23,303.19654412005826,306.4144869697202,296.6342691181256,302.7979431152344,4572600
2022-09-26,300.21198460730477,303.06052124135925,296.4010199194638,298.9481506347656,3760000
2022-09-27,300.55221766560646,305.21874257763164,299.745313865341,302.447998046875,3019600
2022-09-28,324.2541998127198,332.1969970908206,318.9752206008994,325.08056640625,9436300
2022-09-29,324.68198319247136,325.37222912127305,318.16830459007775,320.8321228027344,3743100
2022-09-30,318.05163678679816,320.3460183366279,313.4532016404673,314.3573303222656,4474100
2022-10-03,316.92394424793935,320.190515350991,308.2325705242258,312.607421875,3340500
2022-10-04,313.2198553010694,320.919605491063,312.83098562192635,320.7154541015625,2622500
2022-10-05,319.1695677417371,324.5652333250482,318.41126167264196,322.55279541015625,2186100
2022-10-06,318.81963171166484,329.8248172310057,317.7793824633373,323.6903076171875,4299200
2022-10-07,323.7097042350083,323.80692904827094,315.86413353938985,317.5751953125,2601600
2022-10-10,317.15727376323656,317.9155801055394,311.33384064091024,314.8823547363281,1956200
2022-10-11,311.10046328775474,319.879328299402,310.54630846699894,318.4891052246094,2598900
2022-10-12,318.2752139753466,324.370827834427,314.8725527489456,315.5433654785156,1764700
2022-10-13,310.244929525326,324.0986219086955,310.225496427329,322.86395263671875,2657400
2022-10-14,322.3390226258744,325.9652987284501,319.10164590683365,322.17376708984375,2231400
2022-10-17,323.534688156101,328.1914507017291,322.5236035933998,323.5055236816406,2230000
2022-10-18,324.8473219490211,326.004199831656,321.18214958195034,325.7125549316406,2087100
2022-10-19,325.9262863438267,326.2957228248039,316.90437571172686,320.1320495605469,2419000
2022-10-20,321.94035277643997,322.22229586863733,316.83636098049067,319.918212890625,1761200
2022-10-21,319.91825277481274,332.90668403758013,317.682200193651,331.2928466796875,3274700
2022-10-24,334.64693012272585,341.98694589293405,334.64693012272585,338.2245788574219,3375900
2022-10-25,336.8829099133967,342.53132543395583,333.50941301366265,341.5397033691406,2513100
2022-10-26,342.6965229010615,351.4267882645451,340.69381651662246,347.9074401855469,2373500
2022-10-27,349.0060698770249,351.0768368989241,345.43815337006816,346.4200439453125,2347600
2022-10-28,350.29917108471733,351.9324415936875,347.1103921376945,349.8908386230469,2942100
2022-10-31,348.6755650603285,353.79901987479565,340.7133350932286,352.0198974609375,4258200
2022-11-01,336.21210781446433,349.00611857662625,331.27340076346746,342.7743835449219,7013000
2022-11-02,344.3104564758321,353.0504260074116,340.4702980953686,345.08819580078125,3774400
2022-11-03,344.21326187844886,352.7393493942648,341.7341916021668,351.621337890625,2602500
2022-11-04,355.04339143334016,355.70447275231436,343.51321586958414,347.47003173828125,3004600
2022-11-07,348.0436996462479,356.79340159266195,347.55760509366934,354.9170837402344,2560300
2022-11-08,354.9947842838919,358.4946703896014,351.8643347211256,356.4627990722656,3278600
2022-11-09,358.19334482506804,359.5155077247568,351.84495135812375,353.1671142578125,2323700
2022-11-10,357.02669518773126,358.7377573999871,352.9046231333206,358.4655456542969,2994000
2022-11-11,355.976658040109,357.60019673738867,334.93847796187634,342.5021057128906,6646300
2022-11-14,350.05762981023497,351.74418911665407,331.58324814995154,347.1231689453125,4717400
2022-11-15,347.9811435011843,348.0298766474817,337.6666749070114,341.1665954589844,4180700
2022-11-16,341.21529450116344,347.9226170504729,341.17629013705465,344.0717468261719,3563800
2022-11-17,344.05228934084073,353.20659356450193,343.85729725500823,351.7149963378906,2929700
2022-11-18,353.4502644004199,355.5170790366721,350.33059976851933,352.5923767089844,2420900
2022-11-21,351.3445893883468,354.6300010328509,346.4505672755281,352.1050109863281,1999200
2022-11-22,352.9140887228722,353.69399746028927,348.3320430736158,351.82220458984375,2460400
2022-11-23,352.27064622254414,353.3722888702923,349.6286734245889,352.64111328125,1993000
2022-11-25,353.79152700715764,356.64797947428036,352.4754048554223,356.0825500488281,1039100
2022-11-28,354.32776047474186,360.23565782321083,351.93924125807814,356.5895080566406,2481300
2022-11-29,355.4683524725711,356.9209452565825,351.58826602902633,354.815185546875,2207000
2022-11-30,355.9070707864156,363.0043479904757,352.71912587329666,361.7662048339844,5556400
2022-12-01,365.38314446351205,365.7730989028822,359.24125047486956,361.0350646972656,2516100
2022-12-02,356.8916893464621,365.6268223657359,355.8388095213278,365.3538513183594,1925600
2022-12-05,364.3789876242028,365.8315805153255,359.03651972181837,360.02117919921875,2296500
2022-12-06,357.7886223442756,361.3372758221433,356.3457583337777,359.28997802734375,1971000
2022-12-07,360.0503083395359,365.82170341669274,359.50436636606446,362.6337890625,1629100
2022-12-08,363.89151001691226,363.89151001691226,357.30117058331757,362.4584045410156,2090900
2022-12-09,363.6380434562073,364.61294437700144,351.75399885159777,351.9294738769531,2787200
2022-12-12,353.8207696854987,358.59777805321755,353.4015694469558,358.0323486328125,2639200
2022-12-13,352.5533850657246,363.3845187958841,349.3264657612281,349.6579284667969,5032600
2022-12-14,349.9991694752747,360.15761983960334,348.0981008856464,354.37646484375,5095500
2022-12-15,351.6077396526999,354.834659044969,347.7373821374328,350.97406005859375,3437100
2022-12-16,348.9462753051571,351.4322904746969,346.2555690267429,350.83758544921875,6612200
2022-12-19,348.8292946655649,350.671871679121,345.7095998311098,348.800048828125,2658400
2022-12-20,349.5019410787765,352.37791037463006,347.39615175480304,350.61334228515625,2276000
2022-12-21,353.5283133802776,361.3762536192541,352.1439410301559,358.7732849121094,2211200
2022-12-22,358.10058192779314,360.4793423458217,353.1968319167778,356.1410217285156,1958100
2022-12-23,355.66327358306893,358.66595458984375,353.3722510323957,358.66595458984375,1030300
2022-12-27,360.22586951008947,360.45010741955343,355.1856189488325,355.7218322753906,1372100
2022-12-28,356.97945138411154,358.77326534801387,354.80541181427367,356.05328369140625,996000
2022-12-29,358.8610456733152,361.6395193313551,357.2621938344148,357.8081359863281,1077900
2022-12-30,358.26638722301647,358.71486313954864,353.0214146691297,356.6578063964844,1388000
2023-01-03,357.0672142326937,359.7384331862429,352.387672047595,355.8290710449219,2006700
2023-01-04,355.48789754511597,357.9056328659059,351.29580559904804,353.9865417480469,1886200
2023-01-05,351.89045490036284,352.4168799100653,344.10097729409677,349.9114074707031,2008500
2023-01-06,350.9642945851858,357.4961419683882,348.6050215142095,353.83050537109375,2131300
2023-01-09,354.8639190580595,355.80957409836117,340.0356850564424,341.049560546875,2980600
2023-01-10,340.24042280103873,344.34474736454746,334.7224799957335,343.89630126953125,2465200
2023-01-11,345.4463584603546,352.6801357500443,342.1901932401715,351.364013671875,2602800
2023-01-12,350.2331261465762,351.451752194407,344.21797488377376,350.10638427734375,2019700
2023-01-13,350.5451356421621,354.19125561130403,349.63848491480036,352.5436706542969,1690900
2023-01-17,352.5436677122609,352.9141348239921,347.60091288248753,348.76104736328125,2435200
2023-01-18,347.37665521266683,349.989382178796,342.7556052558681,343.1748352050781,2302300
2023-01-19,343.52578831476904,346.86969090065685,341.6247496158129,342.2681579589844,2658300
2023-01-20,338.29059229338355,340.30864417742276,333.00661663716926,337.3839416503906,5391900
2023-01-23,337.9103460685082,337.9103460685082,331.6807455368303,333.62078857421875,3403100
2023-01-24,337.3156972357537,337.9298895372214,332.79214296892764,337.6959228515625,2242500
2023-01-25,336.8769792091787,341.0008205445447,336.4382916745311,340.95208740234375,2503300
2023-01-26,342.1901511383431,343.34052684223974,338.0273357937635,339.27520751953125,2576200
2023-01-27,337.4228815492025,339.35319572903546,332.95784924133426,333.5135498046875,2363600
2023-01-30,335.68762333137795,339.07053074043205,330.9398605739192,331.9537658691406,2647700
2023-01-31,332.12926882019275,335.75590176607926,330.8619094083215,335.5121765136719,2406700
2023-02-01,334.1862811415771,337.2572129646872,329.04853446054716,333.9718017578125,2990900
2023-02-02,325.6169417493557,326.8843011788706,309.04362435492743,322.3997802734375,13036600
2023-02-03,324.5933091798325,333.73785583129865,321.10314683861543,330.5694274902344,5670700
2023-02-06,333.3965760252549,334.8004355141419,326.22129088743105,329.18499755859375,3055700
2023-02-07,327.615402207842,332.40216870995823,324.339749797931,331.154296875,2464100
2023-02-08,330.06243057287134,334.26425087122595,329.34101346181484,332.177978515625,2399400
2023-02-09,332.33395994486096,338.63181100890625,331.9537343384131,333.21136474609375,3072800
2023-02-10,334.654191218309,339.68468298133337,334.12776620068485,336.457763671875,1980000
2023-02-13,337.77390189053176,342.0049680494346,337.31569729662505,341.6052551269531,2291600
2023-02-14,342.84738421795987,346.0554032009797,339.6589155883475,339.9327697753906,2028900
2023-02-15,338.2604098708625,339.25801546791183,327.0127746392164,327.6582946777344,3600700
2023-02-16,323.7361711582454,325.63360004772727,318.57204249199225,318.91436767578125,3654200
2023-02-17,316.05850891345995,324.31329658865735,313.46666879162194,321.19329833984375,3695600
2023-02-21,319.9707605750123,324.4404801123641,319.16874812780935,320.3228759765625,2515600
2023-02-22,321.4964869343362,325.3011356402052,319.1687109962709,321.8486022949219,2379800
2023-02-23,320.8117867129828,325.52598849102736,318.54269225637876,320.33251953125,2229500
2023-02-24,318.8459091987286,320.0489275154777,313.06560094408724,314.58160400390625,2594600
2023-02-27,315.5205944532034,316.30302662684636,308.96761306941545,309.67181396484375,3043500
2023-02-28,308.5665426262196,308.5665426262196,302.8449451211465,304.3902587890625,3966900
2023-03-01,303.1970408528719,309.95540428072377,302.414608815625,307.2755432128906,3580800
2023-03-02,304.9477611118314,309.35876863824666,303.7154023239422,308.1361999511719,2885200
2023-03-03,309.42728652303043,313.13412370118914,308.32207948682924,311.44207763671875,3002800
2023-03-06,309.98475831943523,313.2123279243469,309.554411725731,311.9604187011719,2673700
2023-03-07,311.99957941683067,313.31995978205646,302.8058673722416,303.8132629394531,2620800
2023-03-08,303.68609477829546,306.16057287516674,302.53199697612155,305.68133544921875,2313200
2023-03-09,305.456350518458,311.77457737534365,305.456350518458,309.896728515625,3920300
2023-03-10,311.8528707780162,319.36432669035815,307.44183277982205,308.1069030761719,4597300
2023-03-13,310.27815050830066,324.5186285468614,310.27815050830066,317.3690490722656,5275600
2023-03-14,316.938771323255,320.0979003216535,314.38606161284946,319.89251708984375,4214300
2023-03-15,318.8459850169594,324.08834639455273,317.37890226381387,322.2398376464844,4743500
2023-03-16,320.4498928058356,324.4207929531798,317.9069443260533,322.29840087890625,3498200
2023-03-17,324.22524106365603,327.5995428419283,320.8998599453978,321.9561462402344,8679800
2023-03-20,321.9560980690966,326.611648846816,321.78984545438726,326.27911376953125,3540900
2023-03-21,327.05181198089883,327.10070278968857,320.8802577311942,323.8144226074219,3240400
2023-03-22,324.4893413484287,328.23530922976533,323.39392437304144,323.7069091796875,2472200
2023-03-23,323.6285834568464,327.98090962811733,322.96348347485235,325.3401794433594,2703400
2023-03-24,325.6825245679382,329.53606365185436,321.5551312782149,328.7536315917969,2791900
2023-03-27,320.60638048096575,328.84161577442154,316.1660327780577,327.2571716308594,3102300
2023-03-28,328.43085717238966,331.3943626294813,327.37457090509366,330.2402648925781,2433200
2023-03-29,331.5606455439629,332.3137371499652,327.23762930380775,328.49932861328125,2743800
2023-03-30,328.6949526646788,333.8199513391057,328.6949526646788,333.21356201171875,2146900
2023-03-31,334.49481573531125,336.10860054340753,333.2135660511723,335.8836669921875,2933600
2023-04-03,335.70755694279273,343.82543058482236,334.78818294179337,343.04296875,3039600
2023-04-04,344.34380149280537,351.1217148982443,343.56133965116413,346.83782958984375,3585900
2023-04-05,350.2219368512668,356.84338859854773,350.0752345643127,354.2906494140625,3442700
2023-04-06,356.8434043734859,361.3913545573393,356.2565653518562,360.2079162597656,3531700
2023-04-10,360.10023405509986,360.2665165156831,355.07304755561,358.9461364746094,1868000
2023-04-11,359.68957488206433,360.70673075711545,355.61107173532423,356.05120849609375,2027000
2023-04-12,356.03158671049084,364.26682332187187,355.3567263416588,360.9512023925781,2672600
2023-04-13,364.4428802324935,367.3183645641909,362.183575378713,366.9173583984375,2839900
2023-04-14,366.02729403224316,368.05187504785346,364.3352779831068,366.5065612792969,2287900
2023-04-17,366.77058092403473,367.6508243486791,363.01485375711655,364.1787414550781,2059700
2023-04-18,364.8145450153454,366.0469039680569,361.54784462832,361.7923583984375,1925300
2023-04-19,362.41825812020625,363.13224899536306,359.2885001169322,362.34002685546875,2173000
2023-04-20,363.23984657759485,367.8073465342399,361.6456122142558,366.58477783203125,2766500
2023-04-21,369.7145403669108,377.79325350211406,369.7047502666446,376.7858581542969,3682500
2023-04-24,376.7859169662391,378.55619421447204,373.25515257156746,374.9374084472656,2059700
2023-04-25,376.60006703115255,381.9109283827425,375.5731212169729,376.3946838378906,2648600
2023-04-26,372.75636013597784,373.12802585482194,362.54546236171456,368.0127868652344,3161200
2023-04-27,382.67387778621577,389.7843281718596,372.4140586914598,381.7838439941406,4981300
2023-04-28,389.2658729803863,395.43739737272324,383.8963608164723,387.1728210449219,5350100
2023-05-01,388.542151906222,398.41072360605875,383.6518767419102,396.9045104980469,4091100
2023-05-02,398.06837598319527,402.5087539400181,390.4982400059878,395.329833984375,3884600
2023-05-03,405.92216663485783,424.67149417236743,405.21796583889807,421.7275390625,10129800
2023-05-04,421.9818273154937,423.2043960238503,415.8885341278119,419.0378723144531,4070700
2023-05-05,418.7053667298507,421.8057844780425,415.24304354625815,418.4217224121094,2753400
2023-05-08,416.847120650405,425.45399410932885,413.7173322028646,423.2240295410156,2478600
2023-05-09,422.2948085522083,426.0407760229952,418.6564426553579,418.9792175292969,2601600
2023-05-10,416.7100918678835,428.76952618155605,416.7100918678835,426.3537292480469,2766300
2023-05-11,427.11663895736876,427.26334124072054,421.65907523371845,425.9918518066406,2595900
2023-05-12,431.62052232878295,436.89615050565277,425.99189282471536,426.0016784667969,3939200
2023-05-15,426.92344005089313,427.54122229320586,422.3146420778095,426.08013916015625,2234800
2023-05-16,425.77613903962794,429.9731019694089,422.30480986401875,428.1785888671875,2128800
2023-05-17,430.28684958008307,430.43396337744605,424.3346361119599,428.982666015625,2274200
2023-05-18,428.0412389336397,430.99282129755915,425.1778769548814,429.39447021484375,2268100
2023-05-19,430.48305521806566,438.82796411064385,430.48305521806566,433.7974853515625,3442800
2023-05-22,435.68994899961825,446.1235369562376,424.00122541757145,425.5701599121094,4398000
2023-05-23,424.520936016612,427.43331626949174,413.3322977362055,414.9992980957031,4492100
2023-05-24,415.77402441334635,420.6377876405483,412.10659330246733,417.5096740722656,3133000
2023-05-25,418.1078254611892,419.8925229046391,411.65546698887255,419.019775390625,2882200
2023-05-26,416.6565188627604,423.29519340039934,415.45040121686696,417.5292663574219,2338400
2023-05-30,415.5680924867726,420.41225433594843,413.8716453052121,418.9511413574219,2595700
2023-05-31,418.7157865190696,422.20671667774064,415.78380499056686,421.1280517578125,3950900
2023-06-01,421.92234022490817,428.315865149208,419.8238738303401,428.02166748046875,2914400
2023-06-02,431.42436751176984,436.07242755045826,428.3060695858525,433.7483825683594,2499000
2023-06-05,434.4054266965399,439.1122906815123,433.1404454044429,435.6409912109375,2113800
2023-06-06,439.1416606833719,440.1614920775079,431.4831844744312,434.4740295410156,1495300
2023-06-07,431.65973350822765,438.02381205742074,427.227406447333,427.9040222167969,2458300
2023-06-08,427.42350619635033,438.7886452622635,423.95217728177363,437.0137634277344,2040300
2023-06-09,440.5831769045501,440.5831769045501,434.0131806923495,437.3864440917969,2082000
2023-06-12,437.49426235919685,438.31796197425314,430.1691862220624,436.6705627441406,2566600
2023-06-13,435.0624156521214,438.72003114101204,433.669951763576,437.0726318359375,1766300
2023-06-14,435.6703355903967,440.0732154989823,434.93488634461477,439.0337829589844,2163300
2023-06-15,439.30837632336625,447.7219030419785,439.004393010576,445.1233215332031,2287100
2023-06-16,446.95706050984643,448.1141901982239,438.8180999008831,439.0240173339844,4295700
2023-06-20,437.209948223277,446.054972225871,436.47449881776714,443.18182373046875,2506300
2023-06-21,445.68226330485567,446.50596290670137,441.47548504765444,444.21136474609375,2347500
2023-06-22,446.1725693456764,453.2917280502997,445.01546964466013,448.8005676269531,2912500
2023-06-23,448.1337811115983,451.0853939287807,443.54458458343106,449.9380798339844,4832100
2023-06-26,456.23356341398,456.23356341398,440.2105771290366,443.97607421875,3214700
2023-06-27,453.5270526668356,458.9007461397248,442.9365950828725,455.4882507324219,4138700
2023-06-28,459.4205175571055,459.4401187669306,448.4476106694428,449.80084228515625,2854700
2023-06-29,450.15383895764955,456.7924843643788,448.6339222603701,455.4784851074219,2112400
2023-06-30,455.6353975346679,460.7541263898681,454.99801406041837,459.88140869140625,3173200
2023-07-03,457.2141441298291,457.2141441298291,448.4966038011396,452.4680480957031,2113200
2023-07-05,453.13490639635927,458.1849864037214,451.0756420453972,456.6650695800781,2130200
2023-07-06,454.1350162802548,458.5281106913415,452.66411774077795,454.2232666015625,2191700
2023-07-07,453.3603755451056,454.6155412149374,442.4855349538301,443.3092346191406,2914700
2023-07-10,444.17221535330367,445.8490615698042,440.9852678808327,444.36834716796875,2011400
2023-07-11,441.2696212206031,441.81875435519225,429.119983285417,430.865478515625,3570900
2023-07-12,429.96326018479675,435.68013939310356,426.5703959019604,432.05194091796875,3107800
2023-07-13,431.6891609053423,433.66014478507026,425.9134177305247,426.2664489746094,2865100
2023-07-14,432.5422873279001,441.71089528660275,432.316738752157,440.7400817871094,2955000
2023-07-17,440.7302693760089,441.8775535436662,434.66035866437574,438.465087890625,2347900
2023-07-18,438.27874323439215,444.5251541933809,436.4057955182287,442.4462890625,2237000
2023-07-19,442.64240053008785,446.17256305806643,439.8575028484347,444.760498046875,2212800
2023-07-20,446.31966498274795,456.19430489396217,446.17258110594673,454.82147216796875,2624200
2023-07-21,456.38066422620665,457.9790456646297,453.00740068052545,453.0760498046875,2226700
2023-07-24,453.0367813483199,456.60617641409664,448.7908004392708,450.4087829589844,2190700
2023-07-25,448.87906308170614,451.9777598942754,447.74156451059764,448.663330078125,1737800
2023-07-26,446.172595848401,446.172595848401,437.8963369511503,444.7899475097656,1959800
2023-07-27,444.5252274071772,449.7812246471101,443.4759791025783,446.1628112792969,1883500
2023-07-28,446.3001003551987,450.65396301843305,443.0150871850068,449.5851135253906,1437600
2023-07-31,450.11466419227554,450.11466419227554,442.0541370307739,445.73138427734375,2110200
2023-08-01,446.5158156890171,448.49661514006067,442.6914851025911,444.2996520996094,1738200
2023-08-02,446.39813853310613,452.6837823476611,442.56399246562364,445.6626892089844,2366600
2023-08-03,442.03442744938894,445.29002339566637,439.5633286786944,440.44586181640625,2414100
2023-08-04,440.52435094582563,443.6916969618331,438.21996689222976,440.7695007324219,1870400
2023-08-07,444.45653219208737,446.1725805789294,441.83831948608156,445.2704162597656,2446400
2023-08-08,496.18311706183107,527.5622865202868,492.9569378227414,511.4804382324219,15094500
2023-08-09,510.2743940475607,522.1985136756348,506.86192802982106,516.0206909179688,5376600
2023-08-10,513.3141151321454,518.4818908667861,509.9016498619902,511.2254943847656,4108500
2023-08-11,513.5593552679787,521.4924286820348,509.91155517865275,518.0309448242188,2524300
2023-08-14,522.0895141343756,532.9188404025226,520.094601939602,528.6932373046875,3981100
2023-08-15,528.4278354558074,537.8224554330063,524.5462141519505,537.1640625,2826800
2023-08-16,537.9306774648022,543.3060244045366,533.1154174445417,536.7907104492188,2597100
2023-08-17,533.8131091479139,539.3063749454323,528.0937813017107,528.3590698242188,2549900
2023-08-18,525.7745993820564,538.2942018245823,524.6641423384746,536.9773559570312,2958600
2023-08-21,537.527605336213,543.9249983827153,536.3090657043666,540.53466796875,2305400
2023-08-22,540.0238961081129,546.4801911294791,537.8128180933265,544.0823974609375,1936600
2023-08-23,547.0893983490398,547.7576879652573,538.7266612892336,543.7875366210938,2121300
2023-08-24,543.1389713598157,547.344901353991,537.8323608282545,538.520263671875,1776700
2023-08-25,540.1219714002705,546.4800182682156,537.616095772031,544.0724487304688,1847600
2023-08-28,540.61347426782,546.6079282426856,540.6036376580677,544.337890625,1373700
2023-08-29,543.8759487681164,546.7257460385254,540.348025344039,544.3181762695312,1701200
2023-08-30,545.408895200238,548.1014863612893,537.5767369893933,538.5103149414062,2191100
2023-08-31,537.5572494308292,547.7674696908764,533.6067712678386,544.613037109375,3043400
2023-09-01,546.6964048359142,549.5364260420959,543.9350165294434,547.4727172851562,2030800
2023-09-05,549.5559842586312,552.2092895494197,547.0796179693078,548.5339965820312,2257200
2023-09-06,551.3149861360781,551.8751329563497,543.1389058485399,550.2634887695312,2424300
2023-09-07,554.4301846081211,566.3405181858055,552.8873365483611,563.3137817382812,3707100
2023-09-08,562.4293692768547,577.3860520776225,561.3385254096663,576.31494140625,4308300
2023-09-11,576.9930168624534,587.8125063784994,574.3691615493269,585.2575073242188,3876500
2023-09-12,580.7467623636743,590.7310377885957,577.6807401413585,588.9326782226562,3212100
2023-09-13,584.3729898411842,590.3576657273455,581.4642330709693,588.52001953125,3126600
2023-09-14,588.8737459560643,591.428804579718,579.8034347914036,581.375732421875,3244800
2023-09-15,581.758958939473,583.7833204852591,565.1120025463233,565.7015991210938,5941200
2023-09-18,568.0013064309136,568.0013064309136,554.6463704303299,561.3975830078125,2723600
2023-09-19,561.7316068636833,568.4041258456111,560.7587423559944,565.0138549804688,2185100
2023-09-20,563.5005906515106,565.2989509140808,559.3437831393483,559.7860107421875,1869900
2023-09-21,557.3783459292557,558.1743315733474,533.1154487298257,540.6134643554688,4049900
2023-09-22,539.3162425062029,545.8806793165703,538.1566622891547,541.0162963867188,2353800
2023-09-25,540.583904926829,543.099617594065,536.309178708058,542.7360229492188,1686500
2023-09-26,541.1734884973113,544.5441459527807,538.5201836259195,540.4954223632812,1864300
2023-09-27,540.3775117982435,542.1463617480895,534.2650798854957,540.249755859375,2004200
2023-09-28,541.7827678474488,542.1365258420128,532.0343899060271,535.0316162109375,2178800
2023-09-29,536.0536237955723,536.64328045455,522.9935475168853,527.8382568359375,2967700
2023-10-02,526.7375613360875,531.2874716670779,517.696700333673,528.9780883789062,2810100
2023-10-03,526.7277939426916,528.0446398184472,507.6339186097869,516.1047973632812,3266100
2023-10-04,516.4683364801838,526.8947797217847,514.5717307428558,522.2662963867188,2220400
2023-10-05,524.3103870278428,533.1154115465877,522.4137808718409,532.113037109375,2950700
2023-10-06,534.5894319179696,556.5626154966202,533.3217690120424,555.4423217773438,4745200
2023-10-09,554.263164801128,569.7603223525421,553.8307738624221,561.8692626953125,4208100
2023-10-10,560.1396293387235,575.8137239450298,559.8742808472347,569.28857421875,3526700
2023-10-11,585.8863837560926,598.2585565086056,574.8899564994948,594.809326171875,5850600
2023-10-12,594.9862944230035,602.3958399317286,591.7826788912754,599.9390869140625,4063500
2023-10-13,607.2011736522056,619.072159297194,592.1363495760992,598.6614990234375,3963800
2023-10-16,600.4204935018856,611.2203682389057,597.9047812609947,605.9727783203125,2941500
2023-10-17,608.2920038235895,609.6678094071631,592.106944886724,597.7869262695312,2911700
2023-10-18,596.7354736328125,605.2260264889243,592.8046687897224,596.7354736328125,2049100
2023-10-19,594.5341399657653,594.5341399657653,568.3353561558574,580.5797729492188,3493700
2023-10-20,579.7936921153112,586.5939674387931,570.8314622151963,574.5264282226562,3666900
2023-10-23,575.9218126771718,578.162400007963,566.1734344170219,566.6746215820312,2781900
2023-10-24,569.9666126574776,584.2354511884207,569.0919943223304,582.1815795898438,2633000
2023-10-25,586.6136303253523,589.3258951119724,575.7351213334447,576.31494140625,2283300
2023-10-26,569.9666901238215,570.9493913136902,556.3660792651382,558.2725219726562,2846500
2023-10-27,553.2705118492697,560.9355678230177,547.0107111390997,550.53857421875,2717400
2023-10-30,561.3286838566089,563.2940859408303,552.8184592435156,555.923828125,2290900
2023-10-31,559.1273976799913,559.7563407583328,538.1369172696756,544.3475952148438,3661400
2023-11-01,545.399167330176,548.7698252568782,541.7238744299037,544.8685302734375,2935900
2023-11-02,568.3255920171055,587.1049972311318,562.0952401253431,570.2516479492188,5181300
2023-11-03,568.4237682763915,572.914719328681,557.3683813253664,557.9874877929688,3056500
2023-11-06,561.2206229528274,587.370347078863,561.1322134345668,584.8939208984375,3978500
2023-11-07,586.6725727784196,591.5271187446366,579.921420834742,589.5518798828125,3168200
2023-11-08,597.1481858319818,615.0431963074303,581.9359904231031,608.4197998046875,7776400
2023-11-09,604.1253998972709,605.0000183611601,573.3373544770651,581.0908813476562,6279800
2023-11-10,584.7070979418621,588.5003094259129,575.8627888973633,587.3702392578125,3645900
2023-11-13,584.0684604525294,608.0463948008501,568.1487482812026,602.1109008789062,5744800
2023-11-14,598.8027691372848,606.5016975940448,593.3387130076153,601.362548828125,3827600
2023-11-15,601.4216851252239,603.4202231735396,575.371346472712,579.4275512695312,4287000
2023-11-16,582.3416985967357,585.8761404175667,572.7426596088774,579.63427734375,3030500
2023-11-17,583.2770558488219,586.9492846974321,578.1181968504111,582.5485229492188,2628200
2023-11-20,582.2826922238686,595.4948925252817,581.5443045305012,588.3472900390625,2827200
2023-11-21,589.174226034532,592.2459135903458,582.6075159170217,583.4246215820312,1851600
2023-11-22,586.1813574883643,589.9027999406009,577.6652626858278,585.8761596679688,2052200
2023-11-24,589.0955848571115,594.1560167202421,587.7369465733892,591.7931518554688,1341700
2023-11-27,591.8620355812279,594.3430375139093,581.9873618600633,582.371337890625,2630700
2023-11-28,582.8340163507371,586.1616883458971,580.2348772615925,582.440185546875,1793900
2023-11-29,583.030868112788,585.3346038025031,575.3910080368744,582.6961059570312,1908600
2023-11-30,582.3023953490833,586.9985001656477,577.1336815526942,581.8888549804688,5658400
2023-12-01,582.5386868473801,592.6496349847248,573.9733774303053,574.9972534179688,3638600
2023-12-04,573.1167936376356,578.0000188029718,565.4375742934639,576.61181640625,2577100
2023-12-05,574.2491081593957,582.6371521900387,570.3996130150738,579.043701171875,2157300
2023-12-06,581.5933851107329,584.7044915298208,575.3515828899979,580.12646484375,2093100
2023-12-07,579.1715979469268,579.7524292345244,568.6667599544544,579.1617431640625,2095000
2023-12-08,579.8804178333902,589.0364124127317,575.7159308356893,588.790283203125,2446800
2023-12-11,589.3908863089237,591.8817430165136,558.6247318583283,574.9972534179688,5614100
2023-12-12,572.9887179527859,576.7790832021602,569.2180021760731,575.7059936523438,2846100
2023-12-13,574.2293890477723,589.400769419937,573.2940858894935,588.2489013671875,3112500
2023-12-14,585.2952209110556,585.2952209110556,559.8848454312055,564.7877197265625,5275900
2023-12-15,563.24205200438,564.8271697624239,552.953899246876,563.1829833984375,5317000
2023-12-18,567.5443486625815,574.0224857785341,566.7863116175126,570.783447265625,3033900
2023-12-19,571.2659535283933,576.050691427565,568.3124027130806,570.832763671875,2192700
2023-12-20,567.5541654411135,570.881836679396,561.2040808267044,561.3812866210938,2647100
2023-12-21,562.562785336878,566.0972275100388,558.2408017379629,563.1436767578125,1786500
2023-12-22,564.1479392504197,566.983352960745,558.6346081069436,561.5586547851562,2226100
2023-12-26,560.682360596531,563.9017500082572,558.8511736297373,561.834228515625,1678700
2023-12-27,561.6668684518224,574.6427934516893,561.6668684518224,572.5064086914062,2163400
2023-12-28,572.9691373437531,577.6062336651237,571.0198130727989,571.8566284179688,1973500
2023-12-29,573.8257299170319,577.0943336846387,570.4980575309206,573.8946533203125,2000100
2024-01-02,571.4234516252475,583.5428527725437,570.0845230063278,583.0309448242188,3226700
2024-01-03,590.7100877564388,610.2429277645789,589.5286555628984,608.1360473632812,5130300
2024-01-04,615.5790064725767,626.5563331395509,603.7746592237272,604.985595703125,6272500
2024-01-05,604.4933000457949,610.3413320947944,600.7422935354354,608.9728393554688,2404000
2024-01-08,612.7928612259269,616.3666624639426,600.1516975839768,616.337158203125,2453900
2024-01-09,620.3538496948313,624.5971145847809,614.0627730908748,615.7955322265625,2918900
2024-01-10,618.758987553916,627.1864494150735,616.0712757730875,620.4326782226562,2679100
2024-01-11,624.5675891256635,629.8544392123835,618.4143595005114,625.876953125,2690300
2024-01-12,628.3186853378171,634.0288712283672,623.2090403229145,632.965576171875,2067800
2024-01-16,633.940103031012,637.7009639241401,623.8586619368248,624.7447509765625,2413600
2024-01-17,629.5492696796423,630.6027098495608,615.5100507224188,619.1724243164062,2124100
2024-01-18,611.660650386509,614.2203701310553,603.2134790852833,613.6985473632812,3385000
2024-01-19,612.7534941721456,619.842027943743,610.4004843350904,618.84765625,3125000
2024-01-22,620.2456198704028,622.8447587943506,615.3230355857171,621.1119995117188,2030200
2024-01-23,617.9714239834419,620.2456556505549,605.300696110935,619.9306030273438,2525000
2024-01-24,623.711099851593,633.2116508792284,622.2146150927794,623.8883056640625,2276900
2024-01-25,617.656336605729,622.8151953289762,615.0079838532052,617.9024658203125,2407900
2024-01-26,627.4818108798146,629.6969738649259,620.7378942723101,629.3524169921875,2410300
2024-01-29,631.567497028676,635.653265589545,629.8643022748851,635.0133056640625,2718500
2024-01-30,635.7026579221317,636.7856026184464,631.0754158657722,634.9937744140625,2006100
2024-01-31,640.3100560755712,653.2761258077363,627.1372161781503,635.6138916015625,4719000
2024-02-01,637.3072610171572,650.2930396877229,633.2116375811959,650.2044067382812,2494300
2024-02-02,652.1242602021007,662.2057028888405,649.5251213590742,657.3126831054688,3019200
2024-02-05,680.320909329181,700.8579181015102,671.9623701939994,695.265869140625,7602400
2024-02-06,730.5115122118788,730.5115122118788,680.399579858323,694.1139526367188,8187300
2024-02-07,699.381111431854,729.5171589401451,696.0731491110984,714.1488647460938,5798000
2024-02-08,717.0433983190884,729.5270661401975,714.5131825253014,724.2894287109375,4636900
2024-02-09,724.1121898300959,734.154274365143,722.2514384420728,728.7000122070312,2833900
2024-02-12,729.3300163909792,729.3300163909792,715.2022246769399,725.8448486328125,2932300
2024-02-13,718.8744822074119,731.4762854466543,718.8744822074119,731.4664306640625,2860300
2024-02-14,735.5595000459768,753.5386842831363,734.7507738499603,746.8914184570312,3394300
2024-02-15,745.4020573472565,752.4931432148367,739.6917350354233,747.3548583984375,2507000
2024-02-16,760.4225581418184,783.5400237781301,752.9961234722969,771.30078125,5009400
2024-02-20,779.1315708044103,782.4650752520968,742.8378590389434,745.2639770507812,4701100
2024-02-21,727.9258967258278,739.1887694604749,723.15245643837,735.6481323242188,3541800
2024-02-22,753.0751301532804,764.4563479175024,745.8656992624109,759.0517578125,3167400
2024-02-23,763.3517887606446,766.9515984059865,751.7733100197626,758.953125,2394800
2024-02-26,760.6888884211446,769.4861553627379,758.538886824423,761.3003540039062,2243800
2024-02-27,744.5145597961214,762.3162266147682,735.1846831676228,754.4755859375,2716700
2024-02-28,751.7634218492386,752.5031037992378,741.3190862292419,747.2168579101562,2716300
2024-02-29,742.7196188304873,746.0531237452888,733.7941350419401,743.3113403320312,3905400
2024-03-01,758.4402925909861,773.2931035252471,753.6175518995334,771.3600463867188,4247500
2024-03-04,785.4830527572757,789.763372094617,775.3444500128239,781.3803100585938,3855600
2024-03-05,774.5060972096471,777.6818293692537,758.6966611966388,766.892333984375,3168700
2024-03-06,773.5001950988661,777.0112163834295,763.3517803100749,769.0424194335938,2518600
2024-03-07,761.2215164758298,782.08051139255,750.6489644798817,769.427001953125,3977400
2024-03-08,769.2691846224147,769.2691846224147,744.613121012722,751.6549072265625,4054900
2024-03-11,741.8614995901805,746.3883189984023,717.6097698005128,724.2669067382812,3968900
2024-03-12,730.7662588997342,745.5697081476968,727.8568315078198,744.5637817382812,2701700
2024-03-13,746.5855313245306,750.303684607017,735.4508757839934,747.4140014648438,2357500
2024-03-14,754.4261957511228,757.4342232705917,739.0901372539425,750.2642211914062,2647500
2024-03-15,744.9878697327108,750.4220755774052,737.4234065589602,743.7944946289062,3730100
2024-03-18,751.7929468115142,759.0911050487919,747.8183607218996,752.1676635742188,2521400
2024-03-19,748.005814678161,763.2037861446438,744.613137840974,762.1485595703125,2557100
2024-03-20,759.5151891110166,762.5232166647763,746.2305316718154,762.2273559570312,2038000
2024-03-21,763.3516842393863,769.8016884280961,748.4397026652307,759.6631469726562,3013200
2024-03-22,759.4068292908561,766.3105277389548,756.7242782162792,760.0084228515625,1981000
2024-03-25,760.4915668162284,767.7799133299403,757.5821996008737,762.5035400390625,1806600
2024-03-26,763.5489980552774,767.6221846227191,758.420524730619,764.2393798828125,2099000
2024-03-27,767.996980624936,774.4568574804914,756.8228353463301,767.4742431640625,2297700
2024-03-28,769.5847198958916,782.7510325951531,765.7580943539256,767.2572021484375,3209400
2024-04-01,765.3242520916108,766.8036159809631,743.4493986045106,750.0867919921875,2921300
2024-04-02,744.6821793043072,754.5446049347898,743.1337712568651,753.4498901367188,2596800
2024-04-03,755.1561052620358,776.4194934921212,754.879928437847,765.3143920898438,3044900
2024-04-04,770.7879695977458,777.0605178726786,757.2567509032208,757.51318359375,2354000
2024-04-05,754.9390293462179,775.8868709368618,752.5918275394667,773.4212646484375,2113400
2024-04-08,774.2201928895112,774.3977093358374,762.7106982911899,766.5964965820312,1664200
2024-04-09,766.9416995053735,767.1192159475086,740.3230217237999,746.8223266601562,2464100
2024-04-10,740.9442631275944,754.7319134350977,736.5554721481064,751.4970092773438,1700300
2024-04-11,749.3274031431596,752.8285522014692,740.3426876488722,749.1400146484375,1594800
2024-04-12,749.1202120944774,752.9961378398635,739.4747316904073,741.29931640625,2495000
2024-04-15,749.613327182391,757.4342228064025,739.2084810826718,740.4412841796875,2358600
2024-04-16,741.338776336726,742.7787120981938,732.7781984158355,736.4667358398438,2569800
2024-04-17,748.7553010425053,761.2115483503883,734.6323015396385,740.4412841796875,3069400
2024-04-18,739.109916050372,741.8516993856013,733.5376814504151,735.6876831054688,1717300
2024-04-19,738.8534278067036,739.6917700750714,712.1361513597373,716.3178100585938,3505500
2024-04-22,719.7005857462848,727.728614069883,715.4400109617374,721.2687377929688,2354100
2024-04-23,731.0031152727255,735.8948406332626,721.3773767051831,735.4313354492188,2042000
2024-04-24,742.2856318518518,742.2856318518518,718.7637101383912,722.1268310546875,2133400
2024-04-25,715.0257382999881,717.9745934377037,708.4179021966069,714.8975219726562,2608800
2024-04-26,713.5267208139437,727.3045601529454,711.080858621042,723.4187622070312,2009200
2024-04-29,725.6280415638478,730.3916104957177,719.5724971472403,727.05810546875,2665600
2024-04-30,764.337888088197,784.555858031175,757.0988421201716,770.3539428710938,7437100
2024-05-01,764.1014125150118,771.8433937192788,757.6809628342063,766.0640258789062,2802100
2024-05-02,766.6457893221333,766.6457893221333,743.9128510103934,745.5105590820312,3205600
2024-05-03,732.7781989790851,734.7506840369023,720.2923950491077,724.858642578125,4595100
2024-05-06,727.886385884274,756.4381180180865,725.8744728743915,756.1323852539062,3398300
2024-05-07,758.3218583361581,768.3716715010175,751.6252334479304,767.06982421875,2879400
2024-05-08,768.3815832649316,770.6006291082405,761.5765454627333,764.3380126953125,2089800
2024-05-09,766.3103972565624,773.2140945291441,758.617718049064,760.9353637695312,2522100
2024-05-10,763.3714508485638,766.7246392828364,749.5443115234375,749.5443115234375,2082300
2024-05-13,752.9961342924855,753.045434377446,740.2045982069061,747.2759399414062,1848900
2024-05-14,741.1810001455818,753.9824088315393,741.1810001455818,753.4695434570312,1956200
2024-05-15,754.9217585848941,778.1477891715648,753.8843906825166,777.5155639648438,3038300
2024-05-16,775.2335871230925,776.9821709764456,760.8395323435074,761.8076782226562,2299700
2024-05-17,763.556285550068,765.5123549823637,757.8361693162423,760.701171875,1670300
2024-05-20,757.6386202794482,774.8581211034955,756.8680109412709,773.7219848632812,2188800
2024-05-21,782.889957887771,806.7482766527212,781.8328723998344,793.4705810546875,4334500
2024-05-22,791.326715711595,795.1598636777136,785.6461556425043,793.213623046875,1767500
2024-05-23,800.218159251588,810.7000147425924,792.4728112778025,798.6868896484375,3025800
2024-05-24,798.242261866471,800.3366550564334,794.4387801587366,797.6791381835938,1778100
2024-05-28,799.2301902435921,799.2301902435921,778.7307755989018,798.1039428710938,2483500
2024-05-29,793.3026579657746,805.7603602027659,792.4036740128056,801.7296752929688,2380000
2024-05-30,802.9743741883493,810.0874359292445,796.3750519975954,805.2169799804688,1984600
2024-05-31,808.9119085299541,816.2324568688956,801.3048840270807,810.433349609375,4472100
2024-06-03,813.8811094609106,828.1566174210675,808.6154598335135,821.2213745117188,2537200
2024-06-04,823.9282851048903,825.3805038585837,815.3432265807834,822.5353393554688,1748300
2024-06-05,820.4606497808959,828.3245432374716,807.7460780453057,821.71533203125,2169000
2024-06-06,824.7977193509922,836.7416827676569,821.8339483376951,827.1785888671875,2109000
2024-06-07,827.6428725375633,846.462804779482,826.9019298485266,839.7251586914062,2468800
2024-06-10,843.6670171874107,861.103893684824,839.1324814123569,854.553955078125,3417500
2024-06-11,871.4868095957437,871.4868095957437,841.9379853396036,855.3638916015625,4109100
2024-06-12,861.4694251020226,861.4694251020226,843.538586687378,856.826171875,2594600
2024-06-13,858.5353618428519,874.3717473968001,851.0962674397385,872.6626586914062,2243400
2024-06-14,871.6746400611163,873.9270744965211,865.4210668385152,867.8414916992188,2023300
2024-06-17,867.3969116146451,881.4254386457034,866.2706642510344,874.322265625,2532200
2024-06-18,876.2881752655011,884.0631286596258,873.3244046614465,880.6943359375,2437000
2024-06-20,882.2157592349439,894.5154198975536,859.6219517254153,875.2904052734375,3360000
2024-06-21,874.9644053028652,881.1982009227747,869.1751873708309,873.2059326171875,3445900
2024-06-24,879.2322218470762,892.6680189189022,872.2772614450727,879.3606567382812,2878200
2024-06-25,881.0006417094631,898.437456944784,880.7338830440054,893.685546875,2830100
2024-06-26,893.082877406062,895.4044735986761,886.9972949495775,890.3759765625,2232100
2024-06-27,892.6186035508388,898.5856401488818,888.8545568992331,898.06201171875,1948100
2024-06-28,900.3046688747501,904.4835664787125,894.4462890625,894.4462890625,3375400
2024-07-01,900.758998788657,905.7578891196805,893.3890680176431,903.3275756835938,2546100
2024-07-02,891.8084378648613,900.9862254053825,867.890788397619,895.7601318359375,4584600
2024-07-03,899.9984507087241,907.4078781294875,873.324511993976,887.2542114257812,3078400
2024-07-05,887.5801676297494,905.392458577459,886.0686759194604,903.5252685546875,2880900
2024-07-08,906.8052222683199,917.3957344876736,900.9863376991422,906.9138793945312,2364600
2024-07-09,917.8303601959316,923.7085173660564,909.6602734567812,921.2387084960938,2416000
2024-07-10,925.2595907818006,934.2694489707995,921.73269637982,928.4308471679688,2683300
2024-07-11,922.8096246663964,931.4934518040712,907.5264145136887,922.8590087890625,2855100
2024-07-12,925.6843034494902,939.3077465709688,924.7260466141768,936.9466552734375,2315100
2024-07-15,944.6526056940835,954.4330136451084,936.6405593683241,938.98193359375,2358700
2024-07-16,944.2079016545739,944.8401871771786,927.0476749830074,930.228759765625,2111800
2024-07-17,899.0203529290693,913.8293178484573,891.7393609177332,894.6537475585938,4200600
2024-07-18,896.07631551078,898.8819845914552,826.5560806756,838.6483154296875,7649600
2024-07-19,857.1817508677251,869.5802400926921,842.6988176488961,847.1148071289062,3782200
2024-07-22,854.3562923012666,863.8601122322218,846.4726814985917,855.5121459960938,2904500
2024-07-23,859.4935455784517,876.9995231039405,853.6450546575161,867.6834106445312,2087700
2024-07-24,861.9633801486257,867.732880765816,843.9535513980387,849.4957885742188,2726100
2024-07-25,836.7713167989867,841.3355191576808,796.6418636672543,811.2730102539062,5468000
2024-07-26,802.065460632374,812.0830195626608,791.6231018256991,794.9030151367188,4173900
2024-07-29,804.1797677443388,814.8098362329789,794.290642018776,798.0348510742188,2473700
2024-07-30,805.3354741561219,811.9743514530594,766.4409306564083,780.6670532226562,3848600
2024-07-31,790.5068499042234,801.3444036965302,782.5244702291878,794.557373046875,2961700
2024-08-01,823.5527663961622,830.7349893895938,810.2750724159029,822.3870239257812,4060700
2024-08-02,806.8075649481149,810.2850753819592,777.5156658271355,794.7450561523438,3515900
2024-08-05,748.846073409721,783.3641256962292,738.5222599422817,765.8976440429688,4661800
2024-08-06,779.6100068434885,796.5331421249606,775.5199888638041,783.6011962890625,3437600
2024-08-07,768.9008901799546,777.0809261518641,753.805449626662,762.8153076171875,4407700
2024-08-08,864.4330750892501,867.1795314023196,815.2739913656269,835.1016235351562,9434900
2024-08-09,849.6142706504802,897.5186749374889,849.6142706504802,880.9116821289062,6587600
2024-08-12,893.2904322760128,893.7942226685204,872.336550726234,873.6998901367188,4206100
2024-08-13,883.2827210652331,903.6438113418021,879.5780076831178,897.083984375,3506800
2024-08-14,899.0104735485169,923.0960556746844,892.8754463019407,920.4286499023438,3562900
2024-08-15,925.988551535094,927.9276091285094,910.1596874062889,921.6158447265625,3080000
2024-08-16,918.4599745771803,926.2853428153161,909.5562383878969,912.2570190429688,2364900
2024-08-19,912.2569992073709,916.0955035560969,906.697115560651,911.9503173828125,2374600
2024-08-20,922.1302844544289,956.6570200872405,920.5573248228873,939.8091430664062,4961500
2024-08-21,945.3987648247003,946.2693572500384,929.1247005508867,941.7877807617188,2617000
2024-08-22,941.7976551023589,962.1279017416184,937.9987613446742,943.9642333984375,3183700
2024-08-23,945.2205712260035,950.2264468126597,933.0224365790264,942.5494384765625,2063300
2024-08-26,939.0473679539294,944.7853190718275,932.6861504860577,940.3631591796875,2166000
2024-08-27,942.3120714020796,962.0783462389098,939.7893582480193,944.2708740234375,2912900
2024-08-28,943.9443954552523,948.0895814535843,933.1708608634247,938.7901000976562,1701800
2024-08-29,944.7852405802378,947.2783057730115,925.9884661603168,930.1435546875,1762800
2024-08-30,934.8922825070279,950.7211465494748,930.450317196288,949.7516479492188,2555100
2024-09-03,947.5256774501839,959.2786133796335,941.4018834943215,946.2989501953125,2529400
2024-09-04,939.5915017327726,943.7960438568729,927.9770820911358,936.1882934570312,1891700
2024-09-05,931.0932813386448,932.9136271794115,896.4775457028835,902.9871826171875,3201100
2024-09-06,907.9436394364503,917.9751963858454,883.448462985229,893.0546264648438,3440000
2024-09-09,902.8091709633902,905.6385659506113,886.3372349835356,898.55517578125,2405900
2024-09-10,904.3326644331837,905.3219684326202,885.4270794957091,891.6102294921875,1930400
2024-09-11,892.5005543241341,911.6831114153591,887.6034878505662,911.0401000976562,2721100
2024-09-12,914.4235754189884,927.5912092090533,908.8043359596508,925.01904296875,2510800
2024-09-13,926.9878100915261,932.2706599758867,912.2372526923842,913.830078125,2045400
2024-09-16,921.1707097445595,922.6348604556927,910.5851440476761,913.661865234375,1760300
2024-09-17,911.6436943236388,911.6436943236388,892.6490442319655,896.487548828125,2248000
2024-09-18,896.6160991918531,905.7078052998888,893.7966069656404,895.2904052734375,1777000
2024-09-19,903.0860465420393,907.0037117478802,894.1922140872572,905.2526245117188,2446500
2024-09-20,912.1283800244835,929.8072375716703,903.4324196524042,911.6337280273438,9921800
2024-09-23,911.1488889119247,912.1381928086803,899.7224409808609,908.6954345703125,2292000
2024-09-24,912.2570075188605,915.7789273739489,899.4752166356511,914.5422973632812,2767400
2024-09-25,921.8234854805828,929.2531676422195,911.3368879950373,914.6708374023438,1805100
2024-09-26,910.4169214321064,911.9898810000005,895.6169116475118,899.5939331054688,2693000
2024-09-27,884.0618841685739,891.5707285088976,866.2445084895473,868.4011840820312,4377300
2024-09-30,855.2730548992233,877.937981420655,849.6241077079908,876.4639282226562,3244600
2024-10-01,879.3231009621957,881.7370051642134,869.4696112754692,875.0195922851562,2455200
2024-10-02,870.5875812736385,883.7947664502561,869.3014980595864,881.5391845703125,1751600
2024-10-03,880.0254382081582,882.4591477298926,871.458092333173,876.078125,1974700
2024-10-04,876.4342684538925,879.4615362384706,867.5107875521613,877.6708984375,1970500
2024-10-07,880.9851481363777,895.5971880932785,880.0551999257913,888.790771484375,2915700
2024-10-08,893.3415282890464,912.1085965277265,892.5797448728124,903.9468383789062,2200000
2024-10-09,906.4893548893765,911.4952307939742,902.2452623992801,909.9024658203125,1820100
2024-10-10,910.1596977898892,912.1383058285629,895.4685572556674,900.9492797851562,1682100
2024-10-11,906.2420285920396,922.2687657190928,901.4340255686212,922.0906982421875,2293900
2024-10-14,925.9885666197302,926.9778706438966,916.0955263780664,919.5679931640625,1550400
2024-10-15,914.5521414652088,916.6099105781605,898.0901093262378,903.5510864257812,2284200
2024-10-16,900.296374105023,907.9931280485048,888.2367555814355,906.6179809570312,1645400
2024-10-17,911.1489902166192,920.5572809819823,906.2420206055031,907.3104858398438,2191200
2024-10-18,907.3698387623045,911.069826074541,895.9334868961538,908.1513671875,2286900
2024-10-21,908.1612777068829,909.0318700681185,894.8848347715275,896.4380493164062,1592200
2024-10-22,892.0355882280338,901.3746200343232,890.571437688229,899.4257202148438,1391800
2024-10-23,895.9335741088013,898.2386695685898,882.1921256696158,893.5889282226562,2646600
2024-10-24,888.7215301217601,890.3736509893218,878.7790364288448,881.7864990234375,1797100
2024-10-25,890.1065094387375,891.3233944745527,879.9364952509115,883.1517333984375,2228300
2024-10-28,885.2985339240686,888.6028361071207,881.2523140661237,886.0108642578125,2084100
2024-10-29,888.602786475883,898.2682457014615,888.602786475883,893.9153442382812,3187500
2024-10-30,789.9592587475278,851.2961078926082,760.7747902026911,837.7723388671875,18257200
2024-10-31,827.5626583452678,844.3709228244447,816.4131834866256,820.8650512695312,6582800
2024-11-01,819.1437098341855,824.090229821107,807.9942344613211,810.1707153320312,5266300
2024-11-04,796.389696071972,811.4172257957534,795.0838075853294,797.5175170898438,3918100
2024-11-05,795.2322259646141,800.5546861461195,788.9600122356433,797.4383544921875,3733300
2024-11-06,808.5878787544578,811.9514762229336,759.3996510444239,768.0758666992188,8257900
2024-11-07,776.2574523751063,793.9659587636628,769.8665264300952,788.9205322265625,4557600
2024-11-08,794.9056920419048,838.2075435243888,792.6896609436808,822.645751953125,7212900
2024-11-11,822.4083728374317,834.972545251207,815.8097323074848,823.5361938476562,3342800
2024-11-12,821.3202359818599,825.0696766010053,802.0485519904425,810.1015014648438,3378600
2024-11-13,811.5458172655805,820.2417771815352,802.6123736823031,803.1268310546875,3059300
2024-11-14,800.5350009061631,800.5350009061631,775.1296784257171,777.820556640625,3998800
2024-11-15,768.1686967454693,770.933404466755,737.4593992370898,739.4412841796875,7334600
2024-11-18,726.5491392611688,727.3518002726942,704.9565238032792,720.6134033203125,9148100
2024-11-19,709.8219315654122,723.3879351242266,705.9671512035818,723.120361328125,5832500
2024-11-20,729.1255360688826,750.5100914432197,728.7985686020273,746.5859375,5158900
2024-11-21,739.3619334443804,746.1796219469704,728.3426588725408,743.1275024414062,4143200
2024-11-22,750.1929611538483,754.3846887977128,738.3314091936124,741.23486328125,4015500
2024-11-25,743.206847740325,748.1615600585938,733.3073422055963,748.1615600585938,5690500
2024-11-26,778.0880372064642,799.6905708911981,766.9399344524047,782.1707153320312,6622600
2024-11-27,780.9815300934881,787.630775461748,773.232353161995,781.0509033203125,2714700
2024-11-29,784.1625703157799,793.0810530984705,782.1806852529598,788.1461181640625,2206900
2024-12-02,790.8810909165608,798.055504819258,788.0172526237542,792.5557861328125,2895600
2024-12-03,795.6574309450862,809.7288261290964,794.3493796255477,805.9632568359375,2782100
2024-12-04,820.5994397562498,838.7931895727254,813.0683011354948,822.32373046875,3871100
2024-12-05,820.2823763161026,823.6020093550488,810.0558428991268,818.1419067382812,2423400
2024-12-06,820.1832310331955,833.3825915846629,818.2112652558452,819.2220458984375,3047100
2024-12-09,816.2393325583728,816.2393325583728,794.0224191003741,796.3015747070312,3176000
2024-12-10,801.9400649372053,806.6272036581704,789.7811809773486,792.3378295898438,2695200
2024-12-11,788.046921172389,792.2584262525306,779.2473480722366,788.8198852539062,3510900
2024-12-12,789.5135510748528,794.5773129111551,771.3397005905678,775.2637939453125,2823800
2024-12-13,770.0910832740836,787.0560125685458,765.9885671630675,781.9724731445312,3059400
2024-12-16,784.8264664734435,792.5360282185525,768.2281794615367,771.9442138671875,3426200
2024-12-17,770.8145009930907,780.8626722301874,765.4336905984196,771.567626953125,3924800
2024-12-18,767.9803446545533,771.9441141753509,755.5935649020605,757.7835693359375,3354200
2024-12-19,758.1700503949421,765.9687627005287,745.5851295646679,750.6785278320312,4032600
2024-12-20,804.0011803641939,804.0011803641939,759.6664221953254,760.8060302734375,9942300
2024-12-23,778.0582713342535,792.1197472058454,766.0678918081701,789.0676879882812,3622300
2024-12-24,784.2020944756573,790.524311924811,779.970751007344,788.463134765625,1165400
2024-12-26,786.927244315411,796.6285495064851,784.3309798335125,786.9470825195312,1274200
2024-12-27,782.8445701840407,786.1146683174574,772.1621810682387,776.076416015625,2096500
2024-12-30,770.873934268532,772.6972949899377,764.0166294451396,766.8309326171875,1719100
2024-12-31,764.0165649572185,766.9001806329676,757.3772390018521,765.0075073242188,2327000
2025-01-02,773.5198385161323,779.8717533767722,764.7797183423909,771.0226440429688,1938900
2025-01-03,771.1216674559392,778.7222395757361,768.5056253610403,774.8971557617188,1799100
2025-01-06,776.621387517044,777.6619254749163,756.4358946586285,758.1700439453125,3991100
2025-01-07,757.9718668573647,776.8592266046087,754.7215467499707,766.2858276367188,3576100
2025-01-08,766.8211076386552,785.3814426630198,763.6896952401586,780.0897827148438,3478400
2025-01-10,784.7570642770917,792.7539772807911,777.7510937449933,792.6549072265625,3973100
2025-01-13,787.2046548685378,798.045566980166,776.5123478252715,790.2567138671875,3683800
2025-01-14,777.1267666440554,777.1267666440554,722.3970352993808,738.1629028320312,10373000
2025-01-15,742.2159190812147,747.7651727879556,728.6102981565411,739.9763793945312,5736900
2025-01-16,740.729481520188,758.5763647253584,739.6394690179052,750.7379760742188,3070300
2025-01-17,741.0565121349625,748.4390455119856,718.4431980821406,719.146728515625,5560100
2025-01-21,724.6465600318722,736.5477894412059,719.9495021378178,735.6261596679688,5122800
2025-01-22,738.8269370371023,753.4829550557179,732.3560533846622,747.1508178710938,3737800
2025-01-23,740.888040824857,759.656494140625,737.508953521719,759.656494140625,3127200
2025-01-24,755.0485512073876,782.140881743472,753.601753572997,778.2960205078125,4170600
2025-01-27,771.6567897151995,801.9201492939725,771.6567897151995,800.8499145507812,3915200
2025-01-28,799.9283509178591,808.7576817664334,792.8629266116518,797.69873046875,2808800
2025-01-29,799.6806741529365,801.7913865053188,791.763053297138,796.7970581054688,1827600
2025-01-30,801.0877847387738,817.150984135153,797.7086974895832,815.7735595703125,2643000
2025-01-31,815.5456599894572,819.8562355789729,803.6841075506546,803.733642578125,2561600
2025-02-03,796.9852986969606,810.5513031730262,794.4881043840282,803.0894775390625,2808800
2025-02-04,803.7039146953346,821.5309608630348,798.6402129594375,818.587890625,4299700
2025-02-05,827.5855861221479,839.2291595552656,823.5326050127799,834.5518798828125,4578900
2025-02-06,831.9160219860155,879.6992377216263,828.041403150349,862.486572265625,7138500
2025-02-07,868.5907682420258,881.3045156477955,861.7433224089058,870.3546142578125,4426100
2025-02-10,869.7800105022179,872.0294695108715,851.5863192677288,861.0101928710938,3065600
2025-02-11,859.176803201437,866.2719240501523,852.7059204101563,857.1651611328125,1944200
2025-02-12,849.168293400596,869.8294794557011,848.3557133461758,865.06298828125,2533400
2025-02-13,869.1258442913627,875.497596564793,859.9397890341831,863.9630126953125,2472900
2025-02-14,862.7123434684387,867.0800289824269,835.3052834812181,838.0648803710938,3222300
2025-02-18,850.1256059799091,856.3892273400777,845.102797572124,850.89990234375,4289400
2025-02-19,850.879975599925,874.8525045433852,850.879975599925,860.6774291992188,3205500
2025-02-20,860.469007483101,873.8499140581164,857.649853990137,866.7028198242188,2990300
2025-02-21,874.1477852211408,887.8265367336394,867.0106264639705,867.2587890625,3940400
2025-02-24,872.8273980062752,886.5458314408143,863.6255715827286,874.9219360351562,3017100
2025-02-25,884.1932875602919,905.2970418930076,884.1932875602919,895.1719970703125,5111300
2025-02-26,891.7672573853868,915.6504215072333,890.0102469426065,908.2849731445312,3032800
2025-02-27,908.989709025456,918.6978580985846,897.4154331169008,898.50732421875,3085400
2025-02-28,895.2117701978616,914.4492772074899,886.0495667608258,913.8636474609375,4071100
2025-03-03,906.0911541838641,928.7533768083299,903.3117455456519,922.8867797851562,3979800
2025-03-04,915.4618371699827,922.3309605383009,896.1547759965648,904.364013671875,3343500
2025-03-05,898.1499520252211,923.6511398806263,895.0132038306454,922.8867797851562,3109500
2025-03-06,913.6551884473186,924.5346577404048,891.6779564593729,906.051513671875,3273100
2025-03-07,898.7356466843288,901.3264493603269,855.0590346007888,863.1888427734375,4818100
2025-03-10,847.6340295412414,856.8458538254854,819.710831072728,823.6615600585938,5962900
2025-03-11,821.1203545055356,826.2324672871777,805.6747179933591,818.00341796875,3796500
2025-03-12,808.9603930029552,828.5156164871589,807.2828115332974,815.819580078125,3014800
2025-03-13,812.2261518196418,815.0750532637115,789.5341810600183,795.7581176757812,3566300
2025-03-14,797.2073807380252,809.2184859135058,794.1202527960567,807.5011596679688,3102300
2025-03-17,810.9456460419541,822.9070696169015,808.5831335645245,818.6982421875,2546600
2025-03-18,827.2945704950712,830.1434719211035,806.6474570104623,816.4647827148438,2354900
2025-03-19,815.6805538708702,835.9405798867471,813.4768993446784,830.8582153320312,3790500
2025-03-20,832.863420078959,848.110514325378,826.3417002609232,836.3773803710938,4402700
2025-03-21,831.6423526657736,844.179529949092,819.2540971519542,831.4140625,5963800
2025-03-24,839.1071639693437,860.4987659471216,831.6027300791689,858.5432739257812,3102400
2025-03-25,863.1590462992802,868.4895735019174,841.6880157108209,846.08544921875,2670600
2025-03-26,839.4744571629818,845.1523879498327,820.3262541731845,820.68359375,2562100
2025-03-27,816.7724313207365,820.6934116631752,809.2977463568577,815.630859375,2128200
2025-03-28,813.9732208449923,823.6813695605236,811.4221023824441,816.4647827148438,2124700
2025-03-31,803.0342204041832,821.9243846970376,783.5981711501418,819.8397827148438,3737000
2025-04-01,812.5834970080314,814.628354166489,791.1422751409699,799.311767578125,2987700
2025-04-02,789.1966721602735,813.824323662942,789.1966721602735,812.206298828125,2683800
2025-04-03,804.5530191618838,812.772132292216,781.2753570809358,783.2904663085938,2675100
2025-04-04,756.5087304249458,762.6234904021425,729.3002114669036,732.784423828125,5299400
2025-04-07,692.8003426767185,742.5023451641783,672.1135465607781,718.4107055664062,6274400
2025-04-08,749.431103661206,757.8885035998842,708.0376346450428,720.90234375,4115200
2025-04-09,699.2228878604809,749.2822346682473,683.9360491740686,748.1704711914062,6619000
2025-04-10,733.4692787143476,736.4968497966064,686.6856685573275,715.6114501953125,4182700
2025-04-11,717.5770481500732,730.4318826957519,706.747198569589,727.0270385742188,3603400
2025-04-14,744.9344860223264,753.9775163976326,729.1215728192565,748.8057861328125,3461200
2025-04-15,750.0167767945968,759.6851807952629,745.9667467016495,751.6149291992188,2458100
2025-04-16,750.086275466932,750.7413979965667,724.9722353881838,729.4987182617188,3302600
2025-04-17,834.6204134705679,851.6940118392039,815.7998013549806,833.78662109375,10853400
2025-04-21,835.3251582011372,837.7074825536665,801.0687868776133,812.0078125,3326600
2025-04-22,815.839389931391,825.8850055850924,808.0173011373379,821.457763671875,3086500
2025-04-23,830.8085964626682,839.7920693393767,812.6232361436096,823.323974609375,2714600
2025-04-24,829.8556817723588,855.912753119876,823.1156077949656,853.4112548828125,2939500
2025-04-25,853.3417942657469,879.07133559455,844.8149614774596,878.0389404296875,3398900
2025-04-28,864.0425327404992,875.7657304032506,858.0568223278829,870.8421630859375,3457600
2025-04-29,871.2492142577914,885.9106185592266,867.6062044795724,878.694091796875,2454400
2025-04-30,881.671966329302,895.8668528217972,875.6366358302648,892.3429565429688,4374100
2025-05-01,837.796822175016,844.6758812288853,786.2485012753224,788.2635498046875,12601100
2025-05-02,819.0555647219041,825.4184867162803,801.6544374445075,817.5665893554688,6059400
2025-05-05,810.9952434841707,823.5423570183849,806.0618008887117,815.4224853515625,2889600
2025-05-06,810.8861181225833,812.4048415765966,764.6881343843373,769.423095703125,5982000
2025-05-07,774.7635386200295,778.5753423291121,766.5841100586217,771.0112915039062,3807800
2025-05-08,759.377462128273,764.3208411214857,733.6479839051061,745.9270629882812,6162000
2025-05-09,746.4829663389237,756.4094693993228,727.6126743272544,729.171142578125,4072600
2025-05-12,722.5203595989597,759.705061163572,716.8721770420981,750.0167846679688,9176100
2025-05-13,749.9969633634977,753.9179443818099,735.4049910323423,740.5767211914062,4523900
2025-05-14,743.7333608403683,753.9179634305962,708.7821797442908,710.3009033203125,7558500
2025-05-15,720.3663912913981,733.2509738076221,706.9755473886415,727.9005737304688,5212900
2025-05-16,736.066914882798,754.8366163554488,734.0775448425742,753.364501953125,4645100
2025-05-19,748.9977868885188,754.6873558097775,743.5866981909339,751.0965576171875,4062700
2025-05-20,751.9818815440332,759.4420192577636,739.0509761735669,743.0396728515625,3873500
2025-05-21,743.0794386820528,746.5310273018567,720.1220912165091,721.096923828125,4060000
2025-05-22,713.2886077985642,718.3515812931986,707.768118046893,711.3987426757812,4249900
2025-05-23,706.2263229122349,715.8151005150322,705.2316379503866,709.9166259765625,2635700
2025-05-27,713.2190660611989,727.4231373146634,710.5334042256117,721.365478515625,3792700
2025-05-28,721.3654987388155,726.1101660910093,710.9412183232013,715.5665283203125,2948800
2025-05-29,715.4072785845594,723.4642635725256,713.1493849006338,718.7295532226562,2785500
2025-05-30,721.1465656295287,741.9355047023212,713.2984870550634,733.7492065429688,6106200
2025-06-02,728.6067580963162,743.3977191000596,726.8163372492883,743.1490478515625,2946900
2025-06-03,742.2836597557227,752.9765231960899,737.5191405995604,746.7896118164062,3056500
2025-06-04,752.3698068291808,768.5135250613554,751.9818651059655,761.7695922851562,3135900
2025-06-05,765.4101166282619,765.9074591341932,749.0475360409713,761.6104125976562,3636400
2025-06-06,764.3955026654174,768.4935999725985,761.1329674636366,765.7880859375,2069900
2025-06-09,767.8471229494623,775.1480770896934,763.5103107785193,769.5977783203125,2262200
2025-06-10,772.9597863301411,804.3321290888358,772.8702379682239,802.8997802734375,4744400
2025-06-11,805.3467060425023,816.3578151774841,800.7512663619415,804.3121948242188,3125400
2025-06-12,806.0231346406764,814.2093729825272,802.0642469513132,807.714111328125,2271100
2025-06-13,806.033048733688,820.6151037432304,803.804903394371,815.0050659179688,2754600
2025-06-16,817.3128158759322,820.6151775727889,801.477446660449,803.2877807617188,2821800
2025-06-17,800.8805440327883,800.8805440327883,784.7467825515989,787.0345458984375,2875600
2025-06-18,785.7514382459432,786.4278167695653,775.2972890444689,780.8576049804688,2442900
2025-06-20,781.8223633880918,781.8223633880918,751.5441513648354,758.676025390625,6210600
2025-06-23,766.4346666027639,788.9941152473257,759.7702649222526,766.5440673828125,3951500
2025-06-24,768.7821621109575,780.2707625839145,758.9646252785436,773.944580078125,2788500
2025-06-25,774.8596296152782,794.7036078817231,769.4883062296634,788.0889282226562,3023100
2025-06-26,789.730156464289,794.5543543601783,784.0604399041823,790.8939208984375,3118200
2025-06-27,791.570306566909,798.2347081729336,770.5227987937351,771.3284912109375,4115100
2025-06-30,774.402051655969,780.8277387247863,769.8862035324645,775.3868408203125,3041500
2025-07-01,775.3868344877129,785.8011573945518,768.8915122354285,771.776123046875,2734000
2025-07-02,772.3729300539392,775.6952047851912,763.9181072523184,775.13818359375,1978300
2025-07-03,776.3118459311979,779.3853884603438,768.8914742718755,776.5206909179688,1450800
2025-07-07,776.5306946138774,776.9982281431627,757.9798554057309,768.76220703125,2576900
2025-07-08,770.7316708937191,788.4768785343422,764.7138386068491,773.5267333984375,3301800
2025-07-09,779.634075510919,789.779874453352,777.8336981247893,782.7374877929688,2703100
2025-07-10,785.4729212803317,795.2407356925277,782.2501514532003,786.44775390625,3130400
2025-07-11,782.1705298802135,791.5006800897327,773.0691985052989,788.795166015625,2852500
2025-07-14,785.8011679098976,796.6233458134159,783.1751848794654,795.091552734375,2401400
2025-07-15,797.4090898883962,801.139158558582,760.3173088879407,767.6481323242188,4174100
2025-07-16,769.3888200717105,791.8089973165719,768.0559155064959,785.6021728515625,3255400
2025-07-17,782.6081988190399,785.8011595637721,755.9805223282747,757.45263671875,4107300
2025-07-18,759.8000846061072,771.8358097713844,756.4579575103706,767.6083984375,3357700
2025-07-21,764.087181931892,767.8968425929908,756.4579647564371,758.1290283203125,3058000
2025-07-22,759.282823055809,774.1533142274674,758.4472609998135,772.3131713867188,2496600
2025-07-23,775.8543065199564,795.8375550506191,772.9498432945596,794.6439208984375,2683600
2025-07-24,797.1007337695621,805.8340969558798,793.4104913821284,801.1491088867188,2786400
2025-07-25,804.7001544034963,810.8572569008481,798.1053880834776,808.3705444335938,2976900
2025-07-28,808.3307891236825,815.8605011443937,798.2347120945094,803.8148803710938,2587700
2025-07-29,770.383496532408,775.3469647369534,751.166175944334,758.8948974609375,7100700
2025-07-30,769.8861587721855,773.964342822466,754.378993538449,756.0401611328125,4338700
2025-07-31,743.3280887710879,762.3763308159791,731.5311392351107,736.1365356445312,5810300
2025-08-01,742.8506846799936,763.918106423411,742.0250791024253,758.2782592773438,4859500
2025-08-04,755.9307458854737,770.3636352465971,748.5701131602539,764.9127807617188,3353400
2025-08-05,761.5009821385195,765.8477506140895,755.4831501934383,761.8789672851562,3615200
2025-08-06,752.5388573949043,758.9446310209423,736.25586931623,742.4030151367188,4752100
2025-08-07,672.0688212593827,674.6848475917878,629.834536216304,637.4537963867188,26101600
2025-08-08,651.5186880831948,652.6924091214738,620.4646509007584,622.32470703125,14125100
2025-08-11,626.0745893846511,650.961626465994,622.5733396151351,631.84375,11294200
2025-08-12,636.1010683419462,642.7455569699068,626.0547739550151,636.0314331054688,6897400
2025-08-13,646.9431544400258,658.232805013146,641.0744885998831,656.9794921875,6310000
2025-08-14,658.4815184567522,681.8367045479869,651.6181671673858,680.7922973632812,8395900
2025-08-15,692.0270102622932,704.5775666620775,683.6532798111616,699.0349731445312,8224600
2025-08-18,692.844384671686,705.5345162317844,691.3291232875202,695.8648681640625,4997300
2025-08-19,704.3981096589528,712.0341659105642,696.3633420193411,701.0087890625,5941000
2025-08-20,699.3240990694942,703.5906700373084,683.005345835982,703.2318115234375,4139400
2025-08-21,702.9925501820828,716.1512428695855,702.9925501820828,707.5980834960938,3617300
2025-08-22,712.8017383319346,717.2079465224392,707.2093135256429,709.4522705078125,3222700
2025-08-25,708.7743739250951,711.2665482356615,692.0568491797036,693.1534423828125,2898100
2025-08-26,713.9979828474846,733.8755681753845,710.8677972174387,733.72607421875,7695600
2025-08-27,734.6531929013328,744.2530539845383,729.2600931872206,731.8718872070312,4326200
2025-08-28,733.4967691098408,736.2780747254775,724.0664199678482,729.6688232421875,3117000
2025-08-29,730.0276693619255,735.1116807962279,726.2196195804722,730.286865234375,2551200
2025-09-02,725.7111975263666,734.8325800508529,721.3748384637031,732.888671875,3222500
2025-09-03,729.7286357895945,735.5204467773438,726.7380264497425,735.5204467773438,2222500
2025-09-04,734.0151351345024,744.6616966691223,733.0282438257801,740.58447265625,2423400
2025-09-05,742.3688965442954,742.3688965442954,720.3081646575257,724.9336547851562,3958200
2025-09-08,727.4258413642938,740.3751695782734,716.9686266613014,736.327880859375,4534600
2025-09-09,731.8818732574392,750.483498072498,731.5728460486455,748.2604370117188,2986900
2025-09-10,745.7482849602585,753.4341114515158,740.1657781014922,752.2578125,2477400
2025-09-11,750.1245050919619,758.7474524806619,748.021124591917,753.9126586914062,2197500
2025-09-12,757.7904574047412,759.2159738395223,745.6585696382847,753.0254516601562,2198300
2025-09-15,750.7127519809374,753.972535716129,739.7870370051157,745.8480224609375,2790900
2025-09-16,743.0766494365863,767.968518594352,742.2093776264458,762.3162841796875,3881300
2025-09-17,759.1063386133018,774.5279453339152,753.9724958908901,757.7506103515625,3471200
2025-09-18,758.9967340941707,770.1217743039955,756.6341575328894,760.5418701171875,3464000
2025-09-19,762.605332092485,762.605332092485,746.8548027618783,749.6360473632812,7349500
2025-09-22,746.216780008226,759.654564090693,743.9339702996825,752.5867919921875,2527400
2025-09-23,748.2205126973691,750.6428988145625,740.8436524351242,744.6417236328125,2910100
2025-09-24,743.6548262034919,744.6018645980541,733.8555799049881,739.5277709960938,2243000
2025-09-25,735.3608584024502,737.6835818519261,709.8210614226182,712.3531494140625,5136400
2025-09-26,721.8533044057742,726.7180335583016,714.8353634067003,722.27197265625,3559700
2025-09-29,723.2788839501862,725.5816507949486,713.8385559832155,724.2359008789062,3309200
2025-09-30,724.6844687509749,763.9511226873312,723.039609295449,760.6116333007812,6234300
2025-10-01,760.9106399236099,830.6915198482399,760.9106399236099,822.836181640625,10124500
2025-10-02,811.8108252444666,831.847943484958,810.2656893193688,817.2836303710938,4291800
2025-10-03,822.3577091798468,845.4751204184228,813.545354084401,837.240966796875,5088500
2025-10-06,837.3207736778352,853.8887443520414,836.0347727370781,842.40478515625,3651400
2025-10-07,842.3549645442921,845.8838616634764,833.9613380286137,840.9892578125,2610800
2025-10-08,847.3392634500063,853.3204817802417,842.344936409204,843.0726318359375,2180900
2025-10-09,849.0239689704991,857.5571712867668,843.0527291199604,852.6724853515625,3071700
2025-10-10,855.3142066066682,861.644304893682,827.5114959408445,830.8809204101562,3431000
2025-10-13,830.0734814142063,832.7052321101381,814.7914513812586,816.8350830078125,2167500
2025-10-14,819.5166915221528,819.5166915221528,803.4770302389068,809.80712890625,1928400
2025-10-15,809.956700830414,827.5913297721042,806.0489883070641,823.982666015625,2355800
2025-10-16,822.4873157111049,832.0871760817859,812.8176671580081,816.8151245117188,2272900
2025-10-17,786.490377050887,801.9219012555817,781.3963264050898,800.3169555664062,3983000
2025-10-20,803.0782667232997,806.8763381338035,797.266559740481,806.4277954101562,2279700
2025-10-21,804.404085294559,810.4451134348607,796.2098453052021,797.067138671875,2099500
2025-10-22,795.9007906070885,813.3858631926499,791.335110357422,809.8868408203125,2930600
2025-10-23,803.8757829115656,822.1184869901448,803.4969675427254,818.4699096679688,2632900
2025-10-24,812.6581530872011,831.5388672450756,809.9566143526854,822.8660888671875,2211200
2025-10-27,822.4174995814224,823.8330375140515,808.9398018151404,823.8230590820312,2114800
2025-10-28,823.4143926276138,826.863583779058,811.5017872482613,817.5328369140625,2493500
2025-10-29,824.7202926931469,827.6909450141148,807.0956431936704,810.9834594726562,3591200
2025-10-30,834.8784180771605,850.3298992475438,809.7074568157298,841.8565063476562,6037200
2025-10-31,836.5332312819799,867.1869775105198,831.5788176007808,860.1590576171875,5015000
2025-11-03,863.8176004215861,898.518635059872,859.9198055056908,893.7236938476562,5401500
2025-11-04,888.6195912227892,912.3550563117608,880.8739550389573,904.021240234375,5911500
2025-11-05,908.1483486371171,952.4691999377073,905.0181629975178,922.9119873046875,7272900
2025-11-06,925.0951620146003,946.9266346799568,913.3919204543428,934.505615234375,6417400
2025-11-07,928.2552037102299,929.0826226530183,898.0799972433321,921.4765014648438,4373400
2025-11-10,936.7983759689374,978.9161232139135,935.4725221554099,963.6141967773438,5696600
2025-11-11,963.5244077496247,996.8198804606293,962.2683421777294,985.5253295898438,4166400
2025-11-12,990.0112742764614,1019.2195455768282,987.0007081825628,1014.5941162109375,5185200
2025-11-13,1006.9281881451193,1029.7165550837697,1006.9281881451193,1019.6681518554688,4153600
2025-11-14,1007.3187525940298,1031.8977246161471,1006.1107468218717,1023.5716552734375,3862300
2025-11-17,1002.0475371040005,1030.4202265702052,996.6365851604388,1019.9976196289062,4720000
2025-11-18,1012.3204276954244,1038.9858834794632,1012.3204276954244,1028.333740234375,3430500
2025-11-19,1027.924371669002,1053.8310836010346,1024.5400056499388,1047.85107421875,3571200
2025-11-20,1043.7579142871718,1055.2387521774658,1036.5199947476385,1041.5516357421875,3135700
2025-11-21,1039.2654121120204,1064.8726966397476,1036.2704109243778,1057.9342041015625,4266700
2025-11-24,1055.0091281308542,1073.927503079483,1047.6314274324745,1068.3768310546875,5497200
2025-11-25,1074.0373060458908,1109.2585484085728,1071.4616489589148,1108.0904541015625,4181500
2025-11-26,1100.1638110380597,1110.1371556192603,1096.2702849740701,1102.4998779296875,3093700
2025-11-28,1094.892570893821,1097.2187665470549,1065.9109126227486,1073.677978515625,2732200
2025-12-01,1072.5898333411328,1082.343573705936,1053.2421201363684,1056.1273193359375,3070200
2025-12-02,1050.816157407615,1066.4002553154135,1038.6265406703371,1044.376953125,3280000
2025-12-03,1044.6464687837693,1049.7279534558168,1020.6165680748136,1031.837890625,3447000
2025-12-04,1030.9094108833388,1030.9094108833388,1005.5018041246121,1012.7996215820312,3854900
2025-12-05,1022.134072045885,1025.678144736308,1002.327103274051,1008.6265869140625,2502100
2025-12-08,1009.0558477012963,1012.5101044225271,987.2322864859694,995.9277954101562,3088600
2025-12-09,1001.1690725813112,1010.3137831756179,977.5484612748443,980.5833740234375,2569700
2025-12-10,983.3587566627056,1001.3287643986738,975.4918817347274,991.984375,2966300
2025-12-11,1006.4701891098914,1029.8412161964534,985.355406035743,1007.6981201171875,4517000
2025-12-12,1007.0792148637349,1027.185672240257,1001.8279693210295,1025.7979736328125,3275200
2025-12-15,1030.8295394931445,1063.2254202168372,1030.8295394931445,1060.4200439453125,4648400
2025-12-16,1061.7279400084105,1066.4700253069907,1034.5033592271195,1052.5333251953125,4024500
2025-12-17,1062.5267026055758,1062.5267026055758,1034.6831585480004,1040.05419921875,3726600
2025-12-18,1040.0641889063265,1077.4617336009624,1037.807944796481,1055.1190185546875,3848600
2025-12-19,1057.245442720507,1073.5881614629236,1057.245442720507,1069.6546630859375,5829100
2025-12-22,1074.9258696438649,1081.6746154402024,1061.2287600510017,1074.686279296875,2625600
2025-12-23,1061.727918953169,1086.6662759617036,1061.727918953169,1069.8543701171875,2108600
2025-12-24,1072.84935803449,1083.9208448103095,1070.9225203432386,1075.1854248046875,932800
2025-12-26,1075.1854871290518,1079.5881731898264,1066.5200182266396,1075.9542236328125,1014600
2025-12-29,1076.1537655813836,1083.6912337800482,1072.5897678858307,1076.9324951171875,1653000
2025-12-30,1077.1622050297042,1080.566557433131,1070.2836704778297,1077.950927734375,1251500
2025-12-31,1077.960896046022,1081.694654647737,1072.639820850948,1072.889404296875,1646700
2026-01-02,1074.6064518777778,1078.8593633190376,1050.326907306679,1078.559814453125,2469100
2026-01-05,1067.4483169022772,1083.5714304453188,1031.6580783200968,1039.7745361328125,4084800
2026-01-06,1042.370244444398,1069.0456931845854,1038.1972775854208,1062.26708984375,2690700
2026-01-07,1075.2054890166019,1115.7977749345246,1074.167182880305,1106.24365234375,4652800
2026-01-08,1111.8342249595808,1132.0604759275961,1068.3668575496827,1083.3817138671875,3156000
2026-01-09,1085.019089222831,1102.6796776660412,1061.2588177006203,1061.7879638671875,2561900
2026-01-12,1056.2370553523936,1081.5547833783996,1056.2370553523936,1079.19873046875,2380200
2026-01-13,1081.1953968228786,1088.4033368869734,1067.308540936704,1075.39501953125,2194200
2026-01-14,1079.9475738229141,1082.1938248431143,1059.3519429274686,1071.501708984375,1912600
2026-01-15,1060.7895625548078,1065.8710471939858,1010.882807459496,1031.248779296875,4183400
2026-01-16,1022.7231064383637,1048.1904885149984,1016.303766746021,1036.6697998046875,3829000
2026-01-20,1026.4368122721621,1044.1072699163042,1014.2671221000711,1039.554931640625,2484900
2026-01-21,1042.1206196227529,1079.5281547657307,1040.2837197054685,1076.722900390625,3685900
2026-01-22,1076.7228931814493,1093.654593917803,1069.9541613747285,1085.568115234375,2478200
2026-01-23,1081.9242742933234,1082.5132571151546,1061.2488202025763,1062.5167236328125,2592900
2026-01-26,1060.4401087963954,1065.3019895373275,1041.5815686530939,1060.979248046875,2244900
2026-01-27,1062.3369406381892,1071.6015073352282,1033.0858340972295,1037.7779541015625,2587900
2026-01-28,1027.395204816676,1027.9741945049225,1002.4668409586187,1022.0940551757812,3300200
2026-01-29,1023.6514706314995,1038.267091232104,1016.3037489175786,1022.4335327148438,2293000
2026-01-30,1031.5783144291483,1046.8227684501508,1018.3004267841197,1035.421875,3303100
2026-02-02,1035.841130669736,1055.6481606889793,1035.841130669736,1042.3902587890625,2757100
2026-02-03,1039.0158691798135,1047.0525047600147,991.9244823985568,1001.7880249023438,5483900
2026-02-04,1073.3285882041025,1112.1438097047399,1063.2254554179067,1105.2752685546875,7119400
2026-02-05,1063.7245959344693,1073.2087664284886,1004.1540389560342,1019.1390380859375,7742400
2026-02-06,1054.2404489023675,1058.2537701099634,1031.5483420719536,1056.4168701171875,4887100
2026-02-09,1075.2952221907908,1105.0954590778042,1041.1822372955721,1042.9293212890625,3423800
2026-02-10,1048.9093929189444,1053.891068681929,1022.1739853100805,1023.2921142578125,3539400
2026-02-11,1024.789598766948,1028.3835759089682,1010.932721382885,1013.5184326171875,2599900
2026-02-12,1023.1623419622201,1058.0740451962174,1010.3137910163625,1036.5400390625,3592200
2026-02-13,1039.97998046875,1064.3399658203125,1033.68994140625,1040.0,2698700
2026-02-17,1045.6099853515625,1067.0,1034.8800048828125,1036.050048828125,2984600
2026-02-18,1032.3599853515625,1037.5400390625,1011.3099975585938,1020.5599975585938,3236900
2026-02-19,1010.8200073242188,1025.22998046875,1007.0,1023.219970703125,2145800
2026-02-20,1023.8599853515625,1028.6500244140625,1002.4600219726562,1009.52001953125,3249400
2026-02-23,1047.02001953125,1064.449951171875,1034.0,1058.56005859375,4767600
2026-02-24,1042.949951171875,1058.9000244140625,1024.0799560546875,1042.1500244140625,2803100
2026-02-25,1036.5799560546875,1053.6300048828125,1027.0,1028.8299560546875,2481900
2026-02-26,1024.0799560546875,1026.9200439453125,1007.3800048828125,1022.02001953125,2666400
2026-02-27,1019.1699829101562,1053.0,1017.3599853515625,1051.989990234375,4325900
2026-03-02,1044.6199951171875,1056.199951171875,1013.0,1017.969970703125,3094300
2026-03-03,1015.0,1020.010009765625,995.0700073242188,1007.72998046875,2846000
2026-03-04,1011.6300048828125,1015.6599731445312,993.6599731445312,1003.5700073242188,1965500
2026-03-05,990.0,993.5599975585938,965.5999755859375,983.260009765625,3769900
2026-03-06,975.0,991.219970703125,966.0900268554688,990.3300170898438,2627800
2026-03-09,986.8900146484375,1008.9299926757812,980.5800170898438,1008.3900146484375,2802200
2026-03-10,1006.0,1012.0,994.0,1001.3499755859375,1663700
2026-03-11,1000.030029296875,1002.9299926757812,990.2999877929688,999.8400268554688,1446900
2026-03-12,993.4500122070312,994.5,973.1599731445312,977.25,2340100
2026-03-13,980.1300048828125,1003.219970703125,978.0,985.0800170898438,1984400
2026-03-16,991.97998046875,998.1699829101562,975.510009765625,989.1199951171875,2289900
2026-03-17,978.9199829101562,981.1699829101562,925.25,930.3499755859375,5637500
2026-03-18,925.0,929.0,905.1099853515625,918.0499877929688,3443800
2026-03-19,914.0,924.530029296875,910.8599853515625,917.5,2379000
2026-03-20,910.5499877929688,925.3800048828125,899.2899780273438,906.7000122070312,4818800
2026-03-23,913.489990234375,926.780029296875,907.22998046875,910.5499877929688,2817500
2026-03-24,907.0,908.6699829101562,895.6099853515625,903.02001953125,2572700
2026-03-25,912.489990234375,922.1500244140625,909.0900268554688,916.3099975585938,2177700
2026-03-26,912.3800048828125,916.3499755859375,896.2899780273438,897.0,2163200
2026-03-27,896.0,900.8300170898438,877.1099853515625,878.239990234375,2740800
2026-03-30,888.47998046875,897.4299926757812,883.1099853515625,886.6300048828125,3070200
2026-03-31,893.489990234375,924.1400146484375,892.1400146484375,919.77001953125,3464200
2026-04-01,926.8800048828125,976.6799926757812,925.989990234375,954.52001953125,6267900
2026-04-02,945.0,957.6900024414062,930.02001953125,935.5800170898438,2727100
2026-04-06,932.0399780273438,936.0,919.780029296875,927.0599975585938,1821100
2026-04-07,924.5,932.6599731445312,898.4500122070312,931.0900268554688,2726900
2026-04-08,941.52001953125,961.1400146484375,933.1300048828125,953.2999877929688,2568000
2026-04-09,948.469970703125,963.760009765625,939.2899780273438,955.1900024414062,1672100
2026-04-10,963.6900024414062,963.9400024414062,935.5399780273438,939.469970703125,1958900
2026-04-13,939.969970703125,945.9000244140625,927.1699829101562,929.5499877929688,2089600
2026-04-14,925.0,939.9299926757812,915.0399780273438,922.5,2360200
2026-04-15,923.5,930.0,888.030029296875,905.030029296875,4233400
2026-04-16,911.6699829101562,920.0,898.1500244140625,903.989990234375,2836600
2026-04-17,917.7999877929688,929.989990234375,917.7999877929688,927.030029296875,3266100
2026-04-20,926.9000244140625,929.6400146484375,912.5,919.9000244140625,1926300
2026-04-21,910.2000122070312,913.0499877929688,881.1099853515625,903.02001953125,4062800
2026-04-22,906.4000244140625,922.5399780273438,902.22998046875,921.47998046875,2621600
2026-04-23,929.489990234375,929.0,912.6099853515625,912.6099853515625,953436
