timestamp,open,high,low,close,volume
2021-01-04,346.88730852821726,347.0132779245702,336.5775709748729,340.5793762207031,4638400
2021-01-05,337.97281946464216,342.0424582750621,334.717132072527,336.63568115234375,2990700
2021-01-06,339.5426561678312,343.0405842770351,333.8645405432965,336.76171875,3966800
2021-01-07,338.5468736204361,341.8648976398243,337.9938597479491,339.4297180175781,3100200
2021-01-08,340.885025048011,344.3971282487975,339.07077937708095,343.3008117675781,3371500
2021-01-11,341.61255825700346,342.8835305699379,337.42137257661454,337.81915283203125,2403000
2021-01-12,336.73248499715845,337.6250700488386,326.01193067922776,332.696533203125,4858100
2021-01-13,339.1871260990855,339.3326778624294,333.96754393642044,336.0049133300781,4125700
2021-01-14,338.2945060493432,339.1579570798654,316.9503921344736,317.1832275390625,8712200
2021-01-15,317.77514196860443,319.86103864645486,312.2838785493359,313.62274169921875,7911500
2021-01-19,317.24146290829793,319.3176774652906,314.9809400457711,316.2227783203125,4625200
2021-01-20,320.15199053991506,327.8552774932634,319.3176439527887,324.9253234863281,5081000
2021-01-21,324.4402864391256,326.81722717771646,321.85958508266776,324.4693908691406,3484900
2021-01-22,320.54017056295277,325.1582416074685,319.1042828152632,319.181884765625,3846600
2021-01-25,317.7460081944126,320.11326724794895,307.77248531276825,319.37591552734375,6257700
2021-01-26,320.16168541956404,320.685594649513,316.1063111767775,317.9302673339844,3503100
2021-01-27,310.809188506483,313.37049718436185,303.78504194500925,306.0843811035156,7449400
2021-01-28,317.33855913858514,319.19162042712753,312.38091626708325,314.6123352050781,6906400
2021-01-29,314.1466832920931,315.97064042851554,303.06715923487855,306.860595703125,7627200
2021-02-01,311.34280337940805,313.87497796686733,308.112063158717,311.9734191894531,4930700
2021-02-02,313.8070616164118,326.13813263561724,313.8070616164118,324.4014892578125,5686000
2021-02-03,323.88728534515116,325.9828932115858,321.19987750931466,322.897705078125,4036800
2021-02-04,325.37167055277695,333.0167502856518,325.07091489492007,330.66888427734375,4537500
2021-02-05,332.30862788695197,334.0646649781216,327.3315906421615,328.6510314941406,2964800
2021-02-08,329.86369636028326,331.3092660257293,325.52695775617707,326.98223876953125,2652800
2021-02-09,325.93450875977595,326.1964487310341,320.16188118023507,323.49932861328125,2993300
2021-02-10,325.01270249364626,325.4686916486195,322.3446877716835,324.2462463378906,4246300
2021-02-11,335.1996682914464,339.167730276321,330.1061856328933,332.6480712890625,5110800
2021-02-12,331.1539805323907,332.8906238926493,326.66203871325115,330.8338317871094,3025100
2021-02-16,332.9682291097343,333.74436695722807,327.99116448153154,331.03753662109375,2916900
2021-02-17,328.9322345771234,330.23228170618995,325.8276240904428,327.273193359375,2267000
2021-02-18,324.5178629906017,329.81510570093394,322.9170602495108,328.3695068359375,2393700
2021-02-19,328.3501499241326,328.89345237359186,321.13195497244516,323.2372741699219,4095800
2021-02-22,320.1617092996912,333.8607449724853,318.96836863350876,330.50390625,4940300
2021-02-23,330.4942149331476,343.7178692528037,328.32100540068933,339.97296142578125,6326600
2021-02-24,342.34995419130934,357.7953475178229,340.11853546356537,356.3691711425781,7467400
2021-02-25,353.69139643071304,356.3691222226368,341.70958017568574,343.9992370605469,5207500
2021-02-26,346.43449806908666,348.67565816538945,336.771440014126,343.3008117675781,4868500
2021-03-01,349.92714615738515,355.52514579374883,348.4718652161218,352.0809631347656,4382900
2021-03-02,351.20773535888895,355.68028374386114,348.62703408204976,352.0032958984375,3559200
2021-03-03,349.2674019235774,354.5355114633945,344.8530618812602,349.50994873046875,3692300
2021-03-04,349.3644665646179,350.8488520084213,334.4041647754226,339.0804748535156,4572000
2021-03-05,344.3389375145111,351.00412045681895,336.0923443156486,350.1212463378906,4643200
2021-03-08,351.5958183485401,371.0577702703663,351.00401839689744,360.25958251953125,7213300
2021-03-09,363.820247796063,375.77296277618717,361.6082218737736,365.294921875,5832800
2021-03-10,365.37250445963525,372.55188379878837,361.8798246274689,370.3204650878906,4509500
2021-03-11,374.0071370704332,377.8878855744066,371.1936003266048,372.9205322265625,3729700
2021-03-12,369.7771825239372,372.4839836327278,367.9338030634867,371.30035400390625,2467500
2021-03-15,371.88237909118374,376.2967181276353,367.3516223511939,370.37860107421875,4216200
2021-03-16,371.29069165132114,373.79376185856586,367.4002311028067,370.980224609375,3445100
2021-03-17,370.46597878501984,373.61908710453343,364.6642488183202,367.3904724121094,3240900
2021-03-18,363.8493181456398,364.2859142452011,354.1571571268141,356.0587158203125,7205200
2021-03-19,353.92430079877727,355.36018860315943,339.70138161421943,345.8814697265625,12224300
2021-03-22,345.32846596776614,350.86822709701926,343.4463002587438,347.7151184082031,4140400
2021-03-23,348.58825910544226,348.58825910544226,342.97089637407055,344.67840576171875,3756300
2021-03-24,346.43443767950293,354.1086221025246,345.3866485147956,348.9278259277344,3550000
2021-03-25,347.3367581864553,348.7532233275242,343.59181988315675,347.6763000488281,2961800
2021-03-26,349.199391241785,355.68023313701326,346.6090085956453,355.2242736816406,2741200
2021-03-29,353.3810037736805,354.45792704558494,347.9188446750631,352.0906677246094,4054900
2021-03-30,350.0241577446195,353.70117574248457,346.4538757411688,347.5210876464844,2885800
2021-03-31,348.86959039741384,350.7226513892206,345.17317975969195,345.43511962890625,4372600
2021-04-01,346.3956724587061,352.566049307117,344.6493176015545,352.4690246582031,3701800
2021-04-05,355.8646823721257,359.47378023713605,353.4780299540955,357.3393859863281,2180300
2021-04-06,354.0213363497961,359.69693792025976,351.69289277436053,358.5521240234375,2661900
2021-04-07,358.1349233650186,362.8112032473592,357.99908294296114,360.0170593261719,2958300
2021-04-08,362.30946710655155,368.4386141652586,362.0666323430753,366.9136047363281,3528400
2021-04-09,365.3010767497662,369.4487123278387,363.7080965587282,369.1864318847656,2429300
2021-04-12,367.24383354426146,370.02187847941667,365.3982953855728,368.9533996582031,2896600
2021-04-13,368.1956352153636,369.2058357358438,366.0004003274654,367.29229736328125,2652800
2021-04-14,366.1947846982969,370.0315854137066,364.83491609484327,367.4769592285156,2317400
2021-04-15,370.2452800837383,376.26756377935965,370.0510004368518,375.41278076171875,2942200
2021-04-16,377.8508045546636,377.9479443661643,372.6735816379641,375.1019287109375,2725500
2021-04-19,373.86833777012816,376.62693669701196,370.3909575408827,371.2068786621094,3360900
2021-04-20,369.2933216180473,370.38121639267627,362.85334026715674,365.8353576660156,3135900
2021-04-21,367.73915605121596,373.09124237321294,365.8742021384257,372.1199035644531,2466300
2021-04-22,372.10052382960765,378.33653313102917,371.041767897379,372.37249755859375,3713700
2021-04-23,373.33414086017945,378.70564420463523,372.4696349440851,375.9664611816406,2294800
2021-04-26,376.71441392612786,381.6779719282057,376.0053553850564,376.36474609375,2255000
2021-04-27,377.0932401715984,379.23989113220455,375.0728680280128,377.91888427734375,2270000
2021-04-28,379.5021920533445,389.9926423055169,379.5021920533445,384.310302734375,4065300
2021-04-29,380.27920966418975,381.14371558270153,372.80961055631326,377.80230712890625,4637100
2021-04-30,371.88683106247197,373.965510727321,364.8446233929315,371.1097717285156,4043200
2021-05-03,374.4219426482708,375.7818109460823,366.0490075114895,368.5259094238281,3344100
2021-05-04,366.26271232615363,367.37002309515447,360.93004239144767,365.1359558105469,3321200
2021-05-05,367.0981687375121,368.75917989520957,357.4819178435807,358.56011962890625,2993900
2021-05-06,360.50271569414406,364.961157466862,355.21862996879474,364.71832275390625,3787300
2021-05-07,366.44733080730055,367.7877832610919,362.853364942582,364.640625,2935900
2021-05-10,365.019528906463,365.22350181756775,354.93702429959,355.8403625488281,3193700
2021-05-11,350.6631298939005,358.35611878854263,348.9729797416752,357.0739440917969,3073100
2021-05-12,354.2958545401209,354.90780277403593,345.4469716203682,346.39886474609375,3293200
2021-05-13,349.0312202701218,352.4406295524995,347.6616584033866,349.7014465332031,2626000
2021-05-14,352.6251365148847,354.25697864537904,351.12926640714375,353.47991943359375,2959700
2021-05-17,351.9161121599591,353.6256783066636,347.7976442351683,352.887451171875,2511600
2021-05-18,356.48138685818486,359.2399858587391,352.47947521452284,352.6640319824219,3421200
2021-05-19,347.088530800837,350.7990526703566,345.1847147761842,350.6339416503906,3577900
2021-05-20,352.5377333908195,358.8222970929172,352.1006190402441,357.16131591796875,4087500
2021-05-21,358.56004864306,361.8528720342542,356.9281767949047,357.0641784667969,2708700
2021-05-24,359.4731169142372,363.02822114054766,359.04575503423354,361.70721435546875,2351500
2021-05-25,362.43568475622885,363.0379101251427,356.3065387319703,356.695068359375,3916300
2021-05-26,358.424050359685,359.30797230661017,351.67323321796846,352.25604248046875,3101900
2021-05-27,354.10165871889717,355.8986419909608,350.20660906669923,351.624755859375,5416300
2021-05-28,353.08168390887045,354.9369447322258,350.0899731926331,350.245361328125,3624300
2021-06-01,354.0336709375876,354.92728627194043,349.2352536141276,349.47808837890625,3119700
2021-06-02,353.11078050599986,360.531822908679,352.47941623652434,356.33563232421875,3531000
2021-06-03,352.9456695846045,356.18024454850956,351.3624121623906,351.4498291015625,2605900
2021-06-04,353.868468262797,356.12198159946496,353.2759657691331,355.5294494628906,2295200
2021-06-07,357.25843190555406,360.7067027510003,352.86799079394723,353.6450500488281,2133400
2021-06-08,354.538702163284,357.14188332788285,352.81944296396756,354.791259765625,3224200
2021-06-09,356.4230831174046,358.7348743435519,352.9165344238281,352.9165344238281,2520900
2021-06-10,354.237539963846,355.16032365657543,351.5857744386133,353.85870361328125,2460200
2021-06-11,355.06327592356257,356.33572767640266,353.3731258608574,355.0244140625,2708300
2021-06-14,355.5100511426732,356.1219994161945,351.72183521481725,356.01513671875,2515300
2021-06-15,356.81163173805675,358.18122315867384,352.3434668222748,357.56927490234375,3562500
2021-06-16,358.7932208385525,358.7932208385525,350.94478476249765,353.392578125,3081000
2021-06-17,353.08167890961954,358.56973759132467,350.8767503482615,356.7630615234375,3824900
2021-06-18,351.74131965950835,359.7645903281748,351.6247637072236,356.8894348144531,5009400
2021-06-21,358.0549642303703,365.66056491987143,355.7043405371042,362.3968505859375,3094600
2021-06-22,363.27101583108725,367.9043212293558,361.35747706448865,367.2049560546875,3582700
2021-06-23,367.166076338034,367.8654414786799,363.5624175925084,364.3880615234375,2241800
2021-06-24,368.13743708370686,369.16705392944743,362.2122639619569,364.0092468261719,2788200
2021-06-25,364.6891759821054,368.7687812868509,362.62991276019534,368.72991943359375,3983900
2021-06-28,370.00245490734244,370.00245490734244,354.6552813370244,357.14190673828125,4800300
2021-06-29,358.4337288794189,360.74551989408417,357.3652503042072,357.4526672363281,3394300
2021-06-30,357.404143169433,359.5605166109266,353.8295936582722,354.6260986328125,2884900
2021-07-01,355.55866971114904,360.57078308087256,355.12158489696566,360.0851135253906,3108500
2021-07-02,362.0082900572405,364.72802706782244,361.4837587613032,364.2812194824219,2786500
2021-07-06,365.854865910082,367.39929152118765,360.85247547607645,365.3400573730469,2740500
2021-07-07,365.9908019373877,367.3118086471028,361.77519455903933,363.20306396484375,3176600
2021-07-08,357.3876185803156,360.3925884649976,355.58851851039856,360.00360107421875,2809000
2021-07-09,361.61794469305505,363.20309732418934,359.7118856101785,362.6779479980469,2404800
2021-07-12,364.68127227000696,365.7218366228985,361.8416077050158,365.2258605957031,2648300
2021-07-13,365.2160533145301,376.00091810206203,365.2160533145301,373.1515197753906,5161000
2021-07-14,372.44168109041874,380.8536560651218,372.44168109041874,380.0464782714844,4140500
2021-07-15,379.40460653895735,382.4776273072959,376.7886243798593,379.49212646484375,3773000
2021-07-16,382.3317542417687,382.6332216517339,374.7269286920594,376.4676818847656,2706500
2021-07-19,367.59863369437795,368.18212952469713,353.3712003455315,355.39398193359375,6814400
2021-07-20,356.9013174261649,366.2371616377288,355.21891088615877,364.0879821777344,3542200
2021-07-21,365.68288334954957,370.418872132712,364.7298390595778,369.60198974609375,2393100
2021-07-22,369.8353613123837,372.32491601244004,366.674790807923,371.6441955566406,4180300
2021-07-23,374.49355044979006,383.64462088704136,374.49355044979006,382.4387512207031,3720300
2021-07-26,380.8925433718838,382.0789741731689,377.58607644258,381.9914245605469,2285800
2021-07-27,379.26847657718923,384.40318707296706,375.2715845693901,379.5310363769531,2783800
2021-07-28,380.8439140240431,380.95090262199693,371.8095356478671,372.8890075683594,3372600
2021-07-29,376.83725538490324,383.87802454344614,376.83725538490324,378.1112060546875,3774000
2021-07-30,378.29598682068263,378.29598682068263,372.5388728833138,375.3201904296875,2533300
2021-08-02,378.587757457098,379.24906869230324,363.5142654853857,364.9341125488281,3430300
2021-08-03,366.29552824326095,366.3052625722355,349.6757937999971,357.4848327636719,6328500
2021-08-04,357.17362151575514,359.0991488980746,353.4295553334941,357.883544921875,3203200
2021-08-05,358.06839646777456,361.7249138373157,356.9014045273402,361.7054748535156,2562400
2021-08-06,361.1997732035928,365.16749215060315,360.79131714480366,364.22418212890625,2038500
2021-08-09,363.89352841913774,364.1949958679258,358.7393788000181,360.4801025390625,2400800
2021-08-10,362.0458861477232,362.4932202425195,354.0909486587377,357.71832275390625,3225000
2021-08-11,358.40865465963634,359.7798594685907,353.74074738995273,354.2172546386719,3267700
2021-08-12,352.5932622938194,353.22537047652287,348.00314012480527,352.0195007324219,3802900
2021-08-13,352.29174228288815,353.49761184702896,350.70659005902786,352.76824951171875,2304600
2021-08-16,350.58017319372044,353.79909002412984,346.8069338488969,353.55596923828125,2937300
2021-08-17,352.03891190634164,354.4312122244207,349.88973238377804,353.2350769042969,2812800
2021-08-18,351.2415049444237,355.6176797168418,350.6677433689357,351.0178527832031,2774500
2021-08-19,347.07930560440064,350.23017187496134,344.9592990001072,347.47802734375,2727900
2021-08-20,347.52661291525885,348.4602182380631,343.60750645893904,345.2218322753906,4135900
2021-08-23,347.6336334508565,352.2723684682871,346.9334442333352,351.07623291015625,3537900
2021-08-24,353.0405551036809,356.02608548287543,351.52348377101356,351.824951171875,3032000
2021-08-25,352.00003792123454,352.42793293647594,348.6352540994132,349.21875,2340400
2021-08-26,348.1489682695358,348.34347677098623,342.1195608585401,343.150390625,3946300
2021-08-27,342.76142815504414,346.69026868216105,341.97371911936176,345.94146728515625,3698300
2021-08-30,345.0370507930696,348.18791675480855,342.55723033671245,343.335205078125,4032100
2021-08-31,343.2282972690577,345.4455582578386,335.1955748015841,336.70294189453125,6780400
2021-09-01,337.82124800297504,342.36272832045546,337.74343272065414,339.95098876953125,4499600
2021-09-02,340.8650993126393,340.8942726218156,329.9927144735579,331.8890686035156,7412000
2021-09-03,330.5762791618461,334.67045569494695,329.6037957497186,330.8680419921875,5171000
2021-09-07,335.39977047213375,338.424179207623,333.5812018211488,335.2247009277344,4764300
2021-09-08,335.506656637873,342.3140380769023,335.506656637873,341.3804626464844,5054500
2021-09-09,341.0595453577144,343.9089434432055,340.29130506398735,341.74029541015625,3716200
2021-09-10,345.16346531267175,345.231546261375,337.471119410691,337.8309631347656,3437700
2021-09-13,340.3690598336493,342.30429156265603,336.8292073660225,338.2490539550781,3234200
2021-09-14,340.05793827291615,340.2524467954999,335.7498445659735,336.2846984863281,3281900
2021-09-15,337.45172893698447,337.96714393527907,333.32840895062776,335.2636413574219,3833500
2021-09-16,335.9054411811751,338.112967463071,335.205252057736,336.7806701660156,3771100
2021-09-17,334.53428374568034,336.47925051164356,331.39315173462813,333.6007080078125,5527500
2021-09-20,329.01056757558666,331.7237747002842,326.38485071147863,330.3428649902344,3956600
2021-09-21,332.7838123904888,333.73682707437354,327.9991812768485,328.096435546875,2967300
2021-09-22,329.9636184116218,334.4078748428567,329.2245511801891,333.9605407714844,3238800
2021-09-23,336.2263762158982,345.02736813812265,335.70125658699175,344.3271789550781,4783200
2021-09-24,344.2882053078923,350.02584990567243,343.05316240252995,348.3045654296875,3306200
2021-09-27,347.22517501556996,352.6127411893956,345.38719688071336,346.952880859375,4158000
2021-09-28,345.7177355987843,346.20397713971084,339.4452078497003,341.5166015625,3266900
2021-09-29,343.10182611420305,347.3515733299638,342.7128387349678,343.47137451171875,2808800
2021-09-30,344.97867444655355,346.2040127526403,337.84065145282483,338.1129455566406,4393300
2021-10-01,340.20374552244147,353.1864006792065,337.60723229778563,350.2689514160156,5227300
2021-10-04,350.0258390751164,350.72602810226067,330.00241537778726,334.72869873046875,7901500
2021-10-05,337.9962377704255,338.97845523874935,333.4936360836894,333.76593017578125,4724100
2021-10-06,330.6539773850508,339.2798974481269,329.7787188817539,339.0951232910156,3712000
2021-10-07,339.8254853464147,348.4915161356781,339.8254853464147,344.6064147949219,3209200
2021-10-08,346.6414529242531,350.89656937564007,344.8985002198752,345.6287841796875,2336700
2021-10-11,344.64533708361233,345.55088201418414,337.7806503954173,338.0240783691406,2769800
2021-10-12,339.4846108564845,340.79912772075824,335.56055351734136,336.2616271972656,3042900
2021-10-13,337.1477512953368,340.31231502590674,328.1214525213528,333.35028076171875,3755700
2021-10-14,334.80109965820304,336.7193133100298,331.87021729941296,335.5216369628906,4083800
2021-10-15,339.8255252623826,347.2354601315338,338.59863849894634,346.6415100097656,4053600
2021-10-18,344.6550934977693,350.47790199411367,341.0231667313651,349.017333984375,3280900
2021-10-19,348.9784299033968,352.76618444422144,348.20918898176683,352.5811767578125,2835400
2021-10-20,352.1916583136725,352.9608694336387,346.6414877749625,347.3912353515625,2796200
2021-10-21,345.27828519060733,347.01149138231165,338.1409595063538,346.845947265625,2516300
2021-10-22,347.30362571669167,352.13325914192234,345.570419362213,349.2413330078125,2774400
2021-10-25,352.93169414726094,354.7233209200519,349.35818723199225,351.3737487792969,2447900
2021-10-26,353.8274497964226,357.693087389947,347.43015521379465,347.9267578125,3320100
2021-10-27,338.8517427662332,341.8897191538226,325.025021836192,326.8945617675781,9652700
2021-10-28,335.1224332397501,341.2762697822381,320.22462353873203,324.2752685546875,9505100
2021-10-29,322.5323129350772,329.2606655773805,322.40572563649437,326.6997985839844,5843700
2021-11-01,326.4369599813633,331.9384270402197,324.12926721111614,325.26849365234375,5126200
2021-11-02,326.320057009114,326.9432171410753,318.1116732461941,319.8448791503906,5375300
2021-11-03,319.86435254431734,320.91594829985553,314.83999567823844,320.7698974609375,3952500
2021-11-04,322.366812903844,329.7280726513573,320.6725339544242,326.6121826171875,4819500
2021-11-05,333.43789535807844,340.9549521880074,332.0357478871353,339.6209716796875,7201500
2021-11-08,338.8616004515409,343.86646582898084,338.52079523020547,340.47796630859375,3862200
2021-11-09,340.7992400224164,340.9939943314206,330.7213136958293,335.5898742675781,4247800
2021-11-10,340.89652859832165,350.16625482076375,340.31229553845185,348.5304260253906,6337100
2021-11-11,348.95892087486413,350.1858075373833,343.3016563770989,345.0251159667969,4472200
2021-11-12,346.6999157903283,354.27539447404985,346.57332846731396,353.9443359375,4724200
2021-11-15,355.54119435187107,361.3737194015735,351.1789541347253,351.86053466796875,4693200
2021-11-16,355.18085221682026,361.31525455230883,352.483681155222,359.8449401855469,4969000
2021-11-17,350.1274062863122,358.32607576859186,341.98718687188745,349.72821044921875,11727300
2021-11-18,351.24709348628596,352.9510892584156,335.5216230169409,339.0659484863281,6533700
2021-11-19,336.9043697215536,337.5372766117788,330.21497268413685,330.7894592285156,6954800
2021-11-22,330.86724422351233,332.5031025642638,311.3540819445107,312.85357666015625,11378200
2021-11-23,316.41742226659494,321.0230904194189,313.23339493475896,320.3512268066406,7116200
2021-11-24,318.3551433181609,331.4125948028749,316.4758566156413,331.06207275390625,6414400
2021-11-26,313.12634426078114,318.27728992265446,310.6141799553265,315.6482849121094,6613900
2021-11-29,321.3347221215915,323.0971385493373,309.88385894059854,314.51873779296875,6362200
2021-11-30,309.6403769287042,312.32783121849985,301.95777595475704,306.641357421875,10237600
2021-12-01,312.3472759584856,313.55466910455465,297.9558164692693,298.22845458984375,8008800
2021-12-02,301.45143403886846,313.7299553476014,300.8672010130072,311.78253173828125,6717600
2021-12-03,311.8214974385786,314.20710354161446,305.7455445338184,313.642333984375,4732900
2021-12-06,316.21297730467325,327.9072681297587,313.535269259753,324.5674133300781,6055000
2021-12-07,328.43303608554663,333.41846634027297,328.43303608554663,330.5849609375,4939500
2021-12-08,330.31237623150236,334.98618256475635,325.3172282550773,333.3406066894531,4226900
2021-12-09,331.1107327651201,337.42039682343915,330.0980937442269,335.4632263183594,3389600
2021-12-10,337.87806138383155,341.0426253593285,335.765093285446,340.7213134765625,3405900
2021-12-13,340.0105518845321,340.3416104534392,331.38344668590116,336.2325439453125,4358300
2021-12-14,336.24228215963535,339.05629478257885,328.9783682251848,331.59765625,4518500
2021-12-15,331.06207073504845,337.4788290696322,326.70957702824205,337.2451477050781,4918700
2021-12-16,342.4545870366195,344.4701486740647,336.0475442246054,343.64251708984375,5369900
2021-12-17,340.0105091633275,343.5158784456363,335.0737819955482,340.1273498535156,5898200
2021-12-20,332.26943522998175,334.49924377431563,327.39115887638343,328.1603698730469,5013900
2021-12-21,331.3833991645482,342.7466315289034,330.448643944308,341.5197448730469,3105100
2021-12-22,337.4690958688554,349.19259680753663,337.4690958688554,348.08258056640625,3456400
2021-12-23,348.1409807526557,352.9413735597008,345.66774406636716,351.1010437011719,2627000
2021-12-27,350.5363779257059,351.58797398473473,346.2520503607924,350.8382263183594,2677100
2021-12-28,349.3581295538634,354.5674945888765,348.9881142470852,351.2958068847656,1920100
2021-12-29,352.26946769032526,353.603448154415,350.72126943318506,351.7923583984375,1535200
2021-12-30,352.4837332571359,355.0640640354272,349.6696913995418,351.5002746582031,1558000
2021-12-31,348.54022584380544,353.82747492609457,347.40096971743054,349.87420654296875,1984000
2022-01-03,350.3317974014243,362.53240578280094,349.8059846782759,361.19842529296875,4708200
2022-01-04,362.2111447284666,372.34749097989254,361.880086189302,365.52178955078125,6854500
2022-01-05,364.1682694720965,372.44482105100775,362.71744817481664,364.0708923339844,5976600
2022-01-06,359.46895118917064,364.86064298473855,357.3337213877085,360.7461853027344,4781100
2022-01-07,357.22652179390894,362.4914606847802,355.0035165187996,360.40496826171875,4551200
2022-01-10,361.6333678284311,361.6333678284311,340.04708549030613,354.8084411621094,6009300
2022-01-11,354.43801661698217,358.85471891941336,347.18409061964377,357.1289978027344,4131200
2022-01-12,359.7127427892557,362.81320324321985,357.8895166057169,358.1235046386719,5783100
2022-01-13,359.39092356528107,368.2340869046733,358.6792001576841,360.2781677246094,3892900
2022-01-14,355.2082755920601,365.4066601242592,355.0425142413822,362.83270263671875,4029900
2022-01-18,361.5164571130824,362.832699224188,356.0662679904581,357.13873291015625,4933900
2022-01-19,353.34607517248963,360.06373976794526,350.7135906752852,351.7080993652344,4464800
2022-01-20,352.78052989210533,363.7394349691458,352.62455771514215,354.8962707519531,5043200
2022-01-21,353.43371541042353,358.92291139252353,345.2535387220231,346.19927978515625,4867100
2022-01-24,334.00222292219365,341.34389404667786,322.32183580564464,340.680908203125,7472800
2022-01-25,334.7334874925327,338.36045054600396,325.0518464339602,330.28753662109375,6994400
2022-01-26,334.772443070039,345.8970789168499,332.7152291222305,336.0399475097656,7438600
2022-01-27,340.34943643986713,350.63559698915304,325.96833646108394,341.76318359375,8416100
2022-01-28,350.0700771546088,373.1968364910467,346.49188123706625,372.943359375,8813400
2022-01-31,369.20914950027407,376.88231486413815,366.8789392294895,376.7165832519531,6345200
2022-02-01,376.1120324197643,385.60842248110106,372.8555704249561,382.25445556640625,5841100
2022-02-02,379.5537638332209,389.91790951966595,373.1773226088372,386.8271789550781,6115000
2022-02-03,378.82250645080484,383.11245518086395,376.8237597127797,380.3142395019531,4209200
2022-02-04,377.8768037440218,378.4422847358439,366.9959140107724,372.64111328125,6045400
2022-02-07,372.64106431962244,372.836044401313,363.9733918585962,366.7228698730469,4767500
2022-02-08,368.0976274791349,370.27183551349754,361.2726994343305,365.00689697265625,5825300
2022-02-09,375.9560656311082,378.73479245875956,371.081116724466,371.83184814453125,5492800
2022-02-10,362.42316218805917,370.4960754847648,361.2921705976395,365.0263977050781,3995000
2022-02-11,368.40948075132206,371.3734568613413,358.4451176380146,360.5218200683594,4345600
2022-02-14,359.5957431267977,367.8539078758867,357.58726653059523,364.80218505859375,3678400
2022-02-15,365.21163918208197,373.4893222048307,364.06115844420685,371.9975891113281,5800400
2022-02-16,370.4570627239902,375.37101893949955,367.35660274755344,373.352783203125,3424800
2022-02-17,369.13111186310863,371.75383657547764,362.86193513986836,364.3536682128906,3972500
2022-02-18,365.1433684552747,365.4358534366204,359.77116618142657,360.6974182128906,4083800
2022-02-22,355.8711641831413,364.95807337948406,354.70116489231884,359.0788879394531,3897900
2022-02-23,362.6669055658121,364.2171355570248,351.12303154456924,352.1955261230469,3802500
2022-02-24,337.2879897750946,361.27274594250315,332.7737820264917,360.1417541503906,7425000
2022-02-25,358.0357521236055,363.27144253886365,352.6538191906108,359.8589782714844,3817900
2022-02-28,353.1315687079945,356.22226980491973,346.7648863118744,351.79583740234375,4952400
2022-03-01,348.90007930804035,352.53677194229414,332.6859954082403,335.8644714355469,5894200
2022-03-02,334.3825096417339,339.6084706946211,330.21931370603176,335.4842529296875,4997900
2022-03-03,338.9357080110441,340.75893417138315,332.17903585649555,332.4617614746094,3975900
2022-03-04,328.474093450297,330.3558168282373,315.89672961109187,322.4876708984375,4670900
2022-03-07,321.33711437242334,321.5516133113741,304.30404194976717,305.09381103515625,6874300
2022-03-08,303.6020936862307,316.6084542868518,297.9666239744604,306.4685363769531,5048200
2022-03-09,315.06788096008694,321.2103332472734,313.07889385958,319.92333984375,4015900
2022-03-10,313.88823717362004,317.96368763783636,311.7530070048744,316.4719543457031,3771300
2022-03-11,321.77586795191365,322.6923607028126,315.9259294164699,316.66693115234375,2987700
2022-03-14,320.8692026445029,328.4546233634043,319.07522468382774,320.3719482421875,4122700
2022-03-15,324.106060881518,329.9169906551936,322.9263020243607,326.62152099609375,3738900
2022-03-16,333.43669324582856,342.16286231521303,328.25950070324126,336.0594177246094,4340800
2022-03-17,333.0565048366265,338.20444953087036,331.2527678467137,337.77545166015625,3244200
2022-03-18,338.0289676084847,343.9178844388128,333.92423922394624,341.33416748046875,6790800
2022-03-21,337.3659791179756,341.2464494547625,333.9242661179336,336.9369812011719,6053800
2022-03-22,338.1069253108596,345.078095680666,336.86869910951384,340.78814697265625,4669900
2022-03-23,334.81143679447257,338.0581689616747,333.20270983756245,333.6219482421875,2527800
2022-03-24,333.6902976029441,340.7102368757245,332.1790751400758,340.61273193359375,2482700
2022-03-25,341.6461435164665,342.74788663547844,337.00518303437184,340.2908935546875,2173800
2022-03-28,339.79369092844775,341.79240803559645,334.93823120995455,341.7241516113281,3134600
2022-03-29,349.74830643205604,361.48719075320963,348.1688278784865,358.3574523925781,5512400
2022-03-30,354.9060181844876,359.06921358537653,350.62579902333954,353.1802673339844,2614200
2022-03-31,350.58682374895517,355.01328582970115,348.4223451746486,348.4418640136719,4095700
2022-04-01,350.2358032921857,358.6889771330013,349.21207600287073,354.86700439453125,3806800
2022-04-04,355.14001370467224,360.512216707217,354.06751903706,357.7334899902344,3027200
2022-04-05,354.22348643175167,358.4354488497379,352.87799595759026,354.2332458496094,2215900
2022-04-06,347.55462498968984,348.15911392203094,340.83693079631917,344.7076416015625,3864500
2022-04-07,342.87211396005637,344.5514250451295,337.62915702576106,341.2806701660156,2848500
2022-04-08,339.0838843086414,347.47069621433087,337.47292444923886,343.9363098144531,2235100
2022-04-11,342.3449435782883,343.18458430484367,337.63896289576104,339.15228271484375,1809200
2022-04-12,341.72000624118914,346.0940330474995,336.3306042977513,337.6193542480469,4038500
2022-04-13,336.26220454206145,348.5543559858069,334.7586283891542,346.7383728027344,3048500
2022-04-14,348.73016771403627,354.3636856044758,348.42750378319994,349.35504150390625,3358900
2022-04-18,345.61560972507306,352.2254701524666,344.86383642700434,348.359130859375,1871400
2022-04-19,348.36883328606353,356.0429023331138,347.6463492291252,355.2618103027344,2999300
2022-04-20,357.9859004696893,363.0921846940587,355.2618953660609,356.6483154296875,3377300
2022-04-21,360.7391661890476,366.3433646017144,354.8615631751588,355.8183898925781,3605300
2022-04-22,351.9715613758928,353.53371573502,342.3155172764726,342.8720397949219,2968800
2022-04-25,341.0170605713286,346.6603215674075,338.93744534378084,346.2112121582031,3380400
2022-04-26,339.70877055930674,341.7786128591233,335.45189977660834,335.9693603515625,3116400
2022-04-27,348.55443248041894,364.89840389742267,347.57808953229454,353.0163269042969,5702300
2022-04-28,360.39747236487733,372.93371207483847,360.065519342451,369.86798095703125,6843300
2022-04-29,363.24841629380524,368.1984826600089,353.1920948950705,354.7835388183594,4741800
2022-05-02,354.4124827465276,356.29681744599384,342.29606343858904,350.5461730957031,3903800
2022-05-03,353.03580499617874,354.8420452147056,345.0786167854998,349.3257141113281,2686900
2022-05-04,350.86831842042164,360.50481739540163,345.2934091980061,359.8018493652344,3346600
2022-05-05,353.5337686331124,359.06961616839203,340.77295983027443,345.0102844238281,3424800
2022-05-06,338.05869809453276,342.95018510914093,332.7181017299222,338.9081115722656,3635200
2022-05-09,332.9328806793271,334.2900114156637,317.20401314033165,320.23065185546875,5777400
2022-05-10,324.4485521141917,325.7861373070556,315.40760606052817,317.6336669921875,5003500
2022-05-11,317.78013039556447,323.1695330296341,311.01405076027,318.160888671875,4263900
2022-05-12,314.1578108319996,317.87767450216995,305.3707256654962,313.6403503417969,3891500
2022-05-13,319.9182662244149,327.2994155896116,318.3756278770727,324.9268798828125,3536000
2022-05-16,320.7677149579145,325.6591727821838,317.3407417348175,321.9295654296875,2062300
2022-05-17,332.06396498566636,333.1086590256738,324.6632990125023,330.8435363769531,2802300
2022-05-18,325.72749177460236,333.5187183226316,325.66891358816457,327.95355224609375,4521400
2022-05-19,322.1931438791459,328.25622469846184,316.75490699666136,324.3606262207031,4380700
2022-05-20,327.75824226904774,331.5757158423892,319.93772804243497,328.22686767578125,3428700
2022-05-23,331.0095466062026,342.9892637843352,330.94119544927787,340.1871643066406,3420800
2022-05-24,335.7545888759881,335.86197229778935,328.0317126235497,332.6302795410156,2561500
2022-05-25,332.5228074484155,339.51342525607805,331.1852226210077,336.60394287109375,3033400
2022-05-26,339.7673683031673,344.8931691180857,337.82445524315983,341.6126708984375,2817400
2022-05-27,345.02987909584147,349.3257824864246,343.7801314084902,349.3160095214844,2658700
2022-05-31,344.7368909942097,352.4304773673574,342.8330403269866,349.40380859375,3873800
2022-06-01,349.7260212265108,355.81839108354734,346.4552667157882,348.61297607421875,2190000
2022-06-02,351.9618455111024,356.4139667897135,349.2964484403937,354.4905700683594,2484200
2022-06-03,350.9757743763065,352.4109997045655,347.3535205791248,349.35504150390625,2076600
2022-06-06,353.4361618795858,359.59688375411326,350.04825051725766,351.62017822265625,2196100
2022-06-07,348.4860278139044,355.85743381775535,347.9002161758553,355.4082946777344,2158800
2022-06-08,356.3651186250556,358.4349605741544,352.44023133264847,353.7582702636719,1709600
2022-06-09,351.24907941477943,353.6411012894845,340.68504364446426,340.7436218261719,2250600
2022-06-10,333.25513420572827,336.1646469946759,326.68436505989945,326.830810546875,3300500
2022-06-13,314.382386582726,323.07183168132366,310.3989210056628,312.17584228515625,4825100
2022-06-14,312.5273562217831,316.3350874261218,312.09776297866597,314.51910400390625,2788400
2022-06-15,319.66440144724385,322.80822647202143,311.8731751348078,317.69219970703125,2357800
2022-06-16,308.61222288832016,308.96372182513494,297.8626780524897,301.47515869140625,4528500
2022-06-17,299.7372281250092,306.7083297520275,296.46647391110156,303.3399353027344,6235300
2022-06-21,308.5731056812531,312.6542409079992,307.4308013809049,309.89117431640625,3193700
2022-06-22,306.05427553901774,311.49251380654675,303.99417608551056,308.6708679199219,2671500
2022-06-23,311.3557462611943,312.41021328351826,306.122562595388,309.2663879394531,2387600
2022-06-24,311.6681000621293,322.98390773252646,311.6681000621293,322.6812438964844,4318900
2022-06-27,324.1165118621191,324.1165118621191,319.38124344930736,321.05078125,2810800
2022-06-28,324.82932966549265,329.1740381601508,310.59423196775566,310.7602233886719,3394200
2022-06-29,311.56081160543255,318.39521285061863,310.87738935828884,314.95849609375,3779500
2022-06-30,307.8408982345343,310.7601837075979,302.36362897805225,308.01666259765625,3411500
2022-07-01,306.66926026537755,311.3947555464534,303.9452556809164,310.7113037109375,2287700
2022-07-05,305.6734230853831,312.73239300336513,302.13906654238616,311.7072448730469,2112100
2022-07-06,311.45336888141264,314.73386655268644,308.2509655279991,312.595703125,2219200
2022-07-07,315.206512384134,317.6608687978247,312.4392103832441,316.8883972167969,2202100
2022-07-08,315.62693253882435,317.7781906932307,312.27295127919956,315.9007263183594,1662100
2022-07-11,312.3023625420216,318.9907806754167,312.0774487298146,317.0057678222656,2073800
2022-07-12,313.113931869834,320.10547729788357,313.113931869834,315.7052001953125,2761500
2022-07-13,308.9483072668721,317.72928418701844,306.8557170544437,316.203857421875,2442600
2022-07-14,309.15359873719996,320.3205040171142,308.40067340886156,317.8270263671875,2743900
2022-07-15,326.23658067250176,328.1335915939355,322.45234677335355,325.2000732421875,3387400
2022-07-18,328.0651108335417,330.030577529626,322.481656348985,323.67462158203125,2468500
2022-07-19,324.4275206603339,334.4308274082798,324.4275206603339,332.8369445800781,2689800
2022-07-20,332.83695287719456,335.7020149259929,328.8375936350115,333.70721435546875,2563600
2022-07-21,334.2939187467206,339.53515294402246,332.5240319902742,339.2320251464844,2230800
2022-07-22,341.1485961489621,343.3096127502269,332.85650774370845,336.2593994140625,2253000
2022-07-25,336.8167329560517,337.8825741302471,332.57288445962047,336.58203125,2180100
2022-07-26,335.0566456262115,336.99277827235005,331.7808778519083,333.7170104980469,2254200
2022-07-27,335.4086543987178,341.1876880110431,323.89946720059294,335.6628723144531,4580300
2022-07-28,340.2881288746586,345.43157393502344,333.07166895322723,344.6395263671875,3635500
2022-07-29,346.2822909352705,348.89310556870686,342.20468727820526,345.9498291015625,3176800
2022-08-01,340.1023078535493,346.9765174100003,337.9999591827288,342.7718200683594,2289400
2022-08-02,339.38850401339823,343.3683177466299,336.3572255839509,341.2757568359375,2878800
2022-08-03,342.243775751603,348.5801855426681,340.8161386426001,346.2822570800781,2921200
2022-08-04,346.810260751334,350.6629199515011,341.9014886062529,348.1792297363281,2339500
2022-08-05,342.63488829620326,349.9002272084522,342.63488829620326,349.58734130859375,1848700
2022-08-08,351.0443755357106,351.0443755357106,342.13627214050524,344.35595703125,2477600
2022-08-09,342.6348885310491,343.3389340284663,337.6968119480964,338.8604431152344,2467400
2022-08-10,346.4875760205432,346.6929139191914,343.27047634904625,345.5488586425781,2443700
2022-08-11,347.9641456624814,347.9641456624814,342.58602912934043,342.8109130859375,2609400
2022-08-12,346.87868353828605,347.572970886593,342.4979828277445,346.4190979003906,2514200
2022-08-15,344.5220762263518,353.9289145068068,343.04555930919435,351.9732360839844,2526300
2022-08-16,346.4190769280873,352.0221061945459,345.2750217940739,351.2887268066406,2448700
2022-08-17,345.66622500215357,349.0495409422287,343.9550060664993,347.4556579589844,2439900
2022-08-18,346.46806353642535,351.552810514095,345.73468398607287,349.440673828125,1934900
2022-08-19,348.72688372685826,348.8637657307767,345.7249094887533,346.428955078125,1740700
2022-08-22,342.24379137639744,343.22163078033,336.6505487922515,337.8533020019531,2312400
2022-08-23,335.0957616956608,337.559906059328,331.8493279648301,333.3356628417969,2240700
2022-08-24,332.64134833568,334.7046046671291,330.8519156413981,332.1817626953125,2218400
2022-08-25,332.4654283320378,337.48174971647813,329.84482564709566,337.0319519042969,2228500
2022-08-26,337.4034598058114,337.98041128952786,324.3493282006219,324.6035461425781,1925000
2022-08-29,322.67716268287865,325.43467651376045,320.506358366844,322.0513610839844,2308200
2022-08-30,323.664873123175,325.59121812363236,318.35521182267195,320.5455627441406,2618900
2022-08-31,321.01487540270983,323.84081549085204,317.09373022079785,317.1817321777344,3129000
2022-09-01,316.6342060960297,318.3943052594475,312.1361384279367,318.04229736328125,2493200
2022-09-02,322.1101020620206,322.36434987238306,313.4268828297111,315.4118957519531,1936800
2022-09-06,315.35322017056814,319.74370971768303,313.45620926502943,316.898193359375,2043400
2022-09-07,316.8981861265337,321.904749023983,314.9131732974406,321.33758544921875,1998300
2022-09-08,317.33816392486943,322.97052743544845,316.31144467050916,322.7554016113281,2114000
2022-09-09,323.2150541546446,329.55143457451567,322.8336824524087,328.4073791503906,1815700
2022-09-12,330.5977369433518,331.95694810626435,328.4953880885534,330.9204406738281,2097800
2022-09-13,322.6870650443388,325.42500396274204,317.387161330713,318.2281188964844,2316900
2022-09-14,319.79253727420706,321.20062809608305,316.18430827331025,318.62890625,2657900
2022-09-15,316.418991936632,318.7169200887214,308.18560235504145,309.9359130859375,2486800
2022-09-16,305.91707269574124,308.6354651268375,302.2599329228871,308.14654541015625,3650900
2022-09-19,305.03699959994276,308.45943735221715,303.3746607551796,307.0708923339844,2369700
2022-09-20,304.2645015274695,307.403357545248,302.58261661975445,306.3277282714844,2769600
2022-09-21,307.51092242569416,307.9998420893975,297.47828137729016,297.7520751953125,2366300
2022-09-22,296.2364163834319,296.3635104208219,290.01734315913893,291.74810791015625,3176500
2022-09-23,286.63408682571077,288.0421780410208,283.8081164512383,287.0740966796875,3245900
2022-09-26,283.6222402400378,288.7950178216407,282.7128569709022,283.680908203125,3635600
2022-09-27,288.92217430121923,291.2983165983126,278.4886160156811,280.13140869140625,4073300
2022-09-28,278.79173743232644,286.48735748452407,275.44754387019765,283.7493896484375,5611400
2022-09-29,281.95998090248855,285.5975444570048,278.5375431973739,280.41497802734375,3439700
2022-09-30,280.5030241876375,284.316622104438,278.03887939453125,278.03887939453125,3804200
2022-10-03,281.4710331335022,286.2624394741202,278.6059713025528,284.0427551269531,5285200
2022-10-04,289.6262475409015,297.23383670241043,289.42090962723586,294.5936584472656,3949200
2022-10-05,291.3765185368823,299.8054871738633,290.66268521972154,297.45867919921875,2845200
2022-10-06,296.3519763370504,298.7711374706156,292.7085439798072,293.0709533691406,2494400
2022-10-07,290.55380695925663,291.0728966953434,286.95933396034724,288.8985900878906,2210800
2022-10-10,290.926097128988,291.13176637454035,283.58046803627457,285.77435302734375,1783500
2022-10-11,283.8643957283104,284.41289670750007,278.56577643863295,280.1622009277344,3554900
2022-10-12,280.6421413256559,281.57256949483946,277.38066614286913,277.54718017578125,2646800
2022-10-13,271.5727548243929,289.34916806809565,271.1711902524897,287.909423828125,3322800
2022-10-14,289.770297393475,292.47349786055986,281.91538386462247,282.7478942871094,3106300
2022-10-17,289.3393462806394,292.5812137448026,285.3433086937073,288.9671630859375,3417600
2022-10-18,296.92987806144095,297.44896789862514,290.4461121300088,294.1972961425781,3096000
2022-10-19,289.3785181924019,293.47250368176424,288.72232558642355,291.6311950683594,1914300
2022-10-20,291.62141534590864,296.4989228262485,289.52544859313514,290.1816711425781,2463800
2022-10-21,288.44815776315806,296.4793605528245,287.4589368655418,296.1463623046875,3599600
2022-10-24,298.2520578592155,300.68102281019156,294.31481222951976,299.3098449707031,3184100
2022-10-25,299.6134207930166,305.6760136601506,299.5644320154486,305.0002136230469,3012400
2022-10-26,305.862140836206,317.7718550470398,305.862140836206,312.93353271484375,5278000
2022-10-27,309.67204425530184,316.43001523629454,307.5956851024192,312.79638671875,4725800
2022-10-28,312.73759760099085,324.97050471264964,311.27827603289035,322.6884765625,3644400
2022-10-31,322.1106220691066,322.65909312018215,317.11559009948286,321.4250183105469,3157900
2022-11-01,325.38190404931294,326.7726892855843,320.3574902559878,326.3319396972656,3660400
2022-11-02,324.59842690145734,326.14589276080164,313.0510909779107,313.2371826171875,3074900
2022-11-03,308.6338791624562,310.2499112288345,302.2480911053137,302.8063659667969,2860900
2022-11-04,307.38025834471375,316.47905155107196,306.79260210822673,311.8170166015625,3414000
2022-11-07,315.81303572368574,319.09405888803246,311.17057864073655,318.4378662109375,2742100
2022-11-08,319.5151748009603,322.6199095265987,315.62688864924223,319.0450439453125,2387500
2022-11-09,315.6465328105786,317.0275144690148,308.6632843039796,309.1432189941406,3001200
2022-11-10,324.36326632664253,330.4552403502005,322.3848550430238,330.3279113769531,3255000
2022-11-11,332.02232669881016,335.5776148024073,329.43665175458256,332.3063659667969,3734700
2022-11-14,329.808893953539,337.4189837020578,329.1037124689163,332.384765625,2348900
2022-11-15,339.45613589932236,343.990841411083,332.50226919160764,336.4395446777344,2983600
2022-11-16,336.09677795467434,338.02623085063897,333.09976399903513,335.70501708984375,2579600
2022-11-17,332.0223094797471,334.88221981009593,330.06347579550084,334.2455749511719,2004500
2022-11-18,338.5452667976227,341.45413633705334,334.30437466260906,336.6158142089844,2737700
2022-11-21,335.94004218417984,337.16431347493847,330.67077376644477,331.2878112792969,1965100
2022-11-22,332.83526618012826,338.212285838522,330.61200034884536,337.85968017578125,2510700
2022-11-23,337.5364568216403,343.5794424602598,337.0663259413771,341.46392822265625,1937300
2022-11-25,341.7772986704174,344.1670781969921,340.91540705238316,344.0593566894531,944400
2022-11-28,339.54429248136495,343.0212409093575,336.1653216247613,337.497314453125,2226200
2022-11-29,336.5766689268858,337.62465236151206,333.7363654119059,336.0673828125,1724200
2022-11-30,335.7931207360561,349.064208984375,334.4513242431178,349.064208984375,4252300
2022-12-01,350.62143716655856,354.13754015756626,346.762532291757,353.37359619140625,3374700
2022-12-02,350.09263114901387,354.8330060121215,348.7312271233083,352.6488952636719,2015500
2022-12-05,348.6724761678101,351.51277968679534,347.15439166835984,348.7606201171875,2202500
2022-12-06,346.53731097840085,347.69301580112085,337.2622313049739,340.37677001953125,2353300
2022-12-07,339.7401799276573,340.69021563053116,334.4415302744573,340.2690734863281,2454300
2022-12-08,342.7959634449536,344.92131156966417,340.0731852737397,343.94189453125,1998600
2022-12-09,341.2288822708021,345.50892984683566,340.2102802054955,341.6500244140625,2301100
2022-12-12,343.09952772574985,351.0621918093932,341.91444166002873,350.7977600097656,2427100
2022-12-13,361.63994629661386,361.6595537670873,348.41781596369583,349.7987976074219,3072200
2022-12-14,349.651824498877,354.6468565410329,346.48829723131104,350.1513366699219,2587200
2022-12-15,344.18667555510297,346.517662503417,335.5090268986696,339.1230773925781,2774900
2022-12-16,337.673543874115,341.0721216122599,336.3121699658499,338.7215270996094,5947100
2022-12-19,338.25142545029627,338.73136008337093,332.5512414844848,334.23583984375,2457300
2022-12-20,334.343526362527,337.28177692184533,333.60896372269735,335.8910217285156,1895900
2022-12-21,336.56688355188663,340.4453666333499,335.3230047907938,338.5746765136719,2087000
2022-12-22,337.1055350212934,338.4865165591819,329.50524964038146,334.490478515625,2276100
2022-12-23,332.0419028375793,337.44830319228794,330.7392915269946,336.52764892578125,1914500
2022-12-27,337.0173766297203,339.7695358530139,334.77450345744535,339.03497314453125,1637700
2022-12-28,339.41691492466606,342.31601047064083,334.74510706930903,334.91162109375,1854100
2022-12-29,337.29157131717744,342.5216535812392,336.4688647700764,341.042724609375,1459800
2022-12-30,338.22209840643904,340.7392075597598,336.5473035126206,340.5727233886719,1617600
2023-01-03,342.75667312405506,347.35994374658065,336.860595123852,339.6617126464844,2933600
2023-01-04,344.15737796841205,349.6323157933422,342.4923569965682,347.8399658203125,2661000
2023-01-05,348.78998046511254,350.2003433492368,344.0398019935436,344.5295104980469,2608500
2023-01-06,350.5234923485321,361.71678209323414,348.57129864710004,360.6867370605469,4432800
2023-01-09,364.5714791641326,367.87746654003456,362.54078836372486,363.92401123046875,3913500
2023-01-10,361.8050000718042,364.6204838993952,360.23538370503155,363.9632263183594,3485900
2023-01-11,365.5426409369027,370.74199340225266,364.2084864536219,370.68310546875,3370200
2023-01-12,370.6831250827699,373.8910357002375,369.7610064575588,372.5960998535156,3291200
2023-01-13,367.9363186064664,370.6929446495853,367.20056368525076,368.3875732421875,4261000
2023-01-17,367.8774719238281,371.1442107018158,366.8768559778556,367.8774719238281,2814500
2023-01-18,367.39675612534467,368.67205260790905,361.5008974444135,361.9129333496094,2747100
2023-01-19,357.675010171999,363.75723309223605,356.6940035779661,360.9515686035156,3111200
2023-01-20,363.19810049145764,369.4667173772572,362.3838482118988,369.1331787109375,3863400
2023-01-23,369.5844103779035,374.1362952917422,369.2116230864147,371.3796691894531,2743900
2023-01-24,382.5925429210399,382.5925429210399,368.0932677483706,372.79229736328125,2756200
2023-01-25,367.975559643904,375.2938600596698,367.975559643904,375.1271057128906,3501900
2023-01-26,376.12774455636014,376.8144312144286,365.9154622453767,370.0749206542969,3718400
2023-01-27,369.0448812030527,373.29262667688795,366.28825500761405,366.9259033203125,3405600
2023-01-30,362.4426620518682,366.6413687779677,362.3838040554511,364.0711364746094,2688600
2023-01-31,362.96260559015724,365.40533226914107,360.04901492520577,363.56103515625,3137400
2023-02-01,361.5695888549144,369.6236441929107,360.0294013968025,366.97491455078125,2951900
2023-02-02,372.31156951586763,373.2435376495574,365.7192047549739,367.8185729980469,2761600
2023-02-03,363.75728106155475,371.03636412188075,363.45317137233667,366.8082275390625,2739600
2023-02-06,362.9724261732273,367.2201713933158,362.04045796868587,365.8860168457031,2068300
2023-02-07,364.45371835036883,369.9081118552083,361.83441793798664,367.936279296875,2309100
2023-02-08,366.08221091209504,368.65244316700966,363.1097623972822,363.3157653808594,2193600
2023-02-09,366.2097034184702,367.4556007961381,362.2366391885992,363.3844299316406,2287600
2023-02-10,362.6192964887328,363.2176961486354,356.02693089386497,359.8626403808594,2270700
2023-02-13,361.5597774846931,364.0907911896254,360.0980872818399,363.7866516113281,2286400
2023-02-14,362.56040971964535,366.317681800869,360.74557144165954,362.9331970214844,1841400
2023-02-15,359.3230349959125,362.7761668615893,358.07716760395857,362.6192321777344,2203300
2023-02-16,357.96927788426717,365.9939041386559,357.96927788426717,360.5689392089844,2792700
2023-02-17,357.14527734787737,359.7351492649833,352.96617945343223,354.27093505859375,2718900
2023-02-21,349.9838587405173,354.89868052952124,348.4436714814634,349.19903564453125,2730900
2023-02-22,348.61045171901304,350.94525195396324,346.50129375429447,348.2278747558594,2109300
2023-02-23,350.9452682570302,350.9452682570302,344.9807616968188,348.7772521972656,1975500
2023-02-24,344.1567218336479,347.2763154483315,342.95007301078635,346.41302490234375,2016100
2023-02-27,348.88514455453173,351.22973437748004,348.0807120889425,348.7281799316406,2200800
2023-02-28,348.07091518259614,351.0041150485161,346.53072778668167,348.54180908203125,2732900
2023-03-01,347.27633092899134,348.5614471597099,342.75390494445173,346.78582763671875,1968100
2023-03-02,346.91334274634335,349.84654268035257,345.0101876899523,348.8164978027344,2526000
2023-03-03,351.3180433343349,354.82024372787436,350.30760783586203,354.63385009765625,2174900
2023-03-06,354.94779480910677,361.53034033438433,354.3984335396974,359.9607238769531,2789400
2023-03-07,360.19617294239794,362.1385466691805,352.72087819884786,353.1034851074219,1660800
2023-03-08,351.7988099469467,354.8301470955548,350.49408416551097,352.2108459472656,1634400
2023-03-09,352.42664751784224,357.10603857361207,347.18807547297,347.7080078125,2414700
2023-03-10,345.71650327692373,346.3443318674128,338.6728838120092,340.51715087890625,3176400
2023-03-13,337.10327637173424,343.21492785124855,333.7482208895515,338.1627502441406,3308200
2023-03-14,344.33330476076634,349.3462339441926,341.939646344032,346.1187438964844,3413300
2023-03-15,339.4772775424715,341.7826487384588,337.11307829116157,341.4687194824219,3082600
2023-03-16,340.03649543828453,342.0671862408187,333.81691732335486,341.3902893066406,3768100
2023-03-17,343.597589175939,345.25549285779095,340.2719621653059,343.018798828125,8426800
2023-03-20,341.39027536583615,347.11934995758315,340.7428074579339,342.6852111816406,3864200
2023-03-21,347.6393274630925,349.4345864272406,344.16655548259996,347.8355407714844,3766800
2023-03-22,347.87475307832796,353.1623932812817,344.3627624511719,344.3627624511719,2596400
2023-03-23,345.7165481426895,353.02502953265997,345.157367181601,347.6393127441406,2598100
2023-03-24,343.7937135491447,345.7262974035341,339.7323325802282,344.9512939453125,2971500
2023-03-27,348.8164896378858,351.0924319111335,347.55098286573497,347.884521484375,2420300
2023-03-28,348.8066548280312,349.14019343217035,346.09906741591885,347.6000061035156,1695900
2023-03-29,350.5920751191124,353.19173611448923,349.06170751662864,352.70123291015625,2327000
2023-03-30,354.094366053488,355.7032014088428,351.4358164484298,352.43646240234375,2480500
2023-03-31,354.27087478330816,356.74300033434776,353.5351199235764,356.507568359375,3376600
2023-04-03,355.72278991182355,359.69588461638585,354.8791386035329,359.5094909667969,2978000
2023-04-04,359.8331635260592,362.1091057361458,356.47813814241283,356.9882507324219,2198700
2023-04-05,357.13559888352484,358.75679273343167,355.2982138697319,357.440185546875,2239600
2023-04-06,354.9052646494627,355.7207942358618,349.7567356361872,355.1607360839844,2357600
2023-04-10,353.4314255269859,354.63013220964865,351.33859886107473,353.85394287109375,1559100
2023-04-11,357.0766626360418,358.8157572003264,354.85610043578555,357.7742614746094,3033800
2023-04-12,359.6902350713316,362.16626886401946,354.7283924058306,355.4653015136719,2268800
2023-04-13,357.4697399931619,363.29622808424654,357.0472525902811,363.1979675292969,2611700
2023-04-14,363.5418344766124,366.87267810957337,362.66735459011505,365.9294128417969,2254600
2023-04-17,366.84316540846544,367.57026945219104,361.9599431665186,366.253662109375,2432700
2023-04-18,367.4229040704917,367.4229040704917,363.5025271106629,365.82135009765625,2087800
2023-04-19,366.47968533627375,367.6194418665003,364.68164002478403,366.2929992675781,1795300
2023-04-20,364.966534825181,368.6412453683565,363.23724516490597,368.4545593261719,2124800
2023-04-21,369.16197073646987,370.84211502862416,366.74491737066285,368.6903381347656,3537800
2023-04-24,368.6018917682801,371.0484501439826,367.0985985425641,368.1892395019531,1886300
2023-04-25,366.9807561549193,368.0418921359827,361.89117749619066,362.0975036621094,2245000
2023-04-26,363.18810352777876,365.72305751862166,359.7000492950067,360.3583679199219,2594200
2023-04-27,360.1815225267095,368.4349288596876,354.69893173371474,367.1477966308594,3859900
2023-04-28,366.0276978195328,375.2636201257153,365.02551213865104,373.39678955078125,3107300
2023-05-01,373.848744819056,375.7843607420878,372.34545133461376,373.229736328125,1745100
2023-05-02,371.1762028271818,372.2275337088057,364.4654302539734,369.4665832519531,2478700
2023-05-03,370.0954787297032,372.92518498035804,367.7962955496192,368.3563537597656,1970900
2023-05-04,367.9632434460879,370.27223107751036,365.6444507506375,369.5549621582031,2814900
2023-05-05,373.92740628253387,378.42745217899653,371.63805811995786,377.9460144042969,2683100
2023-05-08,377.3073096694562,380.6970736770426,377.07147835808087,378.7811279296875,1719600
2023-05-09,377.1796378120367,379.42967579935976,376.0202411140818,376.25604248046875,2036400
2023-05-10,379.2527709602792,380.00935027142344,371.05834415915143,375.8630065917969,1940800
2023-05-11,375.5387545275693,378.9874992627455,372.64026292791533,376.69818115234375,1901200
2023-05-12,377.7789032832676,378.29965119002634,372.18821708443244,375.2537841796875,2044000
2023-05-15,375.20467536799435,376.9634403497711,373.88806789062954,376.7178039550781,1957400
2023-05-16,375.9218806257847,376.9044260377784,370.734042049854,373.6030578613281,2762700
2023-05-17,375.52888053464545,380.7559995060228,372.51245882644173,380.2450866699219,3260300
2023-05-18,380.353248325046,385.17755126953125,379.07595091978914,385.17755126953125,3729500
2023-05-19,385.157817437182,385.3543385216742,378.417570024787,378.8400573730469,3369100
2023-05-22,378.2702304137991,380.6086937978974,377.4743708566783,377.8182678222656,1808800
2023-05-23,374.86074710938345,375.3618549078753,363.9741561992212,367.22637939453125,3979000
2023-05-24,362.92283348542014,363.15863481476356,359.19897757335394,362.0680236816406,2655700
2023-05-25,361.488319521752,364.514546476919,358.5406830134465,363.5811462402344,3752200
2023-05-26,364.52439759635246,369.1227035556368,363.59096733361054,367.8355712890625,2691300
2023-05-30,369.7122282296799,370.0561251597441,359.80818255027236,361.0854797363281,3430100
2023-05-31,358.629102560619,359.31689639510967,351.6039083293585,358.64874267578125,10695300
2023-06-01,360.75142353776624,364.6128203079488,359.66078239780563,364.406494140625,3389700
2023-06-02,368.05173136604714,369.2602731785438,365.654317842257,367.2067565917969,2501500
2023-06-05,366.2438522546249,366.2929675379585,362.09750885129955,364.0527648925781,2316200
2023-06-06,366.4404088919606,373.7407158099455,365.3202924681961,373.3280334472656,2758700
2023-06-07,372.66972750242934,373.8585992778134,361.83225077795123,364.9076232910156,3714500
2023-06-08,362.91304519310603,363.3158925059107,359.4643303674845,361.1739501953125,2594700
2023-06-09,363.9938903483839,365.61508483978764,361.3410348128824,362.7755432128906,2201800
2023-06-12,364.2001596705806,369.40763891229614,363.48289064921204,368.7591552734375,2407500
2023-06-13,368.7591628750338,370.5965182305537,363.3551624247233,364.89776611328125,2444100
2023-06-14,366.4207053665768,371.4808089604005,365.52658531641987,368.2187805175781,2775400
2023-06-15,366.7547352201092,372.9447896455182,364.0527351891922,372.4240417480469,2558100
2023-06-16,374.94917316192675,376.2166652503339,369.5943181878738,369.9578552246094,5886900
2023-06-20,368.4643838813531,372.88583846733167,367.2263670021086,368.0811767578125,3961700
2023-06-21,367.43273488888127,371.78543457534687,367.1379832102995,369.57470703125,2301300
2023-06-22,368.56260830721817,371.87381165161145,367.4228819751823,371.2056579589844,1933300
2023-06-23,368.4349817264973,374.4677964760191,366.70569177279856,373.1806640625,3739700
2023-06-26,371.46114995468395,373.35745557648863,368.7984600409893,370.83233642578125,3327800
2023-06-27,373.7013650958553,376.1577289327778,372.39459272797296,375.1260681152344,2197300
2023-06-28,374.53658872489916,374.7429149211336,372.06058441534236,373.5933532714844,2012400
2023-06-29,374.20250458965677,381.2375348123009,373.85860762639504,380.9034729003906,2524600
2023-06-30,381.3259313127921,388.27253549959255,381.3259313127921,386.4351501464844,4407100
2023-07-03,384.5093537424715,387.4275150872702,381.8957791049658,387.0836181640625,1304600
2023-07-05,382.0235271983401,388.3511228447488,380.3728578953405,387.8402099609375,2781800
2023-07-06,387.5154875827528,387.88939963228614,383.49106847011996,386.8365783691406,2156600
2023-07-07,384.39635406749284,386.1576624992942,382.17258018247907,382.4480895996094,2654400
2023-07-10,382.25126440046347,387.12187989171764,381.7887990076434,385.87225341796875,2148600
2023-07-11,387.3088719000073,392.0712659472673,386.04939603650286,391.4218444824219,2106200
2023-07-12,392.60265807349845,396.7058118477608,392.3172993627206,394.26556396484375,2273400
2023-07-13,396.53842292322986,396.77456522857983,394.0391400879573,394.1375427246094,2354900
2023-07-14,395.6726046177961,397.02063391977913,393.88177837900827,396.0563659667969,1978500
2023-07-17,395.505259649837,397.52237851963196,394.68855081873147,395.7512512207031,2344500
2023-07-18,393.9998356653778,395.4954537701606,388.87334914571727,391.77606201171875,2676200
2023-07-19,391.6186477295793,393.43899167066036,389.9557420241441,391.8843078613281,1809700
2023-07-20,390.7724410432742,393.3110612112661,389.2079080002216,391.67767333984375,2570700
2023-07-21,392.27795514957864,395.07241653001046,391.04799697007826,391.1168518066406,1868100
2023-07-24,391.10698206708156,398.41784533538635,390.2509060609201,398.2997741699219,3029800
2023-07-25,396.9025556832585,398.3686561347676,394.5705599216618,394.8460693359375,2490500
2023-07-26,392.7796940286987,396.84347999987006,389.40469653775915,395.9579162597656,2572300
2023-07-27,398.69331549497554,398.69331549497554,387.63354367022,388.1747131347656,3563300
2023-07-28,391.57928667919276,391.6186537457773,382.6448843740159,386.6594543457031,4501000
2023-07-31,387.65328577352307,389.72944068870146,386.17733601374795,387.95831298828125,3578300
2023-08-01,387.4662640628458,390.9298147685639,386.0690186479722,390.7035217285156,2344200
2023-08-02,387.56469702822153,387.88939273330453,383.33362341929654,383.7665710449219,2410600
2023-08-03,381.3459896375901,387.1317164804926,380.2242836326044,386.7086181640625,2190500
2023-08-04,385.3310366543823,389.73921658379624,383.81575013999833,385.0752258300781,2215800
2023-08-07,386.6988294020686,391.37267021545244,386.6988294020686,390.50677490234375,1559800
2023-08-08,389.82782279542647,390.0246280976652,383.8748377561189,386.8857727050781,1747000
2023-08-09,387.54501926491264,390.4280638420446,385.58693559964905,387.35809326171875,1806100
2023-08-10,390.10334091191186,394.2064943318479,389.36536605444866,390.7724609375,2154500
2023-08-11,389.40470753602125,390.3099698474707,386.51184388257593,388.6470642089844,1464600
2023-08-14,390.0935077579665,392.82893326430366,388.2829830806616,392.1893310546875,1638500
2023-08-15,391.1168469868877,391.1168469868877,387.2793835197909,388.1256103515625,1753200
2023-08-16,387.1317019985383,392.7993574739794,386.81682557695416,388.0467834472656,2002000
2023-08-17,389.78847114533085,389.85732597308737,384.7210200712451,386.32489013671875,2118600
2023-08-18,383.5698139189406,387.5253482911101,382.59566670107677,385.88214111328125,2001800
2023-08-21,386.9054491283338,388.656908252257,384.7505601463705,386.8956298828125,1869400
2023-08-22,388.6667207203572,392.3762631687006,387.3678778898991,391.461181640625,2422500
2023-08-23,392.8682996843038,395.4758349720085,391.97288655214584,394.6296081542969,1943200
2023-08-24,395.15110773922,397.52247063526397,391.1266883106867,391.2939758300781,1970000
2023-08-25,394.2261316639236,398.13247946819484,392.60259311159757,396.43023681640625,2154600
2023-08-28,397.5224406512354,401.2615011014974,396.6860631739137,400.90728759765625,1901300
2023-08-29,400.88758519266827,405.58109389146387,400.0708763029487,405.04974365234375,2188800
2023-08-30,408.12960558285346,411.0815049520418,406.8897982387469,407.2735595703125,2516600
2023-08-31,407.5687302689118,409.6153972777572,405.1776990290526,406.02392578125,2535100
2023-09-01,407.2046487156481,409.8318521989454,405.8762880786612,408.90692138671875,1841700
2023-09-05,406.7225963962745,408.7397158965174,403.1311243447732,404.9022521972656,2045600
2023-09-06,404.1937234221486,406.7520421110411,402.3340425094193,406.55523681640625,2292100
2023-09-07,405.3154765493919,409.457966929222,405.1285205201296,407.97216796875,2502700
2023-09-08,408.3460673821716,409.6547295182096,407.2243312413342,408.1886291503906,1868900
2023-09-11,410.1663798701158,410.8945053616084,407.9918226399351,410.0089416503906,1544700
2023-09-12,409.28085668264606,410.9535816298397,408.5920681566838,409.595703125,1997600
2023-09-13,409.497323210638,411.70139840923184,408.3165514809499,409.6252136230469,2142200
2023-09-14,411.59314204398737,411.88834998735894,401.2418261014479,406.7126770019531,3557700
2023-09-15,405.25641491854225,411.5931613719351,404.5479878890367,407.6671447753906,4755500
2023-09-18,407.2440341256291,411.189749150685,406.41750592117967,410.4419250488281,1808000
2023-09-19,410.27462525974806,410.4123949705016,404.5085965197966,406.8996276855469,1730900
2023-09-20,407.1357569356735,409.18242381533616,403.5049186028654,403.9378662109375,1580000
2023-09-21,401.79280222835854,402.2159005378292,395.65286202011964,396.89263916015625,2450700
2023-09-22,397.9062165532617,400.3267656696746,395.1215746179761,395.77099609375,1885000
2023-09-25,394.176970613179,396.7648072123053,393.4291464931437,396.0366516113281,1846500
2023-09-26,393.5866003612896,394.42297789271225,387.2990400069462,389.0406799316406,2940400
2023-09-27,389.85731433136,390.6641739766151,385.2031725324252,389.1390380859375,1987500
2023-09-28,389.48338831175926,394.9149017986381,389.030772197276,393.0355224609375,2216200
2023-09-29,395.58400324064866,395.73159219225204,387.9287459920194,389.5621337890625,3032300
2023-10-02,387.289249039441,390.0049763609985,386.1576934864356,389.503173828125,2856800
2023-10-03,388.17473319164736,391.4808457832079,382.7334003635011,384.7898864746094,2527900
2023-10-04,385.7148646394778,388.145263074434,382.3496860263559,387.4466552734375,1813400
2023-10-05,384.6875801978335,388.9543185729787,384.3032625008652,388.4419250488281,2116600
2023-10-06,387.4860467636965,395.1425384916632,384.7959134189388,392.15679931640625,2484000
2023-10-09,388.69809020345673,390.70830021863435,383.88936785081535,388.9739990234375,2475100
2023-10-10,389.76229430617644,396.8374077155857,388.09697799249,394.521728515625,2713800
2023-10-11,397.35966344945035,399.212206803493,391.5556851768764,393.96990966796875,2055600
2023-10-12,397.90165065656674,399.4191641795335,391.5163237554181,394.0586242675781,1779000
2023-10-13,392.9845170794492,396.2658920849148,389.3089909513766,392.2159118652344,2235600
2023-10-16,394.3936267576029,398.52242522679563,392.95496160905986,395.3002014160156,2202100
2023-10-17,393.80238376287343,397.71436421792043,392.62976395271335,395.9012451171875,2176000
2023-10-18,393.2800893358588,395.5070865926225,386.8257787976285,387.4662780761719,1951400
2023-10-19,388.096975181433,389.06264091652196,379.8689389714521,382.2043151855469,3472800
2023-10-20,382.2043116065969,384.29333959168036,378.5583761839634,378.79486083984375,2652500
2023-10-23,376.72555437439235,382.19447289974903,375.43469209079564,378.0657043457031,1771800
2023-10-24,379.86892384424465,383.74151032534655,378.26272877110625,381.2583312988281,2003300
2023-10-25,378.3908591514737,382.9532329157522,376.65655809071893,380.6671142578125,3504500
2023-10-26,365.600442555932,370.0642709412747,357.7370268981433,359.2643737792969,6920100
2023-10-27,361.13661064480965,362.9103357917196,354.5147695876454,358.7618103027344,3624900
2023-10-30,361.16619926589544,367.7782073568498,359.3925040530887,366.98004150390625,3386400
2023-10-31,367.8668912772785,372.16318996426753,367.659937112848,370.8526306152344,2978800
2023-11-01,373.13870684228704,374.84341714962954,369.56172614729377,372.3011169433594,2354700
2023-11-02,374.7448723435584,377.44486908262843,372.96131376925047,377.0999755859375,2816000
2023-11-03,379.3762686672644,382.76602266837347,378.12483050296504,380.4109191894531,2269100
2023-11-06,381.4455281548958,382.57872376921483,378.5977287579259,380.5192565917969,2020500
2023-11-07,380.36162471202647,383.8991812917941,378.68644490607653,383.189697265625,2324200
2023-11-08,381.45543529219094,385.6532187154723,381.3470565064618,384.00762939453125,2838400
2023-11-09,385.2491777990325,385.7320407413295,381.61307579959936,382.2929992675781,2657100
2023-11-10,384.34263087035725,389.318852672458,381.09081646258,388.6192321777344,2807000
2023-11-13,388.5896911621094,389.85099285511427,387.27910178165166,388.5896911621094,1614600
2023-11-14,391.37829485729543,395.81256234139676,390.9545831816024,391.8414306640625,2733900
2023-11-15,391.66411314962426,393.4476718745907,388.9937068381128,391.033447265625,2434600
2023-11-16,392.1962105972492,394.10787509663453,389.7721225793878,391.29949951171875,3060600
2023-11-17,394.1276228618911,395.26081874994213,392.09771577287955,394.4527893066406,2365500
2023-11-20,394.86659020919353,399.2811606246513,392.4425324260747,398.4928283691406,2768300
2023-11-21,399.79361052146794,404.35598448198834,399.7640499371974,402.9764404296875,2567500
2023-11-22,406.2380737673839,406.8194519514352,404.15887917660706,404.33624267578125,1967900
2023-11-24,406.46465427158455,406.9376536272624,404.5332928615515,406.4745178222656,1053500
2023-11-27,404.99647059587295,406.6913475394383,402.2866401965088,402.9961242675781,2665900
2023-11-28,403.10456867140084,404.64180946880526,401.5082367695754,403.0356140136719,2645000
2023-11-29,405.0063296277251,406.0606771349584,403.439558586558,403.8337097167969,2151400
2023-11-30,404.1096295050283,408.1103222257704,402.80890367524296,407.7851257324219,3203500
2023-12-01,406.8589048137846,410.5147041955324,405.5581789177246,408.3074035644531,2171400
2023-12-04,407.7851441395445,408.79026417693285,402.0698771581597,402.2669677734375,3097900
2023-12-05,401.1435194396263,403.0748807539167,398.41399242655973,402.72015380859375,2755600
2023-12-06,405.42020963916605,407.77531319763165,401.2125926158637,404.38555908203125,2224200
2023-12-07,406.05084021970976,407.52892949945283,404.00120624492286,407.11505126953125,2363000
2023-12-08,406.1987085773144,407.6275404733245,403.2523930946466,406.13958740234375,1959300
2023-12-11,406.4351379421908,410.09096717039205,406.3563197435635,409.6376647949219,2236000
2023-12-12,410.9088113006211,414.85038263204194,408.64241981377523,414.6040344238281,2736500
2023-12-13,415.6978691425652,420.1420011164003,413.02746258022745,418.4766845703125,3694200
2023-12-14,418.8018410801437,419.6295674977007,409.8248962303756,412.446044921875,3989700
2023-12-15,406.59277239233256,413.1357950198888,405.5876825620135,412.45587158203125,5566600
2023-12-18,413.4018967952327,418.88067910779074,413.4018967952327,418.2303161621094,2686900
2023-12-19,417.85585577487075,420.44744396644086,416.34820580986303,419.255126953125,2256200
2023-12-20,418.87073392920746,421.3637763659252,413.11604391916563,413.322998046875,3058300
2023-12-21,415.628868515345,417.7080330438724,414.46608207009524,417.2547607421875,2213600
2023-12-22,418.5456507630582,420.930314906593,416.7817889824678,417.9051513671875,1759000
2023-12-26,418.79197409402224,419.50145817065373,416.77193071829043,417.4814147949219,1258200
2023-12-27,416.8211351711001,418.80178423070487,416.78171104081434,418.1612548828125,1324100
2023-12-28,417.5798817699168,422.1028309588432,417.49120002956147,420.0926513671875,1505000
2023-12-29,420.44740716812265,422.09302643239505,418.07260682971184,420.2799072265625,1706100
2024-01-02,417.8952019338372,418.0824289594804,413.43137404121694,415.72735595703125,2463700
2024-01-03,415.0475122828714,415.18545165511364,411.4015464295045,412.6529846191406,3093700
2024-01-04,412.386898117146,417.26460463972575,412.1701104923246,413.6383361816406,2042600
2024-01-05,414.34786565237846,416.5847268609851,410.8989903795688,413.29351806640625,2415900
2024-01-08,413.9645542308018,416.57007551524407,411.0925383005535,416.4714050292969,2125400
2024-01-09,413.62903285468315,418.16899002006875,413.07634556003086,417.0833435058594,2439300
2024-01-10,420.4389648778132,423.86366844907417,418.61310888912834,422.6793212890625,2709300
2024-01-11,424.3867480821563,426.1533897226648,420.211955973227,421.1495666503906,2320600
2024-01-12,424.3374147031144,425.482245477159,422.11678636034264,423.4985046386719,1892400
2024-01-16,421.86017635866017,424.1202910018983,420.9521728384946,422.75830078125,2398000
2024-01-17,419.92577653586324,424.7618057002705,419.92577653586324,421.8404541015625,2690400
2024-01-18,423.04451679757926,425.5908240379417,421.8700487343828,425.09735107421875,2075700
2024-01-19,426.9034851174012,431.36450036452896,423.73539685467347,431.0782775878906,2400200
2024-01-22,433.2495534116547,435.183959082417,431.55200513590796,434.0094909667969,2715500
2024-01-23,434.52270817683564,434.84841722628687,432.1441646828267,433.0324401855469,2328600
2024-01-24,432.80535048891943,435.1740144399162,430.0715214025401,432.97314453125,2725700
2024-01-25,430.30847766885944,432.90415059864085,428.78857231894574,431.0980224609375,2977800
2024-01-26,426.90347211150925,434.1476821182637,425.0480389670207,432.805419921875,2725400
2024-01-29,430.09131517320026,435.2036880878705,428.99581959971414,434.8286437988281,2314200
2024-01-30,435.14444213370575,440.39500156054015,434.3055320932321,439.3784484863281,2663600
2024-01-31,444.12566016517655,455.9690111029146,440.7897781653085,443.36572265625,4740500
2024-02-01,449.0603738476043,455.12023598707043,448.1227632171664,454.9031066894531,3292700
2024-02-02,456.17629268338635,457.78501944880395,452.5147315333629,454.56756591796875,2050300
2024-02-05,453.5115869765119,455.3472921638057,449.58353087276294,450.7974853515625,2438800
2024-02-06,449.41563987147055,454.5477702486229,449.41563987147055,454.4885559082031,2201900
2024-02-07,455.1893747476461,456.20592796424023,453.62013415810014,455.8802490234375,2544300
2024-02-08,453.9951388707604,454.73534833631055,451.47843873557,452.2778625488281,2081300
2024-02-09,452.08044455021,452.9982970248563,450.4125035401371,451.9028015136719,2155400
2024-02-12,453.18588123037625,453.4030105667289,450.1263424432993,452.7220153808594,1794500
2024-02-13,450.79744522571286,455.8506037094877,450.086842931482,454.4491271972656,2407700
2024-02-14,455.969041049124,459.37401671502835,453.44246175934023,459.1174011230469,2202700
2024-02-15,459.7490013790631,465.9470205076483,459.1568579266497,465.12786865234375,2354100
2024-02-16,467.9801126006467,467.9801126006467,460.97279125662226,462.0189514160156,2237200
2024-02-20,446.8890948759162,449.89929796536165,444.24408707237893,445.8528137207031,5044200
2024-02-21,447.39243539224117,453.6003334238456,446.0995386962635,453.0574951171875,2895800
2024-02-22,455.78151270189426,466.3319674544744,455.5545042875228,465.40423583984375,2572800
2024-02-23,467.54591054836595,468.9671151101318,465.70029634221737,467.2399597167969,1764100
2024-02-26,466.82540641224784,468.8782406129453,465.83846052131287,468.3157043457031,2066900
2024-02-27,468.35518055278936,468.79931827040963,463.8152533554251,468.5525817871094,2011100
2024-02-28,467.98019059854664,472.8853133449772,467.48671760642765,472.5990905761719,1931900
2024-02-29,471.7601647265246,472.14508810475184,465.88782426854567,468.5624694824219,3072500
2024-03-01,468.71053271456236,471.26671926338304,467.7137076073999,470.4080810546875,1748300
2024-03-04,469.460623886733,470.4080836271091,459.68983424954735,462.37432861328125,3212400
2024-03-05,461.26892580063026,463.11450991593324,458.5548244265494,461.4169616699219,2015100
2024-03-06,461.0617132988272,467.4373762511899,461.0617132988272,465.4437561035156,1917100
2024-03-07,467.0228240968293,467.09188742103794,459.8082517893761,461.43670654296875,2178100
2024-03-08,461.0024704258528,465.46345538490385,461.0024704258528,463.13427734375,1596900
2024-03-11,462.87763801648754,463.2428031890278,458.6239034967035,463.0355529785156,1774500
2024-03-12,464.3876631953187,468.17753191922134,462.59141438974837,466.6971130371094,1853900
2024-03-13,468.0394070233417,469.9442055527585,466.6083232921709,469.4013671875,2103900
2024-03-14,474.74073079252025,475.7079486679938,470.9508619527058,473.2208557128906,2757700
2024-03-15,467.16095314960535,472.21411117041885,466.9043375859992,469.6184387207031,4179300
2024-03-18,472.3918438243929,474.5433788572346,470.42780082026917,472.6385803222656,2072300
2024-03-19,475.33291799692853,478.28387683853964,473.2504764366587,477.6818542480469,2049500
2024-03-20,477.99765785286945,482.0737493441378,477.3265418521568,481.6690979003906,1691100
2024-03-21,482.1526507641979,483.6034623560339,477.0896137780112,482.26123046875,2580300
2024-03-22,481.93556854958086,482.5080140603423,475.1749828508009,475.38226318359375,2277800
2024-03-25,475.3131615396946,476.0237638075261,468.21701795873213,469.82574462890625,2600300
2024-03-26,471.48383974526996,473.7340753986455,466.14445832282695,470.5758361816406,2515100
2024-03-27,474.227546163303,475.86588011398817,468.55260674511567,471.7108459472656,2309400
2024-03-28,471.67134353729307,476.1323283974462,471.04956276845746,475.2835693359375,2214500
2024-04-01,474.385414573623,476.97120798347277,471.0988678968305,472.1549072265625,1648200
2024-04-02,470.7436300868748,474.1387267022403,470.08236302108156,473.1715087890625,3265100
2024-04-03,474.1683100378628,476.99096097032515,470.9804638073073,471.187744140625,2265000
2024-04-04,473.70443365751095,475.66844639697615,462.8776357279339,463.6375732421875,2552600
2024-04-05,467.8123605434924,473.05304090713355,466.3615488534946,470.9212341308594,2462700
2024-04-08,470.83231367909946,474.07397915749266,468.7370949158711,473.2536926269531,1961800
2024-04-09,472.38394152497494,473.2932027090223,462.36243374307105,466.641845703125,2217200
2024-04-10,464.6751110415967,468.8457928797044,463.370530714397,463.6867980957031,2710500
2024-04-11,462.8071438128921,464.8529586670195,458.7649478440729,462.8367919921875,2299900
2024-04-12,460.55381973999005,464.0326703530574,456.70926801213085,459.9410705566406,2486300
2024-04-15,464.7442644169153,465.4953918982233,453.07229107964423,454.4164123535156,2070500
2024-04-16,454.6239340052572,457.9644364330424,453.6356211052458,454.446044921875,1787200
2024-04-17,457.36155620205335,457.99409094404336,452.7955553666354,454.7820739746094,1735000
2024-04-18,455.11809762134715,456.511622451615,448.49638902264167,449.3858947753906,1998900
2024-04-19,453.5269973423923,454.4856320619457,447.3006069299241,450.0679016113281,2548800
2024-04-22,452.153160959629,455.35528516935796,449.8108641646668,451.41192626953125,2157400
2024-04-23,453.12173612113315,457.5691444348751,451.96539668875636,457.4110107421875,2029100
2024-04-24,459.85215876244007,462.6787194316834,454.9698901874572,457.0947570800781,4043100
2024-04-25,455.5529498321101,458.5771848885449,451.382268194144,456.7092590332031,2006500
2024-04-26,457.4999802774093,459.3876617507668,455.55300243616995,457.0157165527344,1963300
2024-04-29,455.56288457693626,456.19538920654196,450.3544558192541,451.75787353515625,2120700
2024-04-30,450.9277108635806,452.37063943638486,445.6105819583151,445.9268493652344,2698800
2024-05-01,440.589891337252,443.73274937129673,433.2566262999541,436.90350341796875,4979100
2024-05-02,437.8226433369667,439.4632464775847,432.9304820976153,435.9448547363281,3866500
2024-05-03,439.710347223804,440.05626281131725,431.79395032034415,438.3958740234375,3711500
2024-05-06,442.00322050758933,445.2349930621185,440.35272457659937,444.1181945800781,2536200
2024-05-07,446.4802504457344,448.0022306132266,442.2996759731426,447.7650451660156,2345300
2024-05-08,448.6940879966807,449.7911009152027,444.66178435332955,449.455078125,2332400
2024-05-09,448.2493573435232,450.7003844866082,448.2493573435232,450.16668701171875,1970100
2024-05-10,451.9851371042954,453.2205282615973,449.66262585730135,451.6392517089844,1729900
2024-05-13,451.58983959215425,453.35892825918654,450.1864520603665,452.41015625,2069300
2024-05-14,452.5682795324328,453.6158888470169,444.04899656454177,448.8917541503906,2991000
2024-05-15,447.49820658396396,453.2403021219886,447.49820658396396,452.6473083496094,2437800
2024-05-16,454.6240007150718,459.49637678846244,453.4577985605541,453.5072021484375,2412200
2024-05-17,455.06869683608363,456.2941952074308,452.7560180578261,454.8907775878906,1985900
2024-05-20,454.1100747631971,456.81804277144954,453.41824358867495,454.2879638671875,1397200
2024-05-21,452.55843264473754,455.00945986829333,450.305080095681,453.7345275878906,2166000
2024-05-22,453.5368210688061,457.09475383353185,449.8504329516879,451.18463134765625,1713700
2024-05-23,451.1845844803025,452.69670197812303,445.17565544922047,445.9366455078125,2084600
2024-05-24,447.2214860041239,449.13881546860733,445.05707831134015,445.9070129394531,2162100
2024-05-28,444.74083953237374,445.36348153346603,437.2296548769766,439.8783264160156,2670800
2024-05-29,436.9429892898852,439.3643678902479,436.63661471248946,437.2987976074219,1876900
2024-05-30,437.04186645247853,438.9987369750415,435.5198862069587,436.93316650390625,2189900
2024-05-31,437.51627707994606,442.11192642105266,434.12637078515024,441.8450927734375,3917100
2024-06-03,438.2970256866952,439.79925047082276,432.77236006975374,438.0104064941406,2123800
2024-06-04,438.1784355053068,439.68069056247555,436.1622987089789,439.57196044921875,2096600
2024-06-05,441.5782285049624,442.3392488044552,437.1407128651486,441.43988037109375,2157000
2024-06-06,443.248436400586,444.52336846803576,439.43356313950136,443.43621826171875,1887100
2024-06-07,444.1972413961692,447.70574009857984,442.0328337497068,444.53326416015625,1664700
2024-06-10,443.1793167744191,444.9088644777582,439.1766311358547,443.9996032714844,1954500
2024-06-11,442.60606562441006,443.99959049602825,439.90796042690454,443.79205322265625,1777300
2024-06-12,446.2133990338505,447.2116047534124,436.43899975396675,437.8226318359375,2738900
2024-06-13,437.8226598846778,439.94752680678755,434.18567527594945,439.7992858886719,2916600
2024-06-14,438.1586615937398,439.7597237541551,436.0436875549559,439.43359375,2161500
2024-06-17,437.25928406175524,444.08853005361146,436.51804936140655,442.8728942871094,2351900
2024-06-18,441.83523607592883,445.9268666390289,441.4794578500529,444.8495788574219,2636500
2024-06-20,445.7884611794158,449.16850492396134,443.12000400419987,447.2215270996094,3006800
2024-06-21,446.90526345540934,449.9789024464938,444.99782658024577,449.5341796875,5007800
2024-06-24,449.61317185814784,457.6580531892938,449.61317185814784,451.61944580078125,2597100
2024-06-25,453.12174117817796,454.93034064181387,448.4964135579679,450.3247985839844,2299400
2024-06-26,447.458688544231,449.3661253009512,446.11459740817463,447.093017578125,2451400
2024-06-27,443.32751925058665,443.45600475172733,436.83429634012384,437.5755310058594,3313800
2024-06-28,439.4435211182183,443.06072027448994,433.59269469674194,436.0041809082031,4105000
2024-07-01,435.6483261184729,437.29882197721946,430.4596832521845,432.49560546875,3149700
2024-07-02,429.9160950182807,439.5620382039768,429.9160950182807,439.45330810546875,2061300
2024-07-03,440.11554748310704,444.0391512557223,439.0876935295295,442.9421081542969,3192400
2024-07-05,441.8845962014473,444.6914315693564,439.08768377562035,444.2367858886719,2220700
2024-07-08,444.02922949124945,445.34367240996687,439.7992513810326,441.0247497558594,1802700
2024-07-09,442.08385546521555,443.004340751865,438.2633310510733,440.15380859375,1608400
2024-07-10,430.1669026925838,432.9382959985985,424.6637458177506,429.20684814453125,4760900
2024-07-11,427.5836080010847,433.2946096691228,425.71291521739533,431.95843505859375,4032600
2024-07-12,432.92840037418114,437.7090396098115,432.8492315144062,435.6106872558594,2645600
2024-07-15,435.82844303696004,439.8568422133858,434.25470141247587,439.4609375,1727700
2024-07-16,442.3708394889918,442.5885915903017,435.20486521867025,438.9956970214844,2846600
2024-07-17,437.87724465223414,446.9040041193473,437.5407241692293,446.5476989746094,2925000
2024-07-18,444.162321489137,450.7740230031324,442.90531587670654,444.13262939453125,3339900
2024-07-19,446.60707052341075,446.6268551845838,439.03528435615766,439.154052734375,2121700
2024-07-22,440.85655279269037,444.2613879006761,438.7186309663555,443.3606872558594,2111700
2024-07-23,443.46952864659033,444.15247712509097,436.60047453355077,437.2042541503906,2385500
2024-07-24,429.56313366578877,431.4041040256727,424.47566638590195,428.02899169921875,3764800
2024-07-25,429.50375767684017,433.2253282030689,425.1685303522635,425.2081298828125,2384300
2024-07-26,427.86073161482574,436.27383476323865,427.692456261397,433.7004089355469,2039600
2024-07-29,434.31407105088454,438.39197705828695,430.9686506601593,436.78851318359375,2248600
2024-07-30,439.2332695585484,444.14258456872795,438.48105967915075,442.87567138671875,2266900
2024-07-31,457.27694181100446,469.15426497492666,452.8625451593133,458.9694519042969,4313600
2024-08-01,460.7015159971176,462.72066919298,454.495626131366,457.6827087402344,2590100
2024-08-02,455.51510563690556,461.9783472949616,453.92154919267574,457.29669189453125,3808100
2024-08-05,450.3484838149127,456.5840661239587,435.09601835378476,437.48138427734375,4496700
2024-08-06,438.6889265306257,450.79390910423126,437.59025844542174,443.71697998046875,2758900
2024-08-07,445.92415937486123,452.2488478933131,444.4494015462135,445.2412109375,2059800
2024-08-08,447.6166648746601,451.6054642997241,446.4190433654074,450.9225158691406,1585400
2024-08-09,450.9225766042095,454.10965964100535,448.82425427046735,452.1103210449219,1760200
2024-08-12,453.0901557447694,453.7731042148398,449.24984678695074,451.03143310546875,1760000
2024-08-13,453.4563806346948,454.941045909947,450.2396058716485,454.66387939453125,1816100
2024-08-14,454.5648954122244,455.8318084873162,451.407505055327,455.4556884765625,1654100
2024-08-15,460.3451941883617,464.2053176543909,459.25643367086866,463.91827392578125,2130500
2024-08-16,463.2156003608374,465.45250587452404,461.27564604766195,464.08660888671875,1921900
2024-08-19,464.2053319693287,465.3435692795211,460.76089773656673,462.20599365234375,1690800
2024-08-20,463.34425774745637,464.8685226070656,460.7510471431092,464.3241271972656,1763300
2024-08-21,463.7500641404086,464.29442933786055,459.7711417827373,463.215576171875,2105900
2024-08-22,464.69038586042416,466.09588246607376,461.92892982720554,464.0272521972656,1538200
2024-08-23,465.49206363909383,465.5316631726305,457.17794372644016,461.6715393066406,1986300
2024-08-26,463.31451111118776,465.7196614079267,462.225750625342,463.8489990234375,1434400
2024-08-27,466.2640934135758,470.63892064568586,463.4333459500177,470.1341247558594,1635900
2024-08-28,470.144043878043,471.5396329803313,464.07670643678483,466.97674560546875,1445300
2024-08-29,469.6194604409149,476.9933106399643,469.6194604409149,475.8847351074219,1893400
2024-08-30,476.9140773895424,480.7742010926449,474.74646365518635,478.39874267578125,2982100
2024-09-03,477.53765109262764,481.71451072212557,475.1325005306675,477.19122314453125,2063700
2024-09-04,477.1615218398259,481.19982833552393,476.2608212743913,478.2008056640625,2156300
2024-09-05,478.2008284248174,479.2103899939974,468.27333706937475,472.4798889160156,2293500
2024-09-06,472.2324023413636,475.5283760548795,469.8569440232856,471.2525329589844,2116200
2024-09-09,475.5878167454161,484.20876538223575,474.66733144621935,482.1104431152344,2343600
2024-09-10,482.1203364691685,483.33774273074476,477.39908130071336,483.0309143066406,2234100
2024-09-11,481.5462063602861,484.109724692856,472.95495083400994,483.1892395019531,2480000
2024-09-12,481.9718188834065,487.8411879854991,478.06218848950664,487.07904052734375,2299100
2024-09-13,488.05893224122906,491.77059513567326,486.4258066087916,488.3162536621094,2204700
2024-09-16,490.2364603454058,493.2256057555867,488.3460131481384,492.621826171875,1589200
2024-09-17,493.50276557972757,496.6106493211767,492.7604329089415,495.8683166503906,2202800
2024-09-18,496.1553299305613,496.6700030100117,488.9893553212055,489.7019958496094,2193800
2024-09-19,494.8884094486941,496.00686208694276,481.27897818885504,487.9698791503906,3517200
2024-09-20,484.64422986867123,488.484568889925,482.7537524554008,487.70263671875,3470200
2024-09-23,488.1183554815202,492.602043408489,486.2773548316855,492.05767822265625,2191300
2024-09-24,487.64326784444836,488.20744791753737,479.46773132434544,482.4271545410156,4143700
2024-09-25,479.80423324113394,484.89167051957395,478.5967042815242,484.4462890625,3483200
2024-09-26,485.9804212776359,488.58353916136593,484.0008676268105,486.2476501464844,3073700
2024-09-27,486.0101116123488,490.9293036250411,485.37667015328856,488.59344482421875,2177200
2024-09-30,486.75243176465455,489.9296068237896,485.09949122407323,488.75177001953125,2862400
2024-10-01,492.1764589230466,492.9385762433943,488.06886072402756,491.3054504394531,3748100
2024-10-02,487.90060518371433,490.84024365046605,484.673922971527,490.50372314453125,1736500
2024-10-03,490.48393891293296,492.00820382198276,487.9600198579743,489.9098815917969,1382200
2024-10-04,490.4938319561922,493.9481436277994,487.4354249984689,492.6119689941406,1935600
2024-10-07,492.24572770964824,493.4334720606009,485.73300905998775,486.2773742675781,1990500
2024-10-08,487.46507479096755,492.4436508948222,486.504990085186,491.97845458984375,1750100
2024-10-09,493.9408337368871,496.2897188299221,491.17567636036716,495.4968566894531,1707500
2024-10-10,495.5464507612206,496.26003886014695,491.42350066139664,493.5840759277344,1491000
2024-10-11,492.0875318999778,498.4404408434374,492.0478797162589,497.78631591796875,1919900
2024-10-14,499.8675934589156,504.25815793061565,497.57817131194383,502.1471252441406,2127000
2024-10-15,501.11636091988896,505.33842613061785,499.51079534559864,502.7120361328125,2885900
2024-10-16,501.8398511525714,510.80925924410485,501.49296261939566,509.4910888671875,2956700
2024-10-17,511.6913018439811,512.4346214758076,506.96379987403583,509.1838684082031,2227400
2024-10-18,509.9568598378651,513.3860626510468,508.0143566937474,511.7408752441406,2604600
2024-10-21,512.3850739438235,514.1987907654451,509.36225290212485,510.4227294921875,2217500
2024-10-22,506.59710094677575,509.9668105657971,505.9528966475994,508.4504699707031,1855800
2024-10-23,508.0936676082003,510.1353165951298,507.34045755929054,509.1541442871094,1759700
2024-10-24,507.3404360475363,508.7676424512185,504.9221670158112,506.07183837890625,1911900
2024-10-25,507.93508256636386,510.1452002512729,501.11635896010364,502.8408508300781,1582200
2024-10-28,502.8805057857862,506.30967857623597,501.63174936253193,503.68328857421875,2186400
2024-10-29,503.0192333471586,506.83494656378656,501.1956262784256,501.77044677734375,2066300
2024-10-30,507.9549097776173,511.84989728830794,502.48405807209514,509.1144714355469,3121000
2024-10-31,516.6071505473391,523.1979422281431,494.5850661045845,495.14007568359375,5523300
2024-11-01,495.9824796328348,506.00241324976565,494.08948876915633,503.5544128417969,3753700
2024-11-04,504.605008911281,505.45733421179466,498.54941610107005,501.0766906738281,2165100
2024-11-05,501.07669573359783,503.6238115456012,499.1242416640577,501.056884765625,2132900
2024-11-06,516.220605788862,518.3415589994793,511.3444459190701,516.4882202148438,3673700
2024-11-07,519.3227134488842,519.3623958759705,511.9886629269705,513.2671508789062,2382300
2024-11-08,515.7052026291035,524.129490587187,514.9024199609931,520.0858154296875,2215600
2024-11-11,524.1394859470987,529.2734006952671,523.8124688252818,525.398193359375,2213400
2024-11-12,524.3872812701908,526.171297060569,522.6033259713286,524.4566650390625,2577600
2024-11-13,525.2892194834233,525.7748453829854,511.8202387695973,517.2316284179688,2681500
2024-11-14,515.9827819103743,517.7072738815818,513.039265026729,515.7647705078125,2480400
2024-11-15,513.911337022474,518.7280331226359,513.386028845072,517.2413940429688,2408100
2024-11-18,513.9708641819894,518.827182818866,512.394999945006,516.9837646484375,2493400
2024-11-19,514.1591939825282,517.9947185937325,512.1571670050747,514.8331298828125,2716000
2024-11-20,516.8846763457328,517.8460073617542,506.44843973561035,507.9747009277344,2409400
2024-11-21,508.6585326620692,515.4871764951778,507.0232356096239,510.5118713378906,3077300
2024-11-22,512.3256541860775,517.0631073639705,511.5823344985303,516.2206420898438,3130400
2024-11-25,516.9937029076283,523.544812307034,516.3792301631718,521.9094848632812,4503900
2024-11-26,523.1979148063712,525.9234200141318,520.3831846300947,523.772705078125,2326800
2024-11-27,524.3376444592006,528.8669459067604,521.8896742290858,527.6380004882812,2086300
2024-11-29,528.2624379614172,530.9978640526223,525.3090004674543,528.1930541992188,1760600
2024-12-02,528.1830982079251,530.0562781872651,521.5427641036789,526.6270751953125,2355100
2024-12-03,529.9075936597462,530.0562817828635,521.2752137080246,521.4932250976562,2319400
2024-12-04,518.9759625257661,521.5924626115642,513.5546522610665,516.4982299804688,2630000
2024-12-05,519.9272958533815,522.7717275534116,517.5189474361873,520.0958251953125,2538600
2024-12-06,518.272160460735,526.2702867671944,517.8459978076443,523.8619384765625,2122700
2024-12-09,524.3079344548842,526.8550502197829,517.2315173173685,518.1631469726562,2942000
2024-12-10,517.8559311870692,524.9422087211548,515.586289861542,524.2980346679688,2003200
2024-12-11,524.4765380987601,531.1168736896659,522.5736563638789,529.689697265625,2181100
2024-12-12,531.5131697573966,531.9690942513503,527.2316413299651,527.667724609375,1860400
2024-12-13,529.4120187244479,529.9174857260149,524.1988609701339,524.2880859375,1608200
2024-12-16,527.2613750502238,530.2346534809582,524.2880966194895,525.58642578125,2923000
2024-12-17,524.6845674668388,527.0433732373702,520.194887918989,526.2802124023438,4055800
2024-12-18,525.5963820084389,532.3457220839584,515.0809010970531,515.3286743164062,3190300
2024-12-19,519.4911856187618,524.5061128654424,517.5486824072326,518.6190795898438,3050500
2024-12-20,518.2127092882662,527.3406961370525,514.7934268861798,523.3267822265625,7317100
2024-12-23,521.1463487890381,524.6845573767934,516.4882004875886,524.2484741210938,2270300
2024-12-24,524.5557143344112,530.9680558210993,523.1285382590232,530.9383544921875,955000
2024-12-26,528.876877368003,532.9106324882205,528.1731796742356,531.3744506835938,1109600
2024-12-27,528.8571313373624,532.7719608606176,526.0721623737029,527.459716796875,1541800
2024-12-30,522.3058709771002,523.8618938289342,516.6863921112284,520.8687744140625,2101600
2024-12-31,522.9699386627424,524.476419127369,520.8787473014294,521.8797607421875,1942600
2025-01-02,524.4763853379021,525.8341775933835,513.0490566647104,517.7468872070312,2818800
2025-01-03,517.8757476132229,519.7885494500918,513.0689112588027,516.7161254882812,1627500
2025-01-06,516.3296051555208,516.7161458790885,506.45835923460317,507.3701477050781,2920800
2025-01-07,509.1045696461822,511.73098990414366,506.52772217834007,506.8448791503906,2211800
2025-01-08,507.47914335576957,512.8409893616426,506.9737065870916,511.80035400390625,2456700
2025-01-10,508.3065546288382,509.9343571037198,499.6117752315587,500.91204833984375,2815500
2025-01-13,497.269319574242,502.38096420641017,496.19737508733607,501.15020751953125,2885500
2025-01-14,503.2941833445145,505.59691506741325,500.45546417276296,505.2296447753906,2704800
2025-01-15,511.7307852795409,519.8697356187664,509.9044602910659,518.4602661132812,3024800
2025-01-16,519.7209131799532,523.1948507932843,516.8424834966418,519.2445068359375,3275600
2025-01-17,520.6738061243391,524.197359434879,517.1303823551596,520.7929077148438,2374800
2025-01-21,523.7308229671548,526.033554663785,522.9864077429253,524.1278686523438,2706900
2025-01-22,524.0682346149852,526.351095490548,521.7555680564678,523.2543334960938,2037600
2025-01-23,525.1104583237109,530.3709801709678,524.7432183463046,530.241943359375,2196500
2025-01-24,529.0211182339191,532.0682649672572,528.1874071592616,529.5173950195312,2472900
2025-01-27,529.6067714401952,543.9094422846509,527.7010248936017,543.5620727539062,3074600
2025-01-28,542.4702174386105,547.4429206189662,538.6191046617573,543.2841186523438,2727800
2025-01-29,542.9267337882869,546.5098371812438,542.4304570663598,544.7133178710938,2549000
2025-01-30,550.8672031123497,572.6438297450985,550.400732037079,561.7952270507812,6005200
2025-01-31,559.6216070582553,561.3287702601145,550.5099718071679,551.2940673828125,4505100
2025-02-03,548.524831648727,560.7927795070801,546.9665152395321,559.7506103515625,3195500
2025-02-04,566.6289687694358,567.7406238858363,553.4280188266838,554.9465942382812,2638900
2025-02-05,557.169963728624,562.6488792283486,555.6315176968293,562.0731811523438,2404700
2025-02-06,561.914285927587,565.5073245473238,560.336099296618,562.9365844726562,1738400
2025-02-07,563.8300278063934,565.8051998903359,557.5968223442135,558.5595703125,2008300
2025-02-10,561.0409716126993,563.045949446382,556.8226184426791,561.2791748046875,2357700
2025-02-11,560.7828749007156,562.2121545745392,555.0558209760516,560.4950561523438,1847800
2025-02-12,557.8251327469659,560.5447202803855,555.2742623854382,560.3958129882812,1722200
2025-02-13,561.388282724639,563.1649924111375,557.2890315773867,562.093017578125,1709500
2025-02-14,561.7951962253568,565.0011245304001,559.9291908653428,560.5545043945312,1927400
2025-02-18,560.6935802630805,564.395785986127,557.3387440847381,564.3759155273438,2064100
2025-02-19,563.2642957270145,566.4504149481654,562.4305845350027,564.2667846679688,2459100
2025-02-20,563.9193636086518,564.2667331434924,554.877154086366,559.0856323242188,2181900
2025-02-21,557.2493133287196,560.5942138318503,552.4354530074285,553.3585205078125,2256100
2025-02-24,554.2717615291476,557.2792283520103,552.6439589038491,554.8375244140625,1752500
2025-02-25,558.2518302639046,561.8249988703897,548.5744329922906,559.8300170898438,3609500
2025-02-26,558.4007541881786,562.4602644703491,555.4329680485986,557.090576171875,2028000
2025-02-27,561.358550947659,570.4205702287178,559.8002345145256,560.6141357421875,2436500
2025-02-28,563.0755771043765,572.1375952234947,559.8001627364118,572.0184936523438,3205400
2025-03-03,573.0309428981635,577.8944188167285,565.7555086056154,570.6388549804688,3092600
2025-03-04,566.2121829518791,568.9317702886174,547.8995558003611,550.936767578125,3318100
2025-03-05,548.4652618887029,556.8126106536554,547.2146347130672,554.1426391601562,2795400
2025-03-06,544.4156520505479,551.5421796609464,540.6340252407524,545.725830078125,3133200
2025-03-07,542.9963013250117,546.2816512942087,532.2866698669055,542.6985473632812,3161300
2025-03-10,534.1427205698596,544.475176435737,528.0583624231198,533.120361328125,3893400
2025-03-11,533.1998405955003,534.0434869779157,518.3611511975973,521.8847045898438,4582600
2025-03-12,526.5595604939915,528.7431902832345,515.3933337564895,520.7332763671875,2810800
2025-03-13,520.5943759433455,524.5943961279786,513.8549586434141,515.9591674804688,2375800
2025-03-14,518.7084291435835,524.4751624917191,517.0707522350507,523.7109375,2369500
2025-03-17,519.3536559369738,529.5074595807563,517.5968167307922,528.028564453125,2544800
2025-03-18,528.3760189024312,528.6241573065746,521.5968607386453,526.2420043945312,2363300
2025-03-19,527.6117218600631,533.6166589947755,525.636549898559,532.0980834960938,2804300
2025-03-20,529.6265363812967,536.4652447036899,528.5843672968209,532.3858642578125,2598600
2025-03-21,531.4529114003018,534.0434618027288,526.8077677398817,531.7010498046875,5973400
2025-03-24,535.333743342413,541.3982916918303,534.2320234199051,539.62158203125,2758700
2025-03-25,541.8846199392596,543.1054414136413,537.9640213208812,541.1004638671875,2138200
2025-03-26,543.0658240185678,546.9268722949498,541.0608462397505,544.9814453125,2681600
2025-03-27,544.981445739682,557.6464401428758,543.7208832048037,553.4181518554688,2901200
2025-03-28,550.1029874229921,554.4305673576038,536.0683249204154,536.5844116210938,2656400
2025-03-31,528.1972755308931,547.3238020069251,527.0658105144455,544.0384521484375,4741800
2025-04-01,542.7283096379797,547.0459542519795,539.94917160614,544.4255981445312,2714900
2025-04-02,538.8176542762895,545.4380306707765,537.6167031439501,543.3040161132812,2994600
2025-04-03,524.4851601693678,535.9690126746872,523.0757510096887,526.5993041992188,3443500
2025-04-04,515.7506857037276,517.001312905762,484.65399541164135,486.1229553222656,6125100
2025-04-07,474.9368868411421,498.4604187443908,462.1230165205779,481.90460205078125,6009400
2025-04-08,497.2693290018281,501.8053059991289,468.1478114532074,476.3463134765625,3555400
2025-04-09,467.3494936701544,515.4653125388379,467.24015415394433,512.4033813476562,4698400
2025-04-10,503.85384540130894,505.64329387829343,481.28715959385926,496.4078369140625,4105300
2025-04-11,495.334163795139,512.880484350581,492.9979572255089,506.7566833496094,3736200
2025-04-14,512.8407243858863,520.3463774486723,505.5140070532369,509.4507751464844,3005500
2025-04-15,510.3853091568739,518.2289324966738,510.3654071814935,514.3419189453125,2210700
2025-04-16,513.0196797686442,518.6563678524913,506.8759767582804,510.4150695800781,2501000
2025-04-17,507.9496347846503,520.9030890593785,506.14031482466225,514.2921752929688,3329800
2025-04-21,513.9641185380084,514.6103259364645,500.58316564876594,506.3292236328125,3345600
2025-04-22,512.5922004312986,525.6947982966348,509.73905833774603,524.2334594726562,2384000
2025-04-23,534.5822319232686,540.7458359396663,524.5216642231786,526.8976440429688,3051800
2025-04-24,525.5854094559494,532.892224243419,522.1855094959232,532.315673828125,2209100
2025-04-25,532.3157043830063,533.7670921672034,526.7684541574777,530.3472900390625,2006100
2025-04-28,532.8824363119837,534.6022582558567,527.3848796014746,531.3514404296875,1735400
2025-04-29,531.2023164096117,537.3062154590924,530.2777240886084,536.5109252929688,2041500
2025-04-30,535.3677284805339,545.845814729691,526.4404186555196,544.8417358398438,3783500
2025-05-01,546.770310940638,549.5837097118765,536.5605986270598,543.4201049804688,2839900
2025-05-02,552.3672939697649,559.0776573438276,551.7310375466925,556.105224609375,2632600
2025-05-05,554.5344514631707,561.2348634382962,552.5859390409844,557.8250122070312,2130900
2025-05-06,553.2122489088372,562.4178825473448,552.8344754700875,555.70751953125,2341700
2025-05-07,555.9859152068448,563.8991342464707,555.2104663407055,563.0044555664062,2493700
2025-05-08,566.1061298572638,570.500158069865,563.6705044311618,563.789794921875,2004300
2025-05-09,564.1178277854393,566.235324836838,561.284527171792,565.3008422851562,1528000
2025-05-12,576.5941503693753,577.3794895236628,563.103828225213,574.8743286132812,3000300
2025-05-13,574.6059172522145,579.4373642085586,572.4188237709217,573.2042236328125,2370200
2025-05-14,574.8743234499387,575.242145895317,568.9195074173707,569.9136352539062,2237500
2025-05-15,570.7586309194638,579.6162834202069,570.28146896506,578.78125,2034200
2025-05-16,577.021557928084,580.8588764492554,577.021557928084,579.8548583984375,2225900
2025-05-19,577.6081886480159,584.9945513667883,577.0713207704831,582.9664916992188,1875500
2025-05-20,577.8268733131467,580.5607249549968,573.4626374024643,577.6976318359375,1964300
2025-05-21,573.074965083847,575.6000279916835,563.7698822475797,566.195556640625,2505300
2025-05-22,565.3207027801319,569.7942779966946,563.6008810578792,566.7920532226562,1869900
2025-05-23,561.1752595918209,564.2172885985376,559.2069057276963,560.2706298828125,1948800
2025-05-27,563.4915585515389,571.1860984477761,563.1634793696086,571.1761474609375,2655200
2025-05-28,571.2060495102764,575.4410442485591,569.5756651240988,572.5381469726562,1702900
2025-05-29,572.4984007170433,575.1825582799655,569.5756621577286,574.3872680664062,1347800
2025-05-30,573.393100487823,582.1612548828125,573.1246665470632,582.1612548828125,4581100
2025-06-02,577.091263850577,578.4035200004915,571.404881211034,577.8070068359375,2089100
2025-06-03,576.4649070713607,579.1093211109081,570.0726723264595,578.5525512695312,2116900
2025-06-04,580.7396944453457,583.4039500099599,578.8011328512792,580.699951171875,1530200
2025-06-05,582.8670836206775,583.2448570489472,579.2087004997863,582.002197265625,1480000
2025-06-06,584.4576797209752,587.6885952452237,582.5986654888552,586.6547241210938,1528600
2025-06-09,585.2828812854799,586.535492214422,576.594212685364,580.8988037109375,1936000
2025-06-10,581.2168252815244,586.4061431185902,579.7355239350452,586.0780639648438,2133700
2025-06-11,586.8536014268607,591.2178375611397,584.1495419306543,587.2711181640625,2238100
2025-06-12,585.9687849233432,587.2014937776297,581.12738703579,585.8197021484375,1984000
2025-06-13,569.4960978665838,571.8621271378258,549.2656192431565,558.729736328125,5905400
2025-06-16,560.588679192852,571.6234732758268,559.3360684822642,565.3306274414062,3108200
2025-06-17,561.4038134200043,567.9352402463327,560.6880705398972,566.1060791015625,2246600
2025-06-18,567.5277660184092,567.7266037427331,531.023356331071,535.5665283203125,6966800
2025-06-20,533.777038976426,535.1787931707454,524.2334362490553,529.8402709960938,8202800
2025-06-23,528.2993521026722,539.9406099029236,524.4719845345134,539.1651611328125,3681100
2025-06-24,553.9081223782863,560.8073717629585,549.2456605519145,554.256103515625,4503200
2025-06-25,552.7351004326423,555.2005181547026,545.3984318353496,546.4721069335938,2889200
2025-06-26,542.3265951874763,545.6866914981905,538.8868909825161,542.6049194335938,3764100
2025-06-27,543.5592982463595,553.430980411864,542.3464307302017,547.0884399414062,3837500
2025-06-30,549.2556285690235,559.3261483867909,548.6591761390141,558.6401977539062,5054600
2025-07-01,556.0356407610933,562.9845852794172,553.7689999571875,561.2945556640625,3827000
2025-07-02,559.6343007227986,562.6663783479959,554.1169036217435,558.22265625,2502300
2025-07-03,557.4870559222376,566.3148555829918,557.4472519743277,565.8973388671875,1528700
2025-07-07,567.318972620103,567.3985198445263,557.0595650326367,561.8015747070312,2478300
2025-07-08,561.264716219019,563.292715180994,557.1291104011599,559.1372680664062,3083800
2025-07-09,559.4558512250342,562.86035202606,556.7183003516021,562.5517578125,2454300
2025-07-10,563.0892953378783,563.4974125112147,558.4702862934563,560.9689331054688,2577200
2025-07-11,557.2856433083936,558.2811162032835,543.3788553721812,547.6892700195312,3221400
2025-07-14,548.0079289302789,556.5391404918819,545.3101750182155,550.5165405273438,2500900
2025-07-15,550.6060198061025,552.3480974401706,546.1662494072248,547.8684692382812,2449100
2025-07-16,549.9191244960869,553.005126953125,547.012360629513,553.005126953125,2424200
2025-07-17,550.4766277704188,554.8567331758757,548.0178386797261,553.0947265625,2722000
2025-07-18,552.7464086304575,553.8314402951041,548.3862315491288,550.1581420898438,2579600
2025-07-21,550.8948188242102,555.5536254803048,549.5409292782217,552.13916015625,2194400
2025-07-22,553.2938114301187,557.6739166623668,552.7263845642016,556.23046875,2010400
2025-07-23,554.4884511049639,559.9436239545169,551.9898040379474,559.5454711914062,2180400
2025-07-24,559.4558261441465,565.2694151995385,559.3563031476609,560.9490356445312,1874700
2025-07-25,561.8051328101271,567.3798181161651,561.2974318540912,565.6476440429688,1513300
2025-07-28,564.8014830510497,569.062136443335,563.6566648544631,565.7073974609375,2492400
2025-07-29,567.4494201139606,570.4059453260139,560.451216786293,560.769775390625,2393800
2025-07-30,557.7934271640236,563.0494932361526,552.6966100448701,556.5789184570312,2833200
2025-07-31,565.9960471719197,576.8168329851923,559.9634836883527,563.905517578125,4568300
2025-08-01,561.3074064681089,562.3128439468776,553.5825260565393,557.3554077148438,3316700
2025-08-04,561.735377893113,567.3398951511414,559.9535032847327,567.2304077148438,2984700
2025-08-05,567.021420663188,569.2413668638212,559.5852662005035,563.4775390625,2883200
2025-08-06,566.4141470361852,567.7779401240493,561.416853358441,566.5535278320312,2245200
2025-08-07,570.3761289007414,571.3019722475808,551.3526546778284,558.6793212890625,2979600
2025-08-08,561.1979352811828,573.5517291713928,560.14273627225,571.7200927734375,2907700
2025-08-11,572.3969984567499,573.979827325508,566.8621707802874,570.993408203125,2116600
2025-08-12,572.5761614915886,575.7019613408944,567.8775580249143,571.5806884765625,2593800
2025-08-13,574.7163866322418,577.6430793899336,571.4412419040842,575.2838134765625,2352900
2025-08-14,574.8558060928992,581.7544879540832,572.8947533040495,581.1173706054688,2642300
2025-08-15,582.3516377241956,586.8909916494356,578.4792336194287,579.0665893554688,2263800
2025-08-18,579.3852075960727,582.8394696982622,578.0612115102919,581.49560546875,1812000
2025-08-19,581.7643792233259,587.896527244787,581.5752369132094,582.8594360351562,2334500
2025-08-20,583.2575160469974,591.191466871451,583.2575160469974,589.9968872070312,2884600
2025-08-21,586.373450105671,589.5291435637358,581.2865971714784,589.2404174804688,2349200
2025-08-22,592.6050699194998,599.0458118803059,590.3951490044634,596.24853515625,2388900
2025-08-25,595.1136518936315,596.3280997398813,590.1760841417057,590.5245361328125,1984300
2025-08-26,590.3950784025315,593.3018422278158,583.6357785961891,588.9317016601562,4774600
2025-08-27,588.5336427680312,591.928179128893,587.1499206487474,587.986083984375,1480900
2025-08-28,588.1453723236469,590.8431260597329,587.0503155549824,587.806884765625,2159800
2025-08-29,589.3200085182028,594.1281600596383,587.5878952416091,592.5950927734375,2111200
2025-09-02,592.9236366262451,592.9236366262451,583.3471910133215,589.1906127929688,2284500
2025-09-03,589.1507294236154,591.3108885528225,586.2937271291939,590.5941772460938,1959400
2025-09-04,590.3453725756294,593.1924107263465,586.622252579866,592.9435424804688,1653700
2025-09-05,592.7742663394478,595.8702334845113,576.4087488738963,581.5751953125,2432100
2025-09-08,579.9824947714785,587.1200194197097,578.0712035568214,583.9444580078125,1948200
2025-09-09,580.8983227300508,588.5037514273498,580.6594189190536,581.3562622070312,2266000
2025-09-10,579.4946918135032,579.4946918135032,568.4150726642607,576.7571411132812,2535200
2025-09-11,578.2503803296192,587.299196175569,577.3843236515278,586.0648193359375,2407000
2025-09-12,583.785202197701,586.5426819149956,577.3743534974784,577.782470703125,2242800
2025-09-15,580.0919227609743,583.844875160935,578.8675104963064,580.3209228515625,2222600
2025-09-16,575.3932974454298,585.4475493758891,574.2186467210339,583.7651977539062,2537000
2025-09-17,585.0494351993487,596.1788156011738,584.7806380573154,595.9199829101562,2930800
2025-09-18,593.3815344982348,598.896432781524,583.2276982316574,583.3969116210938,3294600
2025-09-19,585.9552730495611,586.2041412828485,578.8774750769935,581.5154418945312,6745300
2025-09-22,578.3399097974624,584.6910322900201,577.5137109679034,581.843994140625,3241700
2025-09-23,582.7996726338574,584.2032628122188,565.6775250985502,567.3897094726562,3223000
2025-09-24,568.693835215571,569.0720590511846,562.3924742171233,566.2349853515625,2867200
2025-09-25,562.4422358126074,569.7987957445632,562.0141897206614,564.7318115234375,2700600
2025-09-26,564.0549003059984,567.0811163201213,561.5064918838821,562.5716552734375,2106500
2025-09-29,563.4376665564437,566.7426439057514,559.9634758250638,565.5679931640625,2615600
2025-09-30,563.2485664008659,568.0467534727137,561.0983714902579,566.2349853515625,2379200
2025-10-01,563.1191433121733,572.8648018314459,562.452193433645,571.1725463867188,3685100
2025-10-02,570.1372185158267,577.2150775570534,568.1861303671125,574.7164306640625,2483500
2025-10-03,573.8205056765818,580.579745609773,573.8205056765818,577.8223266601562,2331600
2025-10-06,576.6078399726841,578.5092275385217,566.6830027481544,576.1897583007812,2573500
2025-10-07,576.3689603356319,583.4268913471577,576.2893054751676,577.2151489257812,2120700
2025-10-08,578.6883573163096,580.4304350231564,573.4720886469385,573.8304443359375,1934700
2025-10-09,575.3854381565585,577.5385325955075,560.7027820526249,562.7362060546875,2579800
2025-10-10,565.7564909418269,567.590545303519,554.9014638297116,555.6889038085938,3553900
2025-10-13,556.2072309701146,563.1847410360479,551.2332728145059,557.4432373046875,2996500
2025-10-14,554.2136512108104,567.9792792146965,554.2136512108104,566.0953369140625,2627300
2025-10-15,562.4870343264204,566.8629449655591,557.6028132934044,561.0018310546875,2262400
2025-10-16,560.9918156834789,562.835908479604,545.6313519281664,548.1133422851562,3210600
2025-10-17,550.7149880439943,560.9918623450218,550.2365496237853,559.167724609375,2756700
2025-10-20,559.8954035155114,565.5969973117078,552.0107823963912,564.5404052734375,2046400
2025-10-21,560.353854269722,574.1294603962912,558.9683663273814,570.1921997070312,2722400
2025-10-22,569.2153514109818,574.5780717251852,566.7533160869151,569.5243530273438,1820500
2025-10-23,572.5147061455345,575.136261461097,569.8333460289697,571.9266357421875,2187500
2025-10-24,575.3854419532629,578.9539572160456,571.2388339102062,571.826904296875,1839600
2025-10-27,573.8702472256487,573.8702472256487,564.6599440400785,570.5210571289062,2981000
2025-10-28,571.2388079665792,572.1458575213749,563.6333169983717,564.1117553710938,2916000
2025-10-29,559.8256166092332,564.9889671577062,549.4590050861034,552.7982788085938,3763400
2025-10-30,549.7879390750735,561.1114269313426,543.8869759560273,551.901123046875,4284700
2025-10-31,547.1265367727974,552.6487159179935,541.7837720215902,550.216552734375,3567100
2025-11-03,548.2329623045346,549.2297495087246,538.6239190547673,542.322021484375,3175500
2025-11-04,543.0795835577918,552.2500379039172,540.7370971501116,550.97412109375,2653900
2025-11-05,551.2233470201252,554.5426655841358,547.6050044501372,551.5323486328125,2198500
2025-11-06,548.412364637792,553.216886156996,546.0998110742502,551.50244140625,2593600
2025-11-07,552.0207930623876,556.8751423329853,548.9008439547953,550.1966552734375,2510400
2025-11-10,550.5056636847862,552.9178716723853,546.8175388792112,551.1834716796875,1978300
2025-11-11,551.2233042916675,556.7355665373333,546.2493460540991,556.5560913085938,1832400
2025-11-12,558.2007901520708,564.0917752932402,556.6158718537035,559.4268188476562,1761500
2025-11-13,558.0811842846864,561.7892032126688,553.0772934139655,553.7850341796875,2031300
2025-11-14,554.2535586482852,555.2104963069999,542.3020892968607,543.9766845703125,2567800
2025-11-17,544.2458103061138,547.5551511053659,534.4872855362039,535.1251831054688,2557900
2025-11-18,531.8457777730139,534.2779409826917,523.0142577529214,525.885009765625,3594700
2025-11-19,526.4532060274263,529.2940253305802,523.2933466671828,528.6560668945312,2723100
2025-11-20,531.5766745267753,536.7301086448745,525.4863187570961,526.18408203125,3240300
2025-11-21,530.8290248585005,542.6608838608462,529.9618248758833,538.663818359375,3807500
2025-11-24,541.6940152209304,542.2920631797132,533.3907611653127,536.1219482421875,5941000
2025-11-25,539.760230568086,548.6316603553361,537.2682627445952,544.7142333984375,3132600
2025-11-26,546.7177813348721,546.9071733216591,542.4216312716022,543.17919921875,2185300
2025-11-28,546.3689778661126,549.6284915088172,543.6676626270181,548.7612915039062,1254800
2025-12-01,545.8805427731227,548.0136819276481,541.644197282052,542.2222900390625,2227000
2025-12-02,545.5217213136833,552.967692403414,539.3017181573216,544.1560668945312,3076000
2025-12-03,545.5615488878813,553.286649281254,544.7441761262179,551.950927734375,2687900
2025-12-04,555.2404278597551,557.2040695281495,537.8265230666311,540.5676879882812,2878800
2025-12-05,539.9696380659964,548.6715712088765,539.5110940332073,543.7673950195312,2126700
2025-12-08,544.963466267216,545.5715526940983,535.6634855382438,538.7036743164062,2453800
2025-12-09,536.9792442116243,540.1589977527725,534.1981690394639,535.8229370117188,1965300
2025-12-10,536.3612383894491,543.1991838165362,535.7731071863275,537.1287231445312,3023400
2025-12-11,541.026205663376,563.3143527572264,540.9065960670204,561.5599975585938,3659900
2025-12-12,564.181588156279,571.8668398192701,564.0719561592499,570.092529296875,3515400
2025-12-15,571.0394657355824,571.4580993317799,565.3378112180943,567.301513671875,2714000
2025-12-16,568.8664951100608,569.1655191169151,560.6728722878605,564.2015380859375,2748700
2025-12-17,563.7030862707345,569.9230283274844,561.749361562526,563.6531982421875,3287100
2025-12-18,563.1847347976696,567.3014705580941,561.2310100987883,564.390869140625,2259000
2025-12-19,564.4008395053681,571.099281366892,563.3841578953198,570.3915405273438,7262100
2025-12-22,570.3915196139837,577.5883548295834,569.1654908272866,573.8504028320312,2500200
2025-12-23,574.0398078305445,579.8510335301885,573.9002430181009,574.498291015625,1794700
2025-12-24,575.3953740050385,580.4191592662263,575.1461772211472,577.5883178710938,1058900
2025-12-26,577.8873964239883,579.3327500748798,576.8208267875117,577.7378540039062,972300
2025-12-29,577.7378244936391,580.1201604523326,575.5548581385168,576.0433349609375,1274900
2025-12-30,574.2291586243052,575.9237089477585,572.4050211041781,575.5648193359375,1512800
2025-12-31,574.7076426003067,576.1230634312424,568.7867240235827,569.0458984375,1736500
2026-01-02,568.8764650611032,569.0459018561962,557.6924806427385,561.32080078125,3901900
2026-01-05,557.822028831512,574.4085818710147,556.655804882518,566.7432861328125,2865000
2026-01-06,567.1719310021117,579.502184107739,566.1153389772169,578.4755249023438,4056100
2026-01-07,577.4089485452298,583.399649431708,575.7642253075785,578.0568237304688,3653900
2026-01-08,575.6545870584066,587.7754926717955,571.6574606420734,578.2063598632812,3390200
2026-01-09,577.1182106612657,580.312733097845,574.3530041583899,574.5526123046875,2221100
2026-01-12,563.0623927614577,566.905763420629,554.9363429290113,565.3085327148438,3486400
2026-01-13,557.9911271072086,557.9911271072086,532.7844437692388,544.0550537109375,8721600
2026-01-14,543.5658697933799,547.6488799038871,537.2267880623664,545.8818969726562,3943700
2026-01-15,547.5790414371068,548.9366937536321,538.0753533605271,541.7191162109375,4005600
2026-01-16,539.3131664415682,543.0967033967784,537.7558451803242,538.564453125,3496200
2026-01-20,529.6896999032713,535.4897300669587,527.6033195431008,530.8277587890625,4098700
2026-01-21,532.6047214572143,536.4780698681674,523.8697328117177,526.6649169921875,4937700
2026-01-22,529.0109029614936,532.2753127605511,522.9113993153751,531.9458618164062,5114900
2026-01-23,530.4983230650987,531.2271121604529,519.2676227845468,523.8397827148438,5002900
2026-01-26,525.8064129106551,529.4800922933696,521.7533805709344,526.4552612304688,4839700
2026-01-27,526.7448429045569,528.2022992848995,518.6587018639359,519.5172119140625,3850800
2026-01-28,521.064600603083,522.931387747402,517.3809283534553,520.4755859375,5483000
2026-01-29,530.8776615005373,543.3063149900961,519.2177065290969,542.7971801757812,5488300
2026-01-30,540.0818848034594,542.8271670651553,534.3117713849889,537.8656616210938,4306900
2026-02-02,540.0619009019978,556.1642341351807,540.0219914585122,554.417236328125,4603300
2026-02-03,553.3790608515241,559.1491135454288,548.0881652171961,549.7752075195312,5706700
2026-02-04,548.7868974661304,555.6451068414932,540.081886209362,552.5704345703125,4448000
2026-02-05,553.8981203754394,560.9559989736855,549.0065629727045,550.9432373046875,4621600
2026-02-06,552.1211725921991,555.8347613954587,538.8739188143962,547.798583984375,3779700
2026-02-09,542.7772494934849,545.6223357474523,533.2835548131582,534.41162109375,4110300
2026-02-10,535.350024576947,546.0615972892842,534.0821838204151,539.4629516601562,2222700
2026-02-11,537.2267825510716,539.7723956244012,532.1953901016766,536.5379638671875,3691000
2026-02-12,539.0036920428292,542.0684324810328,526.2456490174384,526.5551147460938,3466200
2026-02-13,528.1523587247533,533.0738936588347,515.1347516770804,517.470703125,4017700
2026-02-17,514.1165028572846,524.9578575952004,514.1165028572846,521.0346069335938,3178000
2026-02-18,521.5936467192967,529.8494788431035,518.5089818059424,527.07421875,3575900
2026-02-19,523.9096748681127,525.6267558554373,515.1646930851814,519.3674926757812,3009400
2026-02-20,519.3574914944878,526.5950538459247,517.7003660965215,525.5068969726562,2838500
2026-02-23,519.5770911578213,521.8232312252796,489.1593924686803,495.1790466308594,6312300
2026-02-24,492.8929588577325,498.39351597368477,490.4172328980602,497.1456604003906,5292900
2026-02-25,501.95740748055226,509.66416485306104,501.5580997832397,508.5161437988281,4139100
2026-02-26,510.07344797426657,519.0081059188532,508.1367737190057,513.8869018554688,4843600
2026-02-27,508.59601107420326,517.8700827123206,505.8806759854798,516.32275390625,5121100
2026-03-02,508.6059752151713,525.2573221514356,506.4696318576838,520.106201171875,3827000
2026-03-03,512.7288833808615,525.896258269307,512.1199444639687,523.4205322265625,4199700
2026-03-04,523.2607511542637,525.2573200567502,519.3874635394517,522.0228881835938,3154700
2026-03-05,520.2059975246761,524.4187895470322,511.8703468194442,523.7598876953125,3879300
2026-03-06,518.7485285819695,521.6535094232927,511.32129008930474,521.4439086914062,2872900
2026-03-09,515.3843234267132,519.9963926300892,508.23657276948757,516.831787109375,3546600
2026-03-10,516.0631909935425,518.4391130080535,510.12338595726493,513.8369750976562,2759800
2026-03-11,512.1998160804754,514.4259709645329,501.8575730657072,503.1353759765625,2873200
2026-03-12,499.14223581040915,504.75258966648227,495.4386089509588,496.45684814453125,2702500
2026-03-13,495.7081416498272,500.9990372365369,494.55012799089695,497.13568115234375,2809300
2026-03-16,497.7645995517352,507.7075043825182,497.7645995517352,507.6276550292969,3450300
2026-03-17,509.6741280965782,516.073165722109,505.63108814645256,505.7109375,2834300
2026-03-18,502.8858046124045,502.8858046124045,487.08297476744696,487.63201904296875,3458700
2026-03-19,489.6784928647076,496.22723662568575,486.47400820957273,490.2974548339844,3284500
2026-03-20,491.62513522245337,498.36355513539417,490.16764848265757,495.4685363769531,5762900
2026-03-23,505.1818316756192,506.1701539934396,499.5215759277344,499.5215759277344,2985900
2026-03-24,494.78973217193385,501.86756544900123,492.39382505801285,498.0740661621094,2278900
2026-03-25,500.43001211945887,505.3814943785646,493.71154691559775,501.8974914550781,2422000
2026-03-26,499.6513516605644,503.93396994618104,498.1938344524002,499.89093017578125,3995400
2026-03-27,498.5932002540091,499.1921465752735,479.6756969999703,483.4092712402344,3963300
2026-03-30,487.19276736696673,494.6898934654024,486.1645355842374,493.15252685546875,3629500
2026-03-31,499.1422389944236,500.5498237642148,489.73838580706985,498.8028259277344,4417600
2026-04-01,501.3684157283346,502.13708379569033,484.81684230730707,490.8065490722656,4607100
2026-04-02,487.2925874151948,499.0224295573576,486.91323445445937,492.5934753417969,2926000
2026-04-06,492.90294400003114,501.04894871517996,490.33734566846846,500.6396484375,2466000
2026-04-07,497.4351634917362,501.73776700262874,494.8196631262533,497.4251708984375,3593200
2026-04-08,507.12849518104855,510.9419490509534,504.99215185756924,506.25,3874900
2026-04-09,504.4599914550781,506.6700134277344,497.760009765625,503.57000732421875,3301800
2026-04-10,502.010009765625,504.3900146484375,495.6700134277344,498.6600036621094,2842200
2026-04-13,496.2300109863281,508.8699951171875,495.0,508.5799865722656,3318100
2026-04-14,508.0,513.97998046875,506.69000244140625,513.1599731445312,2744600
2026-04-15,516.0,522.4400024414062,513.2000122070312,519.9600219726562,2910800
2026-04-16,518.030029296875,522.22998046875,517.010009765625,518.5399780273438,2967400
2026-04-17,521.5,527.469970703125,518.739990234375,521.2999877929688,3617200
2026-04-20,520.760009765625,524.47998046875,514.5399780273438,516.6500244140625,2503500
2026-04-21,516.9299926757812,523.1099853515625,510.1700134277344,511.3500061035156,3444900
2026-04-22,512.0700073242188,513.7899780273438,505.7200012207031,510.1600036621094,2288500
2026-04-23,507.3699951171875,509.6499938964844,499.1200866699219,499.55999755859375,1206591
