timestamp,open,high,low,close,volume
2021-01-04,190.28381146565314,190.48785110636425,184.72140631709334,186.49569702148438,4055400
2021-01-05,186.46015771544324,188.0304083924864,185.96335860642088,187.6134490966797,2576100
2021-01-06,187.45382943809014,187.8175623081139,185.44000554993147,187.18768310546875,3083400
2021-01-07,189.15713298048365,189.15713298048365,186.79732309603767,188.05706787109375,3142000
2021-01-08,188.8732489959022,191.72985824794696,188.27886320624577,191.50807189941406,2639100
2021-01-11,190.81609191208983,191.72985054840922,189.0684144728932,190.0531463623047,2545400
2021-01-12,189.57413214595536,190.14190474869943,187.13448191690767,187.72000122070312,2952000
2021-01-13,187.10785319410965,189.0773172085313,187.0989730759334,188.15467834472656,2069800
2021-01-14,188.16356253043952,188.669228417092,184.5262606321193,184.96983337402344,3666700
2021-01-15,184.49965391805495,186.92155738476794,184.01172117723863,186.22071838378906,3593700
2021-01-19,186.90378300943786,187.18767602997377,184.41978676357,185.49322509765625,3331600
2021-01-20,186.43358330911911,190.21283103028975,185.9722774898671,189.52085876464844,4077700
2021-01-21,189.90233011427813,191.587914389435,189.24585122344212,189.43214416503906,2674900
2021-01-22,188.52724663405152,189.9732978339955,187.33847515688643,189.299072265625,2196400
2021-01-25,188.2700122477346,189.89349007811936,186.79734752245454,189.26361083984375,2615300
2021-01-26,188.52727808328262,191.18871448095592,188.22565187370336,191.07339477539062,2907800
2021-01-27,188.42082797612989,189.09505366776722,183.6391143798828,183.6391143798828,5464000
2021-01-28,185.08516227446532,186.6199201351362,181.98015315401548,183.47943115234375,5401600
2021-01-29,181.96241962121238,185.7682679766342,180.1881285668538,184.3843231201172,5203300
2021-02-01,184.95208983628237,186.02554184622073,183.28426550320785,184.4641571044922,2812500
2021-02-02,184.60608475938727,188.63373249354976,184.21573861386335,186.08761596679688,2786000
2021-02-03,184.8367550346619,186.29167299271964,184.46414204316127,185.1561279296875,3020700
2021-02-04,186.30053574597133,188.17241309898478,185.12063072850177,187.21429443359375,2777500
2021-02-05,188.59825256780894,190.0088106188979,188.083706569844,188.58938598632812,2600200
2021-02-08,188.54502547858752,188.95311835058004,186.2650686619529,187.70223999023438,2696200
2021-02-09,188.136908788902,191.78306294793157,187.8707624936427,191.6056365966797,3047300
2021-02-10,192.4041099595965,192.78557600630532,189.68056692433643,190.2039794921875,3161600
2021-02-11,190.328188360193,190.55885485220395,188.4296975441684,190.0886688232422,2583600
2021-02-12,189.84914171984178,190.47014087792724,188.95312961580177,189.7604217529297,2781200
2021-02-16,190.17734398048705,192.45731402323085,189.6982914485882,190.7628631591797,2892900
2021-02-17,189.81361304174405,190.6386516674367,188.63370817642857,189.3611602783203,3280000
2021-02-18,189.21923099739223,191.49920110782287,188.6514584991034,191.1177215576172,2191000
2021-02-19,190.993548444345,191.38389462962573,188.04823242800452,188.2877655029297,3181600
2021-02-22,187.63125249863933,188.96197060146656,186.02552148711013,188.1280517578125,2910800
2021-02-23,190.2926732686994,191.3572449572555,186.6819852782622,187.4715576171875,3243000
2021-02-24,187.04572207308905,189.93782457341086,186.67312265104272,189.2014923095703,2887100
2021-02-25,188.69581492324332,188.89098798492788,186.0698722443738,187.143310546875,3131400
2021-02-26,188.11626234650626,188.910679232254,184.00135803222656,184.00135803222656,5334000
2021-03-01,185.0814579338023,187.78604715541988,185.0814579338023,185.88479614257812,2827500
2021-03-02,185.66161582000143,187.35755782418136,184.04600490000732,186.25965881347656,3016600
2021-03-03,185.23313717788773,186.54526580240653,183.52826071745136,183.71571350097656,3488600
2021-03-04,184.01918582856152,185.2063504082746,180.95754799244838,182.8409423828125,3926200
2021-03-05,183.65324452546687,185.866898288635,181.16288574440946,185.09925842285156,3608100
2021-03-08,185.39379968725905,187.97342402916166,184.893943756933,186.65237426757812,3157100
2021-03-09,188.00914441024642,188.51792149830513,185.91152001372873,186.15252685546875,3646700
2021-03-10,186.3042432261522,190.68693061191766,185.87579726865917,190.4012908935547,3447200
2021-03-11,191.64204639202234,192.11512534914135,188.7767956230604,188.84820556640625,3618000
2021-03-12,189.26770807324502,191.23144737404795,188.7142980630479,189.53549194335938,2818200
2021-03-15,190.70478892689434,196.86376307686604,190.57090381017753,196.78343200683594,5479700
2021-03-16,195.9979510449901,197.5332307254779,193.83785140617667,196.2478790283203,3583400
2021-03-17,200.44311186653704,200.74659389686724,196.38176175693613,200.04144287109375,5240600
2021-03-18,199.65762518597927,201.14828562020702,197.6314242269828,198.96139526367188,3254600
2021-03-19,198.83642264963706,200.99652226625378,197.26544482483948,198.55079650878906,7719400
2021-03-22,199.39876446483706,202.5407336879776,198.7382327425699,200.89834594726562,4220700
2021-03-23,199.90755658070543,202.08549845042694,199.72010378656273,200.2735137939453,2794000
2021-03-24,201.12149516340895,202.63891890249008,199.97894976663218,199.98788452148438,2442500
2021-03-25,200.96975132878313,201.12150596889225,198.55080252312348,200.1217803955078,3249600
2021-03-26,200.12180722130967,201.0858211426965,198.53297324533577,201.02334594726562,3263100
2021-03-29,200.6841063754029,203.4065505861369,200.21102746895352,202.9334716796875,3621300
2021-03-30,201.84448033891312,202.6388970922256,200.13960399212456,200.81797790527344,2419000
2021-03-31,199.95217918950328,202.16584649583004,199.94325805441656,200.06822204589844,3564100
2021-04-01,200.5413321765444,201.9248710531659,199.3006132038444,201.02334594726562,2441200
2021-04-05,202.26401098905805,204.85255636217144,201.8980401903611,204.27236938476562,2866300
2021-04-06,205.04002799637723,207.32509157977853,204.1563453177738,207.00375366210938,3230900
2021-04-07,206.79847233540232,207.80711913652766,206.40573804634474,207.62860107421875,2551300
2021-04-08,207.62854846343035,207.79814534666912,204.5847665591228,205.52200317382812,2772200
2021-04-09,205.46848111561272,206.73597694021706,204.2902375034135,206.61993408203125,2728900
2021-04-12,206.61993643424773,207.42328807536197,205.73626733509215,206.15579223632812,2292700
2021-04-13,205.69160093507477,206.78057854994432,205.02214815314935,206.4770965576172,2570900
2021-04-14,206.38786481936094,206.4503400068969,204.93291617463842,205.57559204101562,2129200
2021-04-15,205.12930789498316,206.51284671670533,204.58481895043656,206.44143676757812,2063000
2021-04-16,208.5568727875893,209.10136165134594,207.36078696230524,208.048095703125,2694300
2021-04-19,208.08382926344655,208.2445050574914,206.0397722029333,206.91452026367188,2254800
2021-04-20,206.4056968658426,208.16412734986974,206.26287699646775,207.985595703125,1885700
2021-04-21,208.2444623992137,208.74431833152738,206.9501896558901,207.31614685058594,2065500
2021-04-22,207.82495140635973,208.90499441360151,207.03053454233552,207.9409942626953,1839500
2021-04-23,208.6818135972689,209.97609986182738,208.06592848343854,209.38697814941406,2137500
2021-04-26,209.56552662239574,210.07431734434653,207.00375798254456,207.3607940673828,2490100
2021-04-27,207.59288414282324,210.32424974738683,207.45006425786536,209.74404907226562,2623800
2021-04-28,209.94046298517475,210.16361399039286,207.3162049846009,207.45010375976562,2777000
2021-04-29,208.86036312048958,210.47597378103183,207.63748668180486,209.9493408203125,3146700
2021-04-30,208.8692737125413,210.91333027015307,208.75323086872876,210.72589111328125,2640400
2021-05-03,212.43078358729431,212.60036686870683,210.10108712096005,210.26174926757812,2458000
2021-05-04,209.43164777423283,210.77055356259632,208.19092895515152,208.7443389892578,2529700
2021-05-05,208.97641349662558,210.07432606216975,206.6913497707048,209.797607421875,2070000
2021-05-06,210.24388112618234,210.3420680834116,208.1284145986687,209.6369171142578,1832600
2021-05-07,209.76188420187708,210.40456000052535,208.86035930490922,209.6190643310547,1406800
2021-05-10,209.85116539849776,212.3683011108821,209.85116539849776,211.64529418945312,2031500
2021-05-11,212.20764632024196,212.26120037256786,207.26261331465594,208.7443389892578,3028500
2021-05-12,207.18225422052745,208.48546167113574,203.12983924188086,203.46009826660156,3198200
2021-05-13,203.51366958894906,206.26289097043426,203.40656148968773,205.0935821533203,2819200
2021-05-14,205.93264248529886,207.65536139707035,205.71841265572948,206.83416748046875,1943100
2021-05-17,206.02191609261203,207.35190088502662,205.52206005843232,206.79847717285156,1630900
2021-05-18,206.9858930276244,208.19983473098662,206.7716632140712,207.02159118652344,2913000
2021-05-19,205.50419498159332,205.8523099627006,203.6743542367763,205.4327850341797,2967000
2021-05-20,205.94155701032747,208.88715237710164,205.79873712853214,207.2447509765625,1890200
2021-05-21,207.45895125794394,208.33369907428605,205.57555689762316,206.4056854248047,2601100
2021-05-24,206.65563871963894,207.66427176727967,206.2093368128792,207.00375366210938,1823300
2021-05-25,207.23580717376822,207.77137486189287,205.93261335007807,207.2090301513672,2681900
2021-05-26,208.68185302608236,208.68185302608236,207.22691797786499,207.39651489257812,1564200
2021-05-27,207.98559472996212,209.8332910287163,207.44110589806402,209.6369171142578,5242900
2021-05-28,210.1395768441226,210.3908851932074,208.6317130543359,209.92416381835938,2853600
2021-06-01,211.7999619056657,211.80894600608286,208.89196198770796,209.34072875976562,2574300
2021-06-02,209.99595778606405,210.31907046110751,208.95481542255988,209.82542419433594,3172000
2021-06-03,208.73941196146075,208.90993185452865,206.5673684307578,208.63169860839844,3249400
2021-06-04,209.52026523503076,209.84337790885178,208.2906484713149,209.46641540527344,1615200
2021-06-07,210.02287020394314,210.0857041320103,207.47387797209495,207.94956970214844,1877000
2021-06-08,207.77902782282513,210.00490730996478,207.63541916035786,208.80221557617188,2106200
2021-06-09,209.10736117477808,210.3100665317349,207.7341359485507,207.75209045410156,1982200
2021-06-10,208.27268451404166,210.83064717840435,208.16497116413663,210.5524139404297,2534000
2021-06-11,210.92041549143568,213.1642496987914,210.66013674930437,212.65264892578125,2654300
2021-06-14,212.87702901914133,213.4065842922107,210.74987860630526,212.69752502441406,1836800
2021-06-15,213.19120919844002,213.44251757481,211.5128253215521,212.1321258544922,1948300
2021-06-16,212.90396323654153,212.96678347052543,209.82541569413672,211.44097900390625,2951700
2021-06-17,210.9921987054573,212.06026587247055,209.37663549885218,209.9151611328125,1895600
2021-06-18,207.75213293695847,209.0266291861881,205.37367403791689,206.09169006347656,4408200
2021-06-21,206.99822217291427,209.33180180752305,205.9570796906396,209.03561401367188,2193000
2021-06-22,209.56512357932104,210.79474021935692,208.61372646662107,209.9151611328125,1758300
2021-06-23,209.39457858116856,210.4267366787912,208.85605297658932,209.34072875976562,1701500
2021-06-24,210.11262877933348,211.06401223823576,208.89198249171181,209.42152404785156,1839800
2021-06-25,208.89196890427297,209.49331475530826,208.53294725757434,208.60475158691406,3000100
2021-06-28,208.82914602485562,208.9009503579929,206.44170330532654,207.41104125976562,2901700
2021-06-29,207.80597390902759,207.96753709458434,206.47762788404606,206.76483154296875,1932100
2021-06-30,207.25845513741368,208.45217645657223,206.97125150991033,207.3212890625,2450700
2021-07-01,207.69827428813198,208.58682387539196,207.10589876644053,208.47015380859375,2210500
2021-07-02,209.19716486329315,210.12162351589666,208.6227438199737,209.69081115722656,1851500
2021-07-06,209.71772941982596,209.9331287446879,207.33028647057097,208.90097045898438,1762700
2021-07-07,208.15599573233874,210.91143052245462,207.97649174719962,210.58831787109375,2069400
2021-07-08,209.0804644804333,209.87029848796226,208.17396040926621,208.9817352294922,1932600
2021-07-09,210.0857302778953,212.0243927587948,209.17921243041548,211.53074645996094,2560500
2021-07-12,210.55239219340828,212.03333076797327,210.47161746077975,211.46788024902344,2158600
2021-07-13,211.51278278931886,213.13731650106806,211.09991128528833,211.97052001953125,1884600
2021-07-14,212.74239447951575,214.5554162404547,212.39235691285057,212.8321533203125,1993200
2021-07-15,212.34746516232872,213.06549476118076,210.8485857359357,212.60775756835938,2165800
2021-07-16,213.424510545741,213.50529897884246,210.36393135194135,210.69601440429688,1680900
2021-07-19,208.68553897938628,209.41255272231928,203.21956247007185,205.7685546875,3774900
2021-07-20,207.01611684856482,211.38711474028537,206.62121357339097,210.26519775390625,3275600
2021-07-21,211.7999911167864,213.71174221190583,211.11787045948074,211.75511169433594,2146600
2021-07-22,211.50383013153078,215.12987427813255,211.06404734357585,214.21438598632812,2538300
2021-07-23,215.5247819427496,219.9406463118781,215.0490901549048,218.06480407714844,3996400
2021-07-26,217.2031574774228,219.5098256822179,216.84414947210007,218.9802703857422,2638400
2021-07-27,219.1507611337198,221.73566209153725,219.05203189726777,221.10739135742188,3135200
2021-07-28,217.65191687197472,218.8187133921995,214.82469126494445,217.0056915283203,4948500
2021-07-29,218.38790347404537,220.07525749420356,218.08273161180392,219.01617431640625,2572300
2021-07-30,218.86359618586005,220.26374655358262,217.39164147937257,217.8404083251953,2336800
2021-08-02,219.21366855338653,219.60857193632427,215.1298868695016,215.4978790283203,2693900
2021-08-03,215.01315660996036,215.36319418175387,211.14478881275414,212.67059326171875,3300000
2021-08-04,212.2218223519351,212.3564606125081,209.17021351281417,210.767822265625,2240600
2021-08-05,211.58458421414068,212.54493808281373,210.32802890697153,212.1949005126953,2230500
2021-08-06,212.42823197515236,212.8411034300597,211.52172802876396,212.05126953125,1558600
2021-08-09,211.62944155492198,211.88076356261956,210.0497873489463,210.6331787109375,2093100
2021-08-10,211.0101592693199,211.0101592693199,209.34074619045123,209.5292205810547,2027500
2021-08-11,210.19343130978143,211.76411537382106,209.7985142681498,211.41407775878906,1969100
2021-08-12,211.8179655528015,212.50008627428156,210.96531122713188,212.4193115234375,1490800
2021-08-13,212.52697793286333,214.51053324105564,212.06027031528072,214.34898376464844,1699700
2021-08-16,214.5105289886596,216.3504755956091,214.11561201601376,216.27867126464844,2175300
2021-08-17,215.72219671592762,216.16197939553862,213.80147544452112,215.65936279296875,1652000
2021-08-18,214.90543008112869,215.19263368847305,213.41552113816013,213.68478393554688,2215500
2021-08-19,212.42828971422466,213.72074055619876,211.88080725270262,212.92193603515625,1455400
2021-08-20,212.67955492266435,214.86055486403652,212.10513400147673,214.0527801513672,1989700
2021-08-23,214.92341653904012,215.4709126201887,213.60404096144066,215.10292053222656,2086900
2021-08-24,215.75813455330533,215.75813455330533,213.90024683871147,213.99896240234375,1687700
2021-08-25,213.5501674581125,215.04906065412897,213.4693927192449,214.3579559326172,1668000
2021-08-26,214.32205187247393,214.43873562816393,211.7461347081288,212.67059326171875,2008000
2021-08-27,213.10142184504872,213.94510572232122,212.15003830524014,213.14630126953125,1784000
2021-08-30,213.02062335089477,213.39758582302522,211.6922774450147,212.34747314453125,2245600
2021-08-31,212.75361098211246,214.54046672235887,211.77895864097067,214.29681396484375,2938100
2021-09-01,214.67582663133427,215.72266312138825,214.07118392153328,214.9194793701172,2197100
2021-09-02,215.8670826880237,216.54392346595668,215.12707726473792,216.4717254638672,2140200
2021-09-03,215.13606166903332,216.2731490326783,214.34189754628272,215.5241241455078,1339300
2021-09-07,215.33458743682232,215.33458743682232,212.93405606891824,213.15065002441406,1820000
2021-09-08,213.70119864618255,216.10173058735722,212.97923239247484,215.34365844726562,2718400
2021-09-09,215.16311098064628,217.87949294146887,214.5765213071286,215.33457946777344,2992200
2021-09-10,216.87782541053065,217.78027971645923,215.72267123021095,215.84901428222656,2035200
2021-09-13,217.3380931974575,218.21347506061392,216.44465839073345,217.6810302734375,2294800
2021-09-14,218.1502594474726,218.61953950768907,216.13779034919105,217.60879516601562,2013800
2021-09-15,217.0131724837687,217.73513863080305,214.9465445600123,217.47341918945312,2507200
2021-09-16,216.85072239088132,219.82882412487098,216.54389125541226,219.48590087890625,3410700
2021-09-17,220.05444083856494,220.76738740689402,218.2856382213851,218.8361358642578,4756600
2021-09-20,216.4806771079405,218.35778314265335,213.5567210936147,215.76773071289062,4549900
2021-09-21,216.58901032192045,218.7097832227993,216.0475322879723,217.0402374267578,2008300
2021-09-22,218.21343053838487,221.87739242447537,217.91561899690618,219.4136962890625,3361900
2021-09-23,219.96419415883395,221.95861025204195,219.77467271572792,220.90274047851562,2941700
2021-09-24,222.58130775320052,223.24912883177907,221.31787735627736,222.3827667236328,2508800
2021-09-27,222.00374941490347,224.62086127791105,221.35398124181646,223.90792846679688,2463300
2021-09-28,223.1678699961369,223.54691283888062,219.2151303724697,219.99124145507812,3007500
2021-09-29,220.541789025221,221.74205491181954,219.431760307546,220.4515380859375,1719000
2021-09-30,220.89374535747422,221.48033515094463,217.3290535863511,217.59075927734375,3136800
2021-10-01,219.3595568853261,220.82152833533988,216.8146293401153,219.2332000732422,2076000
2021-10-04,218.44805368403462,220.92980264582116,218.2675656045217,219.36856079101562,2236500
2021-10-05,220.1717218346776,222.79786649847273,219.3053598635032,221.29978942871094,2463100
2021-10-06,220.70418815528785,223.05057448994475,219.31441480161786,222.99642944335938,2107900
2021-10-07,223.80863542236344,225.56841830971769,223.51984347656278,224.09742736816406,2423900
2021-10-08,224.93675566045948,225.27969273357874,223.00550382566357,223.53794860839844,1687500
2021-10-11,223.8988795459058,224.83742580052882,222.40982194003027,222.5271453857422,1504000
2021-10-12,223.5649918250737,224.35013640161844,220.36127642147716,220.66812133789062,2346700
2021-10-13,219.5400455156857,220.08150979425224,216.4987653811172,218.9805145263672,3214300
2021-10-14,219.1880783243183,221.4803059105815,218.4300063383794,220.69517517089844,2512000
2021-10-15,221.31786501310071,222.3466622133204,218.38488896848622,218.61952209472656,2564700
2021-10-18,218.77293600967698,219.70246269367655,217.60877620119714,218.6285400390625,2484900
2021-10-19,219.4949077811592,220.13564254053605,217.969758006615,219.08880615234375,2071600
2021-10-20,216.95002711378683,218.9805494656976,215.94830220269642,216.33636474609375,3040200
2021-10-21,216.7424022908228,218.31267740204763,215.9662912041747,217.8524169921875,2702400
2021-10-22,217.22978857066116,218.61054259861942,214.78413126910067,215.18121337890625,3283700
2021-10-25,215.89412983029803,215.91218277128775,213.43043354403156,214.18849182128906,3178400
2021-10-26,214.30579497398753,215.14507075062787,213.10552926355732,213.35821533203125,3066400
2021-10-27,217.53663287248202,220.75838787544004,215.55123597394896,219.05274963378906,5249400
2021-10-28,219.65736129847707,222.07594587501185,218.8722304990686,221.55252075195312,3448500
2021-10-29,219.29637992923972,222.08496022098467,218.81808028452073,221.59764099121094,4329400
2021-11-01,221.82326308436882,227.13871820216897,221.40812805978035,226.13699340820312,4456200
2021-11-02,227.20189408231073,227.61702912743945,223.9530668005853,224.92771911621094,2624300
2021-11-03,223.79965908188908,226.63336518840404,223.72746108148837,225.9745635986328,2399000
2021-11-04,226.62430011907725,229.38580783875832,225.79404388619236,228.73605346679688,2711000
2021-11-05,229.84606754329425,232.40903422374606,229.78288913810889,229.86412048339844,3224300
2021-11-08,229.92729513506325,230.71242593431768,227.3552949873302,228.4111785888672,2471300
2021-11-09,228.23972811580492,228.94364139222566,226.01968440299777,228.0050811767578,2258900
2021-11-10,226.34454722031683,228.970692380881,226.34454722031683,228.43824768066406,1794300
2021-11-11,228.61872803947338,228.61872803947338,224.94573277302734,225.75794982910156,1640500
2021-11-12,225.74892062725206,226.52503181758846,224.6118332522582,226.21820068359375,1625200
2021-11-15,226.2181945028055,229.00677469861648,226.2181945028055,228.2667694091797,1709200
2021-11-16,228.77214925350944,229.39484488077048,227.76140491381545,227.83360290527344,2195500
2021-11-17,227.7884516390093,228.62772737522545,226.08281387378426,228.0411376953125,1412000
2021-11-18,228.46531116877892,228.76312271060053,226.58820475904054,228.75408935546875,1751200
2021-11-19,228.58265281550058,228.609739114325,225.82114474928116,227.3733673095703,2743100
2021-11-22,228.02310364843316,230.53192525126659,227.60798242312435,228.75408935546875,2438700
2021-11-23,229.95434414816418,230.83874537634765,228.36602977117133,230.71240234375,2770000
2021-11-24,229.67459130466779,232.6436733005177,229.26848967332842,232.0299835205078,2642800
2021-11-26,227.87870939521605,228.46531289852717,224.05231232786537,225.62257385253906,2573300
2021-11-29,227.28308403555226,227.70723858926695,225.4601227900353,225.88427734375,2084600
2021-11-30,224.48679578840597,224.95866362420648,221.37420998695748,221.9640655517578,3836100
2021-12-01,223.01671580895984,227.6810460854954,221.51941670363885,221.5829315185547,3275300
2021-12-02,222.925990176486,227.1728841995856,222.32706496398697,225.77540588378906,3290500
2021-12-03,227.1547201177178,227.48139145595704,224.65921251925948,226.25633239746094,3229900
2021-12-06,229.0422501350162,233.15303119131275,229.01502751981172,232.1185302734375,3616800
2021-12-07,233.17117281770382,236.28374482382478,232.71744415115325,235.85723876953125,2596200
2021-12-08,235.9389293358964,238.48888247209294,235.11313976001244,235.5577850341797,3453100
2021-12-09,235.48520216179946,238.75205443567265,234.45068740282176,238.0623779296875,2955100
2021-12-10,239.45986461927413,240.7212160124816,238.1440403038009,240.44898986816406,2529600
2021-12-13,239.7683816739694,241.25659732460326,238.11680265365825,238.74295043945312,2878800
2021-12-14,238.66128224517874,239.1966787566652,237.52696056150396,238.22569274902344,3695500
2021-12-15,237.8990327483524,241.08421704998105,237.2184397056729,240.04061889648438,2641800
2021-12-16,240.98436419682596,242.19129794329956,239.65040082584974,240.97528076171875,2347700
2021-12-17,239.56876949912225,240.34011387899338,236.73750665416816,237.48162841796875,5943200
2021-12-20,235.60315362729975,237.7175170445127,234.51419374188345,237.50881958007812,2824500
2021-12-21,239.83187142187901,241.81920490766862,239.04238808790154,239.92262268066406,2851800
2021-12-22,239.8592099180906,240.875558043381,239.6323455082165,240.4218292236328,1795100
2021-12-23,241.3110799984914,242.6268765906688,240.8845739198156,241.3383026123047,1509800
2021-12-27,241.81017693252076,243.4345334491096,241.38367084246903,243.41636657714844,1485500
2021-12-28,242.81739160273972,244.3056347416425,242.51794290417334,243.0896453857422,1304000
2021-12-29,243.6069711518343,244.75943217976717,243.15324241263804,243.64324951171875,1318500
2021-12-30,244.10603062813266,244.34197840438276,242.01888977075438,242.48167419433594,1714600
2021-12-31,243.19855630354692,244.2149040482,242.48165728267952,243.2620849609375,1519200
2022-01-03,244.55068885931453,245.67595488060996,240.98438788005174,243.7248992919922,2750600
2022-01-04,244.55979679460313,246.05709613425637,243.44361409749166,243.6614227294922,2506000
2022-01-05,244.37825320927269,245.26757138164808,242.20036110856208,242.46353149414062,2473000
2022-01-06,243.30741752229483,245.70311779840296,243.01702457487642,244.7321319580078,2908400
2022-01-07,243.70672117752156,245.16774177656455,242.2910900578241,242.3455352783203,2209100
2022-01-10,242.02793667964195,242.03702011482807,237.76290384557197,239.9407958984375,3122400
2022-01-11,239.10597483171975,239.5234252332251,236.22934998058747,237.86276245117188,3206200
2022-01-12,238.99705778797528,239.52339860321402,236.1930176656262,236.7738037109375,3044000
2022-01-13,237.21844482421875,239.43264311965143,236.4743231017499,237.21844482421875,2371300
2022-01-14,236.97343978662954,237.06416337231283,233.36174934888302,233.86083984375,3460100
2022-01-18,233.1802364935498,233.30729381733917,230.7754800176892,232.7446746826172,3076500
2022-01-19,233.71565148183217,234.0786566108264,231.47424435466985,231.60128784179688,2304700
2022-01-20,232.87169865797057,234.22380123557463,229.4959562382138,229.70468139648438,2602200
2022-01-21,230.53048242964599,234.5414426609252,230.2128806330269,231.0295867919922,3738100
2022-01-24,229.02407494230064,230.42155307428533,224.8497658757968,230.14024353027344,5153100
2022-01-25,227.6175264452674,229.16020115522502,224.20549182880936,227.4813995361328,3908600
2022-01-26,229.58672628902715,230.68475585513195,224.9223957238217,226.72824096679688,3839000
2022-01-27,226.50139176718545,229.09672070492184,222.55394620408953,225.72097778320312,5199000
2022-01-28,226.86436498018188,232.62672538935928,224.28718911721546,232.39077758789062,3833200
2022-01-31,231.4197910938757,235.48519638757523,230.89346413784074,235.43983459472656,3174200
2022-02-01,235.71207643735102,235.8481895183645,231.92798047145283,235.02239990234375,2496500
2022-02-02,234.87719534711755,238.30738333829487,234.56866314291042,238.0079345703125,2371500
2022-02-03,237.75382781080415,238.47978261988902,236.0024417561713,236.5196990966797,2242200
2022-02-04,235.82089756733257,237.50878235584932,233.93339878095483,235.99331665039062,1989700
2022-02-07,236.84635048647849,237.37266352468643,235.1857158463238,235.8027801513672,1959300
2022-02-08,236.39264941475312,238.09867373398814,235.1222146110893,236.01150512695312,2920000
2022-02-09,237.74476314585917,238.5524135511278,235.40353516232415,235.81187438964844,2379300
2022-02-10,234.6684983692416,236.33821672742624,232.28188088282775,233.0985870361328,3246600
2022-02-11,233.0985582337252,234.8136658678045,231.15660011549295,231.54681396484375,3592700
2022-02-14,232.22743996767912,232.53597217828772,228.3888849743888,229.94064331054688,2825800
2022-02-15,231.23831824675202,233.1439844649741,230.09491297713794,230.32177734375,2171500
2022-02-16,230.28544364480032,231.03863486784655,227.95327172982223,229.66836547851562,2941800
2022-02-17,228.2073868182302,229.4778355070901,226.8643537212766,227.70828247070312,2831900
2022-02-18,227.17286570779558,228.94240474004724,226.8734031259222,227.4088134765625,2813500
2022-02-22,226.87343610222172,231.12941383346617,226.501389064635,229.3144989013672,3980500
2022-02-23,230.06765089099673,230.358043876858,224.21455400589016,224.8588409423828,3497200
2022-02-24,220.4486125461924,222.85338288796908,217.43586127399718,222.35427856445312,4856000
2022-02-25,223.2345544136866,226.43787841603293,221.08388447893878,226.3652801513672,4549700
2022-02-28,223.05286014339396,224.22086614016473,221.15484691770905,223.35398864746094,4410400
2022-03-01,221.10009971941238,222.28635973079918,217.45007748359455,218.66371154785156,3910700
2022-03-02,219.77697817992174,221.50161319795163,218.64546622929728,219.85910034179688,4482000
2022-03-03,219.92295214665705,221.1365861689495,215.05929601475592,215.94442749023438,4707400
2022-03-04,214.09203371901015,215.70717233579012,211.37277125604686,215.17791748046875,4184100
2022-03-07,213.80916312195802,213.80916312195802,204.5746118465133,204.70236206054688,5425000
2022-03-08,204.70237021592035,209.63902854726842,202.75872895294043,203.29710388183594,5258800
2022-03-09,206.94711289183903,207.36687154153205,202.58533778585385,203.00509643554688,5630500
2022-03-10,200.9337352639104,202.6218762348106,198.63421719686153,202.5762481689453,5444900
2022-03-11,205.07651413620542,209.064159163883,204.58375331352352,207.0201416015625,6126300
2022-03-14,206.9380118406237,208.45277442698114,203.6347461361707,206.3905029296875,4436100
2022-03-15,208.03300927415762,214.04643136952117,208.03300927415762,212.22142028808594,5087400
2022-03-16,214.32014991998682,217.3679286955504,213.85477715447493,217.30404663085938,4173200
2022-03-17,215.7528236046746,216.6927032470703,214.0190546320298,216.6927032470703,3752800
2022-03-18,216.4736716129728,218.26218848427186,215.34217372639154,218.01580810546875,5336500
2022-03-21,218.61805738915817,219.08343015613158,213.59015737203217,214.7307891845703,3704000
2022-03-22,216.30030473454644,217.57782083096,215.7801838227141,217.2858123779297,2938100
2022-03-23,216.38245498666575,217.18545043763402,215.3056911502535,215.4608154296875,2200500
2022-03-24,216.77480904836358,219.95032435851311,215.78018137351114,219.2385711669922,2337500
2022-03-25,219.49404079455707,220.68943455362304,218.48115925281414,220.44305419921875,2134800
2022-03-28,220.74420250714073,221.69320207344566,218.87356350111784,221.68408203125,2041800
2022-03-29,224.7957292103589,226.89448066270546,223.35396888981563,226.45648193359375,2657400
2022-03-30,225.85424437488152,228.58264099046409,225.85424437488152,227.2412567138672,2227300
2022-03-31,227.87089450464845,229.3582830553363,225.64437866210938,225.64437866210938,3803400
2022-04-01,226.41086564739138,227.60624565333202,224.6406027070371,227.44200134277344,2023000
2022-04-04,225.1972261135882,225.63523877846885,221.17308744249794,225.23373413085938,2500700
2022-04-05,224.5676263090917,227.8891460263893,223.9562353244111,226.76675415039062,2532500
2022-04-06,225.9728558165624,230.29813679102702,224.45809338271755,229.45863342285156,2886000
2022-04-07,228.84725279132132,233.1269058996328,227.70662089352953,232.1049041748047,4041800
2022-04-08,230.90037982394452,232.75277875248838,228.9658726678762,229.45863342285156,2551000
2022-04-11,229.26700975740016,230.8091462995849,228.06249579886682,228.53700256347656,2326700
2022-04-12,228.79252506209886,230.21603156951022,227.03139593846905,227.3690185546875,2724900
2022-04-13,227.54238976650288,229.64115536477942,227.232141214024,229.34002685546875,2133800
2022-04-14,229.33999699410853,231.53000451010575,228.51873373281342,228.59173583984375,2105900
2022-04-18,227.7887517519079,230.39851803119598,227.33249900324725,229.0936279296875,1426600
2022-04-19,228.1628790513478,233.5649240999925,228.1628790513478,233.0539093017578,2324500
2022-04-20,233.60137829474434,235.23477072932684,232.52462862505604,233.46450805664062,2278700
2022-04-21,235.10706108209408,236.8955642517645,232.5794306079566,232.91705322265625,2476900
2022-04-22,232.68889727755317,232.68889727755317,228.07162177897948,228.281494140625,2643600
2022-04-25,227.6244783844561,230.98250563162028,226.2374662221234,230.75437927246094,2523000
2022-04-26,228.24499845072134,230.3255098155697,226.60248581433356,226.8306121826172,2948500
2022-04-27,226.28310281650127,229.01149918753327,225.43447941179883,225.5166015625,2706500
2022-04-28,228.07164981922654,233.94818805762117,226.37438886170096,231.94979858398438,3547400
2022-04-29,232.03188677111578,232.5520215656209,227.0313607593858,227.35986328125,3388000
2022-05-02,228.91112270713177,229.54075370907975,221.0635700974922,225.0603485107422,3418700
2022-05-03,225.74472398240138,226.15534865245465,221.0818205498466,224.3577117919922,2562000
2022-05-04,224.62235693904194,232.4881498835508,224.62235693904194,232.0684051513672,3289300
2022-05-05,230.76351711745738,232.22353149820708,225.18810791251653,227.140869140625,2925900
2022-05-06,226.4747638954648,230.36203268405922,226.02763114523242,228.83815002441406,2964500
2022-05-09,225.3888658131059,228.03512627947651,225.19723352544733,225.83599853515625,2918900
2022-05-10,227.2047308251123,228.92936552173063,223.49994710299904,224.184326171875,3070800
2022-05-11,223.8102316455821,225.19723000381077,221.9304725117826,223.04371643066406,2833200
2022-05-12,223.85587329936735,224.82312697656374,220.0233387632404,222.82473754882812,2861000
2022-05-13,225.52574435075496,225.55311840374958,221.08184671404993,223.60035705566406,3255200
2022-05-16,223.0711155406028,224.00186118762088,219.66745977341296,222.68785095214844,2147100
2022-05-17,224.47638414636918,225.38888977298046,218.50860347477317,220.48873901367188,3204900
2022-05-18,218.50853925062546,219.07428811724535,210.21385496067174,210.83436584472656,3946100
2022-05-19,209.42001312788918,211.83814714353443,208.36150340175698,208.96376037597656,3518300
2022-05-20,211.1354849733853,213.5809925426879,208.58958733840896,213.44412231445312,3208200
2022-05-23,215.13229791570882,217.98844466925533,213.0700404383555,217.1763153076172,3053500
2022-05-24,216.72006181893724,224.2938604483028,216.67443375801898,223.1258544921875,5258200
2022-05-25,221.3555852477851,224.2025979443068,220.45219979274466,222.66046142578125,2641700
2022-05-26,224.4763507525082,227.5149957079323,224.11135412565417,226.38348388671875,1972300
2022-05-27,227.6701602490938,229.83279418945312,227.01315506553863,229.83279418945312,2063800
2022-05-31,228.1263773278637,232.0318997938184,226.8762492357003,230.1430206298828,3924700
2022-06-01,231.03729104433108,231.24716343000986,226.4747631242605,227.46939086914062,2264100
2022-06-02,227.76139131469463,228.52789263656507,224.67711809380148,228.47314453125,2089700
2022-06-03,227.95013215322632,229.63845843826547,227.7115708524992,227.8859100341797,1838900
2022-06-06,228.5465454054837,228.95944586801667,226.94081049493525,227.61981201171875,1569300
2022-06-07,225.72043880878715,229.19799550646297,225.2891831918043,228.41807556152344,2782000
2022-06-08,227.4638380091365,227.99602617288096,224.7019787119668,225.3626251220703,2101300
2022-06-09,223.5365939918943,225.7203974392758,222.0776728320745,222.19696044921875,2682600
2022-06-10,219.46265216689812,219.76544955497803,217.60918548965245,217.81105041503906,1992300
2022-06-13,213.59945389078095,220.3068502169124,213.49852141526054,218.81121826171875,4697000
2022-06-14,220.17837231062757,222.87599514097963,218.94882753658482,219.07728576660156,3564800
2022-06-15,220.08661596892227,221.6648251207763,216.65492602228207,219.20574951171875,3152100
2022-06-16,216.6182049539835,217.75598774786243,214.5445182821789,215.80157470703125,3272000
2022-06-17,214.91155146587164,216.07686009511067,213.03054500157785,215.05836486816406,7236300
2022-06-21,216.74666999752944,220.30681788330492,214.8381378320053,219.83885192871094,3263500
2022-06-22,219.10482980479574,224.39000085406565,218.71028449429997,223.0228271484375,3054300
2022-06-23,223.61005728216332,224.88546904676616,220.63716269465903,223.4999542236328,1937000
2022-06-24,225.04142589189655,227.55555276518933,224.3349126837142,227.4637908935547,3104800
2022-06-27,227.46383308922915,228.2621223180287,226.24348677566263,226.66555786132812,2059200
2022-06-28,226.6930386235382,229.35397885644298,222.5273101222262,222.81175231933594,2381700
2022-06-29,225.84891049866866,228.35385306086746,224.90382192023364,227.3170166015625,2997200
2022-06-30,227.78498022315608,228.096948235653,225.2158014124031,226.52792358398438,2786200
2022-07-01,226.04156913277006,232.27181349555488,225.7204165982275,232.10665893554688,2531400
2022-07-05,230.44587661913278,232.1433732889958,229.07871709670005,231.4918975830078,2390700
2022-07-06,231.65706474259403,232.01491364908009,228.8126146647538,230.73033142089844,1948600
2022-07-07,232.38193066258916,233.9050881461037,230.47339851473282,232.08831787109375,2396700
2022-07-08,231.77636206986162,233.6298287907535,231.5194456134826,232.3636016845703,1450300
2022-07-11,231.29922653988496,234.34552767950134,231.29922653988496,232.40029907226562,1478100
2022-07-12,232.11586134888202,234.54739715503914,230.08804141173243,230.74868774414062,2112800
2022-07-13,228.43644127678266,233.79500467861627,227.79413611486038,231.84059143066406,2205300
2022-07-14,229.2897507621811,232.23513329515663,229.0420049040495,231.77635192871094,2371000
2022-07-15,233.07929274015558,235.25392596954072,232.5562752543236,233.9876708984375,2627200
2022-07-18,234.1987553647133,234.5198939733167,231.29008270487316,231.61122131347656,2164400
2022-07-19,232.9508332377681,235.46494618831585,232.11584778298348,235.35484313964844,2181300
2022-07-20,235.6117442299326,235.73103185881132,232.57461399438262,233.59310913085938,2183700
2022-07-21,233.05178257636604,233.795006210486,231.51945436756003,232.57464599609375,2056500
2022-07-22,232.8315682104623,233.54726609809163,231.6387337307809,233.05178833007812,2226600
2022-07-25,233.5839702807026,233.79500580586466,228.16117073617173,229.7393798828125,2860400
2022-07-26,228.9869631630194,237.85062290163881,228.19785861898478,235.89620971679688,5272300
2022-07-27,234.71260196550546,238.48378619469503,233.69410654591707,237.54788208007812,2718300
2022-07-28,237.4652428338611,242.23658062259983,236.32747391575347,241.7410888671875,2849100
2022-07-29,241.91542476273742,242.55772991852496,240.49321363437184,241.65850830078125,2653800
2022-08-01,240.89693328269968,243.57620084345388,240.7776456443893,242.44761657714844,2384000
2022-08-02,242.80544504523823,243.56703779186878,239.38295398471269,239.5297393798828,2375200
2022-08-03,239.529781318987,241.245647445407,238.34614535175993,240.4840545654297,2305300
2022-08-04,240.12617871111314,240.56659090232745,237.36430592093967,239.153564453125,2089600
2022-08-05,238.23602161749542,238.59385655274488,235.87787847350148,237.8598175048828,1818500
2022-08-08,238.56635470126403,239.40134030293416,234.2905082144795,235.63014221191406,2253500
2022-08-09,235.721836588346,238.75896668625114,235.2263449223023,238.621337890625,2315800
2022-08-10,240.40144734316303,241.97047184982418,239.0251031789846,239.81419372558594,2967900
2022-08-11,241.50252848897006,241.56673660050313,237.30925997519884,237.90567016601562,2007000
2022-08-12,238.15341000577553,240.86941601476985,238.15341000577553,240.5666046142578,1530800
2022-08-15,240.59412353178408,243.72301590454452,239.71327112242005,243.557861328125,2342700
2022-08-16,243.19083041693062,245.1085331357404,242.47513261755765,244.33778381347656,1828000
2022-08-17,244.0349781634111,245.87928822891726,243.68629984239075,244.8240966796875,1699100
2022-08-18,244.07166204957292,245.31953379814036,243.53948803957553,244.6038360595703,1591900
2022-08-19,244.01665641957123,245.6774428688492,243.64963689519615,244.56719970703125,1833800
2022-08-22,242.69537405995536,243.87903797810415,240.74096070727592,241.27316284179688,1986700
2022-08-23,240.97034698723056,241.6401779367037,239.0526440243666,239.06182861328125,2211100
2022-08-24,239.21779415145798,240.40145802575148,238.43786015674064,239.3554229736328,1777200
2022-08-25,240.39226569391218,241.02538625731842,238.74984846587023,240.915283203125,1330400
2022-08-26,241.13548094880096,241.5025284524417,235.25392832752343,235.76776123046875,2357800
2022-08-29,234.43729303857597,235.54753617489035,233.60230753877124,234.5841064453125,2017500
2022-08-30,234.8960799377778,235.55672628267462,231.74884621216725,232.59300231933594,2051300
2022-08-31,234.49348716436464,235.88658579936418,232.6759931277409,232.7498016357422,3119200
2022-09-01,232.325417092926,236.67078560010856,232.270050154542,236.6154327392578,2577800
2022-09-02,237.48269587536208,238.56210495690163,233.74622243085133,234.80718994140625,1791300
2022-09-06,234.77028068072696,236.85533245292697,233.76466608977327,234.69647216796875,2645700
2022-09-07,235.38839721216945,239.70610344911412,235.22233862643836,238.41448974609375,4185200
2022-09-08,237.88862146082306,240.86855391328865,237.40885909319255,239.9459686279297,2448900
2022-09-09,240.1120535404523,240.55487645479346,238.2207368268926,239.4293212890625,2007000
2022-09-12,239.87217943590827,241.16379323262626,239.33709234693552,240.21353149414062,2204300
2022-09-13,237.7871338146941,238.90348233503465,234.03221884396328,234.64112854003906,2604900
2022-09-14,235.25926038193754,238.2761042910101,234.67802711618273,235.92352294921875,2745200
2022-09-15,235.27772743899288,235.47146248528205,232.94358755489017,233.84771728515625,2289500
2022-09-16,232.35313004626155,236.01579507529758,232.26086587865208,235.17623901367188,4304100
2022-09-19,234.33665680959578,237.6118232313248,233.7369820196399,237.1136474609375,2195800
2022-09-20,236.27408631284834,236.63387991690652,233.21109654952642,235.62826538085938,2140200
2022-09-21,235.37917317550506,237.0213737513125,231.6427001953125,231.6427001953125,2438800
2022-09-22,231.00613502521435,231.04303224346995,228.4782462098999,228.7458038330078,2300500
2022-09-23,228.07233289549538,229.81601866169134,225.2861211683473,226.9098663330078,2672100
2022-09-26,226.90064771998,227.186646931732,223.67159893110258,224.889404296875,3179100
2022-09-27,225.64592299172793,225.96881941255438,218.24678466108426,218.37594604492188,4193800
2022-09-28,217.85010489507195,220.0643043245605,215.6635678251001,218.59739685058594,4202400
2022-09-29,218.0253894253937,219.26165048811612,214.46420920293562,216.25401306152344,3053200
2022-09-30,215.25763718782093,216.6507361056365,212.729748066334,212.8773651123047,3629300
2022-10-03,215.44213307642744,218.51434395560236,213.77225585926368,217.12123107910156,3286700
2022-10-04,218.38516910935886,222.38918586953716,217.92387646664153,220.03659057617188,3685700
2022-10-05,218.5696730295533,221.79872137609124,217.85927845160552,220.58090209960938,3033000
2022-10-06,220.81156754541323,221.30977150261467,216.309360747663,216.576904296875,2999200
2022-10-07,215.84809002421005,216.4385441270825,214.11362493810003,215.1376953125,2294300
2022-10-10,215.34065356409423,217.97001340954256,215.34065356409423,216.7614288330078,2668700
2022-10-11,216.0325664592652,220.60858143577138,215.82036171501696,218.69883728027344,3169200
2022-10-12,218.90183322697348,221.45738454906584,218.7080841064453,218.7080841064453,2709300
2022-10-13,216.30938075876887,230.00054482253609,216.30938075876887,227.64794921875,5026900
2022-10-14,229.79753362852944,230.12043001651517,223.6438917573925,224.33583068847656,2918300
2022-10-17,226.77146772799884,228.0815371541371,224.6771951721665,227.39881896972656,2758200
2022-10-18,230.0650606495263,231.03377789905474,228.10918458278763,229.8990020751953,3123600
2022-10-19,230.64633309544024,232.97125207475207,229.83445349813312,231.33827209472656,3021300
2022-10-20,230.23114267580414,232.2608273285109,229.76985006939202,230.43411254882812,2410700
2022-10-21,230.8400839578909,235.59139282463255,230.18504217282276,234.84410095214844,3254900
2022-10-24,235.51759309615952,236.98450046188486,233.47868730349273,235.55450439453125,4125100
2022-10-25,234.86258136779264,237.36278001772118,234.70572945532825,235.93276977539062,2689000
2022-10-26,237.8794037661753,240.50877765022474,236.29255583463183,236.74461364746094,3582600
2022-10-27,242.63996715138404,246.32107399322092,241.95726294544832,244.58660888671875,4145700
2022-10-28,246.8007933587681,253.5356545342153,245.39844573610532,253.26809692382812,4647600
2022-10-31,251.92113724994957,252.44701762291476,249.84532034567835,251.55210876464844,3336100
2022-11-01,252.50239105080587,252.59465521841196,248.7843731523547,251.81968688964844,2740900
2022-11-02,251.86578061431115,255.25168096904127,249.3840239668416,249.4393768310547,3069900
2022-11-03,248.47990421476166,253.41574155344307,247.60346501018108,251.81968688964844,3225400
2022-11-04,254.26452585093796,254.36599672411018,251.0631535884393,253.36038208007812,3256500
2022-11-07,253.77553417440194,256.55249666099763,253.77553417440194,255.0117950439453,3029500
2022-11-08,255.42695852460233,257.88103885771415,255.09484132338866,256.8477478027344,2628800
2022-11-09,256.9492662698654,258.55455584066266,256.183504628457,256.2850036621094,2610800
2022-11-10,259.6985636724987,259.86465044774866,251.4783241128615,254.5228729248047,4510900
2022-11-11,254.93796196335512,255.55610645021852,248.34148325819854,250.3804168701172,4742800
2022-11-14,249.9560151439975,253.44338626445108,249.63310467533066,251.19227600097656,3357400
2022-11-15,249.3286429960596,250.04825830477625,245.72133159112585,247.10520935058594,5429100
2022-11-16,248.1016640464001,253.18509016585074,248.1016640464001,251.4137420654297,4132700
2022-11-17,251.00779171746203,253.1112850952816,249.61467889157947,252.19790649414062,2467400
2022-11-18,252.71462273623365,253.8032668267475,251.05395200766645,252.20718383789062,2699200
2022-11-21,253.38803751314194,253.69250641756443,251.95804161378757,253.26809692382812,2974200
2022-11-22,253.7109897375817,253.98775410072096,253.06516868349337,253.4895782470703,2770400
2022-11-23,254.21837685263287,254.31064101680406,251.75508978417483,252.11488342285156,2514800
2022-11-25,253.25891021146015,254.0062020830336,251.73662187929858,253.71096801757812,1596600
2022-11-28,253.6002825180645,254.57822080223485,251.2938189884038,251.75511169433594,3160500
2022-11-29,250.02061665274087,250.86940751816874,248.60906226795214,250.3988800048828,2873500
2022-11-30,250.14838317651137,253.57189835102193,249.41542804044315,253.08946228027344,5196500
2022-12-01,253.43275230705743,254.43474368864528,251.7905895406409,253.65541076660156,2599600
2022-12-02,250.32467917893726,253.70181682143277,250.14839846058507,253.65541076660156,2807500
2022-12-05,251.44727785858007,252.88535586248076,250.5009511250176,251.9761199951172,2586900
2022-12-06,252.17092922842988,253.62755256774088,250.52876662965255,252.14309692382812,3573000
2022-12-07,252.82037121743284,254.19349755493505,250.19476293948588,250.8163604736328,2766400
2022-12-08,251.42872261075698,253.81312725514297,251.0761612001614,253.64613342285156,3022700
2022-12-09,253.85022609370156,254.36052279324852,252.09673417228757,252.3936309814453,1677400
2022-12-12,252.5327885138449,256.7263497006494,251.63283954096252,256.6428527832031,3230500
2022-12-13,258.55407949043126,259.68597378096644,253.87808223996518,254.4718475341797,3390100
2022-12-14,255.3440289304101,257.0696889526214,252.63489445667437,254.703857421875,2660900
2022-12-15,254.01721449417863,254.56460198691158,249.76796087940707,252.10598754882812,2735300
2022-12-16,250.88132774094424,251.44726070507284,246.56715065082813,246.90113830566406,5932500
2022-12-19,247.02180651432025,249.03510468175415,245.55592430831302,246.6321258544922,2160800
2022-12-20,247.64338382991977,248.58971051247642,245.4352599236508,247.9495391845703,1785600
2022-12-21,248.16298444814325,250.4453188138328,248.0052491487194,248.7938690185547,2366800
2022-12-22,247.96808790979213,248.75670764588097,244.60952426871737,246.576416015625,2366700
2022-12-23,246.69700717434142,248.97008236384485,245.66718366729603,248.2464141845703,1269000
2022-12-27,249.25772155331984,249.4525476938877,247.34649438566794,247.56915283203125,1674700
2022-12-28,248.64541314248538,248.7753161279583,245.9270204582537,245.964111328125,1427800
2022-12-29,246.73418616629664,248.46913284275936,245.75074015382427,246.7248992919922,1393900
2022-12-30,246.04760665771198,246.21460049275495,242.52202080730245,244.49819946289062,1720100
2023-01-03,244.49821898183328,245.2590064870594,240.76854813326904,245.2404327392578,2743800
2023-01-04,247.02174095969173,247.3000639902487,243.90440976291416,245.29608154296875,2584100
2023-01-05,245.63936390042494,245.63936390042494,242.50345885899,243.2271270751953,1945600
2023-01-06,244.71166793937135,250.39897330716573,244.36839329991093,250.00929260253906,2855400
2023-01-09,250.4359861405216,250.4545598862583,247.50419399144184,247.9495391845703,2654600
2023-01-10,247.69902840892104,249.66591997064884,247.68045466468638,249.48963928222656,1718400
2023-01-11,250.0556131769635,250.25972620154442,247.6804952438249,249.3968963623047,2391400
2023-01-12,250.03705581641987,250.42673641335517,246.96610203419235,247.42999267578125,1933000
2023-01-13,247.1516619760616,249.52677972248355,246.6784844759042,249.4711151123047,2168900
2023-01-17,250.51949532900088,255.50170467149945,250.51949532900088,254.31411743164062,3640200
2023-01-18,253.75746197257055,254.5553402671642,246.53003801540737,246.82693481445312,3276500
2023-01-19,247.45781765633635,249.70306075316225,244.49819318552068,244.54457092285156,2845400
2023-01-20,245.3331701935091,249.24840789865462,243.84871464543613,249.18345642089844,2588600
2023-01-23,249.4247112274894,251.58645742487798,248.42271992193102,249.84222412109375,2434000
2023-01-24,242.35503493328824,250.64940210986637,242.35503493328824,250.0927276611328,2517100
2023-01-25,250.8071282712944,253.34926850854626,249.4061976392402,253.28431701660156,3097400
2023-01-26,253.2843568530414,254.9079745251763,252.078252193485,254.88014221191406,2222500
2023-01-27,255.13986719711951,255.42747714595967,252.32869088382049,252.78329467773438,2203200
2023-01-30,252.05037426009898,252.88537182047943,250.55663154900088,251.3267059326172,2862400
2023-01-31,245.94551180220657,248.19075473583163,244.2383978134166,248.08868408203125,5477900
2023-02-01,247.73616498947945,249.07217239374611,244.47038484218297,247.0403289794922,3557700
2023-02-02,245.76001867004712,246.77129695739896,243.09726237657324,244.20132446289062,3735600
2023-02-03,243.66314291641405,246.0660924503564,242.4755842989902,245.14759826660156,3008500
2023-02-06,245.85274638907728,248.8309446117679,245.26823966661206,248.5711669921875,2863900
2023-02-07,245.88056086274233,248.43195913609168,244.59095973130323,248.03302001953125,2514000
2023-02-08,245.94553080627188,246.68777280242546,243.49620300305767,243.8394775390625,2801800
2023-02-09,244.6466251016192,244.88785727221602,241.3993909253977,241.83544921875,3534600
2023-02-10,242.0302906019495,243.71885927532438,241.49218993396116,243.46836853027344,3049900
2023-02-13,244.65591926234006,247.5227598371155,244.00646108229404,246.97537231445312,2418300
2023-02-14,247.39289310786947,248.20005835803738,245.48166577810812,247.35577392578125,2202100
2023-02-15,247.04029221115192,248.34846711286198,246.0011817877431,247.30935668945312,1862000
2023-02-16,245.9270312187516,248.37635947856012,244.26629452600918,246.6321258544922,2785400
2023-02-17,247.0681383263154,250.50094031535096,246.16818937115548,250.4916534423828,3055600
2023-02-21,249.84223231731366,250.72360755747206,248.28353822672415,249.15565490722656,2824300
2023-02-22,248.83094024849223,250.946280346165,248.32993045035917,249.23916625976562,2192000
2023-02-23,248.36709062803408,248.52479760945678,244.89716895939893,247.51351928710938,4217000
2023-02-24,246.70629127812492,247.04956577662153,243.3106088400519,244.6373291015625,2645300
2023-02-27,245.8898890621466,247.0681611789645,244.50750391660975,245.65794372558594,2024800
2023-02-28,245.5459592878033,246.88965187616267,245.23800778519617,246.26446533203125,2853400
2023-03-01,244.98607945572152,245.90987704209007,244.18356589895663,245.15403747558594,2058900
2023-03-02,244.9020714299605,250.51021126093408,244.77141844524724,249.6797332763672,2385900
2023-03-03,250.47293372228765,251.36873829747995,248.40136606413955,251.0794677734375,2725800
2023-03-06,251.15411474966183,252.6751344140273,250.9208302238908,252.5445098876953,2217600
2023-03-07,253.36567268713753,254.88669250272216,248.97994025288367,249.2692108154297,2766600
2023-03-08,248.0840547983432,248.36401328437032,245.54594677854607,247.58949279785156,2314000
2023-03-09,249.23185856556398,249.7170801391461,243.42773828486744,244.13693237304688,2339300
2023-03-10,246.09652378877593,248.75594461827893,243.79167151998888,244.5101776123047,3093100
2023-03-13,242.9611181253072,249.5210766300065,242.9611181253072,245.4899139404297,3552400
2023-03-14,245.5272914151691,249.0918857786032,245.04206985671001,248.1214141845703,3194400
2023-03-15,246.8896503570442,248.59730891925193,245.0140622590772,248.531982421875,3419400
2023-03-16,248.00943247150903,252.58180327052497,247.75749544704578,252.4791717529297,3097900
2023-03-17,251.5460358387686,251.91928537056586,247.94410808799606,249.33450317382812,5075300
2023-03-20,249.93166202152634,253.23497829728737,249.93166202152634,252.63775634765625,2108900
2023-03-21,251.947298475386,252.75912410302365,249.726425139894,252.14324951171875,3120100
2023-03-22,251.98459300652297,253.79488300119277,249.810365523543,249.9596710205078,2240800
2023-03-23,250.07167744082187,253.32834886717222,250.07167744082187,251.5926971435547,2263800
2023-03-24,252.2925802769199,253.65495412770264,250.8648799151174,253.18838500976562,2229200
2023-03-27,253.8135470009603,256.56631561111743,252.4791664376315,255.530517578125,2799100
2023-03-28,255.67050672012095,257.751414998479,255.22261864378612,257.4061584472656,2036000
2023-03-29,258.47927897822433,259.55238220274646,257.96606436388,258.8898620605469,2053400
2023-03-30,258.7218990887866,259.78566179844074,258.0127049642724,259.2164611816406,1788800
2023-03-31,260.2709252305104,261.8759241103272,259.87899464760875,260.9147644042969,2902500
2023-04-03,262.2024422294528,263.95674625738474,260.9800337056068,263.27557373046875,2352700
2023-04-04,262.59445474572817,264.47007185801687,261.64266392306286,263.4062805175781,2282300
2023-04-05,264.5353189242479,265.92571410009094,262.9396606981749,263.1636047363281,2600800
2023-04-06,263.5461693484279,264.53529339095394,262.74368430442536,263.9754333496094,1731000
2023-04-10,264.2460501444713,265.1698762622444,263.1356134860316,264.8059387207031,1941800
2023-04-11,264.23672832995334,266.44826107080763,263.84479779798863,265.4591369628906,2732900
2023-04-12,264.87130132337694,267.61473009140445,264.5446972363032,266.2243347167969,2557400
2023-04-13,267.4093729352186,270.18079403214625,266.98010893654316,269.7422180175781,3229300
2023-04-14,269.94750414886187,270.55403816277584,268.3891511349451,269.6582336425781,2054700
2023-04-17,270.46080973364764,271.0860249437189,268.91179669097727,269.96624755859375,2371000
2023-04-18,270.05018076591705,271.72050606420163,269.6769311932529,271.459228515625,2086700
2023-04-19,271.45918895715755,272.1030564789502,270.7873284334224,271.79510498046875,2254000
2023-04-20,271.50590990286935,272.1684585947806,270.4981330758236,271.5432434082031,2274200
2023-04-21,272.77497368480726,272.9709247391237,271.0859957700408,272.5323486328125,2171200
2023-04-24,273.25081483884037,273.8107033892346,272.2057047325655,273.5960998535156,2995200
2023-04-25,275.2757778312849,275.2757778312849,270.0781910560298,272.0191345214844,5845200
2023-04-26,270.5914304628749,272.0097903011905,270.3861389160156,270.3861389160156,3290000
2023-04-27,271.2819128864158,275.3223883788638,270.61005230712044,275.01446533203125,3142300
2023-04-28,275.11708637777264,276.3768284756152,274.2586152951595,275.9755859375,2838200
2023-05-01,275.9475739885504,278.82162653496476,275.8822474932175,277.6831970214844,2124400
2023-05-02,277.48729481569967,278.5044120101937,275.81696950721783,278.1405029296875,2083800
2023-05-03,276.91808932319304,277.38465840293844,274.94915299856655,275.4810485839844,2425500
2023-05-04,276.26492865559726,276.4982132355251,273.8481038247992,275.42510986328125,2005300
2023-05-05,275.994217302155,277.16063980762345,274.7718087945931,276.76873779296875,1815800
2023-05-08,277.2353427341905,277.4872797762709,275.80764254150364,276.8527526855469,2969600
2023-05-09,278.66302064786413,278.87762417418105,276.4887930424639,276.8247375488281,1637500
2023-05-10,276.5634851674845,278.07516439071964,274.19330632962215,276.74078369140625,1849300
2023-05-11,276.67543103658,277.0860140555791,273.7453638989152,275.07977294921875,1955100
2023-05-12,275.45301554312306,276.6100975800407,274.63184952578314,276.3395080566406,1801700
2023-05-15,275.99422704959017,276.8060810628429,274.9584574971671,276.11553955078125,1700500
2023-05-16,276.1529303877178,276.38621494549096,274.32398742836955,274.48260498046875,2859500
2023-05-17,275.7609769179806,275.7609769179806,273.0828749733137,273.8387145996094,2802100
2023-05-18,273.6427221722331,274.7438181925028,271.66447414202327,274.38922119140625,2410700
2023-05-19,274.1933126721756,276.2088945088183,272.91491795325385,275.7889709472656,2371200
2023-05-22,275.7889797108033,276.80612539425255,269.80758899343243,270.0035400390625,2514700
2023-05-23,268.88373244847065,269.21033647236953,266.35493622157696,267.2227478027344,2943900
2023-05-24,267.29735734789944,267.9225437808593,265.5523655900202,266.80279541015625,2262100
2023-05-25,267.6146996302861,267.72667165262453,265.6737563193646,266.4295959472656,2748100
2023-05-26,266.5789114003843,269.4436524794358,266.5789114003843,266.91485595703125,2148200
2023-05-30,264.94583355081323,267.2040397683839,264.7125490789493,265.8696594238281,3385200
2023-05-31,265.8323935269806,266.5975736237599,264.4046933352414,266.0469970703125,3104900
2023-06-01,265.8697266631095,268.7811130519329,264.6379775056487,268.6224670410156,2605300
2023-06-02,268.9507712538349,272.2340906096383,268.42544244716817,271.9620361328125,2869400
2023-06-05,272.0464796597792,272.51552531436505,270.19843863558003,270.57366943359375,1974500
2023-06-06,271.9151544273949,272.26227228672053,264.5230183800277,266.9245300292969,2771500
2023-06-07,266.840117844966,267.1121437464188,263.8944970227945,264.4479675292969,3614800
2023-06-08,263.5755210486725,268.35040246329555,262.66557131719264,268.0877380371094,3043700
2023-06-09,267.8438533708372,269.4949034399542,267.11214320443827,269.0352478027344,1975900
2023-06-12,270.3204266903013,270.8738971920275,268.76319149962217,270.7050476074219,1885000
2023-06-13,270.6393861751928,271.7557173027116,269.74818783699567,270.686279296875,2027800
2023-06-14,270.26409074531574,271.6336959335949,269.5229906531567,270.5830383300781,1964500
2023-06-15,271.71807048308716,275.3109752837049,270.41413879312415,274.49481201171875,2619200
2023-06-16,276.27727719785014,278.2097429805087,274.99209670075214,275.5174255371094,4891200
2023-06-20,275.4705068684172,278.78196804052465,274.56055715452663,274.8982849121094,2729800
2023-06-21,275.1609591784165,276.88704381150166,274.68252343317045,276.2866516113281,2837100
2023-06-22,276.38049950371175,276.812013556488,273.47241027163705,275.1422119140625,1799400
2023-06-23,273.3128898151763,274.34479590979765,271.7087618029716,271.9620361328125,3720600
2023-06-26,271.70877744975365,271.81195375102095,269.29787594172836,271.19281005859375,1851800
2023-06-27,272.33732037515335,274.38235281892895,271.71817659681903,273.2660217285156,1815000
2023-06-28,273.40671559565,273.75380478947307,271.155273616186,273.6787414550781,1666500
2023-06-29,273.50047668795867,276.417955193638,272.24343792096187,276.2397155761719,1744000
2023-06-30,276.8682733621864,280.58310680489154,276.633750542829,279.9358215332031,2644700
2023-07-03,279.354233989457,279.9264559772368,276.5493213570426,276.58685302734375,1601300
2023-07-05,276.8401260852656,278.9039385179696,276.35232888675205,278.5193176269531,2356000
2023-07-06,277.03712654217446,278.219102099958,275.2735103370325,276.6618957519531,2569600
2023-07-07,275.53618284559633,276.1365464019285,273.5005120907391,274.0164794921875,2586500
2023-07-10,274.2979372056732,277.3185928523053,274.2322639326796,276.258544921875,1703700
2023-07-11,277.00894827501594,277.2059394038542,273.70684905037945,276.49298095703125,1529600
2023-07-12,278.45361554642346,278.7069185082063,276.92455084346426,277.30914306640625,2156000
2023-07-13,277.102786447845,278.2941520221535,276.74630719441984,276.94329833984375,1656900
2023-07-14,276.97143954003656,277.7219010832474,275.80821555957783,276.6806335449219,1550000
2023-07-17,276.81193729541104,278.48173847781,276.31475010706396,276.43670654296875,1669900
2023-07-18,276.2397585292485,277.4405143014661,274.3541857714261,275.6300048828125,1991600
2023-07-19,276.7369723674452,277.1122032144911,275.06717076405414,275.92083740234375,1969200
2023-07-20,276.0896222982393,279.1384187370713,275.9019926045409,278.73504638671875,2104300
2023-07-21,279.2322473224824,280.8176238389392,277.037117213913,277.30914306640625,2835500
2023-07-24,277.67499517915064,278.5661932703923,276.6055574696606,277.0277099609375,2034400
2023-07-25,275.9864892700113,276.67127763998667,273.59433912758766,274.2603759765625,2780600
2023-07-26,274.15718652615715,274.46674406334705,271.5774354125663,273.6881408691406,2896900
2023-07-27,273.92273828863785,280.3955643924046,273.4630825806423,276.9152526855469,4698300
2023-07-28,277.4873765157167,279.26977276903574,274.8138393922833,275.82696533203125,2843000
2023-07-31,275.43299314736424,276.02399529043754,272.0933901635396,275.04840087890625,3296000
2023-08-01,274.86077192789685,275.71443851159853,272.28102065553605,273.0502624511719,1916200
2023-08-02,272.2903946253995,275.2829082146048,271.4648696865463,271.69000244140625,2388300
2023-08-03,270.9207625345666,273.23784924668206,270.78005456182177,273.0033264160156,1910700
2023-08-04,274.3072717324636,274.69189258860746,269.0070617819156,269.2509460449219,2520500
2023-08-07,270.0577311382008,273.35980224609375,270.0389509898886,273.35980224609375,2176800
2023-08-08,273.03146117523914,273.54742856675324,270.6768714815222,271.6524658203125,1948400
2023-08-09,271.10842850731115,271.7838554950903,270.0577706659389,270.3861083984375,1895800
2023-08-10,270.9300956737088,272.3935155392722,269.02577183401615,269.7950134277344,2436300
2023-08-11,269.4667420301348,271.07087023309134,269.00708642671054,270.7519226074219,1761800
2023-08-14,270.9114547748379,271.9058294836559,269.8138751133715,270.9302062988281,1712400
2023-08-15,270.12344260638343,271.1834618897812,269.3448106764444,270.4517517089844,1883800
2023-08-16,269.7669022578299,270.9957994805807,267.384142514393,267.7312316894531,1829400
2023-08-17,268.43482008832405,268.80068943733056,264.3353656829766,264.410400390625,2148400
2023-08-18,264.2791000414116,266.1740342892945,262.9469977089458,264.2978515625,2624500
2023-08-21,264.2603294687875,264.8137998978969,261.42727543347644,262.7030944824219,2682600
2023-08-22,263.37851238329705,263.4347955688627,261.811887376324,262.95635986328125,2052300
2023-08-23,264.56050777916994,265.6205555673972,263.27532723177075,264.4197998046875,2308800
2023-08-24,264.29780563341205,267.1214693075963,264.29780563341205,264.87005615234375,2006400
2023-08-25,267.13088380422914,268.4254543596357,265.9582696965456,266.9620056152344,3725200
2023-08-28,266.96204388689716,268.48177603607405,265.95830782431284,266.1177673339844,2317600
2023-08-29,266.3710835277437,266.9526956568065,263.0689832415347,266.0333557128906,2348500
2023-08-30,266.2303344074283,268.2753954671469,265.7519272489071,266.6430969238281,2410700
2023-08-31,267.1052089761671,267.6616550758184,264.9077174713683,265.162353515625,2979800
2023-09-01,266.47331587811334,267.03920251758194,263.2572227390267,264.96429443359375,2136400
2023-09-05,265.0208563746548,265.62447641102926,263.19117271490245,263.2854919433594,2410300
2023-09-06,262.19155364208854,262.80458569092707,259.3621483869581,259.7771301269531,2705800
2023-09-07,261.48414306761487,263.12518853337343,260.3995437220596,262.5027160644531,3732800
2023-09-08,262.2669145549868,264.40784898820164,262.0500119699052,263.34210205078125,2351300
2023-09-11,263.78541407605957,264.20039575287205,262.7196669870726,263.8514404296875,2433200
2023-09-12,263.59674982084636,265.4924600782427,261.899118604981,264.74737548828125,1450200
2023-09-13,265.6528103692321,266.8034360570348,264.6530609316598,265.7471008300781,1724300
2023-09-14,267.2183729843016,269.35930742305186,266.50161010077557,268.56707763671875,2219700
2023-09-15,267.71827285233724,267.71827285233724,261.93687979104635,262.408447265625,5730700
2023-09-18,262.87053348478895,264.33238091679283,261.18231412814026,261.9273986816406,2884800
2023-09-19,260.72024746143654,262.43676010707844,260.72024746143654,262.31414794921875,2128100
2023-09-20,262.8893880873743,264.33238319735324,261.38039541507,261.4369812011719,1979300
2023-09-21,261.19180666309444,261.427590410802,255.60843485321345,255.7970733642578,2370100
2023-09-22,255.96679584511227,258.0794375083346,255.42920206593124,256.74017333984375,1958300
2023-09-25,255.0708626753751,256.30636717635974,253.6184267709538,254.43894958496094,1895500
2023-09-26,253.5335020025367,253.98618828264767,251.42086049398975,252.4960479736328,2251600
2023-09-27,252.496079580209,252.70357041196274,247.37486392006954,248.64810180664062,2735000
2023-09-28,249.20453303018974,251.16624086388975,248.1670789335347,250.4871826171875,2182400
2023-09-29,251.95852619677575,252.16601706181888,246.86560261558716,248.45950317382812,3367100
2023-10-02,247.10132534497,247.16735169076506,242.81948515974983,243.09300231933594,4425000
2023-10-03,242.58371574737666,243.61172931831416,239.43364868487825,240.01840209960938,3408100
2023-10-04,240.81060499936635,241.67828726965678,239.56566018258354,241.2633056640625,2820000
2023-10-05,241.4425243093754,243.1873295578932,237.27386995252783,237.88690185546875,3799600
2023-10-06,235.78371358179757,236.55709107007183,231.75652372431364,234.1049346923828,5130700
2023-10-09,233.6333733565167,235.7742935611644,233.19952498013274,235.70826721191406,2782300
2023-10-10,237.4058939800148,239.01864643560958,236.25526836801274,237.21726989746094,3129600
2023-10-11,238.22641583640404,238.3207350729047,235.20838735261802,236.65138244628906,2919400
2023-10-12,237.37761027435818,237.8114442419131,231.8979991544055,232.19036865234375,3528300
2023-10-13,232.78454241029667,234.66137148558894,232.01116495272854,234.18980407714844,2646500
2023-10-16,235.04803840119393,236.24582353698133,233.963439218873,235.7270965576172,2774700
2023-10-17,235.86857704858363,237.10408132547266,235.19895940422302,236.85887145996094,2627500
2023-10-18,238.47163300858873,242.47051523411625,237.99062506426174,241.47079467773438,4559200
2023-10-19,241.68773835079617,247.6294762080328,241.68773835079617,243.6871795654297,5646200
2023-10-20,244.23419602462653,245.53572674051023,242.91381297307487,243.43252563476562,3779200
2023-10-23,242.01781253216166,242.61199207437227,240.06553093661938,240.2635955810547,3409800
2023-10-24,240.19757353113084,243.1024449489524,240.19757353113084,242.64028930664062,2468000
2023-10-25,243.44196486497083,244.67746922598553,242.32907264060813,243.35708618164062,2759100
2023-10-26,243.66829631915078,244.78121727226085,241.140701929614,241.2821807861328,2702600
2023-10-27,241.96122618041437,244.63031383487456,240.37676659301349,241.21615600585938,3209000
2023-10-30,245.30939163342157,247.1579279662526,240.12214971752996,245.35653686523438,6305100
2023-10-31,248.4782655229073,248.69519687031368,244.97924376718922,247.2616424560547,3990600
2023-11-01,248.0444562723309,248.41229266552452,245.05470624549304,247.07302856445312,3543000
2023-11-02,248.60090832923845,252.21313087440336,248.5254702064127,251.675537109375,4109700
2023-11-03,252.3451732062559,253.33545334491203,250.39287704264945,252.63754272460938,3126500
2023-11-06,252.76957734589178,253.80700264277291,252.09993088719582,253.61839294433594,3090600
2023-11-07,253.5146426827816,254.4483657801697,252.86387731698076,253.39205932617188,2360800
2023-11-08,253.5429262594914,254.7029924737607,252.0810787710225,252.2791290283203,2223300
2023-11-09,252.98647333787738,253.08079257573067,250.81727477820354,251.73211669921875,2501700
2023-11-10,252.12825572629563,252.88278096221694,250.12881421994499,252.56211853027344,2664900
2023-11-13,252.19424678172413,254.38232648634047,252.06222287278888,253.89190673828125,2591900
2023-11-14,254.64640457076877,256.21201184532606,254.0333726865736,256.0516662597656,2647800
2023-11-15,256.9381953757601,257.57010832818037,253.7221023950954,255.01422119140625,2575900
2023-11-16,255.65557641004156,260.45612944995054,255.61784295618477,260.41839599609375,3593700
2023-11-17,260.8239544420111,261.3615482620294,259.5035712910666,260.0694580078125,2604800
2023-11-20,259.69214355090986,263.88907566669104,259.3808929841031,263.1628723144531,3499400
2023-11-21,263.955109505261,264.70963455064214,262.5969932057625,264.52099609375,2940800
2023-11-22,265.25662455421906,266.3506642195761,265.2094793338393,265.89794921875,2285000
2023-11-24,265.96402676050417,266.5204728661756,265.04918480794817,266.47332763671875,1218000
2023-11-27,266.58645719407946,267.75593500931524,265.105728810475,265.8130798339844,3703900
2023-11-28,265.4924126347903,267.416415442559,265.3509481891131,266.0488586425781,2199600
2023-11-29,266.16205064318797,266.4072748893218,263.6061635210131,264.4361267089844,2433400
2023-11-30,266.0586236769794,267.8233520094798,263.81947331704544,267.4058837890625,5030400
2023-12-01,268.7436477738207,272.1687515047615,268.5064512621051,271.3148498535156,4967400
2023-12-04,270.39456613776684,272.681144322743,270.39456613776684,271.4761962890625,3522900
2023-12-05,271.8746109929036,273.9714488560963,270.6032412542347,271.8651428222656,3005300
2023-12-06,272.0453833304963,272.65259123177657,268.8859101641285,272.168701171875,2765100
2023-12-07,272.7664582188048,273.39266040823844,271.0112274090084,272.1023254394531,3131900
2023-12-08,272.6146942477008,273.15550926761784,270.4514631226862,270.9068908691406,3623600
2023-12-11,270.93532297737613,274.4932704134721,270.93532297737613,274.3414611816406,3353000
2023-12-12,274.31301400295814,276.76089818961674,273.7342684194265,276.4952392578125,2252200
2023-12-13,276.7513876265607,280.8121905039179,276.61854368978265,280.77423095703125,3312300
2023-12-14,279.5123566557544,280.14802705038113,273.2598604962351,275.1669006347656,4626800
2023-12-15,275.53694114643656,276.8083108907082,271.08713256416075,272.5577392578125,6328500
2023-12-18,273.86702157226415,275.70766838225984,272.83284850143485,275.3661193847656,2490100
2023-12-19,275.7836513257772,276.7798650871407,274.7589461867127,275.840576171875,2054200
2023-12-20,275.84057413665846,276.7324353251463,273.9335049424968,274.1896667480469,2398500
2023-12-21,275.6887548885331,276.59958134096456,274.4743099670741,276.4667663574219,2313100
2023-12-22,275.8120479254988,277.4913883939085,275.62227918069357,276.7608337402344,1700300
2023-12-26,276.3054258866997,278.0416913117987,275.99233928548904,277.8614196777344,1381500
2023-12-27,277.5198747613661,279.5407933539105,277.48191521819996,279.4648742675781,1892100
2023-12-28,279.38904098092337,281.28661316024716,278.94311036059617,280.6888732910156,1907100
2023-12-29,280.6793579387483,281.647138218339,280.1859996278356,281.3245544433594,2227800
2024-01-02,279.93928880905145,282.0550919453902,279.93928880905145,281.827392578125,4458400
2024-01-03,281.78939700030224,282.7286857248165,279.1802359169661,279.3130798339844,3114800
2024-01-04,280.19546744718804,282.04558263559085,276.0208151513254,276.7987976074219,4615400
2024-01-05,274.3984008337494,275.4610365592706,272.4913605942397,274.1896667480469,3407300
2024-01-08,273.73425313366596,277.0455069477936,272.7949353216328,276.95062255859375,3097000
2024-01-09,274.79690325692997,275.973388671875,272.79494967170865,275.973388671875,2176400
2024-01-10,276.0966974208397,279.31309552613817,275.9733506208633,279.0284423828125,2199700
2024-01-11,279.3700107995962,279.84440373425014,275.76460712343766,279.0853576660156,2047400
2024-01-12,280.3282908541105,280.6034468890466,277.84247627857275,278.4402160644531,1714800
2024-01-16,278.44021357978085,279.1802654617313,275.12895988363243,276.1820983886719,2859000
2024-01-17,275.28078386019865,277.3680956868164,275.27128673471304,276.24853515625,2008200
2024-01-18,277.1308733387583,279.3984855648467,276.3908214861791,279.28460693359375,2221200
2024-01-19,282.7381837933412,285.66043147639573,281.33397030921833,285.13861083984375,4250900
2024-01-22,285.53718305718644,286.9034373321049,282.49155888557686,283.12725830078125,3250200
2024-01-23,282.20690997885265,284.83503677352513,281.9127886354097,284.6832275390625,1874000
2024-01-24,284.6358155122827,286.5713471650689,283.98115082023224,285.05328369140625,3209700
2024-01-25,285.33786050872004,285.87867541743947,280.92601189235404,281.9886474609375,3219600
2024-01-26,280.204987665099,280.82172179710636,276.7609184256679,277.292236328125,4210500
2024-01-29,276.70395972893033,277.7665954038614,273.54448617097046,277.3396301269531,3899700
2024-01-30,277.1783508087802,279.8159746817824,275.33770368647106,279.5597839355469,2524200
2024-01-31,280.74583190939103,282.2069707705257,276.7134905432999,277.72869873046875,3476200
2024-02-01,276.7609468174941,282.86163514971037,275.4136576700586,282.8141784667969,3380600
2024-02-02,280.9070917502833,282.89954823896244,278.3263925454894,281.8368835449219,3971600
2024-02-05,272.311055765389,276.51417043571024,268.81950157937604,271.3243103027344,7581900
2024-02-06,268.47794605843745,270.10036183274696,267.1211891767321,270.0718994140625,5927200
2024-02-07,270.45139345566105,275.6507503084009,269.55953244525233,272.6146240234375,3954700
2024-02-08,271.54254018483726,278.13658491474115,269.6449683567242,276.97906494140625,4605000
2024-02-09,277.1878200601479,277.52939807157685,274.1232598558889,274.64508056640625,3323000
2024-02-12,274.19917000285733,276.2770137804969,273.9714706150566,274.61663818359375,2392300
2024-02-13,273.84808745038237,275.05303515711245,271.03968920650703,272.4059143066406,2756100
2024-02-14,272.60520821506054,273.5539942420198,271.9125839917056,273.41168212890625,2139300
2024-02-15,273.1554743658467,277.14038701286285,272.5672316984962,276.91265869140625,2401400
2024-02-16,275.89749536682444,278.65846616462346,274.44585391176014,277.0644836425781,2837500
2024-02-20,277.04549585460427,280.3662466610807,276.8936866288932,277.6622009277344,2264000
2024-02-21,278.0796241997802,280.08157727657425,277.2826476093526,278.8576354980469,2076400
2024-02-22,278.9430582980387,281.47632942466817,278.23146886360496,280.7647399902344,3146600
2024-02-23,280.84069240003146,283.44035711148825,279.9583282547836,282.5010681152344,2199000
2024-02-26,282.9374324238886,283.3833629508068,281.2201322776956,281.90325927734375,2595300
2024-02-27,281.59962007962946,281.59962007962946,278.29786395365517,278.71533203125,2811200
2024-02-28,278.97154831266965,280.9355422950977,277.7286409606173,280.0721435546875,2507300
2024-02-29,280.7210236602687,281.2458133605974,278.34508502865606,278.88897705078125,3601700
2024-03-01,278.0397687754584,279.2611234778766,276.2649708888579,277.4100036621094,3028900
2024-03-04,276.1122450372851,277.89656462372426,275.28210953937065,277.6103210449219,2832000
2024-03-05,278.2019130276212,280.062583664766,275.6828821532981,279.13702392578125,2969600
2024-03-06,279.8908231084708,281.6179232048817,278.76489280333635,279.5091552734375,2348000
2024-03-07,280.72094565279343,281.4079593005179,277.6961695472798,277.7724914550781,2237700
2024-03-08,276.7515631323265,280.0339587494496,275.5969794111458,279.14654541015625,2482300
2024-03-11,278.7648766965957,281.91370167231025,278.4977063155703,281.31256103515625,2893300
2024-03-12,282.13318598725317,282.78202427465305,280.09124687822606,280.8259582519531,2233100
2024-03-13,278.8698354027395,280.0243899317254,269.652414129803,269.9004821777344,5441300
2024-03-14,269.4807160914086,269.5761112164322,265.10098496372416,268.82232666015625,4659300
2024-03-15,268.9749891283426,271.207776587414,265.6257933800405,266.3509826660156,5071700
2024-03-18,266.66588839783867,267.4578485570141,265.3300361971485,265.816650390625,3319400
2024-03-19,266.40825531023756,271.3699959583904,265.81663661258847,269.91009521484375,4055400
2024-03-20,270.51120749827965,271.56081589093395,268.4787905923649,271.4176940917969,2867300
2024-03-21,271.46538521109954,272.4958912598268,269.690616705128,270.5398254394531,3653300
2024-03-22,270.8738215860302,271.3604648574296,269.1944480371944,269.68109130859375,2556100
2024-03-25,267.1716068881971,267.7250209756464,264.919745893163,265.8548278808594,2985500
2024-03-26,266.4273442909272,266.64681716528156,264.47127810253915,265.8548278808594,2572100
2024-03-27,265.3586135245185,269.3661694162174,265.3586135245185,269.0989990234375,2605000
2024-03-28,269.31850070321934,270.3967335493713,268.3643164668926,269.0322570800781,3453900
2024-04-01,268.6027935530827,268.6504911048943,265.8738413152476,267.3814392089844,2408800
2024-04-02,267.17160254319754,267.6296214876819,264.73844423922236,265.01513671875,2907700
2024-04-03,263.89867137560105,265.2249719709398,262.5437173061407,262.9158630371094,2748000
2024-04-04,263.58380247413004,263.58380247413004,257.5533811841884,257.715576171875,4095100
2024-04-05,257.0763231516619,258.22132673416917,254.15649267375966,254.4713897705078,6816000
2024-04-08,254.99613726836938,256.37971579440017,253.6889097735137,255.30148315429688,3753200
2024-04-09,254.02292360341826,257.3148708022728,253.33590980189172,257.09539794921875,3934900
2024-04-10,254.73856243374888,256.66600407558843,252.96376464207813,256.3606872558594,3817500
2024-04-11,257.15267514490796,257.515269846887,254.91033616113836,256.31298828125,2519200
2024-04-12,255.63552388240583,255.9408698525251,254.36644243383262,255.1393585205078,2708400
2024-04-15,255.5877511406317,256.2175161707526,253.86068016747444,254.03245544433594,3686700
2024-04-16,253.9369833923396,254.75756762534837,253.0018726231909,253.26904296875,2912900
2024-04-17,254.29005405098647,257.74419571707995,253.35494318162836,257.5820007324219,3383100
2024-04-18,258.5648498535156,258.8606446315179,256.53243281025465,258.5648498535156,3402700
2024-04-19,259.54763625468337,259.74800676989406,258.0877356907989,259.5285339355469,3017100
2024-04-22,261.2079267580304,263.8319333282024,259.8434503301948,262.9540710449219,3129300
2024-04-23,264.13727032201786,264.6906843310069,261.6754588435674,264.19451904296875,3275700
2024-04-24,262.9159104129318,264.33763548670896,260.3873282242247,264.0704650878906,4071600
2024-04-25,264.32810032505836,266.9998335943341,262.1334882818955,262.9731750488281,4179800
2024-04-26,258.80338691126053,263.4597812725263,257.98277337029714,260.5781555175781,3636500
2024-04-29,261.28426026887604,261.856776642544,260.1106322782188,261.01708984375,3148900
2024-04-30,252.2194618288989,264.1849381925323,250.5973663852719,260.5304260253906,6894400
2024-05-01,258.94653064369317,263.76514953695664,257.6774492636535,261.8567810058594,4843200
2024-05-02,261.9331175136736,263.65063744856195,260.215568459394,260.75946044921875,3084000
2024-05-03,261.58007987368967,262.03806966957717,256.57061264542676,257.9350891113281,2642100
2024-05-06,258.6411654931118,259.4236035214416,256.7137239027442,256.9617919921875,2481300
2024-05-07,257.66786780679405,258.2690084145761,254.75758899631344,255.24423217773438,3160000
2024-05-08,255.24424037381732,256.6087166140787,253.8702129745905,256.1888732910156,3259800
2024-05-09,256.1602438287052,256.1793461462555,254.7862164568602,255.6736297607422,3140000
2024-05-10,255.88354023507034,262.7631988330185,255.56864320311695,262.4006042480469,4983500
2024-05-13,262.76326801976614,264.0609446451538,258.7175360472129,258.8892822265625,3840700
2024-05-14,259.65262238387277,260.27283634383184,256.39885048510433,258.259521484375,3143200
2024-05-15,258.6888303327877,261.79947973232714,257.84917280792695,261.3223876953125,2982500
2024-05-16,261.93309648950816,262.9349781845447,260.41594720760673,260.9789123535156,2339900
2024-05-17,261.5036875545857,261.5036875545857,258.507564674934,259.9006652832031,2454500
2024-05-20,259.2899778445212,259.66212362058155,255.03432491476093,255.5972900390625,2651100
2024-05-21,256.207994449795,256.7518572824684,253.27864213190253,253.68893432617188,2362600
2024-05-22,253.6889148317642,254.59540134887743,252.42938486673964,253.59349060058594,1906100
2024-05-23,252.9828386812393,253.45037957866833,245.79783347107914,246.11270141601562,5636200
2024-05-24,246.8855950128775,248.52679289810393,245.72148919754957,246.28445434570312,3382900
2024-05-28,245.59747275092127,246.95239793929818,241.07462007127603,241.92384338378906,4324700
2024-05-29,241.75210057166743,242.17194393372287,237.74452999152015,237.9449005126953,4029300
2024-05-30,239.1280792577358,241.37041772950084,238.64145060542882,240.5211944580078,3597800
2024-05-31,242.54408540598797,247.37225515388573,241.89523257552628,247.0287628173828,6125400
2024-06-03,247.7105989234739,249.65058365627706,245.47292829311388,249.45849609375,4342800
2024-06-04,249.06473518726008,252.66615714353767,248.97830457732306,252.31082153320312,4592700
2024-06-05,251.13916208063713,251.3696437111093,248.41168865574255,249.68898010253906,4136800
2024-06-06,250.57250427345625,251.41764253632164,248.67094318200913,250.39002990722656,3354300
2024-06-07,249.76580979727274,251.04310115685385,245.22320591724343,246.05873107910156,2290100
2024-06-10,245.85706264129456,245.85706264129456,243.1199761994191,243.7538299560547,2866200
2024-06-11,242.98552979863192,244.59897443287716,242.11159588656494,244.20521545410156,2729400
2024-06-12,244.78143827803106,246.15477340514596,243.36967977920486,244.39727783203125,3169600
2024-06-13,243.54255106413268,244.64699590607043,241.22803373923801,243.648193359375,3153000
2024-06-14,242.84150000438177,243.5713829656633,240.68064667174326,243.53297424316406,2806600
2024-06-17,242.30366293364582,244.4357058230119,241.9003054483905,243.46571350097656,2532900
2024-06-18,243.88828679547368,244.2724472552276,239.4705514149772,240.85348510742188,2956300
2024-06-20,240.35409493698506,245.5593481923402,239.6241974013571,243.74423217773438,4046500
2024-06-21,248.0467415449276,251.1007404031137,245.4825308090288,249.11277770996094,8425800
2024-06-24,248.73820962919936,251.0143036148332,247.5857428805116,250.06353759765625,3901200
2024-06-25,249.8234309466807,249.8234309466807,245.46330143478303,247.18238830566406,3903800
2024-06-26,246.4813073464703,247.94110243770174,244.58935921516078,247.6145477294922,2796100
2024-06-27,247.77782372101188,248.57492552951436,246.7886343567891,247.94110107421875,2651000
2024-06-28,247.3360314020709,249.20875298463588,242.84144977956188,244.7429962158203,8958700
2024-07-01,244.7334214044948,245.22320949717866,239.82588334475136,240.08518981933594,3817600
2024-07-02,239.78745176696455,241.08396944129905,237.60740171451923,237.9723358154297,3944900
2024-07-03,238.65424920654297,241.03598569906316,238.34692080532758,240.09481811523438,2026100
2024-07-05,241.05520146111004,241.4585590038527,238.95196847420365,241.14163208007812,2814300
2024-07-08,241.7850549439033,242.57257289856886,237.27127576864973,238.0299835205078,3163900
2024-07-09,237.4345679989693,237.59783071992422,233.88116755329057,236.0804443359375,4927300
2024-07-10,237.21365532754314,240.6326028329324,236.15723237735062,240.5653839111328,4092700
2024-07-11,241.26647614957102,245.52094918937956,239.96995830149777,244.7046356201172,5546400
2024-07-12,244.17640957499555,246.74063491344668,241.83308200175344,243.84027099609375,4543000
2024-07-15,243.59056377367233,245.59775265341045,241.2376378183727,241.5641632080078,3393600
2024-07-16,241.05518454256784,247.11517508420118,240.19084910510082,247.07675170898438,4173000
2024-07-17,248.70939750073413,251.6673524804142,247.6433613701827,250.65896606445312,3711500
2024-07-18,247.80666934528372,251.93628860754782,247.3937132807474,249.2376251220703,3421800
2024-07-19,250.07314391982774,250.12115115452215,244.92549637402655,247.0863494873047,3470600
2024-07-22,248.06594575119883,249.49693074728958,246.2412310584878,249.2568359375,2759500
2024-07-23,249.39125394495832,249.83304946189756,243.46571626939107,243.9843292236328,2653100
2024-07-24,236.56059197616656,244.25322345521997,236.3685044287044,243.3312530517578,5983300
2024-07-25,244.11877922648827,245.94349375535515,241.15121116096586,241.4969482421875,3323100
2024-07-26,242.87988408974422,243.9843289180398,240.81507475413972,242.0155487060547,4002900
2024-07-29,243.50415302124063,253.47287931327358,240.31568699174832,251.06234741210938,9381000
2024-07-30,250.6589878298502,256.7765990503686,249.99632379321028,255.88345336914062,4936600
2024-07-31,254.90388515676824,257.0647385686715,252.77184195135237,254.88465881347656,4652100
2024-08-01,256.24837345617453,258.1210952254402,252.00348469063638,258.1018981933594,4936000
2024-08-02,258.72615280589156,265.84256625507595,258.14991941933,265.7273254394531,9585900
2024-08-05,263.182328556229,266.8605680577532,257.0743015021406,257.8138122558594,6794900
2024-08-06,259.16792829727285,262.375620758463,257.4584544180645,259.3600158691406,3369300
2024-08-07,258.8798010431302,262.31797480905885,257.93861892613023,258.69732666015625,3540000
2024-08-08,258.27472445202545,262.80771462750215,257.4583964181616,260.4451904296875,3227200
2024-08-09,260.93504192941333,260.93504192941333,256.38282456434854,257.2951965332031,2664900
2024-08-12,256.86302447041203,258.8510165401121,254.81741199073073,258.7837829589844,3008100
2024-08-13,259.6000671386719,261.2231101308516,256.9398276343349,259.6000671386719,2603600
2024-08-14,259.1679323853268,260.75258160711047,257.86183066305927,260.4068298339844,2242100
2024-08-15,261.2231172851157,264.8341521086416,261.07906628065473,263.9794006347656,2445200
2024-08-16,263.8641547203678,268.42595539342244,263.8161474892922,267.4559631347656,3286000
2024-08-19,271.143832602657,276.8965236425735,270.5580153890406,276.1570129394531,5268800
2024-08-20,275.14863555026943,278.7692545141484,273.9097381995419,274.3131103515625,3697600
2024-08-21,275.77284669714356,278.48112273418553,274.9277084181991,278.2314147949219,2686300
2024-08-22,278.0777766211032,278.99014855490225,276.1570182833758,277.7512512207031,1746400
2024-08-23,278.8748914727369,279.25903725617974,275.75365935604157,278.0489501953125,2145900
2024-08-26,277.7897022675487,280.6324166842147,276.46437419313474,277.2422790527344,2018500
2024-08-27,277.62640628960173,278.79807008614773,276.64683005646873,278.16424560546875,2897600
2024-08-28,278.4619726104847,279.4319357140074,273.95779162617947,275.6768493652344,2603800
2024-08-29,276.3779249913608,277.6552164315872,273.4967873914891,276.4547424316406,1797100
2024-08-30,276.1666300364978,277.4343375669192,274.9469590493409,277.2230529785156,2528500
2024-09-03,276.61450995615843,278.4015561843932,274.0547013217122,275.8031005859375,2902800
2024-09-04,276.7980183979512,279.1356730824011,276.2570788721103,278.2276611328125,2558300
2024-09-05,279.1646537626742,279.69592418412,276.49857358757976,278.1697082519531,2412500
2024-09-06,278.0248303447615,282.24610447493296,277.7833384198867,279.6573181152344,3863600
2024-09-09,280.1596107670432,281.8114072794247,278.0054921842571,281.3767395019531,3208600
2024-09-10,282.8449591376886,286.1485811665925,281.1352071673994,281.35736083984375,2497100
2024-09-11,280.9323095910856,281.5215650837007,276.10247218500916,280.3527526855469,2747500
2024-09-12,280.29483246505293,282.7290602133204,278.44983080497644,282.400634765625,2274200
2024-09-13,284.46780275697824,286.6412299613929,282.66144797483696,286.4383850097656,2205500
2024-09-16,287.2981235696937,289.89654953728166,284.999115748941,286.59295654296875,2916200
2024-09-17,286.8923546584109,287.26909614272574,282.22674448775166,283.7529602050781,2997400
2024-09-18,283.87856820533415,285.0570498780838,280.4880124339414,282.0915222167969,1788200
2024-09-19,284.2359599930501,285.0377001125038,280.9999627090557,283.8495788574219,2271400
2024-09-20,282.9705507833735,287.9066310638939,282.8642790184176,286.7281494140625,5817300
2024-09-23,288.82430748689893,290.00278911801183,286.78613003548577,288.88226318359375,2312400
2024-09-24,288.88230425518447,291.19098125806244,287.568602304673,290.0511169433594,2408100
2024-09-25,290.10907409894816,291.529047834937,288.24476346324036,290.24432373046875,1986200
2024-09-26,290.9011211691888,293.93427341966543,290.5050709370507,293.3160400390625,1971100
2024-09-27,293.1904478456129,296.5133784363242,293.1904478456129,293.35467529296875,3402800
2024-09-30,293.412675217254,294.6491126365406,291.8188344822429,294.1468200683594,2286500
2024-10-01,294.14678290609095,294.8422807090081,291.96368684824176,292.6688537597656,3036200
2024-10-02,290.3505333376775,293.73141999706775,289.3845657207089,293.4223327636719,2352400
2024-10-03,293.171150355259,293.6734428669897,291.0073924844311,293.12286376953125,1802500
2024-10-04,292.7364745307498,295.47984850445386,291.12332511864776,293.4223327636719,2432400
2024-10-07,293.42232789883104,294.7360296862114,289.7902802859695,290.6113586425781,2091800
2024-10-08,292.34041582351904,293.02624448847536,290.13798164272333,291.6255798339844,2038300
2024-10-09,292.63023334595175,294.6297933955729,291.6835744653166,293.48992919921875,1854100
2024-10-10,293.68314094889826,295.3446064719065,292.62057064715003,293.69281005859375,1739500
2024-10-11,294.05991818258724,295.10315039160923,292.6592531403574,294.6588134765625,1775600
2024-10-14,294.7649895089347,299.8556573211967,294.1371165025106,299.2953796386719,2376300
2024-10-15,301.38193732179855,304.6275748045767,300.42563868472934,302.67633056640625,3067100
2024-10-16,302.6570110724181,303.0530613724373,299.5562334871693,302.2706298828125,1821300
2024-10-17,303.294492441047,304.328055283071,301.84554116152947,303.989990234375,3095200
2024-10-18,304.83041411964473,306.3856078644645,303.5360210242377,305.7867126464844,2531200
2024-10-21,306.3372807353219,307.08106510454763,303.70984793262994,304.17352294921875,2404100
2024-10-22,303.4007602233603,304.99460086901627,302.6376375645463,303.9803466796875,5889100
2024-10-23,282.80633605117373,291.3358468417464,280.93235646661043,288.4089660644531,18792000
2024-10-24,288.9402560134654,292.0989892842327,288.1288466764687,291.3165283203125,5522600
2024-10-25,290.75624619064763,291.3358326436366,282.2557431434479,282.6517639160156,8863200
2024-10-28,289.01753023206356,289.7130281133527,286.44805276727277,286.6895446777344,6656000
2024-10-29,287.47194015162415,292.3983804046287,284.9604187011719,284.9604187011719,9048900
2024-10-30,284.47747114454637,285.31785827814775,279.9760583862401,281.598876953125,4924000
2024-10-31,282.30407287611814,284.3615888852336,281.26084068449416,282.1688232421875,4277400
2024-11-01,284.4871094528044,286.7764478044703,283.2989587669444,285.16326904296875,4131800
2024-11-04,284.7092693170999,284.92178335954605,281.86932233122377,282.88360595703125,2583100
2024-11-05,283.75299599736496,287.2594632687968,282.6034921403668,287.2015075683594,3032100
2024-11-06,290.0607517081769,290.10903829690636,282.758038961167,283.9944763183594,4646400
2024-11-07,284.80588613753145,286.448042863491,283.81094067998896,284.63201904296875,3357400
2024-11-08,285.54001268791643,291.55797163704244,285.2019181507881,288.7953186035156,3279100
2024-11-11,290.2636348147302,293.47065476500416,289.80962880081194,291.26824951171875,2872400
2024-11-12,289.9255791052538,291.1426784433027,287.39471879887384,288.48626708984375,2452900
2024-11-13,288.7277373993913,288.94992058110967,285.1729833658645,287.2304992675781,2327100
2024-11-14,287.858382940412,289.8965606965487,286.4963649064695,288.3993225097656,1932600
2024-11-15,287.5878527074892,289.3072737227419,279.8601125078834,282.67108154296875,4039400
2024-11-18,283.038177936223,285.3854721460749,280.89372866970615,281.19317626953125,2865000
2024-11-19,280.13064835759,282.1302086811706,277.812331646292,280.8358154296875,2353300
2024-11-20,280.72950469108565,281.4056938159198,278.44983526037356,281.0096435546875,2524600
2024-11-21,275.3007706357573,278.77825995011267,273.8131722525901,278.6526794433594,4475700
2024-11-22,278.6526630872231,280.71017870573763,278.3339067633221,280.40106201171875,2879100
2024-11-25,281.840334874282,286.5156141697049,281.840334874282,286.10992431640625,5021800
2024-11-26,286.8923895131904,287.16285927363907,284.7962267604684,286.24517822265625,2254200
2024-11-27,286.8923905757892,289.30730968838003,284.94114654525333,285.0377197265625,2240300
2024-11-29,284.14905012634796,286.94068133195253,284.01380050416276,285.93609619140625,1655900
2024-12-02,285.2169724233549,285.92638136153647,282.72922198698933,284.1868896484375,3149900
2024-12-03,284.07031162595456,286.52891016057697,282.0976023642324,286.18878173828125,3031000
2024-12-04,284.03135979805364,287.68525568913327,283.5843500846727,286.7620544433594,3742500
2024-12-05,287.19938134368545,291.2808326125156,286.6065811299696,291.0184631347656,2594800
2024-12-06,292.07772476311965,295.2262774101714,290.1827449477204,290.5423278808594,4158700
2024-12-09,289.1818195167756,294.0795912325044,288.7056575639703,292.8648681640625,2391600
2024-12-10,291.659892248799,294.2739788427598,287.4909540899938,292.2235107421875,3523000
2024-12-11,292.83573171233553,293.37992530369684,287.6172858752618,287.7436218261719,3037600
2024-12-12,287.84077887296945,290.1244344270277,286.76208940920446,288.2586364746094,2040700
2024-12-13,287.92821275692864,290.75609128601593,287.092467962967,288.2294616699219,2547600
2024-12-16,288.7930946262314,293.5936822420716,288.78339700863756,289.3081359863281,3179900
2024-12-17,289.220668057948,291.5335052781663,286.49970053788047,287.72412109375,3295800
2024-12-18,286.69404548832074,290.5423092054984,282.46683328254016,282.6708984375,3800900
2024-12-19,282.67089561157803,284.59499779460873,280.69818671649455,282.03924560546875,3438500
2024-12-20,281.3492211937207,287.74353852557687,281.13542879784035,284.4200439453125,7678000
2024-12-23,284.0119315442181,284.8282217462396,281.55333366526486,283.0693054199219,2492200
2024-12-24,283.0596041395157,285.965211993368,282.5834422253586,285.693115234375,1461000
2024-12-26,284.73109623327355,287.10223811024787,284.34239077036364,286.48028564453125,1433900
2024-12-27,285.0614908630159,288.11288947278564,284.47841785377625,285.3335876464844,1617200
2024-12-30,283.2442533459564,283.2442533459564,280.84395949550316,281.4270324707031,1936700
2024-12-31,281.89347292191195,283.02073945545715,280.4358052821021,281.7088623046875,1915600
2025-01-02,282.7389413769525,287.4131931751439,282.05868462471653,284.2549133300781,3117000
2025-01-03,284.5658661360611,286.635758948087,282.4960029803595,286.4608459472656,2240100
2025-01-06,285.0031662664536,287.2576992585288,283.5066192356061,283.9342041015625,2838900
2025-01-07,285.4890761975465,286.60661550078134,280.1442946412428,281.17437744140625,3419500
2025-01-08,280.81478036460555,280.97999572663826,278.46306379777207,278.8031921386719,2724200
2025-01-10,279.38627491613096,279.6486443936895,273.82770158198156,274.3427429199219,3946000
2025-01-13,274.95498931460224,276.47096128163713,272.4380867583543,275.6255187988281,3394300
2025-01-14,276.97628204364713,277.2969855384164,271.4954670286845,273.63336181640625,2238900
2025-01-15,276.3057473524365,276.6167235668783,272.6907304144425,274.3330383300781,2867800
2025-01-16,272.3311650713151,273.0211490770882,268.7258755674115,271.84527587890625,3403700
2025-01-17,273.05030084689,276.0627901104036,272.0979473548718,273.0211486816406,3312800
2025-01-21,272.83651104219666,274.91610138142175,270.8638020911404,274.63427734375,3858600
2025-01-22,275.3048318361676,275.52835156310033,272.4866801722113,273.4098815917969,3660600
2025-01-23,272.82678618446255,276.9568443902825,272.72960241306095,276.4029235839844,2279400
2025-01-24,276.48066747387213,278.7546252510321,275.285369428716,277.4038391113281,2523000
2025-01-27,278.52137760248957,285.1489130418794,277.7439667879657,284.8185119628906,4343000
2025-01-28,284.148042280115,286.17905589222363,281.81577968980974,282.9333190917969,3180100
2025-01-29,283.15684622863967,284.8671860124777,281.81578704870566,281.92266845703125,2358300
2025-01-30,282.70008525466693,283.8370494851299,281.1938107951373,282.1267395019531,2125200
2025-01-31,281.65048321648965,283.0304214099987,279.24049208461366,280.5523986816406,2556500
2025-02-03,278.9198616201993,282.69036704290073,276.1697414427306,281.8643493652344,3048800
2025-02-04,281.5825265031239,282.4376962639127,280.2317402545316,281.59222412109375,2976900
2025-02-05,281.81573522874874,282.0781047197543,278.25902273572365,280.6787414550781,2362900
2025-02-06,283.3608578692848,288.7639433582966,282.1267099872648,286.05267333984375,3590000
2025-02-07,286.05268909987296,288.47243759646295,285.5279500916411,285.994384765625,2858000
2025-02-10,293.7394807957309,301.523436184094,293.00094929127937,299.7159423828125,8052000
2025-02-11,298.69550583589483,302.7964116473598,297.5293896130399,301.4553527832031,4180400
2025-02-12,300.843139085608,301.3387555514971,297.140665814881,298.9190368652344,3110200
2025-02-13,298.8218808739474,302.73814693947327,297.0046598718561,301.270751953125,3096800
2025-02-14,301.4456822631779,302.2230931482965,299.09396540275895,299.84222412109375,2674400
2025-02-18,298.67610397295584,298.67610397295584,294.973630557146,296.2272033691406,3367800
2025-02-19,294.75985175420084,295.2165888199845,291.05737816710723,293.4187927246094,2990700
2025-02-20,292.34011755195485,294.57522592974084,289.7357582498676,294.4974670410156,3020000
2025-02-21,295.34292676916846,297.32533350291834,293.07866631795514,296.2077941894531,3036700
2025-02-24,296.39241494776877,301.6788918688513,295.537245202252,298.889892578125,3397600
2025-02-25,300.4544417142215,302.91303990549716,299.29802303370803,301.95098876953125,3891600
2025-02-26,302.9033189683493,305.67286349883153,295.10963773938266,295.6829833984375,4140900
2025-02-27,296.57705357705174,302.9810697025485,295.6344273386398,301.2027282714844,3350400
2025-02-28,298.9287667879443,299.8130887717576,295.3040520037599,299.6284484863281,4972900
2025-03-03,301.14336348986086,302.4921653197282,295.59180015110434,297.4097595214844,4371300
2025-03-04,297.7029805972037,305.8544031580599,297.7029805972037,298.8562927246094,3954500
2025-03-05,297.12631686148484,301.4854643426725,296.5105568929492,300.4983215332031,2327500
2025-03-06,300.8403974059008,304.3101471190213,297.49774289447555,303.352294921875,2954900
2025-03-07,303.79209478259384,315.8628564335685,303.3327207010572,314.0253601074219,7607600
2025-03-10,312.8524721268744,318.9416169322399,308.6008235942059,310.0766906738281,4707600
2025-03-11,310.43837732047086,310.5165851660438,299.3841069862216,299.8239440917969,4513100
2025-03-12,296.82331792848885,299.5013546959842,289.6492850361285,292.63031005859375,4546200
2025-03-13,293.637028088934,296.5985161505671,290.54847465980515,290.7732849121094,4178600
2025-03-14,290.2552792788581,293.8716313416003,289.0237593108066,293.05059814453125,2696800
2025-03-17,294.48734267576685,298.32850475261955,293.2460691775394,297.09698486328125,2758400
2025-03-18,298.0743699240442,298.0743699240442,295.4354072910748,296.7353515625,2435400
2025-03-19,297.1165430438627,301.11406142280407,296.7646972376234,299.9803161621094,2812200
2025-03-20,301.0651813199082,302.65833042077844,298.60217137824054,300.0584716796875,2723500
2025-03-21,299.4622534775578,300.0584464970229,294.8196553640045,298.5337219238281,6016100
2025-03-24,299.3743055917511,300.9870216637586,297.6443374135245,298.7585754394531,3443400
2025-03-25,299.99006977169233,301.68096388070364,297.15564696485114,299.9803161621094,2657100
2025-03-26,300.9381516555779,306.9588731658551,300.8306531526077,306.4897155761719,2624400
2025-03-27,308.0339643761886,309.4805110386507,303.65525029910964,305.61981201171875,3119500
2025-03-28,302.0132708585398,302.9906600846192,299.0713197432241,300.1464538574219,3211600
2025-03-31,298.1037140451008,306.11831763241616,297.5563784645336,305.30706787109375,4418800
2025-04-01,306.00099227160104,307.66256581362404,303.9191783670756,306.53857421875,2411200
2025-04-02,305.6393360433528,306.83175193429605,302.8244506727621,304.5348815917969,2776800
2025-04-03,304.33947293405015,312.4908957933978,304.26126508972203,311.07366943359375,7023900
2025-04-04,307.457350118815,307.8385164241546,292.53259686189756,293.32427978515625,8831100
2025-04-07,285.9841072941635,297.9864463755516,283.93158385500215,293.1092834472656,7725900
2025-04-08,296.91129751347086,301.28022854138226,288.2516432990603,293.05059814453125,5562500
2025-04-09,290.68533177229426,304.60334473333876,290.00114738663143,297.08721923828125,8265700
2025-04-10,294.526445416259,300.6742315743781,290.20640203951046,299.84344482421875,6049500
2025-04-11,299.54044576696515,303.8605188154397,297.087189523026,302.89288330078125,4439900
2025-04-14,305.365720163304,311.00527529828406,304.0951260529128,308.9234313964844,4068300
2025-04-15,308.9820767096272,310.0278903939505,304.78906836230703,305.41461181640625,2901200
2025-04-16,306.4799540870545,307.18367553971103,300.4201288098704,302.11102294921875,3098900
2025-04-17,302.22827416084004,305.91302051847987,300.18553441661396,304.26123046875,2728500
2025-04-21,303.9680396775963,304.24170745912363,298.2209864379718,301.7395935058594,2669900
2025-04-22,304.7108598106017,312.76453709600764,304.1537408202872,311.8653259277344,4200700
2025-04-23,311.2984982301089,312.6668373117633,307.6723922068362,311.2789611816406,3210100
2025-04-24,311.2300290577293,311.67964955582977,306.4408280469493,309.07000732421875,2479500
2025-04-25,309.34371370051804,314.50432801559515,307.90695023525234,309.5782775878906,2282900
2025-04-28,310.5165581784304,310.82930005088025,307.1445535355637,309.64666748046875,2578300
2025-04-29,308.9136408439975,309.5685047589965,305.92283215545507,307.388916015625,3164500
2025-04-30,309.62713601219286,313.74193623224716,306.02056744313205,312.4224548339844,5564600
2025-05-01,306.0694598289988,312.03154065111687,304.5545183128501,306.54840087890625,5186900
2025-05-02,306.46038687824944,308.82568198329574,303.65528450799286,304.9063415527344,3994600
2025-05-05,305.92279918840177,310.22330541595574,303.67481610941087,308.581298828125,3534100
2025-05-06,307.98513004423745,310.06697403942525,305.7957875425642,309.6271667480469,2691700
2025-05-07,309.32414241100645,312.0217162998394,308.972266791345,310.93682861328125,2725900
2025-05-08,310.88794628571566,312.4322379384263,306.0987451300357,306.4017333984375,2131500
2025-05-09,305.8250704889636,307.14455185624286,304.1342062859588,306.5874328613281,1917800
2025-05-12,304.9552099827384,305.12134944121,298.1134856692053,304.86724853515625,4137900
2025-05-13,304.6033297128197,305.11159117226657,301.47570225664447,301.71026611328125,3018600
2025-05-14,301.2704386417943,301.92530253247884,298.7781081030645,300.54718017578125,2656600
2025-05-15,300.84037198025464,308.0046512375152,300.84037198025464,307.3693542480469,2928500
2025-05-16,307.26182434562145,311.454832178572,306.284435189156,311.40594482421875,2636900
2025-05-19,310.9172565546543,314.3381186716942,310.83907854467276,313.96673583984375,2748600
2025-05-20,313.9569670987251,314.4456617097481,311.6405594148843,312.5690612792969,2035000
2025-05-21,310.3406013688536,311.4646227867104,308.04376066031296,309.2850341796875,2386700
2025-05-22,308.97225803743066,309.4609526198833,305.56117939672754,307.20318603515625,2642000
2025-05-23,307.94603103948754,308.51290366726386,305.9521486638513,307.45733642578125,2701500
2025-05-27,307.39871219945394,308.48359998374053,305.1018414244351,307.8287658691406,2526700
2025-05-28,307.82872507622005,308.5128795854741,305.1311214743133,305.76641845703125,1935600
2025-05-29,305.3070718066948,306.4115264191467,303.02976800400256,304.80859375,2248800
2025-05-30,304.94545545770677,308.1610745416521,303.55754955553846,306.7536315917969,4062900
2025-06-02,305.42662240279924,307.90360147055924,304.10949647017713,307.34332275390625,2577000
2025-06-03,306.5176881817587,309.0241842263618,303.8735971760311,307.0583190917969,3028100
2025-06-04,307.6578751060529,308.88654074146046,304.1979634755643,306.2522888183594,2069500
2025-06-05,306.67495797635416,306.67495797635416,302.5171424588167,303.7065124511719,3813500
2025-06-06,301.9077283046949,304.57146712997877,301.5735348355618,302.1141357421875,2622800
2025-06-09,298.54611884033875,300.0205176882045,294.7323356877171,299.57818603515625,4059800
2025-06-10,294.88961431184117,297.2486465155931,294.3391744641898,295.30242919921875,4698700
2025-06-11,295.0763877702894,298.02518566274375,292.11775095257536,296.5704345703125,3312100
2025-06-12,296.5212799216434,298.0054876962197,294.94858181915015,297.98583984375,2584700
2025-06-13,296.6588418684295,299.90250697151146,296.0101028484695,296.75714111328125,2435500
2025-06-16,297.9661872198501,298.8114948133302,290.70230128632375,291.23309326171875,4045700
2025-06-17,290.94803795283855,290.95787687739585,286.80990027157776,287.3210144042969,3379000
2025-06-18,287.9992455689822,288.10735375421643,283.67434822189813,284.686767578125,4008700
2025-06-20,284.82437444224746,285.6500342432774,280.69607543709776,282.5538024902344,7085000
2025-06-23,283.5956807581771,284.57861328125,280.9909155713779,284.57861328125,5172500
2025-06-24,284.67693004920716,287.11461365523905,283.6546717632297,286.495361328125,4461200
2025-06-25,285.8957302166194,286.11197656472206,279.45753439288893,280.6763610839844,4259800
2025-06-26,281.069550470943,281.8952101422467,278.63186715800936,280.7550048828125,5354900
2025-06-27,281.12854984855534,287.20306584343535,280.3716725827814,286.573974609375,7422200
2025-06-30,285.91544966389625,288.5693497803215,285.91544966389625,287.1834411621094,5054800
2025-07-01,287.50777378112286,294.5357355853172,287.3603398964768,292.41259765625,5121900
2025-07-02,292.99250906996326,292.99250906996326,287.60605811880487,289.6014099121094,4021500
2025-07-03,289.64074761705916,289.7979904278959,287.6158789677051,289.060791015625,1678600
2025-07-07,289.1001292666068,290.6335017109568,287.49794434157803,288.52020263671875,3404300
2025-07-08,288.0090816091109,288.0188905370292,285.30601704466625,286.69195556640625,3123600
2025-07-09,287.26204310204497,288.8052544335771,286.3675708652344,288.0188903808594,3265800
2025-07-10,291.24288590186995,295.6464342727256,289.98473350972824,293.2972412109375,5366800
2025-07-11,293.0515105534303,297.5729760653894,292.21601192736154,294.7912902832031,4524100
2025-07-14,294.0737616892749,296.9144512400769,289.79799897268697,296.7276916503906,5707500
2025-07-15,296.1575756458985,297.6221655942516,294.1327369220124,294.5062561035156,2937600
2025-07-16,294.6635389699534,295.35160380111597,291.15446232512556,293.7985534667969,2804700
2025-07-17,294.6536732043897,297.2879551776938,293.32673828858464,295.2434387207031,3134300
2025-07-18,294.62419954615217,295.2729386433092,291.37069513241727,291.9997863769531,3481300
2025-07-21,293.0220198024367,293.7002456888022,290.2403337732314,290.6924743652344,3037500
2025-07-22,290.81043027766503,294.9780849802654,290.0142572559615,294.06396484375,2672000
2025-07-23,294.3784732069136,294.76183131729823,291.8523592358791,293.0318603515625,2467600
2025-07-24,291.8425290876595,292.38313003234845,289.38519752684937,289.4540100097656,4426000
2025-07-25,291.74424369379835,293.5430272799806,289.86683869249117,293.37591552734375,3401000
2025-07-28,291.98992980008086,294.79129346040065,289.95525229973833,294.1130676269531,3070500
2025-07-29,293.8477312416215,297.6614847721288,293.2088010140768,297.5042419433594,3147700
2025-07-30,297.40593328276304,300.21710620825746,295.9413432651859,298.42816162109375,2805900
2025-07-31,295.88234580660315,298.2905425560831,294.8797654030523,294.9485778808594,3639600
2025-08-01,298.32003345054454,298.51663196221534,296.2362212124083,297.720458984375,3344800
2025-08-04,295.400704867304,301.1213792521918,295.400704867304,299.0375671386719,4734500
2025-08-05,297.82856131631,299.40125938861155,293.27757883071416,293.6707458496094,4222900
2025-08-06,301.7602880273708,305.1022526446165,296.59005329804904,302.4090270996094,6474300
2025-08-07,303.88342028382414,304.8761917240575,299.1555172810158,302.6547546386719,3603300
2025-08-08,301.7602888044803,303.28382223786684,298.7033830133884,300.23675537109375,2622000
2025-08-11,300.28590177261856,302.0551684095787,298.5952565431297,299.16534423828125,2649000
2025-08-12,299.96154149641626,300.2858960415372,294.771658797433,296.4917907714844,3438300
2025-08-13,296.5507727223556,300.09914495373494,296.2558749489923,299.8632507324219,2999100
2025-08-14,300.28587289555156,304.0111953970032,297.5336739478969,303.677001953125,4699400
2025-08-15,304.8663664807157,304.8663664807157,301.26882971066533,303.6573486328125,3416600
2025-08-18,303.10692037621055,304.6894574569229,301.32781477397674,303.4313049316406,3272600
2025-08-19,303.43127915396826,308.85705583392183,303.18554602540064,305.6231994628906,2893600
2025-08-20,308.31646783523985,310.75412137460677,307.0583153642605,307.73651123046875,3879900
2025-08-21,306.5471805185705,308.2476646896296,305.85914570702715,307.8741455078125,2282200
2025-08-22,309.26009563024917,311.3930426216236,307.80534455100565,308.70965576171875,2796700
2025-08-25,308.3754519162712,310.16436643057114,306.6258331078875,308.09039306640625,2944300
2025-08-26,308.0805348100948,309.741693180849,306.969816254851,307.5989074707031,2807600
2025-08-27,308.01176843846935,310.3315051482516,306.0262552350866,306.1147155761719,3234400
2025-08-28,305.8099730195177,307.1860726030566,304.0701931885494,306.8912048339844,3471700
2025-08-29,306.90105090275523,308.54253151667046,306.1146868390553,308.1886901855469,2492500
2025-09-02,309.4539513378079,312.49858796392544,308.74222084299,312.1328430175781,3228700
2025-09-03,311.40132720235823,313.23008212604094,309.38478257873777,312.755615234375,3219500
2025-09-04,314.1691764464332,315.76066773186136,312.84457278330734,313.34869384765625,2881300
2025-09-05,313.7243513541199,314.38666830672565,309.67144220970494,310.7687072753906,2533100
2025-09-08,309.2266377110297,309.4836305723107,306.2017904049327,309.20684814453125,2873600
2025-09-09,307.6351041705423,310.0965219091964,307.16063726537215,308.9300537109375,2310800
2025-09-10,308.5050078861436,308.5050078861436,301.1109200416002,302.4256591796875,3479500
2025-09-11,302.7123136644039,305.39117515395947,301.74356017047813,304.88702392578125,2761500
2025-09-12,304.086345635592,304.9661366319556,301.7435747955977,301.891845703125,2072600
2025-09-15,301.6348394862563,302.1982689098932,297.0580199522572,298.60009765625,3584500
2025-09-16,300.0136705745815,302.48495286926504,299.2228723070909,299.80609130859375,3578500
2025-09-17,301.39756321754226,303.0582575725434,300.4189451453127,301.4667663574219,2681600
2025-09-18,298.00701266399705,299.21299971994296,294.4582546456287,297.6808166503906,4654100
2025-09-19,298.23437359968364,301.298739657488,297.295274216149,298.90655517578125,5696900
2025-09-22,298.847234718174,300.7550574232886,296.9690661941278,299.509521484375,3657900
2025-09-23,300.250914930823,300.95278084826947,296.87021752239207,299.7072448730469,2976900
2025-09-24,299.015246396697,302.46517680353884,298.54077952915645,300.8341064453125,2427300
2025-09-25,302.3663468784133,302.81115960703295,298.48149821336193,298.82745361328125,2558400
2025-09-26,299.8851890984744,302.26750908915284,298.54082587571423,301.73370361328125,2284700
2025-09-29,302.36633831771917,302.5936769835701,298.38263243675544,299.509521484375,3073800
2025-09-30,299.272281250364,300.98241943192176,298.5308965734432,300.3992004394531,2640100
2025-10-01,299.77644761462636,301.2690816592573,294.8734016501995,297.0679016113281,3055300
2025-10-02,296.1584897937951,298.9065546246773,295.51596240115055,296.4352722167969,2690400
2025-10-03,295.466489868807,297.92790742084236,295.22925643420837,297.5226135253906,2599100
2025-10-06,295.6049125443205,296.20789094637223,291.5223493510814,292.6393737792969,3814200
2025-10-07,291.6113238626404,294.64606589682154,290.7513224122097,292.9161682128906,2515700
2025-10-08,292.9754548568312,293.25223725905937,290.05932976759004,291.0181884765625,2464600
2025-10-09,290.27683186103326,291.72994715490915,288.68534043618075,290.43499755859375,2802700
2025-10-10,291.31477362055887,294.5274406549996,289.52556762397046,293.5982360839844,4016200
2025-10-13,291.2159119858523,296.96906441481445,290.6227982010176,296.66259765625,3369300
2025-10-14,296.71204209928584,302.010456877674,296.662598353005,301.0614929199219,2992800
2025-10-15,300.1422050856206,305.54937236751203,300.1422050856206,301.74359130859375,2522100
2025-10-16,302.2773694922293,303.7502440663827,301.20975866191446,301.8226318359375,2021600
2025-10-17,303.2757437580935,304.7881672789619,302.7913820935664,304.5509338378906,2194200
2025-10-20,304.412574398198,305.1539591091853,302.32679639110273,304.234619140625,2329600
2025-10-21,305.0056534407767,305.0056534407767,302.87049205226185,303.9479675292969,2461100
2025-10-22,304.67945574590874,309.196967065042,303.6217396733114,306.5477294921875,2735700
2025-10-23,308.38638181815185,308.38638181815185,302.7024324367499,303.4438171386719,2081500
2025-10-24,304.09623442042005,304.1654375649081,301.5162000122499,302.2773742675781,1994500
2025-10-27,302.38608648604867,306.52795790122946,301.8325216819833,306.4389953613281,2139700
2025-10-28,304.9958033515058,307.01234811081713,302.8111679450521,302.88037109375,2336500
2025-10-29,301.19990352173517,301.2789712830882,297.7598676459755,298.87689208984375,2502300
2025-10-30,297.04814038832995,300.89347022993303,296.6527412431806,298.9559631347656,3128400
2025-10-31,296.5538952325576,297.2557310045084,293.588356280232,295.0019226074219,3582700
2025-11-03,294.2506610983459,294.4977893341648,291.0577534314381,292.965576171875,3899300
2025-11-04,294.7844362757818,296.3067546547187,293.0150198281238,295.77294921875,4151300
2025-11-05,296.11892291506905,306.60706050649486,295.77293736549154,302.15875244140625,6070300
2025-11-06,300.7649538937485,302.8902506609644,294.09249161273215,294.9821472167969,3544900
2025-11-07,296.8899549562617,299.0745599757467,294.9030344126965,296.2177734375,3250100
2025-11-10,295.5653882716389,296.5736606758487,292.6393982258165,295.66424560546875,3824300
2025-11-11,297.40399631133425,303.7601576062471,297.39413169525426,303.305419921875,2755800
2025-11-12,303.25598836759036,305.5394507691338,302.26747546070504,303.4141540527344,2818600
2025-11-13,303.7700010429125,306.53785525346336,302.9792027924806,304.0467834472656,2294300
2025-11-14,304.9068450353753,307.1804128545371,299.8456331663065,303.5031433105469,3112500
2025-11-17,303.64152664111924,304.16543728157467,300.6067847393206,301.3975830078125,2435700
2025-11-18,302.1686315019803,304.89693689910706,300.6661026771827,301.0911560058594,2773800
2025-11-19,301.0911450622804,301.3382732909504,298.570449196655,299.26239013671875,2008300
2025-11-20,298.9757584536573,302.1291172266621,298.40240404019005,300.6661071777344,4205100
2025-11-21,302.7518415800112,306.9728110613235,302.6431196388259,305.7964782714844,3348900
2025-11-24,305.4405972269914,306.7750957012142,300.53758159489695,301.3975830078125,3687300
2025-11-25,303.2263402028109,307.8822276398438,303.2263402028109,306.88385009765625,4189600
2025-11-26,307.99097943011094,309.2760341664193,306.1622244845794,308.8114318847656,2786600
2025-11-28,308.78176816994795,309.70107792217016,307.1210737465105,308.23809814453125,1850700
2025-12-01,307.7607781864714,307.7806561565646,301.6847048639153,301.88360595703125,3354100
2025-12-02,302.11231507676376,302.1322233953145,297.9257110081231,299.0494384765625,3947800
2025-12-03,300.7201107284874,307.0348414729247,300.38200312782135,306.0006103515625,4986900
2025-12-04,306.8160346107506,312.056747468542,305.61276497204835,306.82598876953125,4632200
2025-12-05,306.9453376784783,310.31648979221444,306.48790156484847,309.5010681152344,3147200
2025-12-08,310.2667757769304,312.00705416670485,307.33315149494905,308.0690612792969,3575000
2025-12-09,308.9640565307292,310.96290028486965,306.7066777659377,309.0635070800781,2355100
2025-12-10,307.7806547466662,309.59055150237464,304.3100522284258,308.804931640625,4103900
2025-12-11,309.7695360147536,311.24132515289676,307.3430884251893,307.9894714355469,4844000
2025-12-12,308.80492537363153,316.02460393189887,308.64581057270595,314.9605407714844,3771900
2025-12-15,314.94068982992525,317.8842380295495,314.04566520440255,316.95941162109375,3814900
2025-12-16,317.3372752711366,318.79911038578916,312.56395222429654,312.7528991699219,2972300
2025-12-17,313.79704545070365,317.42679326012905,313.2501129482667,316.91961669921875,3328600
2025-12-18,317.6057784130575,320.00239397251755,316.58150150447926,317.874267578125,3335200
2025-12-19,316.92957719319054,317.5560519392492,313.99595282645595,314.08544921875,7128600
2025-12-22,313.2500940706127,316.50191745519237,312.7230395707014,314.46331787109375,2514600
2025-12-23,310.36623038323637,312.3749979683961,308.904395302794,309.11322021484375,2922800
2025-12-24,308.95411325004744,311.6590044081284,308.55634138669245,311.5893859863281,1011500
2025-12-26,311.24134279935004,311.51978612796995,308.1486037065621,308.9541015625,1308900
2025-12-29,308.7353111388922,309.37177035121357,306.5077645918586,306.8160400390625,2148300
2025-12-30,305.3740824807543,306.92544422113616,305.06580703407496,306.3188171386719,1678300
2025-12-31,306.07020960629336,306.4978135731772,303.6537161025961,303.9321594238281,1903600
2026-01-02,303.5940696849641,303.85260470327137,298.62184555073907,301.5753479003906,3124300
2026-01-05,299.5765067558793,300.65049382529867,297.95555681799385,298.1942138671875,4573300
2026-01-06,297.40861563676236,302.53000032188976,296.67270584309904,301.0880432128906,3769100
2026-01-07,303.6338203463279,305.29455653141486,301.6250527563368,302.4703369140625,4100200
2026-01-08,301.75434123934974,307.28345205890895,300.9488433559712,307.16412353515625,3268300
2026-01-09,307.32323929323604,307.80055338971266,302.90790181254056,305.61279296875,2972000
2026-01-12,305.7320982646789,305.7718845523784,302.48027483730016,305.0459289550781,3206600
2026-01-13,303.53440409552945,307.9397873756521,303.5045719647765,307.72100830078125,2967900
2026-01-14,307.72099415552304,309.4513183557504,304.2304832776406,306.41827392578125,2949000
2026-01-15,307.2138235546293,307.2138235546293,302.11231689529774,306.9055480957031,3189200
2026-01-16,305.1851896090975,306.81606335552937,304.1410043247885,305.72216796875,2590600
2026-01-20,304.737661089474,304.8470354483117,300.76983612502346,301.15765380859375,3018000
2026-01-21,301.65487003209404,304.0116992589776,301.4559992888058,303.9918212890625,3630900
2026-01-22,304.4492540513863,305.9210432062402,303.25593856057213,304.3299255371094,2809400
2026-01-23,304.3995485181048,307.7906088072057,303.6636387556189,307.53204345703125,2350200
2026-01-26,308.27789298730556,312.6136578183869,308.24806085674487,311.2115173339844,3385000
2026-01-27,310.58500607693423,312.8125527093644,309.3121179515389,312.38494873046875,2506600
2026-01-28,313.2501075627596,314.522995674807,309.8789251714504,311.06231689453125,2184500
2026-01-29,311.1717311091908,315.6367786229882,310.5253480482074,313.7572937011719,3211300
2026-01-30,313.90645930117796,314.29427700466107,309.83918358018946,313.2501220703125,2983200
2026-02-02,317.22788831254263,317.744988678539,313.4589340573951,316.760498046875,3309800
2026-02-03,313.7572837040622,321.0962910701805,313.7572837040622,317.7052307128906,4043400
2026-02-04,319.3261610766876,325.13374552255857,317.92402058899313,321.891845703125,4805900
2026-02-05,323.2741013130609,326.2375577339443,321.1559593874338,321.6830139160156,3936800
2026-02-06,321.1062153149145,325.72045368880305,319.4554333284654,325.3425598144531,2831900
2026-02-09,324.12933683441605,325.501675498415,321.384659506418,323.7912292480469,2673900
2026-02-10,323.6221709864214,326.1779014612805,321.7128539239937,324.1591796875,3502900
2026-02-11,321.7824294600363,323.393455500505,319.02782833702196,321.41448974609375,4553200
2026-02-12,327.99769828881847,331.5279953574491,318.37148039970236,330.2351989746094,6499700
2026-02-13,330.65290529535616,333.8053087531176,324.7160684585372,325.7602233886719,3587900
2026-02-17,328.1667711801981,330.2352029302544,323.1945473744375,325.79998779296875,3367200
2026-02-18,325.4519307098029,326.9734300021961,322.03103825468895,326.0685119628906,3661800
2026-02-19,326.63532267953246,331.1501104607445,325.13373170420465,325.2928161621094,4032300
2026-02-20,326.2077161504711,328.445216879276,324.14920819643953,327.40106201171875,3862700
2026-02-23,328.59438469458553,333.71576929376323,328.41539191590664,332.7014465332031,3806200
2026-02-24,333.4472840650143,334.1334534061027,330.4838276303418,331.1998291015625,2756900
2026-02-25,330.1556657617362,332.2937159613671,328.1667762089547,331.1600646972656,2812500
2026-02-26,333.00970791435884,335.06821582629476,331.25947544646607,332.6716003417969,2425900
2026-02-27,333.70585194649846,339.4537417304368,333.70585194649846,339.16534423828125,4269100
2026-03-02,339.1653479391382,339.8515172928989,332.55229595462106,332.96002197265625,4555400
2026-03-03,330.0899963378906,332.1700134277344,327.70001220703125,332.1700134277344,2901100
2026-03-04,331.739990234375,332.8299865722656,329.6099853515625,331.739990234375,2455900
2026-03-05,329.79998779296875,330.80999755859375,324.1199951171875,327.45001220703125,4321400
2026-03-06,326.2900085449219,328.3299865722656,321.32000732421875,328.05999755859375,3341200
2026-03-09,325.79998779296875,331.70001220703125,324.5799865722656,330.79998779296875,3407500
2026-03-10,328.3399963378906,329.6499938964844,326.7099914550781,327.94000244140625,2391400
2026-03-11,327.0299987792969,327.6499938964844,322.4200134277344,325.2099914550781,2200500
2026-03-12,323.25,327.32000732421875,322.010009765625,323.9100036621094,2639600
2026-03-13,324.9800109863281,326.9599914550781,324.4800109863281,326.4599914550781,2449800
2026-03-16,327.8399963378906,328.7099914550781,326.510009765625,326.6499938964844,2584300
2026-03-17,327.3399963378906,330.489990234375,326.1199951171875,326.29998779296875,2437800
2026-03-18,323.7699890136719,324.5,315.239990234375,315.7300109863281,3038400
2026-03-19,315.989990234375,316.7300109863281,309.3299865722656,309.5799865722656,3362300
2026-03-20,309.79998779296875,311.3699951171875,307.6199951171875,308.8500061035156,6436600
2026-03-23,313.4700012207031,313.989990234375,308.04998779296875,308.4700012207031,3003200
2026-03-24,306.3900146484375,311.19000244140625,304.7799987792969,307.8399963378906,2954900
2026-03-25,310.05999755859375,312.94000244140625,308.1099853515625,311.70001220703125,3714000
2026-03-26,310.75,312.7099914550781,308.79998779296875,308.92999267578125,3025700
2026-03-27,309.75,309.9700012207031,305.3299865722656,305.8999938964844,3137200
2026-03-30,308.70001220703125,310.7900085449219,307.6400146484375,308.5299987792969,3569600
2026-03-31,310.2300109863281,311.67999267578125,307.5400085449219,310.7900085449219,3021300
2026-04-01,310.1700134277344,311.0,304.0,307.2900085449219,3887300
2026-04-02,306.8299865722656,307.5,303.0299987792969,307.1400146484375,2649100
2026-04-06,306.05999755859375,310.30999755859375,305.80999755859375,309.760009765625,1816000
2026-04-07,310.2699890136719,310.29998779296875,304.2200012207031,304.8500061035156,2033700
2026-04-08,307.1600036621094,308.25,303.1000061035156,307.010009765625,4155100
2026-04-09,305.19000244140625,311.1000061035156,303.989990234375,309.54998779296875,2484700
2026-04-10,307.29998779296875,308.70001220703125,304.17999267578125,305.67999267578125,2708600
2026-04-13,304.2200012207031,304.8999938964844,302.1000061035156,304.510009765625,2872100
2026-04-14,303.0199890136719,303.5799865722656,301.5299987792969,303.2200012207031,3150100
2026-04-15,303.2699890136719,306.94000244140625,303.0,306.260009765625,2976500
2026-04-16,306.5799865722656,308.2699890136719,304.57000732421875,306.9599914550781,2334400
2026-04-17,307.30999755859375,312.5400085449219,307.20001220703125,311.3599853515625,3225500
2026-04-20,312.1499938964844,312.5299987792969,305.95001220703125,306.94000244140625,2395200
2026-04-21,305.54998779296875,306.1499938964844,300.9700012207031,301.8399963378906,2708100
2026-04-22,302.04998779296875,302.9100036621094,299.8299865722656,300.07000732421875,2843800
2026-04-23,302.5,304.8900146484375,302.17999267578125,302.19000244140625,1019852
