timestamp,open,high,low,close,volume
2021-01-04,51.132877085946035,52.452941308193566,50.118787020715686,50.63457107543945,9187200
2021-01-05,50.608351238225545,50.80942046850453,50.11004850778013,50.68703079223633,5421900
2021-01-06,50.69577056062072,50.993004035828086,50.407277775183445,50.59086227416992,7663200
2021-01-07,50.4597352892136,51.01048882296439,50.1362730533515,50.49470138549805,8589100
2021-01-08,50.153763974547935,50.940559598498645,50.11879787393706,50.87062072753906,6642700
2021-01-11,50.84438421195371,50.89683835371535,49.88274829040093,49.908973693847656,6761500
2021-01-12,50.13627179198942,50.293630893350276,49.62048436749961,50.11004638671875,7450900
2021-01-13,49.90898724048908,50.468484898336555,49.84779239259134,50.15376663208008,7276500
2021-01-14,50.19747549260874,50.45099890455985,49.82156572282444,50.101314544677734,7325200
2021-01-15,50.031365659410945,50.26740430590112,49.5592883664306,50.02262496948242,7410400
2021-01-19,50.25867149255375,50.44225602363929,49.847788969284224,49.952693939208984,6672100
2021-01-20,49.952690227010216,50.12753405380399,49.498097611293844,49.917720794677734,5179100
2021-01-21,49.760357478382204,49.83029633713604,48.91237049263615,49.06098556518555,6938100
2021-01-22,49.01728534112063,49.46313731851056,48.886151621919126,49.174644470214844,6241800
2021-01-25,48.94734065323188,49.874007201485206,48.772496838603665,49.71664810180664,7388700
2021-01-26,49.64672019318584,50.4597412212946,49.46313566035325,50.346092224121094,4759800
2021-01-27,49.82155970361327,50.687031474513034,49.209607979166485,49.3232536315918,7583000
2021-01-28,49.48061095436011,50.34608602886522,49.29702644411822,49.935203552246094,7522700
2021-01-29,48.12557859213692,49.69042565724303,48.04689903761011,48.466522216796875,14261000
2021-02-01,48.615148567308026,48.91238211792034,48.15181518997997,48.30043029785156,8868200
2021-02-02,48.61514446877752,49.629234732160874,48.247972073743306,49.09596252441406,7378600
2021-02-03,48.81621461765154,48.90363487124741,48.24797296467162,48.32665252685547,7583100
2021-02-04,48.35287373094486,49.23583016010785,48.2392247510969,48.95608139038086,7185500
2021-02-05,48.99979312152362,49.42816031511668,48.90362885348017,49.13966751098633,4961600
2021-02-08,49.05224751554536,49.34073698626222,48.76375470995998,48.973567962646484,5432600
2021-02-09,49.15714367412698,49.16588769781063,48.44028713599137,48.51896667480469,9534900
2021-02-10,48.81621783171207,48.9036380910637,48.06439159575921,48.30043029785156,12875300
2021-02-11,48.17804298551411,48.73754067674428,48.1255888263853,48.67634582519531,7487100
2021-02-12,48.62387596687236,48.68507079866335,48.06437845628719,48.247962951660156,7845200
2021-02-16,48.21300170450411,48.32664735504285,47.81960393568542,47.97696304321289,7615200
2021-02-17,47.907031212282824,48.14306990822257,47.74967208165633,48.01193618774414,9388500
2021-02-18,47.78463811702866,49.209610882994454,47.78463811702866,49.06973648071289,9498800
2021-02-19,48.92986258753997,49.060992965179636,47.40872552889047,47.47866439819336,7071900
2021-02-22,47.426197598650866,47.67972092996127,47.085254038893815,47.48739242553711,7170500
2021-02-23,47.64476031484061,48.37036101762005,47.59230616715232,47.90702438354492,8987600
2021-02-24,47.67972784836157,47.88079707085866,47.35626561946463,47.49614334106445,7121100
2021-02-25,47.36501587782367,47.96822362469822,47.12897719386349,47.24262619018555,7989900
2021-02-26,47.434948436052515,47.4611771780924,46.46457168716217,46.47331237792969,8862000
2021-03-01,46.8841902448335,47.356264201625336,46.74431586228992,46.91041564941406,7076300
2021-03-02,47.067784261894914,47.3387923918652,46.46457649051862,46.92790985107422,7706500
2021-03-03,46.81425513954114,46.8667092877762,46.254757564508175,46.280982971191406,10085600
2021-03-04,46.50828493686149,48.020677991318315,46.35966650487477,47.17268753051758,15288600
2021-03-05,47.312562863923496,48.87741010179869,47.312562863923496,48.58892059326172,13707800
2021-03-08,48.49275770566494,49.07848076596619,48.151814033564925,48.213008880615234,10432000
2021-03-09,48.58892000784512,49.09596348199185,48.291686476493965,48.62388610839844,8528800
2021-03-10,48.85116860794018,49.41066605774489,48.352865983278626,49.12217330932617,6147100
2021-03-11,48.90363818331148,49.48936459365346,48.76376376716355,49.19213104248047,7437900
2021-03-12,49.16589458780007,49.74287684166533,49.16589458780007,49.71664810180664,8551900
2021-03-15,49.830291429409,50.040104650137906,49.38444292080358,50.0313606262207,6976800
2021-03-16,50.075076275203614,50.86187177130399,50.03136615539101,50.512184143066406,10309800
2021-03-17,50.70450993125378,50.80941488010707,50.311112204468685,50.63457107543945,8232300
2021-03-18,50.31112099696939,50.80068306862221,50.302380305899156,50.62583923339844,7947200
2021-03-19,50.590873339064096,50.984271162125204,50.494709056219264,50.79194259643555,17758000
2021-03-22,50.31986660216282,51.46508725582639,50.25867175814425,51.43886184692383,12187200
2021-03-23,51.42137441604055,51.57873353089039,51.080430778822134,51.22904586791992,6683800
2021-03-24,50.99300811298871,51.246528155011035,50.60835103498364,50.7569694519043,8280900
2021-03-25,51.04546192712347,51.3252107267396,50.6345794186822,51.1940803527832,6528900
2021-03-26,51.2203044312379,51.989615277650074,50.86187608260302,51.96338653564453,8498200
2021-03-29,51.87596816067903,52.65401972592515,51.79728860156039,52.61030960083008,7490500
2021-03-30,52.55318032502951,52.71136742565075,51.48981408939913,51.65678787231445,6674300
2021-03-31,51.243758415885466,51.89408033092913,51.21739165817193,51.437095642089844,7599100
2021-04-01,51.47224107212059,51.56891134638382,50.927376215492465,51.357994079589844,7649900
2021-04-05,51.49859597629371,52.131344319859,51.42829246723961,51.69193649291992,6538200
2021-04-06,51.46346217988316,52.07863065029112,51.234968160231574,51.92923355102539,6514100
2021-04-07,51.96438973348179,52.131363562482036,51.7095322952049,52.01711654663086,7403400
2021-04-08,52.157718599325484,52.192872037395084,51.63921712125626,51.832557678222656,4923000
2021-04-09,51.89407132222262,52.034681713423744,51.296476321513836,51.71830749511719,5341900
2021-04-12,51.77982362680997,52.025894322374036,51.3843592117268,51.50739288330078,7362300
2021-04-13,51.38435675843034,51.78861118927727,51.36678004155666,51.577693939208984,7038900
2021-04-14,51.48103458889242,51.63921835916488,50.90980294002509,51.252540588378906,5782700
2021-04-15,51.41951204479333,51.89407339117332,51.322845120826706,51.59527587890625,5618600
2021-04-16,51.683156059496355,51.76224961200375,51.34920513197445,51.64800262451172,8814100
2021-04-19,51.88528145587457,51.99073840470073,51.454660273509134,51.577693939208984,7065200
2021-04-20,51.648009264938075,52.254391010513714,51.25254145155547,52.03468704223633,7610700
2021-04-21,52.17529892457827,52.55319002890432,52.11378207991279,52.3510627746582,7953600
2021-04-22,52.24560059489396,52.526821386007825,52.10499019933702,52.33348083496094,8847700
2021-04-23,52.36862381551484,52.69378466173736,52.17528330307224,52.298316955566406,6588300
2021-04-26,52.263174327078566,52.38620799710873,51.56011903705012,51.64800262451172,7693900
2021-04-27,51.50739466684612,51.797402138110265,51.40193770933336,51.60406494140625,7653800
2021-04-28,53.11563436097064,54.37234142701328,52.8519902486884,53.502315521240234,15348000
2021-04-29,53.502311675737396,53.82747261243383,53.133207263138395,53.5286750793457,8424300
2021-04-30,53.55503955129686,53.62534643221024,52.895927628608554,53.4407958984375,9065800
2021-05-03,53.52867449309759,54.29324336111378,53.52867449309759,53.968082427978516,7229000
2021-05-04,53.932916285347005,54.293230572984925,53.22107774405162,53.37926483154297,9154200
2021-05-05,53.55503678786463,53.87141103081681,53.16835902004332,53.73080062866211,8432300
2021-05-06,53.67806749093325,54.381119418770595,53.62533733918944,54.240509033203125,6330300
2021-05-07,54.87325685305836,54.87325685305836,54.08232465160072,54.35475540161133,5903100
2021-05-10,54.69749613036924,55.07538383505672,54.460215465275105,54.548095703125,6402300
2021-05-11,54.78537217729834,55.040229540949845,54.05595351976113,54.44263458251953,7675100
2021-05-12,54.60962994177959,54.60962994177959,53.97688129989953,54.099918365478516,7913800
2021-05-13,54.02081756412742,55.136914223844144,53.93293395760437,54.82932662963867,6788600
2021-05-14,55.09296549920773,55.27751937912715,54.802958006334045,54.811744689941406,5171400
2021-05-17,54.98751557192913,55.18085616020241,54.60962443253148,54.899635314941406,6976600
2021-05-18,54.85567785050542,55.09295850678621,54.54809367703925,54.6447639465332,4068100
2021-05-19,54.47779331118268,54.829317622276044,54.240512641176124,54.785377502441406,6217300
2021-05-20,54.68870403259934,55.64661333966769,54.679917350112206,55.46206283569336,6706800
2021-05-21,55.62026110709225,55.971785468228795,55.29509679870961,55.68177795410156,8476200
2021-05-24,55.82236419429538,56.26176861732095,55.71690726686586,55.962974548339844,5996400
2021-05-25,56.086019631940815,56.086019631940815,55.54115481790523,55.989349365234375,5383100
2021-05-26,56.20026908715846,56.209055769783674,55.699344367118684,55.91904830932617,6652300
2021-05-27,55.91025957603825,56.09481343962573,55.59388535550678,55.6378288269043,7659300
2021-05-28,55.8311653137207,56.10359941182006,55.778438512577445,55.8311653137207,9001000
2021-06-01,56.068451946677236,56.20906235205935,55.46207020204497,55.65541076660156,5889800
2021-06-02,55.75207594139621,55.9366298164889,55.62025557623444,55.91026306152344,6288800
2021-06-03,55.69055610885079,56.06844716969734,55.646615989490634,56.01572036743164,4715700
2021-06-04,56.12995943780712,56.56937065288538,56.00692577264823,56.26177978515625,4693200
2021-06-07,56.46391552113907,56.48148888712829,55.62903983516816,55.954200744628906,6339500
2021-06-08,55.91905970237246,56.077246841184454,55.51480181851023,55.620262145996094,6291000
2021-06-09,55.49721843471433,55.88389617513269,55.374181408183944,55.6378288269043,5561300
2021-06-10,55.66419093178562,56.121175533867124,55.629037496452554,55.91904830932617,6471900
2021-06-11,56.13876021823594,56.13876021823594,55.708138955336324,56.05087661743164,3479500
2021-06-14,55.64661357118614,56.0684447330608,55.585096736272085,56.05965805053711,4344500
2021-06-15,56.12117933297367,56.17390613712648,55.81359178161147,55.94541549682617,6101000
2021-06-16,55.66419766901431,56.05966548333583,55.11054272896417,55.13690948486328,7275400
2021-06-17,55.154476654236845,55.681768131549816,54.96992614576457,55.53236770629883,7435700
2021-06-18,55.40054704664261,55.497217317905886,54.37233085060682,54.60961151123047,16415000
2021-06-21,54.86446595579489,55.26872038453714,54.653548706824715,55.066593170166016,9008400
2021-06-22,55.0665977110696,55.40054865263735,54.96114075409628,55.25114822387695,6230000
2021-06-23,54.96992562929849,55.18962957134397,54.767798404906564,54.776588439941406,4656300
2021-06-24,54.732658850718295,55.28631386376563,54.39871118785403,55.057823181152344,5778900
2021-06-25,54.89963536116573,55.62905088154533,54.87326860211368,55.52359390258789,5676000
2021-06-28,55.4444874696214,55.78722508604596,55.42691075180269,55.53236770629883,4611300
2021-06-29,55.48379331776974,55.66043771522654,54.900869164610434,55.05984878540039,4480300
2021-06-30,54.98919084702379,55.262989837359505,54.91853510806692,55.148170471191406,5302300
2021-07-01,55.112853756824656,55.43964376523018,54.989200296281204,55.174678802490234,3955300
2021-07-02,55.315984781859406,55.51029059305416,55.218830191656146,55.289485931396484,4102900
2021-07-06,55.25415795952404,55.25415795952404,54.59174399596976,55.05984878540039,6979800
2021-07-07,55.13934458024415,55.916577991882725,55.11284909697407,55.68693923950195,4967000
2021-07-08,55.68693807557321,56.137381497021856,55.2629935060528,55.59861755371094,6660600
2021-07-09,55.55445324524232,55.83708293766434,55.48379413753097,55.660438537597656,4261700
2021-07-12,55.5721187017827,55.669273297358366,55.333652618912176,55.59861755371094,4914000
2021-07-13,55.69577058358859,56.17270610513416,55.57211713956078,55.7046012878418,5315100
2021-07-14,55.98722303096275,56.287517471044545,55.642768337471274,56.09320831298828,6923500
2021-07-15,55.96955978520652,56.6761339667038,55.951895009517656,56.63197708129883,5512100
2021-07-16,56.53482583783257,56.923437449088134,56.53482583783257,56.75563049316406,5256000
2021-07-19,57.250233015718415,57.382717161810845,56.02255962288078,56.54365539550781,8164500
2021-07-20,56.7556307876283,57.32972424215339,56.7556307876283,56.88811492919922,7253800
2021-07-21,57.19724205265087,57.250233015718415,56.48183372833295,56.54365539550781,4527900
2021-07-22,56.42001125811995,56.54365796730535,56.04905765371598,56.384681701660156,4920600
2021-07-23,56.64081320630192,57.50637050333839,56.41117782512889,57.31206130981445,5975200
2021-07-26,57.223737854877164,57.49753348349197,57.10892185477951,57.26789474487305,6054500
2021-07-27,57.33855192076225,57.939140859520215,57.15307681681951,57.61235427856445,6916800
2021-07-28,56.42001161971794,57.11775183360506,55.810588559122436,55.99606704711914,9224500
2021-07-29,56.11088329430346,56.47300282886766,55.85475243025463,55.934242248535156,7636500
2021-07-30,55.95189581299502,56.22569478628702,55.75759001605017,55.872406005859375,6402600
2021-08-02,55.96956719032479,56.402345828932596,55.91657622545863,56.04905700683594,5021600
2021-08-03,55.98723570377553,56.16388012660944,55.837090134354604,55.9784049987793,3766900
2021-08-04,56.190370050137936,56.190370050137936,54.36210769854032,54.51225662231445,8212200
2021-08-05,54.7330569885604,54.830211572335635,54.4239284611654,54.635902404785156,5693000
2021-08-06,54.72422588580922,54.85671002891293,54.40626663772967,54.55641555786133,6275200
2021-08-09,54.77721405029297,54.98918461234205,54.671228769268424,54.77721405029297,4784200
2021-08-10,54.741889398167814,55.05101793519763,54.5917438507166,54.794883728027344,5599400
2021-08-11,54.865550204950054,55.448474470662845,54.759564893696535,55.174678802490234,8304200
2021-08-12,55.368972626172216,55.368972626172216,54.95386217669737,55.104007720947266,5403500
2021-08-13,55.29832508985359,56.004899398292345,55.201170490716,55.96073913574219,6595400
2021-08-16,56.08437932047117,56.49065905496935,55.93423378045677,56.25218963623047,6865400
2021-08-17,56.2875229108441,56.63198100683644,56.04022277248091,56.578983306884766,5525600
2021-08-18,56.38467888601459,56.578984698416654,55.56328527000743,55.61627960205078,4412300
2021-08-19,55.56327991121398,56.305183642209194,55.457294626560795,56.24335861206055,5700100
2021-08-20,56.252191102977534,56.375844536416,55.88124091029681,56.0755500793457,4215500
2021-08-23,56.02255812628398,56.11971271492813,55.616278363964575,55.73109436035156,4777800
2021-08-24,55.73992666263548,55.73992666263548,54.84787398543495,54.9803581237793,5829800
2021-08-25,54.98918046381224,54.98918046381224,54.5122450505774,54.64472579956055,5669400
2021-08-26,54.565240422804145,54.65356429849242,54.132465224171334,54.26494598388672,4632800
2021-08-27,54.26494645626625,54.86553533932927,54.15896117372907,54.66239547729492,5779300
2021-08-30,54.556412750865235,54.97152656663448,54.45042746336237,54.9008674621582,4185500
2021-08-31,55.006851893081745,55.086341699773946,54.547577828772525,54.82137680053711,7390000
2021-09-01,55.05101776123047,55.245323565011454,54.7948835548696,55.05101776123047,4335900
2021-09-02,55.201168454374816,55.201168454374816,54.47692939379038,54.688899993896484,4346200
2021-09-03,54.547582808015605,54.68006695433326,53.920498369763855,54.51225662231445,5360700
2021-09-07,54.211974870013066,54.370954535229345,52.94013754828279,53.02846145629883,7789700
2021-09-08,53.15210039010796,53.83217917747819,52.9136309423902,53.752689361572266,7162800
2021-09-09,53.79684816250828,53.79684816250828,53.461224130096554,53.531883239746094,4909300
2021-09-10,53.36407270116316,53.52305233808359,53.08144298424061,53.19626235961914,5596600
2021-09-13,53.514211463848014,54.264945875029916,53.46121713854136,53.67319107055664,7723100
2021-09-14,53.66436177787105,53.85867095208974,53.160927434860504,53.302242279052734,3858500
2021-09-15,53.25807883438642,53.584868760294846,53.04610826539068,53.44355392456055,5385200
2021-09-16,53.54071130101372,53.81451028357296,53.06377581126859,53.620201110839844,7513200
2021-09-17,53.41706161394744,54.07064487374029,53.125601221988695,53.823341369628906,16980400
2021-09-20,53.6732002207101,53.92933444954077,52.98429072033569,53.37290573120117,11213100
2021-09-21,53.602541834503505,53.999990924416736,53.099107443684076,53.18743133544922,7156700
2021-09-22,53.52305049068623,53.84984382708309,53.31107989491667,53.48772430419922,4999000
2021-09-23,53.43473089361467,53.982325539558325,53.39940133730555,53.63787078857422,6197500
2021-09-24,53.337572598707986,53.62020229115301,53.1785929755562,53.31107711791992,6647100
2021-09-27,53.13443647031395,53.47889122173177,52.45435767196076,52.52501678466797,6614000
2021-09-28,52.27771163045442,52.37486622279357,51.412157742032974,51.84493637084961,9139500
2021-09-29,51.74720365925637,52.857849310181656,51.56061261394055,52.46689987182617,7399100
2021-09-30,52.52908614499817,52.689019360619476,51.64056978684465,51.69388198852539,6778300
2021-10-01,51.84493849508528,52.01375880607452,51.24963404317179,51.72054672241211,6266400
2021-10-04,51.720548851769045,52.22700302674451,51.20521100241758,51.59615707397461,8281800
2021-10-05,51.53395683498021,52.520210689129506,51.445106541033304,52.271427154541016,8160900
2021-10-06,52.32472795485593,53.533110748074165,51.84492830647441,53.488685607910156,11222800
2021-10-07,53.364306415339485,53.61308997032895,53.12440653470461,53.2132568359375,7540700
2021-10-08,53.27544656005514,53.3109880322044,52.78676318097753,52.90227127075195,5787700
2021-10-11,53.177705175876866,53.177705175876866,52.72456330329334,52.7956428527832,5266400
2021-10-12,52.982238406182574,53.231021934816106,52.795647370286055,53.01777648925781,6343100
2021-10-13,53.266564171918,53.666397269690776,52.75122298158388,53.275447845458984,5639000
2021-10-14,53.577542181462505,53.96849159543698,53.46203409193175,53.87075424194336,4941500
2021-10-15,53.870754773787176,53.906292856790984,53.09774300093584,53.44426727294922,10518900
2021-10-18,53.213247499077006,53.399835132580215,52.715680476401786,53.0888557434082,4434200
2021-10-19,53.22213462581061,53.22213462581061,52.71568054030447,53.12439727783203,6978000
2021-10-20,53.30209887185233,53.78189513879076,53.18659079396855,53.56865310668945,4228900
2021-10-21,53.46203156107095,53.577539645133626,53.088856290220846,53.453147888183594,5713400
2021-10-22,53.41761751379394,53.835221404089765,53.39984677490669,53.77302551269531,3822600
2021-10-25,53.932945513530754,54.110649469291886,53.417604380765574,53.61307907104492,4979500
2021-10-26,53.59531658763789,54.2705910456059,53.462037752943225,54.0484619140625,3938700
2021-10-27,54.163966815367445,54.163966815367445,53.426499858510894,53.65751266479492,5127600
2021-10-28,53.68417042261891,54.18174093026099,53.506469817209826,54.155086517333984,5106100
2021-10-29,54.12841661712771,54.34166204114814,53.879633113621395,53.96848678588867,5074300
2021-11-01,53.93295351223068,54.510487217331054,53.79967467828823,54.11954116821289,5322600
2021-11-02,54.11065048469202,54.537137952869266,53.63973448467501,54.51936721801758,5385800
2021-11-03,56.020959676127504,56.340826130051774,55.00805149831478,55.390113830566406,7451100
2021-11-04,54.88366282390189,55.46119649643593,54.80369620592994,55.16798782348633,5914100
2021-11-05,55.53228002304994,55.72775473334592,55.21241354780975,55.319034576416016,4609300
2021-11-08,55.34569114943619,55.44342850241878,54.66153306797934,54.98139953613281,4321100
2021-11-09,54.98139925006354,55.407886742242034,54.794808218330644,55.301265716552734,4258400
2021-11-10,55.550049472385126,55.9498825571719,55.381232565217964,55.736637115478516,7044000
2021-11-11,55.69221432946393,55.754410213129646,55.176873134037805,55.5056266784668,3661500
2021-11-12,55.61225377649221,56.13647870274075,55.354583150666926,55.781070709228516,5176500
2021-11-15,55.75440380559307,55.932107762538934,55.54115837937382,55.84325408935547,3503300
2021-11-16,55.90545639076881,56.2875187558133,55.47008520510884,55.5056266784668,6405000
2021-11-17,55.2479579556858,55.47897076150947,55.0613702983565,55.239070892333984,10948900
2021-11-18,55.105788846949544,55.61224293585591,54.96362635514111,55.390113830566406,7297800
2021-11-19,55.62113829448553,55.63890903337279,53.68417181825903,53.77302551269531,10543300
2021-11-22,53.66639365454742,54.51936861272256,53.257673521344955,54.172847747802734,7272400
2021-11-23,54.19950158597857,54.732610081875464,54.09288056468342,54.56379318237305,6544200
2021-11-24,54.55490862291607,54.91031315126437,54.155075562780766,54.48382568359375,5120400
2021-11-26,54.22615712395525,54.56379431941719,53.39095289246647,53.53311538696289,4999800
2021-11-29,53.684160161285156,54.00402661295623,53.213247546003366,53.879634857177734,6253700
2021-11-30,53.68415976131186,53.69304682347048,52.067060169397266,52.36915588378906,10679700
2021-12-01,52.75122081521649,53.0977416892483,51.9870961240585,52.031524658203125,5762300
2021-12-02,52.25365830623263,53.195483658023115,52.138150208390215,52.83119201660156,7525700
2021-12-03,53.13328306311717,53.8174411367469,53.03554571125274,53.54199981689453,7735400
2021-12-06,53.91518488834618,54.83924292003218,53.91518488834618,54.57268524169922,5921100
2021-12-07,54.57267685522216,55.03470580006268,54.39497628287064,54.56379318237305,7717900
2021-12-08,54.49270947042947,54.52824754853351,53.337635501815306,54.09287643432617,6678500
2021-12-09,54.075100913750845,54.261688517608384,53.77300524537266,54.190608978271484,3518600
2021-12-10,54.65264721613942,55.44342973078162,54.288355594765065,55.319034576416016,6999100
2021-12-13,55.35457418716713,56.42967827878969,54.999169640626945,56.12758255004883,9512200
2021-12-14,56.09205388685452,56.358608188874236,55.94989136648255,56.32306671142578,10391100
2021-12-15,56.491878165916155,57.726915503275336,56.39414081298765,57.56698226928711,11735100
2021-12-16,57.460355268219836,58.67762520429419,57.1582629391919,58.36664581298828,10808500
2021-12-17,58.29557378866541,58.69540354109476,57.69138223862851,57.71803665161133,12439900
2021-12-20,57.549199333946305,57.70913254345098,57.21156557114382,57.55808639526367,8996200
2021-12-21,57.46035914249838,57.62917944295105,56.945017957105975,57.14937973022461,6771200
2021-12-22,56.97168547559045,57.709149084106386,56.96279841172586,57.60253143310547,5122900
2021-12-23,57.709140446045346,57.97569809133562,57.56698133970838,57.700260162353516,3943300
2021-12-27,57.70914113632593,58.25113671708132,57.5580949656479,58.21559524536133,3813200
2021-12-28,58.29556632875627,58.71317015563038,58.20671603723561,58.65097427368164,3254900
2021-12-29,58.72205014869635,59.12188662682271,58.55323662929617,58.97084045410156,4753900
2021-12-30,59.14055505411004,59.25667210333156,58.67608004244321,58.729671478271484,5563000
2021-12-31,58.75647584242261,59.3102790816718,58.67608867685092,59.22988510131836,5076700
2022-01-03,58.729663173860445,59.00656130619398,58.13120284246483,58.92617416381836,8978100
2022-01-04,58.944047279241744,59.980193860798295,58.836864401688395,59.35493087768555,7519400
2022-01-05,59.66754496769708,60.703684373120986,59.56035531274479,60.2124137878418,10723200
2022-01-06,60.33748073818423,60.67690451202332,59.819407492760995,60.18562698364258,9204600
2022-01-07,60.08737698395377,60.52506311835604,59.828347152286995,60.337486267089844,6454800
2022-01-10,60.462522597299156,60.58757380065159,59.721142738295846,59.872989654541016,6823800
2022-01-11,60.14095959130042,60.257076617175564,59.17627305166584,60.078433990478516,5295500
2022-01-12,60.00698149105427,60.31960953307683,59.694353449031716,60.17669677734375,5798100
2022-01-13,60.06949264356718,60.53396750639777,59.917645747524354,60.417850494384766,6692100
2022-01-14,60.25708215990409,60.88234504041713,59.91765841204615,60.8287467956543,6337600
2022-01-18,60.07844127631092,60.221354032044,59.53357233959437,60.17669677734375,6739500
2022-01-19,60.34640359223925,60.89127251399819,60.2481480939037,60.38213348388672,7244900
2022-01-20,60.364273821619804,60.90020858342913,60.25708414334585,60.525054931640625,10461100
2022-01-21,60.94487614754385,62.05247562742829,60.91807361535338,61.06099319458008,18880800
2022-01-24,61.28430209166671,61.55227290479586,59.00657062441149,60.391075134277344,13793300
2022-01-25,60.096291099256696,60.12308680980897,59.14053880581196,59.82832717895508,12863000
2022-01-26,59.37279712477486,60.28388562552053,59.06016905171414,59.50678253173828,10027600
2022-01-27,60.03378081984468,61.31109559536395,59.792612548564534,60.266021728515625,12175700
2022-01-28,58.175865300735495,59.43531849557059,57.07720003460058,59.328128814697266,15471000
2022-01-31,59.18520803610265,60.167756125920086,58.693930583804196,59.872989654541016,9657600
2022-02-01,59.837261899000474,60.132028380888194,59.00656069581309,59.56036376953125,6609500
2022-02-02,59.67647995834146,60.784086090135425,59.40851600886585,60.65010070800781,6882100
2022-02-03,60.48931437974979,61.15030024234623,60.25707352513735,60.68582534790039,7276500
2022-02-04,60.39106297599045,60.86447207773235,59.71220871690686,59.86405563354492,7909600
2022-02-07,60.10523664949234,60.52505436700693,59.65862321635429,60.27495193481445,6760900
2022-02-08,60.48932544332383,60.998464492663906,60.21242729107335,60.78409194946289,6590200
2022-02-09,61.168182836671846,61.26643152884643,60.55185407754929,60.70370101928711,5557700
2022-02-10,60.0605800991726,60.64117899789252,59.4531854814747,59.64076232910156,7609200
2022-02-11,59.91767006959535,60.185634086424436,59.44426083989409,59.57823944091797,8130100
2022-02-14,59.79261005407115,59.86406302586688,58.372375758688136,59.078025817871094,7225500
2022-02-15,59.22094467174699,59.6139598635813,58.568886053025594,58.836856842041016,6779000
2022-02-16,58.97976387992753,59.41744309908659,58.238384008346166,58.693931579589844,6103200
2022-02-17,58.57782001090886,59.23880598928714,58.17586382888866,59.00656509399414,7492700
2022-02-18,58.979760494524136,59.42637386409015,58.61354107516518,58.952964782714844,6050500
2022-02-22,59.444243437035105,59.551426286475426,58.7296593051294,59.37278366088867,8937100
2022-02-23,59.53357180167615,59.82833830211128,59.12268826233333,59.20307540893555,7177300
2022-02-24,58.33664610832107,58.83685780165618,56.46980517601469,57.74711990356445,10323900
2022-02-25,58.07760863310025,59.65862402409172,57.97042576915524,59.63182830810547,7561800
2022-02-28,58.56887819540132,58.899374548876786,57.764972750987575,58.48849105834961,7916600
2022-03-01,58.05080983209413,58.46169335653484,57.282634212337186,57.470211029052734,8740800
2022-03-02,57.37196385263227,58.12227113918174,57.14865373165773,57.79177474975586,7452400
2022-03-03,58.149059490483154,58.497417374376724,57.747110182845724,57.97935104370117,6539700
2022-03-04,57.20224814593175,57.398759142795534,56.46086822677475,57.014671325683594,10949600
2022-03-07,56.95214616619988,56.95214616619988,55.54084942312102,55.853477478027344,13768300
2022-03-08,55.799883856810936,56.09464695311162,54.227802651906906,54.30819320678711,13037600
2022-03-09,55.0227744644237,55.45152636547803,54.56723025471491,54.74587631225586,8709400
2022-03-10,54.147413861223235,54.22780441872268,53.3077817997548,53.73653030395508,7342000
2022-03-11,54.04022544138571,54.54936448287037,52.71825008740887,52.80757141113281,9385100
2022-03-14,53.12912911692784,53.97769524981003,52.887957474484075,53.00407791137695,9806700
2022-03-15,53.450697143931485,54.73694263670612,53.22739042180734,54.63868713378906,9677200
2022-03-16,54.89772457587446,55.53191485848301,54.50470596567837,55.33540725708008,12071100
2022-03-17,55.34432955522324,56.07677523011201,54.7905299148563,55.62123107910156,7243600
2022-03-18,54.97811270477322,55.2728792049421,54.442177950235326,54.9423828125,12832900
2022-03-21,54.96917591387289,55.28180391854188,54.567223188305825,54.817325592041016,8934000
2022-03-22,55.09423099058823,55.22821637766385,54.37071603368178,54.995975494384766,7529800
2022-03-23,55.08530036195328,55.43366170930817,54.24566831672058,54.29032897949219,7435600
2022-03-24,54.59402352343638,54.638684183972046,53.861577787003455,54.35285186767578,10921000
2022-03-25,54.48683845743119,55.192488494571535,54.451108565259254,54.951316833496094,6223100
2022-03-28,55.06743527612908,55.21035143222777,54.62082186239694,54.995975494384766,8029500
2022-03-29,55.43366214605572,56.335819807754554,55.43366214605572,56.32688903808594,9902500
2022-03-30,56.272996007007514,56.461619747696865,55.83287051899138,56.362815856933594,6171600
2022-03-31,56.407723718330246,56.704135379776424,56.228080598642336,56.3897590637207,8379600
2022-04-01,56.587367977726444,57.16222323117972,55.868798910909845,57.063419342041016,6898700
2022-04-04,56.91072627863626,57.05444009544463,56.11131795848924,56.62329864501953,6155500
2022-04-05,56.38976321991016,57.27899484338171,56.38976321991016,56.596351623535156,5364800
2022-04-06,56.632275724632684,57.11731111098877,56.33586749502005,56.7759895324707,5389600
2022-04-07,56.713112753076594,56.74904206024254,55.6442415629445,56.48855972290039,7458000
2022-04-08,56.668208255863064,57.11731435919803,56.38976123828863,56.9466552734375,7833600
2022-04-11,57.44965109210058,57.62031360182045,56.8568311812593,56.95563507080078,9693800
2022-04-12,57.5574373004908,57.78199034221916,56.84784886629136,57.18916702270508,7379200
2022-04-13,57.2071239173637,57.55742949312513,56.964606254024424,57.35083770751953,5873500
2022-04-14,57.6203127802433,57.683187358799096,57.19815195873365,57.23408126831055,6651300
2022-04-18,57.144263718549205,57.503546571085124,56.81192613769131,57.0993537902832,5777600
2022-04-19,57.25204857563753,58.83290057978017,57.12629598629216,58.572418212890625,7233700
2022-04-20,58.59935327030852,59.25505109376322,58.59935327030852,59.03948211669922,8234600
2022-04-21,59.14727063115661,59.59637672076723,59.04846674321706,59.13828659057617,6418800
2022-04-22,59.26403966283597,59.44367934865035,58.41971806331595,58.437679290771484,7740700
2022-04-25,58.93169432603508,59.255051218720084,57.95263960851265,59.084388732910156,8913900
2022-04-26,59.15625703526556,59.30895146715831,57.52151107788086,57.52151107788086,9883800
2022-04-27,58.86882896168762,58.97661689371062,57.422706757918405,57.530494689941406,9892400
2022-04-28,57.66522173727074,59.57841815015959,57.58438592688606,59.4796142578125,9786400
2022-04-29,59.246071463095284,59.31793007840203,57.80893342103402,57.91672134399414,10385400
2022-05-02,58.66223849649299,58.81493978359764,56.5783898252572,57.296958923339844,10049400
2022-05-03,57.58438198349953,58.28498637011753,57.16222117289256,58.1053466796875,9538700
2022-05-04,57.95264766616224,59.55147112576466,57.87181185815882,59.452667236328125,8348000
2022-05-05,59.03049981414366,59.34487267594828,58.21312352063721,58.59037780761719,8843800
2022-05-06,58.42869763767271,59.228105828231996,58.159231276732044,59.03948211669922,9037800
2022-05-09,58.74307644021516,59.919732173021494,58.59038201819593,59.53350067138672,11709000
2022-05-10,60.08141480692703,61.01555633743289,59.02152411393148,59.210147857666016,10974900
2022-05-11,58.93169694637344,59.65026937380498,58.77001849284207,58.886783599853516,9728200
2022-05-12,58.958642379036895,59.19217944653138,58.240069949583685,58.994571685791016,8676400
2022-05-13,59.129305167012404,59.6951763323715,58.70714437656999,59.62331771850586,7884200
2022-05-16,59.641294336671784,59.68620083715571,59.102368361155605,59.398773193359375,7955000
2022-05-17,59.40774976951147,59.5065536521024,57.97061173111798,59.03050231933594,10053400
2022-05-18,58.74307394214406,58.78798043639686,54.530456911923565,54.73704528808594,12698500
2022-05-19,54.189143206085966,55.293943791445066,53.57835864120991,54.889747619628906,10834400
2022-05-20,54.98855376885513,55.20412278507786,54.261000629686016,54.961605072021484,14293200
2022-05-23,55.743047051561845,56.066400546155954,55.24902762980538,55.72508239746094,7476200
2022-05-24,55.66220679921689,56.623293504319406,55.47357964782471,56.587364196777344,6505400
2022-05-25,56.41670755153723,56.569401975546,55.4915466877866,56.02149200439453,8517400
2022-05-26,55.958612968283006,56.7939504927618,55.931667701818284,56.13825607299805,5930800
2022-05-27,56.39874458733284,57.2700080871582,56.13826222825591,57.2700080871582,8631200
2022-05-31,57.14425690045155,57.431684518749364,56.23706412265047,57.09036636352539,8767500
2022-06-01,56.991558489163076,57.252040820769935,55.76100887028574,56.50652313232422,7621800
2022-06-02,56.45263613190432,56.641263300421535,55.213105746835026,56.62329864501953,7719200
2022-06-03,56.44364647177155,56.6232895705944,55.76100680793328,56.05741500854492,6221300
2022-06-06,56.32687927760551,56.71311074997953,55.886757272793275,56.093345642089844,4556100
2022-06-07,55.65322269870855,56.89275639630538,55.58136751010977,56.80293655395508,5929700
2022-06-08,56.58736573706111,56.73107954473386,56.14724027370914,56.24604415893555,3861200
2022-06-09,56.084371706701496,56.60533645684363,54.970590434492784,54.997535705566406,7124600
2022-06-10,54.35081526362219,55.069387719125785,53.92865788638234,54.611297607421875,8265400
2022-06-13,54.07236827517571,54.162188113233924,52.967567820305206,53.174156188964844,8704100
2022-06-14,53.46158516438465,53.53344035140719,51.93462389307385,52.518463134765625,7096500
2022-06-15,52.94062563806292,53.78494729583104,52.35678976607375,53.03044891357422,9212300
2022-06-16,52.45558710004154,53.15619142943017,52.08732028249019,52.64421081542969,7999200
2022-06-17,52.743013743274766,53.17415512485925,52.18611979395525,52.81486892700195,11416100
2022-06-21,53.24601699855531,53.96458948455323,52.3567888580646,53.73105239868164,10582700
2022-06-22,53.74901775756606,54.557410101699595,53.5603940194041,54.144229888916016,10349500
2022-06-23,54.377767677093736,55.15023072110836,54.3598030218367,54.826873779296875,6459900
2022-06-24,55.320892591700996,56.32688935189119,55.078374873132255,56.27299880981445,6571600
2022-06-27,55.823886351260164,56.416706231697994,55.76101177503247,56.255027770996094,5213300
2022-06-28,56.470598345480546,56.74904535255988,55.2939425919938,55.43765640258789,6735200
2022-06-29,55.55509219056764,56.33196069775505,55.546060358461496,56.05192565917969,5056600
2022-06-30,55.6273630183176,56.467461278196524,55.56412640706528,56.08806228637695,7291000
2022-07-01,55.60025406561599,57.479192029825626,55.60025406561599,57.21722412109375,9481200
2022-07-05,57.027522345151034,57.090755500436984,55.22085288909891,56.44035339355469,9230900
2022-07-06,56.485520175587396,56.83782017274888,56.133220178425915,56.37712097167969,8540500
2022-07-07,56.2958221102549,56.5758571271064,55.80802051159047,56.34098815917969,9442400
2022-07-08,56.340995045036586,56.75653170539695,56.1512955487987,56.40422821044922,4951700
2022-07-11,56.5035901366224,56.74749094219011,56.02482380307211,56.25968933105469,5223500
2022-07-12,56.657167727835194,57.36176786823734,56.259698154521764,56.51263427734375,5921500
2022-07-13,56.04289319605749,56.59392798894877,55.51895734512844,55.97966003417969,5062800
2022-07-14,55.139555245581796,55.27505339365452,54.43495178099868,54.99502182006836,7261400
2022-07-15,55.672524392689475,55.672524392689475,54.5523877304311,54.86855697631836,6310300
2022-07-18,54.71498693784787,55.11245299752015,54.182019283814135,54.25428771972656,6884800
2022-07-19,54.98599652260135,55.64543061156568,54.742095676663965,55.48283004760742,8699600
2022-07-20,55.826087817124446,55.99772362797171,55.12148780275803,55.50992202758789,6356100
2022-07-21,55.473783689387304,55.73575157894375,55.058250555162296,55.41958236694336,4398700
2022-07-22,55.762853661181495,56.03385339678375,55.591221299354736,55.99772262573242,4779700
2022-07-25,56.06095910521549,57.018491790825884,55.916425674597946,56.69329071044922,6353400
2022-07-26,56.413256265487526,57.000421789985495,55.9796559956287,56.85588836669922,7701100
2022-07-27,56.89202563913544,57.65082701362352,56.268725863857256,57.47919464111328,8297500
2022-07-28,57.4249888173792,58.17475830134225,57.04558988280648,57.99408721923828,5228500
2022-07-29,57.2985287985196,58.21992729680031,57.271429856202204,57.84956359863281,6196400
2022-08-01,57.74116516714285,58.870333792400956,57.73213333435842,58.617401123046875,6121600
2022-08-02,58.86129330249451,58.86129330249451,58.30122329844479,58.49995803833008,5186400
2022-08-03,58.42769627222915,59.0058300040838,58.23799678757975,58.83419418334961,5314000
2022-08-04,58.689663022560886,58.87936250341635,57.8856956024078,58.03926086425781,5672800
2022-08-05,57.94892382959844,57.94892382959844,57.0275219990894,57.605655670166016,5679900
2022-08-08,57.83148892767586,58.346389470763846,57.55145735445705,57.75922393798828,4928700
2022-08-09,57.95796841625146,58.10249841128774,57.65083097746495,57.75019836425781,3475500
2022-08-10,58.10248974469284,58.40962713766659,57.97602343343808,58.23799133300781,3597400
2022-08-11,58.54512472865737,58.80709264117925,57.93085680423646,58.07539367675781,3636300
2022-08-12,58.25605511936623,58.41865564731126,57.62372356174503,57.99408721923828,4838300
2022-08-15,58.165724908316896,59.06002439503342,57.88569333685655,58.87936019897461,4763700
2022-08-16,58.87936145845877,59.900127282631054,58.77095880336627,59.583961486816406,5257200
2022-08-17,59.42136472075441,59.475562605791104,58.9154994153509,59.177467346191406,4194600
2022-08-18,59.14133552913738,59.38523291361278,58.807099143398766,59.21360397338867,3596400
2022-08-19,58.91549915881893,59.31296869241837,58.680630171519454,59.04196548461914,5057100
2022-08-22,58.9425937604777,59.15036379007591,58.0844284854749,58.27412796020508,5429800
2022-08-23,58.02119613824974,58.16572611972743,57.49726031011102,57.56049346923828,5409800
2022-08-24,57.6146887606299,58.42769140707142,57.44305640013606,58.35542297363281,5911400
2022-08-25,58.355432091606566,58.68966847956136,57.876665706089035,58.228965759277344,4375200
2022-08-26,58.31929197890342,58.42769463505031,56.52165767216047,56.66619110107422,7071900
2022-08-29,56.21451971154817,56.77458627805875,55.817053671758174,56.44035339355469,5480900
2022-08-30,56.41326074682286,56.50359285132181,55.68155829496528,55.87125778198242,4850300
2022-08-31,55.97062308625225,56.81975999918824,55.84415676626998,55.88029098510742,9945100
2022-09-01,55.59122578495957,56.02482608609971,55.07632521198385,55.97966003417969,7562500
2022-09-02,56.04289364018954,56.41326078238699,54.543357961298796,54.85952377319336,6262700
2022-09-06,54.97696085688367,54.97696085688367,53.98329043019355,54.20009231567383,8906800
2022-09-07,54.24526215165788,55.56413032958655,54.03749553014441,55.48283004760742,8278100
2022-09-08,55.11245975897277,55.32926164735962,54.29042515233568,55.05826187133789,5605500
2022-09-09,55.40153121948242,55.78093022444327,55.040195880134696,55.40153121948242,6341300
2022-09-12,55.66348392061402,56.40421810787377,55.50991867381677,55.916419982910156,5887200
2022-09-13,55.13052304038624,55.3473249137124,53.85682108021081,54.09169006347656,8652900
2022-09-14,54.30849034203851,54.62465960783506,54.13685796068541,54.416893005371094,6543400
2022-09-15,54.281387641281555,54.41688923809202,53.57678760814415,53.81165313720703,6629600
2022-09-16,53.73035414014346,54.55238868024479,53.64002203743077,54.47108840942383,11923900
2022-09-19,54.47109321850878,54.6156266631788,54.06459182851523,54.54336166381836,7782700
2022-09-20,54.23621869546549,54.40785105577349,53.53161525399625,53.97425079345703,6295200
2022-09-21,54.145883153765034,55.14858526797433,53.965218962261275,53.97425079345703,8873000
2022-09-22,54.08264996526031,54.50721839612752,53.74841707603961,54.01941680908203,7005900
2022-09-23,53.78455072867058,53.97425019521608,52.6282799293607,53.251583099365234,6145400
2022-09-26,53.10705663640978,53.40515534489216,52.483753384762025,52.70958709716797,7200000
2022-09-27,53.016717737649614,53.41418725180455,51.77011820493303,52.01401901245117,7415400
2022-09-28,52.38438786107087,52.808952884304006,51.72495040836093,52.5198860168457,6262700
2022-09-29,52.39712305247781,52.469873241021745,51.187680653754185,51.533233642578125,7336400
2022-09-30,51.36955136910326,51.56051540586652,49.75998991155623,49.86001968383789,14651500
2022-10-03,50.23285803534935,51.433208420252704,49.878206062106095,51.24224090576172,11676200
2022-10-04,51.6878186092919,52.67901723736753,51.59688435563776,52.31527328491211,11281900
2022-10-05,52.01519579748291,52.42440694225755,51.38773755252182,52.051570892333984,4901100
2022-10-06,51.84240849200654,52.13340574069831,50.74208804543512,50.93305206298828,6069700
2022-10-07,50.7875619154574,50.87849965178345,49.96914310204262,50.251041412353516,6753300
2022-10-10,50.50566057182586,50.79665437275253,49.98732764711775,50.578407287597656,6944600
2022-10-11,50.49656388241121,51.615071928966934,50.35106698535322,51.17858123779297,7976200
2022-10-12,51.77874866493386,52.32436454938065,51.47866287706939,51.6787223815918,8280200
2022-10-13,51.014898113545364,52.769956430936816,50.80574653542614,52.451683044433594,10000100
2022-10-14,52.93364219941607,53.03367197164845,51.68782473824874,51.77875900268555,7916400
2022-10-17,52.38802899471168,52.715397892705106,52.14250232121661,52.233436584472656,7340600
2022-10-18,52.851803450508676,53.37923193191253,52.55171758299136,53.06095504760742,6349100
2022-10-19,52.924553625484606,53.27920213649456,52.169785999349514,52.46987533569336,4619000
2022-10-20,52.51533972825226,52.624461540805605,51.642358289985715,51.75148010253906,5723200
2022-10-21,51.45139458769049,52.22434625746112,51.26952258629743,52.15159606933594,9719900
2022-10-24,52.897274784020965,53.45198289679195,52.560813794064266,53.415611267089844,6487800
2022-10-25,53.49744635438439,54.006683791355556,53.2155445811183,53.933937072753906,7080600
2022-10-26,54.415888720559366,55.052438913127716,53.924835417527824,54.47045135498047,6620200
2022-10-27,54.56139047008821,55.18884521168311,54.324959304375874,54.843292236328125,7547500
2022-10-28,55.161564410155265,56.20732575867351,54.943317326762696,56.107295989990234,6263700
2022-10-31,55.67990647669771,56.371019463530466,55.14338592201976,55.90724563598633,6840600
2022-11-01,55.979992092797744,56.634726468949495,55.961804544999076,56.26189041137695,8507500
2022-11-02,59.062698255381214,59.071793762415034,56.38009952104764,56.907527923583984,11491100
2022-11-03,56.46194247000935,56.97118333398389,56.23460335609707,56.38010025024414,8159800
2022-11-04,56.66200296198543,57.544076380070464,56.489223012371106,57.48951721191406,7507300
2022-11-07,57.65320576884763,58.6625920788152,57.62592271390263,58.553466796875,6480100
2022-11-08,58.380679172441724,58.83535738075619,57.26217466517791,58.126060485839844,6772100
2022-11-09,58.06240713251258,58.480710261118915,57.56226178579462,57.64410400390625,5584400
2022-11-10,58.88992916747399,59.26276172660101,57.716858444258534,59.089988708496094,8601500
2022-11-11,59.15363532926587,59.28094466751439,58.162433266801145,58.92629623413086,6384600
2022-11-14,59.10817523565129,59.40826455962154,58.253377865980816,58.28975296020508,5870400
2022-11-15,58.91721109404668,59.099079627018504,58.353407541290316,58.78990173339844,5930900
2022-11-16,59.099077862632335,59.60832222786177,58.81717956359006,59.10817337036133,4711100
2022-11-17,58.480715240137386,58.77170904732725,58.20791244843167,58.60802459716797,5152200
2022-11-18,58.799000544301364,59.19001721837129,58.48072018696226,59.099082946777344,4973200
2022-11-21,59.38099203825491,59.9811638197609,59.153652875685545,59.881134033203125,5824700
2022-11-22,60.244871674062495,60.3721810365352,59.84475257038259,60.29943084716797,4077900
2022-11-23,60.299431618608516,60.65408012401111,60.14484266760533,60.626800537109375,3235800
2022-11-25,60.626797997939256,60.76320286457504,60.46311354554425,60.644989013671875,2212200
2022-11-28,60.63590000916423,60.917798342696734,60.081191913100604,60.1539421081543,3755200
2022-11-29,59.84474536880657,60.13573915341811,59.64468584104131,60.06299591064453,3673500
2022-11-30,59.82658036601607,61.60891873222281,59.6447048565003,61.48160934448242,8415200
2022-12-01,61.61800460307923,62.318206126116856,61.55434991916672,61.918087005615234,5846500
2022-12-02,61.299729627439554,62.16361559258558,61.117854150991946,62.11814498901367,3798400
2022-12-05,61.42703069715809,61.51796495418245,60.97235247419715,61.31790542602539,4190000
2022-12-06,61.545242164691714,61.80895635638252,60.845040780976625,61.19059371948242,4819600
2022-12-07,61.49069281036588,62.57282239420474,61.363383447561304,61.863525390625,7222700
2022-12-08,61.236062672061216,61.90899146952785,61.108753318559835,61.463401794433594,5929800
2022-12-09,61.43613509671036,61.49070121525639,60.87233839518151,60.9814567565918,4819200
2022-12-12,61.23607058189207,61.317916284194595,60.83595839256522,61.27244567871094,6225000
2022-12-13,62.06357912624696,62.29091824392552,60.99053821329058,61.472496032714844,6992100
2022-12-14,61.59981354198982,61.890807373644606,60.73592755553222,61.163326263427734,7986500
2022-12-15,60.872333663810096,61.126952404431414,59.85385176348447,60.37218475341797,7717300
2022-12-16,59.94477816416587,60.37217682458041,59.36279056551101,60.163028717041016,17584900
2022-12-19,60.072085524900125,60.281240563340354,59.53556854368608,59.74471664428711,7117200
2022-12-20,59.81747934519733,60.208502982330266,59.45373529751821,59.881134033203125,5718300
2022-12-21,60.244874667033784,61.1906063622722,60.108469789653576,60.82686233520508,5608500
2022-12-22,60.64498324723555,60.772292593899806,59.990245499911374,60.681358337402344,4856700
2022-12-23,60.735927756242674,61.145135448476935,60.508588607703594,61.017826080322266,3365200
2022-12-27,61.28153658940871,61.47250062999943,61.05419745472835,61.37247085571289,3139400
2022-12-28,61.67256564545359,61.68166115424221,60.74502494638667,60.77230453491211,3499200
2022-12-29,60.85918646302519,61.3988122016207,60.822600602741524,61.25247573852539,3277700
2022-12-30,61.17931274990452,61.270773924648,60.46590581764893,60.95980453491211,4335300
2023-01-03,60.82259711499484,61.005519427884515,59.78907278889422,60.59394073486328,6545300
2023-01-04,60.69454885134767,61.636612001616996,60.60308769678498,61.032962799072266,6086900
2023-01-05,61.27076641571085,61.3988134402672,60.39272668530757,60.53907012939453,5353400
2023-01-06,61.417106026219805,62.432340927575055,61.17930143344171,62.212825775146484,5845500
2023-01-09,61.89270943251885,62.4963656463309,61.48113072531186,61.499420166015625,4132700
2023-01-10,61.29821138377799,61.70979713587153,61.279921940103755,61.563453674316406,3560600
2023-01-11,61.801246643066406,62.02990302504875,61.22503507256494,61.801246643066406,4928700
2023-01-12,61.65490990252099,61.76466049942084,60.8774726249392,61.060401916503906,4945800
2023-01-13,60.904929288080965,61.380538616590755,60.56652220460712,61.33480453491211,4712700
2023-01-17,61.44453830742042,61.737218173715014,61.215881943814075,61.298194885253906,6245300
2023-01-18,61.03296763660263,61.133570029968254,58.92932602473036,59.057373046875,6751700
2023-01-19,58.91103397800003,59.276878609066955,58.30737777626932,58.38969421386719,5933700
2023-01-20,58.316526666249224,58.57262420654297,57.85921386667725,58.57262420654297,7524300
2023-01-23,58.65493988633311,59.24944794900763,58.46286933895332,58.86530685424805,6108900
2023-01-24,58.9018983427676,59.45982059569667,58.31653494543495,59.30432891845703,5025000
2023-01-25,59.3957892167561,59.468953962086324,58.609210635629445,59.45066452026367,4505600
2023-01-26,59.313466753855906,59.313466753855906,58.79213045864912,59.01163864135742,5051500
2023-01-27,58.94761961859759,59.404932437913445,58.59091617777441,59.19457244873047,7141800
2023-01-30,59.25860181883169,59.85310993828535,58.91104655390888,59.30432891845703,7920700
2023-01-31,59.432369108247194,59.88968186631052,59.194564520203365,59.85309600830078,5938700
2023-02-01,60.0543137913701,61.398807417322985,59.85309506450892,61.032962799072266,8004500
2023-02-02,60.5939447120722,61.087843362939104,60.182365992036154,60.96894454956055,6776200
2023-02-03,61.115279877415865,61.16101394680917,59.9262638535827,60.28297424316406,6271300
2023-02-06,60.28296580815507,60.630520961579485,60.045161241055055,60.5207633972168,4852700
2023-02-07,60.072600479399,60.072600479399,58.64578699506875,59.523826599121094,8080500
2023-02-08,59.22200865092547,59.441516844969684,58.92932873285329,59.25859451293945,4792500
2023-02-09,59.61529333793911,59.78907442456575,58.73725365157774,58.80127716064453,4150000
2023-02-10,58.801274407534585,59.98114214341408,58.63664153792259,59.9079704284668,5509500
2023-02-13,60.15492700447926,61.04211501731009,60.15492700447926,60.612239837646484,5588200
2023-02-14,60.72198636674622,60.74028278444191,59.70675150383768,60.05431365966797,5053000
2023-02-15,60.01773308030926,60.09089782340982,59.60614738242654,60.081756591796875,3746400
2023-02-16,59.44151883317058,60.14578448892659,58.92933070392252,60.07261276245117,6419600
2023-02-17,60.15491445116998,61.30734450411002,60.017726212280714,61.1427116394043,7339800
2023-02-21,61.005519842368976,61.22503499297475,60.1366283831812,60.914058685302734,6742100
2023-02-22,60.9780874120114,61.68235303557963,60.4293134446068,60.57565689086914,5358300
2023-02-23,60.74028616073423,60.86833317956651,60.045168788473845,60.4293098449707,4637300
2023-02-24,60.118345354872574,60.164072449263195,59.46895502095221,59.953712463378906,5240300
2023-02-27,60.37443232493191,60.63052635317985,59.92626079745909,60.03601837158203,3328900
2023-02-28,59.85310767394381,60.026881810810785,59.45067013543873,59.61530303955078,5597000
2023-03-01,59.43237485871783,59.43237485871783,58.37140580789654,58.70981979370117,5115900
2023-03-02,58.80127724404598,59.93541096828313,58.600058507253756,59.77992630004883,6635100
2023-03-03,59.697602985040675,60.31954860072813,59.11224322651586,60.100040435791016,5641200
2023-03-06,60.05432331985227,60.43846441678832,59.95371394045856,60.07261276245117,3878900
2023-03-07,60.17321831890868,60.17321831890868,58.89274109910013,59.27688217163086,4850700
2023-03-08,59.17626324997144,59.67016182554687,59.08480210146599,59.53296661376953,3015400
2023-03-09,59.85310493303144,60.09090257849449,58.96591693361325,59.23115921020508,4065900
2023-03-10,59.45981271371878,59.917125517594094,59.21285989192394,59.35920333862305,5744800
2023-03-13,59.468955582512116,61.225042101040316,59.468955582512116,59.94456481933594,11336500
2023-03-14,59.98114420445425,60.721988654145335,59.70675375299287,60.63052749633789,7653600
2023-03-15,60.03601519737546,60.914054809818786,59.514678959423534,60.73113250732422,8512800
2023-03-16,60.71284535021648,61.31650160098802,60.12748551930812,61.225040435791016,7079900
2023-03-17,61.07868767327932,61.197593450135486,60.20979626937229,60.73113250732422,13634200
2023-03-20,60.9597926326071,61.95673110532888,60.9140585651447,61.94758987426758,8081300
2023-03-21,62.02076226484484,62.130519853472705,61.38967531984418,62.039058685302734,8566100
2023-03-22,62.19453642027815,62.58782567970441,61.581738986160666,61.60917663574219,6989600
2023-03-23,61.471985429043286,61.98417352949109,61.279914891375356,61.46283721923828,6043900
2023-03-24,61.71894944256863,63.200638709921485,61.71894944256863,63.1457633972168,7200600
2023-03-27,63.2920987560637,63.79514570697655,63.22807523304212,63.25551986694336,6253800
2023-03-28,63.3012370503267,64.07866741609052,63.25550995706975,63.6487922668457,5725900
2023-03-29,64.05122917510356,64.38049494689766,64.05122917510356,64.3622055053711,4833500
2023-03-30,64.39439046802812,64.57832610763383,63.84259758206544,63.98974609375,7116000
2023-03-31,64.32082545822544,64.39439270019064,63.87938692429697,64.11849975585938,7037300
2023-04-03,63.87938954312295,64.93699674748622,63.41956093395872,64.57833099365234,5755700
2023-04-04,64.48636787764245,64.97378508981741,64.40359507790691,64.8542251586914,4397700
2023-04-05,65.24047179280662,65.84744178257031,65.15769901176876,65.66351318359375,5789300
2023-04-06,65.90263571827758,66.07736580820907,65.16690718075056,65.34164428710938,5024100
2023-04-10,65.03815568531574,65.12092146209469,64.14608711464147,64.86341857910156,4965500
2023-04-11,64.79904464706085,65.05654753716207,64.57832888646375,64.66109466552734,5060100
2023-04-12,64.70706463312447,65.01055311558427,64.38518609858797,64.5691146850586,6794200
2023-04-13,64.65189584731539,64.87261158299724,64.1184930543597,64.78064727783203,5410000
2023-04-14,64.49554577085497,64.7070699775501,64.08170290890214,64.20125579833984,4423600
2023-04-17,64.4127866122496,64.69787807899729,64.10929807359277,64.6151123046875,5178500
2023-04-18,64.57832780269682,64.94619207513678,64.31162638058854,64.83583068847656,3782300
2023-04-19,64.97376311764778,65.04733735554812,64.59670041072759,64.70706176757812,4785100
2023-04-20,64.63349181897341,65.53475875200007,64.63349181897341,65.32323455810547,4808000
2023-04-21,65.5163686814868,65.78307007774443,65.13011439025576,65.5899429321289,4546000
2023-04-24,65.61753928292441,66.11415500885583,65.57156063315502,66.04058074951172,4203400
2023-04-25,66.04057473059872,66.79469327907688,66.00378760427944,66.67514038085938,5980400
2023-04-26,65.94861647191229,66.64755790323285,65.83825508283192,66.51880645751953,5877200
2023-04-27,66.57398894956012,67.95347484908092,66.38086176559858,67.88909912109375,7665100
2023-04-28,69.78357572370923,72.27584553351028,69.60884565213514,70.55609130859375,14861600
2023-05-01,70.37215836506427,71.47575109743411,70.06867685385741,71.01592254638672,6670400
2023-05-02,71.10789170874395,71.52173462637413,70.37216317025991,71.36539459228516,7971900
2023-05-03,71.6320819465003,71.74244331053072,70.50090778499899,70.83197784423828,5957400
2023-05-04,71.19985227667469,71.27342652993839,70.5928822283166,71.0802993774414,5725400
2023-05-05,70.86877708109017,71.39298137110552,70.60207566807505,71.32860565185547,5461000
2023-05-08,71.04351355445782,71.92638356054196,70.77681214380317,71.83441925048828,5676500
2023-05-09,71.64130150345018,71.79764155271705,71.10789861208646,71.6321029663086,3825700
2023-05-10,71.6321029663086,72.08273305625407,71.2826357356365,71.6321029663086,5160400
2023-05-11,71.65968727121394,72.13791294395398,71.13548294837464,72.06433868408203,3679500
2023-05-12,72.10111992076115,72.22987135679962,71.4941428510709,71.62289428710938,5085400
2023-05-15,71.84361290090817,71.97236432951338,71.10788443765556,71.48494720458984,3189500
2023-05-16,71.36539601852841,71.74245883155463,70.74922738967958,71.54933166503906,4389300
2023-05-17,71.54933556798805,71.65968994548669,70.40895554669781,71.02513122558594,4907800
2023-05-18,70.63886346011475,71.09869203520505,70.46413337275096,71.06190490722656,5040200
2023-05-19,71.14468967090272,71.33781686296716,70.57449961593025,70.86878967285156,5806800
2023-05-22,70.88716774358599,71.00672063526135,69.56285933426766,69.77438354492188,5655800
2023-05-23,69.86634961682383,69.89393820664554,69.10303255509832,69.57205963134766,4807400
2023-05-24,69.55367379589094,69.76519804607061,69.11224225458325,69.40653228759766,4553800
2023-05-25,68.92830729066556,69.37894438982715,68.41330148182706,69.13983154296875,5125600
2023-05-26,68.98347956420685,69.2409824240861,68.45927530904501,69.09383392333984,7429000
2023-05-30,68.43168912033644,68.54204348334147,66.44522638912272,66.55558776855469,10882400
2023-05-31,66.64754409811891,67.81550540414206,66.47280702237624,67.51202392578125,13628600
2023-06-01,67.70516716474337,67.80633002041064,67.10738856755346,67.69596862792969,5445200
2023-06-02,67.8430965909654,68.38569789180661,67.59479227798815,68.30292510986328,5672300
2023-06-05,68.28454770856801,68.72598625573038,67.99945621928404,68.32133483886719,6670000
2023-06-06,68.33971700592998,68.56963128143525,67.00621701457015,67.39247131347656,4865100
2023-06-07,66.4820247483227,67.27293056014825,66.24291189403336,66.39006042480469,7789300
2023-06-08,66.22451845365433,67.3189057755535,66.08656846720868,67.21774291992188,4835500
2023-06-09,66.63834903827127,67.3372903612613,66.63834903827127,67.10737609863281,4406800
2023-06-12,67.10738410923517,67.29131273472292,66.40844270281256,66.96023559570312,4934300
2023-06-13,66.73952955581449,67.19015966534809,66.61997663348917,66.87747955322266,3796600
2023-06-14,67.16255992009387,67.53042417997369,66.79469566021403,67.25452423095703,5203900
2023-06-15,67.57641861982833,67.86151012545739,67.30971717218938,67.55802154541016,4908900
2023-06-16,68.18337632051072,68.4316876648445,67.53961916191719,67.65917205810547,10884800
2023-06-20,67.94428280051926,68.2845585474783,67.36490119330351,67.37409973144531,6284000
2023-06-21,67.36488813142003,67.59480242538392,66.7946981564757,67.26372528076172,6778600
2023-06-22,67.37408970512254,68.00864841389927,67.37408970512254,67.81552124023438,6226400
2023-06-23,68.13739495529713,68.15579202751789,67.07979484470212,67.22693634033203,7619000
2023-06-26,67.21773051034482,67.39246759534495,66.5463847921075,67.34648895263672,4951000
2023-06-27,67.58559826482927,68.0270367597333,67.09818112481506,67.99024963378906,6508000
2023-06-28,67.49363555887724,67.78792555698378,66.90505556266419,67.33729553222656,6290100
2023-06-29,66.74098496284526,67.0830522535699,66.47287378279465,66.82418823242188,6453900
2023-06-30,67.10155995530863,67.57305935065153,66.99061518689543,67.43438720703125,8377700
2023-07-03,67.27719324090356,68.04454511879443,67.01832924679937,67.96134185791016,3931700
2023-07-05,67.46211531169224,67.86890570422348,67.14777535741366,67.69324493408203,7448800
2023-07-06,67.18474299513272,67.55455172488331,66.694749425957,67.37889099121094,6781100
2023-07-07,67.26795110472449,67.2771912088671,66.5190865118105,66.56531524658203,6720300
2023-07-10,66.92587940385947,67.49908329110448,66.5745649879115,66.65776824951172,5702900
2023-07-11,66.56532425626587,66.63004026159662,65.16005940329156,65.53910827636719,8284000
2023-07-12,65.89966774503654,66.39890850716746,65.59457499259287,66.01061248779297,8454700
2023-07-13,65.96437784146559,66.50060013649913,65.82569868881696,66.40814971923828,5582900
2023-07-14,66.53758978808165,66.87041697341927,66.19551544384144,66.82418823242188,4556800
2023-07-17,66.61157005000881,67.13854538647051,66.46364368366014,66.50987243652344,5824400
2023-07-18,66.28795951753155,66.94437371989167,66.01985541669868,66.65776824951172,5777600
2023-07-19,66.73174518753189,67.75796128028347,66.57457873637586,67.68399810791016,6206000
2023-07-20,67.95210654633675,68.46059451877018,67.93361928075556,68.30342102050781,7003100
2023-07-21,68.28492927667814,68.83963890344373,68.08153410104379,68.3958740234375,22069200
2023-07-24,68.51604945872215,68.82114218024148,68.47906788155181,68.71019744873047,6224000
2023-07-25,68.71944842844212,68.80265169156702,68.39586842709805,68.78416442871094,6928500
2023-07-26,68.50679603099039,68.75641989066479,67.89661769731269,68.1092529296875,5676000
2023-07-27,68.0722905334423,68.41436489719402,66.76872319444568,66.89815521240234,6446700
2023-07-28,70.15244648313205,70.97526721075826,69.02454007535758,69.3758544921875,10226400
2023-07-31,69.25566845988612,69.38510045614943,68.14624228025303,68.53453826904297,6476100
2023-08-01,68.64550274119482,69.03379884163431,68.34040992505659,68.73795318603516,5080300
2023-08-02,68.51605948123121,69.90283708716058,68.5068123222073,69.66246032714844,7211600
2023-08-03,69.4313414772246,69.97681108784795,69.41285420982977,69.60700225830078,7102500
2023-08-04,69.5792435252126,69.9028234929655,68.24793502529864,68.34038543701172,5070800
2023-08-07,68.54378701390186,68.88586132824045,68.39586775196824,68.65473175048828,2892100
2023-08-08,68.6085072795588,68.71020486437442,67.73021765089511,67.85964965820312,4870500
2023-08-09,67.78568214856372,68.52529961733144,67.69323172834649,68.22945404052734,5487300
2023-08-10,68.42360586100784,69.0615187335994,68.07228436963753,68.1554946899414,4137800
2023-08-11,68.32191119138666,68.68247280321457,68.12776317374976,68.38662719726562,3611500
2023-08-14,68.5068190033933,68.58078217576661,67.57305334935019,67.68399810791016,6063900
2023-08-15,67.39739217461789,67.4621081799049,66.76871938603746,66.82418823242188,4874800
2023-08-16,66.81494164748581,67.23097915948954,66.4358927714102,66.5283432006836,4065500
2023-08-17,66.55608456978464,66.73174534119667,65.78873957857267,65.82571411132812,4446400
2023-08-18,65.79796790777746,66.01061022740029,65.61306706303029,65.760986328125,5330500
2023-08-21,65.72401737838844,65.86269656535578,65.2525180176225,65.39119720458984,4787200
2023-08-22,65.31722890651548,65.50212977228765,64.81798810471157,64.91043853759766,4685400
2023-08-23,65.17854079190934,66.14928783787566,65.10457763433735,66.0845718383789,5603900
2023-08-24,66.15852812654923,66.72248486095398,65.46513939279077,65.50212097167969,4736900
2023-08-25,65.69627513827014,66.39891109609296,65.56684312676535,66.10306549072266,3890200
2023-08-28,66.49136694263656,66.50986126208157,65.78873798108249,66.14929962158203,3577000
2023-08-29,66.38041741515194,66.39890467778747,65.5298552101039,66.0845718383789,6201300
2023-08-30,66.2232392232113,66.56531351247114,66.06607281470586,66.16777038574219,3883800
2023-08-31,66.04759339525043,66.21400698093056,65.55759979672432,65.88117980957031,7116600
2023-09-01,66.32494592749607,66.32494592749607,64.19855790736521,64.4296875,7284400
2023-09-05,64.33724370579706,64.46668279444069,63.81026840463343,64.30950927734375,6517300
2023-09-06,64.29100833371605,64.49440350379713,64.02289715983784,64.4296875,4784100
2023-09-07,64.68855128311219,65.10458172695611,64.40195284639817,64.7162857055664,6177900
2023-09-08,64.70704743261184,64.7162945925382,64.01365856197751,64.54988098144531,6838500
2023-09-11,64.83648675707961,66.16779579570714,64.60535710751329,65.98289489746094,6503900
2023-09-12,65.98287163512722,66.04758763204943,65.58532849588673,65.6962661743164,4834500
2023-09-13,65.55760582092955,66.00137072117805,65.45590822847346,65.90892028808594,4026600
2023-09-14,66.10306002187627,67.07380708136579,65.98287517928372,66.91663360595703,5183200
2023-09-15,66.84269970729056,67.21250151612747,66.41741493079684,66.50987243652344,9339800
2023-09-18,66.91664432806404,66.91664432806404,66.04760176254166,66.43589782714844,3915000
2023-09-19,66.3156998392305,66.3156998392305,65.78872469770819,66.1123046875,4048700
2023-09-20,66.32494095897599,66.63928084923955,65.82570022986201,66.23249053955078,3845800
2023-09-21,66.02909544151007,66.38041691054892,65.3264666104621,65.37268829345703,4773400
2023-09-22,65.37269458734815,65.69627461352553,65.03986740227555,65.11383056640625,5976200
2023-09-25,65.01213028240066,65.07684628495171,64.06912466615455,64.44817352294922,4516700
2023-09-26,64.28176326163567,65.5853375920978,64.21704725573785,65.2432632446289,9672000
2023-09-27,65.44664868177856,65.60381509363927,64.38345126866484,64.70703125,10621700
2023-09-28,64.93492637626927,65.15817146398652,64.48845039405036,64.54425811767578,6688800
2023-09-29,64.73028516392722,65.09305663809151,64.27450555305451,64.55355834960938,5562800
2023-10-02,64.36752496899139,64.45124365204089,63.28853541852148,63.70710754394531,4929100
2023-10-03,63.47456707573166,63.49317438191385,62.665326672006564,62.8792610168457,7959500
2023-10-04,63.056006056533114,63.99547647929678,62.674634275267245,63.883853912353516,5757700
2023-10-05,63.56758959175003,63.58619690006171,60.47943639663039,60.52594757080078,7626600
2023-10-06,59.8841229463517,59.91203390540598,56.91689277999142,58.93535614013672,19041700
2023-10-09,59.34463054813704,59.89342900420871,58.330748774997986,59.31672668457031,8349300
2023-10-10,59.902725381704954,59.995740614498985,58.87954007945222,59.18649673461914,9107700
2023-10-11,59.24230953940576,59.49345494746844,58.3493504540522,58.50748062133789,5996400
2023-10-12,58.386558254643816,58.4516696331663,56.50762128568545,56.77737045288086,8044800
2023-10-13,56.80527090621216,57.623818463471736,56.61923688661173,57.23314666748047,7316600
2023-10-16,57.54940720753805,58.55398885022856,57.512203239823016,58.247032165527344,7588900
2023-10-17,58.09820537979958,59.149294638477976,58.0609978639534,59.102787017822266,7935800
2023-10-18,59.26091332824596,60.098064688893174,59.25161322348499,59.670188903808594,7677000
2023-10-19,59.60507881876861,60.43292654431194,59.35393340512557,59.72599792480469,8736200
2023-10-20,59.846914291979125,60.48873150246251,59.605076090974556,59.62367630004883,9887000
2023-10-23,59.45625118876159,60.144579626543084,59.21440941847749,59.521366119384766,5162100
2023-10-24,59.71669296443347,61.13055017250087,59.679492545396734,60.9724235534668,7711000
2023-10-25,60.814285607291055,61.46540644086657,60.50733604363898,61.10264205932617,6916700
2023-10-26,61.28868296603942,61.74446265954061,60.82359961853776,61.06544494628906,6808900
2023-10-27,60.73988007827404,61.437505008285115,60.33060451508639,60.470130920410156,6251600
2023-10-30,60.85150401174814,61.54912903905173,60.71197758696567,61.37240219116211,6471700
2023-10-31,61.40029993040928,61.69795296182863,60.76778635156717,61.58633041381836,5575200
2023-11-01,61.80957568811601,62.563015556799904,61.61424152856357,62.15373992919922,7991300
2023-11-02,63.71640630717556,64.0140593082499,62.479283138463614,63.223419189453125,10467800
2023-11-03,63.8559419761167,64.26521047664284,63.56758548876816,64.01406860351562,9269400
2023-11-06,63.939646875198484,64.38612994320889,63.41875587635937,63.47456359863281,5600600
2023-11-07,63.855937604207575,64.02336787369869,63.325742933587044,63.70710754394531,8028600
2023-11-08,63.95826552262174,64.51636413415137,63.95826552262174,64.20010375976562,6608800
2023-11-09,64.24660574678784,64.51635490805052,64.00476044761993,64.12568664550781,7639100
2023-11-10,64.33032885544607,64.46984817551858,63.59549635109471,64.29312133789062,7076700
2023-11-13,64.20939944406842,64.88842418649558,64.14428806574867,64.4605484008789,6178700
2023-11-14,64.9628284769232,65.33489651642397,64.75819779697501,65.20467376708984,7502900
2023-11-15,64.86980671342509,65.75346910539339,64.86980671342509,65.10234832763672,7262100
2023-11-16,65.567443547642,66.01392665109232,65.40001327092416,65.68836975097656,6440200
2023-11-17,66.04183420891881,66.04183420891881,65.3070016809167,65.69766998291016,5427800
2023-11-20,65.29769011692244,66.16274530746304,65.1767710180798,65.95811462402344,5778200
2023-11-21,66.04181987448104,66.45109539532164,65.95810829791293,66.013916015625,6057500
2023-11-22,66.33947776052193,66.73944965906776,66.19995135933478,66.49760437011719,3647100
2023-11-24,66.63713811328947,66.86037612182044,66.45110762228173,66.61853790283203,2067700
2023-11-27,66.97199527763128,67.07431417147852,66.24646646424755,66.48831176757812,7100000
2023-11-28,66.55343317163363,66.79527141478759,66.26507665616691,66.44181060791016,5967700
2023-11-29,66.27437542186955,66.42320549585565,65.37211261400216,65.52094268798828,5163600
2023-11-30,65.37211967309946,66.12555248833888,65.05586637664167,66.09764862060547,9089900
2023-12-01,65.92090844573364,66.09763527122249,65.3348989552479,65.87439727783203,5266200
2023-12-04,65.46511640249891,66.43249042424763,65.43721254266312,66.2464599609375,6118900
2023-12-05,66.09764721281104,66.27438116683753,65.4372296696188,65.74418640136719,3992400
2023-12-06,66.0418352797796,66.3952960687514,65.6697671828253,66.31158447265625,6123300
2023-12-07,66.38599965090013,66.94409824920025,65.9023089948603,66.60923767089844,6082700
2023-12-08,66.5069210814273,66.77667028425972,66.08834889228567,66.12554931640625,5321900
2023-12-11,66.83246378106948,67.93006057066044,66.60922580085312,66.73944854736328,6648300
2023-12-12,67.30686322479136,67.32546343635124,66.5720306775228,67.22314453125,5850100
2023-12-13,67.25106089404663,68.13471649458178,67.1952460616673,68.0044937133789,5504100
2023-12-14,67.93006923087232,67.93006923087232,65.6418601262669,65.76277923583984,8149600
2023-12-15,65.49303715268546,66.10694345069747,65.14887293782783,65.76277923583984,15088700
2023-12-18,66.28368623317706,66.5069242716537,65.66977275660473,66.09764862060547,5243900
2023-12-19,65.90229557060603,66.3952826836268,65.81858399138692,66.08833312988281,5096700
2023-12-20,65.45582316750286,65.77207639049493,64.40473041631802,64.48844909667969,9276100
2023-12-21,64.75819147335889,65.55813519635862,64.6465689434263,65.5395278930664,5538100
2023-12-22,65.88369899182048,66.5720202575388,65.80928396401103,66.2371597290039,4109000
2023-12-26,66.22785308017035,66.87897389913432,66.04182261567055,66.70223999023438,4002900
2023-12-27,66.75805989770761,67.21384668317367,66.54412553413742,67.1673355102539,4061500
2023-12-28,67.16265177749953,67.6959854591351,67.07844457764176,67.61177825927734,4095300
2023-12-29,67.49948968887104,67.97668520075138,67.47142062439973,67.77083587646484,4658600
2024-01-02,67.71471445692363,69.20243234999644,67.71471445692363,69.09014892578125,6321800
2024-01-03,69.57669133781488,69.64218820603098,68.49130650609281,68.566162109375,5610000
2024-01-04,68.38838183623561,69.10885452523604,68.34160243815167,68.566162109375,5218700
2024-01-05,68.36031289138282,68.71587343829472,67.92990387967869,68.38838195800781,3733200
2024-01-08,68.3977443454447,69.08078927049401,68.3977443454447,68.968505859375,5596700
2024-01-09,68.38837752670914,69.02463583726717,67.96732727737016,68.99656677246094,5078800
2024-01-10,68.95914138290692,69.02463824928446,68.13575118578608,68.3790283203125,4675800
2024-01-11,68.1638245071854,68.36031511858532,67.6304908080646,68.09832763671875,5221500
2024-01-12,68.49130659463853,68.65972813292957,68.04218725161124,68.41645812988281,4494000
2024-01-16,68.30417846814112,68.52873815196149,67.88312816864999,68.16382598876953,6040900
2024-01-17,68.0234747161091,68.66909184949726,67.88312937287148,68.58488464355469,4650700
2024-01-18,68.64100564619079,68.64100564619079,67.97667834574634,68.21995544433594,5121600
2024-01-19,68.26675066440046,68.42581347633056,67.7614860218369,68.16382598876953,6427700
2024-01-22,68.10768411991202,68.74394247138673,67.97669038331045,68.41645812988281,5210200
2024-01-23,68.5380893478852,69.81060598058764,68.4819512177616,69.62347412109375,6295100
2024-01-24,69.40827755684006,69.61412691956028,69.0714344430477,69.19306945800781,6612800
2024-01-25,69.51119676678779,69.81997078656369,69.13692587663125,69.70768737792969,5003800
2024-01-26,69.80126149396571,70.54980336198048,69.50184617448465,70.30652618408203,9517300
2024-01-29,70.42816278866084,70.94278622683032,70.17553400722959,70.8492202758789,9821900
2024-01-30,70.75564983121772,71.58839887745877,70.50301392720696,71.42932891845703,10329200
2024-01-31,69.03400222237627,71.12990924411746,68.84687034384751,70.42815399169922,19236200
2024-02-01,69.98838508392404,71.66323447291157,69.29598151030456,71.616455078125,9887200
2024-02-02,71.95330863168128,72.23400645723507,71.17669775093064,71.92523956298828,8314800
2024-02-05,71.54159963088489,71.75680769094939,70.38136641384098,70.48429107666016,8487700
2024-02-06,70.46558485457989,70.62465481072172,69.77318830761294,70.4094467163086,6191700
2024-02-07,70.69950526492693,70.90535462919311,69.76383152817088,69.81997680664062,6067800
2024-02-08,69.79188831933608,70.34393943898218,69.65154299441345,69.95095825195312,4848800
2024-02-09,69.66089498469287,69.68897118845918,68.1451083579645,68.4632339477539,7424900
2024-02-12,68.36967086263847,68.91236327340285,68.16382152485728,68.77201080322266,5776400
2024-02-13,68.8842888924397,69.1182072784847,66.97551400567767,67.34978485107422,8809200
2024-02-14,67.1252188743362,67.58370405635034,66.40475337757823,66.81645202636719,7769400
2024-02-15,66.90066876793749,67.34979527968173,66.84453063095336,67.00359344482422,5890400
2024-02-16,66.9567965371654,67.44335077776769,66.48895976507538,67.34978485107422,7077700
2024-02-20,67.84569811667353,68.65972962053127,67.6024209697326,68.4819564819336,7733400
2024-02-21,68.88428996070718,69.16498774514073,68.69715096579542,69.0527114868164,7316400
2024-02-22,68.42579959565852,69.56732239299991,68.30416461214361,69.3614730834961,7953300
2024-02-23,69.2772684981134,70.21294202109394,69.22113037109375,69.22113037109375,6732600
2024-02-26,69.1462848799752,69.27727862124411,68.4351708997843,68.57552337646484,7264100
2024-02-27,68.55679786408724,68.97785524473984,68.3135278809077,68.4258041381836,8864100
2024-02-28,68.5380946163725,68.81879956581383,68.23867933499267,68.4819564819336,4628000
2024-02-29,68.88429036900189,69.09949129114754,67.99539619980347,68.36966705322266,9569500
2024-03-01,68.17317684172342,68.27610150545351,67.51820819855268,67.7146987915039,5652800
2024-03-04,67.36850465258622,67.6492096107548,66.71353593502442,66.91002655029297,7258200
2024-03-05,66.64803849964271,67.19072380162301,66.12405639140081,66.28311920166016,8569500
2024-03-06,66.36732244593112,67.22814036310804,66.36732244593112,67.012939453125,5228900
2024-03-07,67.19072420163158,67.35914574838637,66.36733393895466,66.43283081054688,8339400
2024-03-08,66.17084077378988,67.59306156152931,65.84335642845086,67.2281494140625,7227600
2024-03-11,67.2749305528638,67.92054045654672,67.26557181842702,67.74276733398438,5065300
2024-03-12,67.56498130191828,67.7240440806439,66.9942199066114,67.12521362304688,5862300
2024-03-13,67.4246299951416,67.59305151036051,66.81644793221655,66.89129638671875,6781100
2024-03-14,66.807092012486,66.91001667271199,65.95562566672962,66.39539337158203,7898500
2024-03-15,66.4328319967425,66.4889701337886,65.62815205217093,66.19891357421875,16858300
2024-03-18,66.43282858715291,66.99423134467179,66.26440704603492,66.72288513183594,8754500
2024-03-19,67.05037299968998,67.78019725894846,66.95679992963287,67.6024169921875,9590900
2024-03-20,67.64920425309225,67.90183298453744,66.70417191663438,67.24686431884766,6713900
2024-03-21,67.36851180527579,67.70535493539212,66.91003365430471,67.56500244140625,5859200
2024-03-22,67.61177360636044,68.02346511948308,67.3217099478022,67.74276733398438,6006000
2024-03-25,67.96732943258971,67.98604690213591,66.28311410458237,66.29247283935547,6786800
2024-03-26,66.14277335252812,66.26440835850231,65.2070996919231,65.53458404541016,11413100
2024-03-27,65.94408491684558,66.22649637644783,65.73697887048128,65.99114990234375,7119600
2024-03-28,66.33947099124613,66.4430240233595,65.73698454015289,65.89701843261719,9931100
2024-04-01,66.03821379258162,66.03821379258162,65.05917172116072,65.67107391357422,8426000
2024-04-02,65.70873526873726,65.92524999241998,65.05917673328095,65.20038604736328,6886100
2024-04-03,64.93680182048553,65.04034766070667,63.910687466143095,63.986000061035156,8755200
2024-04-04,64.53201191921217,64.64497364040632,63.93893415412262,64.2119369506836,13595000
2024-04-05,63.97658135106397,64.419033848658,63.67533816707289,64.00482177734375,10258400
2024-04-08,64.01423581849579,64.31547899388292,63.57178333353887,63.63768005371094,8835200
2024-04-09,63.94834301326878,63.98599931027299,63.39292161021212,63.8824462890625,8120000
2024-04-10,63.364684624777325,63.562374808134095,62.43271456546553,62.77161407470703,6858500
2024-04-11,62.93164608495409,63.3082018820316,62.32915968251185,62.86574935913086,11259600
2024-04-12,62.47037726462054,62.8186926798606,62.140893591936916,62.781036376953125,7433500
2024-04-15,63.32703269971991,63.430585733707474,61.397195720017066,62.009098052978516,10783500
2024-04-16,62.16912886882932,62.27268189768745,61.6607795950362,62.112648010253906,8581200
2024-04-17,62.34799678375856,62.75279304353873,62.13147484760425,62.6115837097168,6755500
2024-04-18,62.75278943049842,63.383516278756055,62.649236403804814,63.23289108276367,8695700
2024-04-19,63.46823924550302,64.16487002210776,63.15758015719589,64.1177978515625,11020800
2024-04-22,64.25900329353807,65.36042306849856,64.2307628658013,65.34159851074219,10426900
2024-04-23,65.19097889607029,66.63129829148048,65.17215433670373,66.60305786132812,15893900
2024-04-24,65.81228414328079,67.34674039811364,65.76521198081572,67.13021850585938,16596900
2024-04-25,67.1114083514728,67.30909854828145,66.44302515782302,66.65013122558594,10654100
2024-04-26,66.1888414232572,66.97019345688385,66.12294469645764,66.47126007080078,7145100
2024-04-29,66.60305999467653,67.63858316592656,66.59364412358913,67.61975860595703,8544800
2024-04-30,67.80803367202195,68.3822797171095,67.610343470268,67.72331237792969,11058400
2024-05-01,67.55385242351606,67.63857370483623,65.40749377695388,66.54656982421875,11297500
2024-05-02,66.70659813083252,67.08315388596507,66.32062650671566,66.3676986694336,7423100
2024-05-03,66.53715272082378,66.59363357399006,65.26628324915379,65.79345703125,8093500
2024-05-06,65.96289388363849,66.01937472576826,65.20978247162878,65.83110046386719,5653400
2024-05-07,66.21708288792904,66.78192019185644,65.93467141817001,66.73484802246094,4316400
2024-05-08,66.73484788342041,66.89488176750424,66.02880843718685,66.30181121826172,6514900
2024-05-09,66.49950110639016,66.49950110639016,65.8217020918595,66.08528900146484,5201700
2024-05-10,65.94408433767411,67.11140082796086,65.8593558729945,67.02667236328125,5363900
2024-05-13,67.29025378726067,67.72329035248727,67.03607562323882,67.55384063720703,5541500
2024-05-14,67.77979444016228,67.83627530389,67.1019953466078,67.71389770507812,4924700
2024-05-15,67.74211829359491,67.88332759375596,67.10197569077437,67.1490478515625,5926100
2024-05-16,67.14906870985746,67.80803607236412,67.13023696681122,67.70448303222656,5330100
2024-05-17,67.67624270016562,67.75155530805101,66.98903490427666,67.054931640625,5827800
2024-05-20,67.09257772069853,67.18672206739002,66.10412672028531,66.15119171142578,4955200
2024-05-21,66.47126126555374,66.7348481774897,65.90643114251887,66.5183334350586,4251900
2024-05-22,65.95349315730483,66.25473635482675,65.29452590716448,66.10411834716797,5372100
2024-05-23,65.64284685775273,65.89701790951925,64.76735761823805,64.81442260742188,4526800
2024-05-24,64.68261819522286,65.21920782006598,64.24016571501464,64.2966537475586,3723600
2024-05-28,63.948346991162786,64.36255910177074,63.185826680456984,63.60944747924805,6177700
2024-05-29,63.06344649923297,63.336449302700416,62.73396283373958,63.00696563720703,5173300
2024-05-30,63.24231093299638,63.957766294575556,63.10110159841817,63.91069412231445,5823300
2024-05-31,63.60943882027863,64.5320000731731,63.383508237159,64.51316833496094,7977100
2024-06-03,64.26841325332575,64.40962257700885,63.27054648178639,63.402339935302734,6077900
2024-06-04,63.47764993278854,64.42845167896746,63.01637286437084,64.09896087646484,5178600
2024-06-05,63.88244965162506,64.24958958898574,63.19523476398307,63.995418548583984,5103000
2024-06-06,63.83537636199127,64.74852184532018,63.63768618243623,64.19310760498047,4769400
2024-06-07,63.88245272574846,64.38138614246836,63.684762533210666,63.83538055419922,4189100
2024-06-10,63.46823973378666,63.873035984093725,62.56451007356262,63.35527801513672,6263400
2024-06-11,63.110509109580704,63.684755060516025,62.8845785135058,63.618858337402344,3807700
2024-06-12,63.618859268617506,63.71299641984296,62.131467859760875,62.22560501098633,6274300
2024-06-13,62.03733070853542,62.48919190729929,61.68901534857656,62.22560501098633,7197000
2024-06-14,62.22561138585458,62.27268355739187,61.670197109180535,61.990264892578125,5029100
2024-06-17,61.88670455217854,62.5362630952147,61.53839637987556,62.20677947998047,5837600
2024-06-18,61.94320330308916,62.49861761024793,61.8584748261126,62.29151153564453,3795100
2024-06-20,62.131473089925684,62.64923823855701,62.05616048972388,62.18795394897461,5817500
2024-06-21,62.57392740855061,63.2799668954552,62.338580912915745,62.6115837097168,11563900
2024-06-24,62.950470885692354,64.50375170632935,62.84691787335607,64.40961456298828,10297100
2024-06-25,64.40962898320696,64.8991537297027,63.57179601014858,63.87303924560547,6501600
2024-06-26,63.298785483095294,63.43057893364053,62.67747452798265,62.73395538330078,5372400
2024-06-27,63.09168086718813,63.13875303582298,62.526850754592715,62.6963005065918,4751600
2024-06-28,62.6726223839233,62.77684047244243,61.59255058320855,61.99994659423828,10899600
2024-07-01,62.3978657042726,63.174759575529926,61.7915098646733,61.810455322265625,6769800
2024-07-02,61.76308632225696,62.59682377110972,61.67781369466694,62.55892562866211,9997100
2024-07-03,62.39786733779548,62.90000510295308,62.23680564488304,62.852630615234375,3462500
2024-07-05,62.82420335970404,63.53477724380263,62.50208000184506,63.458988189697266,6198200
2024-07-08,62.95683578630561,63.33580992529082,62.464174465456175,62.68208694458008,7929800
2024-07-09,62.41681116186492,62.56840373593063,61.7915098646733,61.810455322265625,5389900
2024-07-10,61.88625356476399,62.502085766784234,61.79151181714518,62.46418762207031,6904200
2024-07-11,62.24627105111965,62.3410200209119,61.497806233747944,61.88624954223633,7454000
2024-07-12,62.09468658794218,62.49260624469931,61.84835227399801,61.92414855957031,8426600
2024-07-15,61.86730786426355,61.86730786426355,60.881977790556704,60.96724319458008,7712200
2024-07-16,60.8440798124246,62.416813060368696,60.806181667755446,62.36944580078125,7576700
2024-07-17,62.6347208260445,63.92322873356496,62.6347208260445,63.59162902832031,7404200
2024-07-18,63.18423247840684,64.78538739189283,63.00421811358769,63.402137756347656,5688200
2024-07-19,63.496887896804324,63.71480043190756,62.66315035952324,62.956851959228516,5012600
2024-07-22,63.62953228971135,63.72427403764249,62.61577317901885,63.04212188720703,4325800
2024-07-23,62.881054069346476,63.13685748668286,62.378909120380946,62.53997802734375,3431100
2024-07-24,62.59682298387462,63.14633519995682,61.93362357021091,62.90947723388672,5401400
2024-07-25,63.23160507086391,64.1695678872475,62.80526359311282,62.90000534057617,6593700
2024-07-26,62.53049759229534,63.28844590898884,62.445232201541025,62.92841720581055,5778500
2024-07-29,62.72946381856534,63.951651809434324,62.60630027653914,63.57267761230469,6616800
2024-07-30,63.28846014704047,63.74322345670032,62.80526780573596,63.52531814575195,7697900
2024-07-31,64.89908950680847,65.9696850234803,64.33063177431309,64.75697326660156,11087900
2024-08-01,64.093769142601,65.06962283792073,63.85691116885032,64.71907043457031,8359500
2024-08-02,66.23497335194949,67.13503084379823,65.07910517701454,66.96449279785156,10308900
2024-08-05,68.9635618753023,69.55097219593668,65.34437267343145,65.38227081298828,10618800
2024-08-06,65.16436873247733,66.11180068782787,64.82329265028456,64.86119079589844,7453100
2024-08-07,65.18331071641857,66.11178983234079,64.99382001946333,65.77071380615234,6031100
2024-08-08,65.41070426111268,66.79395407382319,65.41070426111268,66.58551788330078,6236900
2024-08-09,66.45287419986602,66.74657578159909,65.10752261010126,66.0549545288086,5609400
2024-08-12,66.13074538736916,66.3391743205727,65.50543690276463,65.63807678222656,5429500
2024-08-13,65.9033611415898,66.76552764660794,65.77072125286881,66.6423568725586,4958800
2024-08-14,66.95500796053257,68.1392977881704,66.75604813688919,67.45714569091797,7575400
2024-08-15,67.37188815542356,67.58032434594597,66.37708169277838,66.58551788330078,5534700
2024-08-16,66.68973288364506,66.73710737141336,66.06443156942895,66.43392944335938,5130900
2024-08-19,66.74657218421336,67.26766260275036,66.3960270193171,67.16344451904297,3934900
2024-08-20,66.9076497961401,67.56137295456165,66.75605720800428,67.24872589111328,3817000
2024-08-21,67.48557463768773,68.06350142281731,67.19186584552021,67.3624038696289,3845800
2024-08-22,67.5045252067304,67.55189969469951,66.8981693480523,67.10660552978516,3630300
2024-08-23,67.44768229923632,67.55190039117726,67.00238812973086,67.48558044433594,4586600
2024-08-26,67.741379339826,68.34773516404184,67.54241951266127,67.63716125488281,3516800
2024-08-27,67.94034204631146,68.08245827983248,67.41925882784356,67.50452423095703,4236000
2024-08-28,67.50452423095703,67.8361239569515,67.33398619639819,67.50452423095703,3363500
2024-08-29,67.63715732408913,67.63715732408913,66.7749981231471,67.01185607910156,5462600
2024-08-30,67.19186617393244,68.19614886673953,66.92658640809597,68.03507995605469,6158200
2024-09-03,68.15824851748182,68.61301175037973,67.68453260001993,68.45195007324219,7366700
2024-09-04,68.66986569627684,71.70164481447229,68.66038935356423,71.31319427490234,9422000
2024-09-05,71.31320176588562,71.74902683646764,70.60262778276135,71.12371826171875,7607800
2024-09-06,71.26583170191076,71.94798385542171,71.11423912187185,71.3510971069336,8019900
2024-09-09,71.15213038616136,72.04271863693602,70.9342251088429,71.73006439208984,8018300
2024-09-10,71.85322534248104,72.06166149820518,70.98158980793566,71.18054962158203,4770100
2024-09-11,71.24687449028784,71.24687449028784,69.8636248127785,70.44155883789062,5327500
2024-09-12,70.15733131585432,70.62157089797171,69.60781910858724,70.46997833251953,5807700
2024-09-13,70.50787210425483,71.43635843927933,70.33733409285567,71.30371856689453,3603100
2024-09-16,71.75848435184521,71.9858731940861,71.03844136974259,71.55952453613281,4731100
2024-09-17,71.70164233195398,71.94797663563217,71.14265378456861,71.15213012695312,3533600
2024-09-18,71.13318864611384,71.53110830852721,70.59315275331517,71.10476684570312,4622200
2024-09-19,71.13317803605088,71.27529424523843,70.63104036147479,70.84894561767578,5091100
2024-09-20,70.83947609280663,71.5216281798834,70.28997111451156,70.37523651123047,11330200
2024-09-23,70.6310560669955,71.08581936352002,69.84468579918703,70.6500015258789,5274000
2024-09-24,70.49840887066699,70.85843037883461,70.14785647679456,70.26155090332031,8149600
2024-09-25,70.55525965765274,70.6973758982053,69.99627103903464,70.16680908203125,4949700
2024-09-26,70.16680502244475,70.72579360872189,70.13838322164507,70.41313934326172,3961500
2024-09-27,70.79210707309785,71.16160490633376,70.21417308196861,70.2994384765625,4697000
2024-09-30,70.59502029800808,70.90013084193211,69.78457109768574,70.24223327636719,5792600
2024-10-01,70.2327034058478,70.46153449390316,69.5175998905668,69.5938720703125,5307600
2024-10-02,69.4699157044093,69.57479812363167,68.66899607347564,68.91690063476562,5047600
2024-10-03,68.84062567254581,68.84062567254581,67.76320571102814,67.8490219116211,4997100
2024-10-04,67.64879034752039,68.2685481888326,67.5057754624869,68.1827392578125,4378600
2024-10-07,68.17320788746149,68.25901682525348,67.50578078993557,67.69647216796875,4354600
2024-10-08,67.6964813576252,67.85856977839755,67.07672338327184,67.55345916748047,4186300
2024-10-09,67.50577279348967,67.88715550437907,67.07670633212572,67.744140625,4317100
2024-10-10,68.06831625284163,68.10645597817847,67.45809519626977,67.82994842529297,4572300
2024-10-11,68.08738739341375,68.08738739341375,67.29600448751636,67.37228393554688,4338500
2024-10-14,67.24834442138672,67.43904308799036,66.67626297039645,67.24834442138672,5143600
2024-10-15,67.50577997631494,69.31736986902513,67.43903726736677,68.4592514038086,5888600
2024-10-16,68.51644858600304,68.70713993731398,68.01110995806114,68.56412506103516,4231300
2024-10-17,68.79296459917929,68.9836559739457,67.71553723596104,67.8108901977539,5208500
2024-10-18,67.79181932917417,68.4401802127407,67.62019417545334,68.2494888305664,7374000
2024-10-21,68.17319862933047,68.47830915739449,67.124381643761,67.15298461914062,4811700
2024-10-22,66.98136481584073,68.06832161310591,66.79067344854872,68.03018188476562,5687600
2024-10-23,67.58204228392081,68.01110872822483,67.23879203824104,67.27693176269531,6588700
2024-10-24,67.02903326439338,67.50576889991707,66.66670952577394,66.6953125,4756800
2024-10-25,66.79066573473312,67.03856302870062,65.95160635697071,66.00881958007812,6176400
2024-10-28,66.18044892810639,66.79067000123635,65.8085884145841,66.30439758300781,4821900
2024-10-29,66.02789420771747,66.46649017717894,65.85626906537084,65.93254852294922,8407600
2024-10-30,65.13162950225427,66.89555742521655,64.64536432212553,66.54277038574219,10475200
2024-10-31,66.40929160147716,66.5999829922058,65.2746581857341,65.29373168945312,7207800
2024-11-01,65.56069450654117,65.76092262457536,65.04581908542062,65.32232666015625,6470400
2024-11-04,65.59883577758802,65.60836525409277,64.59768788946351,65.17930603027344,5704400
2024-11-05,65.18884312765535,65.97068939536364,64.84559283701174,65.83720397949219,5383800
2024-11-06,65.80859185154543,65.97068751569331,63.043530652069336,63.281898498535156,9758600
2024-11-07,63.32957080025585,63.48212972117123,62.538187765429214,62.66214370727539,6511600
2024-11-08,62.6621383925174,63.17701379532249,62.50957948454147,63.11980056762695,4864500
2024-11-11,62.64306981337254,63.47259257324266,62.59540060669177,63.02445983886719,7972400
2024-11-12,63.243764495303324,63.63468401620233,62.73842577895556,63.42491912841797,6304000
2024-11-13,62.97679177736757,63.11027719755657,62.32843090455968,62.929115295410156,5389200
2024-11-14,63.100733554253324,63.320035163131,62.42376977597469,62.509578704833984,6837300
2024-11-15,62.280751445157534,62.299817672383114,60.936356919060465,61.4893684387207,7203200
2024-11-18,61.660993009351294,61.67052976008034,60.75519809914522,60.86961364746094,6983600
2024-11-19,60.736124053673,60.993561747564264,60.45008338397309,60.89821243286133,5621700
2024-11-20,60.888681051957555,61.50843888493996,60.678916190848824,61.42262268066406,5232700
2024-11-21,61.43215943020546,61.889828879382996,60.97449361823247,61.77540969848633,6971800
2024-11-22,61.55611228227771,62.07098771978939,61.05077359575966,61.403560638427734,7125100
2024-11-25,61.53704792493313,62.070989606249995,61.42262873276101,61.91843795776367,10733800
2024-11-26,61.94703752147624,62.24261132527746,61.460765074569856,61.86122131347656,8706000
2024-11-27,62.06145133689522,62.33795892207353,61.93750267088135,62.0328483581543,5044800
2024-11-29,62.032841869491065,62.24260672419585,61.842150514891564,61.92795944213867,5096000
2024-12-02,62.03284680820073,62.23307492879392,61.39402271758301,62.194942474365234,9985400
2024-12-03,62.233079184834,62.233079184834,61.68007126488499,61.79448318481445,6626700
2024-12-04,61.21285875166086,61.44169711694176,60.07822913617765,60.326133728027344,8301800
2024-12-05,60.087770063742006,60.35474090071931,59.525221773536366,60.29753494262695,10781000
2024-12-06,60.354733435618435,60.89821179350375,59.84939480321387,59.93520736694336,6789300
2024-12-09,59.86846828846607,60.19264870025912,57.52292958754232,58.58127975463867,19609200
2024-12-10,58.54314422920895,59.25824776472597,57.6659486676283,58.87685775756836,9728100
2024-12-11,61.11751462356575,61.30821326614726,60.06869754980032,60.18311309814453,12901700
2024-12-12,59.839864344969776,60.41194937571847,59.56336039917295,59.71591567993164,8041500
2024-12-13,59.39172741857747,59.81125347601784,58.934061636677704,59.04847717285156,7120400
2024-12-16,59.06755179608655,59.67777288780505,58.5908161135309,58.62895584106445,9072600
2024-12-17,58.59081764603994,59.47754632976322,58.39058952705848,58.48593521118164,10314300
2024-12-18,58.06640796750178,58.457331084249624,57.17014255066187,57.227352142333984,14385800
2024-12-19,56.998517795178394,57.39897766516007,56.48364601549432,56.51224899291992,13497300
2024-12-20,56.38829916782775,57.44665302543586,56.350159438118226,56.62666702270508,34652200
2024-12-23,56.607594490587395,56.96991463134631,56.15946541783245,56.52178192138672,8443400
2024-12-24,56.36922664271551,57.236885448032986,56.273880960146194,57.208282470703125,5885500
2024-12-26,56.96991615569268,57.465721720206794,56.93177642675973,57.06526184082031,6103500
2024-12-27,56.931780198543954,57.50386525882514,56.874574238559326,57.40851593017578,7608200
2024-12-30,57.332239576999854,57.52293459533917,56.57899625502227,56.788761138916016,7580200
2024-12-31,57.06746360010941,57.59604327131953,56.82719977991073,57.403831481933594,6904400
2025-01-02,57.663316486262474,57.893971365306896,56.97135551526415,57.18278884887695,6158900
2025-01-03,57.547991992580634,57.78825581591924,57.20201150039144,57.528770446777344,7035800
2025-01-06,57.269285263088676,57.365389326281324,55.8565328041196,55.952640533447266,9337400
2025-01-07,55.55860662881475,56.80797774996777,55.55860662881475,56.01991271972656,11236800
2025-01-08,55.933417598547166,56.10640784090596,55.42405581109742,56.01991271972656,8332500
2025-01-10,55.27990117235808,55.952640614081176,54.02091741236393,54.05936050415039,11668000
2025-01-13,54.10740967469641,54.47261169508647,53.79026334956583,53.98247146606445,17172000
2025-01-14,53.92480861243759,54.88586382587291,53.79987040817328,54.876251220703125,10313600
2025-01-15,55.097300250245326,55.5586063387487,54.357287254270666,54.43416976928711,8839500
2025-01-16,54.09780344784768,55.8180933061652,53.82870547221407,55.741207122802734,10572800
2025-01-17,56.144851396168754,56.4620014192045,55.56821965663947,55.60666275024414,12663200
2025-01-21,55.22223766269066,55.92380760451691,55.02041692589169,55.35678482055664,11346900
2025-01-22,54.914701305097644,55.51055458681993,53.94403702896722,54.117027282714844,14606200
2025-01-23,54.338065397816116,54.78014993850006,53.92481134183138,54.74170684814453,8942300
2025-01-24,54.64560350674506,55.376003902427335,54.59755147623641,55.18379211425781,7383400
2025-01-27,56.154453659550086,56.971349084441826,55.47210537135726,56.058349609375,11645300
2025-01-28,55.99108010862878,56.30823011705485,54.40534106490348,54.69365692138672,10769000
2025-01-29,54.67443544686247,55.347174890291804,54.67443544686247,54.90509033203125,9170600
2025-01-30,55.26067849103089,56.183290678139194,55.01080573182299,56.13523864746094,9024200
2025-01-31,54.85703773281918,56.183291393882484,54.85703773281918,55.731597900390625,10121600
2025-02-03,55.73159285483072,55.73159285483072,54.63598684346913,55.17417907714844,8130400
2025-02-04,54.472609965669314,54.80897782499759,53.7037665256799,53.934417724609375,12538200
2025-02-05,52.13724906060672,55.318343364573984,51.848933209166766,55.19340515136719,25658800
2025-02-06,55.798869723509185,56.31783677772202,54.99158315834659,55.57782745361328,14019100
2025-02-07,55.78925579044371,56.519659823806315,55.43366637917061,56.17367935180664,15972800
2025-02-10,56.308233030626994,56.346676124449935,55.27029149421884,56.25056838989258,9511900
2025-02-11,56.144842516994785,58.143839074678766,55.923800262928026,58.095787048339844,12175900
2025-02-12,57.57682145191927,58.30722184874995,57.23084096589713,58.23994827270508,10929200
2025-02-13,58.20150931779296,58.81658411296021,58.03812801312574,58.778141021728516,9058900
2025-02-14,58.8358014210118,59.76802248636123,58.27838763670405,58.451377868652344,10040900
2025-02-18,58.172672098454164,59.0472322141113,57.490323762683886,58.797359466552734,10760300
2025-02-19,58.8261856246368,59.55658960127001,58.67241694526157,59.51814651489258,7674400
2025-02-20,59.31633404941189,60.171672676373085,59.22022632011934,59.74880599975586,9533500
2025-02-21,59.748801603252886,62.33404250589991,59.35476910748507,62.15143966674805,16291500
2025-02-24,61.99767965415603,63.20860405679124,61.5748129744783,62.8145751953125,16269900
2025-02-25,62.68002315804955,63.68912674832494,62.468589834676756,63.31431579589844,12045100
2025-02-26,62.85302058737588,62.94912465474585,60.81558063068892,60.97896194458008,9542900
2025-02-27,60.719475868406505,61.709361682301974,60.63298074230937,61.488319396972656,6944600
2025-02-28,62.18988287788044,62.18988287788044,61.17116668328228,61.728580474853516,8634600
2025-03-03,61.54597807334071,63.43925805773327,61.54597807334071,63.21821212768555,8668900
2025-03-04,63.727576213708005,64.79434821035807,62.631973730489605,62.7473030090332,13041600
2025-03-05,62.70885701030854,63.86212041322235,62.64158343400973,63.71796798706055,9321500
2025-03-06,63.554572391350554,64.62134416021503,63.13171312485675,64.16004180908203,10713500
2025-03-07,64.07355407320007,66.96633253327276,64.03511098193849,65.10188293457031,13950500
2025-03-10,65.62084517576035,67.85049285448925,65.21720376815651,65.49591064453125,14133200
2025-03-11,65.66891324471071,65.82267828657075,64.68863269030525,65.20760345458984,10840600
2025-03-12,64.12160536540834,64.29459559806669,62.33404207202859,62.449371337890625,8773100
2025-03-13,62.209108830389084,62.958730743449784,62.141835256967475,62.1706657409668,8727900
2025-03-14,61.757409707818056,62.31481615583139,61.57480687200527,61.805458068847656,6784700
2025-03-17,61.65169349782102,62.718465372864266,61.41142969411343,62.55508041381836,7012100
2025-03-18,62.66079719171157,62.95872929481171,61.97844886777286,62.13222122192383,6062000
2025-03-19,61.478703543687516,61.92078806463496,61.00778487319326,61.50753402709961,8181800
2025-03-20,61.622865399576476,61.82468612262974,61.09428207805385,61.4594841003418,6013600
2025-03-21,61.41143255443206,62.18027236274443,61.21922076928653,61.997676849365234,25429800
2025-03-24,62.036116012873876,62.535861490030655,61.74779652033813,62.4205322265625,7514400
2025-03-25,62.237939314388406,62.35326125038569,61.64208242674729,62.1706657409668,7459100
2025-03-26,62.16104932638322,63.94861254749709,62.16104932638322,63.74679183959961,9110100
2025-03-27,64.29459938040796,64.98656035174822,63.90056319806759,64.87123107910156,9020800
2025-03-28,65.28448521791391,65.71695715937783,64.40992139691684,65.0826644897461,11578500
2025-03-31,65.663330078125,65.84720912464357,65.05363636361041,65.663330078125,12950700
2025-04-01,66.00204246861388,66.07946599481792,65.08266209136079,65.46977233886719,8847000
2025-04-02,65.46977000538551,65.5278339562121,63.55357840945858,63.99875259399414,11356900
2025-04-03,65.50849208422261,66.77627110035979,65.0439582539084,65.71172332763672,13777300
2025-04-04,66.20527759134983,66.89239473739306,63.83423206467991,64.1729507446289,13787000
2025-04-07,63.079374106062104,64.54071177415462,62.547096596107075,63.12776565551758,15963400
2025-04-08,63.2148628519432,64.2794105096864,61.637393555390375,61.99546813964844,12421600
2025-04-09,61.443838890396435,64.50199791362921,61.105116514008174,64.05682373046875,13380300
2025-04-10,64.30845002620319,64.80201584106064,62.624528719854915,63.85360336303711,10703600
2025-04-11,64.44393277044126,65.50848785800027,63.911662610176045,64.88911437988281,8840600
2025-04-14,64.55038260467636,66.38915068648187,64.37618336779977,66.09882354736328,6728400
2025-04-15,66.2923768882268,66.39883239069923,64.7245837110534,64.8697509765625,5782500
2025-04-16,65.08265974589114,65.57622547826237,63.998752568638174,64.33747863769531,6266300
2025-04-17,64.33747347433078,65.66331613469852,64.23101798405867,65.15039825439453,10777600
2025-04-21,65.13105867534452,65.67300863363455,64.75362818531904,65.57623291015625,7637100
2025-04-22,65.78913492892087,66.86335491109581,65.61493569709268,66.08914184570312,6720500
2025-04-23,65.54719930460503,66.33109224389207,64.72458721667036,65.2084732055664,6369500
2025-04-24,64.78265467086673,64.78265467086673,63.369708554051705,63.40841293334961,8277000
2025-04-25,63.76649267814298,63.77617246494848,62.52774577354233,63.476158142089844,6454700
2025-04-28,63.47615547464906,63.6213227365753,62.68258281076773,63.001949310302734,6660800
2025-04-29,62.972916000848244,63.60196920019613,62.218055115036165,63.53422546386719,8194000
2025-04-30,65.87623932678434,66.64078008795633,65.22783386294086,65.9343032836914,15854800
2025-05-01,65.0439528117502,66.0117247757105,64.74394586564702,65.68268585205078,9414200
2025-05-02,66.19561217060291,66.36981144145378,64.94718529342423,65.56655883789062,7395000
2025-05-05,65.57622506714905,65.74074451573685,64.84071636635585,65.61493682861328,6310600
2025-05-06,65.5665527625561,65.7504318046148,64.99557082871077,65.33428955078125,5436100
2025-05-07,65.40203337145549,65.498809094515,64.75362790509105,65.01492309570312,6841600
2025-05-08,64.86007581457017,65.42138534335373,64.56974864636491,65.05363464355469,7143600
2025-05-09,64.70523187443905,64.94717485710342,64.1729543591719,64.23102569580078,5136200
2025-05-12,64.06650598734491,64.51168762249262,63.253581019192836,63.70843505859375,7069800
2025-05-13,63.27292636572695,63.33099770253702,61.41480602511076,62.07289123535156,10361300
2025-05-14,61.830948161257304,62.00514740440423,61.385773958440474,61.49222946166992,7455300
2025-05-15,61.89869346853082,63.079376437143765,61.743850103119044,63.04066467285156,7310000
2025-05-16,63.23421501353959,63.28260656394366,62.25677067030014,63.21486282348633,8015200
2025-05-19,63.13744448390213,63.69875402724767,62.90518126660949,63.60197830200195,6356200
2025-05-20,63.68907526355267,64.16328887685503,63.543915365107736,63.74714660644531,6235700
2025-05-21,63.84391651262187,63.84391651262187,62.92452873304103,63.15679931640625,6250400
2025-05-22,62.90516932561579,63.67938974764401,62.84710537819327,63.37937545776367,6956600
2025-05-23,63.4664805999541,64.28908520748023,63.02130642862836,64.00843048095703,6737500
2025-05-27,64.11488904249049,64.83103818856239,63.901978040911715,64.74394226074219,6600500
2025-05-28,64.85039951965638,64.99556678680598,64.33748157477321,64.47296905517578,4550200
2025-05-29,64.4536061740861,65.44073763323514,64.3181187006364,65.29557037353516,6967400
2025-05-30,65.51815736879024,65.80849190412579,65.1407269029624,65.31492614746094,12140800
2025-06-02,65.00524323254537,65.39235350784637,64.51168483046312,65.33428955078125,5004500
2025-06-03,65.02459994801661,65.12137566670789,64.67620145391675,64.87943267822266,5156100
2025-06-04,64.97620889511964,65.1116963790291,64.056828485232,64.4826431274414,5978000
2025-06-05,64.56006460813765,64.65684032450062,63.650356630595205,64.23102569580078,6266000
2025-06-06,64.47296615357543,64.64716538961234,63.72777766138447,64.01811218261719,6279500
2025-06-09,63.853594936800604,64.69555178711119,63.543908215769875,64.55038452148438,4182000
2025-06-10,64.55038505759738,65.3246055583613,64.30844207404789,65.07298278808594,4827900
2025-06-11,64.70523957022255,65.05363809737747,64.66652780237037,64.7923355102539,6854400
2025-06-12,64.85040173474596,65.94398140206691,64.35683596298422,65.92462921142578,6146800
2025-06-13,65.77946349428511,66.2246377246963,64.68587641759858,64.77297973632812,6528800
2025-06-16,64.88911326677842,65.4020312273414,64.47297102610227,65.04395294189453,5516000
2025-06-17,64.83104340346348,65.02460223115632,63.77617548071614,64.211669921875,7817700
2025-06-18,64.25038168741357,64.80201142518813,63.86327141554219,64.211669921875,7003100
2025-06-20,65.09234904390554,66.49561553914606,64.63749500677505,66.10850524902344,12997700
2025-06-23,66.21496537589489,66.58272349971082,65.61495139874708,66.29238891601562,4783400
2025-06-24,66.29238363891234,66.39883915222534,65.74075388061526,66.22463989257812,6374600
2025-06-25,65.82784349748943,66.22463353328378,64.95685466640562,65.1116943359375,5384700
2025-06-26,65.50849487544535,66.11818863166586,65.17944852672036,65.56655883789062,6805800
2025-06-27,65.45042139917877,65.66333243256824,65.04395890826146,65.59558868408203,9119500
2025-06-30,65.68329270633247,65.97564710828424,65.07908171285287,65.72227478027344,9028300
2025-07-01,65.82946954149185,67.6518349160028,65.77099271667247,67.20355224609375,12038700
2025-07-02,67.22305515438684,68.03190907263493,66.84298176969791,67.78827667236328,8959600
2025-07-03,67.70057319958585,67.74929521904568,67.04764014527127,67.23279571533203,3342900
2025-07-07,67.20355695544201,67.27177372662004,66.29724417546501,67.06712341308594,7336000
2025-07-08,66.74552517320953,66.80400200063418,66.1218268711949,66.45317077636719,6727800
2025-07-09,66.56037306757707,66.60909508537331,64.46513299050248,65.14730072021484,11457400
2025-07-10,64.8549428904172,65.67354412293236,64.2214972118832,65.43965911865234,7360000
2025-07-11,65.04984695784425,65.64431057353804,64.32869717825864,65.4688949584961,6171100
2025-07-14,65.46890018923327,65.93667767840904,65.31297188115103,65.91718292236328,5324800
2025-07-15,65.68329316961342,65.80997933451238,65.00111802344033,65.04010009765625,5092700
2025-07-16,65.09857004553,65.80022500203978,64.7964608610574,65.75150299072266,5336200
2025-07-17,66.56036164737009,68.07087777115544,66.52137957877913,68.02215576171875,9140000
2025-07-18,68.10987027705899,68.70433390279663,67.61285812019776,68.03190612792969,10412200
2025-07-21,68.07088821778702,68.70433391823163,67.4471898947534,67.65184020996094,6118100
2025-07-22,67.68106861675962,69.19159226703981,67.47641832057252,68.94795989990234,6728700
2025-07-23,68.94796512506575,69.33777842904132,67.99292290207912,68.38273620605469,5627400
2025-07-24,68.28528772311066,68.74331781766904,68.11961947807868,68.39248657226562,6015200
2025-07-25,68.46069870140315,68.81152992300599,68.0806327838451,68.78229522705078,4520800
2025-07-28,68.42172073248629,68.44121548767254,67.4277038350356,67.80776977539062,7984000
2025-07-29,67.80776970328861,68.53866688551273,67.51540785637071,67.93445587158203,7926100
2025-07-30,65.79048745019921,66.219275366683,63.37365106199196,63.44186782836914,22047700
2025-07-31,63.091034633623075,63.9778600036776,62.53555314344782,63.04231262207031,12174500
2025-08-01,63.70499880822516,64.60156420204098,62.291926511924885,62.301673889160156,10650300
2025-08-04,62.34065680296273,62.642758585693265,61.71695848276844,61.911861419677734,8291500
2025-08-05,61.950841104199036,62.067783605340374,60.586498293254806,60.71318817138672,9069800
2025-08-06,61.10300265276087,61.200454119350084,60.41108757438605,60.48904800415039,7727900
2025-08-07,60.49879310006307,61.04452724044056,60.25516072524169,60.81064224243164,6067300
2025-08-08,60.80089928009844,60.98606227762896,59.92382489758205,60.255165100097656,6419700
2025-08-11,60.498794524470576,60.69369745488854,58.72514737387923,59.99203872680664,13278900
2025-08-12,59.982294823142325,60.23567459541424,59.5924852221987,59.82637023925781,7373300
2025-08-13,59.87509420117809,60.713190208808626,59.63146181372899,60.60599136352539,7656700
2025-08-14,60.479304610473875,60.615738151312826,59.79713318874395,59.89458465576172,5695700
2025-08-15,60.108981259556934,60.761914255371,59.75815003656754,60.49879455566406,5849700
2025-08-18,60.4500632876553,60.76191242814908,60.06999738002443,60.2649040222168,5063900
2025-08-19,60.342868554290575,61.112747798688616,60.19669135085168,61.064022064208984,5990300
2025-08-20,61.61950063592441,62.45759289403545,61.10300118385486,61.56102752685547,6805400
2025-08-21,61.317396322889586,61.405104129405004,60.72293643154636,61.33688735961914,5687300
2025-08-22,61.73644876060427,62.2919303359898,61.30765707430846,61.794921875,6390600
2025-08-25,61.580518229496214,61.61950030199759,60.303886954124096,60.3818473815918,5851900
2025-08-26,60.24541356159848,60.52802800959968,59.89458234580872,60.46955490112305,8456900
2025-08-27,60.11872628346256,60.2746508619371,59.74840773304503,60.18694305419922,6463800
2025-08-28,60.18693950987906,60.391593527572454,59.465789770977466,59.71916580200195,7242500
2025-08-29,59.71917078512851,60.07974940220192,59.45604735545411,59.87509536743164,5866800
2025-09-02,60.01153239231507,60.47930613737341,59.641210116734825,60.216182708740234,7815300
2025-09-03,59.79713583304408,60.19669281354211,57.85782032633612,59.73866271972656,10566600
2025-09-04,59.836115018415164,59.98229221834537,59.33910287306104,59.34885025024414,4612500
2025-09-05,59.475534986340854,60.917838219417526,59.397574558422285,60.16745376586914,6149600
2025-09-08,60.021274242835496,60.39159650725193,59.44630166816333,60.36235809326172,6540800
2025-09-09,60.264908408798284,61.25892901055094,60.14796590198481,60.976314544677734,5785000
2025-09-10,60.70344718354413,60.87886280174387,59.80687805524152,60.683956146240234,6678900
2025-09-11,60.74242568981232,61.590265316280885,60.420829169493366,60.46955490112305,6423900
2025-09-12,60.40134048461914,60.8788615952629,60.11872602561642,60.40134048461914,4853600
2025-09-15,60.420834440276764,61.08351485734715,60.001786420142984,60.03102111816406,6760500
2025-09-16,60.05051449017044,61.3466406766702,59.89458989877169,61.10300827026367,8403200
2025-09-17,61.09325710459629,61.980078860234435,61.02504033243453,61.22969436645508,7039900
2025-09-18,60.683957579039294,61.74619497320239,60.52803299446193,61.63899612426758,6596000
2025-09-19,61.980077613917274,62.3991256159333,61.37587033654761,62.087276458740234,17133800
2025-09-22,61.697466306175485,62.03855015700302,61.37586977465081,61.882625579833984,7358100
2025-09-23,61.77542527830998,62.24319899877929,61.619500704820204,62.19447326660156,6698200
2025-09-24,62.19447648418938,63.052059823982056,62.155494409416455,62.74995803833008,6188700
2025-09-25,63.03257347467911,63.29569318960957,60.94708077017476,60.96657180786133,8679400
2025-09-26,60.96656626848124,61.84364057947482,60.68395182400703,61.74618911743164,5295200
2025-09-29,61.81440911404939,61.95084265505222,59.66069971956717,61.034786224365234,10956700
2025-09-30,61.34914559354897,61.761740125188126,61.054434678456346,61.36879348754883,6603800
2025-10-01,61.4473839544969,62.21363686358189,61.02496358399381,62.056453704833984,6259200
2025-10-02,61.04460688669865,61.59473665857399,60.533772901554215,60.69095230102539,5529500
2025-10-03,60.573071355316834,62.26275278461796,60.43553984315561,61.56526565551758,6205900
2025-10-06,61.447379332059306,61.447379332059306,60.35694560871759,60.69095230102539,7883300
2025-10-07,60.622187451110655,62.125219462613906,60.52395173027236,61.496498107910156,6638300
2025-10-08,61.04460873884343,61.31967175940051,60.337299546036554,60.57307052612305,6881500
2025-10-09,60.55341927275409,60.72042448843613,59.806818080896875,59.92470169067383,6642600
2025-10-10,60.121178651014695,61.24108234566637,59.79699403021947,60.36677169799805,7697800
2025-10-13,59.718406586624084,60.20959268373903,59.34510410353001,60.091705322265625,6417600
2025-10-14,60.22924131502633,61.09372615837133,59.76752517889821,61.034786224365234,5632000
2025-10-15,60.55342263216146,61.27055389822283,60.18994596250352,60.57307052612305,5711800
2025-10-16,61.10355139052687,61.63403327618814,60.22924073496618,60.51412582397461,7346400
2025-10-17,60.87760654706555,61.59473780471274,60.4748340942102,61.35896682739258,5991800
2025-10-20,61.712622824095206,61.85015433589,61.39826401214921,61.70280075073242,4069100
2025-10-21,61.77156540752305,62.125220001532846,60.45518650062691,60.66148376464844,9149800
2025-10-22,60.7498998117277,61.43756113306949,59.86576329179502,60.87760925292969,7148600
2025-10-23,60.740077030411825,60.80884278699948,59.90505838299328,59.93452835083008,5212500
2025-10-24,60.17029920797796,60.28818282652725,59.48263789611053,59.698760986328125,5401300
2025-10-27,59.590698312759095,60.63201420800782,59.37457522663419,60.57307052612305,7063700
2025-10-28,60.514124969544426,61.329495680154025,59.14862823486328,59.14862823486328,15035000
2025-10-29,57.43930417979218,58.22520119641225,55.98539376218191,56.830230712890625,20841600
2025-10-30,57.213357214587205,58.215373536970226,56.61410958726333,56.7614631652832,12884300
2025-10-31,55.965745130888315,56.91864361147355,55.631738434794336,56.447105407714844,13262800
2025-11-03,56.42746131368471,56.82041171700264,55.54332852739852,55.651390075683594,8849900
2025-11-04,55.887153558114576,55.96574513246951,54.492186840387234,55.091434478759766,12649100
2025-11-05,55.150373388503326,55.26825700039532,54.462712115470495,55.03248977661133,12718900
2025-11-06,54.53148000225005,55.84785892016316,54.53148000225005,55.199493408203125,8879700
2025-11-07,55.5433252365833,56.800760456776075,55.20931853778803,56.17204284667969,8717300
2025-11-10,55.99521728515625,56.054160968223584,55.20932024818845,55.25843811035156,9205200
2025-11-11,55.60226415875877,56.48640062402892,55.22896542671359,56.11309814453125,10048300
2025-11-12,56.103278686615035,56.53552111897648,55.82821566124436,56.00503921508789,7818800
2025-11-13,56.01486569586784,56.702527014848414,55.749624740798794,55.96574783325195,8720100
2025-11-14,56.23098758240118,56.64358211646947,55.52367838405254,55.85768508911133,6854200
2025-11-17,55.77909306248624,55.867506711566286,54.551127796070446,54.590423583984375,6549200
2025-11-18,54.845840204012106,54.90478013600819,54.256414651884164,54.79671859741211,9659700
2025-11-19,54.74760196213572,55.219140165907746,54.059940676340155,55.091434478759766,10779200
2025-11-20,54.993195216973824,55.56297289082549,54.21712028084588,54.767250061035156,9746800
2025-11-21,54.74760320433058,56.083630019058,54.472540182752326,55.995216369628906,11209100
2025-11-24,55.99521625138469,56.08362990062708,54.90478249321267,55.199493408203125,10860000
2025-11-25,54.75742946182201,55.72997586584655,54.71813367343952,55.53350067138672,9100900
2025-11-26,55.582623382002716,56.407812469670965,55.37632236263293,56.201515197753906,6893300
2025-11-28,56.054159970782514,56.61411183387395,55.85768477817353,56.55516815185547,3645200
2025-12-01,56.191689227792914,56.33904280575056,55.07178554652403,55.405792236328125,12849800
2025-12-02,55.405793693166345,55.45491155377706,54.413595670548105,55.003021240234375,8644000
2025-12-03,54.993198573340095,55.690681977387555,54.66901767675649,55.04231643676758,10060400
2025-12-04,55.1798447683541,55.317380024446365,54.35465571651581,54.816368103027344,9805500
2025-12-05,54.727955591387214,55.33702906722823,53.784879157601466,53.94205856323242,10435600
2025-12-08,53.657169112618476,54.325182515858394,53.5392854965916,53.794700622558594,9884300
2025-12-09,53.86347147070064,54.14835657092873,53.087396505274796,53.15616226196289,10114000
2025-12-10,53.21509978797831,53.25439557500712,52.19343555739674,52.94003677368164,17184600
2025-12-11,53.1463336684423,53.45087039463982,52.4684982103991,52.841800689697266,16302500
2025-12-12,53.01863276974318,53.68664621513843,52.93021911528049,53.087398529052734,9288900
2025-12-15,53.53928737572091,53.95188192002255,53.04810125300787,53.30351638793945,17381400
2025-12-16,53.75540629359023,53.9813514427942,52.94003559444105,53.01862716674805,12565000
2025-12-17,53.24457553690728,53.37228497590553,52.49797054463569,52.871273040771484,17839300
2025-12-18,52.802504176808085,53.873289992803315,52.73373842465309,53.81434631347656,19270400
2025-12-19,53.55893164571458,54.28588495955967,53.36245646043531,53.539283752441406,29240200
2025-12-22,53.19545503107379,53.942056238785476,53.126689278289255,53.35263442993164,8781400
2025-12-23,53.35263686452638,53.46069466136694,52.56673608692231,53.195457458496094,8644500
2025-12-24,53.25439309766626,53.686639239970525,53.17580527471697,53.65716552734375,3833500
2025-12-26,53.63751924657731,53.75540660572233,53.362456236810516,53.676815032958984,4689200
2025-12-29,53.76523026602023,54.09923696522115,53.60805086330525,54.069766998291016,7405700
2025-12-30,53.99117606309768,54.27606490497396,53.78487879723664,53.84382247924805,6088500
2025-12-31,54.03218993520897,54.03218993520897,53.32828524922638,53.367942810058594,6660400
2026-01-02,53.4769953178261,53.814077020290206,52.95154587473178,53.18948745727539,10842000
2026-01-05,52.901977763921266,53.407598445270224,52.33687073925637,53.278717041015625,15822000
2026-01-06,53.02094413408825,53.18948687445007,52.24764061771303,52.277381896972656,11217500
2026-01-07,52.39635001539722,52.624379092834374,50.998453181722994,51.06785202026367,13171600
2026-01-08,50.958800918284844,53.62570948675845,50.76051689572494,53.52656936645508,15509500
2026-01-09,53.52657000077039,54.765840429014304,53.09034438957848,54.61712646484375,9908600
2026-01-12,54.646865713093995,54.92446485042751,54.26021395897035,54.44858169555664,11636500
2026-01-13,54.726181466255746,55.56888382310105,54.33952970765724,55.4598274230957,9870400
2026-01-14,55.31111988376484,56.82798571124236,55.23180475926634,56.7387580871582,12569400
2026-01-15,56.649528597993225,57.075837923253985,56.38184573455369,56.80815505981445,8080600
2026-01-16,56.72884370488501,57.065925408910154,56.12407913749109,56.74867248535156,12019100
2026-01-20,56.63961464768882,57.82931497184577,56.342190512137854,57.49223327636719,13063700
2026-01-21,57.17497998519691,57.50214920116179,56.19347990120886,56.85772705078125,12515300
2026-01-22,56.76849768787934,57.71034396268321,56.718927627511384,57.08575439453125,11525500
2026-01-23,56.9965272515979,57.928457252980216,56.946953408860566,57.89871597290039,10550600
2026-01-26,57.78965772307884,58.40433477745423,57.49223358592643,58.02759552001953,9762400
2026-01-27,57.79957242022511,59.683264997081366,57.750002359140105,58.51339340209961,10450600
2026-01-28,58.473733117213264,59.07849766736372,56.86763976474783,57.23446273803711,9809400
2026-01-29,57.42283407886611,57.95819982394633,56.639618024345005,56.81807327270508,11868700
2026-01-30,56.61978615675933,58.027595503798636,56.50081725832224,57.96811294555664,11539900
2026-02-02,58.325023537143295,58.909955531419286,57.7400877609142,58.186222076416016,16530500
2026-02-03,57.561633014034825,59.42549297629828,57.502146673214575,58.959529876708984,15322700
2026-02-04,59.48498120330448,59.51472248368109,58.14657063901143,58.890132904052734,20600400
2026-02-05,59.61386500942603,60.327682195628114,58.73150508043033,59.792320251464844,13028400
2026-02-06,59.45524027168241,60.08974613646038,59.31644258650639,59.50481033325195,10807100
2026-02-09,59.46515128072851,60.278112372342676,58.414248604809956,60.20871353149414,12254600
2026-02-10,60.248371061759364,60.85313563051898,59.8220617356486,60.12940216064453,12195800
2026-02-11,59.84189099453308,61.200130323815245,59.36601160431641,60.94236373901367,8570900
2026-02-12,61.4678115033903,62.023006001053076,60.81347688705169,61.32901382446289,11966500
2026-02-13,61.368673712292825,62.26094616007662,60.89279053513091,62.05274963378906,11915000
2026-02-17,62.02300869902805,62.251034007463964,58.74141919354777,59.34618377685547,8970700
2026-02-18,59.385841475061014,59.80223453091138,58.84055945151419,59.56429672241211,7887000
2026-02-19,59.63369469987762,59.802233663289975,57.52197682482905,58.136653900146484,10733100
2026-02-20,58.1366539922757,58.672019727410195,57.83922984451873,58.29528045654297,9491500
2026-02-23,58.09699734148278,60.17897397232633,57.997857217994024,59.86172103881836,9489000
2026-02-24,59.782404453563416,60.7539920114331,59.782404453563416,60.605281829833984,7349600
2026-02-25,60.60528314191887,60.76390960823072,59.147899882585875,59.60395050048828,6866100
2026-02-26,59.861720765753624,59.861720765753624,59.11815849711989,59.42549514770508,10716600
2026-02-27,59.564293836537246,61.22986976119525,59.395751096892276,61.05141830444336,12554900
2026-03-02,60.63502460480751,60.81347985268907,59.76257714649245,59.92120361328125,6523100
2026-03-03,59.445321314815274,59.5841189937446,58.19613842249823,58.26553726196289,9949200
2026-03-04,58.49356249509676,58.66210145305023,57.680601420602514,58.186222076416016,11608700
2026-03-05,57.98794345458572,58.096996075265245,57.16506607614103,57.68060302734375,13089200
2026-03-06,57.531889202800855,58.08708371666132,56.85772578666787,57.89871597290039,9532600
2026-03-09,57.690513594445235,58.14656797035763,56.93703886451042,57.670684814453125,10735800
2026-03-10,57.63103201017781,57.80948725116898,56.06459240191161,56.094337463378906,7716800
2026-03-11,55.767167498421344,55.826653838589436,54.210644192577206,54.88480758666992,10296500
2026-03-12,55.07317661489474,55.48957344192335,53.84382247823597,53.88347625732422,10232100
2026-03-13,54.359359755704,54.5477274988638,54.00244926807221,54.41884231567383,9740600
2026-03-16,55.10292146423855,56.86764132229428,54.82532231997185,56.66935729980469,11950800
2026-03-17,57.085754580417024,58.3151087221394,57.00643945800748,57.44266128540039,13495300
2026-03-18,56.877555350203714,57.046098097533296,55.78699887013047,55.98528289794922,9252900
2026-03-19,56.04476547434798,56.47107481059196,55.350777049721295,56.00511169433594,8864400
2026-03-20,55.995195229076515,56.530560967991256,55.529228332396656,55.72751235961914,22557300
2026-03-23,56.25296408305242,56.74867224677284,55.43999921515403,56.37193298339844,12617300
2026-03-24,56.0546802496088,57.482318404419665,55.8068261669154,56.689186096191406,9066000
2026-03-25,56.49090411496798,57.03618236020669,55.75725812157869,56.937042236328125,9431900
2026-03-26,57.056009332747934,58.17631085043899,57.0262680529178,57.08575439453125,8416900
2026-03-27,57.085752904477076,58.27544945006723,56.788324986126455,57.76982879638672,14112900
2026-03-30,58.126739256371756,58.87030148813142,57.710342439970745,57.75,10310000
2026-03-31,57.900001525878906,58.25,56.77000045776367,57.63999938964844,11205800
2026-04-01,57.619998931884766,57.650001525878906,56.5099983215332,57.06999969482422,9978400
2026-04-02,56.970001220703125,57.58000183105469,56.72999954223633,57.540000915527344,5631700
2026-04-06,57.540000915527344,58.63999938964844,57.349998474121094,58.380001068115234,5896500
2026-04-07,58.290000915527344,58.599998474121094,57.45000076293945,57.5099983215332,9049900
2026-04-08,57.470001220703125,58.84000015258789,57.220001220703125,58.83000183105469,8101700
2026-04-09,58.18000030517578,59.22999954223633,58.08000183105469,59.09000015258789,7349400
2026-04-10,59.09000015258789,59.31999969482422,58.599998474121094,59.0,6807400
2026-04-13,58.720001220703125,58.83000183105469,57.41999816894531,57.68000030517578,9286300
2026-04-14,57.619998931884766,58.400001525878906,56.97999954223633,57.84000015258789,6585400
2026-04-15,57.68000030517578,57.68000030517578,56.34000015258789,56.58000183105469,8049800
2026-04-16,56.400001525878906,57.16999816894531,56.06999969482422,57.06999969482422,6754700
2026-04-17,57.34000015258789,57.4900016784668,56.849998474121094,57.25,8240800
2026-04-20,57.279998779296875,57.619998931884766,56.81999969482422,57.310001373291016,5552100
2026-04-21,57.09000015258789,57.18000030517578,56.0,56.130001068115234,7301900
2026-04-22,56.18000030517578,56.540000915527344,55.790000915527344,56.060001373291016,5638900
2026-04-23,56.31999969482422,57.470001220703125,56.209999084472656,57.435001373291016,2467526
