timestamp,open,high,low,close,volume
2021-01-04,272.6404402939786,272.85872848796714,263.13504773019605,266.8459167480469,15106100
2021-01-05,266.2009521537064,270.27893485555023,266.1215581217762,268.8600769042969,9871600
2021-01-06,259.9599682063647,265.6651965162372,257.9854727939254,261.259765625,24354100
2021-01-07,263.82960827148605,269.4951398375126,262.71833380809295,266.6474914550781,15789800
2021-01-08,266.2208617666856,266.85589308419407,261.13080051963345,265.48663330078125,18528300
2021-01-11,258.45180565260176,261.4185145836699,253.90745047422294,254.8401336669922,30412300
2021-01-12,254.63180582980544,257.6977425190241,248.35109131287493,249.1349334716797,26383500
2021-01-13,249.59135320647286,251.97265997269682,247.2596450120617,249.68064880371094,19528900
2021-01-14,251.42692829090055,253.04424135584142,242.7053771272773,243.72735595703125,29739400
2021-01-15,245.96975097681036,251.88335082886272,245.2355225857016,249.40281677246094,24942900
2021-01-19,254.89964667945836,260.15839649203104,250.75220144203772,259.06695556640625,28028500
2021-01-20,266.83606128782753,268.2152530627242,261.54757483263694,265.3973693847656,25199900
2021-01-21,267.16345410838227,271.46965766775173,265.40721658830023,270.7453308105469,20838700
2021-01-22,269.89200790055463,276.3016987289684,269.88207607581967,272.36260986328125,21954000
2021-01-25,275.97429900636445,277.9190291400611,269.3959181421236,275.8453063964844,19087000
2021-01-26,275.97432254542565,283.16787159655127,275.6468750801152,279.8538513183594,19373600
2021-01-27,280.33011028325467,281.24296012848583,266.03230851624016,270.0210266113281,35346200
2021-01-28,275.02176987618066,284.55695871630996,262.6389630097755,262.9366149902344,37758800
2021-01-29,263.23427292927573,264.4844718354171,252.86565830915723,256.31854248046875,30389500
2021-02-01,257.49927707444425,262.1130947982749,252.92518665519498,259.96990966796875,22914300
2021-02-02,261.9443921433572,266.75663419137607,261.22006530975233,265.0003967285156,17320800
2021-02-03,263.55175174887563,267.1038931262707,261.78561288501646,264.57373046875,14223400
2021-02-04,264.93097902725805,266.07201868018495,261.9444062212849,264.4150085449219,16060000
2021-02-05,264.7225857955426,267.0741575464519,263.60140982277744,266.0124816894531,12454400
2021-02-08,266.6574199342827,267.75876255758504,262.93661872589735,264.5043029785156,13755200
2021-02-09,264.3653866856333,271.2612831266557,263.6807568981955,267.3519592285156,14613400
2021-02-10,270.3285830682983,271.6680470836127,265.6354022624926,269.7530822753906,14687200
2021-02-11,269.7729577824533,271.44977083147216,266.39940747425163,268.2846374511719,12828600
2021-02-12,268.41363220082087,269.06849685928296,266.2506136586012,268.393798828125,9097600
2021-02-16,268.6914310362883,274.4462880900078,267.9472708355453,271.8367614746094,15417200
2021-02-17,269.12803599630945,271.8367903151839,267.4809576103231,271.4399108886719,12763200
2021-02-18,267.47107167911304,269.83254528267213,263.9586264755015,267.29248046875,15249100
2021-02-19,267.75876839108383,268.1655796323252,258.12438206399435,259.5234069824219,25622600
2021-02-22,255.94153535102737,261.021664636817,255.524792274946,258.302978515625,17434900
2021-02-23,257.4794524604842,265.3774649515965,252.97480897112868,263.7899169921875,21924600
2021-02-24,260.2873594540459,264.3058423791856,256.3780660416674,262.251953125,15736100
2021-02-25,260.25762517278304,264.8615109881435,252.06194597211868,252.70689392089844,19053100
2021-02-26,254.47301987913823,263.48230592627357,254.47301987913823,255.6140594482422,26619500
2021-03-01,258.7891703786948,264.5737626108393,255.89189320962132,262.8473205566406,22157300
2021-03-02,263.71054479187086,264.6332962265504,256.6360565660787,256.98333740234375,15191700
2021-03-03,258.26328713334885,258.95781848728717,253.1136961127763,253.42127990722656,15513500
2021-03-04,254.47305353562282,264.4150240918917,251.52617758116583,255.6339569091797,31626500
2021-03-05,258.64032206827693,263.3831016749771,253.61970873593322,262.2221984863281,26820100
2021-03-08,263.4823095847237,263.5120747815499,253.06408191613306,253.32205200195312,18391800
2021-03-09,259.14634572246285,266.43912187751977,257.78701790933485,263.67083740234375,22039700
2021-03-10,266.5482712133679,266.8756883722604,260.82317946583066,262.8373718261719,14210300
2021-03-11,266.0224050343976,275.7361857987075,265.73468485814243,271.74749755859375,21834000
2021-03-12,267.04437827071723,267.63968219657,261.9642192904478,266.31011962890625,20600200
2021-03-15,266.98481846727327,273.8112527855251,266.4093479104238,271.61846923828125,16844800
2021-03-16,273.9302819754771,279.9431234722313,272.6602499427521,277.1053771972656,22437700
2021-03-17,273.5632228614151,284.0013300636442,273.26557087198046,281.7986145019531,21315000
2021-03-18,277.69082858237186,282.9694124523862,276.11321251700224,276.4505615234375,18728300
2021-03-19,279.0302814393915,290.5201004362551,279.0104480701917,287.8510437011719,38930500
2021-03-22,288.18845807864415,297.37633561067435,284.51725557218174,291.25439453125,28273100
2021-03-23,290.86740220961764,295.67964408375025,287.5534125169044,288.3670349121094,23000900
2021-03-24,288.73417475341705,289.44856979905677,278.9707959829789,279.94317626953125,18675000
2021-03-25,278.7922204243197,285.8170802003852,275.5873592254311,276.56964111328125,24505600
2021-03-26,276.1330647516216,282.2848018961399,275.6071926939098,280.8163146972656,17629200
2021-03-29,283.5448755560306,290.89718212081135,282.4832299943889,288.5555725097656,21718800
2021-03-30,287.5732755403183,290.19273417158144,284.4676721787999,285.7575378417969,17474500
2021-03-31,287.7320657917094,294.19138722095454,286.3628059237623,292.2367248535156,19498200
2021-04-01,296.07651796063567,300.04537216997386,294.29054567841536,296.3345031738281,17616000
2021-04-05,298.5471577202137,308.3502024258869,298.3387710674743,306.50469970703125,28237000
2021-04-06,306.4352333643989,308.9256990987487,302.87319030448623,303.8753356933594,17335200
2021-04-07,303.95474852621874,311.8031627153539,303.12129263179196,310.6521911621094,22855200
2021-04-08,312.39847055437156,313.4204493921913,307.63582691524516,310.58270263671875,20894100
2021-04-09,308.9752946294777,312.28928426591995,307.9136188596121,310.02703857421875,15988600
2021-04-12,308.62805251976675,309.71949362187615,305.53235068829883,309.1142578125,10881900
2021-04-13,309.7790193206261,311.9817348642091,306.91153757945125,307.3481140136719,14036900
2021-04-14,304.9072561748296,305.6315830725214,299.59893713379694,300.462158203125,17421400
2021-04-15,303.95470027690254,307.7251299969415,301.73215157790185,305.4231872558594,14558300
2021-04-16,305.7704851705201,306.5444105843695,302.23817681915284,303.79595947265625,13059200
2021-04-19,302.6351090312537,305.30416629522637,298.2197459731686,299.88665771484375,14553500
2021-04-20,299.6385619334526,302.72436183660926,294.89578234939887,300.2934265136719,16796400
2021-04-21,299.5988930328925,299.6286582281445,295.0744016748638,299.12261962890625,14863500
2021-04-22,298.98369587903517,300.56134207084875,293.7349079979299,294.2111511230469,16375400
2021-04-23,296.4337672726164,300.2339323251979,294.83628751007234,298.7853088378906,17536800
2021-04-26,300.97810243975925,303.4189396821475,299.2119632513711,300.6804504394531,16172600
2021-04-27,301.9107926157603,302.9625367473814,298.76546176782614,301.2063293457031,15309300
2021-04-28,304.9667867574344,308.49909536915743,302.9922911939932,304.7088317871094,33907200
2021-04-29,327.5495411674635,329.2263845348517,319.10579393830335,326.9443054199219,56526800
2021-04-30,323.60060254321024,327.2519418261899,321.9733574810361,322.548828125,26332400
2021-05-03,323.6303414935902,325.99178455965375,319.33403940642825,320.0682678222656,18719500
2021-05-04,317.52821238291256,319.681329401256,310.68194401650095,315.8811340332031,24032600
2021-05-05,315.712469321402,318.56011770266906,312.04126663923637,312.567138671875,15577600
2021-05-06,312.0710232209815,317.746486454234,310.8307561707074,317.5281982421875,19012200
2021-05-07,319.8698124189637,320.42544959034336,316.2680723502295,316.5954895019531,15916700
2021-05-10,311.90237131540397,312.130561078937,302.4564778555259,303.5876159667969,24239200
2021-05-11,298.40831569908534,304.4508944182991,297.35657143938425,304.143310546875,18920100
2021-05-12,298.78528750586537,302.5854522871309,295.86817708684436,300.1942138671875,24645500
2021-05-13,303.6966791736922,306.45503135095896,300.4124550796069,302.8830871582031,18079200
2021-05-14,307.1298192160858,314.38289851654434,306.67337913920693,313.47998046875,19245700
2021-05-17,311.10853069152074,313.2219502904879,309.153868886086,313.003662109375,15401300
2021-05-18,313.1326760167942,314.0355939964766,307.3976828099841,307.5465087890625,14522400
2021-05-19,301.82148235708155,312.2099608190644,301.2063147190204,311.1482849121094,19106200
2021-05-20,311.1383774259706,316.76424276633463,310.72166460369823,316.12921142578125,17320200
2021-05-21,316.8039328459837,317.43893389264736,313.3510181373768,313.76776123046875,13600900
2021-05-24,315.73230041612777,323.4120547384483,315.5537092244351,322.1023254394531,16445400
2021-05-25,324.5332688679081,326.61692385566414,322.2710226674773,325.2377624511719,16437000
2021-05-26,325.79333340241755,327.2617901142244,323.2830342689029,325.10870361328125,9686900
2021-05-27,325.44607335297707,331.18106697098676,324.215738131107,330.1590881347656,20477700
2021-05-28,328.4226628264013,330.27809719455564,325.7734395039881,326.17034912109375,12037400
2021-06-01,327.5792770818169,328.8394075910336,324.09662832851154,326.5672302246094,11765900
2021-06-02,327.8075920479753,329.28598088412383,324.5729654497298,326.587158203125,11654300
2021-06-03,323.2434185246434,324.830966699788,320.96133884034754,323.50140380859375,12610800
2021-06-04,323.36240833474403,329.8713271716394,322.6480133267942,327.77777099609375,13289400
2021-06-07,326.9145364253234,335.060601318784,326.36880079638615,333.959228515625,20136700
2021-06-08,334.0783527890586,335.66587042753156,329.65305804593925,331.08184814453125,14580500
2021-06-09,333.1258016057894,334.17754565379573,327.4305049367785,327.6785583496094,13727900
2021-06-10,328.2143580705369,331.33982497689396,325.9917789291626,329.871337890625,13240200
2021-06-11,329.99039355021097,330.2384469560632,326.3688198807592,328.6806945800781,13587900
2021-06-14,329.31566060726266,334.1973644395812,327.24193798799115,334.1477355957031,12250800
2021-06-15,334.3660818011608,337.2732909264785,332.42135144658135,334.1279602050781,15795200
2021-06-16,334.07831019373776,334.92166747666334,326.16043526357373,328.5020446777344,17232200
2021-06-17,327.9166858746589,335.348386848026,327.5793368606947,333.88983154296875,17794100
2021-06-18,331.9251840766744,333.53256511705314,326.43824458108406,327.0931091308594,23039500
2021-06-21,328.51199879851725,330.3277666521811,325.0987815754126,329.7026672363281,11337500
2021-06-22,330.09962664292874,337.273343645836,330.0103310304399,336.3902587890625,15345300
2021-06-23,336.70768365205276,340.7460001805239,335.56664409367676,337.9380187988281,14817800
2021-06-24,339.1881819036896,342.21442088527454,339.12865151768773,340.5078125,12329100
2021-06-25,339.9224463575193,341.4405319220191,337.0351012093616,338.7119445800781,14594400
2021-06-28,339.7934517054594,355.35138354168714,339.1088219177448,352.870849609375,29156100
2021-06-29,353.49595592074894,353.9622975602913,346.3321719592447,349.15008544921875,21417300
2021-06-30,349.4278886007124,350.17204882576885,344.466820433669,345.0025939941406,15107500
2021-07-01,344.1195206582734,351.90840330765593,343.80200504587583,351.6305847167969,17137000
2021-07-02,352.3351118694745,353.6646746729112,349.87441084642035,351.938232421875,11521300
2021-07-06,353.72411652527984,355.99629394291753,346.4611063605734,350.0330810546875,13488500
2021-07-07,352.49383434528966,353.71423776723833,347.2747808070036,347.7609558105469,14218900
2021-07-08,343.03801220730537,345.61774329354535,339.89268183283735,342.9586181640625,14406500
2021-07-09,342.63123253632193,347.97924848366796,342.58160368473915,347.6915283203125,13018700
2021-07-12,348.4951912820845,351.43213503991996,346.91757530230257,350.41015625,10018600
2021-07-13,348.76304737206374,355.6986100896785,346.0840587937821,349.34844970703125,11456000
2021-07-14,351.7992818634606,352.43431315647945,344.0302620301716,344.9232482910156,13894200
2021-07-15,346.5107713852772,346.5107713852772,337.57091703181555,341.77789306640625,14781600
2021-07-16,342.2244329895084,343.2960104688672,337.4915845124047,338.5036315917969,11026100
2021-07-19,334.9415530868475,337.1442684957518,331.9351470822577,334.3263854980469,14372300
2021-07-20,336.1619785065814,340.7757962853777,331.89547184743174,338.9997253417969,11024300
2021-07-21,338.84093751886803,343.82183878893244,338.59288412390543,343.53411865234375,9279700
2021-07-22,343.9806122329509,348.8027861958201,342.5220569930656,348.45550537109375,12385400
2021-07-23,358.09978366506846,372.40748560789234,354.4087481746398,366.91064453125,33694300
2021-07-26,366.70226514354084,371.52443867186565,365.35286926957764,369.5598449707031,14925200
2021-07-27,369.01418804237403,370.24452329824976,361.71147971727765,364.94610595703125,15705400
2021-07-28,371.64356750310543,374.6102768280347,364.07297199585037,370.37353515625,29676900
2021-07-29,358.18915481334045,362.673949950661,353.96231465421084,355.530029296875,33413200
2021-07-30,351.24361661835076,357.92122508930873,350.19187261810475,353.52569580078125,15976200
2021-08-02,355.3117024170683,356.6015680075973,348.00899444804065,349.2095947265625,13180400
2021-08-03,349.98348464822794,351.01536490403487,344.9926518703987,348.50506591796875,12406100
2021-08-04,349.675976949346,357.67321721132265,348.77305881912804,356.1253662109375,14180600
2021-08-05,356.8397103759352,361.06651968292107,354.121024546421,360.1437683105469,10247200
2021-08-06,358.58594870569516,362.3067492877547,358.58594870569516,360.6795349121094,8925000
2021-08-09,360.9276254852371,362.9318860379037,357.9410528872916,358.7943420410156,7798900
2021-08-10,359.01267718837187,361.2650217132256,356.24442270957024,358.3181457519531,7469900
2021-08-11,359.28051696685594,359.5384718883265,355.02391254312903,357.15716552734375,8400300
2021-08-12,355.65898438949955,360.1735442509098,354.3293914916329,359.8262634277344,7170700
2021-08-13,360.14384694793864,361.82069070514314,358.6654580642347,360.3522033691406,7195700
2021-08-16,359.6972591712923,364.09278838073544,354.597297072418,363.705810546875,11222100
2021-08-17,360.1536923226501,361.8305356773374,352.3052793550785,355.6589660644531,12328700
2021-08-18,353.4761013114874,357.05797793706466,352.384660276008,352.6823425292969,10042400
2021-08-19,348.61428473703285,354.785855077009,348.2670038908366,352.35491943359375,12004500
2021-08-20,351.8389597404687,357.1869754679856,350.55899567761094,356.5718078613281,8697700
2021-08-23,356.6412844176642,362.842619862997,356.3039354030331,360.5208435058594,10942000
2021-08-24,360.8283698916123,365.094875886955,359.02253403016067,362.6639709472656,9235100
2021-08-25,362.75329155616987,367.97231440598324,362.5548367278309,365.5215759277344,9684500
2021-08-26,365.51167077890847,366.5634148299636,361.29476274855944,361.5428161621094,7888700
2021-08-27,362.2572389995464,370.8299498840201,361.24516161543517,369.7286071777344,11219100
2021-08-30,369.6590785756934,378.5195383294216,367.6349544508704,377.6960144042969,13547300
2021-08-31,376.9915944473429,379.7797124259526,375.8505245076621,376.426025390625,12345400
2021-09-01,376.6343583249429,381.33744111851894,375.8604329249879,379.0751953125,11567200
2021-09-02,378.5295108429375,378.77756425764454,371.14743879885947,372.3579406738281,14832900
2021-09-03,371.83200915575986,374.223247324552,370.20476448124776,373.33026123046875,7509600
2021-09-07,372.95325943620423,379.97811852578053,370.2445053593143,379.2041931152344,10793800
2021-09-08,377.19995675435416,377.9044199897593,371.87177413003326,374.630126953125,11067200
2021-09-09,374.6995498243246,376.8724697008113,373.6378740295423,375.0567321777344,9098900
2021-09-10,378.39058756343474,380.8016897745919,375.3147494355466,375.74139404296875,11549600
2021-09-13,378.7081276647406,378.7775898927496,371.4352143764918,373.5783996582031,13026300
2021-09-14,374.46139601166345,375.64213258472364,372.1892184534272,373.5981750488281,8711600
2021-09-15,374.06454967027025,374.62018689725124,364.80720954935725,371.008544921875,17940300
2021-09-16,369.88729512897135,370.6512886562061,366.83126046012364,370.1551818847656,11934200
2021-09-17,368.518069098452,368.518069098452,358.77452395434756,361.8801574707031,26299000
2021-09-20,356.50233413802766,358.2188745657045,347.0763049441087,352.9303894042969,19822800
2021-09-21,355.70858018739267,357.2365976294864,352.4243555514342,354.696533203125,11751900
2021-09-22,344.52634630694666,347.1160093217714,338.0372607512432,340.5376281738281,43692900
2021-09-23,342.670840159835,346.9473082065627,340.3292308319286,343.26617431640625,21806300
2021-09-24,340.5673831281829,351.5908918646858,339.7041621492039,350.2117004394531,18801900
2021-09-27,347.0862695745265,352.3846870622932,344.3775152914721,350.826904296875,15205800
2021-09-28,345.2606006251784,346.8779137926571,336.28107879832675,337.9975891113281,21710300
2021-09-29,340.4780817360786,342.5419029260096,336.24134067745075,336.96563720703125,14452200
2021-09-30,337.7991194420631,340.13079708981513,335.5170100804958,336.74737548828125,16547100
2021-10-01,338.95007959136314,342.3335316631441,336.0032342139593,340.3392028808594,14905300
2021-10-04,332.9174241139099,333.32423531875986,320.18733709756447,323.6898498535156,42885000
2021-10-05,326.02156134576114,332.5701777639631,323.6204211697277,330.3674621582031,35377900
2021-10-06,327.1725480115366,331.7764342864804,323.26322346461006,331.0422058105469,26443000
2021-10-07,334.3759755970612,336.20164494595497,326.4184336067815,326.65655517578125,28307500
2021-10-08,328.92872561470415,330.8039934898283,326.1505094901377,327.4800720214844,15946100
2021-10-11,325.07891170321585,327.8868625664949,322.7769691312274,322.9158935546875,14708200
2021-10-12,320.5147340827116,321.85422839876105,314.89880189213005,321.24896240234375,31658700
2021-10-13,324.4240721962077,324.4538373921097,320.1476341318763,322.01300048828125,14761500
2021-10-14,325.8032036958003,327.9463884457826,324.5530353016082,325.9718933105469,14302200
2021-10-15,326.1207838969584,326.50776176514034,319.9988424702533,322.2313232421875,21596400
2021-10-18,326.3887129908453,333.27467858119854,324.9499909950665,332.72894287109375,21585000
2021-10-19,337.00536339171015,339.79348135249637,334.6538218634987,337.34271240234375,18786300
2021-10-20,340.77581084319115,341.3016828983417,336.80695600282183,338.1265869140625,13639500
2021-10-21,337.63046963499943,339.6446621931022,335.1697688091569,339.218017578125,16354400
2021-10-22,323.8089001568594,327.063359410349,318.6096805314403,322.0824279785156,35224500
2021-10-25,317.8060197357078,326.9939278171444,317.23054914233694,326.1307067871094,38409000
2021-10-26,325.7040226955759,327.6388209090137,307.1893146121801,313.3509521484375,65654000
2021-10-27,311.74360248983976,316.7642010297312,309.63018261546694,309.7889404296875,29971800
2021-10-28,310.5529092792764,322.98534384775115,305.7109023111952,314.45233154296875,50806800
2021-10-29,317.6968505547002,323.46160870461625,317.1114482093507,321.050537109375,37059400
2021-11-01,323.50135079861377,330.8536576667593,323.46165377375024,327.4106750488281,31518900
2021-11-02,328.7997441561289,332.1831961301534,321.27874819042154,325.5254211425781,28353000
2021-11-03,324.939995125202,329.56371374990124,320.6834209371034,329.037841796875,20786500
2021-11-04,331.40925503173617,334.64385059003166,330.0598288683122,333.23492431640625,22495300
2021-11-05,337.6601935331412,344.0897482903848,336.99542740599173,338.47381591796875,26872800
2021-11-08,341.7382250284052,342.10533921947234,335.70554932019894,335.9833679199219,18342500
2021-11-09,337.3526207608711,338.6524181419945,331.8656808167528,332.7586669921875,17556700
2021-11-10,329.901140695636,330.59570243398394,322.9755080862131,325.08892822265625,21872600
2021-11-11,327.25187039453397,329.8712983414455,324.45382100127904,325.18804931640625,12376600
2021-11-12,327.6090584700832,339.1981053182596,327.2121791111643,338.2356872558594,25414300
2021-11-15,341.6588004963411,350.8963059628038,340.5276928269547,344.8537292480469,25076600
2021-11-16,341.15277172534195,343.95082120477787,338.2158280944205,340.28955078125,18181100
2021-11-17,341.5596516250175,344.5958232777505,337.4519024454214,338.1166687011719,13602800
2021-11-18,337.07480472247227,339.79346029139595,332.68920729614837,336.0528259277344,17487200
2021-11-19,339.5355508184028,349.358460698102,337.2534410694076,342.61138916015625,26488500
2021-11-22,346.33211109021926,351.07489042308794,337.8586295766536,338.354736328125,27116800
2021-11-23,336.29093495274225,338.74170365953904,330.9032225838584,334.6240234375,17225000
2021-11-24,333.3837897309682,339.1187834740705,330.2186257334472,338.4043884277344,13566200
2021-11-26,333.18537074474375,335.12019970178665,329.31574311061917,330.5262451171875,14750700
2021-11-29,334.26690233273945,338.01746906917316,332.6991876624011,335.39801025390625,16650900
2021-11-30,332.39159586170115,333.1952865516864,320.9116758657948,321.93365478515625,25390000
2021-12-01,327.71820475396504,327.9265611101717,307.8739347926839,308.1815185546875,30329600
2021-12-02,308.9752901333186,312.1503855715874,304.80801143553936,307.9731750488281,24396200
2021-12-03,311.2871404362867,311.30697380475056,297.1679319666065,304.4507751464844,27471000
2021-12-06,305.73080691553787,317.60760590944744,303.954735944998,315.39495849609375,21758300
2021-12-07,319.0661126641519,323.9974151280257,318.5005436838794,320.29644775390625,18794000
2021-12-08,322.46943949245696,330.15909535727707,320.55447439589165,327.98614501953125,19937700
2021-12-09,326.97410398872734,333.51278849439655,325.44608644592824,327.2519226074219,16879200
2021-12-10,329.97061342649425,332.4213826829981,323.82880768408097,327.1824951171875,14528000
2021-12-13,328.3730839089908,338.4341134815039,327.0236577459982,331.885498046875,22948700
2021-12-14,325.4956596112595,333.08611788089667,325.09878022695415,331.141357421875,20461000
2021-12-15,329.9011126857574,339.4462033242894,321.45739496395663,338.9997253417969,24681300
2021-12-16,336.340545427701,341.7778560656633,331.14132606182676,332.29229736328125,22635000
2021-12-17,330.20869739741596,334.4851358944469,328.1746714850775,331.1910095214844,40012600
2021-12-20,327.2121646581388,327.3312254325602,320.01861683063964,322.9158935546875,17901800
2021-12-21,323.86845614497594,333.3837812684171,321.2291642430061,331.5978088378906,16116800
2021-12-22,331.20087485098674,331.9053682815048,325.7040335196158,327.8769836425781,16764600
2021-12-23,327.5297071595906,334.04855761445225,325.8032349487416,332.6296691894531,13987700
2021-12-27,336.2115846993633,345.1613404781223,335.3781289082556,343.4844970703125,17795000
2021-12-28,343.9310116569067,349.9636571382656,342.51215344868643,343.5242004394531,16637600
2021-12-29,344.20886506827196,346.96721799730705,338.9799096672479,340.269775390625,10747000
2021-12-30,341.32143706639886,344.5262975070784,340.5475117633185,341.6786193847656,10593300
2021-12-31,340.3491274256358,340.76587049663726,333.65168504996285,333.7310791015625,12870500
2022-01-03,335.6658703471166,338.4242231212458,334.564527714693,335.9040222167969,14537900
2022-01-04,337.30302124422224,340.4185561639644,329.2859184989826,333.9096374511719,15998000
2022-01-05,330.426939558543,333.1456252268606,321.3184266010709,321.6458740234375,20564500
2022-01-06,320.3064141577774,336.529113208816,320.2071867379019,329.871337890625,27962800
2022-01-07,330.1491888852964,334.37602909098933,326.31925839804165,329.20660400390625,14722000
2022-01-10,322.77701413394965,325.78342022706335,312.9739386071096,325.5155334472656,24942400
2022-01-11,324.23552173215785,332.0244036529667,322.74720150321167,331.76641845703125,16226800
2022-01-12,332.57010247924256,333.75083892693334,327.46020918206716,330.6650695800781,14104900
2022-01-13,332.37174337245716,333.0166761967169,323.22353219830933,323.93792724609375,14797100
2022-01-14,319.28440929161326,330.1392280379995,318.70890847122666,329.315673828125,16868500
2022-01-18,320.7727525971954,321.6855721790978,315.1667516493473,315.6727600097656,22645600
2022-01-19,317.0916001571118,324.55306560102997,316.84354676400187,317.1015319824219,20814700
2022-01-20,321.3779672147133,325.2674577074556,313.5196527472708,314.0951232910156,16925000
2022-01-21,312.3588002521819,315.83154828865156,300.6804556131822,300.8094482421875,28710700
2022-01-24,295.52088719382215,307.1198662942084,286.7596546601461,306.3062438964844,38878100
2022-01-25,297.6144721826559,303.84557218580625,295.26290058857546,297.8128967285156,25108500
2022-01-26,304.61951658051186,305.1156233960731,288.58534066797705,292.3359069824219,28348800
2022-01-27,295.43156407033877,299.3607209780765,291.96874871003104,292.3457946777344,21629900
2022-01-28,293.3182011734946,299.54930182886426,290.74837139396675,299.36077880859375,21871600
2022-01-31,298.33873839278067,311.3466727082712,296.9893426102175,310.82080078125,21579500
2022-02-01,312.110712917288,317.1710084195929,309.6897092695964,316.5161437988281,18023800
2022-02-02,325.2674620596017,325.4460532362616,314.4027112801285,320.4849853515625,58458300
2022-02-03,242.74507365507444,246.0689955787632,233.91437785360253,235.90872192382812,188119900
2022-02-04,233.14043894132064,240.72095050433083,228.3182800713967,235.24392700195312,89342200
2022-02-07,235.8491731697321,236.44450739450184,222.26576636304068,223.1587677001953,88613800
2022-02-08,219.13038789094924,224.01207717049772,214.46697168286357,218.46559143066406,94729700
2022-02-09,222.45428854589056,231.55288554145955,220.47979314969592,230.1935577392578,86563300
2022-02-10,226.49259862397028,233.1701917922744,224.93481603289214,226.29415893554688,49310400
2022-02-11,226.68111084885035,228.6258408989016,217.0665592731031,217.84048461914062,46156900
2022-02-14,217.60236257569318,219.27920598503405,213.1076361709991,216.00489807128906,38184000
2022-02-15,218.7533485483256,219.4280465752312,213.38546897199984,219.2792205810547,42685500
2022-02-16,210.7561106818888,215.76679277675476,210.70649697006257,214.85394287109375,45817500
2022-02-17,212.35356264731095,215.8064617968669,205.54697662595777,206.0926971435547,38747500
2022-02-18,207.759594053588,209.10900508345037,203.58236835806525,204.55474853515625,37128400
2022-02-22,200.76450085331822,205.86447827017005,198.50225500397403,200.50653076171875,39852400
2022-02-23,202.57031575483987,205.3286681275811,196.5078905456906,196.90476989746094,44481400
2022-02-24,189.5723294747781,206.72771123120492,188.73887367786082,205.98355102539062,49957200
2022-02-25,203.34425365392673,209.67458114367503,201.59794806228433,208.8411102294922,37627600
2022-02-28,206.06291910870078,211.49032886803136,205.21954660842596,209.3868408203125,34239800
2022-03-01,208.2358762173396,210.10124274506424,200.64544776565825,201.9055633544922,27094900
2022-03-02,203.1855350860006,207.52150442627743,200.4470305247701,206.48960876464844,29452100
2022-03-03,207.3924824658934,207.45201285707276,199.85165335697488,201.38958740234375,27263500
2022-03-04,200.7942693856852,204.2868656360038,197.2421427393917,198.50225830078125,32130900
2022-03-07,199.22654533313855,199.32577274078756,185.82174617449198,186.01026916503906,38560600
2022-03-08,186.3873155646888,195.16839612218251,184.66085859156553,188.8083038330078,37508100
2022-03-09,194.2158724601669,197.54971036602572,192.41003665533762,196.95437622070312,31894700
2022-03-10,193.32288838403682,194.75167834752023,189.58225412516933,193.6900177001953,24853000
2022-03-11,191.14001813828725,192.05285278974358,185.2165020189651,186.14918518066406,34694500
2022-03-14,185.57369820987867,190.79273600899157,184.3731282981707,185.17681884765625,31010500
2022-03-15,189.3143714628746,190.7828434568231,184.4624472170767,190.5347900390625,31721700
2022-03-16,193.18398861957286,202.14367638925566,193.00539743531633,202.04446411132812,40640300
2022-03-17,200.12948853216994,206.42011938787329,199.5440861170762,206.2216796875,29499700
2022-03-18,205.090541957238,215.1119050734654,204.3959954860092,214.8043212890625,52128000
2022-03-21,212.82981923288457,213.03819075246523,206.01331658056841,209.84326171875,30142300
2022-03-22,209.7241721651945,217.75119125075489,208.54343562422935,214.9630584716797,31998800
2022-03-23,211.66891999041766,215.11190224536244,210.5080319452024,211.79791259765625,23717300
2022-03-24,213.325928057074,218.95177745927012,213.1175565355208,217.8603515625,31502300
2022-03-25,218.79300673228764,223.7441578485975,217.1856256093876,220.0928192138672,40039000
2022-03-28,220.40040620029254,222.29552262165006,217.83056153535037,221.84902954101562,26224100
2022-03-29,224.30970801343267,229.0921690998033,223.53576757259168,228.0701904296875,31417900
2022-03-30,227.12762598483724,229.35017482946435,224.94475902387336,226.0758819580078,25588000
2022-03-31,226.67122486671175,226.71092189452406,220.52941942103524,220.62864685058594,24192300
2022-04-01,222.80157604386122,225.51031504373782,220.9659747526021,223.0992431640625,19544800
2022-04-04,224.22046361567308,232.52530316984405,224.10140280800832,232.06887817382812,28054800
2022-04-05,232.25735388242694,235.0157063910786,229.22118278585194,230.0347900390625,29727200
2022-04-06,225.14320167620593,227.20700787328028,219.68602663220452,221.56130981445312,28995100
2022-04-07,222.18638486720067,223.76401600245768,216.85820266353352,221.21401977539062,21037200
2022-04-08,220.64846014240237,223.37704747970082,218.31675217999265,220.59884643554688,18375700
2022-04-11,216.719312262378,218.89226266496607,213.5442314837016,214.7745819091797,20516600
2022-04-12,218.52511922684667,220.30117483214664,211.47048023153366,212.4726104736328,20128800
2022-04-13,210.17069419373846,214.92339072532232,209.68450407431595,213.31600952148438,19231800
2022-04-14,213.21680557031203,213.3160329982505,208.36488108772562,208.54347229003906,18379500
2022-04-18,208.36485177792,211.71853852275748,206.6780917200943,209.1288604736328,16580800
2022-04-19,208.88082627442776,216.7292249062666,207.37265725519583,215.61795043945312,20089900
2022-04-20,211.94676758701675,212.49248814621333,197.37114601309614,198.85946655273438,43036500
2022-04-21,200.03025394497672,201.38958163792174,184.13498893603338,186.60560607910156,49954100
2022-04-22,188.88768875332022,191.21939665285564,181.84298162915087,182.6764373779297,36426800
2022-04-25,181.30717254952796,185.72251969233,180.24551195428148,185.5340118408203,29281100
2022-04-26,185.17682720845232,185.73246439664177,178.10233946459232,179.54104614257812,31747400
2022-04-27,173.07181323676826,179.79903546123612,167.68410058572994,173.5877685546875,71062900
2022-04-28,201.33999482037984,206.90631407931315,191.39800967095255,204.12811279296875,100890600
2022-04-29,202.86801081473362,210.82555343692744,198.3435038247346,198.90907287597656,49193400
2022-05-02,199.60362883971555,210.2302442617145,199.4250376403443,209.486083984375,49915300
2022-05-03,208.81134431020465,213.22669170109717,206.46971966222895,210.37904357910156,41556300
2022-05-04,209.00980002605064,222.55352547851587,205.34854436270368,221.6704559326172,41375900
2022-05-05,217.03680989451814,218.4556680856586,204.5547608988458,206.6582489013672,41129200
2022-05-06,205.72555946603094,207.74968364193575,199.45477753082457,202.18336486816406,34747200
2022-05-09,198.28396076469102,200.99271477399856,194.0571363094751,194.68223571777344,36303200
2022-05-10,197.95654095400684,201.37969017738874,192.67797217965332,196.11102294921875,34452500
2022-05-11,194.80131449139864,199.107518248461,186.80407461686013,187.27041625976562,31153400
2022-05-12,185.6034850677345,196.50791865624595,183.3412391310792,189.75094604492188,38262200
2022-05-13,191.08050726208492,198.33358664883283,189.7906264841729,197.07347106933594,24549800
2022-05-16,195.5156825403244,203.7708913817843,194.40439307206805,198.48239135742188,27112600
2022-05-17,200.54622104854852,203.8602261947691,196.8155031199633,201.04232788085938,24872700
2022-05-18,198.4427526746734,199.43496643804676,190.13792832003207,190.74317932128906,23960000
2022-05-19,189.71124151698106,193.76939159776364,188.12370880561264,189.800537109375,24446900
2022-05-20,193.45189338862062,196.36900389432037,186.4071705328154,192.03302001953125,31465600
2022-05-23,193.67019183029456,195.45617949343676,189.75095079783037,194.70208740234375,25059200
2022-05-24,179.14417279094744,182.24979113801103,174.73874187922655,179.8684844970703,50406300
2022-05-25,178.99532022087533,184.00600172835072,177.92374289893897,182.39862060546875,28030200
2022-05-26,181.4560393911431,191.32856230221216,180.84085662538251,190.13790893554688,23056500
2022-05-27,189.87000699281722,193.80909644271358,188.3221561022746,193.61065673828125,22562700
2022-05-31,193.37253032745087,196.0614361569242,190.51494998321056,192.13226318359375,26131100
2022-06-01,194.97988929114155,197.97637860549406,183.5595161934951,187.17117309570312,36623500
2022-06-02,186.98263792416654,199.37539044535956,186.2682429666932,197.31158447265625,31951600
2022-06-03,194.45401759307975,195.07911700749378,188.30229628512222,189.2945098876953,19465000
2022-06-06,192.47954818945584,195.3867271701413,186.9330618961677,192.73751831054688,30574200
2022-06-07,190.43553610169909,194.9997244090153,189.99897486480518,194.12657165527344,18828700
2022-06-08,193.15423977117806,200.45693323180112,192.89626965875735,195.10890197753906,22267200
2022-06-09,192.7672452341674,197.89698741635377,182.24977565995093,182.56729125976562,23501600
2022-06-10,181.6147791626238,181.6743246989857,173.65723661984313,174.2029571533203,27450800
2022-06-13,169.2617168018966,171.23622734441977,162.75279791555977,162.9810028076172,31749300
2022-06-14,164.73721814492058,165.4516131279456,160.10358258056343,162.4551239013672,27244300
2022-06-15,165.8981189021135,170.81950525732464,162.70318974465354,168.03138732910156,30008300
2022-06-16,162.4452315414264,163.7946428069884,158.36723254432198,159.61741638183594,26944100
2022-06-17,160.42109974328864,164.6082426639391,158.65496061258537,162.46507263183594,31374200
2022-06-21,164.6379787621538,166.45373128366802,154.75554078208074,155.82713317871094,50724900
2022-06-22,157.1467889716582,159.5380121523933,154.22967867369047,154.63648986816406,47267800
2022-06-23,155.05323041722062,158.5061296598179,153.04895461675687,157.513916015625,40499200
2022-06-24,160.47069933031898,168.92436333833888,160.04405475471546,168.83506774902344,68736000
2022-06-27,169.98605620964864,170.41270082808344,166.7018161864418,168.17030334472656,29174600
2022-06-28,168.57708966300072,169.96619782883943,159.35943170287592,159.4288787841797,27744500
2022-06-29,162.2964141909988,165.03491875533774,159.07171942727453,162.6635284423828,28595200
2022-06-30,160.8874320004222,163.9434517587167,157.25594166723448,159.99444580078125,35250600
2022-07-01,159.06178470476493,159.3693685465401,153.79313208602133,158.78396606445312,31423900
2022-07-05,156.90865227351182,166.93993200272172,155.79737792755841,166.88040161132812,28618600
2022-07-06,166.8903222600425,170.25392571345915,164.17166672198726,168.44810485839844,23085900
2022-07-07,168.1306178006273,171.3751610195185,166.47362264614256,170.8492889404297,24083400
2022-07-08,168.6564524697086,171.0576074080328,166.84069988354267,169.54945373535156,19249200
2022-07-11,165.76916406360962,166.18589203584943,160.64933730755345,161.61178588867188,21885600
2022-07-12,163.5168038543085,164.61816155285183,160.83783016973706,161.99871826171875,16639700
2022-07-13,158.91293732025682,163.6953991051211,158.3672168002053,162.21701049804688,16555100
2022-07-14,159.96468182944713,161.3240096508679,156.05535772465447,156.81936645507812,23765200
2022-07-15,159.2899748082911,163.6954058947358,158.57559489965857,163.41758728027344,23342800
2022-07-18,165.45161342788072,170.35315090475228,164.35025575538538,165.92787170410156,23574300
2022-07-19,169.04342159539536,175.11577895763392,168.19011731697498,174.4113006591797,25933700
2022-07-20,176.1079959030853,182.17042155610093,175.32413868697932,181.6643829345703,24784300
2022-07-21,179.2235433302716,182.41847226069277,177.47723774446465,181.74375915527344,27195800
2022-07-22,171.72242605878435,174.23272541696684,167.09870675194256,167.95201110839844,42583900
2022-07-25,167.6840944354724,169.24187701783146,163.5267171273681,165.35238647460938,26166300
2022-07-26,164.6479363142058,164.70746671110234,156.720143761273,157.91079711914062,28468400
2022-07-27,161.32400407048306,169.53953138988183,160.75845019660002,168.25958251953125,43846600
2022-07-28,159.8059311673132,160.25242429053662,153.6442927588761,159.4685821533203,73214300
2022-07-29,156.4621811011794,158.8931016432451,153.96179833277887,157.8612060546875,42065400
2022-08-01,156.0255825636675,163.9037606652723,154.02130693001527,158.68470764160156,40596700
2022-08-02,157.07732170479792,160.97672875527448,156.779654617437,158.94268798828125,27374500
2022-08-03,161.42321640150777,168.21986977837946,160.3119421286126,167.4856414794922,31721900
2022-08-04,166.98955319565712,170.80956650112654,165.50123278418064,169.24188232421875,23938200
2022-08-05,165.68976183936536,170.27378402922727,164.50902518076973,165.80882263183594,25832700
2022-08-08,166.69188162513768,176.1278273310258,165.82866065437182,168.9243621826172,27299100
2022-08-09,167.63450137417337,168.20998713624027,165.30280826612145,167.2177734375,18655100
2022-08-10,174.6196773573301,179.07470674304471,172.59555312980802,176.9513702392578,30262100
2022-08-11,178.3107171671491,181.67432074948522,174.99671215406823,176.10800170898438,24079100
2022-08-12,179.402142516149,180.04709045423732,177.51694269092118,179.0945587158203,21274000
2022-08-15,177.56655658180426,180.02724212693158,176.81246453895838,179.4815216064453,15878700
2022-08-16,178.0428056048491,179.58073966791372,175.66148395043294,178.07257080078125,21156700
2022-08-17,175.38367239848955,176.75293202621683,172.81384278005555,173.48855590820312,20118100
2022-08-18,172.98250271462427,174.39144410658275,170.5218174061318,173.30001831054688,18844500
2022-08-19,168.87477070432132,170.9782740683237,165.74930356844013,166.6522216796875,26240800
2022-08-22,164.20144505183907,164.20144505183907,160.99658400957932,161.7804412841797,19499700
2022-08-23,161.2148575390599,163.76485369577472,159.44871858552835,159.85552978515625,18111800
2022-08-24,159.34953817492186,164.17169772260078,158.5259989256291,161.9888153076172,20891500
2022-08-25,163.89383014741966,167.56503246665474,162.74287391315033,167.46580505371094,15550500
2022-08-26,167.16816909189782,169.5891730748827,160.4111958472438,160.5203399658203,24023600
2022-08-29,159.40903722795167,161.78042707604678,157.77187573869497,157.93063354492188,20052700
2022-08-30,159.10145839344236,160.40125579993304,154.6960275433671,155.93629455566406,19567900
2022-08-31,165.76914071346795,166.53313431830148,160.87751957743515,161.66136169433594,40953000
2022-09-01,162.30632475039022,166.05689146124206,159.10147862233006,164.0724639892578,30145700
2022-09-02,166.14617414203198,166.62243245907325,157.98025996910707,159.0717010498047,22634200
2022-09-06,158.85340797014467,160.43102400577848,156.46216949199575,157.3055419921875,19339800
2022-09-07,156.53160209381846,159.70669752312688,155.58900226198247,159.14112854003906,16831200
2022-09-08,157.47423484046743,160.96681598296698,156.51178639006864,160.7981414794922,22530800
2022-09-09,161.97889181224986,168.21990952737565,161.75068689299516,167.83294677734375,22086800
2022-09-12,166.0866417456848,170.05549633320575,165.9774976389288,167.64442443847656,23220400
2022-09-13,160.28217241060221,160.3714831377137,151.48124294581012,151.9376678466797,44444100
2022-09-14,152.1361216428672,152.34447803217273,147.88944840773684,150.2906036376953,43064200
2022-09-15,148.63361250238236,152.99934664457024,147.54217139684576,148.38555908203125,34606300
2022-09-16,146.89723035392328,147.42310236449293,143.16649743066273,145.1509246826172,40122800
2022-09-19,144.10913948991376,147.42312998804502,143.9702301618478,146.86749267578125,22169500
2022-09-20,144.6449155574268,147.68108713223123,144.08927829406127,144.95249938964844,23217400
2022-09-21,145.25015368511407,148.43516612082303,140.89433642517437,141.01339721679688,38338600
2022-09-22,140.44783132698993,143.45423717863846,139.77311823877739,141.70794677734375,34418500
2022-09-23,140.31885705271978,141.50951044279367,137.80855764915447,139.3167266845703,31710700
2022-09-26,139.02898325699817,141.13248666363052,135.12959055815918,135.3081817626953,30497000
2022-09-27,136.84611209869647,138.3344326531718,133.07569699936298,133.353515625,30826500
2022-09-28,133.57180591260422,140.9241131987942,133.2245401951875,140.50738525390625,32658500
2022-09-29,138.2748815722821,138.7511398392883,134.1472695516224,135.3478546142578,38985400
2022-09-30,134.99066448664058,139.89220213583388,134.4449439738801,134.62353515625,33166400
2022-10-03,136.0721759608596,138.53286151227974,135.04028045219258,137.53073120117188,27723100
2022-10-04,139.3961004088353,141.28130027797047,138.25504563332407,139.18772888183594,34670700
2022-10-05,137.1636140300522,139.11827604059891,133.73054829955544,137.89784240722656,27979300
2022-10-06,136.64765768866192,140.3486101635324,135.5363833056393,137.98715209960938,36231100
2022-10-07,135.69511293757594,137.21319838280945,131.40875848632146,132.410888671875,33214800
2022-10-10,132.51010844354823,135.05017243720468,130.84318198522644,132.74822998046875,24024000
2022-10-11,130.59515090965465,131.62706154565242,126.00120460626015,127.53913116455078,38481400
2022-10-12,127.32087043355055,128.66034985700185,125.266980788287,126.50724792480469,34605200
2022-10-13,122.56813925422476,130.11888501437636,121.57592569909303,129.27549743652344,34325700
2022-10-14,129.9799863217405,130.76382843262456,125.53486590146892,125.77300262451172,23559400
2022-10-17,129.2854232793601,133.7404522461728,129.16634736306958,132.9962921142578,29612200
2022-10-18,136.02258160736426,136.76674193219262,130.37688285393622,131.7659912109375,25445000
2022-10-19,131.85527792886984,135.9332768396588,131.19049656696248,132.192626953125,30691000
2022-10-20,131.89493699930915,135.70504845290708,130.28755592887023,130.50584411621094,26356300
2022-10-21,125.32650831104277,129.10684003395843,124.46328724863885,128.99769592285156,46348600
2022-10-24,126.25919191467688,132.440678957435,123.60005892557997,128.7099609375,63563400
2022-10-25,129.86091947335717,137.27275620010687,129.57316905393745,136.4392852783203,38433200
2022-10-26,130.65469177666142,134.49456906227655,127.52922470090857,128.80918884277344,82791500
2022-10-27,97.21708813251803,101.70189010182288,95.62954037737664,97.17739868164062,232316600
2022-10-28,98.80463544203202,100.06474342579838,96.75075352345948,98.4275894165039,95928300
2022-10-31,97.45522217208263,98.54665563117554,91.87897894800474,92.43462371826172,121361400
2022-11-01,93.59551916910262,96.73091049225727,92.82159370231095,94.458740234375,110189600
2022-11-02,93.47643619894015,94.45872547873054,89.77548395357398,89.83501434326172,71821100
2022-11-03,89.37860046586853,89.75563889838399,87.72160561588133,88.21771240234375,60664000
2022-11-04,89.64650005696497,90.67840314172008,87.40409513105502,90.08307647705078,55638100
2022-11-07,94.04201429464656,96.12566157324486,92.37509495776996,95.96691131591797,81987300
2022-11-08,95.17312866285086,97.03849511420917,94.05192999686678,95.7188491821289,52088300
2022-11-09,100.92796978473984,104.0832093724771,99.95559711456131,100.67991638183594,107677300
2022-11-10,106.28592485654346,111.87208476763833,103.79546657050064,110.99893951416016,80671000
2022-11-11,108.37950840773185,114.0053584062435,107.9627728904425,112.1399917602539,59961700
2022-11-14,110.12578191189753,115.36466834540867,109.9372664813659,113.33063507080078,53395000
2022-11-15,115.16622766282778,117.8154360525285,113.5191570888149,116.16836547851562,50670500
2022-11-16,113.60846619527436,115.1761656241988,111.78279666031649,112.34835815429688,33287800
2022-11-17,109.55031876422171,111.45536726035598,108.94506779878482,110.58221435546875,35093800
2022-11-18,112.91390979672886,113.42985753376976,109.75867027139351,111.17753601074219,33357700
2022-11-21,110.65165588402866,111.49504348891325,108.33980397966518,109.00458526611328,24351100
2022-11-22,109.00458917284487,110.75088726803217,107.47657928580465,110.5722885131836,29029000
2022-11-23,110.85010298653472,111.79270286479202,109.86781365645757,111.36605072021484,21343100
2022-11-25,110.43338213815132,111.85224795871838,110.15555595769946,110.54252624511719,12007600
2022-11-28,109.91741816956821,111.16760938845886,107.53610408548704,107.93299102783203,23309400
2022-11-29,108.68708307062184,110.07618368108777,107.6948694302875,108.60770416259766,23899200
2022-11-30,108.65731614954981,117.2399655163382,108.52832353355872,117.18042755126953,43348600
2022-12-01,118.27186216762439,120.25628943600728,117.4780958022648,119.50221252441406,36551400
2022-12-02,116.91253249670689,123.07417815982849,116.69424428941612,122.52845764160156,39950500
2022-12-05,120.80200951633452,123.69927150066809,120.40512255012695,121.47671508789062,35474900
2022-12-06,118.97634827925043,119.6113644410036,112.85438400330203,113.23143005371094,43689200
2022-12-07,112.87423320178922,114.97772141162169,112.00108029658497,113.04290771484375,29461100
2022-12-08,115.48374322681642,116.42634314272308,113.69775567353206,114.43199920654297,30619400
2022-12-09,114.40223194340052,116.62478830403349,112.9833661822399,114.99755859375,26033400
2022-12-12,114.28316748923302,114.81896376384701,112.25905075290997,113.81682586669922,24747100
2022-12-13,121.1790486702528,122.33994437785942,117.71622519933055,119.21446990966797,44701100
2022-12-14,118.46039008353992,123.17340504101887,118.46039008353992,120.64325714111328,36922000
2022-12-15,117.40863908543345,117.70629862846144,113.12227656392382,115.24561309814453,34531000
2022-12-16,119.29385024041143,122.34986252333044,117.8948253630125,118.50007629394531,67064000
2022-12-19,115.9203158462125,116.8827642422822,113.43978186458503,113.58861541748047,29769900
2022-12-20,112.37811883780395,116.41642804447906,111.58434489885498,116.17829132080078,28742500
2022-12-21,115.79132071461487,119.40297750767131,114.71973581106239,118.82749938964844,20392800
2022-12-22,116.28743255420459,117.69638163953562,113.48939046500924,116.20806121826172,23618100
2022-12-23,115.12654391084652,117.25980468548725,114.64036136173881,117.12089538574219,17796600
2022-12-27,117.01175225347482,117.67653356062343,115.14639337715077,115.96992492675781,21392300
2022-12-28,115.34483367860929,117.23004107638656,114.61059771715533,114.71974182128906,19612500
2022-12-29,115.49367072170247,120.0876172098368,114.86857127552733,119.32361602783203,22366200
2022-12-30,117.23996617259452,119.48236352635037,116.823230694738,119.40298461914062,19583800
2023-01-03,121.86367423605601,125.38603554945252,121.32787798283579,123.76872253417969,35528500
2023-01-04,126.38816680776964,128.0451692882345,124.87008119697514,126.37825012207031,32397100
2023-01-05,125.14790852344242,127.51930617905816,123.5702924084817,125.95160675048828,25447100
2023-01-06,127.96580198249362,129.3152132188516,125.0586155413681,129.00762939453125,27584500
2023-01-09,130.13874224666318,131.91479796779146,128.2733757932046,128.46189880371094,26649100
2023-01-10,126.27902745216674,132.4009914039198,126.15996665938663,131.95449829101562,28684400
2023-01-11,129.94030532233305,132.80780214441828,129.32512256861318,131.8552703857422,25423000
2023-01-12,132.40101026363502,136.60798703423046,130.73408322737612,135.6455535888672,30757700
2023-01-13,133.91906260849916,136.3202175567717,133.79007000359942,135.9134063720703,22423800
2023-01-17,135.11963753309317,135.68520653868867,133.20467259831045,134.3060302734375,21147600
2023-01-18,134.75253769902895,136.18132782317699,131.76597996728842,131.98426818847656,20215500
2023-01-19,131.45838403334974,136.37975496300405,131.11110322074273,135.08987426757812,28625200
2023-01-20,134.8319210690861,138.85038964114324,133.56188872561822,138.28482055664062,28688600
2023-01-23,138.20544319256794,142.64063975769045,137.58035884055695,142.1544647216797,27470100
2023-01-24,140.58674499285107,143.87096953007216,140.25931269367496,142.02545166015625,21970200
2023-01-25,140.12039005259123,142.05520332710776,139.2174721444914,140.39820861816406,26622000
2023-01-26,143.27564745369034,146.36143256354927,142.18422150401676,146.153076171875,25482100
2023-01-27,147.08575448002523,151.99720893784095,146.24236683556117,150.55850219726562,35771900
2023-01-30,148.24662480680917,149.94330143789412,145.8057729000142,145.9149169921875,28040100
2023-01-31,146.79799650042315,148.71297658740454,146.37135192714462,147.81005859375,29842100
2023-02-01,146.87738577590028,152.38417457555312,145.91493732172768,151.92774963378906,55661000
2023-02-02,181.95214004621323,195.62484263627775,178.75721095112047,187.3001708984375,150475700
2023-02-03,182.0414199235635,195.23786307187538,181.4659342518953,185.0775909423828,76809700
2023-02-06,185.07759341363374,189.21512212589636,184.0754631723348,184.6112518310547,42483800
2023-02-07,184.13499687970858,192.27114515851267,182.96417698960028,190.12796020507812,47080700
2023-02-08,188.52059034038672,189.34412947288163,181.49571599932648,182.00173950195312,36139100
2023-02-09,184.6807175636952,185.1966577219229,175.88970468339843,176.53463745117188,37118800
2023-02-10,174.97688855603946,177.49710464211017,172.00024751549427,172.79400634765625,33433600
2023-02-13,176.83231268780145,179.59066534207818,174.45100605417406,178.0328826904297,31463200
2023-02-14,175.78057644351702,180.096696800279,174.51054416410403,178.08250427246094,24034600
2023-02-15,175.04633504206592,176.80255748917412,173.96482576796248,175.78057861328125,25308900
2023-02-16,171.40490435914325,174.4807726641265,170.45237261399396,171.09732055664062,25827500
2023-02-17,168.8946130194248,171.83155701990117,168.37865766907873,171.53390502929688,24171300
2023-02-21,172.95275977485835,176.78270508862917,170.541687860479,170.74012756347656,34592600
2023-02-22,169.73798383060884,171.41481205762443,168.36872424999137,169.78758239746094,22433200
2023-02-23,170.66074231120285,172.33758574816875,168.06114747660433,170.70042419433594,20017800
2023-02-24,167.3269194643697,169.39072579815928,166.35455426767354,169.06329345703125,19791300
2023-02-27,170.54167037129523,171.7720054876957,167.74362088404132,168.21987915039062,19277000
2023-02-28,170.5615125066298,176.16752845436773,170.53174730970196,173.57785034179688,46051100
2023-03-01,173.23057502664264,176.46520116867393,171.70257268922543,172.06968688964844,30998400
2023-03-02,171.0377826149936,173.64729404817407,170.09516759732804,173.17103576660156,17352000
2023-03-03,177.52684270021945,185.16688384157925,175.6714082467401,183.80755615234375,45877700
2023-03-06,186.53614946714723,188.18322761199428,183.20231129660337,183.4602813720703,33209400
2023-03-07,187.5283628156589,188.87777386268286,182.5772117015097,183.0733184814453,36701500
2023-03-08,181.44609997913568,183.81748992709475,179.92801435060838,183.52975463867188,19432400
2023-03-09,184.89901827847535,187.45891615214956,178.89612271521787,180.27529907226562,26582800
2023-03-10,179.60057931970218,183.33131216676873,177.40779572946437,178.1122589111328,25665000
2023-03-13,176.57434446133212,182.3490199218457,173.4587942651152,179.49143981933594,24728000
2023-03-14,186.119449159545,192.80697500171783,185.10738693821187,192.50930786132812,41642600
2023-03-15,191.44760738004953,196.24000079192777,189.35403611904243,196.21023559570312,42123600
2023-03-16,196.71625735908384,204.15785915002033,194.56315572437018,203.33432006835938,50447100
2023-03-17,198.99836863693588,200.32793130379721,193.90830773144071,194.0869140625,50141100
2023-03-20,196.9345567047852,197.80770954247785,192.13224637743252,196.269775390625,25186300
2023-03-21,201.61780247498058,201.9650832943874,196.4086810237472,200.58590698242188,31827000
2023-03-22,200.9232686264753,205.75534436543967,198.1153021172683,198.25421142578125,28477800
2023-03-23,201.26060208984055,206.26136708985172,200.57597228650752,202.68939208984375,27389700
2023-03-24,203.5823904151866,205.96371227058293,201.9650924531236,204.4059295654297,27716400
2023-03-27,203.2152668797388,204.2570941974041,199.79213295596273,201.26060485839844,18527200
2023-03-28,198.5915443892571,199.46469719503838,196.3590638071846,199.11741638183594,19127300
2023-03-29,201.97501242473533,204.1181975874608,200.96295024122955,203.75108337402344,18851100
2023-03-30,201.7964153232587,206.4697330979613,201.24077810622202,206.2216796875,22608300
2023-03-31,205.62634833468755,210.5179540303412,205.16000673960775,210.2897491455078,25440300
2023-04-03,207.21387546311837,211.827677583878,206.57885939268849,211.41094970703125,17924600
2023-04-04,211.7284498584111,214.55626454565197,210.88506228081928,213.048095703125,21026400
2023-04-05,212.48253674679614,213.51444737094567,208.30532596205177,209.8333282470703,19396600
2023-04-06,207.62070416732274,215.25082948122093,207.02536992733897,214.41737365722656,26104400
2023-04-10,213.03821423100212,213.98081423589207,209.01974564175555,213.07789611816406,16106100
2023-04-11,213.80215791795482,214.33796167926738,211.7482838728601,212.1848602294922,16710100
2023-04-12,213.16715018583733,215.15157723684675,210.92475306858836,212.3336944580078,18972200
2023-04-13,214.05025506049557,219.42805144239233,214.01057317449468,218.63429260253906,23310400
2023-04-14,216.18350440998398,220.38056370650133,215.85607210458502,219.76539611816406,21591200
2023-04-17,218.0786199086563,219.25935651194632,215.4393432459834,217.15586853027344,15481900
2023-04-18,218.19771151892738,218.7235835521437,214.52652397270768,216.1934356689453,12281000
2023-04-19,211.80784513578433,215.63779035912322,211.27204129636542,214.02047729492188,15898100
2023-04-20,211.81774575872953,215.06228832700887,211.11328261214717,211.41094970703125,16475400
2023-04-21,208.57325062324549,211.74833146698396,207.94815114120425,211.2323760986328,17717200
2023-04-24,212.01621778758587,212.25435452781917,209.06935700458934,211.13314819335938,15750900
2023-04-25,209.1784875550475,209.61504884053275,205.51721678874523,205.93394470214844,19198200
2023-04-26,210.84541509081166,212.44287978251066,207.25360627617584,207.76954650878906,41992700
2023-04-27,238.02213009217323,239.8081176766573,234.9264283723866,236.70248413085938,71196500
2023-04-28,237.1489637299281,238.55790520519412,233.91435289009024,238.4487762451172,39554000
2023-05-01,236.76202234544346,242.10013676312872,234.61885231326877,241.28651428222656,29143900
2023-05-02,241.2865062992217,243.01296348744427,237.1291438550172,237.377197265625,24350100
2023-05-03,237.60540621704422,239.86765214917628,230.93772921497737,235.1844024658203,34463900
2023-05-04,234.22193704205742,236.3452735137011,231.11630366840006,231.70172119140625,17889400
2023-05-05,230.43169483131584,232.85268332838044,228.0603049028967,230.9674835205078,27000500
2023-05-08,229.618073071823,233.7853672287388,228.47703347004094,231.45367431640625,16400500
2023-05-09,229.65778559464076,234.04336825414188,229.2807395505276,231.5529022216797,16865600
2023-05-10,234.33108842458907,234.90657414001882,228.92352723267723,231.26515197753906,19119000
2023-05-11,231.2354000059932,236.35522620301435,230.49123974968126,233.9540557861328,20449000
2023-05-12,234.89666530723997,235.11495352176897,229.64784661240037,231.98947143554688,16161400
2023-05-15,235.07525568820336,238.38924563922228,233.4976396213384,237.00015258789062,20653200
2023-05-16,233.9540432740443,237.77407177480512,233.68615649688385,236.96046447753906,18163800
2023-05-17,236.5933464897594,241.94137756334118,236.2857626745779,240.60189819335938,21193100
2023-05-18,239.42114424198073,245.16605431320838,239.31200014059405,244.9279327392578,22943300
2023-05-19,245.5431087203749,246.753610562604,241.51472379688204,243.72735595703125,21733600
2023-05-22,243.49915972156407,251.5956268801899,243.21140927966366,246.38650512695312,27738500
2023-05-23,244.8882489627154,249.65087751904687,244.72949114484263,244.8188018798828,17748100
2023-05-24,243.37018442239582,247.64662321037406,243.04275207208923,247.26959228515625,17724300
2023-05-25,251.4269210658252,253.6296364767489,247.22986176229892,250.7224578857422,22371400
2023-05-26,250.9605825230714,260.2675510820646,250.7423094564224,259.9996643066406,25727200
2023-05-30,263.18467584953015,266.5581962700264,259.25551819647967,260.4759216308594,23816500
2023-05-31,257.97556357281155,262.93663210305795,256.43764444041886,262.6588134765625,25473700
2023-06-01,263.82956065505147,271.86649597151376,263.8196591105298,270.4873046875,25609500
2023-06-02,270.53693352991894,273.2059902375829,269.0089162785536,270.4873046875,19416900
2023-06-05,268.1953768204094,273.42436290204057,267.4611483013033,269.27691650390625,20742900
2023-06-06,268.0366221259544,274.41654891819206,267.59011385118043,269.00897216796875,19419000
2023-06-07,269.5546870369073,272.11458484922684,260.75372680643784,261.5475158691406,26163600
2023-06-08,258.5907094762658,265.5659700319198,256.86426746253426,262.5198669433594,20899400
2023-06-09,260.43622471709676,265.8636340720592,259.6622993556924,262.8869934082031,16949800
2023-06-12,265.0897503979936,269.6340758695962,263.2640505240302,268.93951416015625,15442500
2023-06-13,272.73970632322903,273.57316219648015,266.9947805297934,269.2074279785156,16164000
2023-06-14,269.7730254955901,272.84886406164475,266.2308149508549,271.2216491699219,19175100
2023-06-15,270.1797642281489,281.7787441952247,269.3066416531064,279.63555908203125,25973500
2023-06-16,282.5327816620416,285.6086494323509,277.94876033904234,278.8119812011719,43127700
2023-06-20,276.559686831415,282.5823999177386,274.0692211931128,282.1160583496094,20701600
2023-06-21,281.32231995476303,281.78866155656544,276.1925623349365,279.4470520019531,20556200
2023-06-22,276.90694737547614,283.0388501973206,275.62701368291556,282.66180419921875,17563100
2023-06-23,279.31802892306763,287.4144946253104,276.77796481412315,286.4818115234375,51092000
2023-06-26,286.45208350341085,287.5335927129634,275.4385062924321,276.3017272949219,24232700
2023-06-27,279.81417598610125,287.0970204097257,278.4647497013113,284.8149108886719,26108300
2023-06-28,282.60229241746646,287.29544349247846,281.84820037160534,283.0686340332031,16722100
2023-06-29,282.28479703637055,284.33868665809604,278.50446526998496,279.3379211425781,15395700
2023-06-30,282.54279817177024,286.79937337324867,282.2054491291331,284.7455139160156,19694900
2023-07-03,284.4676665294726,287.1466252255622,282.6320652147703,283.7929382324219,8629300
2023-07-05,285.41020498047294,295.7986814551919,284.1302410971252,292.077880859375,33865500
2023-07-06,293.5861187368782,295.79873585225204,289.0417631500449,289.7164611816406,47600500
2023-07-07,289.90496868523604,293.89368682314864,286.4123876380687,288.267822265625,25586000
2023-07-10,293.24871963934146,295.8086477039445,284.8149039740183,291.8100280761719,37058300
2023-07-11,291.61160499769574,297.8427059212955,289.6271775662314,295.9674377441406,27585900
2023-07-12,299.4004680187438,307.04052521355806,297.7633215569858,306.9313659667969,36677100
2023-07-13,311.17805244131847,313.77764746289074,307.87399417862326,310.9696960449219,30281000
2023-07-14,309.36230405201036,312.4282406131699,304.9667745464392,306.46502685546875,23054100
2023-07-17,305.1453506993027,309.2828640704902,302.3373695151594,308.20135498046875,25323100
2023-07-18,308.4593967151567,311.75355343232627,305.22477039697566,309.6202697753906,20731900
2023-07-19,310.59263096242654,316.1986319082592,308.1021650649504,313.5494384765625,21763700
2023-07-20,311.0589442624439,313.08306835899816,299.86677676142403,300.1644287109375,23836900
2023-07-21,302.1985317891098,303.0815862304324,288.93263955652174,291.96881103515625,42139300
2023-07-24,293.47699182399936,295.20343411859324,286.05522181880013,289.3394470214844,24915700
2023-07-25,292.89154957975995,295.97731949491924,289.5874611705835,292.1771545410156,19585600
2023-07-26,298.8448034126717,299.42027395208453,289.6271309972358,296.2452087402344,47256900
2023-07-27,322.58845435083214,322.8166743609135,307.4274329964879,309.2828674316406,64229200
2023-07-28,314.41263608382906,323.66007368157807,311.80310958996205,322.9456787109375,39220300
2023-07-31,321.1696263444991,323.1242883704477,315.11711725806254,316.1192626953125,25799600
2023-08-01,315.06747783999896,321.6160928831616,312.2098981644406,320.19720458984375,22817900
2023-08-02,315.5239417009489,315.9109195600562,308.23116529432224,311.8626708984375,20461100
2023-08-03,307.5167473332486,313.48989245918426,307.5167473332486,310.7513732910156,15180200
2023-08-04,312.5076220119246,315.93077142766623,307.7847053368224,308.3105773925781,17612800
2023-08-07,310.79106544719536,314.60116189806973,308.04261449667547,314.0951232910156,16236500
2023-08-08,311.9519945905932,315.4148411423422,307.69538915681676,310.2057189941406,15183500
2023-08-09,310.4438188052483,311.1879790598838,300.4919168777885,302.8335266113281,19955800
2023-08-10,305.5422262849192,309.907959609961,301.50391009027555,303.3593444824219,14358900
2023-08-11,300.21410278081095,302.34735615356055,298.021288729232,299.2913513183594,14046300
2023-08-14,298.63648342400137,303.8257415758813,295.9277291848271,303.805908203125,15641900
2023-08-15,303.75631580203975,304.83782509841706,297.6938743664323,299.59893798828125,11623600
2023-08-16,297.8625520218376,298.735674605063,291.988633847669,291.9985656738281,18547700
2023-08-17,290.76815881578875,293.7447993644436,282.7312535583834,282.8701477050781,23950100
2023-08-18,276.857352138506,283.46549817008304,272.2435650787886,281.04449462890625,35347900
2023-08-21,281.24300068510377,288.23809553886474,279.6554526227014,287.64276123046875,20181500
2023-08-22,290.272034137217,290.6193149024441,284.51720821041675,285.360595703125,12980200
2023-08-23,286.25361732465876,295.08431211507826,285.43009337789294,291.94891357421875,18287000
2023-08-24,296.1757836977918,297.12830035290386,284.4081439787186,284.51727294921875,18360900
2023-08-25,283.9020769402463,286.1444893241868,273.8807137103689,283.2769775390625,23701400
2023-08-28,285.7575264634264,289.180675611169,283.57464435762574,287.99993896484375,14239300
2023-08-29,286.3330045979978,296.8207102483981,285.9361251901025,295.66973876953125,20844500
2023-08-30,294.85613555978125,295.9674099723324,291.14523602077895,292.80224609375,17717000
2023-08-31,293.49679472781526,298.75554540509034,293.35790055805364,293.58612060546875,17229900
2023-09-01,297.03900536445764,299.39054694781646,292.17716437490265,294.0722961425781,12842300
2023-09-05,294.7072634122402,299.04326214464817,293.20904151317234,297.8128967285156,14956000
2023-09-06,299.36074630859395,300.93836224382807,293.3578663505046,296.8405456542969,15418100
2023-09-07,295.6796859122459,304.6592078858521,289.9446918732,296.344482421875,33748700
2023-09-08,296.8901875518962,302.87323501269304,294.46918367681815,295.570556640625,17548000
2023-09-11,299.06308448116476,306.6336785793563,298.9340918771399,305.1651916503906,19489300
2023-09-12,303.94480875658803,306.2566836294878,297.89232942332416,299.3111877441406,13480400
2023-09-13,300.0056429320661,304.78811900792044,298.9737627500185,302.68463134765625,13210900
2023-09-14,304.3515816681793,310.4338557149774,302.65490493687196,309.2928161621094,19343100
2023-09-15,309.18361852179754,309.5705963015512,296.42376809323207,297.97161865234375,28131100
2023-09-18,295.86817708684436,301.23605631967,295.4811992467907,300.1942138671875,14234200
2023-09-19,300.1247810021013,303.78605161305194,297.47555736362534,302.6946105957031,15924400
2023-09-20,302.67472271647927,305.66129510671567,297.0984875686937,297.3366394042969,19379500
2023-09-21,293.39757244980257,297.92206402517564,290.98647039875095,293.4273376464844,21319600
2023-09-22,296.9695088993633,303.00218435179124,295.94753013514656,296.751220703125,25369600
2023-09-25,293.3379890529125,298.60663987328957,291.4130926020834,298.487548828125,18987000
2023-09-26,295.3423364379203,297.9617648857279,293.7051898730457,296.6322021484375,19417200
2023-09-27,298.1106127734607,298.9539701789239,284.5569702480841,295.42169189453125,36429800
2023-09-28,296.61232993196177,303.9447725402208,294.38978120306416,301.5932312011719,22167100
2023-09-29,304.9866526085404,308.2212789671032,297.0290793382049,297.8724670410156,25373700
2023-10-02,300.3827511018216,304.78818213594394,299.28140848326984,304.4309997558594,16265600
2023-10-03,301.89092774805414,304.38136336068993,297.30690563751256,298.5967712402344,17362300
2023-10-04,296.40395369954626,304.51032114563077,296.1757336907266,303.2005920410156,16880500
2023-10-05,302.25802076171334,303.82570485884224,297.1679603687021,302.4167785644531,19130000
2023-10-06,299.0928498325672,313.8470602246019,298.5669778712355,312.9739074707031,21803900
2023-10-09,310.0667763769625,317.8357962026818,309.3920783387563,315.8811340332031,22503700
2023-10-10,316.63522300395726,322.13209523981016,315.6827063546983,319.33404541015625,19038000
2023-10-11,320.49497139971857,326.2795642087612,320.435440997427,325.26751708984375,22036300
2023-10-12,325.44608318054617,327.9663143762472,320.1774310246236,321.635986328125,20530500
2023-10-13,321.0109433480339,322.5190974882944,309.9378332288542,312.2397766113281,21341000
2023-10-16,316.1590086202523,319.3142411258242,313.0632762382236,318.6494445800781,16536100
2023-10-17,315.7025429737858,321.87411330466125,314.8293900863371,321.47723388671875,16387800
2023-10-18,318.88761254575707,323.4021732921427,313.10298904737334,314.50201416015625,16851000
2023-10-19,317.3893483300357,319.38370771452566,309.3226454655626,310.3743896484375,18709200
2023-10-20,311.6940081053693,312.8449492839968,304.08371614626304,306.2467346191406,22312300
2023-10-23,307.0901695712514,314.88895546604584,304.8676203599035,311.5650634765625,17796800
2023-10-24,314.31340722600686,315.87118976703397,308.21129994817363,310.1163330078125,19525500
2023-10-25,307.5862320515774,308.4593849099364,296.5131240641257,297.19775390625,42192500
2023-10-26,292.7029805200805,292.7029805200805,277.22444396879075,286.1047668457031,66684100
2023-10-27,292.1871053257045,296.9794842399318,290.68885292835586,294.4195861816406,29596300
2023-10-30,296.7611955420491,306.9909164922188,296.7214985151733,300.30340576171875,28435100
2023-10-31,300.94828792866167,301.3154020955398,294.5484984510661,298.9241638183594,19434200
2023-11-01,299.4997076080775,310.30489891866,299.4997076080775,309.4218444824219,20434600
2023-11-02,314.82938960721833,316.3375737850467,305.92923165658965,308.449462890625,21631800
2023-11-03,310.1163649869128,313.093005944509,308.59827930973705,312.1504211425781,16764300
2023-11-06,313.5196859262533,315.85136382365476,312.00160022439076,313.341064453125,12887700
2023-11-07,314.59124926347897,318.50057336518654,312.6663524101526,316.3375549316406,14055600
2023-11-08,315.66288535306535,318.82801924162567,312.4282589574089,317.29010009765625,13609700
2023-11-09,316.93293155587264,321.65584844839833,316.3177335914204,318.0541076660156,16103100
2023-11-10,317.44881977593377,326.53749993312164,316.9725463498959,326.2100524902344,19096200
2023-11-13,323.66009153425944,329.7423355253946,323.1639847295043,326.6268005371094,16908900
2023-11-14,331.93516844363756,335.46744667370785,330.73456810569553,333.6913757324219,17179400
2023-11-15,335.29877206542585,335.76511372075856,327.45035797842024,330.1194152832031,14531200
2023-11-16,326.8053833646593,331.97480765966105,323.838674437655,331.5878601074219,18932600
2023-11-17,327.68846422988145,332.8876536615673,326.7855462450736,332.4312438964844,14494400
2023-11-20,332.28244395513093,339.20807585654825,331.58788228778786,337.3228759765625,16960500
2023-11-21,335.6956348737611,337.2534175899777,333.28456294277595,334.3561706542969,12027900
2023-11-22,336.5687782957013,340.2499126792458,335.9436788615161,338.8310241699219,10702700
2023-11-24,337.4816354360319,339.1981456805994,334.1477818085071,335.596435546875,5467500
2023-11-27,333.5624206353755,337.25345710089465,331.59785673402524,332.0939636230469,15684500
2023-11-28,330.80402373364524,336.7374722413347,330.80402373364524,336.3504943847656,12637200
2023-11-29,337.04507424526616,337.2534306439208,328.2044465428384,329.6134033203125,16024500
2023-11-30,329.30583593205915,330.90328553474234,319.8897068567543,324.60272216796875,23146400
2023-12-01,322.9456971366447,324.31492648520225,318.2624476796763,322.29083251953125,15276400
2023-12-04,314.81947438356156,318.3616540663768,311.2177340247724,317.5281982421875,19037100
2023-12-05,316.4963670009987,319.3737809484254,312.93432311312023,315.8117370605469,16952100
2023-12-06,319.42333881953283,319.74085446043057,314.5714297293888,314.9782409667969,11294300
2023-12-07,315.2957262890319,325.684204601207,315.2957262890319,324.04705810546875,15905100
2023-12-08,320.5743007554703,330.57583118602076,320.48500516162073,330.1590881347656,14087400
2023-12-11,326.8351996970143,327.3214050196853,317.5083966027991,322.7472839355469,25802500
2023-12-12,322.07255485448627,331.86569867463805,322.0328578303436,331.6176452636719,18485500
2023-12-13,331.32988483456126,335.73531570283495,330.04995107415203,332.1335754394531,16353300
2023-12-14,331.2505036188075,332.0938912022161,326.0810794409053,330.5758056640625,19607300
2023-12-15,329.40498594080213,336.02306402754414,328.64099236363404,332.31219482421875,31776900
2023-12-18,334.85228604462384,344.85378668804714,334.3958459469585,341.9366760253906,18993900
2023-12-19,342.8891478963245,350.8467200070785,342.432738138237,347.6319274902344,17729400
2023-12-20,345.93526435895194,352.1961297303839,345.0819752003526,346.56036376953125,16369900
2023-12-21,350.2315736784916,353.6348591200321,346.49090896056947,351.3329162597656,15289600
2023-12-22,352.81128655167174,354.4186979641028,348.4852499373512,350.63836669921875,11772800
2023-12-26,352.2258964816082,354.2004221377004,350.6979093378439,352.067138671875,9898600
2023-12-27,353.2974869448079,356.20466538676425,352.5433949552393,355.04376220703125,13207900
2023-12-28,356.8992890825063,359.08214111006873,355.02399060741305,355.530029296875,11798800
2023-12-29,356.19475166917226,357.19689709783825,349.0805970920824,351.20391845703125,14987100
2024-01-02,348.58449167928967,350.41016108257946,337.3625582064885,343.5936584472656,19042200
2024-01-03,342.29388045472786,345.24075624582997,340.507877692872,341.787841796875,15451100
2024-01-04,341.81761082843025,345.43918468397345,340.72616973060616,344.4172058105469,12099900
2024-01-05,344.28819338310336,350.7475137214206,343.56389682163444,349.2095947265625,13920700
2024-01-08,351.9382128171741,356.1848862578455,349.3088222783808,355.86737060546875,13890200
2024-01-09,353.6249023605358,357.83190839334617,352.5929917924932,354.6468811035156,13463900
2024-01-10,357.3655701410914,370.03612636295736,356.28403071762176,367.5853576660156,22117200
2024-01-11,369.232493748975,369.8774266062331,360.10411548022216,366.7916564941406,17205400
2024-01-12,367.277824706656,374.124093141166,366.6626570609986,371.5740966796875,19310000
2024-01-16,370.74062077604117,372.68535103334375,364.37062615979,364.59881591796875,15306900
2024-01-17,363.4478803135723,365.6704596782648,355.8177542418374,365.50177001953125,12724800
2024-01-18,368.59746874048204,373.91575007701977,368.0616951280388,373.20135498046875,16354300
2024-01-19,376.0489622272857,381.3672126996037,375.02698340921194,380.4643249511719,21670800
2024-01-22,384.9292833279464,387.3105899434806,378.19214441636774,378.80731201171875,17680500
2024-01-23,381.62521323149974,385.35594628431977,379.10498205560805,382.2007141113281,15506100
2024-01-24,386.96333625933397,393.0654443520471,384.7903858717887,387.65789794921875,15698500
2024-01-25,387.1319879715003,392.41054123350926,382.65709501138133,390.1185302734375,15091100
2024-01-26,391.27943181312344,393.7004353737154,388.5409126393493,391.0710754394531,13163700
2024-01-29,391.91447464954996,399.7926537489581,390.03920652616733,397.89752197265625,18742400
2024-01-30,400.4474896600289,403.1959104756482,396.4588018243719,396.9449768066406,18614700
2024-01-31,385.9711262608232,394.90104949050806,384.0859263016593,387.1022644042969,20180800
2024-02-01,390.8725989590323,397.3815172689311,389.98951438627904,391.7060546875,29727100
2024-02-02,456.0213826629202,482.176118971358,449.48269858581074,471.2915344238281,84707600
2024-02-05,466.221332864614,468.2255934429309,455.64433221754496,455.8328552246094,40832400
2024-02-06,460.3871858654863,463.48288796013287,449.47283447643383,451.179443359375,21655200
2024-02-07,454.4338414397377,467.8485587840739,452.6280053703203,465.93359375,23066000
2024-02-08,464.6734814817839,466.9257954581502,461.40909025193133,466.34039306640625,18815100
2024-02-09,469.26742830028314,469.90242925067935,463.8300869402288,464.465087890625,18413100
2024-02-12,464.5444687360727,475.41912086726245,462.94698916007474,465.2489318847656,19382000
2024-02-13,453.3126287541774,464.2468421541009,451.54648973334866,456.5373229980469,20916600
2024-02-14,464.28653002066994,470.4184031638811,462.4608605223656,469.5948791503906,16858400
2024-02-15,471.5793300047414,484.81545723804714,468.5431584801579,480.2611999511719,24212300
2024-02-16,474.38723338064216,475.2306210030674,465.5565383292655,469.6345520019531,23324600
2024-02-20,466.0625897590752,472.4722813616275,462.9271910394476,468.0767822265625,18015500
2024-02-21,463.35878260142675,465.8419486389478,458.68050627412106,464.87847900390625,12921800
2024-02-22,477.0062442785985,486.69059163885595,472.8543980185372,482.8565979003906,21625800
2024-02-23,484.7636721147276,491.031180902857,479.1020716150301,480.770751953125,18374300
2024-02-26,480.2144859744723,482.86652048024735,477.3638163849019,478.4961242675781,12101400
2024-02-27,476.7479852894886,483.9888750302903,476.68839173449226,483.7703552246094,10809600
2024-02-28,481.73421522969807,487.7434649649456,479.4993657776015,480.76080322265625,12715500
2024-02-29,485.1510587006431,488.389116970363,479.36029842457447,486.8296813964844,17732000
2024-03-01,488.7962772842843,500.8545450353312,488.5380486516633,498.91766357421875,16273600
2024-03-04,499.6130279349868,501.02347964142564,493.07734798440794,494.8354187011719,12324100
2024-03-05,491.6669104902167,492.24299171468465,484.60480032570473,486.9190979003906,15325300
2024-03-06,494.2791504217165,499.583189220119,490.96164437082433,492.74951171875,11757900
2024-03-07,499.8911121312514,516.3495133273082,498.0039120353607,508.7411193847656,18586400
2024-03-08,510.72765736734266,520.0445011354961,495.9875874923853,502.54315185546875,18597100
2024-03-11,493.6633271933071,493.9712373423791,472.7947911045604,480.33367919921875,20428300
2024-03-12,489.9385381608739,498.9275859285364,481.4659779498232,496.38482666015625,15448200
2024-03-13,492.05425155124124,497.6066070345607,487.72359432803495,492.2330322265625,12090700
2024-03-14,496.891416024587,497.9740726695781,484.872887560761,488.5181579589844,12620000
2024-03-15,485.71721266457956,488.5182008794358,478.05910688483056,480.84027099609375,29153600
2024-03-18,488.5976770138942,494.070584561547,483.5320123264852,493.633544921875,11755300
2024-03-19,484.88286188860536,493.28588697301825,478.039241983051,492.89849853515625,10903100
2024-03-20,496.13654476437773,504.7779741854075,491.835714780714,502.1159973144531,11711100
2024-03-21,511.24415578806696,511.5718900411895,502.6027262330663,504.3409423828125,9712500
2024-03-22,503.5860980145008,506.5361006295545,500.9440055787889,506.1487121582031,8120600
2024-03-25,502.3841796013196,503.80454316153504,496.87153334771386,499.6328125,8380600
2024-03-26,501.7286443250279,506.56584667768334,491.87542863664703,492.5508728027344,11205400
2024-03-27,495.9379177172375,496.5239715871602,484.78355507786483,490.5345458984375,9989700
2024-03-28,489.5214267607809,489.57110826984064,481.88320544172586,482.310302734375,15212800
2024-04-01,483.91942370792447,494.08052003170116,478.53590624338904,488.0414733886719,9247000
2024-04-02,481.83353672480007,494.17983080247325,481.38655471994537,494.0209045410156,11081000
2024-04-03,495.5704114495978,503.8244530380208,495.3916307675297,503.32781982421875,12099200
2024-04-04,512.9425792580104,526.4311529440604,507.1419075498126,507.4796447753906,26476300
2024-04-05,513.3795907460255,527.1264226237954,510.94607625503056,523.7890625,19263300
2024-04-08,525.7159681793986,527.9110477017449,515.3959177184777,515.7534790039062,13260600
2024-04-09,518.7135615949388,522.3290663211401,503.3278727144739,513.4194946289062,10863800
2024-04-10,505.86061532238585,519.0412485473654,502.3940952347152,516.3296508789062,11418500
2024-04-11,517.6010230992423,520.3325056145172,513.8067382940332,519.63720703125,10369500
2024-04-12,514.2637093320776,516.6872819178756,505.90039240697365,508.4530944824219,11984500
2024-04-15,513.2406183198545,515.0384888193967,493.9315461414956,496.8616943359375,13512900
2024-04-16,494.7558921640913,501.37104976093684,493.76262580382166,496.3948059082031,9847900
2024-04-17,499.71239204143836,499.7719856076435,483.8598668770141,490.842529296875,12193700
2024-04-18,496.45443341487936,508.76101901000555,495.67968681337135,498.42108154296875,14808700
2024-04-19,499.41434858815046,499.41434858815046,472.5266493809035,477.8306884765625,25215400
2024-04-22,486.4224254546389,488.69701401127566,470.2123104372898,478.4862365722656,17271100
2024-04-23,487.94211241184524,495.4015526749956,485.6774662629057,492.75946044921875,15079200
2024-04-24,504.6389278841395,506.56586713703933,481.317021755362,490.1769714355469,37772700
2024-04-25,418.56245488313147,442.76835220036213,411.7089227857851,438.4079284667969,82890700
2024-04-26,438.48738968690355,443.433867420502,429.05135860219434,440.3050842285156,32691400
2024-04-29,436.60021149294494,436.79887691376587,425.6742802137179,429.7069396972656,21502600
2024-04-30,428.147455924362,436.65975597546355,426.8264249918601,427.2734069824219,18429500
2024-05-01,425.7140084185503,446.9301653347473,424.2340207892744,436.2326965332031,20344900
2024-05-02,435.88499880227045,440.9705176340693,429.3691740100177,438.70587158203125,15221300
2024-05-03,442.92726154360383,451.11179697891964,440.86128084790545,448.9166564941406,16489100
2024-05-06,452.5122844958483,463.02105978106573,450.28737750238747,462.5442810058594,15094600
2024-05-07,463.150215285953,468.3549217147275,458.2037375185185,465.0870666503906,13406800
2024-05-08,460.37896403219986,472.3776084845462,459.8823308455416,469.4176940917969,11683900
2024-05-09,466.83517215291295,472.87421806387255,464.481135815607,472.21868896484375,9437700
2024-05-10,473.87752171642705,474.2847646282181,466.4379651606612,472.9935302734375,10750000
2024-05-13,469.5666850409423,470.1626509363038,459.73335385977305,464.8586120605469,14668800
2024-05-14,460.24982000044906,469.35808569307136,456.9819652481851,468.6727294921875,10478600
2024-05-15,471.78169064027946,479.25104313597546,468.02714482052664,478.2975158691406,13100500
2024-05-16,471.801527600696,474.4734165714435,469.5666782594295,470.04345703125,16608200
2024-05-17,467.65958568158874,469.6163216180006,465.2658404350713,468.7323303222656,10807300
2024-05-20,466.78558596876275,470.0137019704497,463.895176926725,465.68304443359375,11745100
2024-05-21,463.9745969325562,467.5305076270988,459.15724881960597,461.5013732910156,11742200
2024-05-22,464.71957833310466,470.5301932433233,462.51452555786585,464.63018798828125,10078600
2024-05-23,469.6958131205523,471.1658279710308,458.4321759489414,462.64361572265625,11747900
2024-05-24,464.47124760813773,476.6189070760728,463.1601286330432,474.9998779296875,12024300
2024-05-28,473.3708488306615,477.6220274622316,471.64257513598284,476.6883850097656,10175800
2024-05-29,471.4638000883628,476.618854768797,470.5102728984341,471.1658020019531,9226200
2024-05-30,468.49394522336104,468.55353877845073,461.5807897121286,463.905029296875,10719600
2024-05-31,462.66346029491183,465.9611118987805,451.3998233629331,463.6865234375,16919800
2024-06-03,467.68941896049296,476.3705882132415,465.0870657511374,474.2747802734375,11279400
2024-06-04,473.7880795710405,475.66536764367015,470.0434761018759,473.77813720703125,7088700
2024-06-05,481.18789892832643,493.30573030037567,480.65152660799043,491.7264404296875,15690500
2024-06-06,489.6604950970564,499.4342331212912,487.5845718978277,490.43524169921875,10667300
2024-06-07,492.57077317803936,495.5505725541797,486.86943340489194,489.640625,9380700
2024-06-10,490.53449931508374,499.27526127994463,490.0875476500694,499.2156677246094,11220900
2024-06-11,496.792112209235,504.18201644117164,494.914824216535,504.0528869628906,9673700
2024-06-12,510.5289816127229,510.5488663402382,501.0730965012288,505.4136657714844,11983200
2024-06-13,502.3047412736244,505.9301575612256,497.98402638310364,500.7055969238281,9954600
2024-06-14,499.76105901416054,504.2351956755983,497.8719851588786,501.26239013671875,10243300
2024-06-17,498.786716272725,507.8145165497157,493.15924290347647,503.71820068359375,11266600
2024-06-18,501.6600694232584,503.0917955375381,492.1748915017007,496.61920166015625,13060400
2024-06-20,499.1147614196994,500.77517646661437,493.9148098546325,498.8164978027344,11801200
2024-06-21,500.55649337523585,500.55649337523585,489.5600618320149,491.9363098144531,22359200
2024-06-24,496.33088323813683,504.88143086237153,491.4490995948573,496.04254150390625,13525300
2024-06-25,494.1932043482864,507.77469745154934,492.65212507473245,507.66534423828125,12063200
2024-06-26,503.73805265327996,510.85690461260367,501.7793738995123,510.1708679199219,8882300
2024-06-27,511.294373925033,519.8747782877508,510.9464098062174,516.5738525390625,10121200
2024-06-28,514.1777300033583,518.8805251412638,500.94420066099576,501.322021484375,15855100
2024-07-01,502.0478865791812,503.668492907454,490.33559160328457,501.7794189453125,10328200
2024-07-02,497.88192801510917,507.5659383637164,496.57945957224564,506.5716857910156,7739500
2024-07-03,503.459628898402,508.34141226916296,503.11163445819557,507.02899169921875,6005600
2024-07-05,508.65968477780285,537.7614502342552,508.65968477780285,536.8069458007812,21354100
2024-07-08,539.2328502639116,539.6902282867122,523.6231336593002,526.2777709960938,14917500
2024-07-09,530.6823659932838,534.3909090570122,525.1543235402414,526.9539184570312,8753200
2024-07-10,527.739333812602,535.7828643236683,525.3233071938398,531.616943359375,10983300
2024-07-11,527.8387206588444,532.382461834716,505.4481350938496,509.7532653808594,16458300
2024-07-12,494.89917130590845,505.16978705228513,491.3894609308073,496.0027770996094,19750500
2024-07-15,495.76415462534726,503.76787552831104,490.5343764947893,493.308349609375,12539200
2024-07-16,498.61766470466665,501.05359564218975,482.9979652991605,486.9749755859375,14075800
2024-07-17,476.4159983287152,476.4159983287152,456.4812168894572,459.334716796875,28076600
2024-07-18,472.2699610515285,476.4855821522594,461.87008787870946,473.1150817871094,19267200
2024-07-19,473.32389780212014,483.9126820908743,472.97590331818924,474.0497131347656,15149400
2024-07-22,483.78339946267863,489.23191443908513,481.11880987205853,484.59869384765625,12023100
2024-07-23,487.024670998181,492.3737546328562,484.9168604229217,485.88128662109375,9455500
2024-07-24,469.5954226900346,473.5624806822974,457.93282927520823,458.6188659667969,17649700
2024-07-25,460.59740901229253,460.8857203822564,440.1058498254093,450.80401611328125,18240500
2024-07-26,461.5320586336811,467.0700224305545,456.7795325266989,463.0234375,14222400
2024-07-29,467.1794330696992,471.23597047064357,462.347349484825,463.03338623046875,11339600
2024-07-30,464.3159317450937,470.01300966806275,454.0751428177802,460.52783203125,11390400
2024-07-31,468.31285214220173,473.76136735309956,464.06740443244325,472.1009521484375,24285800
2024-08-01,518.005661208892,524.1401834296655,489.2717639972195,494.87933349609375,43083100
2024-08-02,486.1894847459628,498.2696468567978,473.4133337307261,485.3344421386719,24044700
2024-08-05,448.7559059334732,480.7012460328518,448.2090488117456,472.99578857421875,21396200
2024-08-06,476.24697663872547,499.6715645445627,475.8989821739981,491.250244140625,20955000
2024-08-07,500.2383060346242,507.21794823147314,484.0617971194812,486.1099853515625,20105300
2024-08-08,494.64066933875364,507.0290482599496,491.876648319754,506.7009582519531,16156800
2024-08-09,504.7919803564355,515.3609207187151,502.7935532579475,514.794189453125,13696600
2024-08-12,513.8893622667638,515.0427292166193,506.1739830538234,512.984619140625,9767400
2024-08-13,517.0211949017895,528.4451451504856,515.1719000211043,525.5021362304688,13743800
2024-08-14,525.0249990881922,530.9308616621455,520.1233412991648,523.7324829101562,11444200
2024-08-15,528.7335620768248,536.667738996692,523.6728503857054,534.2417602539062,13482100
2024-08-16,528.8430261939557,530.5928599406125,521.6445857964466,524.3887329101562,14776700
2024-08-19,523.8417936399916,528.6042411215221,519.7554305554554,526.2379760742188,9879700
2024-08-20,525.3133822500959,528.0376855839605,522.8576072447534,523.7026977539062,7944400
2024-08-21,524.1201954153424,536.299787744821,523.9014283237659,532.0841064453125,13423300
2024-08-22,533.9136709320021,541.1020981439891,525.5520328797932,528.872802734375,15708300
2024-08-23,533.834047542885,536.7671046219766,522.0422271868836,524.96533203125,11323900
2024-08-26,524.5676149591942,524.9653402482775,511.99035675969463,518.1248779296875,9584000
2024-08-27,515.9971496313474,520.9982688988101,512.3482599012927,516.116455078125,6282700
2024-08-28,514.6947141610383,518.0951016645886,509.5047448414531,513.8098754882812,9106100
2024-08-29,516.0668238363469,524.1700071760439,512.7161972736417,515.2415771484375,8317400
2024-08-30,518.3535299929398,520.5309454515676,512.2389133705824,518.3137817382812,9157500
2024-09-03,516.6534100228187,522.4697631708141,505.69672749483755,508.8186950683594,12459100
2024-09-04,503.16141255787795,513.6209691624427,501.1729073895188,509.7930603027344,8335200
2024-09-05,508.7789615116668,518.6320088026798,508.212230225459,513.889404296875,8640900
2024-09-06,518.88052782919,521.5650218623427,495.38633511921387,497.39471435546875,14744500
2024-09-09,503.2508845942156,508.39115339074016,499.19431711601146,501.8887634277344,11047800
2024-09-10,505.23938973469745,511.22477928436297,497.15611148388973,501.8887634277344,9899000
2024-09-11,504.0960310908237,510.1709000409841,492.7516050439692,508.8883056640625,10782500
2024-09-12,514.07825463183,523.6827679826088,512.2587555239991,522.5791015625,11970500
2024-09-13,517.349306690559,524.5476841646808,514.1378302590298,521.6046752929688,10321400
2024-09-16,522.0227773558852,531.5368977015272,514.9170874723145,530.7208862304688,9527600
2024-09-17,535.02004153394,539.4984461028365,528.0238099822781,533.7462158203125,11690800
2024-09-18,534.4926264341286,541.5884146634684,531.3378561652726,535.368408203125,10323500
2024-09-19,547.360625106574,559.3727101138928,543.8973445888765,556.4169311523438,15647000
2024-09-20,557.3125089293889,561.790913019,553.630253418371,558.656005859375,22066800
2024-09-23,566.7669546644623,571.2254355902388,559.7109530325689,561.7013549804688,12830700
2024-09-24,563.960608707355,565.0254812803894,551.5305554385482,560.626708984375,12993000
2024-09-25,561.3432576276692,574.1117067802203,561.0148242045775,565.5828247070312,16543400
2024-09-26,572.967080344701,574.6291098304922,559.6512854533856,565.114990234375,14400800
2024-09-27,567.3640479667661,568.1005477071013,561.8009085673148,564.63720703125,9398400
2024-09-30,564.9756280044119,571.9221116471715,562.0895207658488,569.69287109375,12792300
2024-10-01,575.2063156344602,580.2420307996076,567.3641260621707,573.7035522460938,15259300
2024-10-02,572.1013073959746,573.2358512630743,566.6078384594379,570.0611572265625,6524700
2024-10-03,567.4139551254736,580.5605233296984,566.0007257701127,579.973388671875,11581000
2024-10-04,580.9287120013399,593.9857454241755,578.6397616460487,593.0801391601562,14169500
2024-10-07,595.3490750867293,600.0564168211795,581.2371330959921,581.9736328125,12014200
2024-10-08,586.8600834032629,590.7115064354323,583.1579040765794,590.0447387695312,7857400
2024-10-09,591.1394888701676,591.5375936051837,578.8188944511467,587.6762084960938,9529700
2024-10-10,584.7503015704497,587.397509697218,579.7245483018079,581.0282592773438,7740400
2024-10-11,582.0234717517561,588.3728595792917,579.9136502956993,587.118896484375,8587100
2024-10-14,591.3683608695632,597.2201481215791,587.1288552616571,587.5866088867188,8252000
2024-10-15,587.3278289153324,587.7756815393129,577.3559556315927,583.45654296875,9564200
2024-10-16,578.6099570311397,579.2866865055009,571.2753296162662,574.0220336914062,11268400
2024-10-17,580.5306884411078,582.1627721197076,572.4396984468079,574.161376953125,8701200
2024-10-18,578.3113382248611,581.1675605388372,572.4894360534232,573.7035522460938,7694300
2024-10-21,573.2656610260642,574.4698153606886,566.37882637357,572.3997802734375,8171900
2024-10-22,571.5339961936412,580.7297050326658,569.3744268963089,579.2169799804688,8544500
2024-10-23,577.1867670377931,582.1926578504655,559.8006325485245,560.9849243164062,14248400
2024-10-24,564.4083928532417,566.1499947416787,558.8253293775932,565.0552978515625,7184700
2024-10-25,571.1757528879629,578.5004183141831,568.9763366172681,570.4990234375,11337900
2024-10-28,579.2069744936249,580.9485762210542,571.3647858558778,575.3853759765625,10925100
2024-10-29,577.3659274017436,590.8210046180449,572.6387223000493,590.4329223632812,13019100
2024-10-30,598.0959611405502,598.3149369771265,586.5516522238592,588.9600219726562,26864900
2024-10-31,582.1925856019707,587.0690948039123,560.3081253081026,564.856201171875,26838400
2024-11-01,564.8860850679225,570.917001339198,559.8603316322354,564.438232421875,15303200
2024-11-04,561.3929508469568,565.9609509043612,555.2127905097288,557.9893798828125,12064600
2024-11-05,564.5775361837109,570.7278713037589,563.950554670974,569.6829223632812,9775400
2024-11-06,560.0493909181008,570.2502016811582,552.5057499508582,569.3047485351562,18305400
2024-11-07,574.1215485070126,591.9455725919563,572.4496180315167,588.8604736328125,14653700
2024-11-08,588.7011733753752,590.2536844943522,581.7149037111028,586.5117797851562,9415700
2024-11-11,583.5461541812385,584.1830975198795,573.7434467735926,580.3714599609375,10209100
2024-11-12,585.7156075410013,596.78223842264,577.5947936518803,582.0134887695312,16287700
2024-11-13,579.8140126435408,582.8295006873793,572.4097151236031,577.216552734375,10757600
2024-11-14,574.2310533344881,577.9730193106801,570.2602105353902,574.3902587890625,11053700
2024-11-15,568.4787834407424,569.822341466235,548.8534455153184,551.4210815429688,17712900
2024-11-18,554.3668479607893,557.213169522918,547.4502482971927,551.7395629882812,14327300
2024-11-19,549.2117126735113,558.7357953255338,547.9577494586872,558.3974609375,9522400
2024-11-20,560.2285547368579,563.6321255323566,551.5404684658788,562.80615234375,9797300
2024-11-21,566.7868914718125,567.2645685130409,546.4150954692434,560.3877563476562,11154700
2024-11-22,560.8455359497274,561.1242213982047,551.9285734744715,556.4567260742188,9164000
2024-11-25,559.4025063006017,569.842216719163,553.7199469729902,562.3980712890625,13599800
2024-11-26,563.2837432513497,574.7285542891422,562.4875946319524,570.7875366210938,10356600
2024-11-27,572.1312028238776,572.220736911576,561.3929435568074,566.468505859375,7200200
2024-11-29,566.2694266604135,575.6840509462676,564.179528644509,571.5639038085938,7130500
2024-12-02,574.7285975175146,591.6470151067747,572.8078668096863,589.9850463867188,12522400
2024-12-03,592.1446155685445,611.252487580719,588.4126116889108,610.7051391601562,14907200
2024-12-04,610.0184615359037,614.8153379179051,602.1961350667218,610.8345336914062,14697000
2024-12-05,614.1186022447034,616.925076135134,604.1367078360672,606.0076904296875,8081200
2024-12-06,607.1721088209316,626.7676190380172,605.6096966963446,620.7765502929688,16935500
2024-12-09,620.9257943920775,623.3939341906389,603.260976543077,610.62548828125,11426000
2024-12-10,614.5963368840676,622.5878301971734,609.7994606988705,616.347900390625,10938900
2024-12-11,620.37847939692,635.3363804725623,618.547343463704,629.643798828125,10837200
2024-12-12,628.4694319605399,633.6046423977135,624.2000415346207,627.7628173828125,7474700
2024-12-13,624.2099509122261,628.0514729907906,613.9295681709151,617.3729248046875,8453300
2024-12-16,627.4624746323816,628.6278428855253,616.1080674222911,621.7454223632812,10885600
2024-12-17,623.6676857660912,629.842921517428,614.0761642573996,616.964599609375,12897800
2024-12-18,618.5183130507961,624.8528821501137,593.9369484196685,594.803466796875,17075500
2024-12-19,607.9507863504745,609.0762755305054,592.6222729689903,593.1900024414062,14958100
2024-12-20,588.2199724400746,600.699869104885,577.6822346553289,582.9112548828125,48989400
2024-12-23,587.2438414694396,598.6879766892466,583.907252912156,597.452880859375,10205800
2024-12-24,600.311421467438,605.5603812991077,596.8852265249648,605.3213500976562,4726100
2024-12-26,603.0603968908488,603.8771273499036,596.5465535400348,600.9389038085938,6081400
2024-12-27,597.0146600682612,599.4449119716119,587.4430773536361,597.4130859375,8084200
2024-12-30,586.3972186440706,594.5544919388965,583.239903719799,588.8772583007812,7025900
2024-12-31,589.9031610994577,591.5963188432811,581.5167657457517,583.170166015625,6019500
2025-01-02,587.3633007502451,602.4926001052438,585.4709301048888,596.8452758789062,12682300
2025-01-03,602.3432304664586,607.0642784591316,594.026562777383,602.2137451171875,11436800
2025-01-06,609.385054699766,628.4684617844035,603.1998488847688,627.681640625,14560800
2025-01-07,629.175648227163,629.5740132949604,605.7994061067093,615.4208374023438,12071500
2025-01-08,610.9487013550364,613.9765307551536,600.3810557676817,608.2793579101562,10085800
2025-01-10,607.5922670173171,627.3927679278979,594.9529755373284,613.39892578125,19256600
2025-01-13,604.6739217603003,606.5364441234269,596.0585248079975,605.8990478515625,10785000
2025-01-14,602.6520744429687,603.0703790506547,586.198070906463,591.8753051757812,13598000
2025-01-15,607.7715100133968,619.972556750708,604.0763139738187,614.6538696289062,15524300
2025-01-16,609.0563296194044,613.7873477153851,607.2735046849263,608.8571166992188,8355300
2025-01-17,621.5562428618572,622.4725494595965,601.2576778233948,610.3213500976562,17280600
2025-01-21,615.3611025019545,619.0164197693068,606.5763408669152,613.99658203125,11674000
2025-01-22,620.8090878849806,631.167550578582,616.9545584675686,621.00830078125,12274000
2025-01-23,624.8529752907019,634.0560413523201,618.6678301446317,633.9066772460938,9910200
2025-01-24,633.8568181481475,649.3944525113692,631.6655977145533,644.9024658203125,19065300
2025-01-27,624.1059156551349,661.2170263231972,622.601940216737,657.2429809570312,28399200
2025-01-28,663.3385252994983,679.8522851881131,656.8345913596311,671.63525390625,20950100
2025-01-29,672.3025851139503,678.3283961259809,663.0098523603809,673.78662109375,21377800
2025-01-30,694.0353417764899,707.949485012391,673.3981124232191,684.2545776367188,29322900
2025-01-31,688.2386375622425,702.4814799874082,682.8403138955325,686.4259033203125,19303900
2025-02-03,673.2089204422564,701.1866947109021,672.5515846641146,694.6728515625,21415700
2025-02-04,699.6926057918002,704.8818070021638,688.8461108074927,701.3758544921875,13826300
2025-02-05,700.7384902909668,715.270213081664,696.2166547369433,702.05322265625,17778200
2025-02-06,703.0591459116995,716.0271344480996,700.6886520762018,709.1447143554688,13080700
2025-02-07,713.9355299622597,722.1127432544886,708.9057228017197,711.6646728515625,16427100
2025-02-10,715.6884186023542,718.3178829689303,708.4873312807856,714.5330810546875,12904300
2025-02-11,710.4694377796111,720.7680830266086,707.2025161364162,716.9235229492188,12998000
2025-02-12,712.4414664040551,724.1942984329098,709.7522441351978,722.481201171875,12016500
2025-02-13,718.6367143797072,726.0868036941785,715.170579657767,725.6485595703125,12569100
2025-02-14,723.2381862179419,737.9491204423847,722.7202448085826,733.72607421875,16901200
2025-02-18,733.058823348987,734.0548271850589,703.6169523863489,713.5072631835938,21938700
2025-02-19,701.2862180351365,704.1746532347755,692.6110642545813,700.9575805664062,17535500
2025-02-20,694.4935451126314,702.8101523617008,690.8680767624129,692.0632934570312,12587400
2025-02-21,693.79637977263,701.0572259638877,679.6331733954379,680.8184204101562,15660400
2025-02-24,683.5375779038759,684.5236120270697,659.8027882150541,665.4600830078125,15677000
2025-02-25,663.3086823740839,665.330599453422,639.2950431423949,654.87255859375,20579700
2025-02-26,657.0139704281752,680.2806060030118,655.3705397430182,671.0078125,14488700
2025-02-27,679.7228329637242,685.8980689317682,654.9422525540249,655.6095581054688,12500000
2025-02-28,655.4103519906419,666.9540633677159,640.0320501051021,665.52978515625,17534200
2025-03-03,670.9878058928375,678.5275616526835,648.2391140524159,652.4322509765625,10843800
2025-03-04,642.9304346142569,647.1534810781478,621.1578057314852,637.4424438476562,21495200
2025-03-05,638.4384086658453,656.8644781827222,635.111729367083,653.8465576171875,13770000
2025-03-06,645.4105206986194,647.9602882252848,621.6159731774069,625.4207153320312,13446500
2025-03-07,622.8709097782997,632.2532488274342,598.2098452417057,623.1597290039062,21375700
2025-03-10,605.6401398465449,607.6719660555057,584.5248435761125,595.6004028320312,21999900
2025-03-11,592.6721150475107,612.4726776603288,590.9590175004934,603.28955078125,17401500
2025-03-12,627.3828123944874,630.7990981033598,606.9148858522937,617.0841064453125,15747000
2025-03-13,617.7714474024408,618.0204483888988,584.1662839966624,588.27978515625,16480300
2025-03-14,600.9252674163599,606.9664182577417,592.9302511563588,605.7103271484375,12364500
2025-03-17,605.5708348514025,611.1932483347241,596.1402333361115,603.018798828125,15473900
2025-03-18,598.1837512328132,598.3831413748485,572.8727029614505,580.5487670898438,20297700
2025-03-19,582.4628776976826,590.4778508331983,572.9824447250121,582.2435302734375,20537500
2025-03-20,580.947637342476,608.3023019039958,577.7077447799743,584.1775512695312,24336500
2025-03-21,581.6055148479699,595.6815960079244,579.1432258888485,594.3956298828125,25015900
2025-03-24,613.0573552722462,620.6038191496141,610.2960116120224,616.92529296875,15741300
2025-03-25,624.8107342138192,631.9085855563646,619.2480714393791,624.3621215820312,15312500
2025-03-26,622.9465455616044,624.8007461767364,604.7233689444203,609.0797729492188,12609800
2025-03-27,600.1276584624363,612.3395584892883,598.2335435078968,600.7058715820312,10436500
2025-03-28,598.4429920373162,599.8785159717515,572.1350521556752,574.9462890625,17602800
2025-03-31,561.7474544327795,576.9001929680891,551.57916536005,574.5674438476562,21124700
2025-04-01,569.0647253499337,588.0753644727768,568.2273109618308,584.1775512695312,12836600
2025-04-02,573.1219856405797,590.8167826006645,571.5768183567942,582.1139526367188,13470800
2025-04-03,544.5211822460076,550.8414911032017,528.6507117752637,529.9666137695312,34777500
2025-04-04,505.0443845169023,516.3889970810194,492.6630283031205,503.1602783203125,38589800
2025-04-07,483.591294981514,537.6924987241373,480.40123514295635,514.6444091796875,36606100
2025-04-08,541.5604335468917,545.7274259918413,501.2960362271068,508.8624572753906,28034200
2025-04-09,507.6861840842117,586.0617052580021,500.5484476857142,583.9483032226562,39216600
2025-04-10,573.7001386064724,579.4920662876316,533.635132502997,544.5909423828125,28173500
2025-04-11,533.8445854574395,545.6976224228102,526.9461235413648,541.8795166015625,17642300
2025-04-14,554.4403043855114,556.0353649218339,526.6370880203747,529.8270874023438,14130900
2025-04-15,530.4551018896253,536.2669873917704,515.8905541802854,519.8980712890625,15558700
2025-04-16,506.92853277097964,511.7734034642656,494.08858497853294,500.747802734375,18735100
2025-04-17,503.67864377215466,505.72225598652767,496.4611703190648,499.9203796386719,14593500
2025-04-21,489.80188733411177,491.9651517419281,478.30774832896276,483.15264892578125,16166000
2025-04-22,490.3402426542842,505.30357016721007,484.84736943102456,498.7240905761719,17399400
2025-04-23,526.8862986388891,533.6751170758674,514.9136400551463,518.6519775390625,18173900
2025-04-24,517.1167453309313,532.2396108812093,515.8905900656315,531.491943359375,13910000
2025-04-25,545.0993622560148,548.1498427880772,534.5821864218168,545.5679321289062,17098900
2025-04-28,553.9118868125302,556.7529985261549,538.9087068486405,548.0302124023438,15179000
2025-04-29,544.3018840382675,554.8390175563454,542.4277261633298,552.7156372070312,11835000
2025-04-30,536.725533164549,547.392206153298,527.8531889368276,547.2925415039062,29244000
2025-05-01,590.238618351305,591.1059077397648,568.7257162038675,570.430419921875,31159000
2025-05-02,581.6453838419038,602.4604491374204,576.5313339553563,595.1632080078125,24739300
2025-05-05,589.3812975732367,601.3340602087777,586.2211731974465,597.4063110351562,13887700
2025-05-06,590.687195299098,594.1763099115676,584.7556882888333,585.4833984375,10600700
2025-05-07,588.5239054125428,601.2043765510581,584.8453792561588,594.953857421875,13139100
2025-05-08,604.4044252029665,609.3988539126512,594.7645157959997,596.1502075195312,14622800
2025-05-09,601.8423317625629,605.0822238866388,589.8697353618245,590.6472778320312,10427300
2025-05-12,628.9578018482097,638.3983814888618,619.0986063028438,637.4413452148438,21965100
2025-05-13,643.5322593011751,658.864430238976,640.8307267174667,653.9896850585938,18570800
2025-05-14,659.1536702462474,660.6090907304957,652.275104788711,657.3093872070312,12348200
2025-05-15,652.2452442251054,655.2657894050994,636.5940584364806,641.8775634765625,14341800
2025-05-16,635.9759687007765,638.4482364395845,624.2027001902264,638.3485717773438,18519000
2025-05-19,626.2961798346581,641.000308211198,625.8475671388481,638.4382934570312,9592400
2025-05-20,634.0319543569834,637.3615325460415,630.2936172359767,635.1185302734375,6743500
2025-05-21,629.8250759728282,644.5989922480402,628.2101191307713,633.5235595703125,11464600
2025-05-22,632.078027946325,641.2494271811771,628.7484497588706,634.5902099609375,8228400
2025-05-23,622.0593214688579,630.4830536161486,620.7135443903518,625.1098022460938,8454100
2025-05-27,633.4337833907804,641.0799727179783,630.7820830337338,640.3223266601562,9508400
2025-05-28,640.6014976239653,648.8557761323202,640.5516652924133,641.5784912109375,9042900
2025-05-29,649.6233948044612,651.288184072806,637.5111569296643,643.0438842773438,8858800
2025-05-30,640.501786260345,647.3902689717587,630.8120452521741,645.4762573242188,16241000
2025-06-02,642.3859148545713,671.166122188044,642.256314296396,668.8134765625,15766300
2025-06-03,669.3617924489035,673.4789529536675,662.9617757833167,664.7760620117188,11585000
2025-06-04,667.238360939457,686.857147039673,666.4906935079915,685.8104248046875,14031900
2025-06-05,689.5088669424362,692.2204392102127,680.1281594087234,682.4907836914062,13083100
2025-06-06,694.0048506531133,700.6242144400436,689.7182360915449,695.5401000976562,11728000
2025-06-09,696.2877682898165,702.9968181048444,691.7818062976731,691.9014282226562,12773200
2025-06-10,699.1687320280228,701.0428899746662,689.4092014623567,700.2155151367188,10850100
2025-06-11,701.5214452489874,706.6653705943312,689.8378634515371,691.981201171875,9582500
2025-06-12,691.143741287137,693.2172892731859,684.8633472153633,691.2035522460938,7322700
2025-06-13,685.8103721689653,692.4097779899056,678.8919543003105,680.7461547851562,9274400
2025-06-16,697.6914734952734,705.4931583928874,691.8851025594383,700.4749145507812,13720300
2025-06-17,700.3552179138009,704.3158869977019,694.4291328649981,695.5963745117188,10066100
2025-06-18,696.5440968778995,699.9461410540869,693.2718138640435,694.1397705078125,10068300
2025-06-20,699.10807093925,700.1755711266569,677.0797895921414,680.7511596679688,22538600
2025-06-23,682.0881746874048,697.4121728945754,677.1597462532054,696.8934326171875,11080100
2025-06-24,703.2384409706419,711.5189816994163,700.4649253469852,710.5313110351562,13823200
2025-06-25,711.6486741856498,714.9010456370576,703.7272754411318,707.01953125,9320400
2025-06-26,712.6862359929024,726.5137473228667,709.3839937767193,724.3887939453125,13964800
2025-06-27,724.8177454897765,733.7068421056694,724.1592578043636,731.9110717773438,18775700
2025-06-30,742.8054817668852,746.1476691378697,732.5296271967599,736.3606567382812,15402100
2025-07-01,735.1535081071979,736.0214648412638,713.6938959127618,717.5348510742188,13431200
2025-07-02,713.6540184351263,718.6123446328994,711.1299169276585,711.8981323242188,9336700
2025-07-03,724.9075473573512,727.3219211703462,712.7461059372963,717.3253784179688,8601700
2025-07-07,715.9186273791692,725.29662738586,711.8382444141125,716.6668701171875,9457100
2025-07-08,719.8792998482032,721.2161260005597,713.1351294314046,718.9813842773438,7770700
2025-07-09,721.0266828828768,735.8020424329438,721.0266828828768,731.0631713867188,11418000
2025-07-10,729.8359710403425,734.0760133186282,717.9139576323801,725.5360717773438,9913600
2025-07-11,720.8071559255932,723.4608966552098,708.0371589748221,715.828857421875,10873900
2025-07-14,715.9186673172987,726.294324886829,714.8711396040657,719.2308959960938,8939400
2025-07-15,722.2038798413794,722.7724907094275,708.1568531421487,708.7255249023438,11529500
2025-07-16,711.6985138171127,712.2970836136572,697.6315755690009,701.2630004882812,13067600
2025-07-17,702.7395996705828,704.2460714207873,695.4766277838654,699.7665405273438,11803300
2025-07-18,700.5447529444856,703.0588680042227,690.0294703606638,702.6298828125,12779800
2025-07-21,705.1439122135475,715.3200251684316,704.1063709182977,711.2994384765625,9404400
2025-07-22,714.5119719450398,714.9209845240272,699.7665722015134,703.1586303710938,8921100
2025-07-23,704.7150127643985,712.955669824656,703.2783841619789,711.9081420898438,8771600
2025-07-24,715.3699112663372,721.9245248031309,712.3270697155897,713.1251831054688,10920800
2025-07-25,715.2401874661052,718.9614892126135,710.2319910963464,711.0101318359375,8271700
2025-07-28,713.5243091595448,723.0419351595109,711.0101939967738,715.9486083984375,8715700
2025-07-29,718.3130022321428,722.7724995594365,698.270047363426,698.35986328125,13267000
2025-07-30,706.4309422136296,706.8399547738821,689.5805015781577,693.5811157226562,27077300
2025-07-31,773.3836936232736,782.9113054874113,763.7163951695271,771.6278076171875,38831100
2025-08-01,758.9476005405788,764.2052724882252,743.5637464392476,748.2527465820312,19028700
2025-08-04,758.2193240496142,775.029820232538,756.6330226185955,774.5509643554688,15801700
2025-08-05,774.6307577641016,781.2950989411861,761.212259491104,761.6712036132812,11640300
2025-08-06,768.1958857027562,771.827371776558,758.6782598971715,770.1812133789062,9733900
2025-08-07,771.6776357205837,773.1841074016191,757.7702959207965,760.0449829101562,9019700
2025-08-08,760.9628565603988,768.0961282780016,756.8026440305783,767.4974975585938,7320800
2025-08-11,768.2757194135389,771.6478049440495,762.8783609453131,764.0755615234375,7612000
2025-08-12,771.1888187456735,791.8103707559926,770.6201469797736,788.1489868164062,14563100
2025-08-13,789.2963900548351,793.5962894533881,776.4066172801486,778.2523193359375,8811800
2025-08-14,776.0573823379099,785.9641084064921,770.6999694623344,780.2974243164062,8116200
2025-08-15,782.3127720209482,794.3843975355859,778.9905571139482,783.3901977539062,13375400
2025-08-18,773.2739649293972,773.9922487170201,754.7873521125813,765.572021484375,16513700
2025-08-19,765.3226078635242,765.3724785334582,747.604210382002,749.71923828125,12286700
2025-08-20,745.8184055724877,748.4422481947564,729.2872227778392,745.968017578125,11898200
2025-08-21,742.965126847803,743.7532539146816,731.392269728463,737.3682250976562,8876300
2025-08-22,737.4979443181139,755.1265868650723,732.6693186706706,753.021484375,10612700
2025-08-25,753.0514312038815,757.1019160115399,748.3724176422635,751.5349731445312,6861200
2025-08-26,749.0408739151204,753.1013452690629,746.187589469264,752.3331298828125,7601800
2025-08-27,750.5373617239242,752.3830637406979,741.0995653139147,745.62890625,8315400
2025-08-28,742.2568318080029,751.2856157691724,739.0643171271723,749.3501586914062,7468000
2025-08-29,743.5338383928589,745.3894657992533,733.6270507950396,736.96923828125,9070500
2025-09-02,724.3388778368966,734.2755636355303,720.0389785344453,733.3876342773438,9350900
2025-09-03,734.2755923879996,738.5156348712184,732.2702919649562,735.3231201171875,7699300
2025-09-04,746.8161054490425,759.3765729399474,744.0725487076684,746.8959350585938,11439100
2025-09-05,750.8565963566639,756.1741251448537,743.2844139282448,750.68701171875,9663400
2025-09-08,754.2286352813065,764.71401930554,750.2579802053917,750.5372924804688,13087800
2025-09-09,755.715159278882,764.5045146420852,751.6646744655906,763.9059448242188,10999000
2025-09-10,763.3372922969834,763.9059640843684,749.2403942554,750.2180786132812,12478300
2025-09-11,752.8818998869256,755.3261108896929,746.6165845282627,749.1406860351562,7923300
2025-09-12,746.9756681630587,755.7949823874058,742.0173423532742,753.8196411132812,8248600
2025-09-15,755.6952236302711,772.2563664766384,750.2280827190908,762.9083251953125,10533800
2025-09-16,765.2029206615051,779.5292605984961,763.3073480005289,777.1748046875,11782500
2025-09-17,778.16248073438,781.4547366857648,764.5145401578408,773.9024658203125,9400900
2025-09-18,778.9206424262118,786.9318567440129,771.5479431530769,778.4218139648438,10955000
2025-09-19,784.5774149162842,788.9471575257752,767.3878039844694,776.5562744140625,23696800
2025-09-22,780.5445827585347,784.4181095052566,763.1935958899483,763.8824462890625,11706900
2025-09-23,767.9656453445465,769.3133669851754,749.8160063356215,754.1387939453125,10872600
2025-09-24,756.2352564498105,759.8392144671293,751.2735837511626,759.3899536132812,8828200
2025-09-25,752.1920046258563,755.5064686568031,743.3068402529434,747.6595458984375,10591100
2025-09-26,748.7477432379202,750.6745134518627,736.1188402620083,742.5081787109375,9696300
2025-09-29,747.4698773667765,749.5264964028529,737.9159094495395,742.1588134765625,9246800
2025-09-30,741.0106631587118,741.729431724798,725.0872827303901,733.15380859375,16226800
2025-10-01,720.2853684573676,720.6447527663656,709.0142405229949,716.142333984375,20419600
2025-10-02,721.3735522103992,726.5548890984803,716.9409630753169,725.8360595703125,11415300
2025-10-03,728.4117628788885,729.7794705550638,708.9942257916973,709.3735961914062,16154300
2025-10-06,704.0125981338592,715.6830826309072,689.3571155710283,714.465087890625,21654700
2025-10-07,716.5216106896504,717.3003375901077,704.5716259627259,711.889404296875,12062900
2025-10-08,712.2587946669486,718.4484549738279,706.6281969142439,716.6414794921875,10790600
2025-10-09,717.0807271377935,732.2852783203125,711.2504512938121,732.2852783203125,12717200
2025-10-10,729.6995938834806,734.0423674154782,703.333716456913,704.1223754882812,16980100
2025-10-13,711.8194939498104,718.7379155876384,706.4584651360833,714.5050048828125,9251800
2025-10-14,706.5983153422467,714.3553010671379,698.1624113283383,707.4668579101562,8829800
2025-10-15,715.8627565899488,722.6913629779451,708.3253746524584,716.3519287109375,10246800
2025-10-16,716.3519343648386,724.2786798244232,702.7047754671785,710.881103515625,9017000
2025-10-17,705.8994251244851,717.3402516818879,704.9410060739878,715.7229614257812,12232400
2025-10-20,719.9858621042338,732.5448748734839,718.9775387090459,730.947509765625,8900200
2025-10-21,734.7911237948646,737.2669635645257,727.5332426508437,732.0457153320312,7647300
2025-10-22,732.6047674176828,739.3634223567747,722.8211423130082,732.1854248046875,8734500
2025-10-23,733.4733185275871,741.170406509876,731.8759534115667,732.7744750976562,9856000
2025-10-24,735.5597503675807,739.9724141089259,729.9292138570585,737.1271362304688,9151300
2025-10-27,748.4781993498117,754.4881675999588,746.7611003830549,749.56640625,11321100
2025-10-28,751.3733793283152,757.1337649704751,744.2752651341964,750.1853637695312,12193800
2025-10-29,753.4898526523095,757.8924628078227,741.2702985772319,750.4149780273438,26818600
2025-10-30,668.0327566076506,679.8230352249238,649.0844057389726,665.357177734375,88440100
2025-10-31,673.383812052831,673.7631824593219,644.4921293755289,647.2674560546875,56953200
2025-11-03,654.90470367213,658.2291607688485,635.1177890022415,636.645263671875,33003600
2025-11-04,626.9913515895119,640.6684891460408,624.9647727272926,626.2725830078125,27356600
2025-11-05,631.2542465797685,641.1576663615418,625.4938610947797,634.88818359375,20219900
2025-11-06,634.7882936522686,634.938067569805,616.9681222612256,617.9065551757812,23628800
2025-11-07,615.4606203242017,621.0912176885568,600.1961723842201,620.6719360351562,29946800
2025-11-10,630.0362749426478,633.9397194755629,617.0779066438014,630.7051391601562,19245000
2025-11-11,626.9514668906089,628.5088598168925,618.3558571038752,626.0330200195312,13302200
2025-11-12,627.0812350986922,627.939784558569,606.7552442025384,607.9931640625,24493300
2025-11-13,612.0463872625083,616.6187572691151,601.993193452889,608.8717041015625,20973800
2025-11-14,600.7852061056304,612.6553687237855,594.2062431482154,608.4424438476562,20724100
2025-11-17,608.0230519623859,610.6686515784111,594.4058732487083,601.0048217773438,16501300
2025-11-18,590.612218909938,602.6520806612418,582.8053290854997,596.6920776367188,25500600
2025-11-19,592.7286370493186,594.3359951431619,580.2794874440681,589.3343505859375,24744700
2025-11-20,602.4923987587222,605.7069934113463,582.376016746667,588.1663818359375,20603000
2025-11-21,587.517412968027,597.1213460929463,580.88848479756,593.2578125,21052600
2025-11-24,597.7203367937327,615.6703584886146,596.6321908004635,612.0264282226562,23554900
2025-11-25,622.9581470454041,635.9863461070595,617.2676517847817,635.15771484375,25213000
2025-11-26,636.6253292062765,637.2941935276676,630.575449286631,632.5521240234375,15209500
2025-11-28,635.0179876534709,646.9679727244463,634.4389389877349,646.8681640625,11033200
2025-12-01,638.482184375183,644.2425701847634,636.6951949252638,639.7999877929688,13029900
2025-12-02,641.2675300698932,646.7882651016448,637.0046400682228,646.01953125,11640900
2025-12-03,643.3340713166507,647.766660764867,636.4855393427306,638.5321044921875,11134300
2025-12-04,674.8712863431018,674.9710950003275,658.9479057878542,660.4254760742188,29874600
2025-12-05,662.8913386215002,673.5634922785046,661.2840414153883,672.2955932617188,21207900
2025-12-08,668.2224435191038,675.5801331063639,663.9595535520253,665.6866455078125,13161000
2025-12-09,662.6617250742562,663.3705005924867,652.2491473204041,655.8630981445312,12997100
2025-12-10,648.8648024836247,653.4171862971667,642.3257510862366,649.0444946289062,16910900
2025-12-11,642.2159232785478,654.1859556266841,639.7300904007725,651.6202392578125,13056700
2025-12-12,648.7150654102267,709.8128965395189,637.543746077992,643.1543579101562,14016900
2025-12-15,645.1476664750544,652.4414097008485,638.1536544261938,646.9561157226562,15549100
2025-12-16,642.9495426008936,661.973233609148,642.6498114209788,656.587890625,14309100
2025-12-17,655.0491556477624,660.664343241777,648.644665798819,648.9443969726562,15598500
2025-12-18,656.4679564970005,669.9863502083882,655.8984367998282,663.881591796875,20260300
2025-12-19,665.8499012351181,670.4260003995075,657.6169598101359,658.2064819335938,49977100
2025-12-22,661.0840391473547,673.0038267300547,656.0883162216827,660.9341430664062,15659400
2025-12-23,659.4853234816244,665.4302455294139,657.6868755551602,664.3711547851562,8486800
2025-12-24,661.9632786179176,667.6084088263418,661.633543835896,666.9789428710938,5627500
2025-12-26,667.4885344385556,668.3777877623371,660.7543096382171,662.7225952148438,7133800
2025-12-29,657.4471149030659,659.6851889371151,653.8302165118,658.1265258789062,8506500
2025-12-30,658.1265110341435,671.6449047754843,657.2772625792347,665.3803100585938,9187500
2025-12-31,664.1813161961976,664.4311023248911,658.8758612620638,659.5253295898438,7940400
2026-01-02,662.1630447721155,663.8216588672108,642.9495146869224,649.8535766601562,13726500
2026-01-05,650.4531272549772,663.9715218041853,647.1959061445123,658.2264404296875,12213700
2026-01-06,659.0057810200069,664.9507033148827,651.3423593634897,660.0548706054688,11074400
2026-01-07,655.0791375151089,658.5861445899717,644.2583851266311,648.1350708007812,12846300
2026-01-08,645.3274855180696,646.5464125947736,635.1761427603,645.50732421875,11921700
2026-01-09,644.8878661181845,654.3897406244424,642.3000548798136,652.5013427734375,11634900
2026-01-12,651.9718010113269,653.4105105723186,640.6814191818085,641.4207763671875,14797200
2026-01-13,641.720599826752,641.720599826752,623.5660991574318,630.5501708984375,18030400
2026-01-14,625.9640568168747,627.9124008742662,614.2940558608916,614.9934692382812,15527900
2026-01-15,617.9508982377323,623.6360331340583,613.7045339245012,620.2689208984375,13076100
2026-01-16,623.6460522405506,628.5418850412981,619.5495838845379,619.7194213867188,17012500
2026-01-20,607.3600037753715,610.8770121629093,599.4867397151437,603.6032104492188,15169600
2026-01-21,606.2209580964126,617.7411240978843,599.5666821865381,612.4356689453125,14494700
2026-01-22,628.811597152667,660.0049216653568,626.0140046136898,647.0759887695312,21394700
2026-01-23,644.2184496993522,665.9198400091174,643.8987161260534,658.1964721679688,22797700
2026-01-26,664.5609947255355,674.7023359243682,660.7242529636108,671.7847900390625,16327400
2026-01-27,674.0129574053085,676.2410302656567,664.0913982323968,672.394287109375,13297400
2026-01-28,673.9229813666298,677.1002536346601,665.5301429727417,668.1578979492188,25709600
2026-01-29,736.7991536844581,743.363540655783,711.9404325537852,737.6784057617188,59852900
2026-01-30,726.8776752394725,731.5436633097714,712.9796010924755,715.8870849609375,23744600
2026-02-02,713.9886602426056,720.6829408229889,702.9181827036907,705.8056640625,14365200
2026-02-03,706.7648539132639,716.3866205151361,685.8227628297016,691.1082763671875,13760700
2026-02-04,687.1416843315144,688.2407799622291,666.8890651090074,668.417724609375,16882800
2026-02-05,663.0123852284637,680.9170392363125,652.9409906690098,669.63671875,17131800
2026-02-06,664.920685797671,671.4151252649915,645.9469408650316,660.8941650390625,18159300
2026-02-09,662.6126578425271,682.7254419812133,658.2164585284562,676.640625,14837500
2026-02-10,677.0202983345941,680.0677378888336,669.216982119095,670.1461791992188,10455800
2026-02-11,673.4234361526849,678.6889475196376,656.5378686274887,668.1179809570312,14323800
2026-02-12,669.3968787035581,675.421749916193,644.7280570616384,649.254150390625,14960100
2026-02-13,644.5481137374378,650.872715705495,634.0271535178357,639.2227172851562,12336400
2026-02-17,638.952945338547,642.0502690775812,628.2620863630333,638.7431030273438,12674700
2026-02-18,633.2578140286595,644.4482453696517,627.6126838179015,642.6697387695312,14649200
2026-02-19,638.0237449576674,646.6363661317032,636.1752909436037,644.2284545898438,10035700
2026-02-20,639.1428111159805,662.7825455010891,638.2336163631846,655.09912109375,14183500
2026-02-23,651.9817939677475,657.1374142434245,635.455964272141,636.7048950195312,8605900
2026-02-24,632.5384628258726,640.5615620292823,628.4419334902003,638.7531127929688,10135600
2026-02-25,641.9803720795121,653.3206382422114,641.5906910720822,653.1307983398438,11330700
2026-02-26,649.9935020296807,660.4345752110744,646.9461232211356,656.447998046875,10637700
2026-02-27,642.8995542116262,648.8844201349368,637.5740968396581,647.62548828125,15703000
2026-03-02,636.6149203669017,659.3754626922687,633.9572226725116,653.0009155273438,9816100
2026-03-03,647.7354225434952,658.4762268569145,638.293554979916,654.5196533203125,12263800
2026-03-04,657.397151925757,672.1944798634893,657.1073609851721,667.1587524414062,10810100
2026-03-05,661.363765843265,670.1262833419206,649.7537106790966,660.0049438476562,13341400
2026-03-06,647.3457881163396,648.9143914185428,635.5658346648192,644.308349609375,13159400
2026-03-09,634.2369839533108,647.195859029807,626.2438278402449,646.836181640625,13489700
2026-03-10,653.0009245574777,659.7351492208539,648.444827744844,653.510498046875,9859300
2026-03-11,654.1999146227295,658.5561703533895,647.8053649208291,654.2998046875,8977200
2026-03-12,648.1950599902964,652.9409968457168,636.355220859953,637.6340942382812,11617500
2026-03-13,623.3562813254467,628.6317326131165,609.0285222575777,613.1849975585938,18957600
2026-03-16,632.0,634.75,623.0999755859375,627.4500122070312,15134900
2026-03-17,627.989990234375,636.5499877929688,621.7000122070312,622.6599731445312,10348800
2026-03-18,616.3400268554688,622.6500244140625,614.6099853515625,615.6799926757812,11726300
2026-03-19,612.1500244140625,613.0,602.260009765625,606.7000122070312,13247700
2026-03-20,603.530029296875,603.9600219726562,587.25,593.6599731445312,21214900
2026-03-23,605.7899780273438,608.6400146484375,599.010009765625,604.0599975585938,13638000
2026-03-24,599.0999755859375,601.0,591.0,592.9199829101562,10739700
2026-03-25,598.739990234375,603.6699829101562,593.4000244140625,594.8900146484375,12585000
2026-03-26,582.489990234375,583.0,543.3499755859375,547.5399780273438,35780100
2026-03-27,540.0999755859375,543.5999755859375,520.260009765625,525.719970703125,30133000
2026-03-30,536.3800048828125,539.5499877929688,528.5399780273438,536.3800048828125,22795200
2026-03-31,549.97998046875,573.6900024414062,546.77001953125,572.1300048828125,32898300
2026-04-01,580.1300048828125,592.5499877929688,573.8200073242188,579.22998046875,23608100
2026-04-02,566.0399780273438,578.5,559.7000122070312,574.4600219726562,13518500
2026-04-06,577.6900024414062,582.7899780273438,572.0,573.02001953125,9515700
2026-04-07,572.47998046875,575.22998046875,564.760009765625,575.0499877929688,9580800
2026-04-08,606.0,629.9500122070312,591.8300170898438,612.4199829101562,32036600
2026-04-09,626.969970703125,637.5,623.0,628.3900146484375,19012900
2026-04-10,634.469970703125,638.5800170898438,624.3300170898438,629.8599853515625,13294800
2026-04-13,629.5,635.0,624.4000244140625,634.530029296875,9538900
2026-04-14,643.219970703125,666.260009765625,639.3699951171875,662.489990234375,17818000
2026-04-15,667.0,678.5,664.219970703125,671.5800170898438,14952600
2026-04-16,675.989990234375,677.5800170898438,667.75,676.8699951171875,9544800
2026-04-17,678.5999755859375,691.52001953125,675.1300048828125,688.5499877929688,16283500
2026-04-20,681.3599853515625,683.3800048828125,668.0,670.9099731445312,12534000
2026-04-21,671.0,676.2000122070312,667.3300170898438,668.8400268554688,8660100
2026-04-22,674.3599853515625,678.3800048828125,669.75,674.719970703125,9199500
2026-04-23,663.530029296875,669.5599975585938,658.25,660.760009765625,5098605
