timestamp,open,high,low,close,volume
2021-01-04,66.26856051957675,66.34129311877135,64.55527358407149,65.4280776977539,10502637
2021-01-05,65.19370521791691,65.78365595840454,64.57951028051463,65.54121398925781,10956526
2021-01-06,65.1209678910022,66.86657578859439,64.90276367296693,66.57564544677734,10521396
2021-01-07,66.7130387099502,68.18387716533209,66.32512505814594,67.9010238647461,10447931
2021-01-08,68.18386919604914,68.18386919604914,66.71303091257779,67.10094451904297,9563105
2021-01-11,67.4808017268213,69.17792185238574,67.27875807805663,68.69303131103516,13488179
2021-01-12,68.78998335455037,68.8061439974949,66.71302734506169,67.14942932128906,10128606
2021-01-13,67.37572656280122,67.37572656280122,66.44635053689983,66.54332733154297,10093812
2021-01-14,66.60795902614593,66.91506289865353,66.17155710223857,66.40592193603516,11366398
2021-01-15,66.13924621200069,67.48077993818994,65.9129584323175,67.38379669189453,10203538
2021-01-19,67.5373449545224,67.80403757206369,66.80192906065452,67.2302474975586,8467316
2021-01-20,67.27875145242336,67.52119993005967,66.48676343082349,66.64031219482422,11097901
2021-01-21,66.11503731050674,66.51102821300148,65.42810297548212,65.60589599609375,9043716
2021-01-22,65.37150415794171,65.80790620419157,65.26644380776364,65.4442367553711,9436926
2021-01-25,65.22604857387532,65.61396227899642,64.70074674558387,65.58163452148438,9957677
2021-01-26,65.5816096641879,65.5816096641879,64.7572941609539,64.8542709350586,7748283
2021-01-27,64.53910815628612,64.70881754183264,62.098482486319334,62.284358978271484,16230376
2021-01-28,62.29245031440089,63.44810779149806,62.2843667601881,62.97129440307617,12972039
2021-01-29,63.027858484406885,63.33495596603513,61.734813055617835,62.284358978271484,10671470
2021-02-01,63.02785329588269,63.30262300375355,62.502551614407686,62.51871871948242,8224599
2021-02-02,62.866231599492025,63.77944703142156,62.79349899942836,62.85007095336914,9866710
2021-02-03,62.74501736955535,63.15717527606166,62.34902011091565,62.48640823364258,10034810
2021-02-04,62.20355253426248,62.23588029044325,61.0478950212866,61.443885803222656,18867563
2021-02-05,61.76714936783521,62.211635007151976,60.942833600439144,61.25801467895508,13901825
2021-02-08,61.29840888752827,61.57317860840989,60.336705171933104,60.643802642822266,16718534
2021-02-09,60.692291036997084,60.748862984092035,60.09426320105903,60.643802642822266,13484616
2021-02-10,60.870091789383224,60.91858018463995,60.2397297276995,60.5225830078125,11721566
2021-02-11,60.4579353224273,60.692293750860614,59.989205542214115,60.401363372802734,8780982
2021-02-12,60.38521572963869,60.70039686913072,60.23975049372331,60.61150360107422,6738116
2021-02-16,60.91050684897488,60.9589952523653,59.84374258936307,60.005374908447266,9734453
2021-02-17,60.17508560025471,61.46813111823451,60.10234653975849,61.047889709472656,13876463
2021-02-18,60.829700457007554,61.322674586200485,60.64382390638149,60.94284439086914,10004627
2021-02-19,60.967079023622134,61.023650981670194,60.01345867631301,60.053863525390625,12388198
2021-02-22,60.20741136080031,60.659980556521695,59.58513275522975,60.5549201965332,8612464
2021-02-23,60.84586026939684,61.3873227448118,60.175093225798086,60.239742279052734,10900458
2021-02-24,60.44985737648407,60.8296874908527,60.1185156629562,60.263980865478516,9838834
2021-02-25,59.97304179061144,60.61148745541373,59.8679814387667,60.30438995361328,10906955
2021-02-26,60.15890656731831,60.377110782204596,58.62341935764592,58.68806838989258,17644862
2021-03-01,59.164892312645385,59.310357507652775,58.33249306397592,58.49412536621094,12594864
2021-03-02,58.865848334388886,59.39114987545782,58.510262581205744,58.873931884765625,16047290
2021-03-03,58.84971147232263,59.585127465277886,58.526446866696105,59.23762512207031,13939972
2021-03-04,59.14064035145542,59.253777778832166,57.96073245400718,58.32440185546875,15975188
2021-03-05,58.599176345497945,59.32650866589573,58.195095654529716,59.10022735595703,12241164
2021-03-08,60.102341620057196,61.064045356897836,59.3184372813494,59.94071578979492,15391347
2021-03-09,60.255896001877794,60.98323492202955,59.9083936495134,59.91647720336914,14189920
2021-03-10,60.417537689208984,60.79736785429397,59.88415874706784,60.417537689208984,12827310
2021-03-11,60.52258636661352,60.902416458319266,60.280137915201664,60.31246566772461,13205324
2021-03-12,60.35323093756634,61.054348569028186,60.32061914766309,60.81792449951172,11493940
2021-03-15,61.55166289033985,62.415833078800084,61.20925534257652,62.14679718017578,17999295
2021-03-16,62.081571332909476,62.91312960915772,62.07341675578644,62.61963653564453,15697887
2021-03-17,62.554425652826616,63.182165192132466,61.9348276545541,63.01911926269531,17533878
2021-03-18,62.98651247464615,63.74469924726711,62.94574610021167,62.994667053222656,14274179
2021-03-19,62.978348383195026,63.79360404581109,61.97558958922627,63.19031524658203,58225203
2021-03-22,61.796234516771214,63.58979175976885,61.58426765338422,63.19031524658203,11352879
2021-03-23,62.84791496663652,63.03542463800357,61.983744777449864,62.17940902709961,11651245
2021-03-24,62.01635776170463,62.51366319597901,61.885917098918696,62.15495300292969,9135416
2021-03-25,62.30168829825514,62.456586158005756,61.39675835347801,62.01634979248047,10700918
2021-03-26,62.08156268805628,63.15769294367533,61.83698407444503,63.09247589111328,10389767
2021-03-29,63.035419312405416,64.03818465543922,62.913133240735675,63.83436584472656,11448562
2021-03-30,63.58979173916192,63.65500880255757,62.603335581755246,62.74192428588867,10123366
2021-03-31,62.856051151824225,63.337047279243805,62.481031918829196,62.847896575927734,13598219
2021-04-01,62.904965570311234,63.14954418119225,62.62778169273619,62.847896575927734,9121373
2021-04-05,63.19846601936836,63.516416295308204,62.59517725645739,62.774532318115234,9828144
2021-04-06,62.701162800963125,62.72562001390459,61.66579224339814,61.78807830810547,13394698
2021-04-07,62.02451329574181,62.28539462533302,61.731020170339676,62.057125091552734,8970566
2021-04-08,62.02450939532136,62.28539070850701,61.372306112357236,61.54350662231445,12007984
2021-04-09,61.55981002264505,62.26907573031424,61.49458644122313,62.212013244628906,8177439
2021-04-12,62.26092742404317,62.44843707182718,61.94297713238076,62.138641357421875,9970672
2021-04-13,61.93482944809499,62.57888468035634,61.85330322179174,62.30984878540039,8627346
2021-04-14,62.203862723663,62.60333926019275,61.97559321069493,62.2853889465332,8415545
2021-04-15,62.0000585821711,63.0435839426754,62.0000585821711,62.49736404418945,14541734
2021-04-16,62.97834071963356,63.38597176056229,62.6277851947258,63.15769577026367,12512806
2021-04-19,63.345207155300294,63.41857878916989,62.75007298931822,63.31259536743164,8536903
2021-04-20,63.32892176851283,64.51919042465212,63.32892176851283,64.05449676513672,11009345
2021-04-21,64.34797244250323,64.8045113993678,64.1360055987995,64.59254455566406,11817248
2021-04-22,64.40503941278504,64.45396035727389,63.23108015088637,63.55717849731445,13330560
2021-04-23,63.475645650858404,63.752836060738154,63.14954733849235,63.4919548034668,8598840
2021-04-26,63.47564092841488,63.51640728845664,63.0191020213786,63.20661163330078,7834219
2021-04-27,63.11693428689574,63.54086795107789,62.953881874757045,63.06801986694336,9095802
2021-04-28,63.27183022740977,63.61423767526481,62.660393477876184,62.847896575927734,11628398
2021-04-29,61.551647680568834,61.747305363258086,59.39122600249497,60.06788635253906,30602753
2021-04-30,59.98636851850182,61.20924876134487,59.90484229985266,60.73640060424805,18052114
2021-05-03,60.540731410670155,61.97557824614481,60.508119625706975,61.94296646118164,12543302
2021-05-04,62.02449773196021,62.34244799482539,61.57610683703084,61.95112609863281,10418587
2021-05-05,62.04078220213366,63.36964534481765,61.74728923630704,63.34518814086914,16795143
2021-05-06,63.13322909414941,63.4756365098142,62.5217924020979,63.41041946411133,12871641
2021-05-07,63.59794068587219,64.12785785156551,63.50011183018948,63.92404556274414,12237496
2021-05-10,64.25828886368937,64.55178190517812,63.72022371966518,63.72837829589844,10939758
2021-05-11,63.45119251286147,64.12785290993605,62.896818175967006,63.14955139160156,12148102
2021-05-12,63.35339667664207,64.02190284523151,63.019143592347355,63.589820861816406,13379711
2021-05-13,63.50011756759143,64.3968995415687,63.29630526035508,64.1523208618164,10830451
2021-05-14,64.45396368203069,64.52733532487824,63.769148645225535,63.82621765136719,8273122
2021-05-17,64.13600966667583,65.35888986538166,64.07078608673174,65.11431121826172,12532508
2021-05-18,64.68223958431055,65.05725241320843,64.31537481534772,64.71485137939453,7943106
2021-05-19,64.34797654711834,64.73114389447603,63.54902354397213,64.69853210449219,9132796
2021-05-20,64.34796586975519,65.21213579102901,64.32350866093725,64.94309997558594,7345222
2021-05-21,65.16320976239898,65.49746260241916,64.470246875452,64.55177307128906,10863987
2021-05-24,64.83712784711206,64.93495669940734,64.37243428026245,64.42949676513672,8737910
2021-05-25,64.40503963442397,64.60885843489577,63.14955415198599,63.182159423828125,14331714
2021-05-26,63.22291738353798,63.40227242860598,62.75006930179229,62.9620361328125,9686454
2021-05-27,63.182163206783976,63.26368942816458,61.86145406469188,61.894065856933594,17675149
2021-05-28,61.97557798582533,62.28537364555946,61.796222946950095,61.86959457397461,13969735
2021-06-01,62.00819439715259,62.07341145322501,61.168481615512974,61.290767669677734,15798914
2021-06-02,61.39675539271388,62.03265595583349,61.364143603168735,61.853294372558594,11830453
2021-06-03,62.558146114369265,63.22456617433625,62.284742845704656,63.147674560546875,15974400
2021-06-04,63.39543026681824,63.63466379089561,63.13911841154872,63.318538665771484,12728500
2021-06-07,63.34416900114844,63.395430068352454,62.18220367591264,62.19929504394531,16794400
2021-06-08,62.32746768039711,62.515433678294976,61.58415589400898,61.85755920410156,13657700
2021-06-09,62.37016597642492,63.48087016968511,62.3274440772816,63.25872802734375,12258700
2021-06-10,64.27544506939006,65.33488161096152,63.856791344091995,65.05293273925781,17236700
2021-06-11,65.53994864591175,65.66810784836574,64.60012535866223,65.16401672363281,13928400
2021-06-14,65.26740422759475,65.31911247912161,64.52631617564164,65.01750183105469,7841400
2021-06-15,65.06060495961057,65.2932691309346,64.38845671525544,65.23294830322266,14185700
2021-06-16,65.68106144712331,66.82716392142453,65.65521059912042,66.01713562011719,17576900
2021-06-17,65.78445361567674,66.75821255417397,65.48284948296933,66.55139923095703,14233200
2021-06-18,66.12915815295577,66.54279144443645,65.62935975111753,66.01713562011719,19351900
2021-06-21,66.25840562642537,66.60309887084281,65.96542064208046,66.13776397705078,10880800
2021-06-22,65.99988381225636,66.12914460025787,65.50008551284822,65.65519714355469,10957500
2021-06-23,65.36219598499777,65.71550831534019,65.10368102144373,65.12953186035156,9539100
2021-06-24,65.2588168646336,66.04298775878482,65.2588168646336,65.80170440673828,8601900
2021-06-25,65.54318672230538,67.18909430427028,65.5345741552692,66.52555847167969,50285200
2021-06-28,66.56862566375037,66.99087141610391,66.17223075294224,66.23255157470703,8796200
2021-06-29,66.3531867223435,66.63755910045631,66.19807511377977,66.53414916992188,7696600
2021-06-30,66.69788022147742,67.29246924496228,66.5513877500736,67.01671600341797,13811900
2021-07-01,66.91332147605274,67.34418638372279,66.79267982786327,67.20630645751953,9212000
2021-07-02,67.24940507978266,67.87846425215406,67.00812174931266,67.73197174072266,7668000
2021-07-06,67.3355813777549,67.51654388802126,66.83577640207938,67.30973052978516,6720500
2021-07-07,67.56824028969145,67.74058362886875,67.32695041057545,67.69749450683594,8275100
2021-07-08,67.01672578762918,67.47344811873559,66.6203308559417,67.3183364868164,8400400
2021-07-09,67.57685054109484,67.80952127294363,67.16322391143858,67.20630645751953,6006500
2021-07-12,66.82715606689453,67.58547600858881,66.68927612778064,66.82715606689453,11087900
2021-07-13,66.6978827595512,67.0167185536245,66.56000284629432,66.87884521484375,6465800
2021-07-14,66.87024340859,66.97365337033524,66.2497967870742,66.88748168945312,7163200
2021-07-15,66.88745516274906,67.24938002360594,66.53414286443031,67.12873840332031,7041300
2021-07-16,67.22353465355842,67.54237042975114,66.89607316517572,67.23214721679688,7638200
2021-07-19,67.0512036523644,67.50791946268657,65.62073538936436,66.39629364013672,9830600
2021-07-20,66.51693821824439,67.3269599161128,65.44838832615588,65.63796997070312,11627600
2021-07-21,65.76721671484586,65.88785835839633,65.18124019996795,65.8275375366211,7429300
2021-07-22,66.00847906680414,66.17220977732686,65.56038261494515,65.94815826416016,8708900
2021-07-23,66.18085658867813,66.93917650681193,66.12053576080928,66.81853485107422,6560800
2021-07-26,66.74957913702303,66.8788399018135,66.31871430403852,66.55999755859375,5071800
2021-07-27,66.49966363331144,67.32692316059504,66.12911968702535,67.08563995361328,8136000
2021-07-28,67.09428403008354,67.79228307752687,66.75820992764957,67.49929809570312,11037900
2021-07-29,66.82715206764236,67.14598790242721,66.18946724911875,66.29287719726562,11583000
2021-07-30,66.45660524279648,67.00811179464735,66.15499455003834,66.24117279052734,13004500
2021-08-02,66.29286556831255,66.57723794497473,65.61209832167087,65.64656829833984,9083400
2021-08-03,65.8017137198478,66.18948965130873,65.65522117458292,65.84480285644531,9952400
2021-08-04,65.9137000750365,65.9137000750365,65.0261195741566,65.0433578491211,10893400
2021-08-05,65.07784749720783,65.22434659558958,64.56942994678568,65.13816833496094,8701600
2021-08-06,65.16400749541494,65.19847747511042,64.62111353330651,65.00889587402344,8670700
2021-08-09,65.36221816025837,65.68106062207121,64.62974898663875,64.90550231933594,7867000
2021-08-10,64.75898705495959,64.93994949962747,64.47461468142046,64.79345703125,11243100
2021-08-11,65.1295495324391,65.2932737481051,64.75038626030766,64.81070709228516,6952200
2021-08-12,64.73314250375732,65.54316401459273,64.6814342470615,65.52593231201172,6077100
2021-08-13,65.80169231433516,66.15499813648235,65.68105066048226,66.1119155883789,6810400
2021-08-16,66.1205289440729,67.22354201108887,66.0429698451077,67.15460205078125,9368400
2021-08-17,67.12875909890046,68.12836234293796,67.06843827016093,67.93016815185547,10311600
2021-08-18,67.9732639212191,68.13699473441741,66.99951133233314,67.03398132324219,7459100
2021-08-19,66.96501557789382,68.19728933726417,66.96501557789382,67.61131286621094,8865400
2021-08-20,67.67163491600508,68.2489922595431,67.40450080246757,67.80089569091797,6284200
2021-08-23,68.17143925090886,68.27484918499358,67.50790367919832,67.54237365722656,6492600
2021-08-24,67.44758788249537,67.44758788249537,66.81852881645797,66.97364044189453,8698100
2021-08-25,67.05119137323814,67.05119137323814,65.83615581493632,66.41351318359375,7045800
2021-08-26,66.44797795622215,66.62894040500201,65.93094144906884,65.9826431274414,6640400
2021-08-27,66.18946219470223,66.32734211503582,65.63795566232078,65.74998474121094,6010000
2021-08-30,65.74998181600435,66.21531009023668,65.67242272064817,65.92232513427734,7339700
2021-08-31,66.17224375989893,66.43937794101198,65.5173271559519,65.74137878417969,10949500
2021-09-01,65.68103827500882,66.18084307499524,65.34496422058108,65.64656829833984,9187200
2021-09-02,65.90509746233661,66.4738357069968,65.6379567558588,66.45660400390625,6559400
2021-09-03,66.57723999023438,66.68064334894206,66.08605431294488,66.57723999023438,6629800
2021-09-07,65.99987699307586,66.24116684050419,64.77622235197467,65.47422790527344,13979500
2021-09-08,65.46562773843685,65.46562773843685,64.45740523808031,64.93997192382812,8243000
2021-09-09,64.79346820279045,64.79346820279045,63.42331435052952,63.61289596557617,14628700
2021-09-10,63.75078213184158,63.948976330980166,63.00969387750272,63.29405975341797,11084500
2021-09-13,63.56980352724383,63.62151178513472,62.78563283939425,63.06138610839844,11245200
2021-09-14,63.513511736263304,63.59175928210922,62.65274893157882,62.696224212646484,15202800
2021-09-15,62.67013209123575,63.60044591627405,62.49623762701635,63.30482864379883,12555900
2021-09-16,63.48741449366803,63.48741449366803,62.33104778541248,62.574493408203125,14818900
2021-09-17,61.896327298379504,62.60058172004316,61.63548888785412,62.322357177734375,43406600
2021-09-20,61.87025444280658,63.130958145901054,61.83547554041398,62.539730072021484,15989400
2021-09-21,63.01791601165505,63.19180384696388,62.400598939498586,62.574493408203125,11995900
2021-09-22,62.88750274611459,62.957060540152774,62.478858997885695,62.63536071777344,9028700
2021-09-23,63.191811825043054,64.37426782793824,63.096171513529725,63.513511657714844,12813500
2021-09-24,63.98301159176737,64.88724306268773,63.77434483183089,64.00040435791016,14714700
2021-09-27,63.91344683367106,64.57422587182866,63.76563488648226,63.78302764892578,8630600
2021-09-28,63.94823367594185,64.18298293095384,63.17442148587799,63.74825668334961,11836200
2021-09-29,64.000407150292,65.81755992109105,63.974324633336536,65.28719329833984,16054500
2021-09-30,65.7132167657236,66.64353060776894,65.2958766773632,65.30457305908203,16248600
2021-10-01,70.91253881149805,73.32961553089325,70.10394777778566,70.77342987060547,102497300
2021-10-04,73.18180919293776,73.52089510881632,71.66026744559706,72.25149536132812,53553300
2021-10-05,71.97328867286647,72.50365531537527,70.6865024768824,70.94733428955078,28977800
2021-10-06,70.86037224936031,71.01687395033889,69.68661280871872,70.13003540039062,17608000
2021-10-07,70.89516806167892,71.87764714299871,70.45174536418187,71.24295043945312,14190500
2021-10-08,71.00819732389712,71.12123041534795,70.01702181974412,70.10396575927734,12121100
2021-10-11,70.98209362310081,70.98209362310081,69.44316578907336,69.49533081054688,11279700
2021-10-12,69.7127027218112,69.7127027218112,68.90411161980134,69.19972229003906,10945000
2021-10-13,69.1997214706757,69.26058951389408,68.49546706653358,68.64327239990234,9462600
2021-10-14,68.66065892006752,69.26927296293707,67.79990287846758,68.10420989990234,14607900
2021-10-15,67.99117683951546,68.73890645412408,67.79990287846758,68.10420989990234,12866800
2021-10-18,68.46068863300205,68.46068863300205,67.04348343276872,67.07826232910156,13075500
2021-10-19,68.45199858273337,69.13886022374673,67.9129356420408,69.11277770996094,15577100
2021-10-20,68.96496941330263,70.64301293985596,68.95627303128225,70.48651123046875,11465500
2021-10-21,70.52132890350451,70.6517481719416,69.7996813670989,70.57349395751953,9893600
2021-10-22,70.55608367919922,70.84300464492166,70.32132774964548,70.55608367919922,7543600
2021-10-25,70.45172955265195,71.05165385383611,69.51271933342343,70.9994888305664,9365900
2021-10-26,71.2081593895532,71.60810673406976,71.04296129578046,71.51246643066406,9352500
2021-10-27,71.71245204132826,71.71245204132826,70.68649772695373,70.8951644897461,8465400
2021-10-28,72.49494452179512,75.52064203447068,72.31236029920031,75.25111389160156,28854700
2021-10-29,75.19892491259539,76.91174694441824,74.92070045176186,76.5552749633789,18678600
2021-11-01,76.55530206020451,77.05957951349615,75.8945162443162,76.37271118164062,10943900
2021-11-02,76.71179711375503,78.61589358102572,76.05970773773444,77.3986587524414,14671400
2021-11-03,77.18129777520369,77.74644324349649,76.69440648357731,77.1030502319336,10883900
2021-11-04,78.57243999977487,79.46797518652362,77.61603675820103,78.72024536132812,19519800
2021-11-05,71.54723679194116,73.03399955837202,70.72994943610148,70.95600891113281,37623900
2021-11-08,69.91266806564441,72.06020984165353,69.45185273874539,71.88632202148438,18655700
2021-11-09,72.70360521458731,72.78185273917288,71.21684254690865,71.92109680175781,10512000
2021-11-10,72.43408102999234,73.05139146959165,71.90371450816555,73.0427017211914,9855900
2021-11-11,72.96444768363291,73.26006496466839,72.62536176033052,73.0513916015625,5761500
2021-11-12,72.89488863842175,73.20789204428522,72.20802705525006,73.03400421142578,8206700
2021-11-15,73.16444328056289,73.19052579923851,72.51235378008265,72.76449584960938,7108200
2021-11-16,72.74706233108165,73.63390726965636,72.38189400738321,73.12962341308594,10565200
2021-11-17,73.3557070425167,73.61653880262789,71.80807607891502,71.8167724609375,10286300
2021-11-18,71.55594890494218,72.28628587706405,71.31249661417158,72.20803833007812,9833600
2021-11-19,71.61680860328512,71.94719818274811,70.09526664775872,70.1648178100586,17581100
2021-11-22,70.42563723294082,71.35595094092906,70.02568996565,70.98208618164062,10880200
2021-11-23,70.85168197115284,72.6775308842559,70.72126277020345,71.99066925048828,12130800
2021-11-24,71.99065499441745,72.07759890003446,71.26031159376605,71.53853607177734,8537000
2021-11-26,68.45201701514776,69.49535764790242,67.0435011908708,68.82588195800781,18022000
2021-11-29,66.44355775844015,67.38256804056894,64.33948432260776,65.11329650878906,34192400
2021-11-30,64.99156832783967,65.23501394384482,64.20036344242743,65.13068389892578,30179900
2021-12-01,65.66974593465949,66.86959462402194,64.67857062029685,64.7220458984375,21435900
2021-12-02,64.66985757557086,65.01763981090042,63.73085416359379,64.24382781982422,15345300
2021-12-03,64.41772575035156,64.5568413197168,63.17441517447591,63.7656364440918,14508900
2021-12-06,63.7308597829141,64.20905459443584,63.296133608769786,63.83518981933594,13506800
2021-12-07,62.626661536594284,63.226585874921405,62.16585278012692,62.844024658203125,17635100
2021-12-08,63.07008303006433,63.826509067709544,62.67013568948973,63.65261459350586,14331400
2021-12-09,63.85258490622382,63.95691494644488,63.200495621261226,63.34830093383789,11938000
2021-12-10,63.57436704344066,63.67000734588608,62.8179410059349,63.13964080810547,11398800
2021-12-13,62.92226883366988,63.8612723284414,62.57448656767543,63.83518981933594,17486100
2021-12-14,63.51045793922012,64.98499618990775,63.334920381699824,64.70413208007812,18949700
2021-12-15,64.69534585863379,66.16988394214943,64.69534585863379,66.08211517333984,14263400
2021-12-16,66.26642113773353,67.17045203680954,66.06454697463877,66.62628173828125,16601700
2021-12-17,67.19679267696858,68.23248022130231,66.26643167312446,66.43319702148438,28040600
2021-12-20,66.44197369700622,67.14413728835696,65.78369784123801,67.06514739990234,11818800
2021-12-21,66.92471888953831,66.95104885506582,65.73104467921203,66.30155181884766,14947800
2021-12-22,66.21376496884204,67.19678579407733,65.94167310786257,66.84571075439453,9256000
2021-12-23,66.9686045429326,66.9686045429326,66.13478438134528,66.46831512451172,9894900
2021-12-27,66.70527709588397,67.24067525038606,66.50340291618345,67.20556640625,6334700
2021-12-28,67.30213049896989,67.7058722606988,66.88960984997998,67.41622924804688,5727100
2021-12-29,67.40745844638388,67.74098250955676,67.11781542776241,67.53910827636719,5926100
2021-12-30,67.68830524918056,68.11837687512781,67.55664875657257,67.70585632324219,5859100
2021-12-31,67.70587179059605,68.06573250617932,67.24947010112807,67.26702117919922,6019500
2022-01-03,67.21435320140607,67.53032613948818,66.13477788023752,67.46888732910156,9441200
2022-01-04,67.0563529908395,67.819948521118,66.60872363756562,67.59175109863281,11981700
2022-01-05,67.81119119877133,70.04932506313449,67.81119119877133,69.23306274414062,17447900
2022-01-06,69.15408487071677,69.84746968764162,68.41681231112312,69.18919372558594,11359200
2022-01-07,69.21548643690853,70.68124518301136,68.8644047735186,70.47937774658203,15212000
2022-01-10,70.69004714585435,72.36645275879465,69.92644478089522,72.2962417602539,19636800
2022-01-11,72.34014553641187,72.46302319289298,70.7866170529979,71.68186950683594,11585100
2022-01-12,71.16401303016447,71.46242821607274,70.8041523333978,71.26933288574219,13057000
2022-01-13,71.03235376719992,71.72573847369375,70.50573442069259,71.3746566772461,9678100
2022-01-14,71.62041007617648,71.8398353562483,70.8919165392193,71.42731475830078,9478000
2022-01-18,71.18157357022511,72.11194149492593,70.92703939152683,71.56776428222656,14493100
2022-01-19,71.0762348214104,71.95393588185775,70.63738429118672,71.34832000732422,11448200
2022-01-20,70.85680042890091,71.84860008877007,70.67247733718214,70.87435150146484,12069600
2022-01-21,71.33076055298379,71.55018581291786,69.54902851373153,70.19853210449219,18461700
2022-01-24,70.01422837785843,70.31265029608161,67.27580466135755,69.18919372558594,17289000
2022-01-25,68.82931654526203,70.02299054038215,68.26758839418524,69.74212646484375,13662400
2022-01-26,69.68069849576355,70.51451196636789,69.1014191795075,69.46127319335938,13046600
2022-01-27,68.82931361071113,71.62040317201868,68.82931361071113,70.72515106201172,20187200
2022-01-28,69.81235307410587,71.08501711410966,69.49638011172877,71.00602722167969,13915300
2022-01-31,71.11135770288877,71.72575264211942,70.91826903821247,71.51510620117188,13035000
2022-02-01,71.93637685073337,72.07681223218249,71.16400234174587,71.9012680053711,10803300
2022-02-02,71.79595395497329,72.23480451289774,71.32199454885549,71.98027038574219,13988200
2022-02-03,71.66430629429716,71.7959628171913,68.81177731568293,69.34717559814453,19181400
2022-02-04,68.90832842705291,69.82113854935098,68.6362364804635,68.95220947265625,10716200
2022-02-07,69.15407385378103,69.2681725916817,67.96917865011231,68.09205627441406,23615300
2022-02-08,67.67075646561152,67.8726306739301,66.54730007930365,67.50399780273438,17486500
2022-02-09,67.7321994189066,67.87263482394602,67.06515133395536,67.17047119140625,15183100
2022-02-10,67.02124745544764,67.38110137562438,66.64383576570498,67.19678497314453,12437600
2022-02-11,67.05637476070083,68.37292659489133,66.85450053307358,67.26702117919922,9342300
2022-02-14,67.25821888685624,67.3196576832186,65.92411643884805,67.11779022216797,9881100
2022-02-15,68.0306161044942,68.6274531376173,67.86385074784376,68.2939224243164,11425600
2022-02-16,67.7585347541109,68.28516086842279,67.52155835973392,67.77609252929688,9981300
2022-02-17,67.45132715052796,67.5215448445586,66.70528256635404,67.02125549316406,8889300
2022-02-18,66.9861339429522,67.46009324328594,66.60872227951938,67.03002166748047,8780500
2022-02-22,67.10902162334567,67.46010338336403,66.3629770685114,66.66139221191406,9052500
2022-02-23,66.87203527395474,67.09146050407395,66.371746017136,66.56483459472656,9659100
2022-02-24,65.91537074341959,66.10846611387619,63.9668726543828,64.51982879638672,21135600
2022-02-25,65.125423768337,67.83752385043891,65.099093804798,66.98615264892578,13665900
2022-02-28,66.55607960826131,67.37234194312042,65.63449072504582,67.21435546875,14126100
2022-03-01,67.14412800433658,68.25003316408555,66.66138976499015,67.00369262695312,9807300
2022-03-02,66.97737724815663,67.77608856416086,66.75795194547355,67.29335021972656,9697500
2022-03-03,67.38110706968058,68.05694063221192,67.0651408503908,67.71463775634766,8191100
2022-03-04,67.30211254846266,68.33779999016967,66.72282667766325,68.31147003173828,12216300
2022-03-07,67.59176324620942,68.7152195771497,66.7755009594594,68.22370910644531,14008400
2022-03-08,67.802421328992,68.53968716221492,67.1968053257524,67.53910827636719,10184100
2022-03-09,68.12718245055879,68.65380193097751,67.6268929397115,68.2763900756836,9746000
2022-03-10,68.13594679708491,68.63623625032443,67.87264043535998,68.36415100097656,8972200
2022-03-11,68.74155610714143,69.89134250940366,68.63622955492842,68.68889617919922,9424500
2022-03-14,68.98110321899716,69.60981334957569,68.45864976880827,68.87483978271484,10085400
2022-03-15,68.78628823020894,69.9640159456855,68.53834697555966,69.6363754272461,11403000
2022-03-16,69.91975781447817,70.05258545483863,68.7597437175119,69.17593383789062,10944000
2022-03-17,69.20250120040804,70.28282281642554,69.12280191016517,69.90205383300781,10279400
2022-03-18,70.11455947910099,70.61044205019017,69.62752712828602,70.05257415771484,21064800
2022-03-21,70.54846151392125,71.2391570721845,69.8754799091946,70.00830078125,10478300
2022-03-22,70.19424663944332,70.6458578070128,69.75149244736538,70.22081756591797,10016600
2022-03-23,70.22082410668838,71.35427386304107,70.15883878425952,70.60159301757812,8470400
2022-03-24,70.87609480378084,71.43396267670227,70.59273237939159,71.2037353515625,7605000
2022-03-25,71.36312087712706,72.06267334504686,71.23915023783931,72.02725219726562,7125600
2022-03-28,72.05383213080631,72.31948063852843,71.48710720725967,71.91214752197266,7071900
2022-03-29,72.31061815220133,72.39916763975576,71.49594530137911,72.23091888427734,7398700
2022-03-30,72.46999970985833,73.23153742700752,72.31946491262691,72.96588897705078,9326600
2022-03-31,73.40865621783962,73.83369651579363,72.55856886603789,72.65597534179688,12466800
2022-04-01,72.7799508662638,74.01080722686399,72.29291845484897,73.95767211914062,10086700
2022-04-04,73.9399482838705,74.28529600484471,73.25810981719884,73.93109130859375,9039600
2022-04-05,74.081622034103,75.64896863431197,73.94879444794151,74.13475036621094,12040900
2022-04-06,74.70150032659346,75.76410786301429,74.48898017048809,75.24166107177734,13924300
2022-04-07,75.93235779485894,77.13664995749967,75.23280523303868,76.86214447021484,13104300
2022-04-08,76.72046579930641,77.78307343406462,76.38397495800838,77.64139556884766,11409300
2022-04-11,78.20810505152032,79.23529808344823,76.31311753279162,76.71159362792969,14381000
2022-04-12,76.15373618046463,76.64076859095319,75.46304058442209,75.82609558105469,12543000
2022-04-13,75.97663953439707,76.36625871901472,75.11769512330153,76.26885223388672,12743800
2022-04-14,76.26883906662118,77.49084503056775,75.63127866843675,76.95954132080078,22096100
2022-04-18,76.52562479247705,77.43769725014005,75.87035054959456,76.2156982421875,7995100
2022-04-19,76.1271728798056,76.23342958448347,75.37449194612888,75.96778106689453,8494700
2022-04-20,75.72868550482362,76.87984928085564,75.69327110928175,76.56106567382812,8719400
2022-04-21,76.51680607364182,77.24292290005302,75.61358346280419,76.35741424560547,8562400
2022-04-22,76.029766292164,76.27770761059752,74.82547409757761,74.90516662597656,7914000
2022-04-25,74.90517205911381,75.985493672843,73.96653506956308,75.6578598022461,10573400
2022-04-26,75.94120421662849,76.33082332857956,74.7280552455002,74.80775451660156,9009600
2022-04-27,74.64837446255409,75.38334143437301,74.02851441575379,74.74578094482422,10781300
2022-04-28,75.9323413412403,79.13788401423965,75.26821007586501,78.4383316040039,21092300
2022-04-29,78.50917954179565,79.70461455429405,78.00443325814132,78.5357437133789,15914200
2022-05-02,78.56230077974493,78.66855745646806,76.71158484140473,77.61480712890625,12124900
2022-05-03,77.03037063916567,78.13725609339626,76.53448811755602,77.12777709960938,8425600
2022-05-04,76.65846928626388,78.60658525116183,76.47251331509673,78.38520812988281,10763500
2022-05-05,78.29665633457194,78.50918322900559,77.06580011685723,77.93360137939453,9548300
2022-05-06,77.69451394864399,78.73941424955613,77.46428660273841,78.27009582519531,12227400
2022-05-09,77.48199401069891,77.97787661048139,76.95954723677004,77.60596466064453,11901500
2022-05-10,78.03102013308241,79.06706357192787,77.27833241963083,77.75650787353516,12370800
2022-05-11,77.41115411335113,80.41302749121473,77.41115411335113,78.97850799560547,16338600
2022-05-12,79.56293148864775,80.44843992314776,78.24352581289283,80.43073272705078,14210200
2022-05-13,80.31561413851144,80.6255475023695,79.0404865577576,80.05882263183594,10308100
2022-05-16,80.395318026008,82.2371773388844,80.29791154993033,81.7501449584961,13999000
2022-05-17,81.74127671660315,83.73367057941975,81.0328740633596,82.35227966308594,17582800
2022-05-18,81.96266912030201,82.49397965433137,81.26311655599783,81.55533599853516,12717600
2022-05-19,80.80263922050766,82.00693115100526,80.47499868962913,81.54646301269531,11121600
2022-05-20,81.86524509270315,83.30862804174158,81.86524509270315,82.83930969238281,11757100
2022-05-23,82.87472288850189,84.05245061051093,82.70648089670956,83.08724975585938,9067000
2022-05-24,83.45916429833512,83.9461966066772,82.85701833342708,83.80451202392578,9021000
2022-05-25,83.55657148122663,83.91077618526978,82.47625017404681,83.01641082763672,11177700
2022-05-26,83.45031111271979,83.45916808851717,80.58126574063728,81.74127960205078,17249500
2022-05-27,81.71471677490547,82.44969039263923,81.24539838831912,82.42312622070312,9802000
2022-05-31,81.387082850998,82.0157930240989,80.46615327527617,81.49333953857422,22860800
2022-06-01,81.17455673257179,81.40479081765525,79.73118041355342,80.70523834228516,10492500
2022-06-02,80.69638477745272,80.70524175384004,78.58002006574728,79.69576263427734,11066200
2022-06-03,79.46553202678149,80.2979121904875,79.41240367791305,79.61607360839844,7051600
2022-06-06,79.8462965629187,80.28020057444292,79.42125628357645,79.5540771484375,8336900
2022-06-07,79.82858443657209,80.42187344929212,79.323844913589,80.12080383300781,10243300
2022-06-08,80.20936381241148,80.27134913892303,79.0493430507043,79.23530578613281,10266000
2022-06-09,79.03163695335388,79.5098123741991,77.85390897734032,77.92475128173828,7381100
2022-06-10,77.18977430997242,77.96016913695829,76.7824412107515,77.1986312866211,8861600
2022-06-13,75.89693688227152,76.60534642343889,74.94058602846378,75.26822662353516,12016100
2022-06-14,75.6788919760209,75.91993981107832,74.87541735565604,75.43785095214844,11226900
2022-06-15,75.49140905471604,76.21454570027348,74.7682792203431,75.55390167236328,11357100
2022-06-16,74.78613722863689,76.05385541839156,74.14335888697391,75.78602600097656,12925200
2022-06-17,75.56282739441237,76.56271603845218,74.446882983683,75.54497528076172,32989100
2022-06-21,76.82162679318175,78.88389017547021,76.12527166128548,78.58927917480469,11778600
2022-06-22,78.5982099531054,80.65154390606095,78.58928048927933,79.59809875488281,11935400
2022-06-23,80.34800322159477,82.26742910523646,79.95518858182122,82.13351440429688,14718400
2022-06-24,83.24946711794759,83.73155600224631,81.86569309017246,83.142333984375,25248400
2022-06-27,83.20481682875611,85.45456469102523,83.0709089415129,84.2850570678711,11949000
2022-06-28,84.01721948070501,84.21362677776122,81.66034553839815,82.0353012084961,13523300
2022-06-29,82.41024336799654,83.0083946231096,82.03528775937001,82.58879852294922,8657100
2022-06-30,81.82105039521929,82.93699487193754,81.16041317213376,81.39252471923828,18551400
2022-07-01,81.5085867428319,82.57096124574831,80.69617590000544,82.50846862792969,11413800
2022-07-05,82.52633897485478,82.98163947717936,80.8211723208149,82.70488739013672,9574400
2022-07-06,83.30303027914124,84.37434118131125,82.7584487697215,83.142333984375,10455300
2022-07-07,82.9726865345297,83.87436455708117,82.6245124840033,83.0351791381836,8140100
2022-07-08,82.94592709054581,83.75833115477076,82.49954928502878,82.82986450195312,7161500
2022-07-11,82.91913343776085,84.6153703532987,82.874499746753,84.18685150146484,9507700
2022-07-12,83.72261644140195,84.13328318712601,83.15125342029157,83.56192016601562,7826500
2022-07-13,83.55299542695425,84.2404210704321,83.04412499465857,83.71369171142578,6415600
2022-07-14,82.62453744963823,83.97259356595237,82.1870822806976,83.81189727783203,6271000
2022-07-15,84.67786598174473,85.12424377480737,84.24934711466798,84.77606964111328,9731900
2022-07-18,84.72247749827599,84.90102582993805,82.06206376494485,82.43701934814453,8653700
2022-07-19,83.16016495723768,83.37442434117247,82.24062800620193,82.45488739013672,8233600
2022-07-20,82.45491234220226,82.51740496522704,79.65166014734451,80.0355453491211,11844000
2022-07-21,79.58915823118883,80.71403212547557,79.37489880743375,80.47298431396484,8197000
2022-07-22,80.44620513916016,80.74973876427669,79.86591265511356,80.44620513916016,6354500
2022-07-25,80.52654839474572,80.99971456063267,80.12481111917901,80.82115936279297,6364500
2022-07-26,81.59785269610212,82.08886412617112,80.88364558358602,81.49964904785156,6414100
2022-07-27,80.79437615882453,81.57107592862077,80.3569278524995,81.44609069824219,6966300
2022-07-28,81.27647102554981,81.35681576056096,78.04469328624617,80.29444122314453,13909800
2022-07-29,80.41942547617599,81.31218106944299,78.81246268382152,79.75878143310547,14938600
2022-08-01,79.75878971610373,80.3658638550177,78.8749634941152,79.03565979003906,7343300
2022-08-02,79.50881795080578,79.9819773670694,78.16076179044323,78.21432495117188,7443000
2022-08-03,77.8929293051548,78.58034814851958,77.45548095028629,78.22325134277344,8187600
2022-08-04,78.3928592520038,78.4642813275777,77.34833693867576,77.509033203125,7993800
2022-08-05,77.25013735128987,78.14289290937468,76.79483010953497,78.0357666015625,8801200
2022-08-08,77.93754940806618,79.2588235902723,77.59829799576157,78.99992370605469,8149400
2022-08-09,79.23205298219254,80.56225680963526,77.50010508108738,79.91947174072266,13215500
2022-08-10,80.37478939997662,80.46406360198462,78.73212228723759,79.6248779296875,8140200
2022-08-11,78.3928649044952,80.18730551836858,77.99112761999699,79.39275360107422,7396800
2022-08-12,79.44631330724125,81.26753541953022,79.4106022684296,81.25860595703125,12317300
2022-08-15,81.08897320996782,81.09789585976115,80.24978096894736,80.88363647460938,6339800
2022-08-16,80.31229177411879,81.1514842053205,80.23194704067245,80.87472534179688,5661200
2022-08-17,80.65153339576321,82.03530722750895,80.61582916748227,81.2764663696289,6486000
2022-08-18,81.6871440781083,81.99067773755421,80.82116998552341,81.59786987304688,6111600
2022-08-19,81.73178898294732,83.04413417143623,81.71393005426317,82.20494842529297,8828700
2022-08-22,81.9638916637106,82.32992473893654,81.24969125118798,81.38360595703125,6652100
2022-08-23,81.1336166706543,81.23182031968078,80.09802384162585,80.52654266357422,5208800
2022-08-24,80.52656017191892,80.63369330629118,79.93734496083486,80.35694122314453,5553300
2022-08-25,80.80330890537513,80.80330890537513,79.51773869930763,80.58904266357422,5884300
2022-08-26,80.59797805579174,81.00864483267824,79.53559666505568,79.68737030029297,5695300
2022-08-29,79.30347871723295,79.45524552906487,78.16967533193693,78.19645690917969,7850200
2022-08-30,78.08932849471074,78.178602686841,77.2947766057381,77.5625991821289,6754000
2022-08-31,77.70545729663411,77.78580204062833,76.02707902507325,76.20562744140625,11602000
2022-09-01,76.45557207945507,78.08038663858547,76.20560165669396,77.80363464355469,7528600
2022-09-02,77.88400871403233,78.36609763013011,76.6698603648644,76.98233032226562,6997500
2022-09-06,77.29478356129987,77.9107803102597,76.91982783390087,77.15193939208984,8244300
2022-09-07,77.27690635156316,77.66972091276959,75.94670269363668,77.55366516113281,6121700
2022-09-08,77.22334437684287,78.07145930737532,76.89302241707777,78.044677734375,8109200
2022-09-09,78.19645548944587,78.7142553440195,77.91077398540254,77.9732666015625,7480100
2022-09-12,78.67854913482864,79.60701578276573,78.40179707644197,78.70533752441406,6351500
2022-09-13,77.95540588051618,78.21430577921826,76.87517259976974,77.02693939208984,7650000
2022-09-14,78.2958624901397,78.87183150399818,77.73788950404895,78.25086212158203,9418700
2022-09-15,78.43086710238295,78.68285272101018,77.57590804936268,78.07088470458984,8006800
2022-09-16,77.93589068320061,79.07883428469839,77.75590291680551,78.94384002685547,14842500
2022-09-19,78.16088253405985,78.24188183904741,77.07194070366975,77.97189331054688,7748600
2022-09-20,77.45893147527674,77.80091104211373,77.02695114224024,77.39593505859375,5454800
2022-09-21,77.62092552147585,77.84591371139317,76.06400422616633,76.07300567626953,7190800
2022-09-22,76.09100085011767,79.33082908273268,76.09100085011767,78.7548599243164,12329700
2022-09-23,78.65586589669199,79.20483758281382,77.47692321257925,78.09789276123047,9038500
2022-09-26,77.5039121513774,78.0348808332534,76.75694992485683,77.55790710449219,8841000
2022-09-27,78.13389454920645,78.86285405220967,77.09894755231299,77.25193786621094,6532100
2022-09-28,78.28688200079951,78.52087162097294,77.57591855703363,78.09789276123047,6840000
2022-09-29,78.29587679831012,78.67385524533607,77.60291631209587,77.97189331054688,6601300
2022-09-30,78.5208654897567,78.85385042838374,77.48591861151542,77.50392150878906,9035600
2022-10-03,78.04390819198599,79.10585277440453,77.41393711008975,78.7908706665039,9186900
2022-10-04,78.78184803164527,79.78079592386808,78.29587282466444,79.54680633544922,7373000
2022-10-05,79.7177995192276,79.89778728503094,79.21382141601056,79.54680633544922,6065700
2022-10-06,78.97984093739986,79.20482908409224,78.50286716498694,78.69185638427734,8055500
2022-10-07,79.08785453662769,79.46583995449079,78.40389530945625,78.83586883544922,8837400
2022-10-10,80.93273482729164,82.4266525218781,80.73474416348175,81.4277114868164,14485000
2022-10-11,81.38270841130682,82.7776375937921,81.17571630616716,81.94068145751953,9743500
2022-10-12,82.12068832041096,82.543667210883,81.32873237333419,81.37372589111328,8522200
2022-10-13,80.54577632700035,83.44362546773132,80.33878416005027,83.23663330078125,9382800
2022-10-14,83.03862641340086,84.01957835359278,82.56165261655724,82.95763397216797,9847600
2022-10-17,83.55160700013099,84.92854042547725,83.20062598958027,84.70355224609375,12139700
2022-10-18,84.97352280014955,85.78348151294895,84.61354038711721,85.14451599121094,9530400
2022-10-19,85.41450383913306,85.41450383913306,83.78558497796989,83.92958068847656,8546100
2022-10-20,83.87557665738309,84.05557129078113,83.119619795391,83.64159393310547,7626000
2022-10-21,83.55159001567192,86.35944439538822,83.37160225519096,86.09845733642578,10297200
2022-10-24,86.8004258379421,88.57333356493828,86.63843409471164,87.62838745117188,11414900
2022-10-25,87.16940601167164,88.45633845450872,86.71042828092875,87.93436431884766,8747900
2022-10-26,88.45634190026114,89.34729305197988,88.19535482226404,88.56433868408203,10374700
2022-10-27,89.85127777480096,91.34520261076143,89.54529714059865,89.76128387451172,12218400
2022-10-28,90.21124340111099,91.02120208469731,88.6903282316973,90.68821716308594,11228000
2022-10-31,89.95025462501313,91.219191016223,89.37428554230729,91.0751953125,11043800
2022-11-01,90.58023895512908,90.95821743428489,89.05031527373147,89.77928161621094,11079300
2022-11-02,89.68028755149629,90.92221980048537,89.0773208928918,89.4552993774414,9503500
2022-11-03,89.09531134110463,89.31129805215257,88.19535870129549,88.87032318115234,9912700
2022-11-04,89.09531890485576,89.43729846522184,88.15936725606535,89.27530670166016,8877600
2022-11-07,88.64533272340871,90.31924513935144,87.89837040386678,90.05825805664062,8644500
2022-11-08,90.05826694178029,91.76817845501319,89.57229165700288,91.34519958496094,8503900
2022-11-09,91.16522820673275,93.3791114364274,91.14722530437272,91.42620849609375,10602900
2022-11-10,92.42513406824793,92.52412940867093,90.53523488342542,91.69617462158203,9556000
2022-11-11,90.47223305234299,90.72421867974295,87.5923875019243,88.15935516357422,13342800
2022-11-14,88.82531854155042,91.51618174907976,88.82531854155042,90.31024169921875,8958200
2022-11-15,90.35524930518176,90.66122991679596,88.83432709802155,89.63528442382812,7965900
2022-11-16,89.61728418931433,90.71522749215293,89.53628488256554,89.93226623535156,8757700
2022-11-17,90.36424560533084,92.11014901407505,90.23824592209367,92.07415008544922,8496800
2022-11-18,92.36214084048173,94.13504871412432,92.36214084048173,93.80207061767578,11626300
2022-11-21,94.49503464471844,95.2779959749972,93.80207407840533,95.04400634765625,8899300
2022-11-22,95.51197340219115,96.38492858158936,95.43998240757112,96.20494079589844,8295700
2022-11-23,96.06995341298273,96.56493015826959,95.66497743308942,96.13294982910156,5749600
2022-11-25,95.89895349416535,96.74491119384766,95.89895349416535,96.74491119384766,3163700
2022-11-28,96.41191639731417,98.00483629197,96.41191639731417,97.599853515625,9524500
2022-11-29,97.19487930499325,98.14882684917018,96.78990338765979,97.95083618164062,9352400
2022-11-30,97.82485281849958,99.29178006993725,96.86190373293651,99.10279083251953,20305800
2022-12-01,98.76980369804664,99.87674848266869,97.88784707674589,98.81480407714844,10110500
2022-12-02,98.09485575390086,99.07580101571426,97.83386861649578,99.03080749511719,6943600
2022-12-05,98.82381239254589,99.20179777768142,98.28384209875986,99.0038070678711,6961900
2022-12-06,99.31877769175324,99.6787601347164,97.57286730634307,98.03184509277344,7458700
2022-12-07,98.22983196378615,99.63375588410098,98.09483769465733,99.0757827758789,8270400
2022-12-08,99.24678521801442,99.91274831069003,99.10279635266846,99.75975799560547,7354800
2022-12-09,99.87675058448642,100.2277315773662,97.86985310434582,97.8968505859375,9667800
2022-12-12,97.13189656038823,98.18483958642831,96.58292485633088,98.0678482055664,10956600
2022-12-13,100.12874092691965,100.12874092691965,98.09484586986376,99.81375885009766,15836900
2022-12-14,100.12175677394215,101.61651841408417,99.68692129669901,101.05485534667969,10788300
2022-12-15,99.86811494599736,100.34824901745723,98.9531453391568,99.31550598144531,9871400
2022-12-16,98.9621789062841,99.37889908739469,98.08344001741807,98.92594146728516,29465900
2022-12-19,98.91688514749022,99.74126440419946,98.5363955020398,99.14336395263672,6949500
2022-12-20,99.59631824680848,100.24857828976653,98.88970550413207,99.38795471191406,8022000
2022-12-21,99.74126604749517,100.72871724822673,99.23395572731586,100.65624237060547,6640900
2022-12-22,100.46600944558041,101.18168337118325,99.84092566882666,100.77401733398438,8373700
2022-12-23,100.78308443337525,101.58028746701446,100.43883908258267,101.335693359375,4547400
2022-12-27,101.83393665004576,101.99699476005237,101.03672680600528,101.57122039794922,5125800
2022-12-28,102.26877083915197,102.26877083915197,100.6109442920068,100.62906646728516,5107800
2022-12-29,100.90990323629096,101.19073476347103,100.33011800570848,100.3935317993164,4467200
2022-12-30,100.76495357277564,100.93707276574189,99.75938711955072,100.51129150390625,5498600
2023-01-03,100.02211160471447,100.73777860962073,99.18866427579175,100.68342590332031,8062500
2023-01-04,101.7524061399063,102.01512240609092,100.77401595789152,101.53498840332031,8698600
2023-01-05,101.09109756835882,103.19282796058636,100.9370936070068,102.94822692871094,9578900
2023-01-06,103.5642359270477,104.62415516013316,103.31964183925305,104.03530883789062,8632300
2023-01-09,104.07154522626992,104.11684375505544,99.59632842798158,99.99492645263672,12858800
2023-01-10,100.15800448723289,101.47158596516734,99.54198173830854,100.38448333740234,12122800
2023-01-11,99.052773892647,100.83742810901927,98.51828719233679,100.62001037597656,8626500
2023-01-12,100.48413133664867,101.55311175136136,99.6778672090316,101.25415802001953,8914800
2023-01-13,100.73778906225523,101.86112912731424,100.51131021372356,101.68900299072266,5757800
2023-01-17,101.48968207221867,101.90640224846908,99.94056785890149,100.05833435058594,10241100
2023-01-18,99.57820909358134,99.74127412564359,98.36428589723975,98.55452728271484,8799500
2023-01-19,98.23745365241663,99.81374427994335,97.92943886796601,99.56008911132812,6772900
2023-01-20,99.08900388487903,99.64161271982773,98.42768964737293,99.59632110595703,9216500
2023-01-23,99.58727546119053,99.97681934112374,98.89877785469764,99.54197692871094,8998800
2023-01-24,99.65067889450829,99.65067889450829,96.38032424331627,98.30992126464844,7424200
2023-01-25,98.48205675142763,99.58727458296065,98.1378114070098,98.37334442138672,6168000
2023-01-26,98.31898608722959,98.33710826365909,95.86395646150827,96.81517028808594,9672700
2023-01-27,96.21727399106588,96.64305533574475,95.22076843145197,95.46536254882812,7784900
2023-01-30,95.63747810967473,96.47997961659289,95.57406431502864,96.10855102539062,6476600
2023-01-31,96.11761330578341,97.33154341896004,95.9364330078575,97.30436706542969,7938900
2023-02-01,96.90576435087227,97.32248457498027,96.09950025681336,96.91482543945312,10103200
2023-02-02,94.2333006202378,95.85488973605165,92.17687605788164,93.72599029541016,16229900
2023-02-03,93.50857613154186,94.02494756370703,92.83820076084682,93.25492095947266,11210800
2023-02-06,93.69882279018137,94.77686424380425,93.16432915184586,94.24237060546875,9054500
2023-02-07,93.94341387574816,95.96360803649902,93.81658628663396,95.73712921142578,7904700
2023-02-08,95.85489256074095,97.40400684391938,95.41099601343585,96.60680389404297,8596300
2023-02-09,96.80609545395765,97.69388844855573,96.51620287651562,96.67926788330078,7976800
2023-02-10,96.90576901738059,98.53641254959847,96.81517886196612,98.35523223876953,7609600
2023-02-13,98.4820391237039,99.26112673724754,98.15590910354219,99.24301147460938,7383100
2023-02-14,99.60538057877108,99.65067910663535,98.01097468940608,98.50922393798828,6983900
2023-02-15,98.31899212157077,98.55453204851409,97.44025312360796,97.54896545410156,6416600
2023-02-16,96.7698757313727,97.34966099238534,96.23538900170828,96.48904418945312,5959300
2023-02-17,96.32597801824537,99.23396537764363,95.59218190624308,99.2158432006836,9474600
2023-02-21,98.65417782005781,99.54197094597949,98.40957681790626,98.80818176269531,6741500
2023-02-22,99.84093171938373,99.94058296263239,98.67230006712875,98.88972473144531,7213900
2023-02-23,98.98030336084163,100.77401170729242,98.83535360150806,100.18516540527344,6922800
2023-02-24,99.7322056743914,99.94963030881283,98.64511014862344,99.551025390625,5787900
2023-02-27,99.67786156909185,99.76845171878873,98.30992750043735,99.0708999633789,5654800
2023-02-28,98.59077798990505,98.5998321678707,96.17198544851941,96.24445343017578,10209900
2023-03-01,95.99077626932103,97.43118506895992,95.99077626932103,96.61585998535156,6099000
2023-03-02,96.59774909415678,97.26813141431265,96.11761507538668,96.94200134277344,5097500
2023-03-03,97.2771763718103,97.28623745949025,96.14478231728454,96.82421875,6124300
2023-03-06,97.53084241431468,100.77401386563763,97.34059412321847,100.64718627929688,17776600
2023-03-07,101.25414322743477,101.62557179300563,100.30293637338394,100.80118560791016,13805300
2023-03-08,100.49318330738768,100.81025227629054,97.46742264743635,98.0925064086914,8440800
2023-03-09,99.0165541336108,99.56010198113248,97.03259723299153,97.47649383544922,5842500
2023-03-10,97.3315427188392,100.30294381759644,97.2409456589426,97.55802154541016,9738500
2023-03-13,94.64098482363099,98.5998307768473,94.5775710208349,95.78244018554688,10687100
2023-03-14,96.19292208148052,97.72544121974049,95.34456314852164,97.5794906616211,9806900
2023-03-15,97.13250143276235,98.5464282531701,96.30238376534116,98.1815414428711,10942700
2023-03-16,97.15075890941874,98.25453664966494,95.08003687565598,97.9170150756836,9441500
2023-03-17,97.74367194059506,97.88962247266015,94.40496739410756,94.96141815185547,26402100
2023-03-20,95.61823658545109,97.52476677425314,95.61823658545109,96.55781555175781,12865800
2023-03-21,96.69463417328238,97.08688626954061,95.5634913448593,96.27501678466797,11571800
2023-03-22,96.21117575893052,96.69464788481251,95.22598333658348,95.235107421875,5705800
2023-03-23,94.96143249940398,95.44490458434814,94.37761636366342,95.08002471923828,6801700
2023-03-24,94.9522903122865,95.79153193709529,93.44714375657033,95.59996795654297,6661800
2023-03-27,96.76761154076439,98.16329710804632,96.6855087052342,97.5429916381836,7563100
2023-03-28,97.25107659710281,97.63420457632522,96.18378852942482,96.26588439941406,6679500
2023-03-29,96.34798810676823,96.57604147166431,95.35367181681036,95.70943450927734,6310200
2023-03-30,95.89187651154799,96.87706170858844,95.36279106152143,96.62164306640625,5017400
2023-03-31,96.90445684807396,97.17811676092686,96.25677904715543,97.05040740966797,7184300
2023-04-03,96.64902933002962,99.86914922390253,96.30239066321715,99.31269836425781,6964100
2023-04-04,99.15761474898831,99.74143089158272,98.66502553337965,99.27620697021484,6108200
2023-04-05,100.26139593517074,102.47806820947127,99.96036378941245,102.08582305908203,8006100
2023-04-06,103.08013743912888,104.1474256874334,101.83952637866571,102.46895599365234,6894500
2023-04-10,103.04363857503942,103.16222382738997,101.41077553605642,102.724365234375,6446500
2023-04-11,102.82470321209674,103.36290581751584,102.45981643302056,102.6148910522461,5639800
2023-04-12,102.39598460773846,104.27514254361145,102.05846304387356,103.7643051147461,6136700
2023-04-13,104.87718872654214,105.65256882083771,103.67306716749906,105.43363952636719,7332300
2023-04-14,105.5795995363439,105.97185166057845,104.59441414307075,105.18734741210938,5005100
2023-04-17,105.53398651494942,106.2272637933943,104.17478333140366,104.91368103027344,6575500
2023-04-18,104.43021546410245,105.01403160839008,103.74605526754937,104.7494888305664,5454500
2023-04-19,104.43932883579897,105.26032243408545,104.00147022313762,104.11093139648438,4683400
2023-04-20,104.15654687502861,104.46669615169873,103.08013457190991,104.14742279052734,4657900
2023-04-21,104.78598150582117,105.49750701907703,104.53055584497758,105.2420883178711,6554600
2023-04-24,105.488372340967,106.07218844499293,104.69474406222693,105.76203918457031,4299100
2023-04-25,106.01747081922143,106.6012869946104,105.73468681666553,106.30025482177734,5662800
2023-04-26,105.08699648710522,105.08699648710522,102.8247108168632,103.47238159179688,6607900
2023-04-27,104.5396699081145,105.23295414466654,100.9455533062683,105.0505142211914,9975200
2023-04-28,104.32074015147151,105.38802831436782,103.49974658015246,105.33329772949219,8050400
2023-05-01,105.63432581376709,106.3640924361192,105.15084681390844,106.12691497802734,5238900
2023-05-02,106.42796130787023,107.9969698468213,105.64345703839469,107.54086303710938,8175600
2023-05-03,107.960473685341,109.14635409995589,107.57734565956221,107.84188842773438,6738600
2023-05-04,107.64119745544716,107.64119745544716,106.26375306473417,107.0665054321289,6490200
2023-05-05,107.07562209642354,107.54085294737921,106.32760727706193,107.34928894042969,4534000
2023-05-08,106.80196529270415,108.04257629127946,106.21814917097896,107.98783874511719,5157300
2023-05-09,107.86925354986442,108.2158921974517,107.039135869024,107.1212387084961,4933100
2023-05-10,107.1029974676746,107.79627476264298,106.19990103193577,107.54998016357422,5605400
2023-05-11,107.25807055410556,107.44963456386829,106.16341012164234,107.23070526123047,5596700
2023-05-12,107.641193624447,108.14291383621224,106.4553132837128,106.856689453125,5233100
2023-05-15,106.85669058991255,107.40401730698305,105.35153689824105,106.15428924560547,5697200
2023-05-16,105.70731597140143,106.51006844299845,105.16911325488786,105.88976287841797,4278200
2023-05-17,106.15430293301748,106.4188457216327,103.51800609152767,104.68563842773438,7210400
2023-05-18,104.12005706121961,104.9684159657198,103.38116629136493,103.99234771728516,6437100
2023-05-19,104.29338307894011,106.03570744462623,104.08357088765226,105.35154724121094,7647000
2023-05-22,105.34243520717474,106.80197565307101,104.29338811931132,104.43933868408203,5607400
2023-05-23,103.96497729281619,104.71299211021912,103.12574251419571,103.32642364501953,7733000
2023-05-24,104.0927028460394,104.28426688232922,102.66965174237903,103.62747192382812,4509500
2023-05-25,103.53622746220529,103.53622746220529,101.33778968824137,102.44157409667969,7037500
2023-05-26,102.16792375029081,103.25346016722165,100.93643677558534,101.31956481933594,6378200
2023-05-30,100.46206594523335,100.9911514228775,99.40390194958147,99.58634185791016,7768100
2023-05-31,98.94780980653229,101.3925425205886,98.94780980653229,100.7175064086914,14563500
2023-06-01,100.94555416014434,101.79390607515299,100.23402174944393,101.19184875488281,6959900
2023-06-02,101.35604783664289,102.83383628931223,101.00028510982867,102.64226531982422,5792800
2023-06-05,103.08013690415886,104.43021609576356,102.99804102070189,103.18048095703125,5185500
2023-06-06,103.58185218345182,103.73692681783227,99.68669639758053,100.35261535644531,6960200
2023-06-07,100.00597052014996,100.04245989786799,97.48826609434049,99.07551574707031,12420500
2023-06-08,98.80184018456293,101.31955134807185,98.51905623172226,100.63539123535156,8352700
2023-06-09,100.51682475272867,101.72094649751995,99.44952948831536,100.99117279052734,6521900
2023-06-12,100.51682196267338,101.24658868977191,99.06639867418555,100.21578979492188,7468500
2023-06-13,99.05725795778383,100.9272983662976,98.56466880552448,100.33435821533203,7304200
2023-06-14,100.75678311184784,100.94962700514435,99.498698277139,99.78337860107422,6137300
2023-06-15,99.54463559721935,100.9220982475329,99.48953232703342,100.46294403076172,7305700
2023-06-16,100.55476110999176,101.43633625706902,100.15070320694684,100.38946533203125,15844300
2023-06-20,100.16907976506701,101.80366756037405,100.12316154361537,101.22513580322266,7744400
2023-06-21,101.11492844157559,102.40973951378135,100.57312289619739,102.07915496826172,6854800
2023-06-22,102.48322200853485,104.54023098263954,102.48322200853485,104.43003845214844,7884100
2023-06-23,104.83409297877391,105.52282429632709,103.7872149304468,105.23814392089844,16407900
2023-06-26,105.09119249630936,105.23811816490405,102.64848932493577,103.84229278564453,7685100
2023-06-27,103.61273684635013,104.42084570360632,102.73116163676058,104.06270599365234,7093900
2023-06-28,104.18208698053485,104.29228651265133,102.33629210900996,103.25460052490234,8173800
2023-06-29,103.08012127471498,104.57696149351031,102.67606332352275,104.26473999023438,6281800
2023-06-30,104.49430067336439,106.16562147313813,104.16370913001255,105.96359252929688,8090600
2023-07-03,105.11875883762752,105.25650649252393,104.25554673933767,104.99019622802734,2834600
2023-07-05,104.7238953830419,105.0820351143038,104.1545416277894,104.41166687011719,5861500
2023-07-06,103.67701240721777,104.17289974877998,102.58422324676755,102.62095642089844,7257400
2023-07-07,101.99649405496412,102.3913668711251,99.8752043016603,100.09559631347656,11316600
2023-07-10,100.22418309532812,101.5649125838705,100.18744991680316,100.9771957397461,5949200
2023-07-11,100.53640052882515,101.03228086891365,99.4068781836229,99.82011413574219,6084400
2023-07-12,99.51707643398221,100.14152637981783,98.43347232227147,98.69059753417969,8376700
2023-07-13,98.5620377761442,99.094658305422,97.57944811302528,97.6345443725586,9764400
2023-07-14,97.57945264955801,98.88344889747276,97.57945264955801,98.57122039794922,7209900
2023-07-17,98.29573048858391,98.6630552442502,96.68869081291376,96.94581604003906,7376400
2023-07-18,97.23048798126453,98.28654401111861,96.74378566470543,97.29476928710938,7499100
2023-07-19,97.48762021078079,98.60795054034283,97.25804311760108,97.29476928710938,6608600
2023-07-20,97.84575849272323,100.04969295028819,97.39578235221624,99.59972381591797,8073000
2023-07-21,99.84766688315452,101.58326905036394,99.52625336570821,101.37205505371094,8194000
2023-07-24,101.00473055258138,101.32613706461896,99.6364531121148,99.90276336669922,6045500
2023-07-25,98.84670386457216,99.83847850014249,98.55284549175165,98.74568939208984,6498700
2023-07-26,98.0753288960521,99.18648109439116,97.39577571203414,98.3875503540039,7042700
2023-07-27,98.47937166112986,98.82833326904667,96.57847392385109,96.67030334472656,9813100
2023-07-28,96.81725135491826,97.93758868296742,96.64277052332925,97.65290832519531,6903800
2023-07-31,97.8457392479032,98.04776116207373,97.03762356667956,97.93756866455078,7397500
2023-08-01,100.64660422834974,100.64660422834974,96.55094940204323,96.67951202392578,10009200
2023-08-02,97.36822897059257,99.30586006483074,96.31217301305755,97.065185546875,10873500
2023-08-03,96.49584110354093,97.13865413279022,96.30299719476614,97.09274291992188,6039300
2023-08-04,97.01011068625377,97.72639020492012,95.97242458948556,96.42239379882812,6700700
2023-08-07,96.68869728934634,97.59782069075943,95.8897664177182,97.42333984375,8259100
2023-08-08,97.05601047921444,98.43347298612971,97.05601047921444,97.71719360351562,10152200
2023-08-09,97.58862110734195,98.06614535240082,97.14783704158835,97.43251037597656,6479500
2023-08-10,97.53353284665033,98.29573048858391,96.80806838089708,96.94581604003906,6525700
2023-08-11,97.29475583060585,98.91098030477494,96.9641643016591,98.66304016113281,5904300
2023-08-14,99.10383962152203,100.4904872501003,98.5436709439552,100.01296997070312,8427200
2023-08-15,99.99458557681687,100.48128783220368,99.5629795749045,99.78337860107422,5118700
2023-08-16,99.63644988909557,100.52721005516882,99.43442094345384,99.84766387939453,5332900
2023-08-17,99.78338538421956,101.27104037824606,99.47115691232223,100.02214050292969,6457800
2023-08-18,100.06806697928674,100.55476930792307,99.3701506369837,100.2792739868164,6711400
2023-08-21,100.1782543273018,101.0139182869852,100.04969171906384,100.6833267211914,6012500
2023-08-22,100.64660131266828,100.64660131266828,98.44265970602706,98.47021484375,6026000
2023-08-23,101.00473678259439,102.7495241063074,100.8486260394238,102.20772552490234,10588200
2023-08-24,101.88631267737453,102.86890237066143,100.17825851803289,100.50885009765625,6487700
2023-08-25,100.95881643425744,101.3169561096679,100.07724130969817,101.20675659179688,4839100
2023-08-28,101.22512992094606,101.574084562835,99.77420108348646,100.03132629394531,4335600
2023-08-29,100.35273973784278,101.49144017972016,100.03133320257139,101.0047378540039,5673100
2023-08-30,101.28940798173421,101.7485621303257,100.7567874878954,101.20675659179688,4785000
2023-08-31,101.12413400233801,101.50982188880586,99.99461147066754,100.07726287841797,9212000
2023-09-01,100.69250007525169,101.35368313007108,100.32517537744805,100.86697387695312,4941300
2023-09-05,100.51803155612323,100.75679368980556,98.70896297833693,98.72733306884766,6379900
2023-09-06,98.03859657978884,98.25898861121732,96.34890565580692,97.7906494140625,7926100
2023-09-07,98.1763435854461,99.81093123629155,98.13042536805261,99.12220001220703,8532600
2023-09-08,98.75487774128112,100.22416965454956,98.75487774128112,100.14152526855469,6807500
2023-09-11,100.39865493033392,100.49966941067645,99.48952460725108,99.72828674316406,5069300
2023-09-12,99.56299949092887,100.5364112025543,98.76407563119338,100.11398315429688,4605400
2023-09-13,100.07724899080836,100.710877000324,98.87426026499443,99.00282287597656,6761500
2023-09-14,99.5668239947921,100.32497018700498,98.89188561511325,100.07533264160156,6872400
2023-09-15,99.9643767200618,100.71327515728603,99.16924702334724,99.40962982177734,9639000
2023-09-18,99.6407728294856,99.79795488070323,98.79017125751903,99.68700408935547,3911300
2023-09-19,99.5298369303869,100.01985728643903,98.8456579646104,99.26171112060547,5818300
2023-09-20,100.04757494482496,100.22324524939128,99.15998986799889,99.21546173095703,4593600
2023-09-21,99.17849834185131,99.74248590981578,98.3926162229518,98.67923736572266,5856600
2023-09-22,99.13225901909985,99.13225901909985,97.9673004599565,98.31863403320312,5027200
2023-09-25,98.05051940597849,98.17995846752052,97.18142251799642,97.85635375976562,6052200
2023-09-26,97.19066191918657,98.5127954101809,97.18141425731969,97.44029235839844,5400500
2023-09-27,97.4957872523583,97.5605067929161,95.50796976926824,96.09969329833984,5635500
2023-09-28,96.68215609921424,97.05198501838619,95.9517459236721,96.43252563476562,4758800
2023-09-29,96.48800210456788,96.7838638432329,94.96246214892943,95.18435668945312,7232700
2023-10-02,95.07340754382956,95.07340754382956,93.70504267157017,94.81452941894531,7079700
2023-10-03,94.5279016880747,94.71281965997451,93.30747128913346,94.09335327148438,5924000
2023-10-04,93.91769599085019,94.70357802320103,93.68655380169406,94.46318817138672,6720500
2023-10-05,94.63887586193029,95.88704250167551,94.62038053321936,95.78533935546875,6449100
2023-10-06,95.9055174162121,96.55271270531212,95.15661194865396,96.04419708251953,6854900
2023-10-09,95.69287802956322,97.25540167685936,95.51720768704334,96.61744689941406,5061100
2023-10-10,96.45101390376088,96.58045296738244,95.37851779748226,95.79457092285156,7177200
2023-10-11,96.15515943893494,96.34931804902628,95.091903861282,95.65589141845703,5375100
2023-10-12,95.71135773756635,96.10892259817821,95.16586553904543,95.77607727050781,5124000
2023-10-13,95.7945692805382,96.63592317965406,95.02717552086672,96.16439819335938,5787500
2023-10-16,96.34006354406282,97.42181437189606,96.21062447986054,96.28459167480469,6473500
2023-10-17,96.15515714707367,96.60819389315529,95.36927506194014,96.31233215332031,5827200
2023-10-18,96.25685654753705,96.58045421075694,94.22280804681202,94.29676818847656,7136400
2023-10-19,93.99165371210168,94.05637323638716,91.66173673002659,92.85443115234375,7647600
2023-10-20,92.44762400206439,95.56342311655588,92.44762400206439,94.92546844482422,12467500
2023-10-23,95.07341128822674,96.29384182067525,94.92547689452381,95.55418395996094,8493000
2023-10-24,95.52643416991828,96.2106130068139,94.93471078872763,95.25830841064453,6347900
2023-10-25,95.55418643341419,96.71914512532955,95.18435749348387,95.81306457519531,7849200
2023-10-26,95.32302883573887,99.1415019721366,95.22132571733269,97.58822631835938,11335700
2023-10-27,97.37558519522246,97.60672739394391,94.50942334185632,95.06416320800781,8933800
2023-10-30,95.48947043326855,96.61744556756179,94.87001099194377,94.93473052978516,6915500
2023-10-31,95.01792845444717,95.73909801322861,93.7512737665038,94.95320892333984,7522600
2023-11-01,95.73909842488484,96.36780546715924,94.98095231983923,95.0918960571289,5838100
2023-11-02,94.99019292868012,95.28605465128572,93.98241636083286,95.0918960571289,5379100
2023-11-03,95.57267620019907,96.38629417759398,95.02717695840823,95.58191680908203,6005900
2023-11-06,96.22911489022412,96.497240667776,95.36001802877323,96.46949768066406,5951200
2023-11-07,96.4787566785789,96.82084968749012,95.9055285144417,96.15515899658203,6616400
2023-11-08,96.13666145672987,97.2368934694653,96.0072153425083,96.52497863769531,8152100
2023-11-09,96.81159557121893,96.81159557121893,94.44470176477407,94.6573486328125,7377000
2023-11-10,95.08264918132637,95.56342889322701,93.01161710594651,93.74202728271484,7627100
2023-11-13,93.46465302929697,94.8145296330702,92.99312803815002,94.74056243896484,5878200
2023-11-14,94.91623194094058,95.43398818740233,94.21355771081403,94.46318817138672,6944400
2023-11-15,94.19505261016673,94.46317836823036,93.12255663181122,93.70503234863281,7392600
2023-11-16,94.14884085124747,94.36148772112054,93.409183003402,94.29676818847656,7889700
2023-11-17,94.30600178036701,94.6943189182916,93.34444954319736,94.07485961914062,6767000
2023-11-20,93.35371863060222,95.16587274406162,93.27975142909762,94.93473052978516,7449900
2023-11-21,95.23059335729864,95.81306920444875,94.16733774883993,94.50018310546875,7403500
2023-11-22,94.49092739056461,94.93472351288945,93.48315079667914,94.0101547241211,5724000
2023-11-24,94.54640278304234,94.77754497160079,93.7882566867266,94.18582153320312,3168000
2023-11-27,94.22279538847891,94.4446898914622,93.10406110408616,93.77899932861328,7356500
2023-11-28,93.66806651970997,93.70505011961873,92.46613126522715,92.62330627441406,8738500
2023-11-29,92.71574311909694,93.5386086535133,92.27195411715726,93.50162506103516,10286800
2023-11-30,93.23351001496408,94.9439678575241,92.71575376859771,94.74980926513672,29299700
2023-12-01,95.091903861282,95.85929769204809,94.91624057819011,95.65589141845703,6863400
2023-12-04,95.90550670040939,97.43103929053572,95.90550670040939,97.13517761230469,10169900
2023-12-05,97.00574443388794,98.37410918712419,96.32156558421944,98.21693420410156,10789100
2023-12-06,98.23542845555497,98.53129016968866,97.47728237221867,97.66219329833984,9954800
2023-12-07,97.62520876352066,97.6344564259077,95.9055174162121,96.04419708251953,9602200
2023-12-08,95.96099482825453,96.16440108912627,94.90698698001005,95.92401123046875,7530300
2023-12-11,96.9410271868392,97.51426232262375,95.75758037454796,96.49723815917969,7429700
2023-12-12,96.59894975600118,96.88556382208976,95.61890204729495,96.48799896240234,7933500
2023-12-13,96.30308083473217,99.03055572509766,96.12741052146202,99.03055572509766,10995000
2023-12-14,99.34719415059229,99.84076268711047,97.91304745477942,98.60218048095703,10723000
2023-12-15,97.68022983699265,98.9653709340722,97.09353637843006,97.8851089477539,26393300
2023-12-18,98.86293673412904,99.84075914776254,98.36936111013117,98.75118255615234,12805600
2023-12-19,98.7604912249851,99.32856249506757,98.19241995490265,99.17024230957031,8043100
2023-12-20,99.77557552257412,99.77557552257412,98.00617336821259,98.11792755126953,8441600
2023-12-21,98.51836885704334,99.28200466097779,98.09929600910591,99.0771255493164,5919400
2023-12-22,99.7848751258222,100.63232112858789,99.49617863929628,100.29706573486328,6028700
2023-12-26,100.11082612033121,100.66026817423075,99.85007347746522,100.23188781738281,4727700
2023-12-27,99.93387889707236,100.64164111095278,99.65450412407641,100.55783081054688,5387000
2023-12-28,100.85583023151058,101.56358530813505,100.69751005189303,101.29351806640625,5530400
2023-12-29,101.49841515822746,101.73123105222605,101.31216528501949,101.52635192871094,5889200
2024-01-02,101.65671893442128,105.53077108977853,101.65671893442128,105.45626831054688,11920100
2024-01-03,106.41547178851071,107.93343576608814,106.31303934512377,106.881103515625,10721900
2024-01-04,107.95207444139074,109.5631635901273,107.89620089917264,108.96715545654297,11492200
2024-01-05,109.05096553738717,109.37690637459352,108.62258513634777,109.1627197265625,6861500
2024-01-08,109.50727866746864,109.78666057760607,108.19420074176777,109.31171417236328,8193100
2024-01-09,109.43278238606928,111.69575310992388,109.1534004774543,110.28954315185547,8822300
2024-01-10,110.06602713055246,110.97866131370694,109.6469543238183,110.68997192382812,7129100
2024-01-11,110.63411322515033,110.72723815969628,109.03233877304226,110.28954315185547,5754400
2024-01-12,109.9542866188577,110.51304332559867,109.56315763463671,110.47579193115234,6823300
2024-01-16,110.34540557861328,111.1369780999997,109.83321493770507,110.34540557861328,6832300
2024-01-17,110.98797654414227,111.19285563677994,109.52589323438167,110.01014709472656,5591400
2024-01-18,109.56314388967137,110.46647055298361,108.60394369418759,110.3919677734375,10524700
2024-01-19,110.0846589235071,110.8389800947893,109.62834179192699,110.7179183959961,7605600
2024-01-22,110.85760249880367,111.72367779586372,110.68997479276057,111.22079467773438,8786200
2024-01-23,110.01947023528832,111.74230630360076,109.20926842576819,111.60261535644531,6501400
2024-01-24,111.47223101307631,111.70504687325815,110.29884419334267,110.7085952758789,5859900
2024-01-25,110.50371422781319,111.91923141548271,110.50371422781319,111.87266540527344,6689800
2024-01-26,112.22656176013014,112.70150101001953,111.82611818739555,112.51525115966797,8300300
2024-01-29,113.00882219278623,113.11126174427059,112.20793502935018,112.94363403320312,9138200
2024-01-30,112.94362360185666,113.3906331584101,111.91923528660085,113.2975082397461,7469500
2024-01-31,114.107723321408,114.40572737758781,112.21725942392575,112.47801208496094,10779000
2024-02-01,115.15073920785156,117.73965073621868,114.33122273788071,117.69308471679688,11650700
2024-02-02,118.00039834922849,118.79197091072507,117.44164166493542,117.72102355957031,10175600
2024-02-05,118.251826591989,119.01546227598934,117.05980350271771,117.5068130493164,8027700
2024-02-06,117.90727626717054,118.75472238607189,117.40439310766757,118.1587142944336,6153000
2024-02-07,118.17733289020343,119.25759479454628,117.80482609026662,118.7081527709961,6742800
2024-02-08,118.56846857146888,118.7174741419025,117.2926350182935,117.90727233886719,6308300
2024-02-09,117.54407267807744,117.98176763221164,116.44518153332767,116.82699584960938,7891200
2024-02-12,116.40793741924126,116.85494702512088,115.84918074062423,116.72456359863281,5257400
2024-02-13,117.3205778897244,118.14008720518184,115.92368265123177,116.80838012695312,7273400
2024-02-14,116.97600534759349,117.36713430084403,116.24030635173094,117.17156982421875,6622400
2024-02-15,117.31127446428496,118.48466856602785,117.2926452138731,117.84209442138672,5756700
2024-02-16,117.80482622037624,119.2855316929157,117.49750757721574,119.00615692138672,6266800
2024-02-20,119.32280594375332,120.40306088694939,118.4660380583323,118.61504364013672,6952800
2024-02-21,118.68020901756759,119.35071979698505,118.0842010147467,119.31346130371094,4849200
2024-02-22,119.34141895529245,120.80350955822934,118.87579428251193,120.3751220703125,6517400
2024-02-23,120.86868918300848,121.28776914597842,120.00262090743914,120.55206298828125,5177400
2024-02-26,120.48686848696063,120.7848653987649,119.63941534566159,119.98397827148438,5158400
2024-02-27,119.44384236984489,120.28198798249083,119.01546914978445,120.16091918945312,4780200
2024-02-28,120.44960937656927,120.50548290912518,118.92233791024795,119.378662109375,5697200
2024-02-29,119.29486084399313,119.9933084737356,118.32633883984302,118.41015625,11246100
2024-03-01,118.1493974018567,119.06203161135075,117.7303245830277,118.23320770263672,6023400
2024-03-04,115.90505347324172,117.84208324365984,114.81547689174776,115.52323913574219,12706200
2024-03-05,116.10992857174257,116.44518398601423,113.97733439400524,114.38709259033203,8277800
2024-03-06,114.39640514045163,116.18443646352937,114.0890935846675,115.24385833740234,8251400
2024-03-07,114.88066040181653,115.9702369392057,114.3777772834116,115.46735382080078,8982200
2024-03-08,114.75959410786211,115.5139152027284,113.67001050919566,115.01103210449219,9822700
2024-03-11,116.08197931097561,116.08197931097561,113.4651244365048,114.3311996459961,7769300
2024-03-12,114.54539352771599,114.74095798114185,113.0833103335531,114.22876739501953,11621800
2024-03-13,114.69441658031221,114.74097549253321,112.49663414214288,113.76315307617188,9186000
2024-03-14,113.69754436330216,113.69754436330216,112.14184478328845,112.93843841552734,10132500
2024-03-15,112.31052467691778,114.27858871661934,111.73885717162715,113.88497161865234,46477400
2024-03-18,114.19422612333798,114.8127620968871,113.51946220675481,113.80998992919922,8311900
2024-03-19,113.81000278873228,114.57848241388488,112.86345845712724,114.52224731445312,11696600
2024-03-20,113.66005987513333,116.12482336013585,112.81660482608389,116.06858825683594,9793200
2024-03-21,115.91862899702895,116.38721427760545,115.32820696747443,115.85302734375,8156300
2024-03-22,116.01236030358095,116.6683769250389,115.4781732975238,116.06858825683594,7022500
2024-03-25,116.2841356095433,117.68989158020979,115.99360784690855,117.43685150146484,7605800
2024-03-26,117.87732573902707,118.15847980006988,117.00575672984813,117.63365936279297,8864400
2024-03-27,124.52186321498972,124.737422766657,121.93527729578928,123.47223663330078,16061600
2024-03-28,123.70651409804596,124.10012401780192,122.84431889761558,123.65965270996094,10189700
2024-04-01,123.4066302744197,123.64092294820931,121.93527971906774,122.75999450683594,5377600
2024-04-02,121.92590935988017,122.54443113133787,121.15742254975979,122.16020202636719,6584200
2024-04-03,122.1602179088377,123.98769808501554,121.29800819998785,121.73847961425781,7741400
2024-04-04,122.6100351105975,122.71312445179316,119.33930446728833,119.63920593261719,6753200
2024-04-05,119.62983647616592,120.52015289540427,119.02067411564384,119.94847106933594,5692900
2024-04-08,119.62045283202308,119.8828594516726,117.97103060131214,118.60830688476562,6282500
2024-04-09,118.62707174730214,119.02068173466579,117.62429936042133,118.7489013671875,4696600
2024-04-10,117.95230324305612,119.02067725427993,117.19319727456683,118.78638458251953,5787700
2024-04-11,118.59895264953073,119.15187991980719,117.57743288827888,118.22408294677734,6187200
2024-04-12,119.05816083173995,119.12376249156752,117.24004747359778,117.83983612060547,7370000
2024-04-15,118.73015914495302,119.78915946973181,117.96167945129827,118.2615737915039,6241000
2024-04-16,118.60830869358013,118.83323478531918,117.17443882145383,117.20255279541016,5587300
2024-04-17,117.77423467545188,118.26156742081183,116.87455170330045,117.49308776855469,6122800
2024-04-18,117.6336506235002,117.6336506235002,116.67773975705225,117.36187744140625,5992700
2024-04-19,117.75549735096995,118.19596871449843,117.04324563228465,117.87732696533203,8404300
2024-04-22,118.74888700600467,120.03281331432488,118.28967540961628,118.96443939208984,7805800
2024-04-23,120.05157495628188,120.05157495628188,118.77701505498803,118.90821838378906,7744000
2024-04-24,118.85198465177119,119.5736029251024,117.47434261627588,119.02067565917969,7128300
2024-04-25,121.54165816893959,124.4562593253342,120.67008206939394,122.50694274902344,12750100
2024-04-26,121.95401437712556,123.62217689596297,121.95401437712556,122.95677947998047,7758200
2024-04-29,123.44411988206349,123.89395779266243,121.20428258750198,121.94464111328125,6788000
2024-04-30,122.69437585364048,122.69437585364048,120.87626256283737,121.10118865966797,6945000
2024-05-01,120.52951585786239,121.76657365917971,119.77040993203988,120.70758056640625,5895700
2024-05-02,120.95124698048333,121.54166909129555,119.94847462804337,120.20150756835938,7422500
2024-05-03,119.96722018344758,120.40769157123106,119.18937391038777,119.49864196777344,6221900
2024-05-06,119.189359377986,119.70480607744857,118.79574943478426,119.55485534667969,6552000
2024-05-07,119.1143756713223,122.2351481739328,119.08626169878299,122.18830108642578,6682300
2024-05-08,122.37574605809782,123.24730790471614,121.20428273731662,121.41046142578125,6659100
2024-05-09,120.83879320205727,122.30077721639982,120.83879320205727,122.04773712158203,9216700
2024-05-10,122.60066364780968,122.65689159528725,121.78531550911973,121.8884048461914,5722600
2024-05-13,121.37297252178077,121.56041810233589,119.97659732723953,121.16679382324219,7109700
2024-05-14,121.08244372176921,121.08244372176921,119.98595578994174,120.57637786865234,6154300
2024-05-15,120.78255585537252,123.67840968167808,120.63260512194911,123.45348358154297,7237100
2024-05-16,123.1160799882994,123.50032331277181,122.57251940004033,122.65687561035156,5518100
2024-05-17,122.47884049449085,123.06926260874046,121.65412570634408,122.94742584228516,8281600
2024-05-20,122.59129634566065,123.46287252820477,122.4413456024137,122.75999450683594,4860400
2024-05-21,123.40660585851673,124.44686569633157,122.28200410684619,122.5444107055664,6254700
2024-05-22,121.99148398425851,123.33164525414716,121.97273656997056,122.8630599975586,4407500
2024-05-23,122.67562639822071,123.6315444187514,122.12269917363562,122.85369110107422,6830900
2024-05-24,123.19107151175778,123.19107151175778,121.0449571471868,121.3542251586914,5983800
2024-05-28,120.74505823362522,120.96998432856614,117.83983076605955,118.16783905029297,10263400
2024-05-29,118.21469554691322,118.50521613662914,117.40872828185223,117.98977661132812,8527800
2024-05-30,118.06475801411611,119.81726249987004,114.99083237030014,116.70585632324219,13000300
2024-05-31,117.26816138491645,118.65517709913894,116.72460783951956,117.65240478515625,18150500
2024-06-03,117.86795198372931,120.84815499941706,117.86795198372931,120.35145568847656,7702500
2024-06-04,119.16125410764714,121.23240046488029,118.90821401850235,120.62324523925781,6440100
2024-06-05,120.40768523767373,121.77596072564162,120.02345612606342,121.31674194335938,5009400
2024-06-06,121.0449663681996,122.70374814705802,120.80129284355479,122.31951904296875,8088500
2024-06-07,122.16019584592782,123.11609958076846,122.02899253133663,122.4600830078125,4945600
2024-06-10,122.42260173171317,123.40661943512738,121.50416423506314,123.22856903076172,6033700
2024-06-11,122.76936722781451,123.86585528017419,121.58853724067886,123.55658721923828,11453200
2024-06-12,124.362526235107,124.37190709244517,121.98211938546034,122.01959991455078,5822000
2024-06-13,121.85092207787642,121.94463055525614,120.51076072054458,121.24175262451172,5004200
2024-06-14,121.04496907912187,121.71035225727042,120.56700287782299,121.34485626220703,7338500
2024-06-17,120.87347207998255,121.56169541334624,120.081535485569,120.20409393310547,8524000
2024-06-18,120.93003743422427,121.3637068973036,119.8175528396408,120.66605377197266,6532400
2024-06-20,120.10038524177283,122.96642155974318,119.49700841769285,122.24991607666016,10348400
2024-06-21,122.72131490281494,123.69237433526227,121.7031137299728,123.2398452758789,17170800
2024-06-24,123.75836592716537,125.68162506769356,123.43781074904543,125.3516616821289,8553800
2024-06-25,125.50250215669143,126.92610500238075,125.01226834731996,125.31394958496094,6750600
2024-06-26,125.74763798378692,125.79476533919049,123.96578950321518,123.97521209716797,8492100
2024-06-27,124.43716694666772,124.719988596202,119.52529143893976,122.39134216308594,11927600
2024-06-28,122.12735223718605,123.47553111458865,113.95348282700338,116.7158203125,57055500
2024-07-01,118.20539718578353,121.79738303992082,117.94142073305298,120.5811996459961,11533000
2024-07-02,120.87347266548569,120.90175483099115,119.41216510993587,120.41150665283203,5645400
2024-07-03,120.383227649649,120.61892195881171,118.12999062947904,118.64851379394531,4002100
2024-07-05,119.28959626448257,119.35559037982895,117.76230182566093,119.21417236328125,6786700
2024-07-08,119.5441563394463,120.16638557461495,118.15827265239955,118.58251953125,5743400
2024-07-09,118.07341967803032,118.88420868091626,116.62154186339318,118.82764434814453,6339000
2024-07-10,118.6767919789837,120.18524126127721,118.62965743442406,120.01554107666016,4588500
2024-07-11,120.30779591586914,121.73138427174729,120.28893634438441,121.58997344970703,7048800
2024-07-12,121.99537333844461,122.49504414214624,120.03440207768611,120.44922637939453,7022300
2024-07-15,120.67548370315532,120.99602450418854,119.92125905288286,120.78861236572266,6918500
2024-07-16,120.55292710828388,121.64654495589521,118.03570643516115,118.26197814941406,8194400
2024-07-17,118.29025357357321,119.44044288060279,117.43232288977214,118.68621826171875,7628000
2024-07-18,118.12998699939058,118.41281584600291,115.36764949317637,117.14006805419922,9501400
2024-07-19,118.12998274054829,119.7232712729683,118.01684689029058,118.57308197021484,6848800
2024-07-22,118.74278229189787,119.25188282944086,117.87542901733677,118.49766540527344,4341800
2024-07-23,117.83772898758781,118.43168327121482,117.0740817004328,117.26263427734375,4285400
2024-07-24,117.8188725578649,118.95020236608893,117.54546629576654,118.71450805664062,6338500
2024-07-25,118.81821398425524,120.53406826724701,118.51652555623976,118.64851379394531,7357100
2024-07-26,119.95896465927375,121.36370062346082,117.89428755562133,118.09226989746094,6467000
2024-07-29,118.58251656011558,120.66605333524437,117.77172758246844,120.46807098388672,9139500
2024-07-30,116.41414296632954,116.84781965671144,107.39176458623987,108.65508270263672,35509400
2024-07-31,109.36215279358383,111.09685935085994,105.79845620685086,106.65637969970703,22733000
2024-08-01,106.6563890414434,107.9197143125622,105.03481819306388,107.3069076538086,14117500
2024-08-02,108.57023591199888,110.58777873239833,107.81601120465595,108.60794067382812,16562300
2024-08-05,108.37223191394482,108.53250949805555,104.96880578309718,105.88330078125,13334000
2024-08-06,105.87388333814219,106.60924840954927,104.57284618766573,104.78968811035156,9761900
2024-08-07,105.28936177540473,106.10958055835745,104.38429649394972,106.05300903320312,9756500
2024-08-08,106.45840681896675,107.69344992469863,106.12843621545811,107.40118408203125,8278200
2024-08-09,107.26919754361994,108.15541048667227,106.4112739608772,107.9951400756836,5914100
2024-08-12,108.14597826991692,108.14597826991692,106.63753609752375,106.98636627197266,6536000
2024-08-13,107.07121461083608,108.29682794290908,106.38298403668006,107.84429168701172,9040300
2024-08-14,107.15605897235086,107.41060564905843,105.12908657331224,107.08063507080078,11029400
2024-08-15,107.63688464980984,107.94800289096894,106.12844237985378,106.82609558105469,9685100
2024-08-16,107.10891723762879,107.21262330405725,106.17556983259183,107.16548156738281,10102300
2024-08-19,107.15606830387497,108.04227404939525,106.82609050406256,107.87257385253906,6177500
2024-08-20,108.19311595860641,108.70221652137957,107.99513360522008,108.5513687133789,5392300
2024-08-21,108.21197034573586,109.92782463306916,107.99513560873645,109.39044189453125,8144100
2024-08-22,109.64498960243974,110.04095429425972,108.62678851534339,109.88068389892578,8201200
2024-08-23,110.11638569345409,110.12580828712538,109.28673710992653,109.92782592773438,8368200
2024-08-26,110.05039836906379,111.15344609356175,109.51301559101451,109.61671447753906,6518700
2024-08-27,109.61670756741886,109.94668535879752,108.65507793835816,109.83354949951172,5502600
2024-08-28,109.92782034398113,111.26656224490189,109.58841997574498,110.68204498291016,5403200
2024-08-29,111.1817157498767,111.62482218578855,110.10695031472929,110.73860931396484,7202500
2024-08-30,110.55948906850628,111.95480261541705,110.44636039768909,111.67196655273438,8876500
2024-09-03,111.4928397639032,112.03964510316911,109.75812588107112,109.90897369384766,7640300
2024-09-04,109.98438818538398,110.0503822996196,107.91970387986827,109.17359924316406,7693400
2024-09-05,109.93725257474,113.19926090393191,109.6921284827142,111.80394744873047,12009700
2024-09-06,112.28477180059582,113.41610884413817,110.91774763157107,111.09687042236328,8577300
2024-09-09,106.67525239017243,110.21066724716343,105.97759920571579,108.8059310913086,14880200
2024-09-10,108.61736341097372,109.44700478094784,106.84494481442108,108.73049926757812,12734500
2024-09-11,108.36281512932769,109.25845060426403,107.73114893027666,108.1459732055664,7836600
2024-09-12,107.91971756708394,108.90020681209427,107.5143230445587,108.65508270263672,8330900
2024-09-13,109.44699829550407,110.08808705930159,108.41937463198016,109.23016357421875,6709600
2024-09-16,109.90402864383756,112.3431764213067,109.90402864383756,111.95404815673828,7846100
2024-09-17,112.91262038855919,113.07396306755324,111.7357572580403,112.26724243164062,7914900
2024-09-18,112.1818190164224,113.30173935561257,111.86862653957894,112.59941864013672,11135600
2024-09-19,112.8461928393188,113.13091395663142,110.36908074170148,111.26122283935547,9963000
2024-09-20,111.29916880946445,111.51746149457477,110.48296256146887,111.20426177978516,21200900
2024-09-23,111.23273093487188,112.14385867616711,109.63826824901835,109.74266815185547,6665300
2024-09-24,109.95147353491647,110.34060178176499,108.49937493754021,109.1067886352539,9840400
2024-09-25,109.42948208331883,110.11281706783605,108.78410411937827,108.88850402832031,7902300
2024-09-26,108.08177093981693,108.19566371889178,107.18014330520303,107.33199310302734,11132100
2024-09-27,107.40792296960078,108.5183504259753,107.24658029459434,107.90145111083984,11920100
2024-09-30,107.82553331203916,108.20516871052355,106.9618625994636,107.778076171875,10936900
2024-10-01,108.1577099616024,108.94545213457546,107.35098927741171,108.89799499511719,7715500
2024-10-02,108.71766900826528,108.7651189046914,106.27852131093175,106.37342834472656,9041800
2024-10-03,106.12665835063082,106.37342241750143,104.23798169186554,104.57015991210938,10280600
2024-10-04,103.91528770083539,104.68405127551095,103.82038067361208,104.1810302734375,9704700
2024-10-07,104.11459612163102,105.3294307066938,102.6719904607233,103.06111145019531,8654800
2024-10-08,102.4726824106348,103.21296736282433,102.32082537380512,102.99467468261719,8832400
2024-10-09,102.89028753171178,104.68405723991866,102.69097334996218,104.65557861328125,8627800
2024-10-10,105.06368567034782,105.1870713299681,103.6115870682203,103.82987976074219,6006700
2024-10-11,103.54515358745853,104.323402859042,102.40625468692654,104.14308166503906,8578400
2024-10-14,103.85835371345449,104.46576742816832,103.14654008768585,104.10511779785156,8130700
2024-10-15,104.36136234444866,105.8988823066412,104.29492669897418,105.85142517089844,9109500
2024-10-16,105.34841404355844,105.53822810942209,103.46922293136136,104.79794311523438,8729200
2024-10-17,104.53219845901076,104.5796555950092,103.92478477113067,104.16205596923828,8541700
2024-10-18,104.30442587247106,104.32340438334876,103.03264841538339,103.16551971435547,9523000
2024-10-21,103.52617201122455,103.61158616781097,100.77382463534212,100.92567443847656,11444900
2024-10-22,100.51756800964162,101.45715987216609,100.32774671760411,101.21039581298828,11576100
2024-10-23,101.3053094125618,101.89374459465064,100.7928027522152,100.96363830566406,8271700
2024-10-24,100.65043987522004,101.19141788900473,99.90066205945848,100.48908996582031,8295900
2024-10-25,101.0680343324185,101.0680343324185,98.57194401375162,98.68583679199219,9625500
2024-10-28,99.27426770041637,99.6539030650431,98.63838262820843,98.92311096191406,6968900
2024-10-29,99.00853448493254,99.75831240974975,98.42009925204052,98.44857788085938,9296200
2024-10-30,98.1923200870384,99.65391166030265,97.66083487528519,99.49256896972656,13897200
2024-10-31,95.79113186187234,97.97402985996483,93.5797624775257,97.11035919189453,17413100
2024-11-01,96.59785724308793,97.48999934106548,96.05687915496053,96.69276428222656,10180600
2024-11-04,96.80665173541198,97.30966553195694,95.81010977705279,96.68327331542969,9182600
2024-11-05,96.19924419068025,96.5504082036571,95.40200912474288,96.47447967529297,6741400
2024-11-06,97.92656548755696,97.97402262176956,95.47792507740452,95.60131072998047,9551300
2024-11-07,96.27516258566948,96.51243378112632,95.71519879910137,96.01890563964844,8676100
2024-11-08,96.3131248078465,97.97402314089939,95.85756093619463,97.67980194091797,9208000
2024-11-11,97.30965894750338,98.13536529258512,95.3450537907397,95.60131072998047,10075300
2024-11-12,95.62978858552044,95.63927422025124,93.48485486272895,93.56078338623047,12282900
2024-11-13,93.49434089743967,94.38647564000635,92.9153986197511,93.48484802246094,8869700
2024-11-14,94.13023136814212,94.339031184056,92.96285387050656,93.35198211669922,8704500
2024-11-15,92.93438395291167,92.93438395291167,89.66953709186556,91.40635681152344,16464500
2024-11-18,91.64362335205078,92.33645842226667,90.56166729024461,91.64362335205078,14139900
2024-11-19,91.80497748007642,92.58322673991799,90.40982164136155,91.62464904785156,13093100
2024-11-20,92.04224268259973,93.80753366440233,91.73853585078035,92.47882080078125,12136800
2024-11-21,92.74456345088352,95.36403940310004,92.01376413434016,94.77560424804688,15670300
2024-11-22,95.22168276774987,96.60734575116098,93.89296255705868,94.13023376464844,14031200
2024-11-25,94.99389461009068,96.5598859857592,94.44343092657758,96.0094223022461,34659100
2024-11-26,96.31313547282033,96.61684234057105,94.62375832745518,96.44600677490234,9324100
2024-11-27,96.47447306713015,98.18282139264919,96.46498019149911,97.86962890625,9802200
2024-11-29,97.64184423519123,97.7937012829151,96.36058116902704,96.46498107910156,6081200
2024-12-02,96.55039667576979,96.66428221377532,95.34505496496891,95.48741912841797,13703100
2024-12-03,95.6202919387674,97.23373317435976,95.49691352365012,96.6642837524414,11395600
2024-12-04,96.83512483257614,96.89206760573683,95.90502574655231,96.20873260498047,11315000
2024-12-05,96.32262073652667,98.83769707213838,96.1897494349571,98.27774047851562,11062700
2024-12-06,98.33468419436376,98.65736957528031,97.46152784970883,97.84115600585938,11470700
2024-12-09,97.62286686463652,99.72034348445224,97.11985305982704,98.5055160522461,19162500
2024-12-10,98.48652859925151,98.48652859925151,95.61080275279744,95.8575668334961,11359400
2024-12-11,95.57283122750712,96.28464478850924,94.20615411422362,94.67120361328125,21613000
2024-12-12,96.51243299171328,97.75573172863619,95.02237018606982,96.09483337402344,9554400
2024-12-13,95.9809494474526,97.34763396526664,95.41149997867771,96.80665588378906,10118200
2024-12-16,96.86404742287189,97.84942866339844,95.71603200260688,95.72559356689453,11701100
2024-12-17,95.57252825034774,96.43354346499852,95.05591912155728,95.72559356689453,13975100
2024-12-18,95.84996071611343,97.1032116540286,94.01312594357002,94.08009338378906,11993400
2024-12-19,94.2905705796159,95.61079634084007,93.58262798088516,95.208984375,12110800
2024-12-20,94.54888413456692,95.36206237756257,93.65916957957288,93.80267333984375,29289700
2024-12-23,94.79761363790239,95.27595462660648,93.94616726192146,95.06549072265625,8460500
2024-12-24,94.9219884084387,95.32379309331783,94.52018372355955,95.14202117919922,3713500
2024-12-26,94.79761280468294,95.61079831745583,94.63497862169002,95.54383087158203,4760300
2024-12-27,95.18985396863974,96.00303216587746,94.94111461809388,95.38118743896484,6173600
2024-12-30,95.25682589862139,95.25682589862139,94.01313638623299,94.10881042480469,6848700
2024-12-31,94.2331714451743,95.21855267926368,94.16620400107806,95.17072296142578,6598200
2025-01-02,95.93606303695118,96.00303048027958,94.54887715419,94.8741455078125,6153300
2025-01-03,95.03679247709525,95.4290356257481,94.414954976302,94.845458984375,6070300
2025-01-06,94.49147731638843,95.98390618997583,94.15664007833831,95.40032958984375,10111100
2025-01-07,95.79255849270575,98.5095389542866,95.7160294858966,96.64400482177734,10890900
2025-01-08,96.33787459125215,96.404842039373,93.80267312745953,95.52469635009766,8654700
2025-01-10,94.91242306617849,96.06044587844593,94.52974879542268,94.95069122314453,11328500
2025-01-13,95.15159031824804,96.7779540886021,94.70194861290841,96.60575103759766,8168100
2025-01-14,96.87361730401321,97.09365006740583,94.72108289421942,95.33335876464844,10927400
2025-01-15,95.76387184271871,96.45268408724478,95.29509968143479,95.75430297851562,9170300
2025-01-16,96.08914329913517,96.52921614731287,95.62036385961383,96.33787536621094,7749600
2025-01-17,96.11784095053655,96.11784095053655,93.67829895019531,93.67829895019531,16182000
2025-01-21,93.83137414935761,94.01313876966235,91.61187215784643,92.07107543945312,17756100
2025-01-22,91.80320916316428,92.79815937667975,91.02829903391579,91.53533935546875,13070900
2025-01-23,91.94671189789501,92.9512309643686,91.09526546204417,92.44418334960938,11522800
2025-01-24,92.59724856249723,92.89381763694041,91.27703007420699,91.41096496582031,12244800
2025-01-27,92.4441751411776,94.34797749625277,91.82233770647589,93.69743347167969,15093400
2025-01-28,93.13299384060585,94.59671617365005,92.40591345661164,93.2286605834961,12840900
2025-01-29,93.19995798046095,94.8550210394096,93.17125868850361,94.022705078125,10225500
2025-01-30,95.103761173541,95.103761173541,93.97487612099053,94.66368103027344,10164700
2025-01-31,94.8071840602737,95.72559789781842,94.30971263535945,94.53931427001953,11420200
2025-02-03,93.87919724318644,95.81169887198716,93.75483121713651,95.46729278564453,13363900
2025-02-04,85.14470146777144,87.27810562617861,83.54704421443915,86.809326171875,50837600
2025-02-05,86.47449496224657,86.80933223950674,84.18802531322038,85.78568267822266,21670600
2025-02-06,85.53693549138816,85.69000080587945,84.03493784333732,84.23584747314453,19509700
2025-02-07,83.72880818683949,84.76202653261484,83.34614121335647,83.49920654296875,15815000
2025-02-10,83.42266696051635,84.16888504694535,82.53295241410521,82.6573257446289,21212100
2025-02-11,82.3320492018182,83.22176373883414,82.01634969428682,82.791259765625,20922300
2025-02-12,82.34161282764607,82.91562052171406,81.90154001889717,81.95893859863281,14785300
2025-02-13,81.8824082203082,81.98764382337718,80.65785643794665,80.76309204101562,20415100
2025-02-14,80.76308704178477,81.10749312161829,78.53401638589118,79.41416931152344,26779000
2025-02-18,77.61560835095469,79.96904520474544,77.52951047407544,79.68204498291016,25897800
2025-02-19,79.63421278241303,81.92068232625645,79.26110736221464,81.89198303222656,17435100
2025-02-20,82.17898137284156,83.90100451204987,82.17898137284156,83.88187408447266,14851500
2025-02-21,84.18801624148918,85.6517385378631,83.24090310246567,85.62303924560547,15678900
2025-02-24,85.82393143224878,87.87123009189207,85.07772072625403,87.31635284423828,19452300
2025-02-25,87.77557459737899,89.02882569739785,86.52232349736015,87.46943664550781,18417300
2025-02-26,87.34507484525857,87.4120422973856,85.01076828727933,85.50823974609375,13534200
2025-02-27,85.47954307935656,87.02937068909337,85.38387633036406,86.65626525878906,10717500
2025-02-28,86.78062273388625,88.34958061894092,86.78062273388625,88.25391387939453,15482100
2025-03-03,87.80427223985762,89.17232778320827,87.80427223985762,89.11492919921875,13636100
2025-03-04,89.51674228125334,91.22920408697175,88.32088967660964,88.55049133300781,15073000
2025-03-05,87.1345986308817,89.40193030788734,86.57972131711232,89.1531982421875,13117100
2025-03-06,89.09579224573346,89.97594523500834,87.80427300242182,89.92810821533203,11300200
2025-03-07,90.17685186069669,93.15213361298251,89.78460871766191,90.54995727539062,24100900
2025-03-10,90.58821873741296,92.79815176862466,90.58821873741296,91.10482788085938,20897600
2025-03-11,90.86565057886921,91.2483175018745,89.52629445163961,90.62648010253906,21734800
2025-03-12,89.99507901983073,90.31078584409778,88.83749462975625,89.30626678466797,11896000
2025-03-13,89.35410210028435,92.16674227496371,89.35410210028435,90.60735321044922,16570100
2025-03-14,90.195980525178,90.76998828278997,89.40193268938073,90.47341918945312,12681100
2025-03-17,90.36727681916172,91.95944064416639,89.8172573918285,91.46731567382812,12237900
2025-03-18,91.89188995983102,92.06558068389782,90.55060709167297,91.39976501464844,8670100
2025-03-19,91.91118439497447,92.08487511665597,90.35761942936772,90.72429656982422,11355900
2025-03-20,90.70499420486578,91.82433596496423,90.39621154034889,91.40940856933594,12970200
2025-03-21,91.26467203953419,91.36116524918138,89.80760027939367,89.84619903564453,68435800
2025-03-24,89.6435641096319,89.84620206531207,88.35053149848575,89.0742416381836,16950100
2025-03-25,89.07423767549267,89.07423767549267,84.02756998187776,84.78987884521484,20640200
2025-03-26,85.14690955872717,86.1890539428878,84.2495086771378,85.02146911621094,13808800
2025-03-27,85.39778858163544,85.45568303162644,84.31704555605958,84.52933502197266,12931900
2025-03-28,85.1083020138094,86.98030110001822,84.59688140455678,86.10220336914062,12393500
2025-03-31,86.12150724227229,87.1057498000643,85.2723566559035,86.61363220214844,15003000
2025-04-01,86.60397722899033,86.60397722899033,83.57404479845934,84.06616973876953,13922100
2025-04-02,83.834576018136,84.01791826745999,82.32926135367347,83.56439208984375,10590800
2025-04-03,85.61973476299531,85.78377395587961,83.23631493452811,83.36175537109375,12684100
2025-04-04,83.10122391154651,83.24596004693416,78.2378909895993,78.61421966552734,22965700
2025-04-07,78.17034952867286,80.29322973940171,76.52029123214115,78.33438873291016,26582000
2025-04-08,80.29323208011157,80.35112653930412,74.82198482759372,76.18255615234375,20571600
2025-04-09,74.06932515683197,79.1159932565074,73.33596346087427,79.03880310058594,22928300
2025-04-10,77.78435379832953,78.27647867492159,73.2973501869527,74.83161926269531,19466900
2025-04-11,75.14041716596596,76.6553834926457,73.67369376673275,76.40449523925781,16194400
2025-04-14,77.21504744508933,77.21504744508933,75.61323942457071,76.39484405517578,15796700
2025-04-15,76.7615309950482,77.1571554069368,74.99567635159706,75.6421890258789,16042500
2025-04-16,75.71937604850773,75.93166552094824,73.26841031007943,73.77983093261719,16551300
2025-04-17,74.19476981615223,75.98957171806923,74.18511828537866,75.26586151123047,21416500
2025-04-21,75.34305767019436,75.44920242090026,74.29126169373419,75.1211166381836,11010000
2025-04-22,75.29480607094811,76.2694045096052,74.93778042655939,76.20185852050781,12918200
2025-04-23,75.74832662491137,77.38873330130376,75.26585320691831,75.97991180419922,17935700
2025-04-24,75.53604410078663,77.16680675964172,73.36491351983267,77.0413589477539,18471500
2025-04-25,77.3597857285756,80.36077096404404,75.32374732478293,79.8396987915039,28378000
2025-04-28,80.0905911473714,80.74675532112948,79.5116244909873,80.27393341064453,14241000
2025-04-29,80.84324550191272,82.68629750973416,79.84935142940594,81.74064636230469,18802900
2025-04-30,82.2810164454715,82.82139169932886,80.85289919918365,82.21347045898438,13825100
2025-05-01,81.54765999764625,81.61520598237198,80.2546273960908,80.34147644042969,10036400
2025-05-02,81.23887292018678,81.7406420136655,80.04233359534713,80.26427459716797,11755600
2025-05-05,80.3125314267637,80.65026135970173,79.03880184971139,79.93619537353516,8688000
2025-05-06,79.57916165108658,79.58881318017788,75.54568384020389,76.26939392089844,16991100
2025-05-07,76.82906917868148,77.09925311289982,75.999214316748,76.34659576416016,12216900
2025-05-08,75.74832681436872,76.03781381067266,74.23336057255976,74.9281234741211,15059100
2025-05-09,75.22724883486877,75.70007068786038,73.16226334895163,73.3070068359375,15614500
2025-05-12,73.2587598352778,78.42122378137229,73.17191815637112,77.61067199707031,21761100
2025-05-13,74.25265322558246,75.7965739932866,73.87632456299353,73.9438705444336,23353200
2025-05-14,74.74477348711648,74.74477348711648,70.74989457834428,70.89463806152344,23721800
2025-05-15,71.18411536987085,72.18766082906166,70.74024076787555,72.17801666259766,15274800
2025-05-16,72.36135943855452,73.49999697226329,71.76309712620647,73.39385223388672,15021800
2025-05-19,73.29736338857504,74.54214573476558,73.0368309728423,74.5228500366211,11682600
2025-05-20,74.83163204407917,76.40449277780763,74.70618424044639,75.23690795898438,13262400
2025-05-21,75.04390237428925,75.36233655536121,74.17545622512445,74.28160095214844,11879500
2025-05-22,74.03072208516079,75.61323429974784,73.99212332846841,75.11145782470703,11800000
2025-05-23,74.83162558951076,75.16935548946769,74.3780994258716,74.8605728149414,10902200
2025-05-27,75.28515144698926,75.45884217781125,74.34915916851784,74.87022399902344,11884500
2025-05-28,74.71583509569646,74.99567056640217,72.94032905858857,73.5,12293200
2025-05-29,73.03682016439129,74.30089802166009,73.03682016439129,73.72193145751953,10785200
2025-05-30,74.24300783103992,74.84127012477474,72.94032378457668,74.1465072631836,20641500
2025-06-02,74.32020001781372,74.32020001781372,72.7569908983013,73.57719421386719,11271800
2025-06-03,73.3359507082163,74.48423966065874,72.79558290093009,74.43598937988281,18139200
2025-06-04,74.7544369784616,76.36589652289757,74.61934500239873,75.5263900756836,13009300
2025-06-05,75.66148645031622,75.79657842108801,74.54214456453822,74.89917755126953,13983700
2025-06-06,75.55534585886707,76.70362767352256,75.46849680890719,76.20185852050781,9863100
2025-06-09,76.8194240691032,77.59138454163673,75.91237161817044,76.54924011230469,18305800
2025-06-10,76.55888302667928,79.00984902056915,76.54923885835208,78.49842834472656,13254100
2025-06-11,78.4984259528497,78.81686018499774,77.17645346017018,77.50453186035156,11803300
2025-06-12,77.37908937596309,79.23178553999003,77.26329310497636,78.95195007324219,13169200
2025-06-13,78.78790785483669,79.55021671184359,78.59491407726287,78.8458023071289,14550500
2025-06-16,78.82631117304473,79.28437823205776,77.68602132550423,78.90428161621094,12569400
2025-06-17,78.24155208409042,78.65088578003501,76.20462433355341,76.2923355102539,14040600
2025-06-18,76.0681754961512,78.27078474720186,75.14229321417493,77.27668762207031,23803400
2025-06-20,77.23770633430838,77.89069209856734,76.60420946399056,77.05252838134766,34052300
2025-06-23,77.2279504612008,78.18306975374792,76.98429841506504,78.12459564208984,18553800
2025-06-24,78.32926622274506,79.39158562569024,77.08176144077623,78.28053283691406,15906400
2025-06-25,77.61779663504501,78.08561184383635,77.14998886192416,77.64703369140625,12753200
2025-06-26,77.81271810673941,78.21231105320484,76.38005024369086,76.828369140625,13760100
2025-06-27,77.05252173781578,77.5203369444497,76.15588398041044,77.09150695800781,60202500
2025-06-30,77.23769743322352,77.37414198210053,76.38978564891342,77.14998626708984,13895200
2025-07-01,76.95506457820353,80.96070497908161,76.60420502223825,79.73269653320312,21800800
2025-07-02,79.97634352487205,80.70729964756539,79.81066192162241,80.29796600341797,16052700
2025-07-03,80.45391381433414,80.50263976531207,78.65088260772211,78.87504577636719,7734500
2025-07-07,78.89453588825398,79.4695586297737,78.11485373952662,78.84580993652344,15777400
2025-07-08,78.88478933535372,80.28822007371797,78.30001847239235,79.30387115478516,12752900
2025-07-09,80.288219105495,82.33490222983735,79.8106631797946,81.5844497680664,18394600
2025-07-10,81.51622536998744,82.84169305370024,81.05815834810093,81.8865737915039,14725600
2025-07-11,81.88658476900922,81.99379227512782,80.1712795424539,81.24334716796875,9717400
2025-07-14,81.31155968388013,82.15947146615368,80.9996853678146,81.54546356201172,10368700
2025-07-15,81.65267461931788,82.21794916550729,79.23565042322674,79.45005798339844,10827000
2025-07-16,79.39158108946474,80.54161903406144,79.39158108946474,80.33695220947266,11517800
2025-07-17,79.89838430325248,80.56111818327823,79.27462820822484,79.45005798339844,8984800
2025-07-18,79.62549625444318,79.83991127316303,77.83222052637043,77.92967987060547,11823600
2025-07-21,78.12460371611137,78.2707890103645,76.94532114754792,77.29618072509766,11620800
2025-07-22,77.84195700312209,79.69370657255178,77.84195700312209,79.53777313232422,10571000
2025-07-23,80.52213504982927,82.00353629528425,80.31746821276666,81.84760284423828,11542100
2025-07-24,82.06200773899447,82.36414133825649,81.39927386336078,81.97429656982422,8016700
2025-07-25,82.02302909827765,83.05611140352215,81.71114733825017,82.5590591430664,10058800
2025-07-28,82.32515291446234,82.81245699712338,81.74038950240315,81.9255599975586,12882000
2025-07-29,77.82246591250718,80.78527583290176,74.71347070570936,80.53187561035156,27826400
2025-07-30,80.80477399854075,81.45775974488929,79.45006168315,79.67422485351562,13055200
2025-07-31,78.74834869364783,79.42082332237155,75.87324992689673,76.13639831542969,19813300
2025-08-01,76.0389310032223,77.84196218129743,75.56137505144044,77.27668762207031,11900300
2025-08-04,77.05252479206331,77.95891074936206,76.43852427995928,77.83221435546875,13380700
2025-08-05,77.87120093389683,79.06996492160472,77.5495784257134,78.73860168457031,9984300
2025-08-06,78.251297608875,79.25514292082532,77.25719302578203,77.42288208007812,13028700
2025-08-07,77.62755026442338,78.76784015681687,76.65294199352208,78.32926940917969,10830100
2025-08-08,78.07586921685402,79.10895160512523,78.07586921685402,78.64114379882812,6882900
2025-08-11,78.90428022483908,79.56701410872392,77.60804951382349,77.99789428710938,8210700
2025-08-12,78.42672898527229,78.88479606368247,77.64703939193525,78.26104736328125,7852700
2025-08-13,78.69961673153635,80.73654441899527,78.16357921606249,80.60984802246094,11043800
2025-08-14,79.92762081305426,81.28232562042209,79.52802788068725,80.65857696533203,10217600
2025-08-15,81.59419852638625,82.58829560446928,81.24333898455217,82.0717544555664,10481400
2025-08-18,82.1204900425461,82.98789075655664,81.94506026692201,82.08150482177734,8273600
2025-08-19,82.23743815672363,83.62138746727462,82.23743815672363,82.77347564697266,14307700
2025-08-20,83.14382724213638,84.05996137450215,82.40313032747595,82.51033782958984,8904700
2025-08-21,82.72473760201808,85.10278388200294,82.45184850805329,83.89427185058594,13889000
2025-08-22,85.27821616256225,85.60957937624357,84.55700818786084,85.15151977539062,11977400
2025-08-25,84.99558655054597,85.17101633701888,82.79296977275727,83.14382934570312,9417700
2025-08-26,83.3874736931106,83.41671074887059,82.5200730057699,82.83194732666016,14062700
2025-08-27,82.90991855529084,83.30951148293637,81.75013242796595,81.93531036376953,10588100
2025-08-28,82.11073847148594,82.11073847148594,80.55136688379059,81.0971450805664,14485300
2025-08-29,81.30180914812902,82.10098752445919,81.1653646035607,81.98403930664062,10872900
2025-09-02,82.3543975451701,83.32900580014254,82.19845665525249,83.30951690673828,11642700
2025-09-03,83.20230475373512,83.63112730570028,81.93531111881376,82.04251861572266,12714400
2025-09-04,82.06201017642918,82.26668444858007,80.8924832720652,81.91582489013672,12554800
2025-09-05,81.6624213899987,83.10483735177363,81.13613207345799,82.5590591430664,13231100
2025-09-08,82.02303318195264,82.1789666340594,80.71705427166341,81.95480346679688,13111200
2025-09-09,82.04251942952436,82.64677919667106,81.99378604474765,82.46160125732422,9767500
2025-09-10,82.13023569006063,82.42262114550296,81.41877581651318,81.89633178710938,13073300
2025-09-11,82.19845442947154,83.37773692944579,81.86709120087563,82.9878921508789,9667200
2025-09-12,82.47135187739957,83.01713011193331,80.69756517949415,80.70730590820312,9939500
2025-09-15,80.81557260994705,81.44548269105762,79.64433003298187,79.74275207519531,10229800
2025-09-16,79.73291238222475,80.19550422473381,79.27032053971571,79.8116455078125,10065900
2025-09-17,79.70338896680656,80.95336466738416,79.52622628783834,79.8608627319336,12642100
2025-09-18,79.93960225140171,80.40219410163556,79.54590658040776,80.24471282958984,10458900
2025-09-19,80.52029510414819,81.10099789080202,79.72306683867983,80.22502899169922,25627800
2025-09-22,80.47109100027609,80.64825367835115,78.99473785269068,79.13253021240234,11986400
2025-09-23,78.82741079130523,79.83133511981872,78.4140337191504,78.699462890625,13145300
2025-09-24,78.64040942689488,78.84709795839451,78.07939555307583,78.41403198242188,11804200
2025-09-25,78.5222966149117,78.62071865008491,76.35698180462114,76.37666320800781,14923800
2025-09-26,77.51838479517069,77.71522887809594,76.46525318236765,77.321533203125,12205400
2025-09-29,77.3609060757043,77.55775767424932,76.79989216081225,77.34122467041016,12739000
2025-09-30,77.18374084987153,82.67577636793007,77.16405944522549,82.60688018798828,21636600
2025-10-01,83.84701902514601,89.3193656352523,83.84701902514601,88.70913696289062,33460900
2025-10-02,88.53197358141584,89.56542378255502,86.82925049922854,88.09891510009766,14575400
2025-10-03,88.21701690834043,89.27014849444708,86.71113793568625,87.7839584350586,12970600
2025-10-06,87.42963419855585,88.88629841567769,87.15404948229605,87.40010833740234,11648300
2025-10-07,87.27215372947478,87.53790150054081,85.76627472383531,86.22886657714844,9449100
2025-10-08,86.54381995578639,86.54381995578639,84.84108939140864,85.0379409790039,9696200
2025-10-09,85.58911740247693,86.41587911971978,85.2741623456989,86.12060546875,10938200
2025-10-10,86.55366293752972,86.84892905021073,84.56550323685825,84.6343994140625,11230700
2025-10-13,84.30961332477884,85.0969971893312,83.89622872358414,84.3489761352539,6553900
2025-10-14,84.03401886151181,84.32929249609744,82.82341347977577,83.36473846435547,9675000
2025-10-15,82.86278299474039,83.35490070819698,82.29192464494183,82.78404235839844,9168700
2025-10-16,83.0793113786326,84.1521243300415,82.28207562088326,82.59703063964844,11709100
2025-10-17,81.96712575610937,83.5517454058506,81.8490223098462,83.45332336425781,10758900
2025-10-20,83.90606643813248,85.62847835914987,83.6895334523168,84.95919799804688,8611800
2025-10-21,85.58910952737853,86.28791576064721,84.87062189011249,86.23870849609375,9852400
2025-10-22,86.29776275684696,87.39026468429529,85.63832682128674,86.22886657714844,10926300
2025-10-23,86.17964791737526,86.72098038283417,85.53990092434935,85.8056411743164,7687500
2025-10-24,85.95328215589144,86.67176981678884,85.73674915919784,86.11075592041016,7902100
2025-10-27,86.13044342314639,86.90799030348055,85.65800711908906,86.61271667480469,7226600
2025-10-28,86.72098850783672,86.72098850783672,85.55959034422837,85.65801239013672,8345900
2025-10-29,85.57927310534994,86.45524209331502,84.71314857486787,85.2151107788086,10921900
2025-10-30,83.28600343969497,85.92375464969797,81.98681299352157,84.91983032226562,16678800
2025-10-31,84.07338818044666,85.09699392328707,83.22694511442708,84.62456512451172,12385000
2025-11-03,84.41787400488688,84.7426735162042,81.04194600055182,81.18958282470703,13875800
2025-11-04,81.39627001076678,83.62064426583059,80.7171526456273,82.5379867553711,12846100
2025-11-05,82.70529837816919,84.03401464895613,81.6029595504325,83.05962371826172,9440200
2025-11-06,83.14820997113256,84.81156269243358,83.02025456318005,84.4277114868164,10601400
2025-11-07,84.59503083344221,85.2249408977008,83.89622459056532,84.91983032226562,9214300
2025-11-10,85.3233716781023,85.99265206967861,84.44740274768748,85.3824234008789,8319600
2025-11-11,85.9729589667542,89.63431578290272,85.88438138690546,89.51620483398438,15436000
2025-11-12,89.96896086174664,91.4453139509716,89.72290201354248,90.0083236694336,13218900
2025-11-13,89.87053228110696,92.77403122659523,89.46699967045738,91.46499633789062,16086100
2025-11-14,90.74650370737825,93.5811065536465,90.04769745267195,91.45515441894531,19632000
2025-11-17,91.76027271875151,93.25630727283573,91.21894022697606,91.39610290527344,14345800
2025-11-18,92.62639471374546,96.12043341074394,90.6579239005903,94.90982055664062,28153500
2025-11-19,94.48659530273325,95.60862302122361,92.60670214597837,93.55157470703125,14641300
2025-11-20,93.47283935546875,94.48660064004329,92.41970775286642,93.47283935546875,12554200
2025-11-21,93.97480125422194,98.68928231043463,93.85669030047752,96.21885681152344,23183300
2025-11-24,97.5574252476425,100.74634615803984,97.5574252476425,98.81724548339844,28320900
2025-11-25,99.14204254593179,104.17147890693616,99.12235363135491,103.99432373046875,22225500
2025-11-26,102.95102681122943,104.08289908322574,102.55733112847585,102.98055267333984,12624000
2025-11-28,103.18724325918623,103.74826468686841,102.47860002715129,103.17740631103516,6154500
2025-12-01,103.06913302387828,104.01399811351651,100.10658234621498,100.22469329833984,14178300
2025-12-02,99.92942700475166,100.19517478925137,98.72865851863187,99.43730926513672,11795000
2025-12-03,100.29359069155281,101.46482573388658,99.91957642651955,100.65775299072266,12541600
2025-12-04,100.49043105286087,100.9825487441179,98.95502625905736,99.29950714111328,12770700
2025-12-05,99.80147264676879,100.48058997735211,97.62631327931955,98.14795684814453,16430400
2025-12-08,97.81331002484959,98.09873918808083,96.26806076812878,97.37040710449219,12902600
2025-12-09,97.75425632856252,98.27589987149854,94.54564693029505,95.36256408691406,16283900
2025-12-10,96.50429150166816,96.62239495304415,94.94919764617096,96.08106994628906,18077700
2025-12-11,96.88814378736285,97.57710562492856,96.04170066742736,97.44915771484375,11808200
2025-12-12,97.39993925646203,99.07314402737339,96.77002916902639,98.71881866455078,11810800
2025-12-15,99.2548385536598,100.19785838557377,97.27947180788111,99.52285766601562,16735900
2025-12-16,99.5625665277088,99.60226577088036,96.07837100858691,97.5474853515625,16663600
2025-12-17,97.45815034630604,99.40373890669932,97.3390298973143,98.45079803466797,13180600
2025-12-18,98.54013391122444,100.62470014122917,98.13315229207464,99.94969940185547,14312800
2025-12-19,99.86036071140532,101.44859557409801,99.37396544136531,100.34675598144531,44980200
2025-12-22,99.89013268880612,104.17837033672015,99.66182796487892,103.95006561279297,17136200
2025-12-23,103.7912412252217,104.61514063489888,103.56293649496958,104.26771545410156,13587500
2025-12-24,104.59528939453521,106.16366698262152,104.50594716468363,105.66734313964844,5335000
2025-12-26,105.66734326888711,106.26293793982391,105.250433057872,105.99491882324219,6280700
2025-12-29,106.06440244123306,106.79895959939262,105.64749223578849,105.83609771728516,8086900
2025-12-30,105.94529211556033,106.09418321158554,104.86330218687132,105.28021240234375,6497900
2025-12-31,105.16109998352148,105.31991967774036,104.21808012254957,104.48609924316406,7557300
2026-01-02,104.75410908617017,105.83609900196792,103.66219814628955,105.66734313964844,9992400
2026-01-05,106.22323138098426,107.64271787999571,105.02212858540548,106.65007019042969,15863300
2026-01-06,106.88830401043084,109.35999464837309,106.88830401043084,108.0695571899414,14479000
2026-01-07,108.70484958426685,110.6405095314263,107.15631405323852,107.8015365600586,16322300
2026-01-08,109.79676205670974,112.06992618512828,108.44676058679043,110.17396545410156,20278800
2026-01-09,110.05485033867006,111.65301369961462,109.40962783593395,109.71734619140625,11040800
2026-01-12,110.15411876211614,110.64051402466555,107.98021783063645,108.38720703125,10671900
2026-01-13,108.24823525931852,108.50631820984121,106.43168814158051,107.46404266357422,9338600
2026-01-14,108.16882252424654,110.4122084767089,107.15631761568609,110.1938247680664,11964600
2026-01-15,109.80668859774252,110.75962945749191,107.65263738605097,110.15411376953125,11775800
2026-01-16,109.90595741677501,109.91588601455773,107.63279321580441,108.02985382080078,14852100
2026-01-20,107.31514229163618,108.83389204447406,106.14381771537872,108.6452865600586,15241100
2026-01-21,108.38720898016255,111.14676848120698,107.93059192929128,110.2930908203125,12844400
2026-01-22,109.96550832637766,110.50153898016902,107.79160749266278,108.37727355957031,9362600
2026-01-23,108.28793376315818,108.28793376315818,106.42175881690113,107.38462829589844,10489500
2026-01-26,107.00742742461456,107.62286416513305,106.272862657807,106.61036682128906,9903200
2026-01-27,106.70963090894566,107.55337996426314,106.05447977236665,107.12654113769531,7907100
2026-01-28,106.06440877347465,107.13647014287963,105.25043793521559,106.11404418945312,7491700
2026-01-29,106.5408806662677,109.12176320086266,106.31256836042729,107.54344940185547,13572800
2026-01-30,107.79161058685978,109.72727815444277,107.15631666190049,109.45925903320312,19060600
2026-02-02,109.31037100533582,113.05264962378828,109.1416151351389,112.5364761352539,18000100
2026-02-03,110.84896511137882,117.58904379798197,110.62066038499052,114.9883041381836,25793600
2026-02-04,116.04052016905504,119.50485859689546,115.64345956575703,117.46000671386719,21954600
2026-02-05,117.4401451522885,121.52985633960206,117.4401451522885,118.86956024169922,24010600
2026-02-06,119.87214278420846,121.75817499828075,119.55449581145005,121.03353881835938,13083300
2026-02-09,120.51736114238213,120.98389920077788,116.11993151932089,116.78500366210938,16158700
2026-02-10,116.82471170380222,117.3111069623872,115.24639790286174,116.28868103027344,11849500
2026-02-11,116.17948575487813,118.4824280770564,115.45484961386262,118.43279266357422,10885300
2026-02-12,118.13500703349872,120.71588958550294,117.25155117038922,118.36331176757812,13453300
2026-02-13,120.60669916244444,122.42324632544639,120.14015351774219,120.51736450195312,10102300
2026-02-17,121.46037055336703,122.17507809365189,119.91184259828368,120.67617797851562,9899800
2026-02-18,120.3585366155741,120.91441691792988,119.50485896649852,120.7655258178711,7803400
2026-02-19,120.50743325612177,121.69860747630511,119.61404880433376,120.96405029296875,8933300
2026-02-20,121.73831791579815,121.79787435658915,119.7133156225908,121.36111450195312,9442500
2026-02-23,121.41073730925612,123.27691982518594,120.60669509872093,122.90963745117188,9661100
2026-02-24,122.50265587571037,123.92213481151565,121.7283843107699,123.01882934570312,8460300
2026-02-25,123.09824597356918,124.21993517165414,121.36111246221664,121.55963897705078,11082500
2026-02-26,121.50008082710659,121.5993440831265,118.12507710932289,118.4228744506836,10327300
2026-02-27,118.80007659441287,123.08831433943536,118.80007659441287,122.90963745117188,17636400
2026-03-02,122.6019232197302,122.7905211385345,120.15008211556385,120.51736450195312,11564500
2026-03-03,118.79014734365829,120.08059237105356,117.7379432148381,118.948974609375,9334100
2026-03-04,118.55191897198708,119.98133412996107,116.993462335202,119.39566802978516,6700900
2026-03-05,118.23427139856062,118.65118162641316,113.60852935439307,115.21662139892578,14516000
2026-03-06,114.31331720725075,115.504491464197,112.98316529946956,114.93868255615234,12809300
2026-03-09,114.13463320661846,116.39786869791308,113.2710270014452,116.24897003173828,8321600
2026-03-10,116.37801702040153,118.12507913485308,115.81220812075487,116.22911834716797,9739300
2026-03-11,115.90155009652227,116.09014801378476,114.44235673401714,115.3555908203125,6760700
2026-03-12,114.62103287486634,115.74272206654626,113.45963686578611,115.05780029296875,8349200
2026-03-13,116.0603682103503,117.02323769890967,114.68058850199236,114.76000213623047,7111000
2026-03-16,115.33999633789062,116.05999755859375,114.22000122070312,115.43000030517578,8785300
2026-03-17,115.77999877929688,116.80000305175781,114.37999725341797,115.87000274658203,7952200
2026-03-18,115.05999755859375,115.55999755859375,113.3499984741211,114.5,6736300
2026-03-19,114.66000366210938,115.76000213623047,113.75,114.19999694824219,8383800
2026-03-20,114.25,115.18000030517578,112.72000122070312,114.18000030517578,36355400
2026-03-23,116.16999816894531,116.47000122070312,114.7699966430664,115.68000030517578,9096400
2026-03-24,114.69999694824219,116.54000091552734,114.0199966430664,116.37000274658203,7411900
2026-03-25,117.30000305175781,120.12000274658203,116.80000305175781,119.37000274658203,10220300
2026-03-26,118.95999908447266,120.05999755859375,118.6500015258789,118.93000030517578,6497200
2026-03-27,119.29000091552734,121.06999969482422,118.5999984741211,119.62999725341797,8345800
2026-03-30,120.56999969482422,121.63999938964844,117.22000122070312,118.0999984741211,11084000
2026-03-31,119.02999877929688,121.2699966430664,118.7699966430664,120.29000091552734,10713300
2026-04-01,120.87999725341797,122.19000244140625,120.2699966430664,120.83999633789062,6351700
2026-04-02,120.37000274658203,121.6500015258789,119.22000122070312,120.87000274658203,6387900
2026-04-06,120.41000366210938,121.4800033569336,120.04000091552734,120.8499984741211,4890200
2026-04-07,119.55999755859375,119.55999755859375,116.5,119.27999877929688,11376400
2026-04-08,119.5999984741211,123.62999725341797,117.94000244140625,123.18000030517578,9256900
2026-04-09,122.9000015258789,124.0,121.3499984741211,122.68000030517578,8666300
2026-04-10,122.95999908447266,123.01000213623047,120.94999694824219,121.41999816894531,9707000
2026-04-13,121.02999877929688,121.30000305175781,119.05999755859375,120.1500015258789,6357300
2026-04-14,119.02999877929688,120.36000061035156,118.1500015258789,119.95999908447266,12449400
2026-04-15,119.80000305175781,120.25,116.63999938964844,117.9000015258789,7689400
2026-04-16,117.12999725341797,117.8499984741211,114.70999908447266,115.45999908447266,11399900
2026-04-17,115.55999755859375,119.19999694824219,115.55999755859375,119.06999969482422,16194900
2026-04-20,119.1500015258789,119.36000061035156,116.75,117.0999984741211,7392000
2026-04-21,116.48999786376953,116.52999877929688,111.91000366210938,112.55999755859375,12769500
2026-04-22,112.61000061035156,113.51000213623047,111.54000091552734,112.88999938964844,8036800
2026-04-23,113.36499786376953,114.69499969482422,113.10009765625,114.5250015258789,3153108
