timestamp,open,high,low,close,volume
2021-01-04,213.04008620788014,213.4900439714431,205.64930862910208,208.406494140625,37130100
2021-01-05,207.9948680651304,209.2011442852732,206.5013971335944,208.60757446289062,23823000
2021-01-06,203.12192672360536,207.2577056684526,202.9017392526193,203.19851684570312,35930700
2021-01-07,204.91215455439107,209.98613642014786,204.59624041863154,208.9809112548828,27694500
2021-01-08,209.35431096289832,211.17329358978736,207.77468161014076,210.2542266845703,22956200
2021-01-11,209.15321480887582,209.57445307788146,207.48741291091767,208.2150115966797,23031300
2021-01-12,207.26724421418334,207.84166274345526,204.22286399002414,205.76419067382812,23249300
2021-01-13,204.8930348974412,207.51617714350778,204.80686188159456,207.1140899658203,20087100
2021-01-14,206.70242299168677,208.1863254557164,203.66761084177992,203.9356689453125,29480800
2021-01-15,204.41437517914176,205.36214696231852,202.98791144832447,203.5814666748047,31746500
2021-01-19,204.63455257006677,207.7268039408653,203.5623200569144,207.2098388671875,30480900
2021-01-20,208.4160850006806,216.1610798929583,208.02356612474742,214.77291870117188,37777300
2021-01-21,215.11757827987228,216.64935150148284,212.93481093432405,215.37606811523438,30709400
2021-01-22,217.39610073257143,220.25859646157198,216.17068792070867,216.3142852783203,30172700
2021-01-25,219.34905829762192,219.98091577336353,214.65802709229996,219.7415771484375,33152100
2021-01-26,221.9722376050097,224.19329267545595,220.26814758976505,222.4221954345703,49169600
2021-01-27,227.85039454682703,230.18634210552298,220.32558681486526,222.96788024902344,69870600
2021-01-28,225.5623280954357,232.29253006928437,225.0644995906523,228.74073791503906,49111200
2021-01-29,225.92614679568288,227.86957571864957,221.4840214563199,222.06800842285156,42503100
2021-02-01,225.03579903471945,232.15852051694344,222.51795143659126,229.4300537109375,33314200
2021-02-02,231.0096936130651,231.97661660777806,228.51099724463657,229.2960205078125,25916300
2021-02-03,229.35347216795947,234.63805958670622,229.05667994059564,232.63719177246094,27158100
2021-02-04,232.31171197270916,232.86697949222687,230.11936136908966,231.68942260742188,25296100
2021-02-05,231.89999632428507,232.9052215570717,230.16718686803185,231.87127685546875,18054800
2021-02-08,232.78078543262248,233.2881822461942,230.54057897933532,232.12979125976562,22211900
2021-02-09,231.55533101783197,234.3220849716953,231.08623665637043,233.3743133544922,23565000
2021-02-10,234.55188509696072,235.43264960639695,230.61715697080717,232.46485900878906,22186700
2021-02-11,234.34124027726764,234.69545677816905,231.82339319316318,234.06361389160156,15751100
2021-02-12,233.5275348439118,234.83912077191874,232.37871207689895,234.54234313964844,16561100
2021-02-16,234.58064140295025,235.6337375078981,232.5606222256955,233.30735778808594,26728500
2021-02-17,231.56094106337903,234.43001503747345,231.19630371213563,234.324462890625,21653500
2021-02-18,232.02154629365586,234.06539856792395,231.11955780224875,233.93106079101562,16925600
2021-02-19,233.89262609539767,233.99817822515038,230.46699168209992,231.2250518798828,25262600
2021-02-22,227.81865886991,228.3080290387014,223.00166514699936,225.02633666992188,36446900
2021-02-23,221.01537906288905,225.33339754887209,219.48007774451878,223.83648681640625,30228700
2021-02-24,220.7082886727813,225.68840512166148,219.7391387901833,225.064697265625,26339700
2021-02-25,222.6946352012407,225.10312497479669,218.6644870589807,219.72959899902344,39542200
2021-02-26,222.16686652922508,225.85157243502906,220.25733736616556,222.9824981689453,37819200
2021-03-01,226.36011252225157,227.86662818043706,223.72132352037755,227.35806274414062,25324000
2021-03-02,227.4251865850806,227.7034670330312,224.00915718644586,224.41217041015625,22812500
2021-03-03,222.77135603173917,224.13392888093216,218.06950529574024,218.3573760986328,34029500
2021-03-04,217.57053331073425,223.08800061349675,215.19081513202866,217.56092834472656,44727800
2021-03-05,220.23812306789688,223.8364715609729,217.30187304022164,222.2340087890625,41872800
2021-03-08,222.0133028006234,223.93242202512073,217.9447794153884,218.1942596435547,35267400
2021-03-09,223.46229922136231,225.86119881059292,222.3012253778174,224.32589721679688,33080500
2021-03-10,227.41564385006524,227.41564385006524,222.65622140139538,223.02085876464844,29746800
2021-03-11,225.4581472805967,229.4978853058214,224.8344247079214,227.54039001464844,29907600
2021-03-12,224.5465020300299,226.28331693671527,223.79804682901204,226.2161407470703,22653700
2021-03-15,225.45815172323736,225.6788463527636,222.43552990775498,225.314208984375,26034900
2021-03-16,226.72476112413224,230.3518955608736,226.39851434535458,228.09693908691406,28092200
2021-03-17,226.60000251813773,228.90295443295722,223.7980901339011,227.45401000976562,29562100
2021-03-18,223.15515813452234,224.71924482700015,221.01534451892877,221.3895721435547,34833000
2021-03-19,221.67746433641042,223.06882283713475,220.07500155097284,221.03456115722656,46430700
2021-03-22,220.95779015994103,227.3196602642825,220.83304272830307,226.44647216796875,30127000
2021-03-23,227.88581112010934,231.30184090014612,227.48279785140227,227.97216796875,31638400
2021-03-24,228.2312742809165,228.37520237530592,225.80358947742405,225.93792724609375,25620100
2021-03-25,225.78436397622824,227.35804104512198,222.20521097132493,222.94406127929688,34061900
2021-03-26,222.18606444240328,227.13739629764925,222.18606444240328,226.91668701171875,25479900
2021-03-29,227.02220332170978,227.22371728101677,222.50268578373593,225.726806640625,25227500
2021-03-30,224.08597600056692,224.39304213318255,221.7542529531083,222.4739227294922,24792000
2021-03-31,223.49104090390196,229.4307174616961,222.99206578776494,226.23538208007812,43623500
2021-04-01,228.8261747651646,233.01944545451641,228.42316149759984,232.5492706298828,30338000
2021-04-05,232.94270928260747,239.8515508888239,232.8851380428422,238.99754333496094,36910600
2021-04-06,237.59659687225357,239.3142024300299,236.89612233500938,237.83648681640625,22931900
2021-04-07,237.78846920288845,240.78229055854658,237.19354691855074,239.7939453125,22719800
2021-04-08,242.54789934961562,243.8624913984209,241.80903431175963,243.00848388671875,23625200
2021-04-09,242.6438132210316,245.63764890551167,242.23120965191174,245.50331115722656,24326800
2021-04-12,244.40942924919764,247.24973207374578,244.32305775852038,245.56089782714844,27148700
2021-04-13,246.85630526571913,248.70824821467303,246.44367239367668,248.0365447998047,23837500
2021-04-14,247.06741162139323,248.36279362985277,244.84122636397595,245.2538299560547,23070900
2021-04-15,247.49917607756265,249.41829508741483,247.30728174663673,249.0056915283203,25627500
2021-04-16,248.9769265105959,250.445051503243,247.18255477329765,250.195556640625,24878600
2021-04-19,249.66778593713443,250.90562587805667,247.39363463217305,248.2764129638672,23209300
2021-04-20,247.39366362481238,249.67742016300645,246.45328467278097,247.8158721923828,19722900
2021-04-21,248.4683450570387,250.13796925520947,246.8466871216118,250.04200744628906,24030400
2021-04-22,249.68702951310874,251.19354531946155,245.30184915421924,246.76998901367188,25606200
2021-04-23,247.4512097025957,250.9344153892346,246.86586317747359,250.58895874023438,21462600
2021-04-26,251.07836035908593,251.82681565162977,249.64862597185794,250.97279357910156,19763300
2021-04-27,251.00158168291068,252.54648783182677,249.60063289753063,251.37582397460938,31014200
2021-04-28,245.7240384101382,246.16545696217563,242.72062646494183,244.26551818847656,46903100
2021-04-29,245.12911354726194,245.74323113487725,238.93035179332017,242.29840087890625,40589000
2021-04-30,239.64042208199547,242.84534766283653,239.50608432237092,241.9817352294922,30945100
2021-05-03,243.15242867019677,244.0640221231167,240.96463366662786,241.67471313476562,19626600
2021-05-04,240.82064814733633,241.0509476976474,235.82133672532257,237.7692413330078,32756100
2021-05-05,238.98795712876284,239.41016577581226,235.87899280361762,236.50270080566406,21901300
2021-05-06,236.4834442394811,239.7555457646202,234.79462473056245,239.63079833984375,26491100
2021-05-07,241.9529209858051,244.01598268660447,241.01255677969283,242.25039672851562,27032900
2021-05-10,240.72470662857563,241.5499284512594,237.12635821135868,237.18392944335938,29299900
2021-05-11,234.66027073084751,236.62737056777837,232.7603470846724,236.27232360839844,33641600
2021-05-12,232.37654952810314,234.49718271340848,228.44236390313688,229.33474731445312,36684400
2021-05-13,232.02152794835033,235.66785757262463,231.65689059340738,233.2017822265625,29624300
2021-05-14,235.6486398477899,239.10304549849073,235.5622830009087,238.1147003173828,23901100
2021-05-17,236.57940755176028,236.61778349101087,233.67194331645007,235.26480102539062,24970200
2021-05-18,236.31072249373375,236.44506023825218,233.07699701786404,233.24972534179688,20168000
2021-05-19,230.162421057965,233.93257808571866,229.47956888338655,233.8267822265625,25739800
2021-05-20,234.63470174976987,238.47217569165701,234.53851835238595,237.05836486816406,21800700
2021-05-21,238.10671616214,238.83766010110827,235.38489032383154,235.79844665527344,21863100
2021-05-24,238.31831706682158,241.55951010552934,238.04902113207515,241.19403076171875,21411500
2021-05-25,242.14617519695508,243.0887108966254,241.23249158269627,242.09808349609375,17704300
2021-05-26,241.81915798529013,243.27144808873797,241.16515782189026,241.8768768310547,17771600
2021-05-27,241.56911515709095,241.86726317029425,239.72250822888856,239.78021240234375,24426200
2021-05-28,241.4056131297948,242.44433227006198,240.02065427610526,240.1360626220703,18270200
2021-06-01,241.62680800038572,241.68451217113508,237.5200379764385,237.94320678710938,23213300
2021-06-02,238.64530588633542,239.74172912294227,236.4428322679461,237.84703063964844,19406700
2021-06-03,235.84651966073733,236.92370320657687,233.7113775070017,236.3177947998047,25307700
2021-06-04,238.28946553877864,242.0307712219281,238.0490216910813,241.20364379882812,25281100
2021-06-07,240.42459870903608,244.3774959981243,240.2610986600382,244.1082000732422,23079200
2021-06-08,245.4066136508643,246.22412860795987,242.85790004526086,242.91561889648438,22455000
2021-06-09,244.10819819545324,245.76245296444787,243.531141793228,243.8966064453125,17937600
2021-06-10,244.56980954753342,247.61863517541653,243.97351361873402,247.40704345703125,24563600
2021-06-11,248.12842639815597,248.6093140988236,246.80117164814428,248.0322723388672,18999700
2021-06-14,248.04187277788913,250.01352998227475,246.98391395493297,249.95582580566406,19150500
2021-06-15,249.84035962759822,250.05195136807478,247.83025276859738,248.4842529296875,18038900
2021-06-16,249.48450833852118,250.61939615458576,244.69487142700754,247.54173278808594,27220000
2021-06-17,246.2817630882,251.744638749184,246.22405892883413,250.9271240234375,27565500
2021-06-18,249.70573350554895,252.27365719884,248.85936651938206,249.51336669921875,37202200
2021-06-21,249.88855354977582,253.4471058031608,248.06118570603078,252.5911407470703,26696100
2021-06-22,252.67760068633095,255.6302578162363,252.36982555497457,255.3609619140625,24694100
2021-06-23,255.82260635317851,256.6304940947321,254.32223921157143,255.130126953125,19518700
2021-06-24,255.98614034624336,257.61154309721616,255.32251298159505,256.4958801269531,21446900
2021-06-25,256.05344819862387,257.03444843637993,254.63963733626937,254.88967895507812,25611100
2021-06-28,256.0149822485252,258.6213852234761,255.74568632511017,258.4482727050781,19590000
2021-06-29,258.59258793407116,261.26632279421653,257.73662295546177,261.02587890625,19937800
2021-06-30,260.3429572810892,260.9873302929651,259.2946257303389,260.544921875,21656500
2021-07-01,259.3042477069135,261.4490173838746,259.29464991177207,261.21820068359375,16725300
2021-07-02,262.3915641354273,267.3735535200733,262.0837889720143,267.03692626953125,26458000
2021-07-06,267.4023914794495,268.69116688821424,263.8149589636492,267.0465393066406,31565600
2021-07-07,268.7200270839339,269.960725504487,266.5560325451121,269.2297668457031,23260000
2021-07-08,266.31562334882244,268.07568890593086,264.36322030721055,266.8157653808594,24618600
2021-07-09,265.1807143722743,267.4216381390511,264.7960100826157,267.31585693359375,23916700
2021-07-12,268.4891758346326,269.07584463447415,266.0077793129093,266.7195129394531,18931700
2021-07-13,266.9119207635317,272.0382005108351,266.7869146059644,270.23968505859375,26120100
2021-07-14,271.557263551942,272.8171868548692,269.82605039030216,271.7111511230469,23113700
2021-07-15,271.2205817245717,271.711096424281,269.1335168159892,270.28765869140625,22604200
2021-07-16,271.28798313803793,273.24038594694457,268.77773418312665,270.0184326171875,26186800
2021-07-19,268.2679481392744,269.6529067683761,263.95921404966873,266.4213562011719,32935600
2021-07-20,267.40239850810826,270.2300203759046,265.70006671057956,268.6430969238281,26259700
2021-07-21,268.23914676268924,270.75899355414396,266.69070249429734,270.6435852050781,24364300
2021-07-22,272.99026155226005,275.4716579349154,272.58633241623176,275.2023620605469,23384100
2021-07-23,276.38534199654606,278.9051883924715,275.5486022461029,278.5974426269531,22768100
2021-07-26,277.9530521274675,278.6166794096968,275.68327658614254,278.0011291503906,23176100
2021-07-27,278.36664329219724,278.5109037300761,272.13435756738795,275.5871276855469,33604100
2021-07-28,277.9434652186941,279.0591282119056,272.9807006010522,275.27935791015625,33566900
2021-07-29,275.2986045195014,277.58763486236643,275.1447169202856,275.5486755371094,18168300
2021-07-30,274.26948015452774,275.70251598499704,273.05763386236777,274.0194091796875,20944800
2021-08-02,275.4139435469008,275.8082749172966,272.8940971151015,273.9328308105469,16267400
2021-08-03,274.50995786548094,276.25076905660643,273.14422383185655,276.14495849609375,17879000
2021-08-04,275.2793045071055,276.59693186168965,273.76931036819576,275.5582275390625,16191300
2021-08-05,275.9141446379062,278.5590271143416,275.16396096408687,278.4532165527344,13900200
2021-08-06,277.481777929583,278.4339260044122,276.62578389584934,278.39544677734375,16589300
2021-08-09,278.6744499389659,280.4056340911744,276.8086031288222,277.3087158203125,16117600
2021-08-10,277.7607120388484,278.1935226909762,274.2983442260447,275.4909362792969,18616600
2021-08-11,276.23151748719226,277.62610362360755,274.9331147655397,275.9814758300781,13955900
2021-08-12,275.6737384425398,278.88606534888424,275.39481530680047,278.732177734375,14561300
2021-08-13,278.41473610565794,281.70399133323906,278.24159423758465,281.6559143066406,18249000
2021-08-16,281.98291302988906,283.55061152329273,278.93407230117066,283.3390197753906,22507600
2021-08-17,281.213538172332,282.2137635084895,279.95358532870176,281.87713623046875,20075300
2021-08-18,281.41455687924235,284.0934094395426,279.7089369385495,280.1522216796875,21813000
2021-08-19,278.1864643546096,286.6470164928712,278.13829528997536,285.97247314453125,29850500
2021-08-20,288.81512041303324,294.71244831740665,287.21551359465093,293.2862854003906,40817600
2021-08-23,292.21670814145693,294.2884777670295,290.8676509020545,293.5657653808594,22830200
2021-08-24,293.92232360780326,294.5294067686128,291.0122120736746,291.6096496582031,18175800
2021-08-25,293.2284191176889,293.507876069938,289.4896126931915,291.0217590332031,20006100
2021-08-26,290.03893440127865,291.426544578333,288.0731778231543,288.20806884765625,17666100
2021-08-27,288.1116739143192,289.92327755138285,286.0302588466658,288.81512451171875,22605700
2021-08-30,290.164147470794,293.15136400495606,290.1063328429978,292.5442810058594,16348100
2021-08-31,293.34417025857385,293.4212466452703,290.5303969246272,290.8965759277344,26285300
2021-09-01,291.85055818104365,294.08615577563324,290.5207625531025,290.848388671875,18983800
2021-09-02,291.2048383741006,292.322607329848,289.2583147561359,290.1930236816406,16285600
2021-09-03,290.0389056864893,291.5903434617449,289.33548449908074,290.1834716796875,14747900
2021-09-07,290.05830229855934,290.1353787033477,287.350541443884,289.25848388671875,17180400
2021-09-08,288.8729444557402,289.67273318736136,286.6469927606512,289.28729248046875,15046800
2021-09-09,289.87517720465905,291.1471582820578,286.19415442336,286.43505859375,19927000
2021-09-10,287.56247190206864,289.00789676784274,284.63306927340466,284.9510498046875,19633400
2021-09-13,286.7241628423719,287.67816345721263,283.3804114194669,286.1845397949219,23652900
2021-09-14,288.66098698942704,290.4244218394307,287.25411498430714,288.88262939453125,21853400
2021-09-15,292.2262836548295,294.21133084701,290.83867385348697,293.7295227050781,28356300
2021-09-16,292.70817930849984,294.20177323213824,289.81732959262365,294.11505126953125,19550800
2021-09-17,293.1032240780458,293.42120456252405,288.63202970257026,288.95965576171875,41372500
2021-09-20,285.5485173899759,287.85157536698296,278.98629016221753,283.5923767089844,38278700
2021-09-21,284.93179059163447,286.7144871567123,283.3707364278861,284.07415771484375,22364100
2021-09-22,285.934007352102,289.29702038208677,283.7947770017501,287.7166748046875,26626300
2021-09-23,287.9768206871402,289.9522229123692,286.70483974436394,288.6609802246094,18604600
2021-09-24,287.3793115337563,288.89216683736635,286.1265926479854,288.45855712890625,14999000
2021-09-27,285.3654586100994,285.6834391762905,282.28187346169767,283.4671325683594,23571700
2021-09-28,279.25610140272624,280.2004563333736,272.4626155886146,273.20458984375,43186200
2021-09-29,274.7270371271494,276.33626002135594,272.71308241223153,273.66705322265625,26353700
2021-09-30,275.3148971070343,277.3577596425143,271.3737086480666,271.6628112792969,32343600
2021-10-01,271.8554592638854,279.4294996045535,271.05567057576917,278.5815124511719,30086300
2021-10-04,276.94337118609593,277.2806428364156,270.05351921774275,272.8094482421875,31350700
2021-10-05,273.7152514221425,279.83422199721866,273.7152514221425,278.25390625,24993000
2021-10-06,275.382351437471,282.9467476472076,275.12218554145016,282.4456481933594,28002600
2021-10-07,284.44035604398937,285.84725752796135,283.2262190604028,284.12237548828125,20430500
2021-10-08,285.4425255952682,285.84725752796135,283.0720368673409,284.12237548828125,17685700
2021-10-11,282.26259742313226,287.12884966284184,282.0987696561335,283.5249328613281,19298600
2021-10-12,284.5944873273196,284.69085485665033,281.71328346594987,282.2239990234375,17974100
2021-10-13,284.18014809161934,286.46391451193523,282.81179971016536,285.5292053222656,23416300
2021-10-14,288.323743494712,292.23602492950124,286.99394774852544,291.7349548339844,27262900
2021-10-15,291.33982641094127,293.3730726386509,289.5860372188823,293.14178466796875,25384800
2021-10-18,292.5250261320918,296.9961907609561,291.67703902819403,296.10968017578125,22729300
2021-10-19,297.1311627256362,298.046580784232,296.04227134224186,297.0155334472656,17682100
2021-10-20,297.95983967544254,298.4320317414315,294.9726227448066,296.225341796875,16537100
2021-10-21,295.9941716239133,299.7040726055075,295.2136149975582,299.45355224609375,16918100
2021-10-22,299.10661846440314,299.7715163414631,296.60120915737616,297.9117431640625,17449300
2021-10-25,298.10438841823645,298.14294131253496,295.309906430058,296.9191589355469,17554500
2021-10-26,299.6847507755604,301.0338080808827,297.37207690825886,298.8271179199219,28107300
2021-10-27,304.5027837125642,314.2353152759642,304.5027837125642,311.41192626953125,52588700
2021-10-28,312.5297200802306,313.05008121355974,309.6677779577822,312.54901123046875,26297900
2021-10-29,312.3369664419561,319.9206222707464,312.1153240989585,319.554443359375,34766000
2021-11-01,319.3039399071891,319.429214753653,314.49550312432325,317.3863525390625,27073200
2021-11-02,318.29223733879434,321.318007963707,317.9935185073219,321.0096435546875,26487100
2021-11-03,321.7515023539127,322.7151187307781,318.6197491291001,321.8478698730469,21500100
2021-11-04,320.7783004950608,324.2954947256181,317.52127212453837,324.1991271972656,23992200
2021-11-05,326.19381887877574,326.4636303126045,322.2526310669871,323.83294677734375,22570100
2021-11-08,325.0278752948011,325.3651469944245,322.27194586748317,324.7291564941406,20897000
2021-11-09,324.84472843590123,326.39616621738094,322.35861092573055,323.7269592285156,21307400
2021-11-10,322.39716561372114,322.45498024865833,317.91635496264894,318.7643127441406,25500900
2021-11-11,319.197961574822,321.62626453740313,318.4848947841872,320.33502197265625,16849800
2021-11-12,321.7708793286239,324.96044803422893,321.6456044610585,324.468994140625,23831000
2021-11-15,325.25910770260543,325.5867337696935,321.87680452226203,323.84259033203125,16723000
2021-11-16,323.4668027763442,328.27526945186895,323.30300442769504,327.157470703125,20886800
2021-11-17,327.2057248474174,330.34320817217764,326.2982657750648,327.3794860839844,19053400
2021-11-18,326.4720587629754,330.5942484179435,325.4487587667228,329.455078125,22463500
2021-11-19,330.7776841426584,333.15250973725915,330.3529147568212,331.23138427734375,21963400
2021-11-22,332.6890870606931,337.56427133664994,327.79460580022015,328.0649108886719,31031100
2021-11-23,325.38121647492284,327.6981513264288,322.0120507455828,325.9894104003906,30427600
2021-11-24,324.63782194134853,326.45274014228477,322.34987720586537,326.2113952636719,21661300
2021-11-26,322.77466242134005,326.230708290166,316.76033714457986,318.2663269042969,24217200
2021-11-29,323.3442446492078,327.2926436665053,323.1511569453452,324.9757385253906,28563500
2021-11-30,323.71106155688426,326.0858868817991,317.6001928133879,319.1448059082031,42885600
2021-12-01,323.52758820834913,327.5339066425295,317.98632013384116,318.65240478515625,33337600
2021-12-02,318.86490197463723,321.94446556340563,316.4514527333486,318.08294677734375,30766000
2021-12-03,320.49639172899714,321.1818325163052,307.0196995951121,311.8273010253906,41779300
2021-12-06,312.73471501105405,316.11354341449044,308.1781223856923,314.89715576171875,30032600
2021-12-07,320.1585072370792,324.17446047936613,318.6718143921365,323.324951171875,31021900
2021-12-08,323.7013027909279,323.8847271989816,319.3474330961315,323.3730773925781,24761000
2021-12-09,322.832607612771,324.8405842928064,320.6218799972191,321.5679626464844,22214200
2021-12-10,323.38282488539363,331.1251576149035,323.1994004295398,330.68109130859375,38095700
2021-12-13,328.8854647941473,331.8878102110468,327.3408517779993,327.6497802734375,28899400
2021-12-14,321.68374322246143,323.0545950116288,312.88912106633165,316.9726867675781,44438700
2021-12-15,317.23330918334995,323.5855221073149,313.26561400702604,323.064208984375,35381100
2021-12-16,324.0875129645706,325.1011790200771,311.83684591434667,313.6517639160156,35034800
2021-12-17,309.77092210537467,313.6710628222482,306.2665904465463,312.5898132324219,47750300
2021-12-20,308.9696714904224,311.62446489459614,306.5755493846343,308.83453369140625,28326500
2021-12-21,312.09755779178596,316.38384527957237,308.7283631846601,315.9590759277344,24740600
2021-12-22,316.93407613844363,322.06023889539006,314.4723702128299,321.6644592285156,24831500
2021-12-23,321.23006646593336,324.74406240118367,321.2107694796361,323.1029052734375,19617800
2021-12-27,323.8462152014172,330.6231984892731,323.8172549933941,330.59423828125,19947000
2021-12-28,331.2699450024373,331.9070989605817,328.5379341826007,329.43572998046875,15661500
2021-12-29,329.4839910257525,332.38012934520907,327.9200810470128,330.11151123046875,15042000
2021-12-30,330.0729308583066,331.2506951069542,327.08991153548817,327.5726013183594,15994500
2021-12-31,326.79063617756316,327.6111852143737,324.222723076331,324.67645263671875,18000800
2022-01-03,323.74006130064464,326.29831140018206,318.36288974922684,323.16082763671875,28865100
2022-01-04,323.2379929252775,323.5952080741863,314.82954604404773,317.6195068359375,32674300
2022-01-05,314.5785047925629,314.78125567055275,305.0405814422899,305.4267272949219,40054300
2022-01-06,302.3085376148828,307.6664106849742,300.7060043582687,303.0132751464844,39646100
2022-01-07,303.2740243044876,305.5426724725603,299.35458511243456,303.1678466796875,32720000
2022-01-10,298.77525819873097,303.82420301804177,294.14144890781034,303.3897705078125,44289500
2022-01-11,302.5305521127523,305.6487082149253,299.16138797967875,304.0751647949219,29386800
2022-01-12,308.6028364262324,312.2133458454884,306.10247793014696,307.25128173828125,34372200
2022-01-13,309.37515937724777,309.7709684945666,293.4753583562799,294.2476501464844,45366000
2022-01-14,293.7167042364733,300.0592544355826,293.2340145006697,299.4607238769531,39846400
2022-01-18,293.54294042354564,299.0745458921932,291.2935897762765,292.1720886230469,42333200
2022-01-19,295.68612760781065,303.0423154877073,292.2204183595071,292.8285827636719,45933900
2022-01-20,298.3698641905101,300.8605304633222,290.71441143988926,291.1584777832031,35380700
2022-01-21,292.2107112599279,293.58153359567393,285.37580818130317,285.7812805175781,57984400
2022-01-24,282.08388134377833,286.82386842126607,266.49297997417904,286.1094970703125,85731500
2022-01-25,281.4273871708722,284.77725480885573,275.2972516566814,278.5022888183594,72848600
2022-01-26,297.32722375809846,297.8195767322565,282.8851546395586,286.437744140625,90428900
2022-01-27,292.1817275159188,296.66107253209896,287.615472429576,289.4593505859375,53481300
2022-01-28,289.83586478628683,297.80024475160536,284.2559730920568,297.5878601074219,49743700
2022-01-31,298.2539348406317,301.56517863932356,295.76323984597894,300.2136535644531,46444500
2022-02-01,299.6635188200105,299.87590353430073,294.56631513809646,298.0706481933594,40950400
2022-02-02,298.9104887522053,304.2104133019044,298.1864540558619,302.6078796386719,36636000
2022-02-03,298.7753051603236,300.45508559766955,289.57523929937065,290.8205871582031,43730000
2022-02-04,289.816570444543,298.10917678556535,289.5848887928777,295.34820556640625,35096500
2022-02-07,295.5702886097434,297.18245606272853,289.5173395906922,290.531005859375,28533300
2022-02-08,290.8205269091974,294.98130951821844,289.56554554844485,294.01593017578125,32421200
2022-02-09,299.1421250545375,301.1308043619736,296.7480028768317,300.43572998046875,31284700
2022-02-10,293.51397138416485,298.41808594638906,290.2896076096914,291.91143798828125,45386200
2022-02-11,292.69342951887205,293.7553529211515,284.03397373558494,284.8255920410156,39175600
2022-02-14,283.599498987924,286.4860034605709,281.263297311286,284.78692626953125,36359500
2022-02-15,289.6235605596376,290.38618927733245,286.7370553493468,290.067626953125,27058300
2022-02-16,288.6358343081328,291.05427315111,284.09884067695083,289.7289733886719,29982100
2022-02-17,286.6913858769695,287.1170334540753,280.53889193473333,281.2450866699219,32461600
2022-02-18,283.4894271936835,284.2729991216109,276.9693246500047,278.5364685058594,34264000
2022-02-22,275.70201990685416,282.02866399823324,275.2183321526316,278.3332824707031,41736100
2022-02-23,280.7130382995433,282.1834680729997,270.9619054573808,271.1263427734375,37811200
2022-02-24,263.61954581271243,285.53059821327315,262.6618238516017,284.97918701171875,56989700
2022-02-25,285.5111939632228,287.91994929794083,282.13503369219524,287.6103820800781,32546700
2022-02-28,284.7083218045915,289.38076267083534,283.44106207991604,289.04217529296875,34627500
2022-03-01,286.7301612299099,290.18369968046295,282.61881436647946,285.3274841308594,31217800
2022-03-02,285.7240737108103,291.63475461259384,284.118256021791,290.3965148925781,31873000
2022-03-03,293.0084798692605,293.2406406218667,284.4568515366766,286.265869140625,27314500
2022-03-04,284.68903114664965,286.01433126307614,277.80132020565253,280.4035339355469,32356500
2022-03-07,279.1169415948608,280.23910107836906,269.4431834838935,269.810791015625,43157200
2022-03-08,268.736920057862,274.69595707889357,261.1914024621827,266.8505554199219,48159500
2022-03-09,274.19297192414876,280.1520098038728,271.6197490086795,279.087890625,35204500
2022-03-10,273.7866039875139,277.24982481746815,271.4262054005378,276.27276611328125,30628000
2022-03-11,278.56546999148014,280.0649198872489,270.31375729009164,270.9328918457031,27209300
2022-03-14,271.19408479495587,276.08900319722903,266.8215575071672,267.42132568359375,30660700
2022-03-15,271.20380834794634,278.4301066725858,269.63666429329595,277.7819519042969,34245100
2022-03-16,279.67796423359994,284.9598566183486,273.960800034903,284.7857360839844,37826300
2022-03-17,283.7215952422282,285.9658841758017,279.92946993729333,285.588623046875,30816600
2022-03-18,285.73368363007364,291.1800121692439,283.1798277784117,290.62860107421875,43390600
2022-03-21,289.1389351574977,290.3481547741918,285.2790860660752,289.4001159667969,28351200
2022-03-22,290.01922877865013,295.04959432677754,289.0228329688514,294.1402587890625,27599700
2022-03-23,290.7060719110069,293.3373349131294,288.0070855267432,289.7193298339844,25715400
2022-03-24,289.38068983231335,294.27560696928197,288.5874349231403,294.1788635253906,24484500
2022-03-25,295.2720634104139,295.533244193088,289.52585001590114,293.7726135253906,22566500
2022-03-28,294.4014512941623,300.6603736261478,294.4014512941623,300.56365966796875,29578200
2022-03-29,303.66890108993795,305.51659216822173,298.967439967182,305.1199645996094,30393400
2022-03-30,303.5237389507756,305.642293606047,301.4148379753387,303.6204528808594,28163600
2022-03-31,303.6592133025089,304.858779193998,297.84530566978634,298.2515869140625,33422100
2022-04-01,299.2770224362612,300.0122374321194,295.5719864101128,299.3254089355469,27110500
2022-04-04,299.9735376348756,304.8297531887579,299.60593013266003,304.6943359375,24289600
2022-04-05,303.04968276703556,304.59748932080845,299.7606122914897,300.7376708984375,23156700
2022-04-06,295.23334255704475,296.9842899176036,287.0299873737609,289.7289733886719,40110400
2022-04-07,286.9816633477329,293.7436096818607,286.6817792585373,291.5379943847656,31411200
2022-04-08,290.6383190722913,291.2961273756615,286.6140331520905,287.2815246582031,24361900
2022-04-11,282.27060690427504,283.06383266279937,275.70211663136274,275.9536437988281,34569300
2022-04-12,279.80372121494815,281.25478467779203,271.33918434835886,272.85797119140625,30966700
2022-04-13,273.50606081797804,279.1651833596897,272.1226915423585,278.23651123046875,21907200
2022-04-14,278.691277815096,278.9041016621508,270.2074030686159,270.70074462890625,28221600
2022-04-18,269.81073402373755,273.2449056189471,269.25932284261444,271.3681945800781,20778000
2022-04-19,270.26540148092727,276.8338901106772,269.3270459623916,275.99224853515625,22297700
2022-04-20,279.95849984253823,280.24873024308215,276.05997725645005,277.0176696777344,22906700
2022-04-21,279.16527189939075,283.7312864723143,270.92324140436915,271.6487731933594,29454600
2022-04-22,272.4903213915854,273.960751032886,264.46111662000084,265.08990478515625,29405800
2022-04-25,264.37411220746367,271.93896771296136,261.9363065596579,271.56170654296875,35678900
2022-04-26,268.4467917071966,269.2787207469881,261.1914730124075,261.404296875,46518400
2022-04-27,272.896616257244,281.47723164656276,270.05253011513526,273.9800720214844,63477700
2022-04-28,275.88581968028956,281.48693206044686,272.2774984573496,280.18096923828125,33646600
2022-04-29,279.1942562573067,280.4228421568128,267.47935197429007,268.466064453125,37073900
2022-05-02,268.64986271938767,275.64399875590436,267.2084825593842,275.1893310546875,35151100
2022-05-03,274.69596890447576,274.8604357472129,271.01027020615345,272.58709716796875,25978600
2022-05-04,273.37070203873003,281.3902550491014,267.7018944721031,280.5196228027344,33599300
2022-05-05,276.2244444799009,277.00801637510676,265.38982566126134,268.3016357421875,43260400
2022-05-06,265.8445279493737,270.13967864846,262.4200095223799,265.76715087890625,37780300
2022-05-09,261.2494870702996,263.4744394387105,254.72938410241275,255.94825744628906,47726000
2022-05-10,262.8262266216796,264.81901759782835,256.42220615250693,260.7076721191406,39336400
2022-05-11,257.01235492970693,262.507041521962,250.84049357545095,252.04971313476562,48975900
2022-05-12,249.2830033480953,251.40155812616646,241.86323478464925,247.01934814453125,51033800
2022-05-13,248.95412449484758,254.4584941959466,247.0193732332159,252.6011199951172,34925100
2022-05-16,251.47896796071555,257.14780467191986,247.43534479276178,252.96873474121094,32550900
2022-05-17,257.4282849486114,259.57585977965135,253.89737021197146,258.1151428222656,28828800
2022-05-18,255.01235236440064,255.59413551227334,245.09305474022761,246.36326599121094,31356000
2022-05-19,246.18872524247453,249.84424444235316,244.23008588747544,245.45181274414062,32692300
2022-05-20,249.42729026419417,250.68782539404745,238.9553115969885,244.88943481445312,39199300
2022-05-23,247.73049081283042,253.55795512434815,245.7330428682586,252.7337646484375,33175400
2022-05-24,250.0575770395254,253.39307277606676,245.80089254690245,251.73501586914062,29043900
2022-05-25,250.29997184139762,256.5443535711688,249.32063736572647,254.5469207763672,28547900
2022-05-26,254.30458287533867,258.99758360506104,253.49009808000451,257.8243408203125,25002100
2022-05-27,260.32596255899296,265.03834453491794,259.4338910030426,264.9413757324219,26910800
2022-05-31,264.25290403889915,266.4248628217989,260.76223485872504,263.6129455566406,37827700
2022-06-01,266.84180659959077,269.25617238114495,261.83851939689276,264.146240234375,25292200
2022-06-02,256.4183173881909,266.30851221318625,253.65486971991317,266.2406311035156,44008200
2022-06-03,262.1002923632558,265.14494022982973,260.25800402669876,261.819091796875,28059000
2022-06-06,263.79720697367605,265.85281527967646,259.10420716791305,260.5877380371094,22400300
2022-06-07,258.54186576604843,264.83474789857866,257.86311369538305,264.223876953125,22860700
2022-06-08,263.4578629247985,264.7086925044536,261.4216362950806,262.1973571777344,17372300
2022-06-09,259.64713525480107,264.4273969656422,256.5928112013964,256.7479553222656,26439700
2022-06-10,252.66584504493977,252.66584504493977,244.86034549346968,245.30638122558594,31422800
2022-06-13,237.66571545060387,241.45696760455806,234.19444257567676,234.9022674560547,46135800
2022-06-14,236.4536738145781,238.27658064725975,234.17504027372604,237.06454467773438,28651500
2022-06-15,240.76850759522998,247.54621774471534,238.93590988722116,244.1137237548828,33111700
2022-06-16,238.50925737974993,239.90552503927643,235.63916478659826,237.52993774414062,33169200
2022-06-17,237.26812327514037,242.8919722994284,236.61847386718773,240.12852478027344,43084800
2022-06-21,242.6592511135094,247.01288890773137,241.93202965450726,246.0335693359375,29928300
2022-06-22,244.23979365415195,249.35944724213846,242.76595376071094,245.442138671875,25939900
2022-06-23,247.80802019464696,251.4925975110486,245.92693810206876,250.99807739257812,25861400
2022-06-24,253.85845359611892,259.84107489415163,253.77119057568703,259.569580078125,33923200
2022-06-27,260.06414652554236,260.151409571475,255.28388337930917,256.8450012207031,24615100
2022-06-28,255.96258358137382,258.8035884452092,248.5352245163049,248.69036865234375,27295500
2022-06-29,249.76662370164098,254.0136016391761,247.99220161534694,252.3555450439453,20069800
2022-06-30,249.24301307339255,251.64770258921305,245.2190604100334,249.02969360351562,31730900
2022-07-01,248.60316955646337,251.88049040442635,246.87721649105268,251.69625854492188,22837700
2022-07-05,248.3801241327607,254.99299984153146,247.0032529724364,254.866943359375,22941000
2022-07-06,255.73956910040374,259.8507853109402,254.430564439945,258.1248474121094,23824400
2022-07-07,257.0679106271867,260.8882493950364,256.9709418562369,260.248291015625,20859900
2022-07-08,256.7480534855321,259.95752288689226,255.29361008585622,259.5308837890625,19658800
2022-07-11,257.5818628153171,258.4351408209991,254.2172499828831,256.47650146484375,19455200
2022-07-12,257.80490257305115,257.8630779320997,244.38522912726302,245.96572875976562,35868500
2022-07-13,242.59139634264417,245.84934922574635,240.5745669583086,245.0445556640625,29497400
2022-07-14,242.95987452362783,247.39107006314066,238.47048883303972,246.36326599121094,25102800
2022-07-15,247.95345174668594,252.4622192726145,247.0323074429904,248.92308044433594,29774100
2022-07-18,251.86109592734067,252.91798783193323,245.60699275077752,246.52813720703125,20975000
2022-07-19,249.7569629365393,251.8319826861172,245.975416691355,251.6477508544922,25012600
2022-07-20,252.00650426801573,256.8255603020686,251.04658128193176,254.3045196533203,22788300
2022-07-21,251.89983491458102,256.84494694076886,249.22365037531554,256.79644775390625,22404700
2022-07-22,257.18427635912064,257.27153938086525,251.2016845618034,252.45248413085938,21881300
2022-07-25,253.0730861428635,253.55790048413337,249.0103395957646,250.96897888183594,21056000
2022-07-26,251.96770218262552,251.98711369487128,241.9902440697429,244.2494659423828,39348000
2022-07-27,253.22823052881697,261.84821413779025,250.9883906372331,260.5780029296875,45994000
2022-07-28,261.55734491443076,269.40163763919867,259.734438202384,268.01507568359375,33459300
2022-07-29,269.2659119581238,273.43530368872024,268.2284021083121,272.21356201171875,32152800
2022-08-01,269.3822964700081,272.7372040337669,267.4624206782317,269.5665283203125,21539600
2022-08-02,267.61754353157727,269.45015613104664,264.10749207919315,266.473388671875,22754200
2022-08-03,268.3544501034442,274.8897381119249,268.20898212498906,273.8910217285156,23518900
2022-08-04,273.24130703954415,275.18056409331155,271.66083739692374,275.0351257324219,18098700
2022-08-05,270.6718139989153,275.0351426380941,270.21608737963913,274.317626953125,16774600
2022-08-08,275.4230317107007,277.23626231037696,270.83670670939483,271.80633544921875,18739200
2022-08-09,271.1470097408237,274.4825055635908,269.1786348849365,273.7261962890625,23405200
2022-08-10,279.4179151918508,281.0080908709291,278.2252612395024,280.3778381347656,24687800
2022-08-11,282.01648958955855,282.3655416886504,277.8083049364427,278.30279541015625,20065900
2022-08-12,279.71846209389213,283.0442810058594,278.22522580232317,283.0442810058594,22619700
2022-08-15,282.16199190447594,285.2454045080501,281.29900803496633,284.5569763183594,18085700
2022-08-16,283.12181259443804,285.10956874822926,281.59951835801394,283.8199462890625,18102900
2022-08-17,281.53652609959147,285.0443308942976,281.27418133685177,283.0718078613281,18253400
2022-08-18,281.97382980141776,283.64513249063674,280.89524189994404,281.95440673828125,17186200
2022-08-19,280.7203261035374,281.06042243303864,277.4748955705993,278.0481872558594,20570000
2022-08-22,274.0934077691384,274.46265350884744,269.3710240123007,269.8860168457031,25061100
2022-08-23,268.6131286621094,270.96459435110165,267.6025659844231,268.6131286621094,17527400
2022-08-24,267.6122606253299,269.38073768829963,267.3207367981383,267.98150634765625,18137000
2022-08-25,269.47785126704287,271.12000411237733,266.74741409537353,270.954833984375,16583400
2022-08-26,271.1783719738918,272.40270697945806,260.3926709090645,260.4995422363281,27549300
2022-08-29,258.3229611362696,259.82906392811554,256.3795873901303,257.72052001953125,20338500
2022-08-30,259.1197280644123,259.4889441338361,253.27988099606083,255.52447509765625,22767100
2022-08-31,257.87602743432575,259.5473006086871,253.93095092893435,254.06700134277344,24791800
2022-09-01,251.540617996281,253.50344478516845,248.17858915829913,253.0272979736328,23263400
2022-09-02,254.29044741444957,257.24435393582866,247.26514117537187,248.81011962890625,22855400
2022-09-06,248.94618474623337,250.53000941495102,244.80678924426493,246.07969665527344,21328200
2022-09-07,247.4886510615093,251.501707885987,246.05055859753543,250.7826690673828,24126700
2022-09-08,250.21910163068787,253.05641075595742,247.57609726538706,251.2004852294922,20319900
2022-09-09,253.1244786272513,257.72056908719554,252.92043264804659,256.97235107421875,22084700
2022-09-12,258.254948403488,259.8776786073918,257.65250725767163,259.1003112792969,18747700
2022-09-13,251.51143896600806,253.0272681898394,244.4667087917609,244.8553924560547,33353300
2022-09-14,246.35179549361106,247.03197340498173,242.78570610485596,245.07888793945312,23913000
2022-09-15,242.69824587426376,244.28208546979903,237.11104609083932,238.4325408935547,31530900
2022-09-16,237.34424853509077,238.354811263805,235.2065402152561,237.8106689453125,39791800
2022-09-19,235.60493213001268,238.19933446520724,234.0308040411177,237.59689331054688,26826900
2022-09-20,235.21624880625103,236.6154654509246,232.85504199150714,235.58547973632812,26660300
2022-09-21,237.35395148181902,240.64796931692138,232.13598300454865,232.1845703125,28625600
2022-09-22,231.13514258494146,236.9555520614077,230.8436483959942,234.15708923339844,31061200
2022-09-23,232.75785901455737,234.30285235773331,228.54074168946926,231.18373107910156,34176000
2022-09-26,230.33838195306527,234.61379837015886,230.19262002242195,230.72705078125,27694200
2022-09-27,233.18540604277874,234.95388322610455,227.86056625784224,229.71649169921875,27018700
2022-09-28,230.10517219200622,235.46888802626256,228.0840616627681,234.24456787109375,29029700
2022-09-29,232.1262635921422,233.15624924797467,227.77311079462302,230.77561950683594,27484200
2022-09-30,231.5432539781558,233.7295494002438,226.14067744074515,226.3058624267578,35694800
2022-10-03,228.7448264993668,234.76928257243102,228.01606129310665,233.92391967773438,28880400
2022-10-04,238.1507635390463,243.27155818629228,238.04387737585557,241.83346557617188,34888400
2022-10-05,239.0252719369114,243.48531136271737,237.18878424235803,242.14437866210938,20347100
2022-10-06,240.91031948888858,243.25208841301955,239.11270766853326,239.80259704589844,20239900
2022-10-07,234.0793797349826,234.4875013005094,226.56824378188696,227.6079559326172,37769600
2022-10-10,226.45162940250796,227.91887124753765,220.31056122973789,222.75921630859375,29743600
2022-10-11,221.1753739104601,222.57460545971847,217.76475812921726,219.0279541015625,30474000
2022-10-12,219.01822579092038,221.4085821373912,217.61900908089987,219.3583221435547,21903900
2022-10-13,213.62538135038992,229.41529424813774,212.92576556200996,227.6079559326172,42551800
2022-10-14,228.8711152108653,230.52299472511268,221.8749728230323,222.0887451171875,30198600
2022-10-17,229.14320282236488,232.1942989747583,228.4824480465505,230.80477905273438,28142300
2022-10-18,236.35313103627706,237.02358255454533,228.70594491704173,231.74732971191406,26329600
2022-10-19,230.32865767594038,232.82590014122383,227.65651868442322,229.78451538085938,19985700
2022-10-20,229.094636228901,234.477775405208,228.220109078315,229.4638671875,21811000
2022-10-21,228.09379217943177,236.1199207742884,227.86058198177213,235.26483154296875,26299700
2022-10-24,236.8584254528165,240.82291032041493,234.4680836583969,240.24961853027344,24911200
2022-10-25,240.2592898081023,243.93226498550914,238.86978470276068,243.5630340576172,34775500
2022-10-26,224.62485269698536,231.55298484742156,223.5462796746697,224.77061462402344,82543200
2022-10-27,224.49854760384136,227.07352693116061,219.38747955716596,220.33001708984375,40424600
2022-10-28,219.83443818188346,229.9011145363862,219.64981530818488,229.1917724609375,40647700
2022-10-31,227.14150237504404,228.2686626281402,224.60539921895975,225.5576629638672,28357300
2022-11-01,227.95773173513913,229.06545410633566,220.89356446941574,221.70977783203125,30592300
2022-11-02,222.96324401860565,224.75114404682287,213.80994195684139,213.86825561523438,38407000
2022-11-03,213.85854633457637,214.16949323044878,207.9215393357344,208.18389892578125,36633900
2022-11-04,211.3905059422956,215.31611482659386,207.3871454934429,215.1217803955078,36789100
2022-11-07,215.7047654290473,221.9429931186714,215.01486125373305,221.41827392578125,33498000
2022-11-08,222.2248296259858,225.0913035130347,219.44580401668756,222.3900146484375,28192500
2022-11-09,220.93245233444006,222.1567873542891,217.97853059362552,218.15342712402344,27852900
2022-11-10,228.7642104865012,236.4405449105993,228.34639228979617,236.10044860839844,46268000
2022-11-11,236.1101955294159,240.9686298310699,235.0801950029828,240.11354064941406,34620200
2022-11-14,235.13851261558185,237.0041496395175,232.43722428466577,234.71096801757812,31123300
2022-11-15,238.7046221025726,240.00667907027895,233.2340197743407,235.1190948486328,31390100
2022-11-16,236.58069414702467,237.56487314144158,234.27131111867024,235.5478057861328,24093300
2022-11-17,231.69884700298584,237.02895459171626,231.55268915517976,235.4990997314453,23123500
2022-11-18,237.28225399372658,237.50638247514595,232.91683364921218,235.0508270263672,27613500
2022-11-21,235.2554806346632,238.41262379283273,235.02162809086872,235.85963439941406,26394700
2022-11-22,237.36025293713024,239.0362656262226,234.55391821119068,238.763427734375,19665700
2022-11-23,238.84135285637757,241.93027884608753,238.0228392859944,241.24818420410156,19508500
2022-11-25,240.98510292788336,242.3395534122588,240.4199345063279,241.16050720214844,9200800
2022-11-28,239.786534753871,240.34194933932935,234.64157132176942,235.57701110839844,24778200
2022-11-29,235.22625156300845,236.58070207820637,232.11784747654085,234.18362426757812,17956300
2022-11-30,234.41747063024718,248.79998080802568,233.72562221636355,248.61483764648438,47594200
2022-12-01,247.37734047819936,249.56979735290415,244.50278888285192,248.17637634277344,26041500
2022-12-02,243.43094650855843,249.51135113758676,243.30426645593676,248.49795532226562,21528500
2022-12-05,245.56494665867302,247.32866917222623,241.71596919333405,243.80123901367188,23435300
2022-12-06,244.4053559887348,245.4187517382797,237.54539368771614,238.8511199951172,22463700
2022-12-07,238.56852717524598,239.8645144954358,236.0155378698541,238.1202850341797,20481500
2022-12-08,238.5782885351059,242.37855615254333,236.84381267858302,241.07281494140625,22611800
2022-12-09,238.44187570641893,241.9595517487918,237.91569256943419,239.14346313476562,20609700
2022-12-12,241.12154940008574,246.08137085318384,240.84871149211713,246.05213928222656,30665100
2022-12-13,254.9973477435735,257.1703267708484,246.59780679077178,250.34934997558594,42196900
2022-12-14,250.55398314754714,255.8743369804064,247.80609665366913,250.6416778564453,35410900
2022-12-15,247.23118166191023,247.69890163014767,241.0143436570325,242.64163208007812,35560400
2022-12-16,242.19341115694567,243.45041325109977,237.2822993212295,238.43212890625,86102000
2022-12-19,238.59774028481047,238.93879503110043,232.60503162349835,234.30052185058594,29696400
2022-12-20,233.27735299476495,236.69759446505014,232.32242060088467,235.61598205566406,25150800
2022-12-21,235.5088410448142,239.33832514030232,233.9692473656318,238.1787567138672,23690600
2022-12-22,235.08983601075406,235.8011771653982,227.88883383804284,232.09835815429688,28651700
2022-12-23,230.07153767696204,232.7609459126413,227.95703674860303,232.62452697753906,21207000
2022-12-27,232.59527044651236,232.81938405829465,229.7986751427967,230.8997802734375,16688600
2022-12-28,230.83159608110222,233.5892213133109,228.18115822076558,228.53195190429688,17457100
2022-12-29,229.6232871191542,235.732937144972,229.6232871191542,234.84620666503906,19770700
2022-12-30,232.11786589802279,233.8231102365172,230.60750365307476,233.6866912841797,21938500
2023-01-03,236.86329296068058,239.46500660940322,231.32854977617055,233.4528045654297,25740000
2023-01-04,226.3395100790415,226.91441744415422,220.18114984436647,223.2408447265625,50623400
2023-01-05,221.3894046220388,221.7304593927792,216.0885291034545,216.6244659423828,39585600
2023-01-06,217.29681103305526,219.98621912634763,213.74016514069575,219.1774444580078,43613600
2023-01-09,220.65858404237193,225.3260890868295,220.6196135764492,221.3114471435547,27369800
2023-01-10,221.93508808498302,225.39430067277652,221.516092367223,222.99722290039062,27033900
2023-01-11,225.37481372714282,229.91563904515138,225.1994243157805,229.74024963378906,28669300
2023-01-12,229.2432893034318,233.76462207264603,227.58676927741644,232.41017150878906,27269500
2023-01-13,230.93874581209283,233.24812851227875,228.91193984521254,233.11170959472656,21333300
2023-01-17,231.8839578305264,234.74877019615067,231.0264589269251,234.20309448242188,29831300
2023-01-18,235.39190402162816,236.18118605908887,229.49662855484155,229.77920532226562,30028700
2023-01-19,227.8010901419343,229.49659510499976,224.78036649784622,225.99839782714844,28623000
2023-01-20,228.85349649877787,234.58312126827647,228.5124417411465,234.076416015625,35389800
2023-01-23,234.9339381400993,238.89984125052814,233.5210096061912,236.37608337402344,31934000
2023-01-24,236.29812619619068,237.7110398533446,234.29081253406932,235.84988403320312,40234400
2023-01-25,228.4832349642451,237.07767305092727,224.99479068566467,234.4564666748047,66526600
2023-01-26,237.41871476554942,241.95954016253594,235.81091899256552,241.657470703125,33454500
2023-01-27,242.62212916997672,243.44064274681827,240.5173672279143,241.8133544921875,26498900
2023-01-30,238.25671541727394,239.31885025276583,236.00579544141553,236.5027618408203,25867400
2023-01-31,237.22382584140612,241.60873949787776,236.73661321290928,241.47232055664062,26541100
2023-02-01,241.65746031930018,248.65382642873757,239.19216564342997,246.28598022460938,31259900
2023-02-02,252.20073974099043,257.92061096012765,250.6708850258921,257.8329162597656,39940400
2023-02-03,252.90230509331886,257.44312974111796,250.52470541100183,251.74273681640625,29077300
2023-02-06,250.85603350578165,251.69402492949268,248.2640588264018,250.20315551757812,22518000
2023-02-07,253.86704534514652,261.89630103268723,253.42854202536165,260.7172546386719,50841400
2023-02-08,266.2129795710124,269.6819309436082,259.4017271241036,259.908447265625,54686000
2023-02-09,266.7976013623995,266.97302049431784,256.07892442365,256.8779602050781,42375100
2023-02-10,254.8414524853322,257.3359789229723,253.99370721574917,256.3713073730469,25818500
2023-02-13,260.7951951195851,267.5771867135627,260.3177065131593,264.3810729980469,44630900
2023-02-14,265.69656324255214,267.9377295681392,262.39324715689656,265.2093505859375,37047900
2023-02-15,262.1126422431033,264.4668924311176,260.0221350925757,263.0895080566406,28922400
2023-02-16,257.91215337103114,260.5692301121678,255.84120219853648,256.0854187011719,29603600
2023-02-17,253.38921392498247,254.0730020433987,250.07762481803098,252.0899658203125,30000100
2023-02-21,248.59281657060217,249.57946061577636,245.7696748690076,246.82469177246094,28397400
2023-02-22,248.21182862519024,248.45604507625342,244.54858185924243,245.69151306152344,22491100
2023-02-23,249.64783134560344,250.89821842663798,244.68535109646456,248.87611389160156,29219100
2023-02-24,244.17739966038974,245.1933336076266,242.36042854419725,243.4545135498047,24990900
2023-02-27,246.61958212194187,246.97125445707402,243.62059652709382,244.37278747558594,21190000
2023-02-28,243.30797773153637,245.67199123491113,242.9758320232588,243.64987182617188,22491000
2023-03-01,244.95887197567075,245.12493737930367,240.10384757221487,240.57275390625,27565300
2023-03-02,240.84626043061087,245.58405050814687,239.92800421480862,245.30076599121094,24808200
2023-03-03,246.35581882878407,249.7064617806796,245.57432311137507,249.38409423828125,30760100
2023-03-06,250.49769740222126,254.10233469653934,250.05811076028263,250.92752075195312,24109800
2023-03-07,250.37070236682902,251.7285601912726,247.5280341065123,248.27044677734375,21473200
2023-03-08,248.1630024049233,248.65143534651415,245.00772977586786,247.83087158203125,17340200
2023-03-09,249.90184935839267,253.55531839675493,245.75993244925678,246.48281860351562,26653400
2023-03-10,245.2714821705408,246.94191444562173,241.8719931478548,242.83908081054688,28333900
2023-03-13,241.67662167942007,251.94349199727765,240.04525738823747,248.04579162597656,33339700
2023-03-14,250.8103048487011,255.03037243949342,249.94089484584663,254.75685119628906,33620300
2023-03-15,253.96557655248083,260.3152041308793,253.21337082147616,259.29925537109375,46028000
2023-03-16,259.0746169472976,270.16205172863715,257.1892727698562,269.8103942871094,54768800
2023-03-17,271.8226599941095,276.77534645038565,269.92753814579834,272.965576171875,69527400
2023-03-20,270.57236463472236,271.06079765137076,263.60730504746243,265.9322509765625,43466600
2023-03-21,268.5209085708176,268.6381277112385,263.28489174322317,267.44635009765625,34558700
2023-03-22,267.0750903654772,274.53835901279683,265.8833129567745,265.99078369140625,34873300
2023-03-23,271.51006295955915,274.55787926257466,268.8334604032194,271.2365417480469,36610900
2023-03-24,270.82627422927686,274.1378637154936,268.9116255422268,274.0792541503906,28172000
2023-03-27,274.01082690511265,274.9486096232153,269.14602502147517,269.98614501953125,26840200
2023-03-28,269.4098354483097,269.7517444509293,265.7563369743328,268.86279296875,21878600
2023-03-29,272.5065003836282,274.63609068107115,271.9692360686493,274.0206604003906,25087000
2023-03-30,277.65461829253616,277.8792783804837,274.9682369436602,277.478759765625,25053400
2023-03-31,277.1662376097863,282.5780545019858,276.4531146031963,281.6304931640625,32766000
2023-04-03,279.8916392622568,281.6011547846993,277.3811162661027,280.5852355957031,24883300
2023-04-04,280.58517709537364,283.73068619331156,279.0612688180202,280.53631591796875,25824300
2023-04-05,279.23710085498425,280.5070144974699,276.37489115464507,277.76202392578125,22064800
2023-04-06,276.6582060877172,285.3230025679542,275.5055113851009,284.8541259765625,29770300
2023-04-10,282.5193929371124,282.9003849670169,278.123496163904,282.69525146484375,23103000
2023-04-11,279.1394182021938,279.364108081122,275.1245138457469,276.2869567871094,27276600
2023-04-12,278.20167586183015,280.3703195694183,275.4371283935577,276.9317321777344,27403400
2023-04-13,277.02941440172174,283.1934362329106,276.61914739244156,283.13482666015625,24222700
2023-04-14,280.36053721344047,281.80630960092736,277.12711319357106,279.52044677734375,20987900
2023-04-17,283.2226985900286,284.85407761818396,279.5399251996228,282.11883544921875,23836200
2023-04-18,284.82480490610715,285.0104118167831,280.3702986730481,281.6988220214844,20161800
2023-04-19,279.3738962456723,282.36310380411163,277.957458440505,281.7770080566406,17150300
2023-04-20,278.6510289270091,282.3435812467073,278.4849485884654,279.4911193847656,23244400
2023-04-21,278.41655103724565,279.6473817610795,276.511650666874,279.1492004394531,21676400
2023-04-24,275.56413015799205,278.3579824584961,272.27209646250395,275.25152587890625,26611000
2023-04-25,273.0438095298006,275.085455775241,268.9995702123378,269.0484313964844,45772200
2023-04-26,289.83614418187,292.6397447358396,285.957985102446,288.5368957519531,64599200
2023-04-27,289.1230569509434,298.1395416657845,288.4197121758665,297.778076171875,46462600
2023-04-28,296.97707117655295,301.783235671016,296.29325298519717,300.1518859863281,36469600
2023-05-01,299.868565093512,301.46086148521374,298.09066177200543,298.4911804199219,21294100
2023-05-02,300.640245214825,302.02737803508757,296.8793057090036,298.3446044921875,26404400
2023-05-03,299.5266454015473,301.47059918400157,297.05517563669,297.3580017089844,22360800
2023-05-04,299.15539003512066,300.640245214825,296.38109458301545,298.3446044921875,22519900
2023-05-05,298.6474973511191,304.75291031393346,297.2310296191115,303.46343994140625,28197100
2023-05-08,302.9554464323352,303.02383420465094,299.0088995873121,301.5096740722656,21318600
2023-05-09,300.8746930349145,302.86750779057024,299.2237873018419,299.8978271484375,21340800
2023-05-10,301.4803538446717,305.75903132119197,300.55234911259487,305.0849914550781,30078000
2023-05-11,302.92613418082834,303.9225267081971,299.1749725458381,302.9358825683594,31680200
2023-05-12,303.36570066728314,303.4633932219653,299.50709815578426,301.822265625,19774700
2023-05-15,301.94927639928727,302.73075724835036,300.4741992492285,302.3009338378906,16336500
2023-05-16,302.66241092962605,306.45265617103314,302.66241092962605,304.5282287597656,26730300
2023-05-17,305.73231876094286,307.82736596878567,304.21484884759707,307.4064025878906,24315000
2023-05-18,307.9253064598199,312.3406122958503,307.1323177228801,311.8315124511719,27276000
2023-05-19,310.08886536616376,312.05666755980644,309.7266396617467,311.6552734375,27546700
2023-05-22,311.90985842716117,315.81606453289896,311.3322511744977,314.4356689453125,24115700
2023-05-23,313.30977897111853,315.9432948088947,308.63015403990534,308.63995361328125,30797200
2023-05-24,308.121169702086,309.85399169622406,306.0456613121004,307.2596435546875,23384900
2023-05-25,316.4524554987693,320.03560480269425,313.2804999968632,319.0762023925781,43301700
2023-05-26,317.2160130284429,326.39905065575283,317.0789683726066,325.8997802734375,36630600
2023-05-30,328.1906400290104,328.6899104115325,323.57952206493354,324.2550354003906,29503100
2023-05-31,325.31236192591416,328.88571082280095,320.4564937937518,321.4942626953125,45950600
2023-06-01,319.08589950715634,326.5263156649062,317.9013162515011,325.59625244140625,26773900
2023-06-02,327.2312404695121,330.4129952384752,325.5669260242761,328.3570861816406,25873800
2023-06-05,328.18082951193753,331.4506903935802,327.6325911531441,328.8857116699219,21307100
2023-06-06,328.2885029579965,328.32767137670015,325.19488504565373,326.67315673828125,20396200
2023-06-07,324.6858083621168,327.4661687531418,315.7279515267093,316.5894775390625,40717100
2023-06-08,317.1377341007984,319.78104998315,316.5601268268705,318.4300231933594,23277700
2023-06-09,318.1656968052279,323.0607044418597,317.59788906515115,319.92791748046875,22529000
2023-06-12,321.6802685980965,325.1263726657708,318.33210052305157,324.8816223144531,24260300
2023-06-13,327.44662935743804,329.9039326564141,323.45231642642443,327.2704162597656,22951300
2023-06-14,327.319282795224,331.9206007397858,325.8214120391003,330.25628662109375,26003800
2023-06-15,330.3933556478273,342.49379686840723,330.11923649037317,340.79034423828125,38899100
2023-06-16,343.94278354537636,344.08962778195877,334.769545086919,335.14154052734375,46552000
2023-06-20,332.1849367263642,334.89675963715365,328.8073702091856,330.9513854980469,26375400
2023-06-21,329.30668603957923,330.6381434386612,325.0969920993696,326.5556945800781,25117800
2023-06-22,327.1039541755478,332.9779627764546,326.34033425250004,332.5765686035156,23556800
2023-06-23,327.3389018615229,330.8633129640672,326.4480368570244,327.98504638671875,23146900
2023-06-26,326.71237290027926,329.05217088580866,321.592184438732,321.69989013671875,21520600
2023-06-27,324.89140968264053,329.0913343051698,322.38516833897705,327.5445251464844,24354100
2023-06-28,327.6326238415943,330.88291577640626,326.80046664644476,328.7976379394531,20259500
2023-06-29,327.6815169223393,329.052112767679,325.6354077895199,328.0143737792969,16997000
2023-06-30,330.65770749403055,335.5331449952425,330.11926869973666,333.3891296386719,26832800
2023-07-03,332.0674526684901,333.74153652262953,329.5024740479347,330.89263916015625,12508700
2023-07-05,328.05357452169636,334.4758212956056,327.701148359632,331.04931640625,18172400
2023-07-06,330.21712344596347,335.78764318092107,328.4549330731704,334.103759765625,28161200
2023-07-07,332.19476390626494,334.61289857162126,329.92347347630437,330.13885498046875,21214800
2023-07-10,327.5738523279874,328.1906279486803,320.7110434161663,324.86199951171875,32791400
2023-07-11,324.10819090994494,325.8703814238738,320.1334477409768,325.48858642578125,26698200
2023-07-12,329.53185591792584,334.4758007177013,328.62139184518895,330.1192626953125,29995300
2023-07-13,332.42968950843436,336.52190790090776,331.9010204242932,335.464599609375,20567200
2023-07-14,340.29107663490123,344.0504382444472,337.07995339278386,337.99041748046875,28352700
2023-07-17,338.4211858141297,339.70367521642703,335.0142801736607,338.47015380859375,20363900
2023-07-18,338.5680009815039,359.0780898369436,334.98488257273925,351.941162109375,64738600
2023-07-19,354.1538245897535,354.84890735199804,345.039322192249,347.6238708496094,39732900
2023-07-20,346.1455335144098,350.4531337158096,338.11771005249284,339.5862121582031,33778400
2023-07-21,341.81839434405475,342.9442401812977,332.69409248373796,336.5513610839844,69405400
2023-07-24,338.5876099496475,339.63514852458513,335.1219369374352,337.8631286621094,26678100
2023-07-25,339.8211637778006,344.5008191812914,337.82402242034016,343.60992431640625,41637700
2023-07-26,334.2702247265649,337.43240985586726,326.11512671611416,330.6772766113281,58383700
2023-07-27,333.33039238314757,334.1625196341891,322.1403841798644,323.77532958984375,39635300
2023-07-28,326.66339057868936,332.8702554950669,326.1738899082172,331.2646789550781,28484900
2023-07-31,329.8452124789138,330.60883248614635,326.3599395048651,328.8662109375,25446000
2023-08-01,328.1514676458398,331.4311281711662,326.692765182679,329.2773132324219,18311900
2023-08-02,326.6242386250664,326.6242386250664,319.5068793964864,320.6229553222656,27761300
2023-08-03,319.1544231849884,322.9529530019484,319.10548507078215,319.8005676269531,18253700
2023-08-04,324.91100665492644,328.10256094885904,320.3684255770162,320.8970947265625,23741500
2023-08-07,321.4746782634423,324.15713248319014,320.64252111536877,323.1781311035156,17741500
2023-08-08,320.09426392900343,321.84668466116545,316.21742705872686,319.203369140625,22327600
2023-08-09,319.61461022525367,320.2411556284152,314.30840912670357,315.4636535644531,22373300
2023-08-10,319.1740366258562,321.3670201533067,314.4356732724542,316.14892578125,20113700
2023-08-11,313.53503597027776,315.6398832603388,312.5070664494884,314.269287109375,24355500
2023-08-14,314.64124818370647,317.2551649738709,313.35872896949473,317.235595703125,18836100
2023-08-15,316.21751659380345,318.2636263512583,314.1616072597925,315.1014404296875,16966300
2023-08-16,314.72857479436016,318.2800883607637,313.7475006460735,314.3361511230469,20698900
2023-08-17,314.47351697046,315.77833241862345,310.22544912717694,310.8827819824219,21257200
2023-08-18,308.5379985359399,312.3543913343559,305.653638152049,310.4903564453125,24755000
2023-08-21,311.91295245436015,316.661348586836,311.0398118753366,315.7882080078125,24040000
2023-08-22,319.3397132922388,319.9087232636694,315.3761643815367,316.35723876953125,16084600
2023-08-23,317.69134948867446,322.9695317282452,317.3381473247634,320.8111572265625,21166400
2023-08-24,326.5505786182069,326.67812306443534,313.90451683464374,313.9143371582031,23281400
2023-08-25,315.3858781640861,319.20224067535247,312.76639725943465,316.8673095703125,21684100
2023-08-28,319.4966275172615,319.97734429438725,315.63119277463596,317.57373046875,14808500
2023-08-29,315.7881368695037,322.7537689845137,315.7881368695037,322.1945495605469,19284600
2023-08-30,322.4496587032038,323.5680676815254,320.2716728612012,322.5673828125,15222100
2023-08-31,322.96957268527206,324.6472008416001,320.59536043233794,321.55682373046875,26411000
2023-09-01,325.039690493004,325.7068137627579,320.5954255688949,322.4398498535156,14942000
2023-09-05,322.77339871686183,328.51268854222997,322.4398370951833,327.2372741699219,18553900
2023-09-06,327.0705236753987,328.13007064456224,323.9310742393436,326.5799865722656,17535800
2023-09-07,325.02005529596454,326.77615642313435,322.8028181923794,323.6661682128906,18381000
2023-09-08,323.8427514132207,329.79787848396427,323.2246699296337,327.9436340332031,19530100
2023-09-11,330.8574560496714,332.01514636855427,329.0817141298704,331.5442199707031,16583300
2023-09-12,329.4643042616368,330.4159473154807,325.20644635330586,325.4909362792969,17565500
2023-09-13,325.0396659724569,330.4748250083912,324.90233116375424,329.69976806640625,16544400
2023-09-14,332.73132139955476,334.4089499611632,330.2001630423912,332.28985595703125,20267000
2023-09-15,330.54354630179284,331.01444277565355,323.4111174113431,323.9703369140625,37679800
2023-09-18,321.5960515105036,324.1468499483667,320.18330252768726,322.83221435546875,16834200
2023-09-19,319.9969783891352,323.15603844559445,318.36839165791633,322.4300231933594,16505900
2023-09-20,323.2737351610063,323.3522079151342,314.4440682913458,314.6991271972656,21436500
2023-09-21,313.21772575271143,319.1924634099481,309.0383405191742,313.48260498046875,35560400
2023-09-22,315.23874198409163,315.36628640951005,310.16657563325697,311.01031494140625,21447900
2023-09-25,310.59824108043864,311.65781785899316,309.0383368775715,311.5302734375,17836000
2023-09-26,309.1658848784398,309.9016904509528,304.15258067558153,306.23248291015625,26297600
2023-09-27,306.3894620209308,308.35161042949267,303.82887271896175,306.8702087402344,19410100
2023-09-28,305.10423119085175,309.5092743516403,303.5933986019012,307.7041015625,19683600
2023-09-29,311.73631826659,313.42376704064515,309.0187535875625,309.774169921875,24147300
2023-10-02,310.294137124608,315.7979787841784,309.21494955018176,315.70965576171875,20570000
2023-10-03,314.75796442808075,315.3073934236735,305.3200371531252,307.45880126953125,21033500
2023-10-04,308.0867125300766,313.9829777218184,308.0572815033295,312.92340087890625,20720100
2023-10-05,313.05091668193415,313.92408696226687,308.94021399543317,313.3157958984375,16965600
2023-10-06,310.55901920701876,322.9598111936179,310.3137506624104,321.06634521484375,25673600
2023-10-09,318.6038277713841,324.04877728616253,317.063534182084,323.577880859375,19891200
2023-10-10,324.69629510828605,324.8336598616772,321.4685826836827,322.1749572753906,20557100
2023-10-11,324.9415104974041,326.52105520300006,322.910710075927,326.1286315917969,20063200
2023-10-12,324.31365647453015,327.3157406777027,322.49866349078104,324.8924865722656,19313100
2023-10-13,326.08945496838265,327.5119946274533,320.1833689854534,321.5274658203125,21072400
2023-10-16,324.78457872571454,329.7782723940854,324.34311333126567,326.3445129394531,22158000
2023-10-17,323.3522581029233,327.1490106557738,321.2135234259186,325.7755126953125,18338500
2023-10-18,326.1973269355328,329.2386627175147,322.0866239478229,323.86236572265625,23153600
2023-10-19,325.86377789501114,330.5042694735543,324.6472555112947,325.04949951171875,25052100
2023-10-20,325.441961975503,325.638188807879,319.2906370066579,320.487548828125,25027700
2023-10-23,319.31019990102027,326.4328077015871,318.25065300887303,323.08734130859375,24374700
2023-10-24,325.02983032476106,325.55961871050516,321.39987419726737,324.2744140625,31153600
2023-10-25,338.4901826566504,339.64787287454516,331.2302401447983,334.2225341796875,55053800
2023-10-26,334.0949997460641,335.1643669777935,320.75238530520863,321.6844177246094,37828500
2023-10-27,324.1763153652428,330.3472799837888,322.1847360926127,323.56805419921875,29856500
2023-10-30,327.09993377177346,333.02562998161824,325.54981985866505,330.9261169433594,22828100
2023-10-31,332.4369526667647,332.5841077884047,328.3556809665902,331.7109375,20265300
2023-11-01,333.35915052507676,340.84475010797416,333.2217857907102,339.5202941894531,28158800
2023-11-02,340.6682366905793,342.22814126380564,338.24498192688526,341.7278137207031,24348100
2023-11-03,343.0129972120425,347.68292025544054,340.75650845728677,346.12298583984375,23637700
2023-11-06,346.7606838240873,350.7732736613575,346.66257041725754,349.7823791503906,23828300
2023-11-07,352.59810729380996,355.60019234057427,350.8616165126462,353.70672607421875,25833900
2023-11-08,354.83491988562287,356.9834748418886,353.72630121668095,356.326171875,26767800
2023-11-09,355.44316251543404,357.8860575764988,353.53987621597344,353.8636474609375,24847300
2023-11-10,354.64849649105355,363.09556076737016,354.236462100994,362.6737060546875,28042100
2023-11-13,361.2511581241037,361.49642668428953,358.97505869997684,359.74029541015625,19986500
2023-11-14,363.98834436046604,364.9105564931209,360.39760923672634,363.2623291015625,27683900
2023-11-15,364.99254154145893,366.81121863639925,360.89314538692616,363.4098205566406,26860100
2023-11-16,364.6779510555463,369.97668823321743,363.9111612043172,369.79974365234375,27182300
2023-11-17,367.2830363259732,368.03017560302834,360.7849886688486,363.58673095703125,40157000
2023-11-20,364.9334895781409,372.4539328697612,364.7172140193924,371.04815673828125,52465100
2023-11-21,369.30817317536815,369.8488471174716,364.8352078331243,366.752197265625,28423100
2023-11-22,371.5987172360064,373.35841268345206,368.62003030581224,371.4512634277344,23345300
2023-11-24,370.9400785666633,371.56925486439644,368.7871927998492,371.03839111328125,10176600
2023-11-27,370.39936783626126,374.1940157538783,369.8292031236525,372.1983642578125,22179200
2023-11-28,371.9427759977799,376.51402381152496,371.7559911838167,376.2191162109375,20453100
2023-11-29,377.2611808001932,377.792014506202,371.0482003824139,372.434326171875,28963400
2023-11-30,372.0804159794598,373.6533266294802,369.1115692531181,372.4933166503906,30554400
2023-12-01,370.37974391455106,371.75602952719976,365.0220252786822,368.1678466796875,33040500
2023-12-04,362.84940189862635,363.26227251698964,356.7543851446723,362.88873291015625,32063300
2023-12-05,360.24430304947185,366.76200100247496,359.4283420231669,366.21148681640625,23065000
2023-12-06,367.2142547508921,367.8434010010659,361.7975548433351,362.55450439453125,21182100
2023-12-07,361.99418225567007,365.15965403682253,360.11652374565716,364.6681213378906,23118900
2023-12-08,362.94776032697274,368.11866396815253,361.99418568198814,367.892578125,20154400
2023-12-11,362.2399548445349,365.30711413857625,359.90025435719485,365.0121765136719,27708800
2023-12-12,364.56981930802976,368.07937007976545,364.1864093914376,368.0400390625,24838300
2023-12-13,369.65226441534134,371.2448556652715,364.49117073712733,368.03021240234375,30955500
2023-12-14,366.98812028305656,367.43051168709843,357.9635876470979,359.73309326171875,43277500
2023-12-15,360.6375145457429,366.09351500946013,360.0771601195224,364.4518127441406,78502300
2023-12-18,363.1935335888459,366.6834038503824,362.43655401042764,366.3393249511719,21802900
2023-12-19,365.1988896829185,366.9389343261719,363.5768380669395,366.9389343261719,20603700
2023-12-20,368.64948928220537,369.6620453460696,364.2551861699306,364.3436584472656,26316700
2023-12-21,366.25081857048275,368.06949543921024,363.77350472816454,367.2142333984375,17708000
2023-12-22,367.3518499751321,368.8264479888416,366.39827539290235,368.2366027832031,17107500
2023-12-26,368.649515727109,370.5566649551992,367.1749176642006,368.3152770996094,12673100
2023-12-27,367.3617208659254,368.7085156973093,366.4966184922779,367.73529052734375,14905400
2023-12-28,369.01324645392424,370.0847841167637,367.82374574574834,368.9247741699219,14327000
2023-12-29,369.6326050173838,370.77296452657316,367.1552909116957,369.67193603515625,18730800
2024-01-02,367.5288028618132,369.5342646061022,360.55887302589025,364.5894470214844,25258600
2024-01-03,362.760965291212,366.93899315410624,362.26943260145976,364.32403564453125,23083500
2024-01-04,364.3928244536736,366.78166590955874,360.95209593669983,361.70904541015625,20901500
2024-01-05,362.72167998133955,365.7593487866836,360.29350698796526,361.5223388671875,21004600
2024-01-08,363.0460204620728,368.84613000704053,362.7609531121448,368.3447570800781,23134000
2024-01-09,365.71016152546855,369.62274253642516,364.9040407138779,369.4261474609375,20830000
2024-01-10,369.99632077317983,377.6642489138574,369.94717950336036,376.2879333496094,25514200
2024-01-11,379.4632498955057,384.063988833949,373.9384270676175,378.116455078125,27850800
2024-01-12,378.9618424711607,382.0978232574525,378.13607119839037,381.8913879394531,21661200
2024-01-16,386.9934944812975,387.3572238467636,381.05577159415725,383.660888671875,27202300
2024-01-17,381.4097233605343,383.50362745457204,378.29339285307435,382.8744812011719,22234100
2024-01-18,385.0863666336801,387.317914215752,383.51345604684644,387.199951171875,23392100
2024-01-19,389.05794692680297,391.9186706542969,386.83620966747424,391.9186706542969,29331100
2024-01-22,393.24576581207174,393.83561098518595,386.9246632087036,389.79522705078125,27016900
2024-01-23,389.0480951568549,392.61662702057765,387.25890909833606,392.1447448730469,20525900
2024-01-24,394.7400819620146,398.7608157750505,393.66854429552797,395.7427978515625,24867000
2024-01-25,397.4729979213706,400.11744616888006,395.71330250742477,398.013671875,21021200
2024-01-26,397.52215078520555,399.291686504724,395.6150015101639,397.089599609375,17803300
2024-01-29,399.1835322269837,403.03716177894273,397.48281829193445,402.78155517578125,24510200
2024-01-30,405.278609585894,406.05520976282435,399.5670011919997,401.6707458496094,33477600
2024-01-31,400.0682334385884,408.2866746871425,390.4833470666394,390.8470764160156,47871100
2024-02-01,395.02514917701313,401.0906757831929,394.9956584155895,396.942138671875,30657700
2024-02-02,396.9715862290421,405.66187965844676,396.7258199103346,404.256103515625,28256700
2024-02-05,402.9584843152066,404.197156266753,397.1485644483077,398.78045654296875,25352300
2024-02-06,399.0065788415849,401.06118187336995,396.0868734804641,398.6231689453125,18382600
2024-02-07,400.54016025565755,407.28397435246177,400.5008292402968,407.0382080078125,22340500
2024-02-08,407.03818644922006,408.5226246925269,405.5439379531735,407.09716796875,21225300
2024-02-09,408.217866487787,413.69354741786265,408.06057243943894,413.4281005859375,22032800
2024-02-12,413.43795646301396,413.6149010238027,407.7263492449608,408.22772216796875,21202900
2024-02-13,398.08248245796057,403.1256124684785,396.55874317637694,399.4391174316406,27824900
2024-02-14,401.90137863544226,403.6446114435303,398.4542867149953,403.2998962402344,20401200
2024-02-15,401.9703171422234,402.94534207042653,398.17851011795324,400.4141845703125,21825500
2024-02-16,401.7930043986709,402.11803273676423,397.3413424619827,397.95196533203125,22296500
2024-02-20,397.1443513475326,398.3754555316585,391.99343067715284,396.701171875,24307900
2024-02-21,394.12080761512743,396.2087556364425,391.2153895315718,396.10040283203125,18518900
2024-02-22,403.98929433440406,406.5893706886108,402.393788153555,405.4272155761719,27009900
2024-02-23,409.38646893086735,409.5735691126935,402.7877385663373,404.13702392578125,16295900
2024-02-26,405.24008986741234,405.92952022656453,401.2020621700657,401.3793640136719,16193500
2024-02-27,401.82255205730473,402.14758039730725,397.74515057992284,401.3202819824219,14835800
2024-02-28,402.0096479981962,403.11271245725675,399.1928962585418,401.5566101074219,13183100
2024-02-29,402.46275960420144,407.9387088030321,399.7838756031993,407.3871765136719,31947300
2024-03-01,405.0529573414313,409.58342668223145,404.66886847100426,409.2190246582031,17823400
2024-03-04,407.1901585103068,411.04105586312363,406.08709401097116,408.6477966308594,17596000
2024-03-05,407.70225951365865,407.98788407033936,394.5836375385052,396.563232421875,26919200
2024-03-06,396.87842085481464,399.03531766594347,392.36766860816914,396.01171875,22344100
2024-03-07,399.98083315410713,403.58550992875143,396.15948083378726,402.9552001953125,18718500
2024-03-08,401.793002594602,404.21583727335775,398.2178712291556,400.0793151855469,18002200
2024-03-11,397.65650787745375,399.5474670630361,395.19429952187465,398.4049987792969,16120800
2024-03-12,401.4581099515854,409.28794389731524,400.64067006988586,409.0023193359375,22457000
2024-03-13,411.7797232101297,411.85850065118984,405.2302551257752,408.8250732421875,17115900
2024-03-14,413.8873540190868,421.3527863664109,411.6713665638625,418.7920837402344,34157300
2024-03-15,412.9517016392755,416.21166275541714,406.5499605866558,410.1250915527344,45079900
2024-03-18,407.98787589557446,414.3699300128756,407.5249795776433,411.011474609375,20106000
2024-03-19,411.5137738248201,415.295752126201,409.2682411150174,415.0396728515625,19837900
2024-03-20,415.6207267192323,419.5208559286198,414.3009867861631,418.8019104003906,17860100
2024-03-21,423.3323713938263,424.3074262893576,420.7027498405441,422.87933349609375,21296200
2024-03-22,423.2043902779049,423.36194516542855,419.62925888508494,422.2588806152344,17648500
2024-03-25,418.8117700116772,420.9489800236463,415.2366387798196,416.4677429199219,18060500
2024-03-26,419.1761300864183,419.5503905165624,414.9805480350016,415.2760009765625,16725600
2024-03-27,418.0238957387452,418.0337541903471,412.67598630724365,415.05938720703125,16705000
2024-03-28,414.5964697982947,415.4927172172239,412.78428811448583,414.360107421875,21871200
2024-04-01,417.5412936572551,421.42173632509054,415.8374347010724,418.15191650390625,16316000
2024-04-02,413.7593022671653,415.9950065592136,411.5236280313696,415.0692138671875,17912000
2024-04-03,413.38506009911544,416.86169679254687,412.75472038791173,414.09417724609375,16502300
2024-04-04,418.5655553413228,422.1899488258563,411.2577378896696,411.56304931640625,19370900
2024-04-05,413.6608680769513,420.0626098925823,411.99641280038685,419.0875549316406,16554800
2024-04-08,418.7428494922185,420.8209388461148,416.9010924581036,418.1716003417969,14272400
2024-04-09,419.9936750369666,421.2740114208572,415.246529885916,419.8360900878906,12496900
2024-04-10,415.80789248455,417.6200741918698,413.3555426286193,416.8617248535156,16216600
2024-04-11,419.3830615515219,422.87938564028696,415.9753433067959,421.4611511230469,17966400
2024-04-12,417.6397403424306,418.7526632511182,413.42444113170603,415.5222473144531,19253800
2024-04-15,420.15125672726765,420.36793227353456,407.1803293629701,407.3871765136719,20273500
2024-04-16,408.3030683339737,412.07515806913636,407.47576998606934,408.3128967285156,16765600
2024-04-17,410.9425718180864,412.5479364642673,404.127165910336,405.6143493652344,15855500
2024-04-18,404.4226257260466,405.66358827577534,397.8436126348303,398.15875244140625,21029900
2024-04-19,397.9224202787546,399.35051316442866,391.7570408652649,393.0866394042969,30565800
2024-04-22,394.0320711382099,396.7602169331123,389.7675399586122,394.8987731933594,20286900
2024-04-23,398.12925698523895,402.02941689941457,396.9671017838586,401.408935546875,15734500
2024-04-24,403.36884551178287,406.2348598310944,400.63087084430157,402.87640380859375,15065300
2024-04-25,388.0735680343126,393.8449998393028,382.16426819567243,393.0078430175781,40586500
2024-04-26,405.93933785210214,406.7567777157392,399.62623268322636,400.1777648925781,29694700
2024-04-29,399.1240229443633,400.177855462123,393.1556315696095,396.16937255859375,19582100
2024-04-30,395.4207954000411,396.0806804506466,383.2870557136592,383.4446105957031,28781400
2024-05-01,386.6750231640028,395.6473257764034,384.4098035661703,388.9698181152344,23562500
2024-05-02,391.6487169798458,393.88439136644655,388.6842084752251,391.82598876953125,17709400
2024-05-03,396.1988407447482,400.99521746175435,395.7851765465019,400.51263427734375,17446700
2024-05-06,402.58092459776026,407.67275464571117,400.22703898277103,407.2886657714844,16996600
2024-05-07,408.3917474588945,408.4016059107325,402.9059397986261,403.15216064453125,20018200
2024-05-08,401.99981584395204,405.9984394987751,400.5618646353196,404.333984375,11792300
2024-05-09,404.3635817483474,406.48107503136987,402.91580195884967,406.0871276855469,14689700
2024-05-10,406.6977419727187,409.1008598045123,405.5749605018169,408.47052001953125,13402300
2024-05-13,411.6911003868472,412.0259571204268,404.60978666771797,407.4659423828125,15440200
2024-05-14,405.7915915372278,411.17890419255156,405.3286952009842,410.2629699707031,15109300
2024-05-15,412.32514437118755,418.1563076849087,411.703543849402,417.43603515625,22239500
2024-05-16,416.1730322472247,419.7447655066684,414.74239380752215,415.37384033203125,17530100
2024-05-17,416.903243294278,417.2781788386251,412.4533979292135,414.60430908203125,15352200
2024-05-20,414.60426344888003,421.0767486617833,414.3871971108055,419.66583251953125,16272100
2024-05-21,421.1359581260157,427.1940633042462,419.1823911367933,423.3164978027344,21453300
2024-05-22,424.35250743086516,426.6415653807663,421.43200286988593,424.7767639160156,18073700
2024-05-23,427.1940398728344,427.8156402845708,419.74477138500487,421.3036804199219,17211700
2024-05-24,421.49115879915024,425.3095270127513,418.74824604311783,424.4215393066406,11855300
2024-05-28,423.8986700778892,425.07279769134385,420.9090919797955,424.5794677734375,15718000
2024-05-29,420.0112068053538,425.1911706830153,420.0112068053538,423.4447937011719,15517100
2024-05-30,418.639722265152,418.639722265152,408.7139275324575,409.1382141113281,28394500
2024-05-31,411.19045552886206,411.19045552886206,399.1137496856911,409.5920715332031,47995300
2024-06-03,409.98676649158153,410.8747543349761,403.4649593325196,408.0035705566406,17484700
2024-06-04,406.9280752908703,410.88459054146256,404.21476096620233,410.51953125,14348900
2024-06-05,412.23630472822083,418.42265047577604,410.7464388812518,418.3536071777344,16988000
2024-06-06,418.35360501475236,419.6362506295676,414.9693392305099,418.8567810058594,14861300
2024-06-07,420.51439617340435,420.5933157045514,417.3570729391347,418.19573974609375,13621700
2024-06-10,419.0344147777948,422.36929949498546,418.2352227759558,422.162109375,13982900
2024-06-11,419.8040264249776,427.04610581067664,419.57708382911113,426.907958984375,14551100
2024-06-12,429.51276024474697,437.48495834500466,427.47036718999846,435.1761779785156,22366200
2024-06-13,434.9689970884557,437.47512151645753,433.5087296834647,435.6892395019531,15960600
2024-06-14,432.43323683903066,437.22841891267086,430.89405002785384,436.666015625,13582000
2024-06-17,436.6857791496651,444.9243949145692,434.8407300488904,442.388671875,20790000
2024-06-18,443.71071948038815,444.1350060298183,438.95504267224476,440.38568115234375,17112500
2024-06-20,440.3462747944722,440.5732173975681,435.383377000911,439.7543029785156,19877400
2024-06-21,441.4118990346219,444.5691925636153,440.5535097623316,443.7798767089844,34187100
2024-06-24,443.7995580906483,446.71021649298933,440.45479708566984,441.697998046875,15913700
2024-06-25,442.27024120018433,445.3979659147229,440.7902515475345,444.9342346191406,16413400
2024-06-26,443.0102338094888,447.5488747436615,442.21104180989477,446.1280822753906,16507000
2024-06-27,446.14779313508967,450.0845859651154,445.74325902922413,446.8088684082031,14806300
2024-06-28,447.02593208902044,449.305113661538,440.45477465939115,440.9875793457031,28362300
2024-07-01,442.6747641221356,451.2685620568994,439.71478489170136,450.6371154785156,17662800
2024-07-02,447.1542284209129,453.4589688152071,447.06540254269134,453.1531066894531,13979800
2024-07-03,452.07763057164084,454.869864398923,451.7717684597979,454.6231994628906,9932800
2024-07-05,453.4787047518369,462.10213204110306,452.84725812540677,461.3226623535156,16000300
2024-07-08,460.3261258064599,461.4608086849496,458.26401040115894,460.020263671875,12962300
2024-07-09,460.77011087707854,461.09569535136285,451.89017298008986,453.4096374511719,17207200
2024-07-10,455.06725356597207,460.2373415030919,452.7387206812327,460.0301513671875,18196100
2024-07-11,456.8037581244286,458.57973369334036,445.5262138972975,448.63421630859375,23111200
2024-07-12,448.26913567933263,450.2720538778231,444.6382348256943,447.4995422363281,16324300
2024-07-15,447.25288415779397,451.1600787227488,445.40783511291056,447.9040832519531,14429400
2024-07-16,448.1606286695201,448.23954820722287,440.7014827721708,443.5233154296875,17175700
2024-07-17,436.68574615539535,438.9156068819966,433.3212327097638,437.60333251953125,21778000
2024-07-18,438.4124018485707,438.71826397070777,428.6050012530057,434.495361328125,20794800
2024-07-19,427.3223538949878,435.2551069043024,426.23702212212055,431.2788391113281,20940400
2024-07-22,435.89641421757136,438.6689256733767,433.05482935357276,437.03106689453125,15808800
2024-07-23,437.9782800404941,442.40840302613475,437.1889642431626,438.9156188964844,13107100
2024-07-24,434.5743138131604,435.5905721860423,421.88585333621705,423.1783752441406,26805800
2024-07-25,423.0797067418699,424.066366533815,411.94033937034624,412.8184509277344,29943800
2024-07-26,412.6211698751183,423.1981648909852,411.70355331162347,419.5968322753906,23583800
2024-07-29,425.8225986635412,426.38500194360023,419.0344049240428,421.0373229980469,15125800
2024-07-30,422.0141534919779,423.32639784774454,411.79234175836467,417.2781982421875,32687600
2024-07-31,414.89044707540063,416.1533704185598,406.7110288792971,412.7691345214844,42891400
2024-08-01,415.1765852410534,421.7575892383458,407.57929274476925,411.545654296875,30296400
2024-08-02,406.98728858808795,409.46381430513844,398.9460172931046,403.0406494140625,29437900
2024-08-05,383.9783949357412,395.6900415573509,380.43625987349014,389.87860107421875,40709200
2024-08-06,394.6639255499671,400.2582999432438,393.18393582915473,394.27911376953125,24946500
2024-08-07,403.18865539095805,404.6094177317887,392.16765271577526,393.1148376464844,20650900
2024-08-08,397.0713892387092,400.4457490366174,394.6047396336136,397.31805419921875,20203000
2024-08-09,398.6401637815713,402.60652539742165,396.8937867490897,400.6036071777344,19276700
2024-08-12,401.6297215819056,403.30705522680034,398.84733381774834,401.383056640625,16762900
2024-08-13,404.1259503092639,409.4144620555377,404.10622795467,408.48699951171875,19414300
2024-08-14,409.26643361174075,412.1474931990996,406.94780739323824,411.2989501953125,18267000
2024-08-15,414.9462891736181,416.2411406304339,412.8310473922666,416.1620788574219,20752100
2024-08-16,415.73709195319884,416.46852653153576,412.4752279591184,413.6317138671875,22775600
2024-08-19,414.11601787893187,416.87376862371895,411.64492262923585,416.65631103515625,15234000
2024-08-20,416.82438511571235,420.93626132598814,416.7650812391523,419.8885192871094,16387600
2024-08-21,419.1768414959673,421.4700252660244,416.8441419181339,419.2361755371094,16067300
2024-08-22,419.45355922894015,421.8554866317301,409.81628817687795,410.74542236328125,19361900
2024-08-23,412.15893602611095,414.41257372157986,407.32545916499066,411.97113037109375,18493800
2024-08-26,411.5560270388973,412.45550946116737,406.58418387561824,408.7093200683594,13152800
2024-08-27,408.0865565785304,409.5692137906275,405.5067475085558,409.05523681640625,13492900
2024-08-28,410.0832055301203,410.201813276276,402.60072184118246,405.8526916503906,14882700
2024-08-29,410.142500929111,417.17028122626607,405.85268326493673,408.3435363769531,17045200
2024-08-30,410.7948745382869,412.663006834999,407.36499317358016,412.31707763671875,24308300
2024-09-03,413.0781880012741,415.02541234976394,402.32397617802485,404.70611572265625,20313600
2024-09-04,401.2169427939581,406.4853049884444,399.6947395600007,404.17236328125,15135800
2024-09-05,402.90715723849786,408.32380920500026,401.43439403542544,403.66827392578125,14195500
2024-09-06,404.3305241544344,405.9021372589665,396.16601504088436,397.0556335449219,19609500
2024-09-09,402.5315288470681,403.9252302108811,397.5003824546475,401.02911376953125,15295100
2024-09-10,403.48044319629906,411.51641958523567,402.9862241478787,409.41107177734375,19594300
2024-09-11,410.6960329818373,419.0878628478116,404.8444661227044,418.14886474609375,19266900
2024-09-12,418.4157104817343,422.4287665702525,414.8968734205188,422.06304931640625,17395700
2024-09-13,420.9065970976519,426.83722589839596,420.5408798146308,425.611572265625,15874600
2024-09-16,425.62144023461013,428.51755654874484,423.26895279469,426.3528747558594,13834700
2024-09-17,435.14011791593873,436.7413828200211,427.2721288798558,430.11883544921875,18874200
2024-09-18,429.97062963783105,430.9887198071655,425.43370178624906,425.8290710449219,18898000
2024-09-19,436.1285918792357,436.3954593302787,431.84863763952944,433.6179504394531,21706600
2024-09-20,432.1649237095232,434.1615578880838,429.1996092968504,430.2374572753906,55167100
2024-09-23,429.2589197702658,431.41370770372646,425.4139110417271,428.4978332519531,15128900
2024-09-24,427.9937125983331,428.33967197864655,421.1734954974966,424.2080078125,17015800
2024-09-25,424.8603454388432,428.1123153119531,423.61493391499886,427.1139831542969,13396400
2024-09-26,430.0595370663028,430.2671006249204,424.1684543301705,426.3232421875,14492000
2024-09-27,426.5308226116947,426.85702409572957,422.52766014209345,423.0712890625,14896100
2024-09-30,423.25911892558076,425.4435890958682,420.451958019216,425.324951171875,16807300
2024-10-01,423.4963084590475,423.52596039492926,413.9677508658884,415.8260192871094,19092900
2024-10-02,417.6941904099043,417.9314360837514,411.89206315330637,412.3072204589844,16582300
2024-10-03,412.80142348929195,414.699207817815,409.50004373541833,411.7240295410156,13686400
2024-10-04,413.40436067339476,414.8969119270876,410.172178794162,411.24957275390625,19169700
2024-10-07,411.1902950616205,412.287446994849,404.27122759664127,404.80499267578125,20919800
2024-10-08,406.1492143378804,410.8541894054543,403.45079759655545,409.9151611328125,19229300
2024-10-09,411.0518548194861,415.51961434814075,409.5098937927917,412.63336181640625,14974300
2024-10-10,410.4292021904471,412.5246863355552,408.37323385448985,411.0321350097656,13848400
2024-10-11,411.32861915461314,412.3071631584289,408.47201874889953,411.50653076171875,14144900
2024-10-14,412.9397902420181,419.137316675548,412.692680707405,414.2939758300781,16653100
2024-10-15,417.2987890411578,417.59533856944756,410.45881429415135,413.8985595703125,18900200
2024-10-16,410.369900734698,411.5461144410461,405.7341231638779,411.30889892578125,15508900
2024-10-17,417.4767225011017,417.61511832115826,410.78500708577025,411.9019470214844,14820000
2024-10-18,412.31709084461266,414.79805000770625,411.447260474788,413.3252868652344,17145300
2024-10-21,411.3088916838687,414.1160525024568,408.96629801765454,413.9381408691406,14206100
2024-10-22,413.6514683614362,425.60168187753965,413.2066892964129,422.56719970703125,25482200
2024-10-23,425.87842845603865,426.09588604624633,417.64475229425324,419.6908264160156,19654400
2024-10-24,420.4123746810587,421.0548835944768,417.5162582126422,419.8193359375,13581600
2024-10-25,421.8258243694227,427.51920692415774,421.6380187300836,423.1997375488281,16899100
2024-10-28,426.669225694439,426.94598717649535,421.3711813975522,421.6578369140625,14882400
2024-10-29,423.05152881793293,428.16176733338216,420.87695281886124,426.95587158203125,17644100
2024-10-30,432.38237913794643,433.43012114532394,427.10412312962825,427.5291442871094,29749100
2024-10-31,410.5576940417458,411.348462734814,401.6024459753444,401.6518859863281,53971000
2024-11-01,404.28107436497436,410.6960279404989,402.78852319074196,405.6253356933594,24230400
2024-11-04,405.06193022116906,405.67478719502446,400.88085627166146,403.7374267578125,19672300
2024-11-05,403.6484884800003,410.102988488707,403.3618329661191,406.7027587890625,17626000
2024-11-06,407.65167048638625,415.58882753455555,405.77361389082967,415.3219299316406,26681800
2024-11-07,416.40921822256973,421.91482589939426,415.0254108601489,420.51123046875,19901800
2024-11-08,420.4025506464113,421.56890050557604,416.90347090417674,417.6546936035156,16891400
2024-11-11,417.6348679260246,419.89839969038087,411.1902621762221,413.1770324707031,24503300
2024-11-12,413.41424403977334,419.5326784209289,412.37639607879026,418.13897705078125,19401200
2024-11-13,416.7650676989441,424.366129168666,413.3747019871383,420.2839050292969,21502200
2024-11-14,420.086213638624,423.21957584577814,415.14402288993426,421.9543762207031,30246900
2024-11-15,414.9661225121513,417.91164897279026,408.85758182070697,410.20184326171875,28247600
2024-11-18,410.0733395128572,413.56252505276035,407.33537663624696,410.95306396484375,24727000
2024-11-19,408.33368112951007,413.1078544202765,406.79171998540573,412.9595947265625,18133500
2024-11-20,412.05020669970736,412.46536399512735,405.8329222910528,410.6861572265625,19191700
2024-11-21,415.4797975064388,415.7571129679985,406.35806834126146,408.913330078125,20780200
2024-11-22,407.4276728377604,413.39988374041405,407.1206461090675,413.00372314453125,24814600
2024-11-25,414.3705063731925,417.0446130867062,410.8743369468268,414.7765808105469,27691100
2024-11-26,415.5689336176803,424.92838338966095,414.83603494213827,423.888427734375,23458900
2024-11-27,421.03604952077916,423.1357584170694,417.9756653943907,418.9363708496094,18332400
2024-11-29,416.06412568619913,420.808229889217,413.7960631011275,419.4018249511719,16271900
2024-12-02,417.52999772728793,428.8504539576372,417.2724796995242,426.8498229980469,20207200
2024-12-03,425.72067515411175,428.32547569363487,423.6407942127541,427.0676574707031,18302000
2024-12-04,428.8801143248133,435.4564952904926,428.483953715763,433.2280578613281,26009400
2024-12-05,433.72326431540773,440.3986627358307,431.9900352112823,438.3782043457031,21697800
2024-12-06,438.0612738202398,441.82487523918803,437.5363542028089,439.3191223144531,18821000
2024-12-09,438.3583975889403,444.03346541962105,436.2785166631167,441.74560546875,19144400
2024-12-10,440.13129040416726,445.31115038441584,437.36801935702954,439.0814208984375,18469500
2024-12-11,439.7945337941877,446.0341772846715,439.7945337941877,444.68719482421875,19200200
2024-12-12,444.8059789125675,451.78843398650577,444.8059789125675,445.2516784667969,20834800
2024-12-13,444.14241275611795,447.10374865296643,441.3098056253416,442.9836120605469,20177800
2024-12-16,442.9836607244317,447.8466102847365,441.0127411892908,447.26226806640625,23598800
2024-12-17,446.68784735190707,450.9268296361061,445.2616448801094,450.1047668457031,22733500
2024-12-18,446.994861295181,448.31210217470453,432.83188469873346,433.1983642578125,24444500
2024-12-19,437.38780577162396,438.93285336164837,432.1386095010433,432.841796875,22963700
2024-12-20,428.9593493416428,439.48748337745457,424.5223020050907,432.4159240722656,64263700
2024-12-23,432.5545685943141,433.4558513948008,428.6820357713906,431.078857421875,19152500
2024-12-24,430.4845477379295,435.3871217541817,430.0289645876171,435.11968994140625,7164500
2024-12-26,434.8721433787049,436.71433412405435,432.4456406431818,433.91143798828125,8194200
2024-12-27,430.4350863105853,431.04913980352325,422.2641488688207,426.4040832519531,18117700
2024-12-30,421.9769208859116,423.45263204127576,417.8567839421245,420.7586975097656,13158700
2024-12-31,422.016524265212,422.64049156656444,416.6286554798762,417.4606018066406,13246500
2025-01-02,421.45201157982797,421.9868450538027,410.8743686174563,414.568603515625,16896500
2025-01-03,417.0446425061394,419.9663838035234,415.5194225803269,419.29290771484375,16662900
2025-01-06,423.8983428352595,430.15778356293015,421.4025036603563,423.7497863769531,20573600
2025-01-07,424.88876369017254,426.52294519780327,416.7673346717813,418.3222961425781,18139100
2025-01-08,419.4018380991605,422.87821031177674,417.5002550030301,420.4913024902344,15054600
2025-01-10,420.5605868581897,420.6398068835906,411.0426680414125,414.9350280761719,20201100
2025-01-13,411.2606004893305,414.48936844362913,408.3388895039501,413.1919250488281,17604800
2025-01-14,413.80596878606093,415.7174656234234,406.783918522941,411.6864929199219,16935900
2025-01-15,415.11333355996726,424.04688082339095,414.2615595275802,422.2245178222656,19637800
2025-01-16,424.5916197701724,425.3740271428382,420.3229265289763,420.5110778808594,15300000
2025-01-17,429.9300246513417,430.3163017110107,424.0667741273239,424.91851806640625,26197500
2025-01-21,426.0772445238866,426.7705180269004,421.52132200002626,424.3935241699219,26085700
2025-01-22,433.3667651987781,442.98370369972395,431.8217174351392,441.9239807128906,27803800
2025-01-23,437.7641319289048,442.46861072225846,437.26892363486763,442.4289855957031,18389300
2025-01-24,440.89387719602587,442.3695883246394,437.169900939795,439.8044128417969,15549500
2025-01-27,419.9465634582157,431.0293279263355,419.4414413066827,430.39544677734375,35647800
2025-01-28,430.43508134605355,444.08302154903276,427.24593852989443,442.9143371582031,23491700
2025-01-29,442.40923592540474,442.5974175154718,436.17950645057016,438.09100341796875,23581400
2025-01-30,414.75677425796516,418.8075747745586,409.20055129765046,411.01300048828125,54586300
2025-01-31,414.964783031506,416.6583870568431,410.933779971825,411.08233642578125,34161900
2025-02-03,407.6555012178145,411.42898625512174,404.7436738342851,406.9820251464844,25679100
2025-02-04,408.73506192939664,409.9532853263689,405.81332063447735,408.4181213378906,20532100
2025-02-05,408.39829064688985,409.8640878693508,406.46696618877354,409.32928466796875,16316700
2025-02-06,410.0324869601977,414.19224891795665,410.0324869601977,411.8350524902344,16309800
2025-02-07,412.48872643025265,414.63791357819275,404.1890302854019,405.8232116699219,22886800
2025-02-10,409.74527293691693,411.47850211303046,406.9820321839411,408.2695617675781,20817900
2025-02-11,405.714301867279,408.5369652151938,405.3775335991668,407.4970397949219,18140600
2025-02-12,403.30757666205,406.81366024932584,400.49479685605615,405.12005615234375,19121700
2025-02-13,403.0995685212682,407.0612350423618,402.46568736983716,406.60565185546875,23891700
2025-02-14,403.8820181953633,404.99128001840967,401.99031874797896,404.515869140625,22758500
2025-02-18,404.08999660584703,406.66508596257455,402.60437161832556,405.71429443359375,21423100
2025-02-19,403.97114994678657,411.5082061808428,403.7433432351679,410.79510498046875,24114200
2025-02-20,412.1348608394034,416.1243081620841,409.4057538443196,412.9684753417969,23508700
2025-02-21,414.16928284227896,414.8738801834256,404.79109677447474,405.108642578125,27524800
2025-02-24,405.40640963245147,406.25986136038705,396.28622700480537,400.9306640625,26443700
2025-02-25,398.05265327493277,398.8664306026397,393.6860882830661,394.876953125,29387400
2025-02-26,394.9861207223364,400.53364695077397,391.25467770642615,396.69305419921875,19619000
2025-02-27,398.22134834414993,402.657388820498,389.1905096396701,389.5477600097656,21127400
2025-02-28,389.67681744038765,394.60905968634097,383.63308910279267,393.9739074707031,32845700
2025-03-03,395.7899873220531,395.7899873220531,383.2261675615013,385.5384521484375,23007700
2025-03-04,380.487153157592,389.5974018138781,378.10539295987144,385.6575622558594,29342900
2025-03-05,386.3820118850688,398.61835249883035,385.85603973587394,397.9732666015625,23433100
2025-03-06,391.28447789138556,399.09468114787944,389.6966277473878,393.8746643066406,23304600
2025-03-07,389.33936956128906,391.80050846371955,382.61088158953936,390.32183837890625,22034100
2025-03-10,382.90859827837613,383.4643412864511,374.3540930979484,377.2717590332031,32840100
2025-03-11,376.1205440687611,383.0673615053873,374.04642649696916,377.5595397949219,30380200
2025-03-12,380.0405779726452,382.2933209136247,376.0709676751301,380.3581237792969,24253600
2025-03-13,380.2489652043101,382.3925583494832,374.58235511618193,375.8923034667969,20473000
2025-03-14,376.8946174814204,387.2652356448431,376.62667971124,385.60791015625,19952800
2025-03-17,383.7620820869245,389.7264008785539,382.6406623483486,385.74688720703125,22474300
2025-03-18,384.1292790671939,384.4269877309022,378.2046343736099,380.6062316894531,19486900
2025-03-19,382.60095534567967,386.719419886704,381.0825806498319,384.8735656738281,19185500
2025-03-20,382.80932167745146,388.81337483302246,380.36802006472885,383.9009704589844,18470500
2025-03-21,380.3085198055768,388.76377892625936,379.8916973941909,388.2874450683594,39675900
2025-03-24,392.3959786933822,392.3959786933822,386.84845184017416,390.0935974121094,21004500
2025-03-25,390.9272368910712,393.34867131877104,389.65696280253144,392.1578063964844,15775000
2025-03-26,391.99904730878035,392.30668970786087,385.61790552875834,387.00726318359375,16108400
2025-03-27,387.1660163642304,389.259971232933,384.4567464670721,387.6125793457031,13766800
2025-03-28,385.1315521729189,386.1735929782764,374.06627026028934,375.92205810546875,21632000
2025-03-31,369.7096714477169,374.2052539943911,364.44991951956155,372.53802490234375,35184700
2025-04-01,371.80362246362756,379.9413357760227,370.3944277527412,379.2863464355469,19689500
2025-04-02,375.0983928958324,382.1543604865691,373.7586433966847,379.2367248535156,16092600
2025-04-03,371.9425583652147,374.61212363444304,366.54388609690864,370.2752990722656,30198000
2025-04-04,361.36358655898334,371.74410993496775,356.7489202327306,357.1061706542969,49209900
2025-04-07,348.2142236601539,368.1813588125757,342.17049555544185,355.14117431640625,50425000
2025-04-08,365.46216834014683,370.8112022714622,347.5889889390993,351.8662414550781,35868900
2025-04-09,350.85399906862426,390.24245792204835,350.41733953240174,387.52325439453125,50199700
2025-04-10,379.1572950457799,380.983312003396,365.00562576710445,378.45269775390625,38024400
2025-04-11,377.74814777589194,387.08662977771354,376.01144319106686,385.4988098144531,23839200
2025-04-14,390.23251818413166,391.6516465120973,381.2909618319917,384.8636169433594,19251200
2025-04-15,385.5583162962043,388.9126416904877,381.24135923720473,382.7994384765625,17199900
2025-04-16,377.7779079921512,378.71073856569086,365.2041538267982,368.7867126464844,21967800
2025-04-17,370.9104537724408,371.4761304955969,364.10258680355696,364.9858093261719,21120200
2025-04-21,360.0635031391147,361.71089501866106,352.9678309109542,356.3916015625,20807300
2025-04-22,360.6192443688487,364.9758758256959,357.12596800122816,364.0331115722656,19485000
2025-04-23,373.20291916052497,377.50003937654276,370.18600677791767,371.5456237792969,20545500
2025-04-24,372.84566753938213,385.49880064204365,372.33953252384407,384.3575134277344,22232300
2025-04-25,384.05979677325973,389.1805976978566,381.67803664886475,388.8729553222656,18973200
2025-04-28,388.9820812843996,389.75615403464093,383.70252292195136,388.18817138671875,16579400
2025-04-29,388.3270916828822,392.0982394081848,387.41409832984397,391.0462951660156,14974000
2025-04-30,387.3347110069874,393.6464071015826,381.5192464831796,392.2570495605469,36461100
2025-05-01,427.8346706730253,433.6700028111626,421.67185900235836,422.1680603027344,58938100
2025-05-02,428.4598783453456,436.1013902925972,426.7231738378541,431.9729919433594,30757400
2025-05-05,429.58128511716615,436.1609188409604,428.827049490993,432.8562316894531,20136100
2025-05-06,428.91639204817295,434.4043769104007,427.8942186382879,430.0179443359375,15104200
2025-05-07,430.5439458113932,434.7914277818458,427.83467577616403,430.05767822265625,23295300
2025-05-08,434.60283673184324,440.29924790125443,432.3500938706748,434.8410339355469,23491300
2025-05-09,436.65712990925,437.3914981181206,432.5684361749063,435.39678955078125,15324200
2025-05-12,442.551987565255,445.9559209816134,436.43878433354007,445.8467712402344,22821900
2025-05-13,444.37803887168343,447.24609694771215,441.9764112331301,445.72772216796875,23618800
2025-05-14,444.73528972695,450.45150777480933,444.73528972695,449.4988098144531,19902800
2025-05-15,448.16655392379437,453.55526390744575,447.82852124457236,450.512939453125,21992300
2025-05-16,449.43915228561843,451.73580834700897,446.1383501578063,451.6463317871094,23849800
2025-05-19,448.27591363294266,456.9355998797858,448.1963586877965,456.2197570800781,21336500
2025-05-20,452.9587181303489,455.69283539558984,451.69606398891386,455.5238342285156,15441800
2025-05-21,451.94462570262056,455.1360777634671,449.20055644956204,449.9561767578125,19216900
2025-05-22,452.32241705541014,457.5917944035942,451.27846319798533,452.23291015625,18025600
2025-05-23,447.3811293692874,451.06969358680703,446.3173019248347,447.5799560546875,16883500
2025-05-27,453.8435898996704,458.2877744248074,453.48565331857327,458.0292663574219,20974300
2025-05-28,458.55619745791415,459.84867709346275,454.2909661144885,454.7184753417969,17086300
2025-05-29,458.884303233251,459.05333474747385,452.68035209769624,456.0308837890625,13974800
2025-05-30,457.064883978579,459.01355548435544,452.909032890277,457.701171875,34770500
2025-06-02,454.49978904014216,459.44105553120437,454.2512329224997,459.3018798828125,16626500
2025-06-03,458.8047449110186,461.4593374660713,458.19825223653834,460.29608154296875,15743800
2025-06-04,461.3201414833542,463.00038321907994,460.3457906064832,461.1908874511719,14162700
2025-06-05,462.2745901279283,466.93750520910584,461.3499686746429,464.9788818359375,20131700
2025-06-06,467.37496597576217,470.6061954238558,466.0725343793748,467.6632995605469,15285600
2025-06-09,466.98725027602023,470.69568816704816,465.9134708467471,470.0196228027344,16469900
2025-06-10,468.4686249933991,470.06931180763127,464.26304461137784,468.2001953125,15375900
2025-06-11,467.30536072753216,472.72389606625393,466.9474544926898,469.8903503417969,16399200
2025-06-12,472.2764779222473,477.6453141185156,470.7851412769109,476.104248046875,18950600
2025-06-13,473.6584649544854,476.4124557062983,470.0295518485209,472.2168273925781,16814500
2025-06-16,472.46541635312803,477.9137775383536,472.2566377036087,476.37274169921875,15626100
2025-06-17,472.65431603696555,475.97502218951,471.34193242947174,475.2790832519531,15414100
2025-06-18,475.2392860574369,478.2219594008936,471.71972301658775,477.4663391113281,17526500
2025-06-20,479.4448516392065,480.6677282539423,474.11579298541653,474.6427307128906,37576200
2025-06-23,475.44806772339973,484.932977511559,469.7810065395394,483.1930847167969,24864000
2025-06-24,486.1260537385937,489.009298556199,483.9884469122188,487.2793273925781,22305600
2025-06-25,489.1982276680394,491.7036624656625,486.56353883181055,489.4268798828125,17495100
2025-06-26,490.13278082199906,495.1635541172166,489.9637493151316,494.57696533203125,21578900
2025-06-27,494.6763704185467,496.4162632322767,490.1824867596744,493.07568359375,34539200
2025-06-30,494.16931223084276,497.86782827206525,492.4691666337086,494.53717041015625,28369000
2025-07-01,493.60258452282886,495.1734457101395,488.1443023264632,489.2080993652344,19945400
2025-07-02,487.1600396387865,490.6497772469701,485.87751191483574,488.2536926269531,16319600
2025-07-03,490.9580057562307,497.2415119784696,490.59014753996934,495.9589538574219,13984800
2025-07-07,494.50736527479916,495.8694479262707,492.36978876052433,494.84539794921875,13981600
2025-07-08,494.36815380384166,495.3226311177228,491.25622643335066,493.7517395019531,11846600
2025-07-09,497.4105072423231,503.8530929514779,496.85374394735805,500.60198974609375,18659500
2025-07-10,500.14458849842043,501.52657502305914,494.87521114411277,498.58367919921875,16492100
2025-07-11,495.59106078877636,502.1131707269345,494.9249170598048,500.4130554199219,16459500
2025-07-14,498.6234399223271,501.05930198422453,498.1362796464767,500.1147766113281,12058800
2025-07-15,500.11477392946824,505.36427783294863,499.88612172349406,502.89862060546875,14927200
2025-07-16,502.2623373664546,503.7934516278089,498.9913605307617,502.6997985839844,15154400
2025-07-17,502.75940886082554,510.40499725185873,502.6997578215743,508.7446594238281,17503100
2025-07-18,511.5085634207008,511.66767331118785,504.4992933518648,507.1041564941406,21209700
2025-07-21,503.7834776665751,509.1324405638626,502.6301736290422,507.1141357421875,14066800
2025-07-22,508.01886761548803,508.2475501614973,502.3517761230469,502.3517761230469,13868600
2025-07-23,503.8232255681408,503.8630030405687,497.80817995491657,502.94830322265625,16396600
2025-07-24,505.83158338819493,510.703277326071,504.37007217269974,507.9294128417969,16107000
2025-07-25,509.51018319793565,515.2965768746373,507.41238413754473,510.7430725097656,19125700
2025-07-28,511.1109000989904,512.0255695622142,507.1737496018482,509.5400085449219,14308000
2025-07-29,512.5525452747698,514.6304403339567,508.6054427654301,509.609619140625,16469200
2025-07-30,512.1946027794743,512.9701269930791,506.49771598970693,510.2757568359375,26380400
2025-07-31,552.0232408256204,552.2420017670738,528.8280273057109,530.4187622070312,51617300
2025-08-01,531.9100652869249,532.7054326872741,517.8517174087783,521.0829467773438,28977600
2025-08-04,525.2188973499576,535.1412365772,525.0796913822776,532.5463256835938,25349000
2025-08-05,534.0774948252555,534.196796907337,524.1949011418618,524.7019653320312,19171600
2025-08-06,527.8338028961505,528.6291703469228,521.0034855448089,521.908203125,21355700
2025-08-07,523.7573865594029,525.0399748350125,514.56081112672,517.8318481445312,16079100
2025-08-08,519.5817267008259,521.629826851029,516.4101479520375,519.0249633789062,15531000
2025-08-11,519.2834381856256,524.5429245664681,516.7183220142601,518.7565307617188,20194400
2025-08-12,520.7250669698358,527.9132904806338,519.6811434112465,526.183349609375,18667000
2025-08-13,529.0367402367135,529.6233593434064,516.3703308668756,517.5733642578125,19619200
2025-08-14,519.5418962511537,522.9123315064297,517.1358902118243,519.4623413085938,20269100
2025-08-15,519.7507304052322,523.0614541020369,516.0820397908819,517.1657104492188,25213300
2025-08-18,518.5775833311014,519.8004600468895,511.05129658888984,514.1134643554688,23760600
2025-08-19,512.0255798217245,512.1846290296555,505.61282013208876,506.8257751464844,21481000
2025-08-20,506.9251890021903,508.0486674266492,501.5265578024503,502.7991638183594,27723000
2025-08-21,501.6041452591809,505.5278315490841,500.6381609615915,502.15185546875,18443300
2025-08-22,502.1618461633245,508.6150227226763,500.32946944945456,505.1295166015625,24324200
2025-08-25,504.5319946732823,506.0855321115255,502.0323791323648,502.17181396484375,21638600
2025-08-26,502.2713680297872,502.88882606141556,496.4456179190968,499.96099853515625,30835700
2025-08-27,499.9211487290224,505.1892506185915,497.82983904056124,504.6415100097656,17277900
2025-08-28,504.9900522378754,508.9734875719172,503.4066403395377,507.5295104980469,18015600
2025-08-29,506.5535790393771,507.4896888132377,502.40083415821226,504.59173583984375,20961600
2025-09-02,498.3974910813857,503.90458943006223,494.75264396148896,503.0282287597656,18128000
2025-09-03,501.70375627159575,505.68719181229375,500.2398424947412,503.2572937011719,16345100
2025-09-04,502.2116394820944,506.04570238922344,501.0664078062513,505.866455078125,15509500
2025-09-05,506.9619070760115,509.8498918622262,490.3310509759443,492.9501647949219,31994800
2025-09-08,496.04724781279185,499.1244784694731,492.9800158612091,496.13690185546875,16771000
2025-09-09,499.3535217605099,500.17013335375145,495.6389875077243,496.3460388183594,14410500
2025-09-10,500.8971201283455,501.1460848531792,494.6630336933239,498.29791259765625,21611800
2025-09-11,500.17012751524385,501.08633106619584,495.8182290284252,498.9352722167969,18881600
2025-09-12,504.55191069082485,510.42747218178897,501.7635178992086,507.7884521484375,23624900
2025-09-15,506.68306017742736,513.3353599697668,504.9004642300766,513.225830078125,17143800
2025-09-16,514.7395367165727,515.0880630075219,506.4938265025834,506.9320068359375,19711900
2025-09-17,508.5054498653079,509.1726886784055,503.8348693472275,507.9079284667969,15816600
2025-09-18,509.37184097126715,510.9453149965379,505.55771489166153,506.3444519042969,18913700
2025-09-19,508.44568153944795,517.1494779837726,508.1967168320822,515.78515625,52474100
2025-09-22,513.4548737162081,515.5959337012963,510.4174557013089,512.319580078125,20009300
2025-09-23,511.67229848312854,512.4590659268906,505.2091838485409,507.1212463378906,19799600
2025-09-24,508.26644250853604,510.35772177145367,504.82077941210207,508.0373840332031,13533700
2025-09-25,506.1950582100621,507.89799878212006,502.94857891661616,504.9303283691406,15786500
2025-09-26,507.94778361103766,511.8117209714621,504.52202659403474,509.34197998046875,16213100
2025-09-29,509.3817950243417,514.7096154882738,506.77264973451184,512.4689331054688,17617800
2025-09-30,511.11459757878936,516.0142062084105,507.54943619028296,515.8051147460938,19728200
2025-10-01,512.6681599915194,518.3545363078492,509.5710533372991,517.557861328125,22632300
2025-10-02,515.496404228155,519.439966484546,508.5652045551738,513.604248046875,21222900
2025-10-03,514.9585548343116,518.3345307125708,512.8672756929882,515.20751953125,15112300
2025-10-06,516.4623876768178,528.8309994124726,516.0541122577388,526.3811645507812,21388600
2025-10-07,526.1022689962125,527.6060256392368,519.2806599401652,521.8101196289062,14615200
2025-10-08,521.1130687043808,524.7678538085896,520.923853084141,522.676513671875,13363400
2025-10-09,520.1769452354545,522.158694647609,515.2574000210162,520.2366943359375,18343600
2025-10-10,517.4881335274953,521.4118200258811,507.5195762105422,508.84405517578125,24133800
2025-10-13,514.2714464494894,514.2714464494894,509.56105349845876,511.9212341308594,14284200
2025-10-14,508.11707238992415,513.1461778212379,503.9045785101632,511.4432373046875,14684300
2025-10-15,512.8274957075639,515.0482414945574,507.888013925759,511.3038024902344,14694700
2025-10-16,510.4573477017149,514.7096236704256,506.02576365101777,509.4913330078125,15559600
2025-10-17,506.93203901166436,513.3453425707617,505.2091921192977,511.4532470703125,19867800
2025-10-20,512.4788764440519,516.5519656323323,511.30377036778043,514.6498413085938,14665600
2025-10-21,515.3569857054445,516.5420602391357,510.91543308707116,515.5162963867188,15586200
2025-10-22,518.9919195722497,523.0549803520576,515.5661623300699,518.3843994140625,18962700
2025-10-23,520.2964530626382,521.7802730707533,516.4623598997719,518.404296875,14023500
2025-10-24,520.6250388201142,523.1744351060786,518.5536961256696,521.441650390625,15532400
2025-10-27,529.577902779321,532.3662956890146,526.819354031342,529.3189697265625,18734700
2025-10-28,547.7224103521172,551.4269763883988,538.5306518978505,539.8252563476562,29986700
2025-10-29,542.6833492925585,544.0078586434945,534.507325873603,539.307373046875,36023000
2025-10-30,528.2831883129468,532.7545848667123,519.9578228356851,523.582763671875,41023100
2025-10-31,526.6898137654194,527.1279940743384,512.9668501497666,515.6656494140625,34006400
2025-11-03,517.657371934483,522.7860691817526,512.4590180581705,514.888916015625,22374700
2025-11-04,509.6407695643784,513.4150529816625,505.73698923396887,512.2001342773438,20958700
2025-11-05,511.17434154282535,512.6980347767452,504.4821687767013,505.0597839355469,23024300
2025-11-06,503.5659922381216,503.6058351018555,493.75677643867937,495.04144287109375,27406500
2025-11-07,494.89207027354036,497.31199999791255,491.2073803526309,494.7626037597656,24019800
2025-11-10,497.9692613740871,504.7510576229119,496.73437575016374,503.9045715332031,26101500
2025-11-11,502.70954902224156,507.48968986721945,500.26971300797675,506.573486328125,17980000
2025-11-12,507.2506574723947,509.5511194130969,497.05307240824305,509.0233154296875,26574900
2025-11-13,508.1967287528611,511.3735209246628,499.2140928412288,501.205810546875,25273100
2025-11-14,496.166765720741,509.4813936811572,495.3800287197931,508.0672607421875,28505700
2025-11-17,506.34444359286346,509.9992285471841,502.8190947602184,505.3883972167969,19092800
2025-11-18,493.31862192366924,500.89712400975867,484.76419755903834,491.74517822265625,33815100
2025-11-19,488.0704229659532,493.13934080841636,480.8305097576304,485.1027526855469,23245300
2025-11-20,491.5879641710541,492.4460215630244,474.41716428973194,477.3404846191406,26802500
2025-11-21,477.4103368698009,477.8293938228302,467.20362215472323,471.04486083984375,31769200
2025-11-24,473.9183160323131,475.8139832068258,466.9542001322548,472.92059326171875,34421000
2025-11-25,472.9904142849383,478.0588322743821,463.8313270788984,475.90374755859375,28019800
2025-11-26,485.2025316262965,487.1979770584782,480.10418316215106,484.3943786621094,25709100
2025-11-28,486.48962635446395,491.5081706450152,485.54177754838196,490.88958740234375,14386700
2025-12-01,487.32770213243884,488.7444513856018,483.5463243869077,485.6315612792969,23964000
2025-12-02,485.6116258193264,492.3761849539621,485.2125428025972,488.8841552734375,19562700
2025-12-03,475.23529714339696,483.13724409881166,474.1178525596479,476.64208984375,34615100
2025-12-04,478.6674679630734,480.2239129901724,475.40489514051177,479.7449951171875,22318200
2025-12-05,481.4211657314621,482.299166614698,477.78947078944657,482.0597229003906,22608700
2025-12-08,483.7858099301447,491.17890888246444,483.2769615726175,489.9018249511719,21965900
2025-12-09,487.9862027558801,490.99931449735556,487.3875630167038,490.8995361328125,14696100
2025-12-10,482.92772884397027,483.14722906115725,473.99809828560024,477.4701843261719,35756200
2025-12-11,475.5445986070271,484.92318635563356,474.7763326037194,482.3690185546875,24669200
2025-12-12,478.72734800157895,481.3513637649093,475.2552617920193,477.4402770996094,21248100
2025-12-15,479.0066832317436,479.6252664455081,471.44392797474177,473.73870849609375,23727700
2025-12-16,470.8353364785088,476.80172935648005,469.8076832860371,475.3051452636719,20705600
2025-12-17,475.8239455574328,478.9069051052783,473.9182915104317,475.0357360839844,24527200
2025-12-18,477.10104539067044,488.4850656489584,476.8017407441929,482.87786865234375,28573500
2025-12-19,486.2501387748106,486.73904362092316,481.39123391446003,484.8134460449219,70836100
2025-12-22,485.01298390813173,487.6170561484318,481.5908021440126,483.81573486328125,16963000
2025-12-23,483.8755963136496,486.71908182827985,483.63612214595605,485.7413330078125,14683600
2025-12-24,484.5739628623746,488.04604888584674,483.7258924615979,486.90863037109375,5855900
2025-12-26,485.601642461088,487.00843522519267,484.85335038112265,486.599365234375,8842200
2025-12-29,483.7558335295542,487.23790659993216,483.0773893732932,485.9907531738281,10893400
2025-12-30,484.82341501264875,488.56487537463653,484.39440153201394,486.3699035644531,13944500
2025-12-31,486.7290680267604,487.0284031238816,482.1993981667827,482.5186767578125,15601600
2026-01-02,483.2869444224563,483.5563186075122,469.0893385249197,471.8630065917969,25571600
2026-01-05,472.98042932285466,474.9858617296903,468.4308161640092,471.773193359375,25250300
2026-01-06,472.72102257015473,477.64977534720424,468.68025764779384,477.4203186035156,23037700
2026-01-07,478.6674756822987,488.5848422406915,476.86159994291296,482.3690185546875,25564200
2026-01-08,480.14408679814625,481.5608665012806,474.7763335277468,477.0212097167969,18162600
2026-01-09,472.9804540365218,478.72734693664125,471.1247042989064,478.1885681152344,18491000
2026-01-12,475.5845048686955,479.89464390147504,474.59673866594744,476.09332275390625,23519900
2026-01-13,473.5990225282599,474.6965236309785,464.888922501957,469.5981750488281,28545800
2026-01-14,465.39775666549855,467.13381499707015,456.1289340170423,458.3338928222656,28184300
2026-01-15,463.0630900555096,463.1927988881192,454.8618076165624,455.6200866699219,23225800
2026-01-16,456.78739866953146,462.13520850615447,455.4404972994736,458.8127746582031,34246700
2026-01-20,450.1924514863621,455.7597309230742,448.2568669541529,453.48492431640625,26130000
2026-01-21,451.56931960591265,451.65911099901973,437.68100562513575,443.0986328125,37980500
2026-01-22,446.600636936346,451.8087507279656,443.6873036586902,450.1126403808594,25349400
2026-01-23,450.8409629929935,470.0271819611143,449.50401819491054,464.888916015625,38000200
2026-01-26,464.25036221183507,473.1700058760031,460.94790240319116,469.20904541015625,29291200
2026-01-27,472.62128861771004,481.7703893732875,472.0825097961169,479.485595703125,29213900
2026-01-28,482.10959164059926,482.63838346935967,476.9114647448887,480.533203125,36875400
2026-01-29,438.98802836564175,441.49232224197124,420.06122635013605,432.5128173828125,128855300
2026-01-30,438.1699022937122,438.5989157576861,425.47886802078926,429.31011962890625,58566800
2026-02-02,429.2602343395754,429.7590957240154,421.28843915961005,422.4058837890625,42219900
2026-02-03,421.0489834358989,421.0888704228976,407.6296003977664,410.2735595703125,61424100
2026-02-04,410.0640575889883,418.84400576689177,408.3080557741746,413.2467956542969,45012400
2026-02-05,406.51216038211834,407.37018733348754,391.4265972483441,392.7735290527344,66289200
2026-02-06,398.2609865133262,400.87501513504304,392.0252195920243,400.22650146484375,53515300
2026-02-09,403.9280678877113,413.94521298339265,399.9571203178888,412.65814208984375,45480500
2026-02-10,418.66440278178237,422.7151545880433,411.76017861216997,412.328857421875,44857900
2026-02-11,415.2322299614449,415.51159110220135,400.096793508188,403.4491271972656,42491000
2026-02-12,404.07770370563327,405.2749831551046,397.1036315998776,400.9248962402344,40802400
2026-02-13,403.528974460687,404.61648859375555,397.1435245648219,400.4060974121094,34091600
2026-02-17,398.31087932693146,399.60790672873594,393.6315571718042,395.95623779296875,32078800
2026-02-18,397.2233488345012,401.6432531481791,395.41747315874426,398.69000244140625,23223400
2026-02-19,400.69000244140625,404.42999267578125,396.6700134277344,398.4599914550781,28234000
2026-02-20,396.1099853515625,400.1199951171875,395.1600036621094,397.2300109863281,34015200
2026-02-23,395.0,395.3599853515625,383.1000061035156,384.4700012207031,43238300
2026-02-24,384.1400146484375,389.3599853515625,381.7099914550781,389.0,33884700
2026-02-25,390.5299987792969,401.4700012207031,390.1600036621094,400.6000061035156,43625500
2026-02-26,404.7099914550781,407.489990234375,398.739990234375,401.7200012207031,34405900
2026-02-27,390.8800048828125,396.82000732421875,389.8800048828125,392.739990234375,51367200
2026-03-02,392.8599853515625,401.19000244140625,390.6300048828125,398.54998779296875,35474900
2026-03-03,393.1400146484375,406.70001220703125,392.6700134277344,403.92999267578125,38199200
2026-03-04,401.2699890136719,411.0299987792969,400.30999755859375,405.20001220703125,35808000
2026-03-05,404.4200134277344,411.6099853515625,404.3999938964844,410.67999267578125,39001300
2026-03-06,409.20001220703125,413.04998779296875,408.510009765625,408.9599914550781,31123900
2026-03-09,404.9200134277344,410.2099914550781,403.5,409.4100036621094,30131900
2026-03-10,410.0299987792969,410.20001220703125,402.92999267578125,405.760009765625,31706400
2026-03-11,405.57000732421875,409.010009765625,401.5899963378906,404.8800048828125,25512100
2026-03-12,404.6300048828125,406.1199951171875,401.7099914550781,401.8599853515625,27263900
2026-03-13,401.0,404.79998779296875,394.25,395.54998779296875,26848000
2026-03-16,398.07000732421875,400.6300048828125,394.7900085449219,399.95001220703125,27733700
2026-03-17,400.2699890136719,404.3999938964844,397.75,399.4100036621094,26228300
2026-03-18,397.1300048828125,398.0,391.0,391.7900085449219,25908500
2026-03-19,390.1000061035156,392.489990234375,387.05999755859375,389.0199890136719,25138800
2026-03-20,386.7900085449219,387.0,380.1199951171875,381.8699951171875,50853200
2026-03-23,383.8999938964844,387.2099914550781,381.67999267578125,383.0,29680100
2026-03-24,382.3599853515625,382.4700012207031,371.8500061035156,372.739990234375,42733600
2026-03-25,376.9200134277344,377.05999755859375,369.6300048828125,371.0400085449219,31181200
2026-03-26,370.82000732421875,374.7200012207031,365.19000244140625,365.9700012207031,36836600
2026-03-27,361.8999938964844,362.45001220703125,356.510009765625,356.7699890136719,37883400
2026-03-30,361.8999938964844,365.3599853515625,356.2799987792969,358.9599914550781,44797000
2026-03-31,364.54998779296875,372.8999938964844,363.07000732421875,370.1700134277344,45244400
2026-04-01,373.489990234375,373.989990234375,368.20001220703125,369.3699951171875,29417200
2026-04-02,367.2099914550781,373.6400146484375,364.1499938964844,373.4599914550781,24099100
2026-04-06,373.489990234375,373.7300109863281,369.5,372.8800048828125,16146600
2026-04-07,370.3399963378906,372.45001220703125,366.55999755859375,372.2900085449219,21443300
2026-04-08,384.9800109863281,385.0,371.4100036621094,374.3299865722656,33064800
2026-04-09,372.5,373.5,367.04998779296875,373.07000732421875,30435300
2026-04-10,372.9800109863281,375.6400146484375,370.0299987792969,370.8699951171875,28111100
2026-04-13,373.6099853515625,384.5400085449219,371.0199890136719,384.3699951171875,35745800
2026-04-14,387.9200134277344,394.69000244140625,386.5199890136719,393.1099853515625,37504500
2026-04-15,398.0,414.3699951171875,396.7300109863281,411.2200012207031,45063400
2026-04-16,419.8599853515625,420.82000732421875,412.1400146484375,420.260009765625,41642400
2026-04-17,424.82000732421875,431.5799865722656,420.69000244140625,422.7900085449219,48568200
2026-04-20,421.1499938964844,423.3299865722656,416.29998779296875,418.07000732421875,27582200
2026-04-21,420.239990234375,427.17999267578125,417.20001220703125,424.1600036621094,32048500
2026-04-22,426.19000244140625,433.70001220703125,423.6700134277344,432.9200134277344,29279800
2026-04-23,419.6600036621094,432.8999938964844,414.6600036621094,414.6700134277344,21626477
