timestamp,open,high,low,close,volume
2021-01-04,13.066793177906842,13.613476275130822,12.92544801691905,13.076016426086426,560640000
2021-01-05,13.062305596703991,13.405073031038857,13.049592368083989,13.366434097290039,322760000
2021-01-06,13.184707458538943,13.207143187349473,12.550027288519626,12.578445434570312,580424000
2021-01-07,12.930435562151088,13.33951363281077,12.849667703065894,13.305859565734863,461480000
2021-01-08,13.324307443387072,13.382639576611059,13.004723124897778,13.238801956176758,292528000
2021-01-11,13.380398386023487,13.921099241241135,13.324309531570202,13.582569122314453,518344000
2021-01-12,13.713192510435519,13.715187600487056,13.30685790200758,13.446208000183105,291476000
2021-01-13,13.45143998616844,13.586054330700227,13.346740574387052,13.493070602416992,210028000
2021-01-14,13.536198445576108,13.56087745931454,13.142826263852895,13.162519454956055,283120000
2021-01-15,13.190190863914939,13.28716288467263,12.811776129686693,12.822744369506836,277780000
2021-01-19,12.979046798283063,13.05657477975122,12.807289326171569,12.988021850585938,226188000
2021-01-20,13.074273353645776,13.392112675663085,13.019431202517943,13.327548027038574,258572000
2021-01-21,13.380143916011178,13.959234338724334,13.215117300403254,13.827860832214355,337780000
2021-01-22,13.70072801662627,13.802187566902738,13.588300226138271,13.673306465148926,246820000
2021-01-25,13.742360012985221,13.788976464961468,13.198668456568768,13.614227294921875,251112000
2021-01-26,13.541682883107807,13.605749231505072,13.349234689420664,13.396848678588867,163980000
2021-01-27,13.192186547498755,13.194929083249145,12.757183670871319,12.880829811096191,371272000
2021-01-28,12.959104618896841,13.301622973344402,12.923456410601196,13.013697624206543,228316000
2021-01-29,13.037629611862155,13.296637574814783,12.87459708533729,12.95262336730957,271552000
2021-02-01,13.015941342408876,13.232819414804796,12.86587120677705,13.199166297912598,217204000
2021-02-02,13.360453169364302,13.53320722236084,13.247526137181742,13.518001556396484,220440000
2021-02-03,13.597022814369032,13.891928064775945,13.477865181936796,13.491825103759766,245408000
2021-02-04,13.492323286600454,13.634415890210278,13.299625966810302,13.625192642211914,201340000
2021-02-05,13.685767510029327,13.697982440188847,13.507029180490767,13.552149772644043,169152000
2021-02-08,13.688014429574338,14.432380774378426,13.688014429574338,14.397480964660645,434624000
2021-02-09,14.299759600879625,14.54156676786031,14.18184770115254,14.222481727600098,287560000
2021-02-10,14.421912275901287,14.862399269875676,14.300510375245974,14.722051620483398,485352000
2021-02-11,14.937431095439102,15.228596265602246,14.882338853622967,15.207157135009766,450828000
2021-02-12,15.006983766434686,15.247544255487185,14.732769210253142,14.918487548828125,374756000
2021-02-16,15.021193700381346,15.328563093363668,14.907270064514945,15.286433219909668,321960000
2021-02-17,15.127636686605337,15.17998735005581,14.737754476290354,14.863394737243652,274756000
2021-02-18,14.686899869828187,14.830737473228302,14.533339769901213,14.786614418029785,233868000
2021-02-19,14.98155717225238,15.133621451996458,14.804315578862303,14.883837699890137,271724000
2021-02-22,14.732518363727369,15.089994124865994,14.284053959471905,14.314716339111328,325884000
2021-02-23,14.035018027091663,14.19805147445636,13.351228116185384,14.101577758789062,391780000
2021-02-24,14.082383783407925,14.46528603641238,13.716681335322574,14.457557678222656,448320000
2021-02-25,14.005353050124018,14.333662277875408,13.17847394109998,13.269462585449219,824436000
2021-02-26,13.713190182892967,13.814898867470841,13.32280970449686,13.675299644470215,500932000
2021-03-01,13.83534082862855,13.885198102885361,13.514510804567648,13.802186012268066,353184000
2021-03-02,13.86026872775047,13.880710314412896,13.357709618961268,13.36793041229248,264116000
2021-03-03,13.387874897012532,13.413052208920957,12.76216791543942,12.76815128326416,377592000
2021-03-04,12.764163793210002,12.937916368071201,12.049213052409737,12.334894180297852,573344000
2021-03-05,12.514125567193856,12.514125567193856,11.645864211127115,12.425878524780273,542840000
2021-03-08,12.414414640051222,12.435603674084037,11.533439801994518,11.560113906860352,543112000
2021-03-09,12.09975442063535,12.585031142216502,12.028932816334903,12.488774299621582,521824000
2021-03-10,12.808217687288016,12.94736663668477,12.426181162680194,12.436903953552246,384376000
2021-03-11,12.917443914087112,13.013452477307373,12.70248579612191,12.960834503173828,299916000
2021-03-12,12.61645095024476,12.85634676368248,12.558347920345986,12.823678970336914,243964000
2021-03-15,12.83240859533205,13.173548832704668,12.735153857472499,13.158087730407715,221988000
2021-03-16,13.322920791007736,13.478528736507776,13.083773625331858,13.257835388183594,272128000
2021-03-17,13.006965499615356,13.419425708592238,12.956841785124572,13.307707786560059,243864000
2021-03-18,13.10347720263985,13.150857452433465,12.685031411511776,12.69051742553711,293896000
2021-03-19,12.717946442193226,12.889015495891451,12.580792308071988,12.813455581665039,299208000
2021-03-22,12.880285290303775,13.360823620782522,12.874299857877881,13.153097152709961,297804000
2021-03-23,13.220929421135745,13.310952554881895,12.988515362862906,13.037891387939453,222048000
2021-03-24,13.118187112663936,13.1261673732416,12.604980921274594,12.611214637756348,245840000
2021-03-25,12.46807503156729,12.682783882467008,12.241147031908534,12.503734588623047,295144000
2021-03-26,12.522936498340556,12.823928054668183,12.342391791953444,12.806970596313477,363968000
2021-03-29,12.788020527621528,13.029661972874573,12.668073077151869,12.915699005126953,273520000
2021-03-30,12.809710917168834,12.942626117942792,12.673055297355468,12.839385986328125,200204000
2021-03-31,12.98277686105414,13.436632836630071,12.949859836344844,13.314690589904785,314776000
2021-04-01,13.53812732257779,13.835128246846539,13.477279865489436,13.77702522277832,308276000
2021-04-05,13.832636208536442,13.978767529559853,13.698473850909528,13.9523344039917,255672000
2021-04-06,13.964553395548302,14.018916004314782,13.738872514596373,13.826650619506836,191744000
2021-04-07,13.845851593018876,14.207689643014694,13.677027574965955,14.107941627502441,251284000
2021-04-08,14.21691644922942,14.435116472853124,14.213175078323518,14.281004905700684,244416000
2021-04-09,14.178263049209333,14.371775539835284,14.13936154401989,14.363795280456543,195172000
2021-04-12,14.253823650541044,15.313901610057965,14.103701731984685,15.170762062072754,869324000
2021-04-13,15.193205869262812,15.660528141496703,15.087721653634365,15.640079498291016,676212000
2021-04-14,15.585716806366602,15.6809766998769,15.189216132761569,15.238592147827148,385500000
2021-04-15,15.623120903934165,16.173483847875282,15.5921987087715,16.096677780151367,598480000
2021-04-16,16.012641545241966,16.12510909130004,15.825363694035376,15.872495651245117,335208000
2021-04-19,15.497439688816309,15.767758276852438,15.194702542617696,15.323128700256348,404420000
2021-04-20,15.284726432321392,15.458039540390393,14.925382597533766,15.133109092712402,334132000
2021-04-21,15.08073838157039,15.323876121299216,15.064280344960931,15.321881294250488,216776000
2021-04-22,15.33634630471237,15.399687065149584,14.746333090501135,14.812915802001953,277788000
2021-04-23,14.896705203918978,15.2964478790434,14.862791235395903,15.226873397827148,227500000
2021-04-26,15.146822395881406,15.440082895862012,15.08697282890751,15.439085006713867,197796000
2021-04-27,15.539337512565567,15.63110624438285,15.315900641674656,15.343082427978516,164572000
2021-04-28,15.325871147226541,15.49319975361543,15.177245590486669,15.238341331481934,209416000
2021-04-29,15.361283905262697,15.397692121161322,15.033609962175067,15.286223411560059,173196000
2021-04-30,15.136349691451016,15.32637005581225,14.959295227808386,14.971763610839844,201912000
2021-05-03,15.086975219605257,15.208419014072376,14.75032408695121,14.799449920654297,203912000
2021-05-04,14.600452500628666,14.60070173515506,13.975028897504052,14.315171241760254,405324000
2021-05-05,14.672018629638556,14.776256666947063,14.351327112045158,14.422148704528809,292024000
2021-05-06,14.458806188006658,14.534615323972524,14.18225390445764,14.486486434936523,193380000
2021-05-07,14.771021408101264,14.933112300510395,14.63486422135409,14.77501106262207,229328000
2021-05-10,14.750073658170713,14.768776709960429,14.214174766121413,14.22988510131836,268904000
2021-05-11,13.790240987277931,14.318658960168204,13.715429742573756,14.270280838012695,285584000
2021-05-12,13.974279724476874,14.224399880312989,13.674785449771695,13.72391128540039,303408000
2021-05-13,13.998466030075901,14.04534874580516,13.425161115583645,13.630892753601074,285404000
2021-05-14,13.855080192512533,14.291978764788404,13.713935458707894,14.207192420959473,258616000
2021-05-17,14.12140694475875,14.133626093303139,13.818670761725361,14.12988567352295,216980000
2021-05-18,14.231131212096818,14.36803609551161,13.968791939261795,13.980512619018555,186256000
2021-05-19,13.532391695784717,14.04410243148695,13.509200522328285,14.030386924743652,344000000
2021-05-20,14.266545438220344,14.646837413582597,14.234626292358211,14.575766563415527,321592000
2021-05-21,15.125628078585208,15.183732064451174,14.832118286328456,14.954060554504395,672992000
2021-05-24,15.174255494540118,15.705417059399807,15.137847278130703,15.572751998901367,554816000
2021-05-25,15.726361521757942,15.778729299964287,15.443574568167058,15.60840892791748,435408000
2021-05-26,15.69469424475512,15.754044403313245,15.547066551912085,15.660530090332031,370440000
2021-05-27,15.660280994991329,15.71040472046622,15.421133814457916,15.449063301086426,581476000
2021-05-28,15.462027659013474,16.236575125057893,15.462027659013474,16.203657150268555,644536000
2021-06-01,16.229096888512235,16.34704949574134,15.86326820041709,16.223609924316406,472804000
2021-06-02,16.211388338449286,16.87621267756659,16.194680117402555,16.736064910888672,594168000
2021-06-03,16.658759311986948,17.215606118739935,16.54130520580111,16.927082061767578,580008000
2021-06-04,17.069476909819976,17.6165979934895,17.052521354002085,17.5340576171875,617120000
2021-06-07,17.527072794284408,17.767715323688513,17.14952444459165,17.5747013092041,575756000
2021-06-08,17.483181755642672,17.577194510142903,17.207625490251473,17.413108825683594,323848000
2021-06-09,17.47571805921768,17.534832519599075,17.216312069425967,17.31857681274414,381656000
2021-06-10,17.3103444553602,17.452020091808027,17.13674237056941,17.38517189025879,287772000
2021-06-11,17.43954908988243,17.89824942284033,17.4038813625128,17.784509658813477,416308000
2021-06-14,17.865078154683058,17.9982722041519,17.62238417950147,17.977569580078125,321376000
2021-06-15,17.874058585520746,17.97507688775737,17.687485674890738,17.747846603393555,243032000
2021-06-16,17.75009415079846,17.913718927934667,17.544314342282547,17.769548416137695,307124000
2021-06-17,17.733876709616816,18.791952156008932,17.715668906709517,18.614608764648438,809656000
2021-06-18,18.74106970383863,19.330718581922177,18.54152604115206,18.59615135192871,968856000
2021-06-21,18.39311488047978,18.494135068349298,17.78201553321056,18.385133743286133,672384000
2021-06-22,18.429284231032042,18.920409647101682,18.343978923682204,18.843584060668945,580144000
2021-06-23,18.96430647751163,19.108975530104733,18.864534651482277,19.01369285583496,332356000
2021-06-24,19.183806109567367,19.375616025449478,19.044623366172903,19.161605834960938,320924000
2021-06-25,19.236433070795265,19.301285040207212,18.851315628683007,18.987503051757812,278364000
2021-06-28,19.31699836660214,20.03285915279017,19.274845251778927,19.93932342529297,495436000
2021-06-29,19.837058731492426,20.052813964606784,19.612073999620787,19.980979919433594,367632000
2021-06-30,19.953542508047825,20.116419372850345,19.81835223637548,19.956785202026367,326568000
2021-07-01,20.079004759784198,20.40924764246024,19.973246122217304,20.16580581665039,480136000
2021-07-02,20.39353564429944,20.458387624215238,20.24138402006787,20.44017791748047,342764000
2021-07-06,20.690102132517197,20.794363107269312,20.303738226115755,20.65119171142578,446708000
2021-07-07,20.805837070095645,20.827287563769445,20.285529389265694,20.32518768310547,418428000
2021-07-08,19.811117972492724,20.086984820406965,19.65572366995776,19.857261657714844,503300000
2021-07-09,19.916872317591555,20.03435334968637,19.709098258675084,20.00442123413086,296624000
2021-07-12,20.193741842138916,20.485822176822126,20.141611349333026,20.465620040893555,321984000
2021-07-13,20.353875481303678,20.41448760068872,20.068031230618036,20.203720092773438,290708000
2021-07-14,20.31122089134156,20.371083224348496,19.707604117466037,19.79615020751953,380100000
2021-07-15,19.766469664881527,19.801638809987963,18.815397482477785,18.922901153564453,550564000
2021-07-16,18.987009407333584,19.113219490789987,18.031697155658193,18.119495391845703,688224000
2021-07-19,17.874305524272554,18.998479381294242,17.824667948945038,18.73682975769043,749060000
2021-07-20,18.687190244742556,18.794943201970906,18.122483909884977,18.569459915161133,434687000
2021-07-21,18.838843731264284,19.482369991726237,18.699164320803426,19.365636825561523,371017000
2021-07-22,19.597105941674148,19.84154489775066,19.23194135404066,19.54921531677246,323826000
2021-07-23,19.61107361577112,19.65497367183318,19.206001448211797,19.51329803466797,195672000
2021-07-26,19.266865977371694,19.397565194519427,18.87077204812226,19.24990463256836,203943000
2021-07-27,19.220969582862597,19.577154015985894,18.698167007898192,19.164100646972656,248863000
2021-07-28,19.27484982328238,19.601102183245256,18.95159086611591,19.45842933654785,202191000
2021-07-29,19.4743887933179,19.80762698019667,19.283825335460097,19.617063522338867,190781000
2021-07-30,19.3736191961783,19.585134561055348,19.21897466845994,19.454435348510742,183497000
2021-08-02,19.654979530232666,19.915382736353678,19.316753560759693,19.704864501953125,217444000
2021-08-03,19.6948831028393,20.175781820042896,19.176071129798512,19.769712448120117,301811000
2021-08-04,19.944313619581152,20.271565011875875,19.782683207905936,20.227664947509766,231309000
2021-08-05,20.453150082936443,20.685617395724258,20.295510226219236,20.58983612060547,211435000
2021-08-06,20.47709211719844,20.522986511252395,20.163808690158564,20.3194522857666,178497000
2021-08-09,20.399273064432922,20.46113164731858,20.096966025159155,20.248619079589844,146443000
2021-08-10,20.275555576217656,20.38330854964685,19.789667174813598,19.890438079833984,179238000
2021-08-11,19.997190075674563,20.00317688001312,19.38559215044887,19.653976440429688,185925000
2021-08-12,19.824588657900602,19.983223761879053,19.57516002402308,19.859508514404297,151652000
2021-08-13,19.859512465987095,20.16780633402696,19.80563501780991,20.141864776611328,183063000
2021-08-16,20.088984173742237,20.24063722279305,19.408541689128278,19.904407501220703,210876000
2021-08-17,19.64000698314387,19.72481369476368,19.222963104205142,19.41352653503418,204585000
2021-08-18,19.455436414168716,19.589130958767946,18.95657907021567,18.996488571166992,285913000
2021-08-19,19.449446238959755,20.44815982346293,18.719118863786036,19.75275230407715,766555000
2021-08-20,19.945311597000565,20.817314696928367,19.887445490471492,20.7684268951416,675741000
2021-08-23,20.9230685315231,21.946722537110478,20.902116621288442,21.907812118530273,575807000
2021-08-24,21.70328507988881,21.90881365504365,21.48578289478911,21.743192672729492,297299000
2021-08-25,21.687321379149566,22.418645969756334,21.672356269378028,22.162233352661133,347701000
2021-08-26,22.149264978237373,22.28894441389268,21.740202142684332,22.017566680908203,237940000
2021-08-27,22.133298143105087,22.670068642424027,22.116336798954833,22.584264755249023,304722000
2021-08-30,22.777822203844707,22.990334740001824,22.499460525203325,22.636146545410156,262580000
2021-08-31,22.647119732410204,22.647119732410204,22.07333396005199,22.3377742767334,259850000
2021-09-01,22.437569306889998,22.64912199389681,22.30983905945331,22.393661499023438,201767000
2021-09-02,22.470495343605453,22.545337883825013,22.247966214051775,22.348752975463867,187834000
2021-09-03,22.27790622612633,22.937511147751092,22.153169913333517,22.79481315612793,280532000
2021-09-07,22.78483174949806,22.850692500855242,22.474487011995723,22.614192962646484,198107000
2021-09-08,22.465512411701877,22.562307925362596,21.93064182704281,22.291879653930664,254434000
2021-09-09,22.264930118963175,22.490453174173346,22.08431220635336,22.13021469116211,196856000
2021-09-10,22.30085711920523,22.578270564497437,22.223022541074023,22.430583953857422,248376000
2021-09-13,22.636149664254482,22.915559708547303,21.81189184174962,22.10527229309082,297500000
2021-09-14,22.228007318619177,22.362722745195637,22.039406863407024,22.195077896118164,199755000
2021-09-15,22.261935032273296,22.31981323387467,21.919658243422088,22.293867111206055,166538000
2021-09-16,22.136202349836225,22.23000390634264,21.8807419007731,22.195077896118164,156033000
2021-09-17,22.252957549515017,22.27391315880688,21.783949696322043,21.853801727294922,294503000
2021-09-20,21.101389887747473,21.38778508160045,20.618411689847797,21.06846046447754,349440000
2021-09-21,21.371816366272604,21.379798910059613,20.905802540354845,21.2011775970459,204688000
2021-09-22,21.32092658519888,21.91367337565563,21.151285132509745,21.89471435546875,268726000
2021-09-23,22.093290867008587,22.48745799648261,21.843818289365494,22.4345703125,248555000
2021-09-24,22.023441631035194,22.102275447550486,21.81488289522603,22.0344181060791,217655000
2021-09-27,21.66420116567819,21.753014117831665,21.28001501008737,21.614307403564453,245215000
2021-09-28,21.1692454550303,21.373812889724803,20.607431588731302,20.655330657958984,343069000
2021-09-29,20.895828586899057,20.972665824032045,20.423824881192512,20.47372055053711,218394000
2021-09-30,20.72419260541438,21.021564353187422,20.644361429792287,20.67230224609375,221009000
2021-10-01,20.70623045593006,20.814999787884194,20.160383401250066,20.6982479095459,240978000
2021-10-04,20.46074911310151,20.49866906348852,19.513751502545517,19.690378189086914,345635000
2021-10-05,19.907917186053545,20.604444742602162,19.812119023512988,20.407859802246094,279282000
2021-10-06,20.077555660834182,20.676288377439814,20.0376391312872,20.65633201599121,297202000
2021-10-07,21.047504806233384,21.277021060391967,20.927759015939795,21.030542373657227,256919000
2021-10-08,21.056482991555182,21.16126101595246,20.73117054152913,20.787052154541016,151258000
2021-10-11,20.53159470850479,21.01856416379945,20.467728645028984,20.65134048461914,163388000
2021-10-12,20.784060195567157,21.012577186630253,20.4846938393816,20.627391815185547,162134000
2021-10-13,20.873867470498713,20.945716070810764,20.669300045853326,20.89482307434082,180652000
2021-10-14,21.243090758622078,21.709104627354822,21.07744058821198,21.700124740600586,243589000
2021-10-15,21.763989474383635,21.88473450421562,21.616302880257262,21.815879821777344,226994000
2021-10-18,21.703117692511093,22.243974077553172,21.59833775960984,22.175119400024414,189494000
2021-10-19,22.22900674096052,22.33179009685353,21.990512506917007,22.242979049682617,161473000
2021-10-20,22.257949059996356,22.38567930946501,21.93563045748002,22.05637550354004,146276000
2021-10-21,22.050384685989254,22.663089722334,22.03641428104515,22.644128799438477,187590000
2021-10-22,22.774852206054973,23.08120376239796,22.51340579315989,22.678056716918945,249384000
2021-10-25,22.924538524453713,23.305732673219815,22.72196763172872,23.11713218688965,230235000
2021-10-26,23.93839486421811,25.20571622107296,23.873531450575534,24.664857864379883,485898000
2021-10-27,24.422373889856782,25.03707368304749,24.23077756713748,24.39942169189453,245990000
2021-10-28,24.825520850776506,24.897369471375516,24.471270169615977,24.88838768005371,234204000
2021-10-29,24.948259341695557,25.65476598423701,24.947261999373193,25.513065338134766,292503000
2021-11-01,25.59489414765004,25.83937625950011,25.173783464529546,25.772518157958984,265740000
2021-11-02,25.767525492097906,26.621718639071563,25.745570640273353,26.34530258178711,294112000
2021-11-03,26.61373971651481,26.72749955329643,26.179657881858056,26.54189109802246,239910000
2021-11-04,27.171556116532418,31.298830236529806,27.06079022806004,29.738130569458008,1153631000
2021-11-05,30.12332134440191,31.333761888130987,29.3479599854821,29.689239501953125,851260000
2021-11-08,30.08540230696262,31.034396431529643,29.843912215673015,30.73902130126953,503101000
2021-11-09,32.21390301112386,32.24184382365619,29.900792011768303,30.592329025268555,646746000
2021-11-10,29.294076749454003,30.784924757486024,28.717294974334806,29.39685821533203,636206000
2021-11-11,30.40372797344251,30.525470354822794,29.714185657516225,30.325891494750977,332172000
2021-11-12,29.946693944604604,30.615280651522603,29.567494491133164,30.325891494750977,413054000
2021-11-15,30.4875451970534,30.579350162729593,29.18529802087498,29.96165657043457,384909000
2021-11-16,29.69622243740179,30.325889920627386,29.6433328431333,30.139284133911133,264484000
2021-11-17,30.353829013241555,30.4446385457493,28.739242339156842,29.199270248413086,428508000
2021-11-18,32.29871672243403,32.69088536655633,31.25492201136,31.60817527770996,781711000
2021-11-19,32.174977704788965,33.018196245585706,31.83769143046511,32.91541290283203,533867000
2021-11-22,33.446291928728265,34.573909183585116,31.832704423703742,31.888586044311523,754335000
2021-11-23,31.46847603985242,32.29173644470543,30.814857092221995,31.679031372070312,532163000
2021-11-24,31.394638918737424,32.7856976191463,30.862762245743312,32.605079650878906,435162000
2021-11-26,32.53122653243234,32.640995088921485,31.283865396835044,31.436542510986328,283069000
2021-11-29,32.29772388938831,33.34151493953768,31.968418209027394,33.30559158325195,454964000
2021-11-30,33.099027131565556,33.2826408933307,31.796781690175454,32.6070671081543,622066000
2021-12-01,33.15298499754876,33.222845580609224,31.31763707417919,31.372528076171875,484368000
2021-12-02,31.151974015201976,32.41346220538605,30.963348504030208,32.06216049194336,472890000
2021-12-03,31.936403568189156,32.0651488092906,30.070119147107587,30.632001876831055,544325000
2021-12-06,29.820616888870113,30.18089951334633,27.982278547489575,29.977306365966797,658938000
2021-12-07,30.89546942973039,32.38450445291736,30.590075986973893,32.362545013427734,593053000
2021-12-08,31.935409065789486,32.22583112815729,31.358556702529327,31.762752532958984,475551000
2021-12-09,31.6709304355526,32.14099693386837,30.367526251043838,30.42940330505371,488507000
2021-12-10,31.088092914267587,31.24278555655399,29.801655081182673,30.137985229492188,488825000
2021-12-13,30.188885561534377,30.233796207467403,28.060123228578693,28.10503387451172,598344000
2021-12-14,27.643956571550408,28.62101121597316,27.19584940823864,28.280689239501953,667035000
2021-12-15,28.343558104801343,30.439384993244534,27.782674736715105,30.398466110229492,698297000
2021-12-16,31.090089780244078,31.09807330257781,28.037169139263874,28.330583572387695,707366000
2021-12-17,27.929384771071867,28.864522903312924,27.704831542890716,27.745750427246094,713758000
2021-12-20,27.250736913132904,28.08806836031616,27.09105503438404,27.66391372680664,461847000
2021-12-21,28.31761430026382,29.06213210067189,27.346546417917093,29.017221450805664,524385000
2021-12-22,28.8335844910948,29.496264455360905,28.39246155550184,29.341571807861328,395184000
2021-12-23,29.69586979921337,29.999266540886037,29.37251424839776,29.581098556518555,343022000
2021-12-27,29.60105861020263,31.0252228788843,29.58109789794575,30.88350486755371,403686000
2021-12-28,31.249772014643753,31.267735891884268,29.952354442300354,30.26173973083496,420591000
2021-12-29,30.212834501373155,30.487287570635146,29.307635630343704,29.941373825073242,343139000
2021-12-30,29.7677209545132,30.39646994729714,29.481292592153306,29.52720069885254,308864000
2021-12-31,29.61502448239811,29.97031785211934,29.27270576326338,29.35254669189453,266530000
2022-01-03,29.755744649714465,30.649963801294536,29.725803587995546,30.06113624572754,391547000
2022-01-04,30.216832454107198,30.407452874103246,28.29266437490383,29.231794357299805,527154000
2022-01-05,28.89146324143612,29.357536037891197,27.478279080838995,27.549137115478516,498064000
2022-01-06,27.58506883228335,28.381483256103156,27.01121270492406,28.121999740600586,454186000
2022-01-07,28.085072447229507,28.36551411614278,27.003225284481758,27.192848205566406,409939000
2022-01-10,26.528174103666952,27.41440984015935,25.593035959641192,27.34554672241211,594681000
2022-01-11,27.268697246348502,28.009223147677293,26.785659911463362,27.761714935302734,404089000
2022-01-12,28.011221217951395,28.53817178912904,27.553133765083295,27.943357467651367,383413000
2022-01-13,28.322600004609768,28.423399112253964,26.445337738615446,26.522186279296875,540171000
2022-01-14,26.24773202314796,27.142950637215478,26.1579107320568,26.888456344604492,395832000
2022-01-18,26.207815257948447,26.585064339420303,25.718789234872563,25.851524353027344,424270000
2022-01-19,26.027173172244265,26.49024985304365,25.002213722761,25.017183303833008,488315000
2022-01-20,25.253714829631832,25.528167948115197,24.030149493539206,24.102006912231445,435181000
2022-01-21,23.460284088756683,24.773668763232777,23.216769512080788,23.32754898071289,718958000
2022-01-24,22.28562296184168,23.333535509414546,20.846489247606883,23.325551986694336,913982000
2022-01-25,22.501197265141005,22.897409630925768,21.956282720611952,22.279638290405273,664616000
2022-01-26,23.19381403507695,24.009189816429384,22.25568159985635,22.726743698120117,755959000
2022-01-27,23.521165823776016,23.94731732349313,21.6319260913576,21.900392532348633,573353000
2022-01-28,21.96825173742082,22.8125710384111,21.253675136018625,22.794607162475586,543774000
2022-01-31,23.13593032920082,24.460294791256842,23.006189511786687,24.437339782714844,564680000
2022-02-01,25.054104625035727,25.095023500950617,23.842516810764977,24.589031219482422,518925000
2022-02-02,25.742736472228845,25.765689573177465,24.5042017643659,25.19183349609375,543419000
2022-02-03,24.409394490116693,25.0271638258228,23.73274239062806,23.900407791137695,410178000
2022-02-04,23.924361305059936,24.586043852193274,23.585036824296264,24.270671844482422,354829000
2022-02-07,24.323566276250155,25.13195606384545,24.153904034057735,24.67885971069336,376868000
2022-02-08,24.31058777349292,25.179857022998263,23.93234129371506,25.0580997467041,410359000
2022-02-09,25.571080056956752,26.671888658006182,25.30261555051223,26.651927947998047,524282000
2022-02-10,25.943336131869465,26.871486170645973,25.549120732093876,25.772674560546875,513200000
2022-02-11,25.86449932037972,26.10003039508258,23.72575830389794,23.90140724182129,605472000
2022-02-14,23.886432615759617,24.825562419077983,23.707787514804277,24.21877098083496,440424000
2022-02-15,24.899415754979135,26.4922445340871,24.734744665885565,26.442344665527344,699869000
2022-02-16,26.206811119026813,26.52916911213145,25.50121554773695,26.458309173583984,732676000
2022-02-17,25.579063213609647,25.733755858622583,24.11697644225443,24.458295822143555,810595000
2022-02-18,24.61897857209865,24.93634742861223,23.054095641811166,23.59501838684082,761255000
2022-02-22,22.989223238774173,24.016177674838435,22.95429294527255,23.343517303466797,633422000
2022-02-23,23.754697128771827,24.106996233636202,22.25668069011676,22.34250831604004,566511000
2022-02-24,20.973233676940158,23.752698549006187,20.8484821049316,23.700801849365234,735801000
2022-02-25,23.673855434811756,24.168868025869422,23.334531028911424,24.10898780822754,528866000
2022-02-28,23.944321576419384,24.61598446694235,23.659888105648218,24.33654022216797,477319000
2022-03-01,24.24272310643019,24.328552626962264,23.086026170341224,23.430339813232422,412056000
2022-03-02,23.712827876260754,24.364641033795944,23.372447983953073,24.175983428955078,389642000
2022-03-03,24.21790863660906,24.281793413023205,23.426350459230303,23.67090606689453,365095000
2022-03-04,23.341505344158694,23.636966955127175,22.441144110309114,22.894319534301758,431415000
2022-03-07,22.775529905926497,22.99113883727511,21.291232991904245,21.31319236755371,450821000
2022-03-08,21.270277613184593,22.332343305523693,20.612474742304823,21.474905014038086,557467000
2022-03-09,22.346310554439718,23.177796752088618,22.206565614963267,22.972171783447266,492742000
2022-03-10,22.49005698722869,22.74658993845794,21.84223617720569,22.6168270111084,428066000
2022-03-11,22.980162727551132,23.102940302954398,22.00593652699091,22.059839248657227,367209000
2022-03-14,21.829252999002563,22.22153837881426,21.12054432408871,21.29123306274414,385354000
2022-03-15,21.478895723800314,22.996133936687787,21.283252760840114,22.931251525878906,491996000
2022-03-16,23.457288892692095,24.552295223701535,23.129885914101745,24.451478958129883,671422000
2022-03-17,24.076163405788236,24.796849408752696,23.86255164423222,24.720989227294922,471941000
2022-03-18,24.75393455872764,26.520718537026188,24.579253333704855,26.40492820739746,730719000
2022-03-21,26.45882662219231,27.10265486766904,25.919807094663252,26.685413360595703,591727000
2022-03-22,26.678427854459326,27.188500789536455,26.02461941553547,26.475797653198242,547007000
2022-03-23,26.078516362640386,26.563633135603418,25.52851909569361,25.587411880493164,502120000
2022-03-24,26.118448890609304,28.268533755984528,25.859918794556325,28.09884262084961,877379000
2022-03-25,27.835321724179195,28.306464068102645,27.221439608204165,27.641674041748047,579016000
2022-03-28,27.705557176871118,28.19865887077309,27.15655559634973,28.167715072631836,425494000
2022-03-29,28.64285248149159,28.89339579270697,27.929151693458024,28.603923797607422,488984000
2022-03-30,28.25255954144932,28.444210026098137,27.4530147307374,27.63967514038086,463487000
2022-03-31,27.731510949600096,28.19666368490603,27.220442282936776,27.236412048339844,523440000
2022-04-01,27.325247285194962,27.44602766304198,26.219261218650903,26.6634521484375,517235000
2022-04-04,26.679428397203534,27.507919979186674,26.564637612794822,27.310279846191406,397120000
2022-04-05,27.204470536288614,27.269352943730603,25.773076554519676,25.883874893188477,436615000
2022-04-06,24.888682995940243,25.254017021873114,23.959375312507916,24.362640380859375,703833000
2022-04-07,24.396585485641776,24.677074985912075,23.435336116546427,24.16400909423828,557992000
2022-04-08,23.873534503516744,23.879524117334512,23.02008878589578,23.076984405517578,524781000
2022-04-11,22.17363171495148,22.27943807836627,21.62063763333046,21.87717056274414,575207000
2022-04-12,22.496041696902733,22.683699749756602,21.243321479658512,21.46491813659668,662258000
2022-04-13,21.68851017180904,22.459106428219584,21.416005631286996,22.16264533996582,516943000
2022-04-14,22.464101591348445,22.73560855917908,21.12454130662309,21.21936798095703,569097000
2022-04-18,21.161475105293935,22.047859972637514,21.04069470290414,21.74341583251953,525701000
2022-04-19,21.680523827744366,22.33233689682969,21.275261584203733,22.157655715942383,512781000
2022-04-20,22.47607766412993,22.62879947914328,21.161471751554885,21.44295883178711,468974000
2022-04-21,21.66954608901935,22.351305380675164,19.963652360371036,20.146320343017578,656209000
2022-04-22,20.26610219786414,20.448770189585975,19.46456201839812,19.479534149169922,624713000
2022-04-25,19.167102763902953,19.90875249765362,19.061296409060496,19.86583137512207,641566000
2022-04-26,19.68217087732391,19.752043375858456,18.636074860708064,18.753860473632812,653143000
2022-04-27,18.564206441559314,19.132172794940626,18.256767427265892,18.381540298461914,499460000
2022-04-28,18.932530442416695,20.000587537213033,18.45639800746317,19.746049880981445,570327000
2022-04-29,19.36673991620479,20.091420341877647,18.48334805551463,18.513294219970703,500435000
2022-05-02,18.507307291350344,19.538429143635206,18.357580255112094,19.49750518798828,572049000
2022-05-03,19.364741283038427,19.788970013363656,19.098226341517233,19.566373825073242,475751000
2022-05-04,19.886788665812627,20.362920963744035,18.716917987520365,20.297040939331055,648855000
2022-05-05,19.830894968407897,19.888788220846624,18.466378728953146,18.80975341796875,626331000
2022-05-06,18.70195175204548,19.47654062399215,17.95730714361305,18.641061782836914,633297000
2022-05-09,18.00122470604806,18.221821818374295,16.79641762349791,16.9191951751709,644455000
2022-05-10,17.656847808183255,18.16492343108645,16.994055130388205,17.563018798828125,761474000
2022-05-11,17.315475166719338,17.720737474100222,16.537891524903785,16.599777221679688,670167000
2022-05-12,16.189523839856356,16.75748999654894,15.53870929454901,16.14560317993164,708728000
2022-05-13,16.757489599664027,17.895417154710085,16.562844297235856,17.67382049560547,670437000
2022-05-16,17.47717962452616,17.755671895048422,17.074912165379693,17.232624053955078,521446000
2022-05-17,18.04115321874996,18.337614359005986,17.601954209019933,18.143966674804688,585830000
2022-05-18,17.672827284467367,18.08507690816682,16.833355903559767,16.9072208404541,545161000
2022-05-19,16.906219819291394,17.654856806883604,16.703587720835515,17.092880249023438,621310000
2022-05-20,17.30050299605302,17.378360361940025,15.726368287812404,16.66366195678711,739105000
2022-05-23,16.244425835409945,16.884261708504855,16.14959916192552,16.867292404174805,639889000
2022-05-24,16.47999533080433,16.56683711237005,15.751321521154898,16.12464141845703,588550000
2022-05-25,15.990891966831752,17.07990921360192,15.970927850087232,16.944156646728516,781132000
2022-05-26,16.006857468643506,18.059120906414734,15.992882971425454,17.818559646606445,996575000
2022-05-27,18.152951232834447,18.846687898146087,18.06710707974636,18.77681541442871,738379000
2022-05-31,18.945506160051778,19.165107560608973,18.316651930915967,18.6380672454834,664100000
2022-06-01,18.68997397259425,19.018374652138892,18.089066793747712,18.286706924438477,544514000
2022-06-02,18.258754262823782,19.583342116528346,18.164925244103703,19.5563907623291,648656000
2022-06-03,19.047325348696557,19.29687105430401,18.488341597340362,18.68598175048828,598779000
2022-06-06,19.10421880079085,19.301858931419297,18.53026298173821,18.751859664916992,422406000
2022-06-07,18.43842998315099,18.965470299087695,18.154945715304475,18.891605377197266,388914000
2022-06-08,18.768802321218942,19.14919082607967,18.50522645422863,18.618045806884766,363252000
2022-06-09,18.451317549760248,18.90259123258257,18.012023724724873,18.019012451171875,395574000
2022-06-10,17.571731259755435,17.668575580223607,16.841904493178646,16.94673728942871,465248000
2022-06-13,15.974298882999761,16.28579798543527,15.580931719685918,15.621866226196289,604153000
2022-06-14,15.705730306415653,16.040192214090787,15.387242491326816,15.810562133789062,469680000
2022-06-15,16.069146736449664,16.840905821966867,15.90041852007138,16.50045394897461,563936000
2022-06-16,15.834523928335084,15.916392943958204,15.376261580184906,15.575940132141113,545749000
2022-06-17,15.622865436740238,15.9693081959155,15.303379735845638,15.854493141174316,630334000
2022-06-21,16.44853333661979,16.98067611376005,16.380641786258877,16.539386749267578,483089000
2022-06-22,16.19993563125689,16.635236096967933,16.15400999438934,16.333721160888672,437135000
2022-06-23,16.492466783521426,16.558360761085417,15.827537079076826,16.19894027709961,463680000
2022-06-24,16.473494023135874,17.112465303147033,16.28379871027583,17.098487854003906,472153000
2022-06-27,17.28419291089453,17.302163648044232,16.599293974290056,16.841903686523438,427968000
2022-06-28,16.872854081714543,17.17436904148227,15.919388121687373,15.956329345703125,461149000
2022-06-29,15.788596955968533,15.794586883557068,15.145631406490011,15.517033576965332,482352000
2022-06-30,15.33632348637109,15.541992886601182,14.838125505254764,15.134648323059082,686070000
2022-07-01,14.875065447941074,15.038801545913467,14.36887995608299,14.499669075012207,577610000
2022-07-05,14.152229332482921,14.94695015807397,14.032422215907793,14.939961433410645,651397000
2022-07-06,14.98588671101598,15.294390318728142,14.765241076508447,15.105693817138672,529066000
2022-07-07,15.431172487703748,15.91938634734984,15.36427972508815,15.832526206970215,492903000
2022-07-08,15.405215450126937,16.01124079035871,15.364280941862427,15.812560081481934,467972000
2022-07-11,15.501058589102321,15.502057386380558,15.013842610780163,15.127659797668457,437321000
2022-07-12,15.243473723701138,15.406211993432294,14.853102016672706,15.057772636413574,458483000
2022-07-13,14.56656528451449,15.350304243121299,14.4417660630257,15.139642715454102,521918000
2022-07-14,15.083730400494847,15.44814383814876,14.704340715980594,15.347306251525879,456235000
2022-07-15,15.633846749612045,15.75664836262336,15.420189805163654,15.73668098449707,385935000
2022-07-18,16.275811592879943,16.869855065757967,15.976294291524628,16.07513427734375,670517000
2022-07-19,16.459513136354815,17.082511146820742,16.146018441252288,16.96470069885254,702366000
2022-07-20,16.919779281556753,17.90419557403467,16.774013886344825,17.778396606445312,760538000
2022-07-21,17.856273549154427,18.114856419024587,17.516819500864308,18.021007537841797,557049000
2022-07-22,17.864255040385185,17.93813556729671,17.10946901549391,17.29117774963379,536671000
2022-07-25,16.991665289176893,17.0964980984256,16.62226060379571,16.996658325195312,480748000
2022-07-26,16.86187210310339,16.89182460135965,16.451532969702946,16.506444931030273,397865000
2022-07-27,17.004639434525583,17.907188485590435,16.885831113737122,17.761423110961914,569776000
2022-07-28,17.946126134465974,18.11086009552277,17.411985687188125,17.955110549926758,474646000
2022-07-29,17.784387118127725,18.214694569102246,17.663581188162542,18.133825302124023,435460000
2022-08-01,18.15279410603998,18.815729008879483,17.96110307249906,18.411378860473633,476469000
2022-08-02,18.09289210018399,18.90758142194784,18.062939600781153,18.49624252319336,489527000
2022-08-03,18.154789221455992,18.93753019924968,18.107863838709722,18.86264991760254,418146000
2022-08-04,18.818725984317854,19.243042594792605,18.72986823383553,19.18413734436035,409652000
2022-08-05,18.779786567763914,19.19811418839831,18.636018761507295,18.958499908447266,386068000
2022-08-08,17.473886632127186,18.2097022715193,17.214304052200333,17.76441764831543,981859000
2022-08-09,17.224289326765735,17.41897579817991,16.69713756258524,17.058555603027344,668263000
2022-08-10,17.6695709828763,18.08889639705217,17.289182479721063,18.067930221557617,597422000
2022-08-11,18.101876890579906,18.676951881347318,17.847285427896846,17.913179397583008,509327000
2022-08-12,18.130827666952836,18.68793186075144,17.92415946001401,18.678945541381836,478094000
2022-08-15,18.67096091199568,19.13321654286925,18.583102920928454,19.001428604125977,457666000
2022-08-16,18.889607370873275,19.11125087643797,18.47127981939262,18.84867286682129,451240000
2022-08-17,18.49324158060629,18.657975500633732,18.115848618129757,18.3055419921875,446799000
2022-08-18,18.2716035897907,18.83469681060988,18.1537931034188,18.74284553527832,415447000
2022-08-19,18.37643415192169,18.49025135099446,17.74145609340944,17.820329666137695,441588000
2022-08-22,17.461902487750006,17.529794039492458,16.938744114151103,17.006635665893555,409593000
2022-08-23,16.96171506921699,17.43695041995558,16.94274457877955,17.153406143188477,369986000
2022-08-24,16.98467604437704,17.378044243797792,16.86786528424407,17.194339752197266,522661000
2022-08-25,16.816942772656006,17.918171626071466,16.805960762250074,17.884225845336914,770691000
2022-08-26,17.828315779513094,17.895207590473877,16.210917226715885,16.2338809967041,769127000
2022-08-29,15.994267589292031,16.311755674946216,15.741673723289146,15.775618553161621,496132000
2022-08-30,15.934363667656111,16.013236290955273,15.157613482274343,15.443154335021973,530181000
2022-08-31,15.35928679586059,15.515036332831574,14.934969330165726,15.06975269317627,573710000
2022-09-01,14.186177151435565,14.356902971270143,13.248686195036969,13.9146146774292,1178865000
2022-09-02,14.077350584914733,14.14823567963121,13.569167449536392,13.625078201293945,743157000
2022-09-06,13.708942355163417,13.75686558272209,13.329552676036796,13.44336986541748,535751000
2022-09-07,13.545237877389667,13.819878314045399,13.328522048866603,13.696040153503418,512657000
2022-09-08,13.441372149210842,13.989653853498535,13.351490823804518,13.97167682647705,624873000
2022-09-09,14.138459061636421,14.455044295388618,14.107500475650557,14.368158340454102,486612000
2022-09-12,14.350182305946856,14.527948688246315,14.179405773307693,14.486003875732422,484159000
2022-09-13,13.78392363062557,13.903766352893664,13.081844277875383,13.113801956176758,714956000
2022-09-14,13.23664185667735,13.272594961389391,12.896088837173366,13.110807418823242,588507000
2022-09-15,12.997956185221906,13.21567015624059,12.77325045930142,12.912068367004395,523625000
2022-09-16,12.725311500263086,13.194696210561576,12.600475212066435,13.18071460723877,670751000
2022-09-19,12.99495805230326,13.445367583490736,12.992960816504965,13.364473342895508,569685000
2022-09-20,13.19769329297533,13.46534195963584,13.039900223317943,13.158743858337402,524818000
2022-09-21,13.195696747526322,14.012625346801554,13.092830994775037,13.243633270263672,807679000
2022-09-22,13.052882186314475,13.131779194049958,12.411723754768438,12.544548988342285,759162000
2022-09-23,12.403735942235254,12.594485810282588,12.240949285952915,12.49960994720459,663309000
2022-09-26,12.47464261841831,12.642422835414386,12.198004936367159,12.211986541748047,547343000
2022-09-27,12.490619571943231,12.719319742448128,12.241946090666989,12.396742820739746,553854000
2022-09-28,12.39374888989408,12.80620817097851,12.337822465998016,12.719322204589844,542414000
2022-09-29,12.431696780132437,12.483628721329582,11.930354395452484,12.203995704650879,532763000
2022-09-30,12.071172142984711,12.616457643964583,12.05918777299638,12.123104095458984,565638000
2022-10-03,12.330828295897756,12.661395087093203,12.08914468304134,12.495612144470215,547478000
2022-10-04,12.862133487134708,13.202687472797923,12.862133487134708,13.14975643157959,584182000
2022-10-05,12.894092749837501,13.303555685075708,12.604472555223252,13.191701889038086,507131000
2022-10-06,13.202684776328125,13.638113576163427,13.085837443272595,13.112802505493164,644157000
2022-10-07,12.488623513159082,12.653407390361005,12.00625625011576,12.060185432434082,672478000
2022-10-10,12.02123547777354,12.108121431783047,11.3930595354897,11.654716491699219,698699000
2022-10-11,11.545859652529316,11.830486265809176,11.268223841612809,11.57082748413086,667482000
2022-10-12,11.563835628802222,11.719630502652882,11.330141889388276,11.484938621520996,492590000
2022-10-13,10.956631792924158,12.062182385586972,10.798838721715281,11.944336891174316,850103000
2022-10-14,12.041209377307327,12.095138555665246,11.18932684468692,11.212296485900879,713432000
2022-10-17,11.50291639818063,11.932353601891439,11.501918256315049,11.872431755065918,580774000
2022-10-18,12.327833437876679,12.475639372211802,11.602784417601008,11.951327323913574,659362000
2022-10-19,11.86344167010799,12.33382546739314,11.81850053084603,12.035216331481934,523131000
2022-10-20,12.097138612447937,12.752279753869274,12.089148714654787,12.178032875061035,652398000
2022-10-21,12.082153718025369,12.481630372955836,11.87143059449203,12.449671745300293,609494000
2022-10-24,12.491620026626292,12.69335515427323,12.048201240588062,12.582500457763672,517457000
2022-10-25,12.677376368924335,13.282582706939756,12.647414970734918,13.243633270263672,505482000
2022-10-26,12.852147174952409,13.370466592779119,12.691357769324208,12.879111289978027,532953000
2022-10-27,13.61214975532052,13.819877533588544,13.104814677814026,13.158743858337402,583113000
2022-10-28,13.086839145065817,13.831862475965329,13.043895236732384,13.815882682800293,521040000
2022-10-31,13.75995843307189,13.819880285823185,13.279588326373862,13.479326248168945,486341000
2022-11-01,13.792912452696658,13.90676347391886,13.50129505001384,13.525263786315918,432817000
2022-11-02,13.83186195195651,14.191390140892414,13.1936988689507,13.201687812805176,672628000
2022-11-03,13.025919033651268,13.762952460821824,12.93903307601992,13.403423309326172,500065000
2022-11-04,13.967682330980322,14.21036409974022,13.679060329272222,14.137459754943848,612576000
2022-11-07,14.20936513239746,14.393124160979102,13.935724777761447,14.282269477844238,410061000
2022-11-08,14.781614983674388,14.871497264348415,14.197381111718515,14.582876205444336,595292000
2022-11-09,14.143452570833958,14.192389137520287,13.740980477958338,13.75795841217041,454414000
2022-11-10,14.78061823441489,15.75234357507586,14.527949302036653,15.729373931884766,700819000
2022-11-11,15.786301605326148,16.367539281571972,15.461727368675898,16.305620193481445,655487000
2022-11-14,16.1967618318074,16.51834065367654,15.901148984019148,16.27366065979004,527852000
2022-11-15,16.70009908063956,16.975736669946382,16.360544231088024,16.64417266845703,545876000
2022-11-16,16.140835725955686,16.340572673265275,15.852213675087597,15.889164924621582,649547000
2022-11-17,15.694420642704538,16.24469967737209,15.514656056143036,15.65647029876709,710894000
2022-11-18,15.945090404179322,15.981044462160867,15.10019861437429,15.38882064819336,492072000
2022-11-21,15.12716430732762,15.45673207416043,15.060251659699267,15.296941757202148,404739000
2022-11-22,15.307924354517073,16.036968738657247,15.102193833582675,16.01699447631836,472866000
2022-11-23,16.076917762150764,16.505356800578657,16.026984003688426,16.497365951538086,427241000
2022-11-25,16.2966271152818,16.46540447528635,16.150818440742185,16.248689651489258,167934000
2022-11-28,16.00501033484104,16.335578114870664,15.704405855375358,15.80627155303955,303741000
2022-11-29,15.80627041666049,15.91113338926736,15.499673299124572,15.61851692199707,298384000
2022-11-30,15.68045251052316,16.912153494374177,15.580558497425681,16.905160903930664,565298000
2022-12-01,16.981079427481237,17.24679783970152,16.61746285278934,17.11693572998047,470977000
2022-12-02,16.64143742283547,16.915148722341915,16.42766233403227,16.85820770263672,371389000
2022-12-05,16.66141865731802,16.977085530136808,16.454636135070988,16.592491149902344,352255000
2022-12-06,16.512575914907618,16.55552985566231,15.802324959390125,15.970148086547852,352694000
2022-12-07,15.75537458146814,16.168938682471737,15.6504847696813,16.103008270263672,372388000
2022-12-08,16.255848218840367,17.160893389958503,15.94217810718751,17.150903701782227,515456000
2022-12-09,17.141912716034206,17.564467197257134,16.957108244828135,16.98307991027832,465338000
2022-12-12,17.019039641707874,17.519510920881718,16.77929288691793,17.51651382446289,457328000
2022-12-13,18.511465684750743,18.770193437295646,17.692330392550996,18.052949905395508,656589000
2022-12-14,17.968040523898743,18.23276249935812,17.401638727640112,17.655370712280273,496888000
2022-12-15,17.127921595408722,17.301737920767152,16.682392700233958,16.934125900268555,478542000
2022-12-16,16.846223968965074,17.023037438901543,16.392702058076296,16.553531646728516,478232000
2022-12-19,16.554531578863497,16.591491326415667,16.127981643599433,16.236865997314453,354039000
2022-12-20,16.047064984160826,16.292805947862565,15.83528952764598,16.068042755126953,403260000
2022-12-21,16.097013267551,16.609472961104036,16.0850248812042,16.483604431152344,325025000
2022-12-22,16.077035434762546,16.120989680017022,14.866313091281313,15.322831153869629,565045000
2022-12-23,15.17998128298212,15.322830189395079,14.867311505326436,15.189970970153809,349326000
2022-12-27,15.058111870357818,15.084084488373529,14.041184273487007,14.10611629486084,464902000
2022-12-28,13.912320585471353,14.246967523902235,13.869365687694097,14.02120590209961,351066000
2022-12-29,14.38681998720955,14.667522983450695,14.2120042555653,14.587607383728027,354923000
2022-12-30,14.318888212075395,14.613577288601492,14.217994857604205,14.598593711853027,310490000
2023-01-03,14.835345814456593,14.980193431350457,14.081141524221861,14.299910545349121,401277000
2023-01-04,14.551643550441703,14.837341342052907,14.225987013110903,14.733450889587402,431324000
2023-01-05,14.475724399761354,14.548647400640538,14.13308556373845,14.24996280670166,389168000
2023-01-06,14.458742666001996,14.994177909991919,14.019206897315305,14.843337059020996,405044000
2023-01-09,15.267890176019389,16.03907580315993,15.125040304206118,15.611527442932129,504231000
2023-01-10,15.490655231753736,15.945175574984253,15.455692274992794,15.892231941223145,384101000
2023-01-11,15.823301290137104,16.01110282220087,15.546592882587277,15.984130859375,353285000
2023-01-12,16.08302534756965,16.619457911768272,15.475665637799224,16.49359130859375,551409000
2023-01-13,16.260841726815173,16.904163911762296,16.147961873227626,16.881187438964844,447287000
2023-01-17,16.881187014032182,17.709313641691512,16.881187014032182,17.683340072631836,511102000
2023-01-18,17.64837787383118,17.85416011409162,17.263783455353824,17.358684539794922,439624000
2023-01-19,17.01804399666776,17.17887551290729,16.71336705566109,16.747329711914062,452932000
2023-01-20,16.993067946601407,17.837178429750637,16.80726509622476,17.8201961517334,564967000
2023-01-23,18.044958004082773,19.2247147792948,17.799218927189443,19.17276954650879,655163000
2023-01-24,18.80715382585874,19.474450850170054,18.800161235154988,19.244691848754883,496204000
2023-01-25,18.893063715882672,19.349582719059857,18.560414551747876,19.302631378173828,449537000
2023-01-26,19.680232657858443,20.14474263652142,19.25767822252368,19.781126022338867,489535000
2023-01-27,19.441484557009698,20.60625581574819,19.384545434625117,20.34353256225586,542142000
2023-01-30,19.92897130354372,20.118769651142287,19.12981344690093,19.141801834106445,488611000
2023-01-31,19.14979328260832,19.66624851924581,18.930025867048208,19.516407012939453,498017000
2023-02-01,19.670244043953495,21.169661317208572,19.59032844677635,20.92092514038086,660477000
2023-02-02,20.97786301741522,21.925862042165335,20.67818002215878,21.686115264892578,564276000
2023-02-03,20.9778619200745,21.72207738368297,20.76708391302964,21.077756881713867,429366000
2023-02-06,20.78406792196353,21.54726252016348,20.764088546903054,21.066770553588867,452197000
2023-02-07,21.3594611160502,22.235537474634327,21.12770531761483,22.149627685546875,664150000
2023-02-08,22.363394527846065,22.85387795087758,21.98479443083381,22.18158721923828,559651000
2023-02-09,22.58216918763524,22.99573229825379,22.09668147789324,22.313451766967773,523876000
2023-02-10,21.667135439240298,22.05472500108008,20.789062350237074,21.242582321166992,550737000
2023-02-13,21.515293472026823,22.024756028474826,20.939900511928794,21.765029907226562,474919000
2023-02-14,21.55525189893666,23.024701862590533,21.343475492983863,22.94678497314453,675474000
2023-02-15,22.52522629397233,22.83090343317728,22.082694463199154,22.739999771118164,420575000
2023-02-16,22.109666050196253,22.526226251527607,21.903883847439104,21.978805541992188,412026000
2023-02-17,21.60819758522636,21.717081932888007,20.9528889890741,21.365453720092773,465888000
2023-02-21,20.97786007402784,21.471338740374534,20.596262840309503,20.633224487304688,410015000
2023-02-22,20.685174889382303,21.081755798453145,20.39947513838324,20.73212432861328,513184000
2023-02-23,23.415294236092592,23.86282198809331,23.00073074104482,23.639057159423828,1117995000
2023-02-24,23.200519010604086,23.449257089535415,22.922812171124363,23.26145362854004,589716000
2023-02-27,23.6450473658971,23.854825071141974,23.429275467548678,23.476224899291992,452994000
2023-02-28,23.347362102450354,23.79988559289662,23.1815367258424,23.191526412963867,455963000
2023-03-01,23.167550984389926,23.23148459935281,22.484272025585433,22.674072265625,460026000
2023-03-02,22.464297239112163,23.355355313247546,22.40835460483908,23.289424896240234,389415000
2023-03-03,23.29541595223961,23.874804445027564,23.105615715106577,23.86481475830078,412393000
2023-03-06,23.865815628810815,24.222437736222577,23.462240277861365,23.529170989990234,437429000
2023-03-07,23.579128902669357,24.103664219579663,23.22044523812733,23.267404556274414,515154000
2023-03-08,23.466222520970515,24.178593039415297,23.40327852623449,24.159608840942383,513573000
2023-03-09,24.153616530475606,24.432370990770355,23.36231723479036,23.415271759033203,501257000
2023-03-10,23.388294401646913,23.60610198543216,22.705897972493613,22.944686889648438,474866000
2023-03-13,22.731876826184696,23.2773934204727,22.27727934666776,22.94568634033203,421890000
2023-03-14,23.475217706481274,24.197577774691457,23.439248344671885,24.041715621948242,474910000
2023-03-15,23.73998179778675,24.26451702592668,23.339337433810194,24.20656967163086,524486000
2023-03-16,24.005750694887265,25.565369047622582,23.872866995148154,25.51841163635254,583253000
2023-03-17,25.959014503427817,26.375645407456542,25.64529121163748,25.702241897583008,848547000
2023-03-20,25.592342695819287,26.000981321988803,25.107771080019624,25.877090454101562,432747000
2023-03-21,26.15684854280883,26.36866095810992,25.358555335995277,26.175830841064453,547408000
2023-03-22,26.401626474238157,27.564598386349715,26.21379303359335,26.444589614868164,797295000
2023-03-23,27.091021036528733,27.474682229522468,26.66639764103161,27.166954040527344,564889000
2023-03-24,27.007093717949058,27.14297311837725,26.331690982855743,26.75531578063965,454920000
2023-03-27,26.81326313262677,26.97611906928059,26.34168048471256,26.50753402709961,361026000
2023-03-28,26.42361038825946,26.4895520016458,25.8271382618564,26.386642456054688,356104000
2023-03-29,26.801278531792093,27.054053149072452,26.57347951939455,26.96013641357422,393694000
2023-03-30,27.204916786801245,27.474678436555607,27.078028306822056,27.358779907226562,364516000
2023-03-31,27.115994254760153,27.809380660660256,27.08102536446216,27.752431869506836,433933000
2023-04-03,27.484667727431294,27.975232636511667,27.311820418959282,27.940263748168945,398716000
2023-04-04,27.941263393705515,27.97523371673916,27.282845889494656,27.4287166595459,368592000
2023-04-05,26.8052732678004,26.97412252588098,26.371657076286322,26.857227325439453,515015000
2023-04-06,26.560484102488175,27.05604564313856,26.40362339232595,27.013084411621094,397654000
2023-04-10,26.7992755400983,27.59657006024275,26.645412420852104,27.554607391357422,395279000
2023-04-11,27.699479353630412,27.765420962103274,27.102006799330113,27.144969940185547,314378000
2023-04-12,27.345793254176353,27.443706150535657,26.42460783917617,26.471567153930664,446259000
2023-04-13,26.710350638891573,26.863215174744923,26.30571011723808,26.439590454101562,353615000
2023-04-14,26.480556091603322,26.85922056456347,26.196806902127364,26.734331130981445,395660000
2023-04-17,26.541505126599592,26.982115069024893,26.409621904454085,26.978118896484375,321471000
2023-04-18,27.508646286112445,28.085135558158072,27.332801374544683,27.642526626586914,604812000
2023-04-19,27.336802094498506,27.975236904297546,27.20791647127858,27.90629768371582,358660000
2023-04-20,27.646526498743864,28.005210147455717,26.976120423056454,27.080028533935547,427713000
2023-04-21,26.928162455219432,27.158959050915872,26.6983663319222,27.095014572143555,345103000
2023-04-24,26.989107985798988,27.341794498427166,26.647409518060194,27.018081665039062,339282000
2023-04-25,27.05405218790828,27.222903354703707,26.201807819523317,26.217792510986328,378527000
2023-04-26,26.978118263771744,27.305827272348722,26.68138006807285,26.932157516479492,406337000
2023-04-27,27.338797504535222,27.470680716229086,26.601449417885966,27.20191764831543,377161000
2023-04-28,27.20092196442208,27.73344960649909,27.047056930698307,27.724458694458008,292216000
2023-05-01,27.81538028881881,29.03230358140779,27.75543388245508,28.88443374633789,570329000
2023-05-02,28.654636529358847,28.810498704607454,28.058164377201287,28.18505096435547,402730000
2023-05-03,27.815371274870834,28.341905486994502,27.447696798509213,27.77740478515625,383387000
2023-05-04,27.62654444288627,27.834360670007325,27.215908633799796,27.53762435913086,321850000
2023-05-05,27.801389698676097,28.72956699907564,27.70647440681242,28.654634475708008,361494000
2023-05-08,28.49677215933893,29.194154745050692,28.32492531170623,29.125215530395508,344979000
2023-05-09,28.873439595641816,28.94737354959499,28.42483732148799,28.54572868347168,314869000
2023-05-10,28.97934600141485,29.087252189450044,28.435828416964906,28.859453201293945,369350000
2023-05-11,28.87044053584294,28.92439362497088,28.221015861335896,28.55272102355957,322149000
2023-05-12,28.503765785473174,28.75454513594309,28.02119319112188,28.31493377685547,274222000
2023-05-15,28.48278682439075,28.943379556146176,28.127102678492278,28.927392959594727,293926000
2023-05-16,28.815489784527685,29.84358087051638,28.806498873165175,29.18716049194336,449405000
2023-05-17,29.557835439948157,30.172291303095026,29.40397230888541,30.151309967041016,432535000
2023-05-18,30.383102432113493,31.799847490043984,30.293181883981152,31.649980545043945,748725000
2023-05-19,31.508104052568303,31.55206575731735,30.888653542259405,31.236345291137695,473908000
2023-05-22,30.87366776329227,31.49212165768894,30.652864468171376,31.148426055908203,372000000
2023-05-23,30.972580557946717,31.260325929202107,30.603907456096916,30.660856246948242,356253000
2023-05-24,30.18328300147663,30.579933181590476,29.779640947935203,30.51099395751953,721419000
2023-05-25,38.488926318360186,39.44508061098546,36.60259571255149,37.946407318115234,1543911000
2023-05-26,37.8564903887327,39.13535716800428,37.516790924073234,38.911556243896484,714397000
2023-05-30,40.559096455146374,41.90090712766281,39.91366790954096,40.075523376464844,923401000
2023-05-31,39.453069566174214,40.25935493570893,37.78854287268503,37.800533294677734,1002580000
2023-06-01,38.45495240408073,40.01457242184314,38.30608594218301,39.73482131958008,635873000
2023-06-02,40.061540581838685,40.46418406925683,39.02345795167412,39.29222106933594,482731000
2023-06-05,38.874575677362174,39.52999351322453,38.672754732161266,39.13634490966797,396094000
2023-06-06,38.79565884971586,39.125365001144544,38.11425902229296,38.61981201171875,388729000
2023-06-07,38.884594133191015,39.468137450666795,37.326810358624385,37.445716857910156,511998000
2023-06-08,37.694534053593046,38.833643027365426,37.47570715034152,38.47991943359375,417772000
2023-06-09,39.0065091445359,39.679982507586125,38.53687882707075,38.73971939086914,427717000
2023-06-12,39.16938300880245,39.499123275212575,38.58783685686491,39.4511604309082,388701000
2023-06-13,40.154614126267326,41.06890039349555,39.70896332197463,40.989959716796875,613208000
2023-06-14,40.79212127354991,42.96642069321254,40.520330510838555,42.96342468261719,740465000
2023-06-15,42.56872727104233,43.2551909701653,42.11408081517457,42.619686126708984,568622000
2023-06-16,43.41605281707227,43.68684099042033,42.62766780743099,42.65864562988281,655709000
2023-06-20,42.964412198119035,43.9556378533534,42.6406639871136,43.77377700805664,451153000
2023-06-21,43.46702437838124,43.58093756834967,42.04713658375585,43.01137924194336,551603000
2023-06-22,42.21999014630877,43.39207412960286,42.20100779460612,42.991390228271484,417737000
2023-06-23,42.43083108618956,42.77555900672088,41.98218049927132,42.176029205322266,358140000
2023-06-26,42.42783558135576,42.730600334546075,40.06867951218722,40.60026550292969,594322000
2023-06-27,40.767133761708735,41.90724142585059,40.41640998353972,41.843292236328125,462175000
2023-06-28,40.628237095961644,41.81231277067348,40.4863497310759,41.08488082885742,582639000
2023-06-29,41.525528928313506,41.567495930281595,40.56827724146024,40.790103912353516,380514000
2023-06-30,41.64744701058792,42.516766447959405,41.46858596097829,42.268959045410156,501148000
2023-07-03,42.483786406248804,42.86448930889797,42.169033838728204,42.37986755371094,198209000
2023-07-05,42.102089932908285,43.143275924330226,42.05212974638505,42.28395080566406,323618000
2023-07-06,41.811325150457925,42.14606262903311,41.31371294848301,42.07012176513672,303582000
2023-07-07,42.28894446417988,43.18024990252509,42.14705707601412,42.46980285644531,355881000
2023-07-10,42.62368907673001,42.77756814161345,41.61647302860195,42.14706039428711,353908000
2023-07-11,42.447812790415895,42.72459682462769,42.03413855568288,42.37187194824219,298244000
2023-07-12,42.99937815979302,43.9006738309938,42.743577660758895,43.867698669433594,481277000
2023-07-13,44.48322589317595,46.118944360019775,44.45724522752528,45.94108581542969,478204000
2023-07-14,46.546611323884825,48.05043674269067,45.024802222527654,45.4334831237793,772075000
2023-07-17,46.25284659122238,46.459681830207685,45.2266483214971,46.42470932006836,510488000
2023-07-18,46.664525451589654,47.858591818877,45.698281650417556,47.456905364990234,569164000
2023-07-19,47.426920872593946,47.78064441217516,46.70548479149979,47.04022216796875,427502000
2023-07-20,46.47066830923723,47.05021703797439,45.02679746035021,45.484439849853516,537865000
2023-07-21,45.7522321711593,45.83017417101583,44.06555098011311,44.27438735961914,963769000
2023-07-24,44.69606260557121,45.0737695401444,44.00560422049565,44.57715606689453,382516000
2023-07-25,44.90589946333249,46.14692613209552,44.88791196755602,45.6433219909668,348081000
2023-07-26,45.98505592696078,46.01703242805517,44.5951435044959,45.416500091552734,364237000
2023-07-27,46.4826670082,47.357982253239214,45.71426663486367,45.86415100097656,455976000
2023-07-28,46.63154903236518,46.99026979268205,46.344774445154044,46.71348571777344,331194000
2023-07-31,46.71747924909827,47.093184983951005,46.4696718790696,46.69249725341797,251055000
2023-08-01,46.42370462471362,46.86336333707945,45.99104422518508,46.47066879272461,237858000
2023-08-02,45.79520486142881,45.80419670368741,43.353113509905164,44.23442459106445,530142000
2023-08-03,43.76579051634056,45.08276192345427,43.76579051634056,44.48023223876953,324176000
2023-08-04,44.949857860967036,45.606342288223864,44.35832128281738,44.64509582519531,362666000
2023-08-07,45.0757624027515,45.504428150828545,44.528190127809225,45.38152313232422,322154000
2023-08-08,44.81796761407976,45.2066637195198,44.0215892371064,44.62911605834961,353843000
2023-08-09,44.23941737277786,44.27738970488,42.10108946258739,42.5207633972168,586449000
2023-08-10,42.127077761381095,43.53997505454453,41.80233078646622,42.35490036010742,492705000
2023-08-11,41.71838968414298,41.985183246912044,40.607258703595875,40.823089599609375,533085000
2023-08-14,40.45437607089752,43.765786651430616,40.27951352736408,43.71882247924805,690286000
2023-08-15,44.52519626774696,45.23264344321466,43.67585790214367,43.905677795410156,676512000
2023-08-16,44.4852267558164,44.640104468597144,43.37209465339346,43.45203399658203,527451000
2023-08-17,43.93566069220137,44.02758789498413,42.96741571162868,43.310150146484375,452395000
2023-08-18,42.601695871064955,43.543960081000186,41.62745897404412,43.26517868041992,583768000
2023-08-21,44.4592488124891,47.02823995825299,44.1874618900852,46.93031692504883,692573000
2023-08-22,48.09740815814407,48.1493695012767,45.29759818989422,45.6323356628418,755293000
2023-08-23,45.83018078207806,47.16313859123231,45.17269372042857,47.07920455932617,779046000
2023-08-24,50.176780465500904,50.22674065271713,47.122168802250776,47.126163482666016,1156044000
2023-08-25,46.975282602767756,47.76766250313572,44.98883254303396,45.982059478759766,925341000
2023-08-28,46.445698798489914,46.94331098821709,44.85294565969937,46.798423767089844,685192000
2023-08-29,46.62954971759292,49.04266428440614,46.35476299443785,48.74589538574219,701397000
2023-08-30,49.005691704274305,49.88800143615993,48.387175707748206,49.225521087646484,735206000
2023-08-31,49.34143402541549,49.70514814643913,48.9197627338808,49.31645202636719,528570000
2023-09-01,49.72313090360501,49.76109942188399,48.10439357486219,48.471107482910156,463830000
2023-09-05,48.18533532160486,48.81284699146263,47.82261987711322,48.51008224487305,382653000
2023-09-06,48.40714710751364,48.51506952348067,46.547447675154636,47.02811050415039,468670000
2023-09-07,45.4931913383561,46.311619313403384,45.120450870903866,46.20869064331055,433330000
2023-09-08,45.90990538845147,46.57343915723393,45.239372728465916,45.5401611328125,473069000
2023-09-11,46.11575443664463,46.130743345970416,44.28103874415618,45.14643478393555,473966000
2023-09-12,44.70673820080512,45.64108624011381,44.49988211053749,44.838645935058594,349256000
2023-09-13,44.568836579722586,45.897909142211645,44.471904231366715,45.45322036743164,398355000
2023-09-14,45.91789786927569,45.95487076893904,45.0994698183301,45.549156188964844,370097000
2023-09-15,45.30930694300869,45.567126025554394,43.7773775410098,43.86931610107422,506831000
2023-09-18,42.71812866784668,44.211084137750255,41.97065027461465,43.93527603149414,500271000
2023-09-19,43.80237069955783,43.93527718281478,42.971950102234956,43.48958969116211,373064000
2023-09-20,43.56953710623469,43.872326816521394,42.193500252380844,42.20948791503906,367108000
2023-09-21,41.553948747199726,42.070585843913626,40.95136938508374,40.98834228515625,450736000
2023-09-22,41.54294952811981,42.08557317870962,41.202188203522006,41.58092498779297,479236000
2023-09-25,41.56194140759635,42.506280863755784,41.14822919128449,42.192501068115234,419091000
2023-09-26,41.97164730902177,42.79007519984935,41.62588843808872,41.881710052490234,402282000
2023-09-27,42.3004199239516,42.84204096958368,41.59990959746065,42.43832015991211,444935000
2023-09-28,42.43032920794071,43.41564027932202,42.085572876608914,43.05889129638672,424663000
2023-09-29,43.796371119268684,44.11315092531868,43.27673406437453,43.46860122680664,397830000
2023-10-02,43.99923228856128,45.143432663496135,43.830351660184725,44.750709533691406,433298000
2023-10-03,44.77668570728605,45.098463094837925,43.2157769974795,43.48658752441406,470850000
2023-10-04,43.71143255099348,44.112153297816725,43.26174626009731,44.010223388671875,361821000
2023-10-05,44.019221707908876,44.86863010408986,43.85733614690028,44.656776428222656,393483000
2023-10-06,44.16211860779347,45.75700398969615,43.99523549081201,45.73002243041992,434436000
2023-10-09,44.810668716384285,45.573136109277975,44.33700086795517,45.24136734008789,409675000
2023-10-10,45.27833709467453,46.22667139823051,45.05649211437215,45.765995025634766,368582000
2023-10-11,46.16371442393257,46.82625308984122,46.01781654956794,46.77328872680664,378137000
2023-10-12,46.744315234099965,47.57573461020595,46.297628975923374,46.91219711303711,481325000
2023-10-13,46.92718276252737,47.08307579073531,45.24835646569822,45.429229736328125,474115000
2023-10-16,45.0315095868921,46.192696327999904,44.880614130194836,46.06278991699219,375099000
2023-10-17,43.96925217503642,44.72272688542817,42.45031391518229,43.90729522705078,812333000
2023-10-18,42.56123210689282,43.18879535339014,41.79576863478219,42.166507720947266,627294000
2023-10-19,42.781093510182195,43.266754056698915,41.85274164589192,42.071590423583984,501233000
2023-10-20,41.860728698935155,42.4403252529677,41.049295810508625,41.35808181762695,477266000
2023-10-23,41.20019083203981,43.217781037891605,40.91638888400306,42.944969177246094,478530000
2023-10-24,43.04690671480756,43.66647252468541,42.66117859487752,43.63249588012695,401463000
2023-10-25,43.36767362465919,43.61950024898592,41.525962950621626,41.74980545043945,398379000
2023-10-26,41.8237544285133,42.22647269652664,39.852133556535904,40.297821044921875,541001000
2023-10-27,41.1012595868594,41.177206691835266,39.987037067133414,40.47169876098633,416784000
2023-10-30,41.05829069172662,41.73681325645553,40.45271135167305,41.13223648071289,388028000
2023-10-31,40.42173556666503,40.85043664876845,39.20258684468398,40.751502990722656,517969000
2023-11-01,40.855437818322336,42.35139367956083,40.84044890706074,42.295433044433594,437593000
2023-11-02,43.297724168934685,43.85333542629518,42.864029312260996,43.47560119628906,409172000
2023-11-03,43.989244118396975,45.27734115862164,43.692450744970955,44.97355651855469,424610000
2023-11-06,45.25335828782106,45.90290564428218,44.86762640814462,45.719032287597656,400733000
2023-11-07,45.687054558944546,46.18570260804149,45.12644574728523,45.922889709472656,343165000
2023-11-08,46.067786497149605,46.834252666745705,45.93587876150922,46.54145812988281,346719000
2023-11-09,47.43383140399592,48.19629874432979,46.71733335440422,46.91719436645508,540496000
2023-11-10,47.466808147596865,48.43812905946533,47.24996072733801,48.30122375488281,421245000
2023-11-13,48.28623183718149,49.081676995363466,48.06538560948801,48.586021423339844,384136000
2023-11-14,49.64527741365908,49.79916910737002,49.00572533941405,49.62129211425781,416954000
2023-11-15,49.90010916476034,49.92508940872805,48.1663208904743,48.85383987426758,475497000
2023-11-16,48.64499167888518,49.49040129899944,48.296236480687845,49.445430755615234,339756000
2023-11-17,49.48939362933796,49.68225956451404,48.972756588136555,49.263553619384766,325205000
2023-11-20,49.27753819263548,50.51267446523686,49.14662922458695,50.37377166748047,414120000
2023-11-21,50.09097543368955,50.48170107547834,49.18760774710226,49.90910339355469,565747000
2023-11-22,49.817161099137216,50.29982144046333,47.65666949538865,48.68195343017578,899420000
2023-11-24,48.43613388773008,48.8868189750065,47.711638178100976,47.742618560791016,294645000
2023-11-27,47.76660139816942,48.49609089003982,47.61870599505968,48.20829391479492,395662000
2023-11-28,48.20229716306376,48.28923817471284,47.439829789625705,47.7875862121582,401491000
2023-11-29,48.34520044689955,48.72793227517069,47.826562052543174,48.10636520385742,382005000
2023-11-30,47.990445435742124,48.076387698516726,46.389567324354005,46.73732376098633,526247000
2023-12-01,46.4924925258304,47.16702011217605,46.15472745047927,46.732322692871094,369317000
2023-12-04,46.04479257894412,46.04479257894412,44.9785370530333,45.478187561035156,437543000
2023-12-05,45.43822164958941,46.57152769132749,45.24334109197845,46.53755187988281,371718000
2023-12-06,47.18614867838316,47.35804445952592,45.38424902716008,45.47519302368164,380590000
2023-12-07,45.67208285394523,46.60051618631754,45.57614082890342,46.567535400390625,350823000
2023-12-08,46.566531807194686,47.71183151295026,46.5215573196364,47.47697448730469,359224000
2023-12-11,47.461988967358906,47.50196163403656,45.802004370558734,46.598514556884766,509728000
2023-12-12,46.017879199850015,47.63688873008438,46.017879199850015,47.62789535522461,372387000
2023-12-13,47.59990503689136,48.56431567041087,47.5789179572985,48.058624267578125,447792000
2023-12-14,48.360430116300336,48.64025779907837,47.393023118434655,48.32045364379883,391232000
2023-12-15,48.164556381448534,49.373816223552424,48.09060027989247,48.860130310058594,479948000
2023-12-18,49.36982501987744,50.402191134156865,49.11997773498407,50.046409606933594,412587000
2023-12-19,49.39380199579273,49.66963433728467,48.86512588284418,49.573692321777344,464444000
2023-12-20,49.62465933137436,49.96845091462431,48.068611458987135,48.08160400390625,397894000
2023-12-21,48.78117626784754,49.065003134313834,48.389413683730325,48.96006774902344,300425000
2023-12-22,49.16494193668389,49.352826795671184,48.437386098484225,48.800167083740234,252507000
2023-12-26,48.93808291084912,49.56969677808233,48.930088377699356,49.24889373779297,244200000
2023-12-27,49.480758467753716,49.64965395545636,49.05501618312312,49.38681411743164,233648000
2023-12-28,49.61267326878179,49.85352335128604,49.38181158719183,49.49174499511719,246587000
2023-12-29,49.782567581126976,49.96645709185245,48.721216111915,49.49174499511719,389293000
2024-01-02,49.21391556134482,49.26488309320295,47.565924699352884,48.138572692871094,411254000
2024-01-03,47.45599156277329,48.15456203597886,47.2910914479061,47.539939880371094,320896000
2024-01-04,47.737819636783634,48.47037358886087,47.4789789763883,47.96868133544922,306535000
2024-01-05,48.43239854255895,49.51673484987403,48.27649179251623,49.06700897216797,415039000
2024-01-08,49.48175774230581,52.24307051371221,49.44877695414858,52.2210807800293,642510000
2024-01-09,52.36899311649789,54.29181767502081,51.65842506490768,53.107540130615234,773100000
2024-01-10,53.58325017590931,54.56664645309511,53.45632503855136,54.31679916381836,533796000
2024-01-11,54.965399369459846,55.312187494704844,53.527279337957886,54.78850555419922,596759000
2024-01-12,54.58662953889082,54.93641799826661,54.29680960809761,54.67657470703125,352994000
2024-01-16,54.98438817814625,56.80027560728274,54.86646024002656,56.34755325317383,449580000
2024-01-17,56.312579806380306,56.43650460830921,54.706563019184806,56.018760681152344,474394000
2024-01-18,57.225023275703855,57.56481575240513,56.07272766296372,57.07211685180664,491650000
2024-01-19,57.953569636409725,59.463648066531206,57.19003646845247,59.454654693603516,543501000
2024-01-22,60.012312843126566,60.294142049642225,59.03391087179113,59.6175537109375,452955000
2024-01-23,59.53360568004521,59.87339811111822,58.549206851243994,59.836421966552734,294654000
2024-01-24,60.26715642389318,62.810599654408506,59.901378913458146,61.32450866699219,560271000
2024-01-25,62.3119072339738,62.680685096135214,60.81282362309359,61.5793571472168,482777000
2024-01-26,60.92275379769683,61.74525282231352,60.53599302202027,60.993709564208984,390309000
2024-01-29,61.19458949954275,62.45082152019551,60.86979110422985,62.42683792114258,348733000
2024-01-30,62.861575397836866,63.45421163481392,62.221963176710254,62.73564910888672,410735000
2024-01-31,61.40246175375336,62.23095765369269,60.66291599295292,61.489410400390625,453795000
2024-02-01,62.06206301871128,63.1523999678792,61.61234096321601,62.98849868774414,369146000
2024-02-02,63.934921410632114,66.55931680667902,63.65109449153059,66.11959075927734,476578000
2024-02-05,68.1833239064927,69.45455008972388,67.16395031831868,69.2896499633789,680078000
2024-02-06,69.58746608269533,69.71139089039546,66.25950589737128,68.18132781982422,683111000
2024-02-07,68.27727129750295,70.17711115098072,67.55870869062085,70.05618286132812,495575000
2024-02-08,70.03118381151026,70.75074512715133,69.412566337875,69.59844970703125,414422000
2024-02-09,70.48991468195457,72.14090604638328,70.16911160679686,72.08894348144531,436637000
2024-02-12,72.55564739281085,74.56542046599529,71.2064736279646,72.20386505126953,613710000
2024-02-13,70.35700477469595,73.40513741451034,69.57748237910234,72.08394622802734,602580000
2024-02-14,73.15730185072407,74.19066701109121,71.89407378756496,73.85487365722656,504917000
2024-02-15,73.82388341395547,73.9298138493264,72.35577892403286,72.61361694335938,420122000
2024-02-16,74.05471723562285,74.35653464053262,72.45669533307102,72.5686264038086,495327000
2024-02-20,71.90303947909813,71.91203666406658,67.69261615478561,69.4095687866211,704833000
2024-02-21,67.96444884340175,68.84591377259603,66.20752727493073,67.43077850341797,673755000
2024-02-22,74.97917375100998,78.52700071768926,74.17466516688725,78.49002838134766,865100000
2024-02-23,80.74064650613892,82.34366290568272,77.5226123761237,78.76885223388672,829388000
2024-02-26,79.6513162598183,80.59674521460998,78.45704646976243,79.04369354248047,503973000
2024-02-27,79.3325008302499,79.4314469973946,77.1148623296948,78.65291595458984,391705000
2024-02-28,77.57257418666705,78.88476781049101,77.07787390422563,77.61554718017578,393110000
2024-02-29,79.04568817875618,79.9411369643908,78.30213934805526,79.06367492675781,507289000
2024-03-01,79.95112232187887,82.24972013852617,79.38646508056598,82.22872924804688,479135000
2024-03-04,84.07859536447201,87.6414196546175,83.6678509917937,85.18492126464844,615616000
2024-03-05,85.22191083370436,86.04844794548417,83.36995895717057,85.91551971435547,520639000
2024-03-06,87.97235961581464,89.67339555623481,86.98091470216241,88.64997100830078,582520000
2024-03-07,90.10715187632745,92.7146816709082,89.55146568055456,92.61673736572266,608119000
2024-03-08,95.08433828640496,97.34506345152579,86.45720334881955,87.47863006591797,1142269000
2024-03-11,86.38026112101332,88.7469219574668,84.11853680206842,85.72563171386719,678364000
2024-03-12,87.9993412781643,91.90813084085208,86.10141029804566,91.86116027832031,668075000
2024-03-13,91.0036442134583,91.45238847114443,88.38511917925783,90.83673858642578,635713000
2024-03-14,89.52647603225017,90.5948732884495,86.55115025815236,87.89439392089844,602318000
2024-03-15,86.8809817189237,89.4955039098344,86.20836469105882,87.78746795654297,642086000
2024-03-18,90.33702166642148,92.3528823706334,87.03588315502401,88.40511322021484,668976000
2024-03-19,86.65110342037197,90.49293740706634,84.96206166270107,89.34758758544922,672171000
2024-03-20,89.74634940187569,90.35901024319512,88.17323967680368,90.32102966308594,479063000
2024-03-21,92.24793272927035,92.59573598079588,90.35399750860053,91.38341522216797,480372000
2024-03-22,91.0895899885777,94.72453954495887,90.78276394753543,94.2358169555664,586719000
2024-03-25,93.88801151365493,96.71141493346599,93.45725487677139,94.94841003417969,552136000
2024-03-26,95.79694219210086,96.32064875325118,92.44983185631351,92.50879669189453,513648000
2024-03-27,93.0594819501001,93.18740810778951,89.07273343467564,90.1990966796875,586067000
2024-03-28,89.9492364441801,91.24850624285476,89.14269241707345,90.30503845214844,435212000
2024-04-01,90.24806771473163,92.17297617207028,89.15368416261286,90.31202697753906,452441000
2024-04-02,88.39810360146309,90.04317879660557,87.57057538202243,89.40154266357422,433064000
2024-04-03,88.43409336471458,90.32302673450899,88.35014110939444,88.913818359375,370067000
2024-04-04,90.35499714995936,90.58287298050408,85.83154944356146,85.85653686523438,434965000
2024-04-05,86.81701209960936,88.43110686367916,85.87754736667624,87.9583740234375,399678000
2024-04-08,88.64996450448324,88.77989605626742,86.68307988880372,87.08385467529297,283220000
2024-04-09,87.39267436773328,87.58556628736338,82.97516956737525,85.30584716796875,501700000
2024-04-10,83.87867062101493,87.35071040768491,83.66179013581636,86.98991394042969,431929000
2024-04-11,87.37069146521046,90.687819723934,86.87697442257391,90.56488800048828,431637000
2024-04-12,89.64840815742117,90.1241452492344,87.48063273280795,88.13626098632812,426805000
2024-04-15,89.04773715751944,90.56188189803133,85.88052615088108,85.95248413085938,443077000
2024-04-16,86.38425134878223,88.06829858635284,86.01546379198004,87.3656997680664,370453000
2024-04-17,88.2901585822677,88.7249183584023,83.90263584788114,83.98759460449219,495400000
2024-04-18,84.9220802095837,86.14139337931326,82.35552770602675,84.62324523925781,447260000
2024-04-19,83.10310538210794,84.27643922651326,75.56336143765269,76.15702056884766,875198000
2024-04-22,78.0599406532052,80.02783178093904,76.35690706369323,79.47314453125,596341000
2024-04-23,80.7234441336971,82.72231614993429,80.21873169463018,82.37651062011719,438559000
2024-04-24,83.90264988256477,84.03457921776213,79.13834013698539,79.63206481933594,512208000
2024-04-25,78.82351130528671,83.27600032547527,78.17887846781115,82.58539581298828,424641000
2024-04-26,83.77074038243197,88.28119623524096,83.33998364388893,87.68553161621094,551011000
2024-04-29,87.54559308685103,87.94236470516184,85.21790438488335,87.70750427246094,388971000
2024-04-30,87.19080401105087,88.76891600613489,86.25133925368692,86.35327911376953,363709000
2024-05-01,85.02900264492887,85.9514784070707,81.20915281271795,82.99414825439453,559863000
2024-05-02,84.4013606664833,86.18835408667036,83.15306466582874,85.76859283447266,377898000
2024-05-03,87.73947860212795,89.23063371341577,86.9909005732954,88.7389144897461,398341000
2024-05-06,89.33958648937698,92.16799229625614,89.00477633292259,92.0880355834961,376203000
2024-05-07,91.04661392300342,91.72922732116892,88.96079315014337,90.50292205810547,437342000
2024-05-08,89.43253836914545,91.14257199813075,89.36957035953105,90.36101531982422,325721000
2024-05-09,90.47793776117966,91.0206307579062,88.18123739175036,88.69694519042969,378013000
2024-05-10,90.25406978590553,91.34945233112951,89.17667483195356,89.82730865478516,335325000
2024-05-13,90.42696502755186,90.94667600491073,88.47906681215352,90.34801483154297,289680000
2024-05-14,89.54846112262796,91.59930565354625,88.88383529778994,91.30447387695312,296507000
2024-05-15,92.41985698865427,94.8085087048786,91.54734815808854,94.5766372680664,417735000
2024-05-16,94.85647788998737,95.7649618311796,94.04992617640089,94.3057861328125,323952000
2024-05-17,94.31579065007874,94.68657602211378,91.75423233246279,92.42684936523438,359691000
2024-05-20,93.69712933361367,95.14630855060346,93.38730659931326,94.72654724121094,318764000
2024-05-21,93.54620449229954,95.3461911389766,93.12744211033531,95.33219909667969,328946000
2024-05-22,95.40515417154504,95.96583473980165,93.19640167904086,94.89643859863281,548648000
2024-05-23,101.97046583987779,106.26004537919088,101.46274907027386,103.74047088623047,835065000
2024-05-24,104.39008586204577,106.41494412748668,102.94190563238328,106.40895080566406,429494000
2024-05-28,110.18182631936331,114.87417806167193,109.82102986026253,113.83676147460938,652728000
2024-05-29,112.98622326682585,115.42683927273337,110.83843360106418,114.76021575927734,557442000
2024-05-30,114.58533630630252,115.75367568258609,109.60114957621623,110.43767547607422,484553000
2024-05-31,112.45652422078095,112.65341931534381,106.879677688503,109.57115936279297,613263000
2024-06-03,113.55691490102478,114.93513488769531,111.93982368190672,114.93513488769531,438392000
2024-06-04,115.65074383289046,116.53424034822847,113.98068096958718,116.37133026123047,403324000
2024-06-05,118.30424338003813,122.37993877462908,117.40175277551737,122.3709487915039,528402000
2024-06-06,123.97803915924119,125.51617269807858,118.25327265969561,120.92976379394531,664696000
2024-06-07,119.70244332667052,121.62336396697008,117.95543577009146,120.81981658935547,412386000
2024-06-10,120.3021010809677,123.0305567964374,116.94399587339676,121.72129821777344,313434100
2024-06-11,121.71130884876212,122.81078479761143,118.68277039590036,120.85173034667969,222551200
2024-06-12,123.00069556163665,126.8188544177255,122.51093382538542,125.13966369628906,299595000
2024-06-13,129.32763594350715,129.7374419918796,127.09871503024357,129.5475311279297,260704500
2024-06-14,129.89737910282292,132.7759808624214,128.2581700274141,131.8164520263672,309320400
2024-06-17,132.9259111616535,133.66554475885698,129.5175509456389,130.9168701171875,288504400
2024-06-18,131.07678620278367,136.26428691629846,130.62700616579136,135.5146484375,294335100
2024-06-20,139.73263779444994,140.69216665961412,129.45759262565218,130.71697998046875,517768400
2024-06-21,127.05874067811743,130.5670512631637,124.24010000634735,126.50900268554688,649445800
2024-06-24,123.1806025577778,124.40001580098117,117.98311173916277,118.0530776977539,476060900
2024-06-25,121.14159285282038,126.43904192857353,119.2625015362155,126.02923583984375,414192600
2024-06-26,126.06921428451571,128.0582531537486,122.54091663746888,126.3390884399414,362975900
2024-06-27,124.04019204451785,126.34908399185862,122.8607604065947,123.93024444580078,252571700
2024-06-28,124.51997619753142,127.6484653431849,122.6908561052602,123.48047637939453,315516700
2024-07-01,123.41049523168472,124.77983008392047,118.77273207553426,124.24009704589844,284885500
2024-07-02,121.07161927076024,123.35052684202405,120.9716689903923,122.61087799072266,218374000
2024-07-03,121.60136576540062,128.21817016601562,121.30150730962696,128.21817016601562,215749000
2024-07-05,127.31861187118912,128.78791231292527,125.61943416430904,125.76936340332031,214176700
2024-07-08,127.42855719345991,130.70698288369695,126.97877711018438,128.13821411132812,237677300
2024-07-09,130.28719371816868,133.7555228326683,128.58800070420872,131.3166961669922,285366600
2024-07-10,133.96540518326054,135.03489683470838,132.35618048673416,134.84498596191406,248978600
2024-07-11,135.6845824191085,136.0843835595481,126.98877797734232,127.33860778808594,374782700
2024-07-12,128.1981955828636,131.85643576222122,127.15870339191848,129.177734375,252680500
2024-07-15,130.49705535546263,131.3266570475404,127.11868757874264,128.37808227539062,208326200
2024-07-16,128.3781021800115,128.97780386568002,124.51996185494663,126.29910278320312,214769500
2024-07-17,121.29151734126509,121.7912763806817,116.66375138152577,117.93313598632812,390086200
2024-07-18,121.79127496540796,122.34101295266511,116.50382347473696,121.0316390991211,320979500
2024-07-19,120.29200089882109,121.54139851435873,117.31344125378135,117.8731689453125,217223800
2024-07-22,120.29201095769186,124.01021979256501,119.80224918664801,123.48047637939453,258068900
2024-07-23,122.72082517670732,124.62990831594026,122.04115259647224,122.53091430664062,173911000
2024-07-24,119.1125656978158,119.89218856658098,113.38533146913761,114.19493865966797,327776900
2024-07-25,112.98552700492492,116.57379332567128,106.24877714220031,112.22589111328125,460067000
2024-07-26,116.13401264402222,116.14400233469152,111.52623350707361,113.0055160522461,293399100
2024-07-29,113.63520299096253,116.22395093081532,111.24635559929368,111.53620910644531,248152100
2024-07-30,111.46624662712419,111.93602131829121,102.49057904635741,103.68000793457031,486833300
2024-07-31,112.84559062727486,118.28296369436077,110.82655987338046,116.9636001586914,473174200
2024-08-01,117.47335365334001,120.10209097077005,106.75851907796755,109.15736389160156,523462300
2024-08-02,103.7099895556254,108.66759790813096,101.32114215166182,107.21829223632812,482027500
2024-08-05,92.01562533705626,103.36016082359782,90.64629054713856,100.40158081054688,552842400
2024-08-06,103.78995436151921,107.65809209854007,100.50154657010994,104.19976043701172,409012100
2024-08-07,107.75803985921162,108.74756823143176,98.64244001125142,98.86233520507812,411440400
2024-08-08,101.95084088326249,105.44915405082541,97.47299667346623,104.9194107055664,391910000
2024-08-09,105.58909444979487,106.54863093775165,103.3801603016259,104.69952392578125,290844200
2024-08-12,106.26876479464013,111.01647580125626,106.20879614847053,108.96746063232422,325559900
2024-08-13,112.38580888904526,116.1739831093698,111.52622277964618,116.08402252197266,312646700
2024-08-14,118.47286659481198,118.54283254935508,114.0150172571808,118.02308654785156,339246400
2024-08-15,118.70276637796893,123.18060299513529,117.41338717159643,122.80078887939453,318086700
2024-08-16,121.88123149659879,124.93975424016854,121.12159565561768,124.51995849609375,302589900
2024-08-19,124.22011749326396,129.93736267089844,123.36053125322975,129.93736267089844,318333600
2024-08-20,128.33812230971984,129.81742012912812,125.82933728380516,127.18868255615234,300087400
2024-08-21,127.25863301570179,129.28766098618868,126.59895509298427,128.4380645751953,257883600
2024-08-22,129.95734653679833,130.68699047324503,123.04067554756361,123.68036651611328,376189100
2024-08-23,125.79932992863567,129.53753255606168,125.15963905002394,129.30763244628906,323230300
2024-08-26,129.50755712849073,131.196729770517,124.31005885081005,126.3990478515625,331964700
2024-08-27,124.98974063480068,129.1377346219971,123.82029866993177,128.23817443847656,303134600
2024-08-28,128.05824614963967,128.26815164825356,122.58089157173563,125.5494613647461,448101100
2024-08-29,121.30151255769351,124.37003270157089,116.65375204642187,117.5333251953125,453023300
2024-08-30,119.47238840117339,121.69131963851615,117.16350420185492,119.31246948242188,333751600
2024-09-03,115.95409419910477,116.15399476413343,107.238295351223,107.94795227050781,477155100
2024-09-04,105.3592035946603,113.21540862229497,104.06982436712501,106.1588134765625,372470300
2024-09-05,104.93940145906154,109.5971593888533,104.70951657024186,107.15833282470703,306850700
2024-09-06,107.9879453590278,108.09789296916705,100.90135747929331,102.78045654296875,413638100
2024-09-09,104.82945579489092,106.4986568208146,103.64003443897201,106.41869354248047,273912000
2024-09-10,107.75803619556127,109.34727382600163,104.89941402443941,108.04789733886719,268283700
2024-09-11,109.33728046789619,117.13352442144715,107.36822866067497,116.8536605834961,441422400
2024-09-12,116.79368208487448,120.7421209186122,115.33426173002456,119.0927734375,366052700
2024-09-13,119.03279906427295,119.91244749081417,117.55338237388469,119.05278778076172,238358300
2024-09-16,116.74370941440674,118.1331578565614,114.31467227697621,116.73371124267578,248772300
2024-09-17,118.12315326201993,118.75290839853001,114.78448096424103,115.54417419433594,231925900
2024-09-18,115.84405559100924,117.65333558843457,113.17511592459984,113.32505798339844,310318900
2024-09-19,117.30348218615993,119.61257171272585,117.20352335036759,117.82328033447266,293506400
2024-09-20,117.01359501507952,118.57298181753792,115.3442588328446,115.95401763916016,382462400
2024-09-23,116.50379891378353,116.94361929782039,114.81446644323901,116.21391296386719,206228500
2024-09-24,116.47380837806097,121.75172180406905,115.33426088161053,120.82209014892578,354966800
2024-09-25,121.97162943795686,124.89047778241,121.56179592255684,123.46104431152344,284692900
2024-09-26,126.7497296956914,127.61937987933592,121.75171208350119,123.9908218383789,302582900
2024-09-27,123.92085618310571,123.98082995705606,119.21272426875333,121.35187530517578,271009200
2024-09-30,118.26311174716899,121.45185000248784,118.10317912028606,121.39187622070312,226553700
2024-10-01,121.72171877480598,122.39145893750027,115.74409392230913,116.95361328125,302094500
2024-10-02,116.39384623986545,119.33267565347262,115.09435850244638,118.80288696289062,221845900
2024-10-03,120.872072316084,124.31071133495183,120.29230036497337,122.80130767822266,277118000
2024-10-04,124.890479741768,124.99043857930913,121.78171184810518,124.8704833984375,243678100
2024-10-07,124.94045138468705,130.58821322989388,124.9004663256647,127.66937255859375,346250200
2024-10-08,130.20834865989482,133.42707320550807,129.36868536610157,132.83731079101562,285722500
2024-10-09,134.0568400839603,134.46668122269037,131.32792651292905,132.597412109375,246191600
2024-10-10,131.8577168886846,134.94648840712318,130.94807393580103,134.75656127929688,242311300
2024-10-11,133.9568713960576,135.72617401836632,133.60701929174726,134.74656677246094,170209500
2024-10-14,136.4159022137037,139.54466630986312,136.24597143489578,138.01527404785156,232347700
2024-10-15,137.8153397242487,138.5150744275185,128.68896947491228,131.54783630371094,377831000
2024-10-16,133.92688301499192,136.56583584893667,131.527840530584,135.66619873046875,264879700
2024-10-17,139.28475003463748,140.83413853249198,136.81572813387166,136.87570190429688,306435900
2024-10-18,138.61502982502418,138.8449343829922,137.22558142668973,137.94529724121094,176090200
2024-10-21,138.07524085271365,143.6530303955078,137.94528751258602,143.6530303955078,264554500
2024-10-22,142.85335791004843,144.3627538949317,141.72380093133486,143.5330810546875,226311600
2024-10-23,141.97369118156848,142.37352650102258,137.40551088320953,139.50466918945312,285930000
2024-10-24,140.76418072009866,141.293969386979,138.40511570705533,140.35433959960938,172354900
2024-10-25,140.8741279131319,144.0728716327459,140.74418981710016,141.48388671875,205122100
2024-10-28,142.9433224828564,143.08326638426843,139.99449475491215,140.4643096923828,173586700
2024-10-29,140.23437413304583,142.20359433012132,138.8449258203989,141.19400024414062,157593600
2024-10-30,139.48467718743143,140.27437255912164,136.75576367804047,139.28475952148438,179418100
2024-10-31,137.54545990469654,137.55545044959692,132.05763071180766,132.70736694335938,270039600
2024-11-01,134.64660922766117,137.25557537634637,134.5166711244238,135.34632873535156,207127800
2024-11-04,137.15560698724303,138.90491316378314,135.5162578090522,135.99606323242188,187528200
2024-11-05,137.39550649112996,140.31434706066804,137.27555894461494,139.8545379638672,160537400
2024-11-06,142.90334822985668,146.4319479858603,141.90374455387283,145.5522918701172,242043900
2024-11-07,146.33198051831096,148.8709671267726,146.1120664908763,148.8209991455078,207323300
2024-11-08,148.7110195677981,149.7106230852884,146.20200497714438,147.57147216796875,175665800
2024-11-11,148.62105018654825,148.7909962143961,143.51309063046196,145.20240783691406,182325600
2024-11-12,146.72180532829077,149.5906625866308,145.95210633724608,148.231201171875,198634700
2024-11-13,149.01091396688446,149.27080540839845,145.84215717514013,146.21202087402344,191903300
2024-11-14,147.5814687564354,148.94093020600926,145.49230097997514,146.70181274414062,194463300
2024-11-15,144.81254410002094,145.18240774117885,140.0244503789864,141.92369079589844,250132900
2024-11-18,139.4447004149215,141.4938908192372,137.0956258838966,140.0944366455078,221205300
2024-11-19,141.26398946372595,147.07168399645053,140.9341184421503,146.95172119140625,227834900
2024-11-20,147.3515703217148,147.5015047606034,142.67341754276418,145.83216857910156,309871700
2024-11-21,149.290807835149,152.8293979645091,140.64422730754492,146.6118621826172,400946600
2024-11-22,145.8721561256333,147.1016796207282,141.0440838257902,141.89373779296875,236406200
2024-11-25,141.93371415065735,141.99368792347047,135.7661620516237,135.96607971191406,344941900
2024-11-26,137.6453968958927,139.24476857370792,135.61620304064866,136.86570739746094,190287700
2024-11-27,134.95647541996794,137.16560606875765,131.74775643225163,135.28634643554688,226370900
2024-11-29,136.7257870913165,139.29477581313424,135.99608069190262,138.19520568847656,141863200
2024-12-02,138.77496038075373,140.39431322408433,137.76536630294407,138.57504272460938,171682800
2024-12-03,138.2051993772479,140.48429454860658,137.8953246767264,140.20440673828125,164414000
2024-12-04,141.94370396224937,145.73219470186731,140.23437518220274,145.08245849609375,231224300
2024-12-05,145.06246836220566,146.49199262942497,143.90284467102651,145.01248168945312,172621200
2024-12-06,144.5526526293818,145.65228325014007,141.26372149336697,142.3933563232422,188505600
2024-12-09,138.92449289189105,139.90416770148084,137.08509909525122,138.76454162597656,189308600
2024-12-10,138.96445323342698,141.77354545828368,133.74616214517607,135.0257568359375,210020900
2024-12-11,137.31501545162718,140.1240927409604,135.16572567436427,139.26437377929688,184905200
2024-12-12,137.03510407678786,138.39465924672223,135.75552453494274,137.29501342773438,159211400
2024-12-13,138.89449032268433,139.55427778956917,132.4965775973186,134.20602416992188,231514900
2024-12-16,134.13603509853905,134.35596424649526,130.37727237183418,131.95675659179688,237951100
2024-12-17,129.04771280436398,131.54689392732612,126.81844751374322,130.3472900390625,259410300
2024-12-18,133.8161583001621,136.6552244722092,128.23798405143236,128.86778259277344,277444500
2024-12-19,131.7168244915274,133.98608501684748,129.50755712091288,130.63717651367188,209719200
2024-12-20,129.76747112979962,135.2356803497186,128.1779956829599,134.65586853027344,306528600
2024-12-23,136.23534836132282,139.7441928628519,135.07572475974197,139.62423706054688,176053500
2024-12-24,139.9541431061549,141.85351466107915,138.60457919611483,140.174072265625,105157000
2024-12-26,139.65425012018665,140.8038826879709,137.68489400548984,139.88417053222656,116205600
2024-12-27,138.50462254046806,138.97446981750295,134.66588395063462,136.96511840820312,170582600
2024-12-30,134.78581438230358,140.22403398735426,133.97608228188028,137.4449462890625,167734700
2024-12-31,137.98479821279548,138.02479365615312,133.7861766339878,134.2460174560547,155659200
2025-01-02,135.95545329338754,138.8345148325783,134.58590691715995,138.2646942138672,198247200
2025-01-03,139.96413776465596,144.85253555834646,139.68423069189672,144.4226837158203,229322500
2025-01-06,148.54133648113356,152.11017470884985,147.77159962141576,149.3810577392578,265377400
2025-01-07,152.97987862898157,153.07985197865167,139.96413864833562,140.09410095214844,351782200
2025-01-08,142.5332942493383,143.90284057175748,137.51493447299714,140.06410217285156,227349900
2025-01-10,137.40498271998055,139.87417502688794,134.17604480086774,135.86549377441406,207602500
2025-01-13,129.94742663109315,133.4462801889749,129.4675728747113,133.1863555908203,204808900
2025-01-14,136.00543044799826,136.33532416409136,130.00739616366573,131.71682739257812,195590500
2025-01-15,133.60622538989423,136.4053114797544,131.24699764678536,136.1953887939453,185217300
2025-01-16,138.59457607585483,138.70454064615834,133.44626949753135,133.5262451171875,209235600
2025-01-17,136.6452315490251,138.45463626831489,135.41563868932835,137.66490173339844,201188800
2025-01-21,139.11440825447346,141.783531605571,137.04507916268696,140.7838592529297,197749000
2025-01-22,144.61262104889417,147.74158546149795,143.62293982675303,147.02183532714844,237651400
2025-01-23,145.0024960002277,147.18177468068177,143.67292977388993,147.17178344726562,155915500
2025-01-24,148.32140487495408,148.92121448023644,141.8335400716498,142.5732879638672,234657600
2025-01-27,124.75912547322825,128.3579371600633,116.66177248371496,118.38121032714844,818830900
2025-01-28,121.77008342453179,128.9577298793433,116.21190774010589,128.94773864746094,579666400
2025-01-29,126.45856310434583,126.8484347440811,120.01067894543576,123.65947723388672,467120600
2025-01-30,123.05968123503551,124.9590604797062,118.06131881584726,124.60917663574219,392925500
2025-01-31,123.73945402173636,127.80812056780856,119.15096116009843,120.03067016601562,388161100
2025-02-03,114.71241004430098,118.53115837860842,112.97298217131676,116.62178802490234,371235700
2025-02-04,116.92168099297385,121.16028976109213,116.66176403787988,118.61112976074219,256550000
2025-02-05,121.72012173666313,124.95905839472358,120.72044926950534,124.78911590576172,262230800
2025-02-06,127.37829628086023,128.72786055574414,125.169020482652,128.63787841796875,251483600
2025-02-07,129.17766285547097,130.32727996151158,124.95904429961287,129.79745483398438,228186300
2025-02-10,130.04737430419848,134.95576927734325,129.91742726932324,133.5262451171875,216989100
2025-02-11,132.5365863252507,134.43595803743202,130.9770996135579,132.7565155029297,178902400
2025-02-12,129.97741762356085,132.19669170682792,129.03772306980744,131.0970458984375,160278600
2025-02-13,131.51689288233604,136.455276767875,131.12702127315083,135.24566650390625,197430000
2025-02-14,136.43528567888637,139.20438251414282,135.45561099221797,138.8045196533203,195479600
2025-02-18,141.22373753647113,143.3930250185803,137.8848198127303,139.35433959960938,219176600
2025-02-19,139.46430955469114,141.31370984182348,137.17506616632772,139.1844024658203,167536000
2025-02-20,139.98412654948388,140.61392504988532,136.74518244514988,140.06410217285156,143903600
2025-02-21,139.99411868487,141.41366694156105,133.98609294492073,134.38595581054688,228217600
2025-02-24,136.51527743543022,138.544611438826,130.03740375103862,130.23733520507812,251381100
2025-02-25,129.93742515974864,130.1573543264651,124.39924631174091,126.5885238647461,271428700
2025-02-26,129.9474287481865,133.68619399137987,128.44792005609298,131.23699951171875,322553800
2025-02-27,134.9557838016939,134.96577503505506,119.97069557287365,120.11064910888672,443175800
2025-02-28,117.98134023479652,125.04902421361967,116.36187573271177,124.87908172607422,389091100
2025-03-03,123.46954557652553,123.65947815441595,112.2432206852501,114.02263641357422,411381400
2025-03-04,110.61375634258967,119.27091565466138,110.07393231302608,115.9520034790039,398163300
2025-03-05,117.54148848655969,118.2412561507128,114.47249437052442,117.26158142089844,284337900
2025-03-06,113.49281250827367,115.31221606989396,110.18389912538346,110.53378295898438,321181900
2025-03-07,111.21356818629886,113.44284126847423,107.52477413573757,112.6530990600586,341755500
2025-03-10,109.86399541986671,111.81335349826479,105.42544763902806,106.94495391845703,366487400
2025-03-11,106.9549409312714,112.20322068732999,104.73566712840632,108.724365234375,354865700
2025-03-12,114.09312447156262,116.7325020716217,112.85341103244578,115.71273803710938,323857500
2025-03-13,117.0024278677365,117.73225924433854,113.76319330991835,115.55277252197266,299033100
2025-03-14,118.5820578648422,121.85128414551467,118.12216714928688,121.6413345336914,277593500
2025-03-17,122.711081524258,122.86104771124882,118.00219206936818,119.50183868408203,255501500
2025-03-18,117.97220343827061,118.99195980676369,114.51301940530757,115.4028091430664,299686900
2025-03-19,117.24237608211885,120.42162740294437,115.6527542355049,117.49231719970703,273426200
2025-03-20,116.52253841801043,120.17167220516042,116.44255543913019,118.50206756591797,248829700
2025-03-21,116.91244866461768,117.9621966837067,115.39280254041711,117.6722640991211,266498500
2025-03-24,119.8517551027078,122.19120779583362,119.31188140429414,121.38140106201172,228452500
2025-03-25,120.5216012824151,121.26142480153007,118.89198043130345,120.66156768798828,167447200
2025-03-26,118.70203035263671,118.81199741904777,112.68344440410922,113.73320007324219,293463300
2025-03-27,111.32377219977147,114.42304053099558,110.6339399022949,111.40375518798828,236902100
2025-03-28,111.46373602695421,112.84341584506377,109.04430789656145,109.6441650390625,229872500
2025-03-31,105.10522740758995,110.9338556226425,103.6255803841977,108.35446166992188,299212700
2025-04-01,108.49443304563391,110.17403760023085,106.4449205320371,110.12405395507812,222614000
2025-04-02,107.26472214391917,111.95361956622256,106.76483994973236,110.39398193359375,220601200
2025-04-03,103.48562015563714,105.60511590388697,101.57606639857329,101.7760238647461,338769400
2025-04-04,98.88670323249266,100.10640942744341,92.08830207120735,94.28778076171875,532273800
2025-04-07,87.43938789235719,101.72602116602216,86.59958951154498,97.61698913574219,611041300
2025-04-08,103.78553826456235,105.82505852328022,94.43774279946976,96.27731323242188,476243400
2025-04-09,98.86670469924479,115.07288532975399,97.50702445286697,114.30307006835938,612918300
2025-04-10,109.34423379452805,110.83388059600858,99.12664053501021,107.5446548461914,437812400
2025-04-11,108.4744417347206,111.52372632761113,107.45468536211307,110.90386962890625,313417300
2025-04-14,114.08312248391158,114.26308039077927,109.04430871921362,110.68392181396484,264705000
2025-04-15,110.94385517244878,113.5932323217664,110.47396469045397,112.1735610961914,228966900
2025-04-16,104.52537649088836,106.76484672728219,100.4263361362673,104.46538543701172,397016900
2025-04-17,104.4253812132841,104.44538077133734,100.02642426353728,101.46607971191406,292517500
2025-04-21,98.74673137333838,99.41657935183265,95.01761424618036,96.88717651367188,288501100
2025-04-22,98.75671690551087,99.78647292005905,97.25707044682602,98.86669158935547,241004800
2025-04-23,104.4953697335839,104.77531016741209,101.99595878138034,102.68579864501953,247526000
2025-04-24,103.45562063709751,106.51489717654988,103.08570507328525,106.40492248535156,220815000
2025-04-25,106.82483233532861,111.8936379045766,105.70510100806126,110.98385620117188,251064700
2025-04-28,109.66417212829982,110.34401230383385,105.9950305600335,108.70439910888672,207708500
2025-04-29,107.64463563001284,110.17403844763395,107.41469407982767,108.99431610107422,170444300
2025-04-30,104.44538450923935,108.89433288574219,104.05547701680861,108.89433288574219,235044600
2025-05-01,113.05335693358144,114.91291927434723,111.27377757314032,111.58370208740234,236121500
2025-05-02,114.15310576985596,115.37281962529518,113.34329900218786,114.47303009033203,190194800
2025-05-05,112.88340831442672,114.64298826396649,112.63346720059009,113.7931900024414,133163200
2025-05-06,111.4537475013017,114.7129742117387,110.7938992837595,113.51325988769531,158525600
2025-05-07,113.02337494499027,117.65228163619798,112.25355204144066,117.03242492675781,206758800
2025-05-08,118.22214377270919,118.65204278244111,115.82270761670769,117.34235382080078,198428100
2025-05-09,117.32235248570746,118.20215005190205,115.18285724943865,116.62252044677734,132972200
2025-05-12,121.94126742822685,122.97102355957031,120.25166311897564,122.97102355957031,225023300
2025-05-13,124.95056035306071,131.18908818741485,124.44067836400953,129.89938354492188,330430100
2025-05-14,133.16861033831793,135.40808800730593,131.6489642323906,135.30810546875,281180800
2025-05-15,134.25836692241,136.26790331471523,132.62876117393418,134.79824829101562,226632600
2025-05-16,136.18791721457987,136.31789147723805,133.42857277146337,135.36810302734375,226542500
2025-05-19,132.35879696756518,135.83797251007488,132.35879696756518,135.53805541992188,193154600
2025-05-20,134.2583525069389,134.54829272140586,132.58874781513978,134.3483428955078,161514200
2025-05-21,133.02864907239967,137.36762292180558,130.55922977564506,131.76895141601562,270608700
2025-05-22,132.19884131725317,134.21836966107523,131.51900885300861,132.7987060546875,187344000
2025-05-23,129.96937433382988,132.64873565144939,129.12957588399638,131.25906372070312,198821300
2025-05-27,134.1183754403962,135.6280293045703,133.27857708527512,135.4680633544922,192953600
2025-05-28,135.9979578766118,137.2176717346689,134.75824445795843,134.7782440185547,304021100
2025-05-29,142.21648797143945,143.45620133736625,137.87751407348716,139.15721130371094,369241900
2025-05-30,138.6873257641086,139.58710766728817,132.88868890141003,135.09817504882812,333170900
2025-06-02,135.45808684638126,138.08745689917103,135.36809645457458,137.34764099121094,197663100
2025-06-03,138.74729436292043,141.9665367692297,137.91748812723765,141.1867218017578,225578800
2025-06-04,142.15650682982962,142.3564566649135,139.5071219355859,141.88656616210938,167120800
2025-06-05,142.13649493837005,143.96606551828813,138.79728569106723,139.95701599121094,231397900
2025-06-06,142.47640682683559,143.23623746842864,141.47664251332282,141.6865997314453,153986200
2025-06-09,143.15627066728982,144.96584183837217,141.9065651342004,142.59640502929688,185114500
2025-06-10,142.65638139553192,144.25599524562207,141.4966510569608,143.92608642578125,155881900
2025-06-11,144.5859620448177,144.96590375929992,141.84641202362192,142.80625915527344,167694000
2025-06-12,141.94641106631286,144.9759063720703,141.82643588786814,144.9759063720703,162365000
2025-06-13,142.4563055840922,143.556128789635,140.8265869783813,141.94639587402344,180820600
2025-06-16,143.32618096280035,146.1556971839991,143.1761967394354,144.66595458984375,183133700
2025-06-17,144.46598768948277,145.1958620737219,143.75609899624828,144.09603881835938,139108000
2025-06-18,143.9860537050978,145.62578045463974,143.0962022725339,145.455810546875,161494100
2025-06-20,145.42582047781178,146.17569581398777,142.6262828381709,143.8260955810547,242956200
2025-06-23,142.47632119978937,144.7559411184857,142.00639807778802,144.1460418701172,154308900
2025-06-24,145.53580457152245,147.9354148301798,145.4758169849003,147.8754119873047,187566100
2025-06-25,149.24520677628502,154.4243389252029,149.23519867353343,154.28436279296875,269146500
2025-06-26,155.95406403411533,156.69394650127538,153.97439748110884,154.99423217773438,198145700
2025-06-27,156.01404775885302,158.68361723049148,155.2341786737402,157.72377014160156,263234500
2025-06-30,158.37368067249696,158.6336472456001,155.93409881773164,157.96376037597656,194580300
2025-07-01,156.26402965591922,157.17388214393176,151.46483925954294,153.2745361328125,213143600
2025-07-02,152.9545671877056,157.57380961936815,152.94457434216997,157.22386169433594,171224100
2025-07-03,158.34368228178877,160.95324924613055,157.74379112425564,159.3135223388672,143716100
2025-07-07,158.17371270193448,159.28352889047815,157.31385497697042,158.21371459960938,140139000
2025-07-08,159.30351713245472,160.19336858156893,158.36367094336165,159.97340393066406,138133000
2025-07-09,161.1932080055649,164.39267314506114,161.13322041798892,162.85293579101562,183656400
2025-07-10,164.29270331195812,164.4726660794993,161.5831469026993,164.07273864746094,167704100
2025-07-11,163.6927958392512,167.862101078866,163.44283738179527,164.89259338378906,193633300
2025-07-14,165.3425116109199,165.4625020418882,161.99307751467913,164.04273986816406,136975800
2025-07-15,171.1615549258278,172.37134531045626,169.17188012202328,170.671630859375,230627400
2025-07-16,171.03157616389174,171.72146396229547,168.87193138356372,171.34152221679688,158831500
2025-07-17,171.99141956059896,174.13106334471073,170.80161486292053,172.97125244140625,160841100
2025-07-18,173.61113894806013,174.22103817113316,171.23152964225835,172.38134765625,146456400
2025-07-21,172.72129949000853,173.35119970444802,170.97159023323564,171.35153198242188,123126100
2025-07-22,171.31154005146294,171.36153479867312,164.55266825003173,167.00225830078125,193114300
2025-07-23,169.5018251648929,171.23153339032083,167.94208685699226,170.75161743164062,154082200
2025-07-24,172.41134882841166,173.80111724784433,171.27153886755505,173.7111358642578,128984600
2025-07-25,173.58115848322245,174.69097468726906,172.9312725713388,173.47117614746094,122316800
2025-07-28,173.99108478739527,176.97058528484683,173.94109004538618,176.7206268310547,140023500
2025-07-29,177.93044011853775,179.35020236643535,174.99092613442062,175.4808349609375,154077500
2025-07-30,176.48066791766442,179.86011122312902,176.01074478620916,179.24021911621094,174312200
2025-07-31,182.86960179799485,183.26954448460754,175.9007587673991,177.84043884277344,221685400
2025-08-01,174.06106522140865,176.51065501732398,170.86160006411595,173.69113159179688,204529000
2025-08-04,175.1309006070304,180.17005649193501,174.49100755408614,179.9700927734375,148174600
2025-08-05,179.59015184800575,180.23004490386853,175.87076869322405,178.23037719726562,156407600
2025-08-06,176.30069964693718,179.87009845787975,176.22071111043454,179.3901824951172,137192300
2025-08-07,181.53984513179375,183.84945895635624,178.7703010091291,180.73997497558594,151878400
2025-08-08,181.51982919208731,183.26953833968557,180.3700111699138,182.6696319580078,123396700
2025-08-11,182.01974653412333,183.80944232526838,180.2200426409657,182.0297393798828,138323200
2025-08-12,182.9295986692803,184.44933506001817,179.4301803710301,183.1295623779297,145485700
2025-08-13,182.58965738273272,183.93943921657484,179.3202115957667,181.55982971191406,179871700
2025-08-14,179.72011917648817,182.98957985829236,179.43017409752198,181.98974609375,129554000
2025-08-15,181.84978375259033,181.86976944489334,178.01041021115256,180.42001342773438,156602200
2025-08-18,180.56998232776263,182.90958965389834,180.55997422620712,181.979736328125,132008000
2025-08-19,182.39967416584764,182.46966985536903,175.46084035755914,175.61080932617188,185229200
2025-08-20,175.1408920976954,175.9707560164781,168.77195541250927,175.370849609375,215142700
2025-08-21,174.8209444570093,176.87059152353538,173.78110877087863,174.95091247558594,140040900
2025-08-22,172.58132291943235,178.56032512128596,171.17155351749952,177.96043395996094,172789400
2025-08-25,178.3203719824875,181.87977802218637,176.54066896263805,179.78012084960938,163012800
2025-08-26,180.03006938032237,182.35968393651802,178.7802771456414,181.7397918701172,168688200
2025-08-27,181.94975068857377,182.45967569067753,179.07023971825097,181.56982421875,235518900
2025-08-28,180.7899615720414,184.43934897141472,176.3806906932069,180.1400604248047,281787800
2025-08-29,178.08040158317536,178.12038822306508,173.12121914292007,174.1510467529297,243257900
2025-09-02,169.9717482776903,172.351357635579,167.19221149694363,170.75161743164062,231164900
2025-09-03,171.03158891427162,172.38137081666613,168.851958278929,170.59165954589844,164424900
2025-09-04,170.54166973363456,171.83144870716828,169.381858788342,171.63148498535156,141670100
2025-09-05,168.00209055003162,169.0019244592772,164.04275681292185,166.9922637939453,224441400
2025-09-08,167.5221599855096,170.93159698121408,167.32219627229085,168.2820281982422,163769100
2025-09-09,169.0618925540675,170.95157781434446,166.71229229208453,170.7316131591797,157548400
2025-09-10,176.61064931709572,179.26020289704138,175.44084555219968,177.300537109375,226852000
2025-09-11,179.66027757334626,180.26021784214308,176.4606317396978,177.1505584716797,151159300
2025-09-12,177.75047851465564,178.5803891806412,176.43061617633268,177.80047607421875,124911000
2025-09-15,175.650725630949,178.83038469078608,174.49084923140515,177.73049926757812,147061600
2025-09-16,176.98057174387853,177.4805168617991,174.36086420825131,174.86080932617188,140737800
2025-09-17,172.62104942275718,173.18098551277336,168.39151800406466,170.27130126953125,211843800
2025-09-18,173.96089569350613,177.08056354559588,172.94101865721873,176.2206573486328,191763300
2025-09-19,175.7506939671915,178.06043774665943,175.16074718989944,176.6505889892578,237182100
2025-09-22,175.28075846993005,184.52974299714734,174.69082690233378,183.58984375,269637000
2025-09-23,181.95002022927713,182.3999677661597,176.19065819152993,178.410400390625,192559600
2025-09-24,179.75025700209653,179.76025041106172,175.38072666046574,176.9505615234375,143564100
2025-09-25,174.4608472798892,180.2402117285651,173.11100459099512,177.67050170898438,191586700
2025-09-26,178.15043859744398,179.750269051669,174.91078879333958,178.17044067382812,148573700
2025-09-29,180.41019002973698,183.97980553666213,180.30021674934378,181.83004760742188,193063500
2025-09-30,182.06000352373024,187.32942897828707,181.4600633204032,186.55950927734375,236981000
2025-10-01,185.21967144700423,188.11934700723293,183.87980694521147,187.21945190429688,173844900
2025-10-02,189.57919146332628,191.0290292282152,188.03935198339767,188.8692626953125,136805800
2025-10-03,189.16924608680657,190.33911589327732,185.35966652947783,187.5994110107422,137596900
2025-10-06,185.4796339074747,187.20943969833962,183.3098739831843,185.51962280273438,157678100
2025-10-07,186.20955566811082,189.03924688644503,183.97980469837793,185.01968383789062,140088000
2025-10-08,186.5495190429729,189.57918508139647,186.51950830089396,189.0892333984375,130168900
2025-10-09,192.20888438710807,195.27855455286462,191.039014711271,192.54885864257812,182997200
2025-10-10,193.4887469873255,195.59851591827854,182.03001384654092,183.139892578125,268774400
2025-10-13,187.9493639887039,190.08912842775598,185.93959015922437,188.29933166503906,153482800
2025-10-14,184.74970821605342,184.77970370013514,179.6802578066599,180.01022338867188,205641400
2025-10-15,184.77971248532194,184.84969686580231,177.2705272995106,179.8102569580078,214450500
2025-10-16,182.20999112544493,183.2598789113643,179.75026972003684,181.7900390625,179723300
2025-10-17,180.1602152773484,184.07979842608083,179.7302697995737,183.19989013671875,173135200
2025-10-20,183.10990104163824,185.1796658652692,181.7100455780644,182.6199493408203,128544700
2025-10-21,182.76991679751694,182.76991679751694,179.7802549646251,181.14010620117188,124240200
2025-10-22,181.12011433169937,183.4198648953589,176.74059027394597,180.2602081298828,162249600
2025-10-23,180.4001849787377,183.0098989665471,179.7702492811968,182.13999938964844,111363700
2025-10-24,183.81980015643103,187.44940625639555,183.47984116964938,186.23953247070312,131296700
2025-10-27,189.9691435897376,191.97891738858848,188.4093020699799,191.46897888183594,153452700
2025-10-28,193.0288146936141,203.12769700573313,191.8889404255143,201.0079345703125,297986200
2025-10-29,207.95717223581016,212.1667169482571,204.7575264516481,207.01727294921875,308829600
2025-10-30,205.12746791137428,206.13736677538768,201.38788833732997,202.8677215576172,178864400
2025-10-31,206.42733011185774,207.94716749796044,202.04782138155986,202.4677734375,179802200
2025-11-03,208.05714970598171,211.31678618801203,205.53742218982754,206.85728454589844,180267300
2025-11-04,202.9777066091775,203.9476013046771,197.90825607143535,198.66818237304688,188919300
2025-11-05,198.7481902403631,202.89772869539195,194.6286320152979,195.18858337402344,171350300
2025-11-06,196.39843756369172,197.59830279082226,186.35954634625867,188.05935668945312,223029800
2025-11-07,184.87970536775757,188.29934352754728,178.8903723972709,188.1293487548828,264942300
2025-11-10,195.08858253564551,199.91805415635875,193.76872011438098,199.0281524658203,198897100
2025-11-11,195.13857433756354,195.3985402959953,191.2789975702345,193.1387939453125,176483300
2025-11-12,195.69851973704638,195.86849924763862,191.1090271797132,193.7787322998047,154935300
2025-11-13,191.02901978717685,191.4189763426968,183.82981362374773,186.8394775390625,207423100
2025-11-14,182.8399142970662,190.98901295495202,180.56016596493993,190.14910888671875,186591900
2025-11-17,185.9495778546046,188.9792438771453,184.29976516169708,186.5795135498047,173628900
2025-11-18,183.3598703733926,184.7797126313021,179.6302689297591,181.340087890625,213598900
2025-11-19,184.76970592228736,187.8393762025218,182.8099296469334,186.49952697753906,247246400
2025-11-20,195.92847930218133,195.97847686300787,179.83025642841662,180.6201629638672,343504800
2025-11-21,181.22010834266524,184.5397359279593,172.91100782704066,178.86036682128906,346926200
2025-11-24,179.47030653663683,183.4798609481747,176.4606271183833,182.52996826171875,256618300
2025-11-25,174.89079203873564,178.14043506786686,169.53138015579162,177.80047607421875,320600300
2025-11-26,181.6100638206842,182.8899220695924,178.22043661727494,180.24020385742188,183852000
2025-11-28,178.99033405428943,179.2703020816569,176.48061521713345,176.98056030273438,121332800
2025-12-01,174.7408159055669,180.2802164760195,173.66093259662904,179.90025329589844,188131000
2025-12-02,181.7400335835938,185.63961443898967,179.98023235974816,181.44007873535156,182632200
2025-12-03,181.06012391136443,182.4299686383783,179.09033894604931,179.57028198242188,165138000
2025-12-04,181.61017209543593,184.51002440204854,179.95027347354184,183.37008666992188,167364900
2025-12-05,183.88004685245298,184.6500094505641,180.9002124089338,182.40013122558594,143971100
2025-12-08,182.6301165694494,187.98982714518382,182.39012406320575,185.5399627685547,204378100
2025-12-09,185.54995586495326,185.70995086836587,183.31008684903045,184.95999145507812,144719700
2025-12-10,184.9599880707457,185.46995496958337,182.03013874897007,183.77005004882812,162785400
2025-12-11,180.27023782951787,181.31019006496976,176.61043233199788,180.92019653320312,182136600
2025-12-12,181.10019518559332,182.81010931847595,174.61054106596097,175.01052856445312,204274900
2025-12-15,177.93037643785232,178.4103461991077,175.02053019793698,176.28045654296875,164775600
2025-12-16,176.25046044282257,178.48035080582065,174.8905333961456,177.71038818359375,148588100
2025-12-17,176.0904801521757,176.12047730871902,170.30078481189744,170.93075561523438,222775500
2025-12-18,174.52054772862792,176.14045512074784,171.8107030234881,174.1305694580078,176096000
2025-12-19,176.6604358481607,181.4401759084778,176.3304518785618,180.98020935058594,324925900
2025-12-22,183.91003698180788,184.15002947616998,182.34012994783166,183.6800537109375,129064400
2025-12-23,182.96010023623109,189.31975669034466,182.89009670029142,189.19976806640625,174873600
2025-12-24,187.92983057380172,188.899779295176,186.57989753660073,188.59979248046875,65528500
2025-12-26,189.9097162518428,192.67957056140054,187.98982202804387,190.51968383789062,139740300
2025-12-29,187.6998414610299,188.749772392931,185.8999358866866,188.20980834960938,120006100
2025-12-30,188.22982052336855,188.9797799436452,186.91987858592935,187.52984619140625,97687300
2025-12-31,189.55975523635485,190.54969193131708,186.47991997410415,186.4899139404297,120100500
2026-01-02,189.82971935613102,192.91954841717475,188.24980305842183,188.83978271484375,148240500
2026-01-05,191.74961996436147,193.61952916959007,186.13992286460274,188.1098175048828,183529700
2026-01-06,190.50969495089785,192.15959956375178,186.80989821500853,187.22987365722656,176862600
2026-01-07,188.55979791265688,191.35963411085106,186.54989697142676,189.09976196289062,153543200
2026-01-08,189.09977067708235,189.53974931649188,183.70006889406122,185.0299835205078,172457000
2026-01-09,185.06998015284367,186.32990643372668,183.66005283935564,184.84999084472656,131327500
2026-01-12,183.2100845491025,187.10986736077922,183.010098425574,184.92999267578125,137968500
2026-01-13,184.9899882929175,188.0998205983224,183.3900687774691,185.79994201660156,160128900
2026-01-14,184.3100252062831,184.45001701406107,180.79021156477043,183.1300811767578,159586100
2026-01-15,186.48991316970114,189.6897370464893,186.31992419508657,187.03988647460938,206188600
2026-01-16,189.06976141755646,190.4296883714215,186.06992389502736,186.21990966796875,187967200
2026-01-20,181.89014292514364,182.37012791600927,177.60038196777572,178.06036376953125,223345300
2026-01-21,179.04031586008543,185.3699752173061,178.3903418724365,183.31008911132812,200381000
2026-01-22,184.7399951080077,186.15991637882954,183.92003219020145,184.82998657226562,139636600
2026-01-23,187.48984685190618,189.58973923983262,186.80989099781206,187.6598358154297,142748100
2026-01-26,187.1498802806874,189.1097657209082,185.97994539629804,186.4599151611328,124799600
2026-01-27,187.22986667366473,189.9897117301412,185.6899415183402,188.50979614257812,143711600
2026-01-28,191.25965707901594,192.33960048487265,189.82972650403363,191.5096435546875,148552700
2026-01-29,191.32963792417547,193.46952146246272,186.04992498376654,192.49957275390625,171764400
2026-01-30,191.19965692455457,194.47947816452233,189.45974561417185,191.11965942382812,179489500
2026-02-02,187.1898706566695,190.2897090701948,184.87000408758857,185.59996032714844,165794100
2026-02-03,186.22992037566058,186.25991753048794,176.22045266395375,180.33023071289062,204019600
2026-02-04,179.45029148582987,179.57028010697434,171.90069716024271,174.18057250976562,207014100
2026-02-05,174.92051964769362,176.81043194569037,171.020736948564,171.87069702148438,206312900
2026-02-06,176.6804343618602,186.98987361565233,174.59055120100808,185.39996337890625,231346200
2026-02-09,184.25002288009932,193.64952333361757,183.9400420976916,190.0297088623047,196387400
2026-02-10,191.36964298604585,192.46957427391544,188.10980972728564,188.52978515625,136764800
2026-02-11,192.43958265041238,193.24953637655122,188.75978911487715,190.0397186279297,144192700
2026-02-12,193.01955263160718,193.5995230748733,186.49990120030046,186.9298858642578,189932500
2026-02-13,187.4698554447334,187.4898586352177,181.58017462912434,182.80010986328125,161888000
2026-02-17,181.74016448672575,187.13986615921206,179.17029624003743,184.95999145507812,162276900
2026-02-18,188.73978069812654,190.3596881055438,186.7498829478333,187.96981811523438,164749100
2026-02-19,187.04988063530703,188.41980165789556,185.64996245587088,187.88983154296875,126554500
2026-02-20,186.5599139825128,190.31970507557438,185.92994318264132,189.8097381591797,178422300
2026-02-23,191.3896412925324,193.93950641757905,189.56974766836524,191.53964233398438,171584800
2026-02-24,191.47964208446245,193.75951747058733,187.38985183856119,192.83956909179688,175123600
2026-02-25,194.43946745531196,197.61930319203404,193.77949953248776,195.54940795898438,250637100
2026-02-26,194.25948668244985,194.27947461393586,184.31002841741252,184.87998962402344,360807900
2026-02-27,181.2401979138715,182.5801217841234,176.3704661683341,177.180419921875,311636500
2026-03-02,175.00052620838028,183.45008125730604,174.63055110847353,182.47012329101562,209095300
2026-03-03,178.4803396065267,180.8901975001603,176.91041730394699,180.04025268554688,178099400
2026-03-04,180.4302401537762,184.69000418349444,180.0502558302461,183.03009033203125,177731200
2026-03-05,181.1601973472636,184.05004039552568,177.87038204113773,183.330078125,198779700
2026-03-06,179.83025866705609,182.7500987288974,176.81043317462274,177.8103790283203,189021900
2026-03-09,176.82042919903367,182.90010189125664,175.55049367782217,182.64010620117188,177213600
2026-03-10,182.39012758732315,186.42991760168223,182.00014929336922,184.760009765625,179118500
2026-03-11,185.91000366210938,187.6199951171875,184.4499969482422,186.02999877929688,145280400
2026-03-12,184.0500030517578,184.94000244140625,181.75,183.13999938964844,155762700
2026-03-13,184.9199981689453,186.08999633789062,179.94000244140625,180.25,160988400
2026-03-16,182.97000122070312,188.8800048828125,181.41000366210938,183.22000122070312,217307400
2026-03-17,185.05999755859375,185.39999389648438,181.67999267578125,181.92999267578125,182497800
2026-03-18,182.47999572753906,183.3800048828125,180.3300018310547,180.39999389648438,156683100
2026-03-19,178.00999450683594,179.97999572753906,175.7899932861328,178.55999755859375,170968500
2026-03-20,178.0,178.25999450683594,171.72000122070312,172.6999969482422,241323500
2026-03-23,177.25999450683594,178.3699951171875,174.75999450683594,175.63999938964844,182836300
2026-03-24,174.8300018310547,176.22000122070312,173.97999572753906,175.1999969482422,147667800
2026-03-25,177.10000610351562,181.22000122070312,176.85000610351562,178.67999267578125,162602100
2026-03-26,176.07000732421875,176.50999450683594,171.13999938964844,171.24000549316406,186152200
2026-03-27,170.0,170.97000122070312,167.00999450683594,167.52000427246094,196212700
2026-03-30,168.77999877929688,169.4499969482422,164.27000427246094,165.1699981689453,185627000
2026-03-31,166.97000122070312,174.6199951171875,166.9600067138672,174.39999389648438,226181300
2026-04-01,176.0,177.3699951171875,174.75,175.75,168132000
2026-04-02,172.17999267578125,177.49000549316406,171.3699951171875,177.38999938964844,143143200
2026-04-06,177.16000366210938,177.7899932861328,175.75999450683594,177.63999938964844,107564300
2026-04-07,175.72999572753906,178.22999572753906,173.66000366210938,178.10000610351562,132534900
2026-04-08,184.5,185.25999450683594,180.3000030517578,182.0800018310547,147732700
2026-04-09,181.83999633789062,184.0800018310547,180.6199951171875,183.91000366210938,116428500
2026-04-10,184.30999755859375,190.0,184.3000030517578,188.6300048828125,160459500
2026-04-13,186.02999877929688,189.66000366210938,185.74000549316406,189.30999755859375,133648200
2026-04-14,190.83999633789062,196.50999450683594,190.77000427246094,196.50999450683594,161307000
2026-04-15,196.5399932861328,200.39999389648438,195.74000549316406,198.8699951171875,185338400
2026-04-16,197.42999267578125,199.85000610351562,195.80999755859375,198.35000610351562,134012900
2026-04-17,199.89999389648438,201.6999969482422,199.27000427246094,201.67999267578125,160324400
2026-04-20,199.97999572753906,202.1699981689453,197.83999633789062,202.05999755859375,119381400
2026-04-21,202.1300048828125,202.75,199.0,199.8800048828125,107945300
2026-04-22,200.99000549316406,202.5,199.0,202.5,107156200
2026-04-23,202.39999389648438,203.82899475097656,199.49000549316406,199.58999633789062,61304804
