timestamp,open,high,low,close,volume
2021-01-04,31.524149345128777,31.674705532302426,31.24517241953746,31.63042449951172,4629600
2021-01-05,31.3603093986958,31.400164697669755,30.882066081568137,31.338167190551758,1751000
2021-01-06,30.69165146506596,30.90420515503851,30.461388064486464,30.52338218688965,2121400
2021-01-07,30.89977802140715,31.099047752001027,30.616375335538372,31.037050247192383,1414000
2021-01-08,31.059194024533,31.147756101433806,30.88206649230471,31.112333297729492,1129800
2021-01-11,31.17875602382287,31.27617295541588,31.068051740332677,31.183181762695312,1079000
2021-01-12,30.899774446791188,30.988339887396123,30.439244290923863,30.70050811767578,3116000
2021-01-13,31.06804351121613,31.62156478205371,31.050330425138238,31.395727157592773,2552000
2021-01-14,31.333739436346765,31.57728681813367,31.298313256965482,31.453298568725586,1676000
2021-01-15,31.763271249849097,32.011247738353575,31.612711682952614,31.896114349365234,2023400
2021-01-19,32.4894918616571,32.4894918616571,32.121952857626354,32.334503173828125,2002400
2021-01-20,32.037812081249086,32.12194839971673,31.767693417309086,31.873971939086914,2082400
2021-01-21,32.18394286375666,32.20608506730688,31.878398022578533,32.11309051513672,1923200
2021-01-22,31.940403586356307,32.41864697567317,31.842986639727,32.2503776550293,1595000
2021-01-25,32.18394122094853,32.462914727941204,32.175086367036,32.40534973144531,1112800
2021-01-26,32.471777010379846,32.604620106191554,32.34778876958512,32.44520568847656,1559200
2021-01-27,31.701276922070992,31.80312634914379,30.975057094402757,30.983915328979492,2322200
2021-01-28,31.338164142248026,31.838549618846596,31.249602075139656,31.26288604736328,2082000
2021-01-29,30.961775439419945,31.037053546826062,30.545529600662856,30.8200740814209,2329200
2021-02-01,31.347022176977926,31.382448354966858,31.116755398476148,31.178752899169922,1787200
2021-02-02,31.46659066728913,31.533013926175514,31.214184986262698,31.426738739013672,2501200
2021-02-03,32.30793565645172,32.46735008492581,32.011249006179646,32.064388275146484,2839400
2021-02-04,32.011247408320074,32.0245313802921,31.612711357027994,31.71898651123047,2882000
2021-02-05,31.541859821583376,31.630421879829935,31.338161006449546,31.617137908935547,2322600
2021-02-08,31.603851950286717,31.617135920345596,31.196457724068473,31.391298294067383,2433000
2021-02-09,31.727842957134413,31.780978842028606,31.386871929741773,31.5595703125,1609400
2021-02-10,31.687989352684742,31.692418469470493,31.209749471036528,31.51972007751465,1604000
2021-02-11,32.61790578683156,32.799459022009394,32.36107108494485,32.737464904785156,5004000
2021-02-12,32.72418244022473,33.592103499745896,32.72418244022473,33.57439041137695,3841200
2021-02-16,33.237850189208984,33.41054858660633,32.972160606938175,33.237850189208984,3971400
2021-02-17,33.0563007464266,33.49911789405876,33.01644544635781,33.46369171142578,2645000
2021-02-18,33.1891426516547,33.321989142463735,32.941166139132875,33.251136779785156,2330200
2021-02-19,32.905736265159675,33.025298769155995,32.71089904651114,32.803890228271484,3125400
2021-02-22,32.41420543070521,32.48948689384099,32.18837117657539,32.21493911743164,1677400
2021-02-23,31.732270252646,31.82526142430035,31.524145706284706,31.741125106811523,2121400
2021-02-24,31.882830301303475,32.188375172787374,31.732274113191927,31.96696662902832,1729800
2021-02-25,32.21937197332687,32.325647127512774,31.96696637061896,32.03338623046875,2143400
2021-02-26,31.953685420986854,31.989108223448458,31.444445050605818,31.55072021484375,1746400
2021-03-01,32.11753114296557,32.39207902463128,32.055537004916395,32.2503776550293,1633400
2021-03-02,32.25480132257915,32.325653692042245,32.0555349457113,32.18395233154297,985200
2021-03-03,31.74998433951087,31.80312360710984,31.426729752289535,31.643709182739258,1504000
2021-03-04,30.99719888140425,31.30274378004602,30.363970254832783,30.65180206298828,3482400
2021-03-05,30.660653686993463,30.899775315711864,30.076135276268325,30.82449722290039,2645800
2021-03-08,30.572088538383145,30.904201315030438,30.456955163186176,30.479097366333008,2133000
2021-03-09,31.245166715955005,31.563995499330158,31.231882746385313,31.31601905822754,2942600
2021-03-10,31.975819722819704,32.02895898662805,31.692417072694017,31.763269424438477,1646200
2021-03-11,31.838549856722288,31.95810898605448,31.66142234275587,31.825265884399414,1285400
2021-03-12,31.43558642204781,31.462157746594073,31.23189095213453,31.44444465637207,1419600
2021-03-15,31.608285862900882,31.922685623168945,31.55072085161573,31.922685623168945,1223400
2021-03-16,31.922685846436984,32.22823075265456,31.922685846436984,32.1706657409668,1048200
2021-03-17,31.665845100001953,31.865111401677687,31.4842885055824,31.785404205322266,1053400
2021-03-18,31.329307483466238,31.639278078928676,31.2717424810021,31.40015983581543,1455000
2021-03-19,31.373586328695627,31.466577500855728,31.125609869602023,31.152177810668945,1589800
2021-03-22,31.36916173179248,31.683564845701813,31.36916173179248,31.462156295776367,1564600
2021-03-23,30.722649367809634,30.873208939503066,30.005287823658474,30.107133865356445,2566000
2021-03-24,30.244408115296586,30.26211782559859,29.624463523513292,29.6953125,2926800
2021-03-25,29.89015177179547,29.969858978323966,29.58460691703188,29.868009567260742,1425200
2021-03-26,30.10110888718902,30.442453384399414,29.907980169553376,30.442453384399414,1656800
2021-03-29,30.514325842710107,30.891598745859966,30.482886434114288,30.73440170288086,1602000
2021-03-30,30.563728584690605,30.59067566792892,30.330175774497672,30.505338668823242,1523000
2021-03-31,30.810746452178325,30.815238774193368,30.235852593209927,30.280765533447266,2059400
2021-04-01,30.595167359530905,30.770330250243024,30.2852622021303,30.388565063476562,967800
2021-04-05,30.36160698091305,30.693966815434152,30.33915222649142,30.689477920532227,1140400
2021-04-06,30.667023062600485,30.770325909373483,30.52329959750612,30.554738998413086,1225400
2021-04-07,30.73889151014329,30.765838593408894,30.32568348245389,30.491865158081055,1615400
2021-04-08,30.981424445988456,31.17006087546646,30.96345858223272,31.102689743041992,1780800
2021-04-09,31.453010861882223,31.533855523491866,31.30030618252936,31.49343490600586,1801800
2021-04-12,31.210479765995096,31.31827494254424,31.12065387884209,31.197006225585938,1147400
2021-04-13,31.673091516023913,31.843765509257004,31.574284404819362,31.785375595092773,1627200
2021-04-14,31.987489730311033,32.00545559457252,31.547334622500237,31.686569213867188,1913000
2021-04-15,31.96952101942508,32.28840737173619,31.96952101942508,32.11773681640625,1944200
2021-04-16,32.423153957372875,32.521964501886394,32.297396328587816,32.41416931152344,2641200
2021-04-19,32.679153110160776,32.70610018748287,32.512971471186994,32.65220260620117,1491200
2021-04-20,32.74653383608439,32.96660969426017,32.67916269637876,32.91271209716797,1373200
2021-04-21,33.042961972400796,33.40676132862444,32.9486437476998,33.339393615722656,1442400
2021-04-22,33.32141739815783,33.465140852095466,33.173201622542855,33.30345153808594,1310800
2021-04-23,33.25853829616339,33.303451232612424,33.07888312372985,33.26302719116211,1066400
2021-04-26,33.12380501130767,33.32142609705194,32.93516857126359,33.281002044677734,1256000
2021-04-27,33.08338023226096,33.132782070856756,32.89923271154666,33.09236145019531,1991400
2021-04-28,33.06092138298299,33.33040246189005,33.02049733649612,33.289981842041016,1117600
2021-04-29,33.276508565849284,33.37981142798292,33.110330319190155,33.34387969970703,1207600
2021-04-30,33.24058118654335,33.51455462563215,33.18668359263401,33.21363067626953,1611600
2021-05-03,33.72115579571763,33.89631868673836,33.640311120889734,33.837928771972656,2921600
2021-05-04,33.303460201111704,33.44718369243526,33.087873250807206,33.29447555541992,2285400
2021-05-05,33.236085316139885,33.442687597449066,33.07888830064789,33.26752471923828,2976200
2021-05-06,33.16421553920241,33.334889489155955,33.02498441298749,33.325904846191406,1556800
2021-05-07,33.70318558947992,34.0355454646686,33.70318558947992,33.981651306152344,1492400
2021-05-10,34.34544974687553,34.43527562664184,34.15681334338368,34.26011276245117,1923400
2021-05-11,33.95470180264956,34.507140930214284,33.88284178029388,34.41282272338867,2232200
2021-05-12,34.664336870028585,35.11347313244065,34.632897468725254,35.050594329833984,3556600
2021-05-13,34.965259450529594,35.47278565068795,34.817043652608774,35.4323616027832,2579000
2021-05-14,35.48176704882764,35.692861654215655,35.48176704882764,35.52667999267578,1588400
2021-05-17,35.86353144163736,36.25428124066795,35.85903911935759,36.191402435302734,1882000
2021-05-18,35.93538862974751,36.05665389706744,35.76022578437577,35.76920700073242,1974200
2021-05-19,35.782687527383686,36.05666093937545,35.629982833034425,35.95336151123047,2395200
2021-05-20,35.975813261465866,36.46986245555746,35.93988153875143,36.30368423461914,1414800
2021-05-21,36.60461548791431,36.65851308786681,36.42945257136704,36.51478958129883,1650600
2021-05-24,36.658503008147605,36.93247640262266,36.64502604188612,36.69443130493164,1010400
2021-05-25,36.41147908232533,36.451903130487,36.0881004035839,36.1015739440918,2254400
2021-05-26,36.13301198439453,36.191401893243324,36.007254375547646,36.0836067199707,1622000
2021-05-27,35.51320876286231,35.76023511005686,35.35601173584678,35.40092468261719,1963800
2021-05-28,35.39643507701628,35.72430612422057,35.3515221267983,35.436859130859375,1494800
2021-06-01,36.02072566755608,36.02072566755608,35.477271219447914,35.567100524902344,1721800
2021-06-02,35.41439437866211,35.56710249306617,35.36498911458766,35.41439437866211,818200
2021-06-03,35.396428252056026,35.78717803955078,35.35151531049794,35.78717803955078,882800
2021-06-04,35.99827133148779,36.49681284600855,35.85903676306713,36.35757827758789,1820400
2021-06-07,36.57317056731642,36.78875750800443,36.249791869603484,36.46986770629883,4839600
2021-06-08,37.01332307689442,37.031285512942965,36.712399160193435,36.954933166503906,2248800
2021-06-09,37.32771203598203,37.53880661057142,37.323219714261256,37.498382568359375,2828200
2021-06-10,37.61516562203552,38.14963892262206,37.56576035425165,38.06879425048828,2307800
2021-06-11,37.844220430360664,37.947519846339276,37.66456524956246,37.9295539855957,1577800
2021-06-14,37.74541891687446,37.925074140544254,37.73194537476095,37.92058181762695,1698600
2021-06-15,37.99243306037985,38.05531528675714,37.74990250517677,37.98345184326172,1252400
2021-06-16,37.90709702598219,38.09124109128323,37.46245313499932,37.56126022338867,2288000
2021-06-17,36.896544577299665,37.233396773513654,36.87857871563839,37.17500686645508,1992000
2021-06-18,36.92349376346206,37.04925137562944,36.80671736931896,36.954933166503906,1799600
2021-06-21,36.9279878881752,37.26933244260266,36.874090297485154,37.121116638183594,1402200
2021-06-22,36.9773914702193,37.07620200199312,36.847141535302725,36.901039123535156,1629600
2021-06-23,37.08517869491113,37.08517869491113,36.671974182128906,36.671974182128906,1172600
2021-06-24,36.95942276298439,37.2289038301307,36.89654396153818,36.91899871826172,877400
2021-06-25,36.990866932775184,37.224416307309085,36.878582854768126,37.1884880065918,1577200
2021-06-28,37.26034974006719,37.54330439600605,37.19747092763633,37.39509201049805,1147000
2021-06-29,37.664566096957536,37.749903080750094,37.471437372915936,37.63761901855469,1323000
2021-06-30,37.66906187812553,37.992437128568845,37.53431962046235,37.6241455078125,1506600
2021-07-01,37.81278866740703,37.99693278060279,37.7005045850609,37.91608810424805,1330400
2021-07-02,37.68702763996299,38.09124755859375,37.66456945486664,38.09124755859375,931000
2021-07-06,38.288869162302376,38.30234270289507,37.9744751263463,38.19904327392578,1543200
2021-07-07,38.54038310840074,38.76046235288351,38.36971255551011,38.742496490478516,1386400
2021-07-08,38.980535095992586,39.1287508791643,38.675122312474016,39.11976623535156,1968000
2021-07-09,38.52691106951425,39.17366843474438,38.50445631061143,38.868255615234375,2095000
2021-07-12,38.989520847896664,39.14672129316453,38.82783150683795,38.89520263671875,1105800
2021-07-13,38.78741121200245,39.05239998469355,38.77393767124027,38.92215347290039,815000
2021-07-14,38.86376126571552,39.09282172506003,38.693090715076416,39.047908782958984,1166600
2021-07-15,39.420687380620656,39.4386532419201,39.16917217570377,39.34882736206055,1518000
2021-07-16,39.42967711712258,39.878813427703804,39.335358903097095,39.82042694091797,1773600
2021-07-19,39.48805936629906,39.7799986221754,39.45661996499778,39.67220687866211,2057400
2021-07-20,39.18264821629915,39.52399274950347,39.160193458219666,39.303916931152344,2616000
2021-07-21,39.658733651491055,39.94618058754956,39.45662027584389,39.88779067993164,1315000
2021-07-22,39.73957147347024,39.97312078381261,39.61830278363624,39.62279510498047,2893200
2021-07-23,40.25159059998742,40.80851857173103,40.10337482009708,40.75911331176758,3307200
2021-07-26,40.09888700614982,40.30998160851778,39.93719766929939,40.09439468383789,2154800
2021-07-27,40.16176139750971,40.26506423950195,39.914738523712025,40.26506423950195,1398400
2021-07-28,40.63785881944377,41.280123942757804,40.561503035015164,41.09148406982422,2398000
2021-07-29,41.29358225839122,41.40137398414978,40.91630607828049,41.037574768066406,1729600
2021-07-30,41.62145862889853,41.71128794170936,41.450788074514826,41.59001922607422,1448600
2021-08-02,41.4058693363882,41.77416090077285,41.172316582405294,41.76966857910156,1524000
2021-08-03,41.684335679131,41.92237735143891,41.607983336435595,41.823570251464844,2904200
2021-08-04,42.03466175100061,44.248903693186634,42.021188211199046,44.10967254638672,6307400
2021-08-05,45.50199205729677,46.355351611366366,45.39869263947138,46.305946350097656,4177200
2021-08-06,44.22644801760469,44.945065347418286,44.17255043287952,44.680076599121094,3494000
2021-08-09,44.9450741318486,45.34480520676653,44.720505958225566,45.20557403564453,2070600
2021-08-10,44.954047124580576,45.26844456610182,44.71600545236341,44.96303176879883,2808400
2021-08-11,45.012436587421064,45.40767526317552,44.91811838388776,45.24149703979492,1999200
2021-08-12,45.2864133047187,45.85681488985283,45.138197505442044,45.70859909057617,1402400
2021-08-13,45.807410958195845,46.279005450858506,45.78495619884501,46.15324783325195,1527400
2021-08-16,46.33252233451533,46.63508281783321,46.18349877276909,46.63056945800781,1501000
2021-08-17,47.04150739310134,47.398259188834935,46.9647389351785,47.38471221923828,1935000
2021-08-18,47.40277377338876,47.745978583449485,46.96925354003906,46.96925354003906,2025800
2021-08-19,47.27181823241585,47.94919430369885,47.235690681739,47.69179153442383,2016800
2021-08-20,47.87694260894558,48.42787573737317,47.81372111341911,48.14789581298828,1864400
2021-08-23,48.143376991626624,48.143376991626624,47.75953122905615,47.840816497802734,2794200
2021-08-24,47.10924786764425,47.48406345529895,46.75249605539237,46.79314041137695,2827000
2021-08-25,46.59895856186969,46.81571697342384,46.39123031524996,46.79765319824219,1629000
2021-08-26,46.88797021493308,47.140856166823,46.76604059861994,46.77055740356445,1410200
2021-08-27,46.35510308455623,46.6350829885205,45.93512978329696,46.007381439208984,2760200
2021-08-30,45.79965309981521,46.47251580870677,45.763525549274824,46.23317337036133,2537200
2021-08-31,45.92609393260199,45.935127542470845,44.73391238305179,45.14485549926758,4786400
2021-09-01,45.126792472666125,45.55128256540699,45.08163475851156,45.52418518066406,2497400
2021-09-02,45.78610488358794,45.948675411282366,45.56031286682488,45.91706466674805,1285000
2021-09-03,45.31645458562518,45.70030030397158,45.104209550278476,45.56031036376953,1978400
2021-09-07,45.87191278154225,45.92610066745104,45.65515090196751,45.77708053588867,1365400
2021-09-08,45.438389900774304,45.72740342700472,45.32097707908289,45.47451400756836,1544400
2021-09-09,45.4022639146957,45.52419010062127,44.76552870677021,44.83778381347656,2361200
2021-09-10,45.068088575932514,45.289363790873445,44.81971597577539,44.95519256591797,1744400
2021-09-13,45.56031728080086,45.623538775994525,44.819719669692454,45.00938415527344,1964200
2021-09-14,45.16743448882533,45.65514608239851,45.104212998396896,45.17195129394531,1933400
2021-09-15,45.76804207058001,45.79062265085592,45.42935403831822,45.73191452026367,1274200
2021-09-16,46.048025703139324,46.332522411690974,45.90351894629062,46.23317337036133,1922800
2021-09-17,45.880934115991835,46.19252818124271,45.582890464923096,45.795135498046875,3016600
2021-09-20,44.544246123034505,45.38870945545462,44.51263538039378,45.00486373901367,2209800
2021-09-21,45.555796929547235,46.25575357297057,45.555796929547235,45.957706451416016,1961600
2021-09-22,45.58289553602233,45.921583576691454,45.38871425489285,45.55128479003906,1176000
2021-09-23,46.16092656099227,46.30091652739265,46.0028728174252,46.10673522949219,1048000
2021-09-24,45.451936871486204,45.87642355014855,45.33452404979479,45.47451400756836,1983400
2021-09-27,45.08163464805431,45.10872858741811,44.6390807816734,44.74294662475586,1439200
2021-09-28,43.63205691265738,43.63205691265738,42.82372096151024,43.07209014892578,3058400
2021-09-29,43.537221644844266,43.785590815029146,43.13982546004762,43.3972282409668,1665600
2021-09-30,43.69076153927024,43.88494283947953,43.33852649361462,43.356590270996094,2239000
2021-10-01,43.19401586135697,43.3927105041773,42.850811012393926,43.29787826538086,1645800
2021-10-04,44.04750765719094,44.16492047223095,43.446900057359215,43.77655792236328,1987600
2021-10-05,44.34554760273652,44.39522211856411,43.98428246845061,43.99782943725586,2098400
2021-10-06,43.817199391507756,43.83074636162514,43.18949784377472,43.600440979003906,1576000
2021-10-07,44.08814988118434,44.70682127448737,44.05653913526742,44.42683792114258,1664600
2021-10-08,44.66618036344257,44.76552596110081,44.30491174269529,44.42683792114258,1219000
2021-10-11,44.395230579490494,44.56683473789502,44.30039833446792,44.435874938964844,843800
2021-10-12,44.41780769514094,44.49005935200363,43.86235779443298,44.09266662597656,1344600
2021-10-13,44.83777784185071,45.546764616744504,44.83777784185071,45.429351806640625,1804400
2021-10-14,45.596436592177696,45.67320504456345,45.316453274561304,45.35709762573242,1288000
2021-10-15,45.709327520690906,46.39573360200266,45.63707243565173,46.2150993347168,1877800
2021-10-18,46.69379326970327,47.02796451497379,46.57638044746275,46.707340240478516,2803400
2021-10-19,46.67120586886312,47.44793090274139,46.67120586886312,47.25826644897461,1751000
2021-10-20,47.25826959153459,47.56986023049647,46.86990704877029,47.213111877441406,1277400
2021-10-21,47.06860944340523,47.22666317988818,46.88345831973017,47.14989471435547,1571200
2021-10-22,47.6105017152569,47.90854536655802,47.59243794164584,47.87242126464844,1240000
2021-10-25,48.039511500280575,48.07112224695613,47.76404494554516,47.944679260253906,1313800
2021-10-26,47.619540061853876,48.64012105171322,47.619540061853876,48.4775505065918,1564400
2021-10-27,48.20659874041353,48.355622308125525,47.64211866148597,47.72340393066406,1412400
2021-10-28,48.111767073600525,48.920102969689594,48.111767073600525,48.6130256652832,1797400
2021-10-29,49.39877708356249,49.82778053669462,49.150404487341106,49.732948303222656,2138600
2021-11-01,49.484577688282734,49.63360124160662,49.227174934956324,49.421356201171875,1694600
2021-11-02,49.74649763828304,50.22969240518595,49.601987443391344,49.69682312011719,2353800
2021-11-03,50.496127606353205,52.36116846569543,50.45548669618837,52.18505096435547,4348400
2021-11-04,52.21666429045116,52.35214088832236,51.73346947783631,52.31601333618164,2075400
2021-11-05,50.71740368948889,51.223179067162654,50.59547751159843,51.21866226196289,2355200
2021-11-08,52.02247626881267,52.189563591845385,51.45348290017432,51.79668426513672,1904800
2021-11-09,51.74701256652638,51.79668708566506,51.412841347576595,51.53477096557617,1381800
2021-11-10,51.31349729435751,51.47606783727536,50.74901719959083,50.898040771484375,1934400
2021-11-11,51.35865623529088,51.421877727543354,50.93868292514917,51.214149475097656,2071400
2021-11-12,51.04706377309782,51.209634314199484,50.59096289693408,51.07415771484375,1100000
2021-11-15,51.182532549621484,51.50767360401629,51.16447222021088,51.25027084350586,1118000
2021-11-16,51.34510679710685,51.774113725917076,51.254791362258906,51.47606658935547,1143600
2021-11-17,51.75153196495835,51.97280718701131,51.593478234920525,51.665733337402344,1118200
2021-11-18,52.04957506897154,52.2437563352314,51.67024270090715,51.945709228515625,1773200
2021-11-19,51.76056686405872,51.914103792685665,51.36768748648675,51.421878814697266,1449800
2021-11-22,50.970288046687024,51.006412148764326,50.211626778062886,50.22969055175781,1343000
2021-11-23,49.01041727664133,49.57941415456163,48.89300445684219,49.41232681274414,2005800
2021-11-24,49.06460896261753,49.24975663623801,48.721404111248795,49.240726470947266,1139600
2021-11-26,49.07815582034676,49.245243163001504,48.77107852147311,48.84784698486328,1688600
2021-11-29,48.518192809900015,49.21363268005198,48.35110546635077,48.90203857421875,1329400
2021-11-30,48.99234923729894,49.26329895952954,47.9582214207593,48.24272155761719,2255400
2021-12-01,48.414319739087816,49.109759505523066,48.32851767745174,48.44593048095703,1421000
2021-12-02,48.10724686706843,48.4143241497646,47.9672569182245,48.15692138671875,1583000
2021-12-03,49.344584180800425,49.41683927750353,47.89499989499269,48.35561752319336,1523200
2021-12-06,48.8343053935355,48.99235914301737,48.26079508961176,48.65818786621094,1814600
2021-12-07,49.16846765882456,49.76455843712944,49.16395429917609,49.746498107910156,1346000
2021-12-08,50.83030027101956,51.236726610723295,50.16647115705561,51.214149475097656,2400000
2021-12-09,51.408319350636916,51.57088986134254,51.18704416202019,51.27284622192383,2564200
2021-12-10,51.22769404762189,51.728952602240966,51.22769404762189,51.638633728027344,1186200
2021-12-13,52.05408306648676,52.44244555900152,51.932156909679705,52.24826431274414,1269000
2021-12-14,51.16898333122232,51.20962768389188,50.68127521637581,50.94770812988281,2097000
2021-12-15,51.08319111862299,52.60051386588101,51.0696407024919,52.59148025512695,1635600
2021-12-16,52.528262707466766,52.993393782167786,52.38375593236243,52.87146759033203,1533200
2021-12-17,52.25278210173645,52.618564024362165,48.12530478520269,48.52269744873047,11551400
2021-12-20,47.02344454522248,47.26730033870601,46.10221269605565,46.75249481201172,5956600
2021-12-21,47.31245971303919,48.08015467026474,46.9602247029778,47.96274185180664,5111600
2021-12-22,49.069118537113894,49.7510078887536,48.98331647558722,49.62908172607422,3649800
2021-12-23,49.06460477358551,49.859393618519356,48.93364499351649,48.96525573730469,2411200
2021-12-27,50.02196155473008,50.658696691640266,49.82778028375528,50.41032409667969,2262200
2021-12-28,50.58192768124624,50.613538425231425,49.83229654486525,50.0264778137207,1675400
2021-12-29,49.629092675837626,50.21614993151418,49.38523685136402,50.198089599609375,1343800
2021-12-30,50.39677882327774,50.8122353185474,50.292916422116754,50.32904052734375,1623200
2021-12-31,50.514193972600744,50.98835862072259,50.4329087027888,50.577415466308594,1514600
2022-01-03,49.516193074213,49.547803820732085,48.64463569697193,49.127830505371094,2312600
2022-01-04,46.90603520657277,48.00789791505183,46.75249484228914,47.931129455566406,5726400
2022-01-05,47.3214916341652,47.54276684753046,46.30542755126953,46.30542755126953,2874400
2022-01-06,45.483542581084315,46.94667382625246,45.28032770697235,46.44993209838867,6665800
2022-01-07,45.40678160893457,46.038996578423784,45.40226480334874,45.831268310546875,7812400
2022-01-10,45.217108497497506,46.02544433918512,44.99583328350211,45.966739654541016,2980200
2022-01-11,45.474513501078334,45.74998005352874,45.004869110169516,45.7093391418457,2404400
2022-01-12,45.217113639588845,45.65515075763716,45.18550289113758,45.49709701538086,2445200
2022-01-13,45.510634564441546,45.55579227497787,44.788100859922906,44.95970153808594,1931200
2022-01-14,43.82623226552937,44.300393438236334,43.06305413881791,43.49657440185547,4927600
2022-01-18,43.203049513356724,43.75849946577918,43.10821726690669,43.52819061279297,2290000
2022-01-19,44.11976377234728,44.5261901383334,43.79010931932914,43.93461608886719,2052800
2022-01-20,43.34303714463498,43.98428564671126,43.0766007727334,43.108211517333984,4022400
2022-01-21,43.33400285849743,43.75397614181743,42.95918728885762,43.063053131103516,2700400
2022-01-24,41.907004241226545,43.19853499302045,41.32446036126525,43.099185943603516,5764800
2022-01-25,42.534706866124345,43.29336828096085,42.444387980243086,42.97274398803711,5165000
2022-01-26,42.688242018510316,42.92306766666565,41.857328975038975,42.042476654052734,3709000
2022-01-27,43.11273291483071,43.66366604682417,42.90048784476964,43.099185943603516,2640600
2022-01-28,43.30690800729651,43.76752218963422,42.93660925041713,43.69527053833008,1981400
2022-01-31,44.3591071033328,45.190020183175115,44.28685199448745,45.09970474243164,2890000
2022-02-01,45.772556313937656,46.41380479225604,45.456448879643425,46.33251953125,4038200
2022-02-02,48.01241601614794,48.39626176924927,47.64663403846834,48.134342193603516,4395600
2022-02-03,47.00086411006104,47.55179714791257,46.919578851274544,47.24923324584961,3937800
2022-02-04,45.899005338758236,46.129314182856916,44.78810892209562,45.00938415527344,5665000
2022-02-07,45.50611919906028,46.409287219602064,45.38419303222467,45.953189849853516,2094800
2022-02-08,45.731910062049636,45.930608124106406,45.44289657831933,45.85835647583008,1945800
2022-02-09,47.10021555868618,47.89500096835621,47.07311817415892,47.83177947998047,2559600
2022-02-10,47.23568852109935,48.03950753767043,46.86087295192569,46.9918327331543,1889800
2022-02-11,45.94416381294992,46.0254490860089,44.34104237944374,44.66618347167969,3747400
2022-02-14,44.06556879775303,44.55328035847258,43.930092215782295,44.31845474243164,3157800
2022-02-15,45.46096601897997,46.14285890715265,45.46096601897997,45.772560119628906,1900000
2022-02-16,45.86739009489105,46.671209122396675,45.86287328987339,46.58992385864258,2010600
2022-02-17,46.684759082008966,46.74346721506017,46.21511124416423,46.26478576660156,1578200
2022-02-18,46.00737995727458,46.111245800611535,45.25323545042398,45.52418518066406,1177000
2022-02-22,45.07260358007545,45.67772800739262,44.354586583937916,44.81520080566406,1595200
2022-02-23,44.7745621804749,44.860360812784215,44.033964565571296,44.11073303222656,1413000
2022-02-24,43.162402456257794,44.73842975780318,42.78758688411817,44.68423843383789,2918600
2022-02-25,45.5196734099454,46.617022784239296,45.456451918859564,46.40026092529297,2675200
2022-02-28,46.20156038338145,46.61250349888652,45.90803352409232,46.49057388305664,2163000
2022-03-01,46.94215711017668,47.434385479442454,46.60798590284552,46.78410339355469,2104600
2022-03-02,46.36865213813965,47.411810230426745,46.06157483476205,47.267303466796875,2701400
2022-03-03,47.98532471055879,48.46851953235555,46.79314302976468,47.086669921875,1861400
2022-03-04,45.95770727195813,47.03699632160148,45.95770727195813,47.0144157409668,2401400
2022-03-07,46.391227935642334,46.594439366714845,45.44741554136211,45.5422477722168,5455600
2022-03-08,46.07511419280324,47.71887964949574,45.375161071778585,46.20155715942383,7352800
2022-03-09,46.4318730768394,47.69630982747019,46.21962801663303,47.44342041015625,5377200
2022-03-10,46.720882258436944,47.41180525723494,46.562828540625745,47.17246627807617,4426000
2022-03-11,45.822233970182396,46.53573759396212,45.415807637313385,45.72740173339844,5354200
2022-03-14,46.09770083058706,46.73894935721187,45.91706652082028,45.94416046142578,1393000
2022-03-15,46.495094602873486,46.60347381304905,45.79965473406376,46.26478576660156,2286200
2022-03-16,47.64211282599343,48.24723374273469,47.00086436175081,47.97628402709961,2457800
2022-03-17,48.72591884347276,49.64715070301777,48.68979129322092,49.60650634765625,1684200
2022-03-18,49.10525150071484,50.338077545166016,49.02848303460563,50.338077545166016,2721400
2022-03-21,49.719399744675364,50.32903748054967,49.39425870012569,49.76004409790039,2305600
2022-03-22,49.611022993833295,49.83681501421473,49.15040534288,49.49812698364258,1954200
2022-03-23,49.498130647443794,49.895523392417104,49.26782180491992,49.38975143432617,1622600
2022-03-24,48.76205041154829,49.240728433231716,48.540771732007784,49.2136344909668,1413000
2022-03-25,49.06591441465183,49.13429935703984,48.24982047781905,48.559844970703125,1527200
2022-03-28,48.62823007633646,49.22548172167243,48.58719563532152,49.19812774658203,1057800
2022-03-29,50.606919632565024,50.84399556341967,50.00054759855287,50.242183685302734,2005000
2022-03-30,50.926055573663724,51.84701217750366,50.87590429927742,51.30902862548828,2362400
2022-03-31,51.4594781546975,51.568897526783026,50.62970733642578,50.62970733642578,1668000
2022-04-01,50.86223362576491,51.59170553344328,50.78016821007009,51.477725982666016,1883000
2022-04-04,51.43668824638006,51.983788663773275,51.17681502636133,51.88804626464844,2961200
2022-04-05,52.18439296032504,52.71781638072926,52.157038983395466,52.343963623046875,2003800
2022-04-06,52.4807383080575,53.45640286675825,52.37587560350356,53.40169143676758,2827400
2022-04-07,54.108370100577964,55.69496690799308,54.108370100577964,55.53539276123047,4647800
2022-04-08,54.710175395075574,55.375815444976816,54.66914443315132,54.96548843383789,2578400
2022-04-11,55.02020273220843,55.60377741033074,54.68738095070272,55.1432991027832,5004400
2022-04-12,53.264918510135885,53.91232145088727,52.79076321485363,53.5247917175293,5920600
2022-04-13,53.88040930200742,54.304413337922696,53.388016845129115,54.19955062866211,2903200
2022-04-14,54.286168742229044,54.53692509188043,53.80745333957789,53.88951873779297,1771600
2022-04-18,53.442728418070075,54.06277740724029,52.83635641745251,53.055198669433594,1188200
2022-04-19,51.98834327707357,52.54000379134107,51.71023294233998,52.16159439086914,2391000
2022-04-20,52.51264989703693,53.10990152907496,52.357635925424304,52.676780700683594,1594000
2022-04-21,52.18439110204195,52.252779520310156,50.29689023676423,50.49293518066406,4305200
2022-04-22,51.55066972964887,51.55066972964887,50.301454859954376,50.47014236450195,2365800
2022-04-25,50.63883152228823,51.85613221386589,50.61147754488906,51.847015380859375,2668600
2022-04-26,50.89414914436163,51.17681969019014,50.005110015483126,50.05070114135742,2829000
2022-04-27,50.59323455649089,51.33637984315802,50.36527549548364,50.86222457885742,2137200
2022-04-28,49.23004636659389,50.556766455160705,49.20268891062925,50.23762512207031,3558200
2022-04-29,52.19351265815969,52.945774841918855,51.8287767376138,51.97467041015625,6458800
2022-05-02,51.851574156575076,52.12512435842535,51.07195103765146,51.9017219543457,3401200
2022-05-03,51.61905196219833,52.116001061275824,51.24063907415733,51.60081481933594,2393200
2022-05-04,51.22240482802967,52.065852732432575,50.5795620280783,51.93363952636719,3267600
2022-05-05,51.445801785298336,51.92451722864998,51.0856295119104,51.42300796508789,4392600
2022-05-06,50.48382387809742,51.30447455207104,50.22395064291546,50.7664909362793,5187400
2022-05-09,49.289315168694316,49.59021936148788,48.29997354386045,48.441307067871094,4423000
2022-05-10,48.988401433924366,49.76346433810381,48.432184239924545,48.98384475708008,2776400
2022-05-11,47.734624257525404,48.84250539309582,47.30150344862458,47.328857421875,3516800
2022-05-12,47.64344640118128,48.058333584918955,46.99604346671313,47.57505798339844,4213000
2022-05-13,48.32732483744188,48.737651876077194,47.76198729442184,48.34556198120117,2968800
2022-05-16,47.059875781500374,47.538587790444325,46.5766036167437,47.068992614746094,3786400
2022-05-17,48.751327652753154,48.760444485216475,48.09024773021035,48.48233413696289,2363800
2022-05-18,47.70271679661619,47.90788205980733,47.01428286547903,47.187530517578125,1984400
2022-05-19,47.050756393379935,47.88964768202025,46.98692812426793,47.438289642333984,4347200
2022-05-20,48.568958606762195,49.33946137182877,48.48689320291854,49.125179290771484,4591400
2022-05-23,49.225485577769184,49.435207519442685,48.90634077040374,49.16621398925781,1647400
2022-05-24,49.46256491259979,49.685967336697836,48.91546445987527,49.23004913330078,1733200
2022-05-25,48.51881701642075,48.705745159629004,47.798465380961666,47.98539352416992,4474200
2022-05-26,48.322765494649566,48.69661825205414,47.97171003692242,48.60087585449219,1896000
2022-05-27,48.19054727995876,49.16165516998056,48.14495616043,49.12062072753906,1824400
2022-05-31,50.8348756826805,50.88502695938221,50.023341900968575,50.33336639404297,4559000
2022-06-01,50.51117840855623,50.62515795993982,50.14644245277681,50.301456451416016,3973400
2022-06-02,50.83487388065812,51.40933172536337,50.35615843034051,51.35918045043945,2167200
2022-06-03,51.16769807850681,51.4913995638821,50.91694169204304,51.24976348876953,1410400
2022-06-06,51.36829768131763,51.441246255728814,50.885025550171704,51.131221771240234,2822400
2022-06-07,52.07497054826998,52.86370698319746,52.06129356059993,52.82723617553711,2156400
2022-06-08,52.631191157182,53.24211979472463,52.56736289589783,52.86826705932617,2908200
2022-06-09,52.3941126607705,52.54456648421315,51.42756841451223,51.432125091552734,1787200
2022-06-10,50.61147586753061,51.23608151997515,50.29689122434761,50.83031463623047,2074600
2022-06-13,49.640371463344174,49.781708468078705,48.95193749826532,49.04767990112305,2128600
2022-06-14,48.69662119075989,48.74677247037305,48.00818722221514,48.3865966796875,2646400
2022-06-15,48.30452825931763,48.883546277586305,47.68903943136538,48.477779388427734,2834400
2022-06-16,47.52490975152833,48.40483197144024,47.52490975152833,48.18599319458008,2571000
2022-06-17,48.222459635331965,48.61454950992078,47.82125292852497,48.13583755493164,2408000
2022-06-21,49.271072208018474,49.54006571368346,49.09782457070121,49.18900680541992,1761400
2022-06-22,48.95193196140485,49.58109774261177,48.901780687716695,48.93825149536133,3375600
2022-06-23,48.79692123256107,49.448884355517755,48.79692123256107,49.43520736694336,4412800
2022-06-24,50.97621288877599,51.15402070871439,50.415435450010214,51.117549896240234,2870800
2022-06-27,51.37285502222479,51.86980411425136,51.09930483992893,51.468597412109375,1984800
2022-06-28,49.80905927877356,50.13732091248332,49.34402428327109,49.375938415527344,2969400
2022-06-29,49.70419389068435,50.70265572631541,49.63580895266525,50.187469482421875,2324600
2022-06-30,49.954955158419075,50.88502866888853,49.681404944370335,50.80296325683594,2464400
2022-07-01,50.02790262759178,50.99444692768292,49.5628641434826,50.898704528808594,1869200
2022-07-05,49.40329224410763,50.71633529663086,49.40329224410763,50.71633529663086,5036800
2022-07-06,49.81362365276914,50.64339464007964,49.76347237235093,50.3744010925293,3215000
2022-07-07,50.009662431538466,50.310566598441504,49.91847671552284,50.12364196777344,2254000
2022-07-08,49.11606775255473,49.95039539011845,48.99752805014152,49.70875930786133,1934000
2022-07-11,49.717877621873775,50.33336645312316,49.590217612968935,49.94127655029297,1063400
2022-07-12,49.99598568133338,50.05981394365795,49.439764985322604,49.61757278442383,1890400
2022-07-13,49.070468860711884,50.470137431478136,49.070468860711884,50.20570755004883,2439400
2022-07-14,49.2209285215265,50.05525966347221,49.070474680510756,49.900245666503906,1804800
2022-07-15,51.45947988199788,52.102322627754646,51.226960664929614,52.07952880859375,3067600
2022-07-18,52.179828843145124,52.75884681897821,51.468597669937154,51.5096321105957,3267600
2022-07-19,52.42603043594565,52.81356019246911,52.097768790483066,52.804443359375,1944400
2022-07-20,52.1296812379812,52.23910410184972,51.454924302689804,51.787742614746094,1732600
2022-07-21,51.87436740936721,52.68590117326344,51.77862501368749,52.59471893310547,1531800
2022-07-22,52.28468807851131,52.71325220748914,52.043052040982644,52.229976654052734,1154200
2022-07-25,52.685904204112234,53.041519830917025,52.30749475514644,52.85459518432617,1378000
2022-07-26,52.86827081155459,53.45184551521624,52.81811953436058,53.26036071777344,1611200
2022-07-27,52.35308506729357,53.438169075664796,52.293813478157304,53.31051254272461,2052800
2022-07-28,52.31660651064831,53.260356920332676,51.6190523137137,53.06431198120117,1539800
2022-07-29,53.4108129221786,53.45184388678935,52.78164363777779,52.91386032104492,2416000
2022-08-01,53.31507306098842,53.5339118394084,52.827240747718434,52.92753982543945,2372400
2022-08-02,53.17829661502761,53.45184682929662,52.18439483642578,52.18439483642578,1791600
2022-08-03,51.924518997729066,52.002024250168134,45.304588840732414,45.550785064697266,12639200
2022-08-04,48.24982118108498,48.74221364373296,46.97324890274866,47.6297721862793,10237600
2022-08-05,47.47931489779346,47.53402632689814,46.55836178399721,47.050750732421875,5171000
2022-08-08,46.79543957547648,47.28327186661711,46.50365223189963,46.69513702392578,3112200
2022-08-09,47.789347516988585,48.28174002770717,47.42005487313962,47.68904495239258,4215600
2022-08-10,48.819724980151925,49.654056177178056,48.39116073019488,49.015769958496094,4549400
2022-08-11,49.95495030837205,50.34248003051475,49.20724483932185,49.599334716796875,3960600
2022-08-12,49.24821708134354,49.41781499121165,48.487306630397,49.275718688964844,4438000
2022-08-15,48.909017629007586,49.11070542450006,48.523981107234086,48.757755279541016,2694600
2022-08-16,48.54231163231955,48.69357746321171,48.01517535618631,48.276451110839844,3732200
2022-08-17,48.427718826889816,48.757752108173655,48.019761992289666,48.04267883300781,3575600
2022-08-18,47.74015454688084,47.77224092422297,46.791310534446055,47.10300827026367,3756800
2022-08-19,47.85473873937882,48.24435994927748,47.53845630565831,47.92349624633789,3302800
2022-08-22,49.734091968003504,49.97703213420148,48.881507254494124,49.29863357543945,4738400
2022-08-23,48.872350423797215,49.06945345376843,48.54690188540806,48.849430084228516,3100200
2022-08-24,49.3444764371993,50.591267280131824,49.28488495753619,50.43083190917969,5108000
2022-08-25,50.339157146928656,51.06798122082983,50.19247607818445,51.06339645385742,3072400
2022-08-26,51.05880725726082,51.2513254875695,49.77076412480933,49.82118606567383,2673600
2022-08-29,49.514071742636716,49.674507105147406,49.17028767523218,49.24821472167969,2557000
2022-08-30,49.165709957087635,49.2803046545002,48.47355700551304,48.60648727416992,7175400
2022-08-31,49.07403063199245,49.234466001290016,48.62023662302431,48.63398742675781,13259800
2022-09-01,48.148111333962426,48.345214365062844,47.32302806490187,47.914337158203125,3738000
2022-09-02,47.55221123184352,48.01058998845666,46.57128097246362,46.86464309692383,6920600
2022-09-06,47.304688215351895,47.850160077085214,46.98382447148084,47.483455657958984,1904800
2022-09-07,47.26344103948612,48.14352754629153,47.13051076025724,48.05185317993164,1837400
2022-09-08,47.70806622010059,48.47814274199782,47.60722232481661,48.4460563659668,2178000
2022-09-09,49.339895459098756,49.940370588782805,49.1473771957554,49.74785232543945,3074200
2022-09-12,49.977040319159705,50.5500138227677,49.97245555192808,50.11455535888672,2154600
2022-09-13,49.546161694661336,49.642424317982204,48.52397895214678,48.60648727416992,1862600
2022-09-14,48.46439576598894,48.81276116265814,47.69431918326005,48.14811325073242,2354000
2022-09-15,47.72640297672348,47.941838079907896,47.14884469667203,47.30927658081055,2098600
2022-09-16,46.47503016972714,46.731721200275416,45.83788386379266,46.4887809753418,2869800
2022-09-19,45.98914618094345,46.4337741797521,45.67286368753261,46.40626907348633,2408600
2022-09-20,45.2878267306757,45.70953438635165,45.2144844442176,45.590354919433594,2028800
2022-09-21,46.259585387911706,46.37418008229148,45.42533615271303,45.480342864990234,2941800
2022-09-22,45.27865575124007,45.45284192744262,44.86153287606825,45.06321716308594,2648200
2022-09-23,44.82486533076184,45.186985019054724,44.591091152820276,44.8890380859375,3278600
2022-09-26,43.77975650426806,44.32980961938551,43.555148393110464,43.6743278503418,3529400
2022-09-27,44.18313507316283,44.462746438787235,43.660583487572,43.95853042602539,3288600
2022-09-28,44.60484332104357,45.65453127299977,44.540670563906765,45.54452133178711,2757800
2022-09-29,46.02123210605865,46.259587542724276,45.65911243529239,46.01664733886719,3213000
2022-09-30,45.92954967523883,46.16790858532611,45.64077231967593,45.66827392578125,2198400
2022-10-03,46.571286233198805,47.17176485025624,46.40626958240546,47.00674819946289,2737000
2022-10-04,47.7447358983365,48.418549774312844,47.63014120214866,48.303955078125,2297600
2022-10-05,48.212280740284854,48.78525422146472,48.042679330880674,48.60190200805664,1512600
2022-10-06,48.03809712447505,48.6431569689192,48.02892759054948,48.50564193725586,2169000
2022-10-07,48.157273278551195,48.313123881528895,47.35969518434924,47.69889450073242,2062200
2022-10-10,47.703482141368276,47.74473805237654,47.30927608892498,47.602638244628906,1597200
2022-10-11,47.48345806836227,48.41396996712896,47.190095917030355,47.850162506103516,2220600
2022-10-12,47.96475581037087,48.2214468110305,47.60722091740848,47.662227630615234,1533600
2022-10-13,46.5392016549231,48.28104259298427,46.50711527698185,48.05185317993164,1827000
2022-10-14,48.06560379279225,48.23520521674744,47.506381067637605,47.5797233581543,1962000
2022-10-17,48.138937287328034,48.743997128878036,48.11602044692878,48.58815002441406,1898800
2022-10-18,49.165710156828354,49.165710156828354,48.65690941847732,48.90901565551758,1665400
2022-10-19,48.72108438770488,48.73941995985848,47.772240385960956,47.95100784301758,1299400
2022-10-20,47.78140282062591,48.391047434441475,47.54304739490726,47.69889450073242,1976400
2022-10-21,46.53919586251704,48.03809639572929,46.245833730094624,47.77223587036133,3712000
2022-10-24,48.34521292116857,49.22529938377965,48.221448685929445,48.83567810058594,3527800
2022-10-25,49.440739835923004,49.61492252865702,49.06486934317382,49.58283615112305,2881600
2022-10-26,49.50949019649937,50.09162967530595,49.3169684619923,49.41781234741211,4622800
2022-10-27,49.37197949337188,49.651590837548035,48.86776351928711,48.86776351928711,2208400
2022-10-28,49.57366820738921,49.99996063375153,49.38114994958758,49.94495391845703,2778800
2022-10-31,49.5278260291185,50.050377531655364,49.52324126235172,49.88994216918945,2969200
2022-11-01,49.702013024767126,50.01829551331617,48.560650801135296,48.785255432128906,2655600
2022-11-02,51.14591116256842,53.28195471155517,51.05423329743087,51.90223693847656,4391400
2022-11-03,51.16882002639885,52.6264646318183,51.07714567271055,52.19559097290039,4578800
2022-11-04,52.06266573766878,52.122253723602974,50.80212401843592,51.526363372802734,3034600
2022-11-07,51.993909581793766,52.942753597287606,51.842643732199114,52.73648452758789,2465000
2022-11-08,52.47061941637877,53.08026403205242,52.28268243826706,52.64480209350586,4111400
2022-11-09,52.50729317759862,52.97942278420084,52.09933632351596,52.333106994628906,2372600
2022-11-10,53.401125649338795,53.49280000266553,52.3697734372271,52.961082458496094,2568600
2022-11-11,51.68220613656007,51.70054170695417,50.28414949409368,51.095481872558594,3202400
2022-11-14,52.69522596893915,52.98858811860937,52.126837241097185,52.45228576660156,2807000
2022-11-15,52.14057849327111,52.337681479329554,51.29257857544831,52.09015655517578,2861800
2022-11-16,51.934317586212366,52.34227442388714,51.59511476836277,51.96640396118164,1804400
2022-11-17,51.35217859979643,51.84722856427681,51.32009222231083,51.75555419921875,1603800
2022-11-18,51.40718411151039,52.19559622226997,51.402599344219155,51.99849319458008,2007200
2022-11-21,51.89764431183671,52.29643159904772,51.764714050382224,51.984737396240234,2056000
2022-11-22,52.136000187754824,52.93816303321091,52.136000187754824,52.88774108886719,1428600
2022-11-23,53.7586591793067,54.033685729563395,53.45154625647259,54.01076889038086,2094800
2022-11-25,54.262880124846525,54.588328647429414,54.175790532451416,54.4508171081543,1021000
2022-11-28,55.00545599555037,55.867206880505684,54.794602167225754,55.56926345825195,3711000
2022-11-29,55.55092878746101,56.15598867333818,55.52800844823008,55.624267578125,4888000
2022-11-30,56.793134648393576,57.11399841308594,56.06889529705624,57.11399841308594,2583800
2022-12-01,57.82906954782431,57.943664244774986,57.37069076002159,57.81531524658203,1976400
2022-12-02,57.494448948603356,58.25077461442453,57.46694734164157,58.16826629638672,1674600
2022-12-05,58.29661919608176,58.57623055954859,58.03992817276253,58.25078201293945,1989000
2022-12-06,57.755724911656046,58.02158543707392,57.2377581615026,57.65946578979492,2450000
2022-12-07,57.68237899221879,58.02158177794042,57.214834215928676,57.407352447509766,1800200
2022-12-08,57.98492000538995,58.64040184968482,57.89324564139671,58.576229095458984,1790000
2022-12-09,59.731338556922026,59.97886701847276,59.080441519330236,59.0896110534668,3686000
2022-12-12,59.37838344688247,59.561739153499076,59.089609574707,59.50214767456055,1927000
2022-12-13,60.588509102010406,61.17524042667843,60.49683473682362,60.89104080200195,3082200
2022-12-14,61.27148565067497,61.96822329745301,60.877279652481356,61.752784729003906,4122400
2022-12-15,61.63360767382772,61.642770212611914,60.7581026129323,61.276065826416016,3221600
2022-12-16,60.60684670412784,61.26691330837934,60.460162127936144,61.0468864440918,4170400
2022-12-19,59.933027274048484,60.07512358100135,59.49298055461849,59.86885452270508,3688200
2022-12-20,60.45100137083131,60.77186514783349,60.139300134382204,60.59309768676758,2851600
2022-12-21,60.50141669287939,60.95979546532374,60.290559380060785,60.73060607910156,3527200
2022-12-22,60.77186621150236,61.25316538258254,60.59768001766427,61.24857711791992,2557400
2022-12-23,61.22106461167516,61.422752380371094,60.92770249201871,61.422752380371094,2450600
2022-12-27,61.372341665510945,61.41818234652951,60.91854410292843,61.0789794921875,2297400
2022-12-28,60.9414654120451,61.477767815817955,60.863541848519745,61.216495513916016,2210000
2022-12-29,61.578610393393944,62.05990956414457,61.454853145094035,61.972816467285156,2666800
2022-12-30,62.00490442459306,62.27534624751252,61.468602048966,62.0369873046875,1968600
2023-01-03,62.92166786023904,63.448800749754135,62.39911624135835,62.779571533203125,3541400
2023-01-04,63.55881007178156,63.56339134211885,62.36702231933409,62.692474365234375,2777400
2023-01-05,62.13324544261372,62.86664729892626,62.05532188881018,62.45410919189453,3049400
2023-01-06,62.80247715524956,63.73757382830707,62.57328775420876,63.54963684082031,2308000
2023-01-09,63.59547291519757,63.73756921446792,62.774971002055004,62.903316497802734,2418800
2023-01-10,61.399837324156664,61.87196691679372,60.98271094796502,61.266910552978516,2906800
2023-01-11,60.043037649072595,60.79019028865275,59.91927342266657,60.77185821533203,3378000
2023-01-12,60.20347394350314,61.27149745831534,59.635088669809804,61.24857711791992,2387200
2023-01-13,62.17449342329126,62.72454652489978,62.078230808215054,62.4861946105957,2179400
2023-01-17,64.0034252288848,64.16844185383104,63.31585712399286,63.705474853515625,3541000
2023-01-18,64.06760706319997,64.60849069186494,64.03093591975237,64.06301879882812,4857800
2023-01-19,64.14552975703423,64.56265613954439,63.6642306229306,64.4755630493164,3523000
2023-01-20,64.32429248872565,64.68182736341869,64.06301323720889,64.67724609375,2698600
2023-01-23,64.75974991361544,64.86059379920805,64.42971665064046,64.66807556152344,2606600
2023-01-24,66.36407246407154,66.36407246407154,63.76964715431771,64.12718200683594,3892200
2023-01-25,62.86205992482457,63.957584830184274,62.83913958903623,63.664222717285156,3220000
2023-01-26,63.52213565983284,63.63214909102372,62.467863009079785,63.04541778564453,2598400
2023-01-27,63.233354560497865,63.62756061138316,63.05917537125004,63.29752731323242,2217400
2023-01-30,64.49389410059712,64.52598397303748,63.636728004844535,63.74215316772461,2889200
2023-01-31,63.114172692892474,63.673395340606234,62.518278904998574,63.61380386352539,3040800
2023-02-01,64.08135315771946,64.25095106368192,62.875814759843756,63.751319885253906,4587000
2023-02-02,61.849045524301395,61.90405573411441,60.1255438267714,60.66184616088867,8126000
2023-02-03,62.224922575222806,62.99499560783739,62.00031444355748,62.70163345336914,3559000
2023-02-06,63.08209976130111,63.636741288290104,62.779575013613815,63.28837585449219,3365400
2023-02-07,63.407541199027946,64.04926873097823,63.320448106626365,63.9850959777832,2132000
2023-02-08,64.52598642413203,64.58557091273359,63.61839135312417,63.98051452636719,2460200
2023-02-09,63.98967424984277,64.24636522253907,63.66880353966796,63.957584381103516,2564600
2023-02-10,63.6596449786667,64.16844568644828,63.421286062995684,63.9621696472168,2482800
2023-02-13,64.4847333403274,65.7636142502174,64.45723172838244,65.54359436035156,3212600
2023-02-14,65.45648402534951,65.81401887510951,65.2043743250561,65.52523803710938,1768200
2023-02-15,64.654335301765,65.07604298560088,64.49389991371287,64.61308288574219,1721600
2023-02-16,64.03093049006229,64.223448731108,63.46712657026379,63.57255172729492,1765200
2023-02-17,64.20511912550008,65.15854083370802,64.06301582836508,64.9201889038086,2378800
2023-02-21,65.27771804587503,65.77734919387136,64.9889372014806,65.36939239501953,1729600
2023-02-22,65.35564969237059,65.63984230823196,65.13562982829421,65.20438385009766,1382000
2023-02-23,65.6123363909029,65.92403758932234,65.00269179182665,65.49774169921875,1611000
2023-02-24,64.84226798277675,64.98436429137513,64.4572244759521,64.90644073486328,1707800
2023-02-27,65.66276622121774,65.9652979222316,65.45649715027402,65.71318817138672,1682400
2023-02-28,65.53441140515659,65.53441140515659,64.47096933234285,64.62682342529297,2326400
2023-03-01,65.36939121793563,65.93319509961132,65.18604252294814,65.4839859008789,2567600
2023-03-02,65.13562823271974,65.96529271558268,64.99352493396468,65.82319641113281,1622600
2023-03-03,65.74985353742271,66.49701318944506,65.67192998388435,66.41908264160156,2011200
2023-03-06,66.75369843647678,66.89579472740985,65.9652864406825,66.35490417480469,2333400
2023-03-07,66.62077623759829,66.73995920754294,65.88278605521747,65.96987915039062,2189600
2023-03-08,64.66350244034791,64.98436621025519,64.1913658286847,64.84226989746094,8839400
2023-03-09,65.33272025027267,65.86902252852778,64.97976666748268,65.10353088378906,2522600
2023-03-10,65.57107132362297,66.06612113545769,64.6268123655007,64.76432037353516,2718200
2023-03-13,64.75058841869365,65.68109684684131,64.36555189552337,64.4205551147461,2504400
2023-03-14,65.15853365434661,65.58024824082162,64.65890251741332,65.52523803710938,2400400
2023-03-15,64.33347188049031,64.93394703142934,64.0630230538892,64.62224578857422,3189600
2023-03-16,63.714644658297715,63.7329767303457,62.0278142577039,63.664222717285156,5974000
2023-03-17,64.05385491072583,64.30137638090646,63.76049276362402,63.91633987426758,3454400
2023-03-20,65.15396327447263,65.9011229672263,64.99352789447951,65.81861114501953,2484800
2023-03-21,66.53826820386945,67.5787830426753,66.36408202190839,67.51461029052734,2744600
2023-03-22,67.51002768414183,67.98674554292342,67.2120842681323,67.23958587646484,2098000
2023-03-23,68.62388438221326,69.44437925098504,68.36718641207634,68.56429290771484,2573200
2023-03-24,69.2938814699534,70.98961005596301,68.91962078875525,70.57838439941406,3204600
2023-03-27,70.94340379590452,71.82130611850839,70.74010700206355,71.47938537597656,2329000
2023-03-28,71.92294972496505,72.01535862972644,71.40082919005933,71.76585388183594,1832600
2023-03-29,72.19094948640175,72.62989712651681,72.05233258680005,72.3480453491211,1644800
2023-03-30,72.64836596088247,73.05497359626466,72.56981804047408,73.04573059082031,2066400
2023-03-31,73.26290064413658,73.80812519888451,73.02725686601676,73.53089141845703,2285600
2023-04-03,73.16588178610989,73.76654329237822,72.8424399899978,73.74344635009766,2086400
2023-04-04,73.42462601585166,73.97446858211319,72.93485241743836,73.27214813232422,3156000
2023-04-05,73.30448548664148,73.49392833980778,72.21866842771743,72.95794677734375,2676400
2023-04-06,73.65102443359375,74.34872688278729,73.5586155208858,73.6325454711914,2050200
2023-04-10,73.74343831466852,73.77116028266343,72.91636200096488,73.42462158203125,1477200
2023-04-11,72.84243974092846,73.46621228804186,72.51900499627095,73.17511749267578,1931400
2023-04-12,74.51043873872705,76.20616727062185,74.43651584073265,75.55467987060547,3520800
2023-04-13,76.92697173883643,77.46294622484402,75.97513954137185,77.45832824707031,7045200
2023-04-14,77.95271956788787,78.49331903163764,77.52762594049858,77.90189361572266,3314000
2023-04-17,79.03393173706995,79.33426247268947,78.58112311940798,79.04317474365234,3189200
2023-04-18,78.52105061513639,79.08012910709317,78.23458087712046,78.4471206665039,3221200
2023-04-19,75.69330184379048,76.65898806393133,75.6517118385878,76.25238037109375,3980200
2023-04-20,76.50650354108149,76.78373026640503,75.95666101788694,76.40946960449219,2386800
2023-04-21,77.9665847027079,79.92106087579674,77.93423770854041,79.77320098876953,3453400
2023-04-24,78.96000408179577,79.20489088574038,78.42402248999876,78.77056121826172,2376400
2023-04-25,78.7982792649124,78.95075714379767,77.71708017865107,77.89266204833984,2234600
2023-04-26,76.54346806730501,76.59429402420287,75.531573957469,76.23389434814453,2242800
2023-04-27,76.52960089675358,76.81145262579271,75.98437639862256,76.70980072021484,2307600
2023-04-28,76.8807660322154,77.66625234817617,76.50188738348758,77.2042007446289,2238400
2023-05-01,77.02862911981978,77.38902882148552,76.60353542264394,77.35668182373047,2014200
2023-05-02,76.63588030576726,77.32895772066917,76.58967232463458,77.2550277709961,2233800
2023-05-03,77.05171786869711,77.97582101581659,76.57580531195838,77.51839447021484,3333800
2023-05-04,74.63981544541316,74.95863219063999,73.23979960360268,74.12693786621094,5459000
2023-05-05,74.94939562775843,75.66095201324123,74.33024110492748,75.42530822753906,2568200
2023-05-08,78.15602509898746,78.43325887834314,77.50453770309299,77.82797241210938,3668600
2023-05-09,76.65898723340075,78.2669249234813,76.65898723340075,77.86956024169922,3160200
2023-05-10,77.24116309888433,78.44250004749627,77.14875419137903,78.27616119384766,2451600
2023-05-11,78.42401357534771,78.61807439507378,77.74479718113264,78.08209991455078,2044800
2023-05-12,78.66429493339972,79.6253632300229,78.66429493339972,79.13558959960938,2185600
2023-05-15,78.5811125292278,78.7659303338788,78.01278403174868,78.28539276123047,1525400
2023-05-16,77.12565434173708,77.94810564827145,76.95931547916,77.46757507324219,1982800
2023-05-17,77.84645825543623,77.86494426921296,76.95470197529322,77.20883178710938,1538000
2023-05-18,77.54612171882455,77.94348638116733,77.23192296122079,77.87879943847656,1400000
2023-05-19,78.54414845748146,79.31114870087713,78.23457475345568,78.79827117919922,2729200
2023-05-22,78.77055359990179,79.4497700056341,77.40288483282768,78.7890396118164,6278600
2023-05-23,77.69397398086328,77.74018196115766,74.90318540964107,75.53619384765625,4778800
2023-05-24,75.08800523774535,75.27744809153037,74.60747466143623,74.7507095336914,3533400
2023-05-25,75.0556640625,75.19889893241081,74.36720463092284,75.0556640625,3114600
2023-05-26,75.6101337653749,76.09066439219528,75.19890806778622,75.3005599975586,1926200
2023-05-30,74.75995463592724,74.77381562070516,73.66488748603352,73.84046936035156,2514000
2023-05-31,73.89128867182869,74.44113118636672,73.58633293346088,74.14080047607422,1683600
2023-06-01,72.84706595913396,73.5124214734929,72.60217914486974,72.99491882324219,2829000
2023-06-02,71.65496346084316,72.81933547485096,71.3176677646491,72.6067886352539,3199400
2023-06-05,73.25827966773144,73.3229666071371,72.63450721247513,72.93484497070312,1934000
2023-06-06,74.68602664373196,74.87084447918708,73.9744702218464,74.2794189453125,3250400
2023-06-07,73.50778666590497,73.66026453852372,72.38500467255032,72.7869873046875,2429200
2023-06-08,73.05497822399606,73.86356851808543,72.84705641558551,73.67412567138672,1909000
2023-06-09,72.79160898863876,73.11505076236631,72.53286120993528,73.02725982666016,2360400
2023-06-12,74.01141546598863,74.17775430953364,71.92756546937647,73.3506851196289,3825000
2023-06-13,73.5308862475047,73.9467298385544,72.6807130544912,72.83319091796875,1836200
2023-06-14,73.24903860617496,73.7942631530777,73.11504674611669,73.49855041503906,1985000
2023-06-15,74.15466965608725,75.2451117998894,73.95598378627516,75.09725189208984,2221200
2023-06-16,75.10186412281998,75.17579407106194,74.49195967569362,74.52429962158203,2103400
2023-06-20,73.77577929270969,75.17579509882286,73.66488436883066,74.69988250732422,3804400
2023-06-21,74.5936155859443,74.96325829659816,73.84509420837279,74.17776489257812,3826800
2023-06-22,73.84046606054255,74.5012035236054,73.81274409222556,73.9375,1804800
2023-06-23,73.2259346164138,73.83584610443911,73.0873177281946,73.49855041503906,1433400
2023-06-26,73.68336141225804,73.89590117755323,72.53285051198286,72.64374542236328,2410400
2023-06-27,71.87212960180328,72.26486924149462,71.36387000885205,72.07080841064453,2751000
2023-06-28,73.13352779193026,73.13352779193026,71.91371183146421,72.445068359375,2303400
2023-06-29,71.5810399854791,72.5883162375932,71.44242308193238,72.55596923828125,2319600
2023-06-30,74.17314284972993,74.88932424043443,74.16389984362432,74.77381134033203,2179800
2023-07-03,73.98832824924875,73.98832824924875,73.09194697739308,73.66488647460938,1679000
2023-07-05,73.58633246477403,74.13155699811178,73.48930558067805,73.92825317382812,1944000
2023-07-06,73.078078113246,73.392269797152,72.51437463296998,73.15200805664062,2552400
2023-07-07,73.09194535279633,73.25828421449864,72.5097558116642,72.5328598022461,2180000
2023-07-10,72.25100587407266,72.72691845434419,72.14011800315758,72.57444763183594,1533000
2023-07-11,71.01733213833997,71.22987898435957,69.82523812017784,70.34735870361328,4445600
2023-07-12,70.31040067605069,71.81668655852063,70.19950573886285,71.50249481201172,3407600
2023-07-13,72.71768963924873,72.72692559583336,72.08467409577487,72.48666381835938,2361400
2023-07-14,73.97446384824462,74.31175954154583,73.09656157960116,73.9929428100586,2348800
2023-07-17,74.6675405255604,74.78305342423835,74.18700291886539,74.36720275878906,2234000
2023-07-18,74.0114228398497,74.30714263592363,73.66488413546705,74.04376983642578,1745800
2023-07-19,74.10383497776294,74.37644371906131,73.71570629061617,74.0345230102539,1408000
2023-07-20,75.62397697926728,76.9500626828228,75.62397697926728,75.99823760986328,3570800
2023-07-21,75.8781168358874,76.76987306933502,75.83653388258996,76.54347229003906,2419200
2023-07-24,75.670190882925,75.74873880719835,74.88007956172031,74.88470458984375,2218000
2023-07-25,74.19625050525495,75.30517158088169,74.15004252279206,74.99559783935547,2374600
2023-07-26,73.5170333527498,73.53089433728661,72.42659125031645,73.13352966308594,3059000
2023-07-27,73.26290503906239,73.35069597647579,72.37114878080692,72.385009765625,2280400
2023-07-28,72.37576541291936,73.05036387969592,72.03846970470518,72.92098999023438,2193200
2023-07-31,74.28403031983048,74.71835990869955,73.8728047187337,74.43650817871094,2164600
2023-08-01,74.56126885916896,74.88471063863517,74.28404211293147,74.72760772705078,2860800
2023-08-02,73.73419376459117,74.14541939871656,73.06883834525397,73.16124725341797,1672200
2023-08-03,72.66223139975438,73.28138589624051,72.3572827048647,72.7869873046875,1604000
2023-08-04,72.56058133088155,73.0642229412602,72.26025060618203,72.35728454589844,3036800
2023-08-07,74.01604871541099,74.80153504426704,73.60482306351676,74.55664825439453,2471800
2023-08-08,85.99703705965103,88.79706848185074,84.82342915889166,87.40629577636719,17822600
2023-08-09,85.54884728826433,87.9977220743778,85.43333439316791,86.67625427246094,7448000
2023-08-10,85.42409174573895,86.26964691764613,83.98248613363386,84.13496398925781,6515800
2023-08-11,84.31055195245152,84.85576943000629,83.25707491925455,83.9085693359375,4238800
2023-08-14,83.75610067534875,84.39835215697325,82.80427544865975,82.9105453491211,4647800
2023-08-15,85.24390288152426,85.86766831614062,83.96401796552638,85.5303726196289,4827000
2023-08-16,85.27163201274769,86.42676111871731,85.16998008739448,85.31783294677734,3158200
2023-08-17,85.83994752866484,86.51454598131498,85.12376612320459,85.35017395019531,3705800
2023-08-18,84.83667865745409,85.3055993378605,84.24240925636977,85.02239227294922,2722200
2023-08-21,86.05308516951081,86.52663897892612,85.45881573145,86.29450225830078,2090000
2023-08-22,85.63059335117576,86.24807786887166,85.36131390918617,85.89522552490234,2425200
2023-08-23,86.97697775316624,88.7644331911981,86.97233756945899,88.23051452636719,3294200
2023-08-24,87.16733875449098,87.75232074120825,86.02987023819327,86.05308532714844,3619200
2023-08-25,85.7605931247264,86.87020639816444,85.59345439765306,86.55449676513672,2702400
2023-08-28,86.39664378503319,87.51090430494034,86.2620076028895,87.046630859375,2228600
2023-08-29,87.00020273980518,88.6205196535,87.00020273980518,88.38373565673828,3112800
2023-08-30,87.74768124344644,88.06338378610427,87.24162488781813,87.31591033935547,2814800
2023-08-31,86.8562786393234,86.87949372887753,85.81630355185483,86.17843627929688,3826400
2023-09-01,87.2416215966947,88.55086898045975,86.9769823421702,87.8916015625,2786600
2023-09-05,89.2054978866749,89.34942151864041,88.22124046736204,88.26302337646484,3230000
2023-09-06,88.80622500004917,89.0569366303729,88.09588718788297,88.79229736328125,2331200
2023-09-07,89.20549881287984,91.7125725645848,89.20549881287984,90.70974731445312,6435600
2023-09-08,90.25475123193955,91.04866190792039,89.93440851858792,90.71902465820312,3904800
2023-09-11,90.7051014781267,93.67180853432318,90.53332256893049,92.64112091064453,7818800
2023-09-12,91.1275856052839,91.7729253707172,90.08761060220607,91.34579467773438,7286400
2023-09-13,89.33085030884475,90.42653586177639,89.09871359919187,89.43299102783203,6420000
2023-09-14,90.25940341754007,90.8722406897858,89.4422776088782,89.54441833496094,4051600
2023-09-15,89.83690573011901,89.92047154431164,88.22587641462701,88.41158294677734,4511600
2023-09-18,86.08559019226686,87.58983885939865,85.44953777403659,86.63807678222656,4695200
2023-09-19,86.15522350102498,87.10697836176074,85.96950987913118,86.84234619140625,3244800
2023-09-20,87.93338794761078,89.53048973730898,86.85627723536702,87.96125030517578,6124500
2023-09-21,86.27130030222438,86.80057177898797,84.03349875806094,84.76705169677734,7519600
2023-09-22,85.24060245896561,86.02057840150181,84.61847069422821,84.77632904052734,2944800
2023-09-25,84.40491504679359,84.68347486762914,83.94064159448368,84.61847686767578,3088600
2023-09-26,86.15057500424437,86.32700117146493,84.99917890192391,85.23131561279297,2775100
2023-09-27,84.79489037500602,85.3241617481765,84.13562302135506,85.14773559570312,2946000
2023-09-28,85.40773620395954,86.26199754396507,84.78560447541771,84.98059844970703,4274800
2023-09-29,85.89058560089828,85.95558359852355,84.14492003306964,84.44205474853516,2629400
2023-10-02,83.72707223509289,86.34557420854424,82.49210315842862,85.24060821533203,7554600
2023-10-03,83.19779024800599,83.3835038549506,80.74642731033504,81.5078353881836,4732800
2023-10-04,83.03994336623659,83.53207205310677,82.15782671062965,82.67781066894531,4291800
2023-10-05,82.61282176877583,83.80136070962612,80.80215099873753,83.5599365234375,4544000
2023-10-06,84.07991677194579,85.93701039841174,84.01491877838949,85.53773498535156,4265000
2023-10-09,84.61846869581885,85.59344568521352,84.03348675273203,85.48201751708984,3007500
2023-10-10,85.55631263035679,86.76342645989197,85.33346335317749,86.36415100097656,3524000
2023-10-11,89.60476137840409,92.13040967197996,88.2305090712821,91.77755737304688,11823000
2023-10-12,92.40897577095299,94.77677297929586,91.99113253853955,93.02182006835938,10153800
2023-10-13,94.33107797772676,96.56887945003822,93.35610796459896,94.84178161621094,14136900
2023-10-16,94.04322441004925,94.21965057958903,92.78968757172785,93.92251586914062,6383500
2023-10-17,93.95965611374045,94.55392551895359,93.1146750969295,93.93180084228516,4137400
2023-10-18,93.59752580286597,93.98751378168409,92.96611365819604,93.38395690917969,2863700
2023-10-19,91.7125729221945,91.88899909770444,89.38192533622377,90.68189239501953,5088600
2023-10-20,90.53332331557684,91.21116567388172,89.19621350426348,89.40978240966797,3945000
2023-10-23,90.1433306032362,90.92330656289631,89.44692046028953,90.18047332763672,2622700
2023-10-24,89.46548937612428,90.7283136842078,89.36334865383441,90.55188751220703,3225800
2023-10-25,91.24829873225336,91.53615308219139,89.6047738725931,90.46832275390625,2829200
2023-10-26,89.1404996323946,89.33549362523041,87.82196477555219,88.39765930175781,3348000
2023-10-27,87.06982682331808,87.74766907717455,86.299138394289,86.81912231445312,3297100
2023-10-30,89.80905182075472,90.44975140961532,89.06621151238735,89.51191711425781,4095400
2023-10-31,89.79047782763733,89.87405072819536,88.81550788279552,89.66976928710938,3190000
2023-11-01,90.449742576373,91.10900992064671,90.06903500734548,90.70044708251953,3119200
2023-11-02,94.04322882847421,94.94392045428346,93.13325683433234,93.7182388305664,5377700
2023-11-03,91.62900215461953,91.7775659647231,89.87404919950444,91.15544128417969,4448300
2023-11-06,92.69682991309851,94.24750138843204,92.29755450069378,93.85751342773438,3732700
2023-11-07,93.56037849108748,94.71177455105939,93.37466487867269,94.4239273071289,4359500
2023-11-08,94.69321118968313,95.87246257596874,92.32541388074117,94.48892974853516,7718200
2023-11-09,93.6625285526617,94.38679400272297,92.6225534721182,92.8825454711914,4482900
2023-11-10,93.04038930163769,94.16393719729233,91.48043034773508,93.95965576171875,5638600
2023-11-13,92.34398751153473,94.68392969560797,90.78402841690281,93.5789566040039,8415000
2023-11-14,92.57611269225684,92.65968558767494,91.47114682272739,92.1118392944336,5477000
2023-11-15,91.27615717422266,91.74971096179922,89.14049660925909,89.5397720336914,7039300
2023-11-16,91.88899487841016,92.51111956398344,91.09973147746268,92.41826629638672,5080600
2023-11-17,94.01536686409233,94.4424975572661,93.36538691453447,94.1453628540039,3806800
2023-11-20,94.24750426212064,96.32744720017739,94.23821681013038,96.18816375732422,4618300
2023-11-21,95.97460165139378,96.21602581263485,94.58178139571478,95.43604278564453,4088000
2023-11-22,95.69603838915596,96.29959527298135,94.84177696688793,95.88175201416016,2692000
2023-11-24,96.78243913397756,98.1381166546311,96.70815368741432,97.9152603149414,4598700
2023-11-27,97.3859931311697,97.90598419542451,96.28102717366036,96.44816589355469,4746000
2023-11-28,94.59108093286264,94.9439262257183,93.81109780621978,94.1825180053711,5147700
2023-11-29,94.29393349327466,94.99962398396147,93.65323391311811,94.71177673339844,2664600
2023-11-30,94.23821194392121,94.70248533995783,93.79251345090597,94.56320190429688,2671100
2023-12-01,93.8760846946961,94.48892901337183,93.14253183639497,93.22610473632812,4567500
2023-12-04,93.38396385091518,93.9225227669839,92.46470437986743,93.70895385742188,2988000
2023-12-05,92.26969895815854,92.74325273007574,91.84256827614011,92.51111602783203,2846000
2023-12-06,92.15827347240894,92.16756092435892,90.61688232421875,90.61688232421875,3082100
2023-12-07,90.32904208163085,90.34761698697223,88.89907899312364,89.89262390136719,3424800
2023-12-08,89.51192245640567,90.11547935744368,89.34478373126053,89.73477172851562,3599800
2023-12-11,89.53977525609878,90.15261250853247,87.96124840553432,89.74405670166016,5039600
2023-12-12,88.25837675444515,89.44691553278582,88.1748038580853,89.33548736572266,3642400
2023-12-13,90.0040515681747,91.86114537370044,89.9204786631157,91.83329010009766,5528200
2023-12-14,91.4804380145215,91.67543909882079,90.0319071088743,90.99759674072266,5689000
2023-12-15,90.56117883529673,90.56117883529673,89.63263192697337,90.16190338134766,5231000
2023-12-18,92.40897894768695,92.66897801519882,91.48043210218096,91.9075698852539,4724300
2023-12-19,92.74325722853725,93.411812096907,92.4275546986128,92.84539794921875,3497000
2023-12-20,93.96893472319476,95.51961328627627,93.82965836852425,94.07107543945312,5389600
2023-12-21,95.51033505168331,96.0860366821289,95.2410555995838,96.0860366821289,3608900
2023-12-22,95.78889831483328,96.16031139467759,95.25033943110844,95.37104797363281,2211700
2023-12-26,95.23176487928298,95.76103631269687,95.0924885159507,95.34319305419922,1851400
2023-12-27,95.32462149030253,96.39244468325057,95.03676715413597,96.27173614501953,2254900
2023-12-28,97.07957638174089,97.48813218005222,96.07674407958984,96.07674407958984,2380100
2023-12-29,96.15102685408796,96.27173539137407,95.38961873864852,96.05816650390625,2055900
2024-01-02,94.44249891191502,95.29676031051577,94.44249891191502,94.81391906738281,2637400
2024-01-03,94.75820804776747,96.42030066059624,94.73963314374971,96.21602630615234,4064100
2024-01-04,97.59956386310641,101.19304286626638,97.52527841192338,99.93949890136719,9132800
2024-01-05,98.94596151926082,99.53095063637709,98.16598547544059,98.40740966796875,3976700
2024-01-08,98.59311234275368,98.92738980101171,97.74813124430953,98.79739379882812,2880700
2024-01-09,98.54667444841796,99.32665748471041,98.16597392446886,99.3080825805664,3681100
2024-01-10,100.1252059513381,100.99803515051889,99.98592251058317,100.90518188476562,4725900
2024-01-11,100.57090701182508,100.92375934858838,98.4073982363172,99.06666564941406,5021300
2024-01-12,99.29880845186723,99.79093717885094,99.0945269989493,99.50308990478516,3584000
2024-01-16,99.22451453986689,99.39165325216412,98.29596771249344,98.7509536743164,3131300
2024-01-17,98.72310323531273,99.45665611495401,97.99883780798983,99.05738067626953,2685800
2024-01-18,98.70452798317721,100.0044878398532,98.35167566415096,99.8652114868164,3364500
2024-01-19,99.53095173213596,100.19950668234276,98.89025205747924,99.3173828125,3574500
2024-01-22,98.72310344320128,98.99238288699742,97.95240783691406,97.95240783691406,2907000
2024-01-23,96.2903094718677,97.95240925184244,95.99317475101611,97.84098815917969,8654600
2024-01-24,99.0295307961107,99.3823760766676,97.69242095947266,97.69242095947266,2537500
2024-01-25,98.17526013157567,98.17526013157567,97.32099165804073,98.12882995605469,2275100
2024-01-26,98.91809756873216,100.46876915146235,98.81595684563014,100.34806060791016,5544700
2024-01-29,100.40377266762927,101.23017883300781,100.00449722155025,101.23017883300781,3915900
2024-01-30,101.3880371883418,101.51803318620468,100.7101948415563,101.23017883300781,5105000
2024-01-31,104.13653276914732,107.82286497234313,104.13653276914732,106.54146575927734,12716100
2024-02-01,105.85434162226399,107.58143934178833,105.24149729664231,107.51644134521484,6837200
2024-02-02,105.6314851419527,106.41146104753444,105.14863684247366,105.57576751708984,5137400
2024-02-05,108.07357414194011,110.12566196015362,107.96214596256061,109.8099594116211,8730300
2024-02-06,109.87495289051851,110.21851069869585,108.32428131694668,109.2063980102539,6274900
2024-02-07,108.61212713884854,111.11920082232798,108.46355624109403,110.1813735961914,6206000
2024-02-08,109.61495391767461,110.15350568424782,109.11353778941684,109.93065643310547,4544700
2024-02-09,111.42562542466835,112.95772919110763,110.94278416489833,112.53987884521484,5294500
2024-02-12,111.81561440267018,112.21488984734432,110.7663589709686,111.91775512695312,4497800
2024-02-13,111.10992097894317,111.93632711991556,110.89635208347542,111.41633605957031,4186600
2024-02-14,111.89918586548717,114.52696813713493,111.77847023784315,114.48054504394531,5678200
2024-02-15,114.00697734680226,114.35054222029324,112.43773095513401,113.05057525634766,4764000
2024-02-16,113.1341416358179,115.73407557672017,112.86486929099772,115.14909362792969,6609500
2024-02-20,115.71550966793657,115.8455056587031,112.0941755776901,112.77201080322266,5070400
2024-02-21,110.49708113990081,112.34488748797789,109.84710114336636,112.28917694091797,4117400
2024-02-22,114.27626005348871,115.94764720998353,114.22054950968896,115.62265014648438,3589500
2024-02-23,114.83337840963593,115.29765179893752,114.1276879585573,114.62909698486328,3759400
2024-02-26,114.396972691135,115.2976642974973,114.01627215444864,114.66625213623047,4451800
2024-02-27,111.39776662226468,113.8026995610423,111.23062790605329,113.49628448486328,7637000
2024-02-28,113.24557116144945,113.4219973270828,112.28916905475313,112.85558319091797,3075200
2024-02-29,111.5277686505937,111.6856199232672,110.41351520504473,111.2120590209961,5479800
2024-03-01,114.02557110013664,115.53910011555777,113.51486743136662,115.3533935546875,5559600
2024-03-04,118.23187687485546,119.56898665969418,117.91616724932385,118.80757141113281,6816900
2024-03-05,117.22904364790942,117.76760253874963,115.11195789412427,115.74337005615234,4807800
2024-03-06,115.47407947651266,116.23548756163746,114.54553268566534,115.83621215820312,3895500
2024-03-07,123.90527694256737,128.39943967994202,123.37599850975538,126.20806884765625,19606800
2024-03-08,124.33241848356808,125.19597442818915,121.73249861879641,123.56173706054688,12765000
2024-03-11,123.84029060632308,123.97958113689818,121.40750235875244,121.86249542236328,5734500
2024-03-12,122.19676142140652,125.46523587247377,122.05747090386996,125.4559555053711,6340600
2024-03-13,124.64813898478388,125.81810295961513,123.21816884704464,123.95172882080078,6847000
2024-03-14,126.14308743423562,126.20807834209376,124.30455458368264,124.96382904052734,3506900
2024-03-15,124.31387342152884,124.42529452449568,122.4382045667401,122.91175842285156,3780100
2024-03-18,122.16892534496563,124.19315083431898,121.70465188390276,123.39459991455078,3898800
2024-03-19,122.60530945101793,122.76317487042182,121.18463402437753,121.98318481445312,4393500
2024-03-20,121.7789178113413,122.0389098046172,119.62469641441221,121.04537200927734,4403900
2024-03-21,119.78255749900188,121.70465650161108,118.02760431633799,120.55325317382812,6548800
2024-03-22,120.85252180104725,121.10504228484008,119.81439789070484,120.42230224609375,3229500
2024-03-25,120.64676205666007,121.81581982852693,120.37554693270584,120.69352722167969,3320000
2024-03-26,121.67553455425083,121.73164704211678,120.1230224599127,121.03021240234375,4218200
2024-03-27,120.02015333158096,120.29136846576766,119.04749637244755,119.75828552246094,3941200
2024-03-28,120.07626211125745,121.73165192330228,119.51511580401066,120.08560943603516,3656500
2024-04-01,120.74964657171644,120.74964657171644,118.91656473752748,119.29066467285156,3065100
2024-04-02,116.9525467287445,118.47699555158209,116.04535672216555,118.271240234375,4322400
2024-04-03,117.26117492941552,119.83310931090928,117.26117492941552,118.76692199707031,3616400
2024-04-04,118.68275471161742,119.22519926811583,115.75542927988963,115.9331283569336,4006800
2024-04-05,116.59714534436468,118.0000146841038,116.53167839392468,117.71009063720703,4997800
2024-04-08,118.77627713198211,119.36547971752826,117.83167639468445,119.20648956298828,3017100
2024-04-09,118.00937371940583,118.53310934323063,116.17629190065631,116.77484893798828,3214300
2024-04-10,115.40003666071391,117.14894975398447,115.25974829317023,116.84031677246094,3025300
2024-04-11,117.35470575288277,117.72879855467642,116.09211757305931,117.2798843383789,2419000
2024-04-12,118.53310485681924,118.8323833641577,116.29786694427453,116.447509765625,3343000
2024-04-15,117.66333082361902,117.88779506564792,115.52161601129185,115.87701416015625,2896700
2024-04-16,115.100762841316,116.20435377018174,113.90364870872192,115.4561538696289,3044100
2024-04-17,116.85901110740826,117.1021771199556,115.27844986425636,116.4662094116211,3075100
2024-04-18,115.31585614551844,116.06404880374241,114.57701081157683,114.80146789550781,2841000
2024-04-19,115.48420454786694,116.47556324197897,114.53024942284091,114.7640609741211,5183500
2024-04-22,114.65182826252135,118.07483278037583,114.63312647807592,117.14894104003906,3798300
2024-04-23,118.37412946482361,120.42231410596625,118.15901966616163,120.31008911132812,3703600
2024-04-24,118.92590780210294,119.07554348067612,117.23310736243008,117.99066162109375,3143100
2024-04-25,115.68060716893055,117.70073529258632,115.23168584402794,117.64462280273438,3434400
2024-04-26,117.98130921477475,119.61799006002627,117.83166639823503,118.63597869873047,3312500
2024-04-29,119.07555023812927,119.68346171735621,118.32735039671726,118.6640396118164,1877000
2024-04-30,119.75827545834484,122.0122221631009,119.23453274875587,120.00143432617188,7841000
2024-05-01,119.52446957301657,121.70359497450958,119.24389285333436,120.84317016601562,5184400
2024-05-02,119.65540558836587,119.65540558836587,115.81154299171418,115.9892349243164,8487100
2024-05-03,114.96046755881746,115.75542544577526,113.43601873711336,115.0820541381836,5932900
2024-05-06,114.10004678431329,116.56909640619399,113.89429145992942,116.52233123779297,3636600
2024-05-07,118.44893596705967,119.52447055418732,118.19641549020028,119.04749298095703,4167500
2024-05-08,119.25325266129573,120.11367037301247,118.42088406037021,118.4863510131836,4060300
2024-05-09,119.18778716404589,120.45972266454999,118.72016402813593,120.32878875732422,2374000
2024-05-10,120.73093762954579,121.83453564947355,120.02015560145246,120.10432434082031,3081100
2024-05-13,122.95682662276334,124.85537538394736,121.95610627722847,123.8359603881836,6145000
2024-05-14,123.62085507189867,124.38776392499406,122.79784799212821,124.31294250488281,2920700
2024-05-15,124.34098449463536,126.0618341476738,124.29421932858784,125.94026184082031,3719700
2024-05-16,124.5093310138972,125.01435768213457,123.90141242223753,124.4251480102539,2894400
2024-05-17,123.39638979940749,123.53667102553781,122.37697483426066,123.34962463378906,2590300
2024-05-20,122.93811544767614,124.96759807687761,122.5172574936369,124.30358123779297,2411700
2024-05-21,124.72443663801734,126.70715406045588,124.68703306828586,126.40788269042969,3559800
2024-05-22,124.94890230076317,125.93089942776176,124.17264621573311,125.3510513305664,2683000
2024-05-23,127.62370461905455,128.33448660410832,126.25823886773647,126.79133605957031,4370700
2024-05-24,125.79062302275909,127.84816195783384,125.52875520942551,127.23089599609375,2845200
2024-05-28,125.74386371703261,125.87479762980315,124.10718267203774,125.3978271484375,3145600
2024-05-29,123.77983652179887,124.51867471825771,123.50860714042447,124.08845520019531,3169200
2024-05-30,125.2201214828201,125.8654436870938,124.18199756088532,124.2007064819336,2757200
2024-05-31,126.2956544632238,127.06256328154258,125.09854033718194,126.5201187133789,3446300
2024-06-03,125.18271343912501,127.83880930406937,125.0237090219835,126.83808898925781,4496700
2024-06-04,127.60501168101611,130.93448633595705,126.98774567760081,130.8596649169922,5071200
2024-06-05,132.20640967779377,133.18842108854824,131.00929562663262,131.86972045898438,3786700
2024-06-06,132.0474219051767,133.6841028623143,131.76684517266517,133.17906188964844,4369200
2024-06-07,133.8056897960734,134.42294148435747,133.05748993097635,133.62799072265625,3511200
2024-06-10,132.91720613999502,134.6193613398317,132.10354638552732,134.32943725585938,3650400
2024-06-11,132.72079027230382,133.6840927065232,131.8884217338796,132.60855102539062,4433300
2024-06-12,134.2265563561068,135.14309375741252,132.80497794846073,133.98338317871094,3242800
2024-06-13,133.5812249321032,133.65604634533636,132.0006564705252,133.26324462890625,2857200
2024-06-14,133.00138311766972,133.90855890311823,132.7020974505611,133.27259826660156,2831700
2024-06-17,132.80495816632765,132.9265447369145,131.25244607546577,131.28050231933594,3164400
2024-06-18,131.9258524033805,132.53377111430936,130.7287381756996,131.6826934814453,2640200
2024-06-20,132.34668457016764,134.29199837785538,131.6920150845815,131.86036682128906,3205600
2024-06-21,132.29993974495463,133.32870204928344,132.0661281843265,132.76756286621094,3030000
2024-06-24,132.683379113842,133.42223163288563,132.34668989759837,133.06683349609375,2992100
2024-06-25,136.08768034391196,138.556729939194,135.31142422313994,137.39703369140625,6192600
2024-06-26,136.13445151479684,136.19056401045762,133.54381522289034,134.36683654785156,4384500
2024-06-27,134.54451835710182,135.94738765141162,134.1423550719563,135.13372802734375,2592400
2024-06-28,135.29272614379641,136.16249830759435,133.431580966169,133.49705505371094,2757500
2024-07-01,134.29200715187886,136.53660674004325,134.2639509057153,136.00350952148438,3435800
2024-07-02,132.51505039417918,134.08625732661656,130.0272918137607,133.7215118408203,6594500
2024-07-03,132.1877146371604,132.35606639960508,127.20284991865101,129.87765502929688,7455800
2024-07-05,131.31792636042343,133.60927676595972,131.2618138700329,133.1510009765625,3664500
2024-07-08,133.0668420137403,134.3855427176653,132.9733116757371,133.80569458007812,2909400
2024-07-09,131.63590979570193,132.14093649199796,130.06470294435857,131.3366241455078,4580500
2024-07-10,130.7941939581678,133.5438059496977,130.63518953720177,133.49705505371094,3045200
2024-07-11,133.0574886128494,133.30064750153878,129.81218296833657,130.73806762695312,3836400
2024-07-12,132.57114305597844,134.19847651031662,132.45891808351504,132.87977600097656,2877600
2024-07-15,133.97402514640677,134.1984893835896,131.93519517388253,132.23446655273438,2434100
2024-07-16,132.8049866681918,133.02008934093521,131.5049947638886,131.74815368652344,2221100
2024-07-17,127.57695337249474,127.77334710722027,125.72515539215368,126.65105438232422,6703800
2024-07-18,126.20213624935097,126.23019249630252,118.61728829105682,121.57266998291016,9758200
2024-07-19,124.02301349045592,124.85538213385256,122.79784311013654,123.02229309082031,4319500
2024-07-22,123.45249999885426,124.63090508865518,123.31221877532725,124.55608367919922,3720400
2024-07-23,124.91149551201315,125.94961949219243,124.40646878117853,124.64962768554688,2383200
2024-07-24,123.92013085222652,124.29422365216944,122.44244003221857,123.07841491699219,2663400
2024-07-25,120.74029210952969,121.56329907494184,118.16835788196431,119.58058166503906,5326100
2024-07-26,118.64534501302929,119.95468411176306,118.17772186766352,118.52376556396484,3179100
2024-07-29,119.72086768074362,121.14244598077036,119.13166511022358,119.75828552246094,3094000
2024-07-30,122.61077453733229,123.14385741581275,119.32805145601475,120.86185455322266,4388100
2024-07-31,124.15395015151795,124.28488406672439,123.11582615569314,124.0417251586914,3580400
2024-08-01,123.49926657095587,125.6409741419808,122.61078551346911,123.88272094726562,3669000
2024-08-02,121.37624985674908,121.70359173277996,118.63597822424465,119.23453521728516,4774000
2024-08-05,115.86766366944796,119.16908197058734,114.78278167058885,117.84103393554688,5888800
2024-08-06,120.41296151623492,122.76978619569579,119.97339461214864,121.69424438476562,6994300
2024-08-07,114.7453658748584,115.61514518171013,111.10725849580479,111.50941467285156,13899900
2024-08-08,117.73815354068074,120.02950407102364,115.23169322652012,119.87051391601562,10281300
2024-08-09,121.99351387402776,125.93089229607521,121.77841124865708,124.82730865478516,7503700
2024-08-12,123.05034698267758,123.48055223467662,121.16114569974161,121.4791259765625,3602700
2024-08-13,123.04099850218533,125.55681328255982,123.04099850218533,124.92085266113281,3343400
2024-08-14,124.10716522376875,126.11795307307224,123.67695997260232,125.71578979492188,1967900
2024-08-15,127.76399202892452,128.7740597012589,126.76327168172018,128.66183471679688,2916100
2024-08-16,127.1063039023859,127.35976953501067,126.41164047657234,126.62754821777344,2111300
2024-08-19,126.7965399551751,127.79160929331469,126.6838805962693,126.96550750732422,1681800
2024-08-20,126.90917726897571,127.98873031751147,126.29898327812342,127.49119567871094,2106900
2024-08-21,127.05939378508663,127.26591924111904,125.21006131688573,126.69328308105469,2410500
2024-08-22,128.91809969886856,130.0070494241212,127.77282745750621,128.49566650390625,2723800
2024-08-23,128.20466141669496,128.749121972716,127.5944673828633,128.5801544189453,2112200
2024-08-26,126.95612102694689,127.40671547535474,126.37408827677504,127.01244354248047,1781100
2024-08-27,125.7075897580931,127.20019375999249,125.57616577662031,126.89978790283203,2124400
2024-08-28,126.4116347485388,126.89039041145763,125.88593888553663,126.2426528930664,2765400
2024-08-29,128.11077904345606,129.4344154909624,127.42549787897377,129.09646606445312,2754700
2024-08-30,129.74421019100322,131.18049174494337,129.40626074747962,130.63601684570312,2718300
2024-09-03,130.07275578308446,130.12907829985735,127.50998100094078,127.91363525390625,2309800
2024-09-04,125.82962070601371,126.64634020096129,125.44474538620126,126.28961181640625,1811600
2024-09-05,123.9239580395395,124.53415204480666,122.5346168072834,122.87256622314453,2883500
2024-09-06,125.56676604559748,125.94227335779125,122.57217580413574,123.10725402832031,2591800
2024-09-09,123.94273841566238,124.7970014384066,122.89134658713986,123.83009338378906,1881800
2024-09-10,121.3142527681618,122.14973690101712,120.5350911550724,121.83056640625,2246700
2024-09-11,124.98475410331798,127.500603091096,122.95705748465632,126.94673156738281,3930300
2024-09-12,126.95610498083266,128.5801327113916,126.40223355843197,128.28912353515625,2169700
2024-09-13,128.47688291054968,129.44379093316826,128.01689183872438,128.60830688476562,2375300
2024-09-16,129.60338457095497,129.75358750098417,128.39240746742675,128.51443481445312,1776200
2024-09-17,125.41657423144595,126.88101690113157,123.72682718021679,123.9145736694336,3515800
2024-09-18,124.69374821790248,125.1067991317597,123.25746665553379,123.97090911865234,2854800
2024-09-19,126.41163863509406,126.91855556882058,125.44473064502914,126.6181640625,2653900
2024-09-20,121.19221900255233,121.54893305023735,118.40413266650721,119.6996078491211,9683500
2024-09-23,116.40460511992212,117.59681042427512,115.40953578737222,116.12297821044922,7069900
2024-09-24,116.705002066076,118.90167330567552,116.188688460467,117.75640106201172,4974100
2024-09-25,119.56818352150538,119.79348075006129,118.65759797175176,119.17390441894531,2943600
2024-09-26,117.90660009898899,117.92537904629772,116.38583482219722,116.68623352050781,4369500
2024-09-27,113.16592403870318,113.90752767160569,111.85167715093117,113.3630599975586,9655300
2024-09-30,110.38723239994668,111.8235210152156,110.2933591526789,111.77658081054688,6855500
2024-10-01,111.51373842095275,111.63577293228677,110.13377941480258,110.7815170288086,3978400
2024-10-02,109.5329842396684,109.6362469675436,108.33138940119719,109.3452377319336,5958600
2024-10-03,109.11992552995882,109.2044164658505,107.98404276657718,108.0309829711914,4320900
2024-10-04,107.24244064940304,108.1060932147963,106.82000742184097,108.06854248046875,6307000
2024-10-07,109.96479785313895,111.28843425815796,109.85214566056193,110.55620574951172,4245300
2024-10-08,110.24643018972067,110.66886339909259,109.44848965324267,110.02112579345703,3808000
2024-10-09,109.40155896048297,109.98358458690305,108.72566008130356,109.83338165283203,3971400
2024-10-10,110.75335774282635,111.18518043916787,109.94603486990563,110.33091735839844,2911300
2024-10-11,112.57451973648709,113.17531714327004,112.1614759956176,112.68717193603516,4115800
2024-10-14,112.2741252509509,113.09083761369861,112.22719220426191,112.44309997558594,2477300
2024-10-15,111.70148683981196,111.7953600933759,109.96480658163347,110.59376525878906,3613900
2024-10-16,109.78642950149077,110.82843896651801,109.30767381588208,110.80027770996094,3019000
2024-10-17,111.32598470237659,111.77658633844398,110.88477970219128,110.97865295410156,2998300
2024-10-18,110.54682453075893,111.02558023928569,109.9647989397972,110.85660552978516,3193200
2024-10-21,110.7251840303005,110.73457350383563,109.72072522413568,110.1431655883789,3230600
2024-10-22,107.95587940905895,109.50481302429849,107.7305821878456,109.3358383178711,4689700
2024-10-23,109.20442283775209,109.30768556427289,107.90894760033498,108.65055847167969,3220700
2024-10-24,108.15301607054806,108.19995627455218,106.9326495492064,106.94203186035156,4499900
2024-10-25,106.9232643572499,107.19550179482121,106.1722640355311,106.43511199951172,4594600
2024-10-28,105.52453267373369,105.81554189386442,104.82985487551157,105.47759246826172,5356000
2024-10-29,104.78292306796995,106.33184959783635,104.34171091478089,105.1208724975586,8243400
2024-10-30,102.22014080866496,106.7918404072006,100.67120712095033,106.3036880493164,11109200
2024-10-31,103.45927978301555,105.28984026620043,102.91480494214602,105.09269714355469,8455300
2024-11-01,105.96573775234829,106.09716173330101,104.94250716320651,105.08332061767578,4554700
2024-11-04,103.44051022929733,103.88172236289154,102.73645014260093,102.99929809570312,6215000
2024-11-05,101.36588583653351,103.54377819526016,101.14997091436145,103.38418579101562,6604300
2024-11-06,101.63811393281236,102.08871555276977,98.59657627482662,98.90636444091797,12044600
2024-11-07,99.601041433471,101.14058572666987,99.12227852458896,101.03732299804688,8363200
2024-11-08,100.58671869174174,101.2626175178102,99.91081986567326,100.63365173339844,5222600
2024-11-11,102.95236521114214,103.83478954106636,102.25769454826035,102.40789031982422,4941900
2024-11-12,100.26754108865086,101.01854137604595,99.2255315918732,100.50222778320312,5135400
2024-11-13,100.33325125876006,101.1875142492458,100.02347027073665,100.36141967773438,3157100
2024-11-14,100.28632997135188,100.44591522056245,98.56842147812203,98.86882019042969,4467100
2024-11-15,95.44238279989615,96.07134141962041,94.17507608732755,95.50809478759766,8076200
2024-11-18,94.17508247269036,94.81343060881669,93.33020888633642,93.69631958007812,8783700
2024-11-19,94.98240214899772,96.80357324510277,94.94485141729693,96.34358215332031,5778700
2024-11-20,97.0945857810371,99.26308868585285,96.69092435404711,98.8218765258789,7520700
2024-11-21,96.8598957616191,96.89744649331989,95.29219031397699,96.34358215332031,6185400
2024-11-22,97.5451799196504,99.7324544418585,97.49823971650972,98.6247329711914,6143300
2024-11-25,98.85942510367711,99.43206123557613,97.62966906405948,98.15536499023438,4294600
2024-11-26,100.13612797103684,101.10303611150881,99.15983035638516,99.62920379638672,6761400
2024-11-27,99.3100332949794,99.62920379638672,98.53087166567994,99.62920379638672,3990600
2024-11-29,98.97207772769252,100.82141011292165,98.89697626303746,100.25816345214844,2775100
2024-12-02,102.25769465561464,102.4548306346636,101.52547325855565,102.01361846923828,4948300
2024-12-03,103.99437593145446,104.08824918497416,102.37034787556023,102.51115417480469,4828700
2024-12-04,103.46867583672962,103.75029558600592,102.28585283597347,102.29524230957031,4485600
2024-12-05,101.96668007937835,102.62379997509846,101.60056940003861,102.15442657470703,3914400
2024-12-06,103.1964414358993,104.49190950966172,103.02746671653289,103.9849853515625,6045700
2024-12-09,104.87679070940311,105.13024918700533,103.54377200957325,104.27599334716797,4908900
2024-12-10,104.71720534639678,104.71720534639678,102.04177131488129,102.50176239013672,4621700
2024-12-11,103.68458161905099,105.62778721651233,103.28092020691797,104.8486328125,6545700
2024-12-12,104.08825052564025,104.36048797780292,101.769551769351,101.9572982788086,3650800
2024-12-13,100.48346249739635,101.01854790909769,97.76109523211566,100.39897155761719,6250400
2024-12-16,102.59563887805123,103.14949605358906,101.26262013774387,101.43159484863281,5346900
2024-12-17,101.1499667975481,102.31401081378309,101.13119501302626,101.39404296875,5415500
2024-12-18,101.75076717914735,102.3609540441554,99.0190176590409,99.46961212158203,3760900
2024-12-19,97.88312780638772,98.33372943146556,96.44684631718627,97.10397338867188,5344400
2024-12-20,77.6531383098788,81.22976141205223,76.5078660403981,79.7934799194336,53762400
2024-12-23,83.42643278796129,83.64234054662055,80.72283735238899,83.27622985839844,18997900
2024-12-24,83.45459200586373,83.52969346880856,81.73668364186675,82.018310546875,4774900
2024-12-26,81.83055683198315,82.6660409109653,81.54893708924259,82.28115844726562,6289300
2024-12-27,82.35625996805702,83.33255033806097,81.6897434370088,82.018310546875,6066000
2024-12-30,81.64281143725691,81.68036216920906,80.41305540462072,80.47876739501953,6110000
2024-12-31,80.18775278310692,80.77916787182188,79.79348083201025,80.7509994506836,4202400
2025-01-02,82.52523650177052,83.0884831621604,81.84933764447473,82.15911865234375,4570300
2025-01-03,82.13095552148157,82.78808257868226,81.99014206907643,82.28115844726562,3769000
2025-01-06,80.83549601345348,81.05140378937749,79.60573986811896,79.82164764404297,10695700
2025-01-07,78.94861045530733,79.61511987457807,77.57804088246,78.23516082763672,9567900
2025-01-08,80.27224496810052,80.54448241343584,79.49308336545843,80.39427947998047,9196400
2025-01-10,81.87749919281154,81.9338217104288,80.58202399105545,80.97630310058594,6774700
2025-01-13,79.24901389539505,79.53064083845464,78.5637326491251,79.436767578125,7412400
2025-01-14,77.84088356529068,78.55433314442784,75.1466848112727,76.20746612548828,13694900
2025-01-15,78.25393222308439,78.68575488281856,77.64374538312997,77.84088134765625,9021500
2025-01-16,77.6719089168698,78.84534242729778,77.15560246952334,77.98169708251953,6322400
2025-01-17,75.04342097991285,75.92583809577964,73.38183514431209,73.86998748779297,21265300
2025-01-21,74.79935117310453,76.14175948880256,74.46140172565116,76.06665802001953,8094300
2025-01-22,76.72378408589229,76.78949607966669,75.503410302002,75.63483428955078,5910400
2025-01-23,76.34828492729532,76.71439563493065,75.40953805395955,76.13236999511719,6765800
2025-01-24,84.45905185222038,84.45905185222038,81.26731125784818,82.58155822753906,27095400
2025-01-27,80.48815612491215,83.04154880471785,80.11265593751655,82.14974212646484,10864900
2025-01-28,80.7979344868976,81.53954529721118,79.41797558429322,79.97183990478516,9534300
2025-01-29,80.37549986088952,80.42243290146766,78.76085429395893,78.88288879394531,6843900
2025-01-30,79.41797738765644,81.17343647183522,78.79840822752077,80.1126480102539,5798800
2025-01-31,79.67144739238945,80.20653280808651,79.12697250285348,79.27716827392578,6542300
2025-02-03,77.0992804616632,78.27271408883976,77.04295793942129,77.58743286132812,5460100
2025-02-04,76.62051831320902,78.32903724551393,76.29195119532471,77.55926513671875,9880700
2025-02-05,81.13588729900762,82.06524463809643,79.87796284585497,80.47876739501953,14099000
2025-02-06,81.40812557166979,83.50152697453377,81.36118536572921,81.83055877685547,10576000
2025-02-07,83.25746240174625,83.3325567083619,80.86365501239223,81.12650299072266,8700800
2025-02-10,80.45059111137876,80.65711653589517,78.52616463089299,78.7702407836914,9555000
2025-02-11,78.39474898033913,79.0894196220853,77.793951588223,78.61065673828125,5046800
2025-02-12,76.05726650678615,77.31519100793064,75.59728255644535,76.78010559082031,6427400
2025-02-13,74.6679284999225,75.2311752015829,73.87937738794162,74.00141906738281,10809200
2025-02-14,73.76672913005532,74.22671308079008,73.05327951927381,73.1002197265625,9875500
2025-02-18,77.07111053721898,77.6155853979231,76.0948130097022,77.28702545166016,8712100
2025-02-19,77.85966595632276,78.50739641199499,77.50293756993942,78.29148864746094,5948100
2025-02-20,77.85027410558706,78.85473291697525,77.64374865915904,78.61065673828125,5015200
2025-02-21,82.975823650223,83.76437463490718,80.4881433605691,82.684814453125,15128800
2025-02-24,83.41704108026012,85.53861085006103,82.72237045481138,85.04106903076172,10476300
2025-02-25,86.62755568446171,88.05445486624595,83.5484672508124,85.37902069091797,11465900
2025-02-26,85.45412248160852,85.538613420281,83.81131553501734,84.06478118896484,7387800
2025-02-27,83.50152398034487,84.66557515488789,83.4639804114225,83.75498962402344,6953800
2025-02-28,84.35579359948872,85.16311647384327,83.90519195437936,85.09740447998047,5962500
2025-03-03,85.10678960858796,85.18188391054687,83.54846645930627,83.89580535888672,4810900
2025-03-04,82.89134299631496,83.21990293475068,81.04201070588748,82.14034271240234,5203600
2025-03-05,85.89533014050815,86.27083028391881,84.7594473991913,85.2945327758789,8011700
2025-03-06,82.56278688686034,83.57663525648861,82.10280291181564,82.64727783203125,5450900
2025-03-07,82.95705926080042,83.12603397528866,81.0607866690912,81.83055877685547,5278200
2025-03-10,74.921382295929,75.75686640261677,73.50387973770187,74.11405944824219,12603400
2025-03-11,74.04834765764738,74.41445834979382,72.28350618878585,73.32551574707031,7433500
2025-03-12,69.76765781789987,70.72517634670874,69.27951266169853,70.20886993408203,10858200
2025-03-13,71.3635277292898,72.60267320395398,70.78150930399077,71.24149322509766,8228200
2025-03-14,71.11007695650949,72.7998242242646,70.63131403696714,72.42432403564453,6505900
2025-03-17,74.76179195300746,75.62543725977497,74.48955453112151,75.24055480957031,5995800
2025-03-18,77.17437658320843,77.5123260173753,75.29688290986805,76.01972198486328,5696400
2025-03-19,75.24056345127933,75.31566492016383,73.67285788918424,74.16100311279297,6920600
2025-03-20,74.3675209594559,74.6866914264416,73.68223265964905,73.96385955810547,4572500
2025-03-21,71.30721074278993,72.55574578752902,70.89415983185185,72.15208435058594,5880500
2025-03-24,70.3778480068805,71.34475605485062,70.3121360180496,70.7157974243164,8083200
2025-03-25,71.23210015228385,71.39169254147923,68.71625859908936,69.09175872802734,8895600
2025-03-26,68.1154657437628,68.3970926495318,67.21426967219959,67.33631134033203,7582300
2025-03-27,65.86248016357422,66.31307462528339,65.4963623155895,65.86248016357422,7970800
2025-03-28,65.87186571019548,66.04084043215266,64.94250832046609,65.05516052246094,5867000
2025-03-31,64.59634283908407,66.41823823669992,63.79508496432263,66.23700714111328,6826100
2025-04-01,66.75210264821743,66.7711769252474,64.52003380671204,64.89204406738281,6213800
2025-04-02,64.39602993932138,65.550216501381,64.21479156695916,65.09235382080078,7337200
2025-04-03,65.27359023171387,65.37851694124632,63.90955028527228,64.00493621826172,8822500
2025-04-04,62.221200074808095,62.450127781854476,59.493116395706394,59.66481399536133,10869500
2025-04-07,58.6060130602652,62.268889103953036,57.814299589010474,60.70453643798828,14551900
2025-04-08,61.925493817890086,62.049502086435474,58.02415293556095,58.75863265991211,8100500
2025-04-09,57.699838882425965,62.28797405455535,56.77457995372187,62.08765411376953,13243300
2025-04-10,60.20852247454046,60.32298996799507,56.583802206172024,58.38662338256836,9984000
2025-04-11,60.790381370740874,62.00180162373026,60.31344443517372,61.744258880615234,11392100
2025-04-14,63.41354151352594,63.67108427028061,62.31658504812988,63.012908935546875,8067300
2025-04-15,62.61228392407301,62.90798251235639,60.91438950009142,61.51532745361328,5945600
2025-04-16,61.36271314394359,61.439024806780026,59.521736123528605,59.97959518432617,6302600
2025-04-17,55.238840512291226,56.33579701452398,54.637898902623,55.4010009765625,32220600
2025-04-21,55.56315367480966,56.56472052403246,54.370811321272974,55.63946533203125,13419300
2025-04-22,56.28809937375556,57.40413377124736,56.2022505739485,57.14658737182617,11697900
2025-04-23,58.920791227135624,59.550347855452316,58.08138117646665,58.472469329833984,9128700
2025-04-24,59.59804065938928,59.846049910351525,58.98756194739013,59.74112319946289,7891100
2025-04-25,57.871526046988365,59.397726424887644,57.776140115318434,59.21649169921875,7835200
2025-04-28,59.32141657321086,60.33252421787587,59.11156678940503,59.73158264160156,6280300
2025-04-29,62.249812508838836,62.39289504877669,61.20055267842838,62.15442657470703,10923700
2025-04-30,63.40399976642075,63.566156584025016,62.38335497696986,63.384918212890625,9242900
2025-05-01,65.63606558410031,65.65514713890039,61.21963172039074,62.57413101196289,16439500
2025-05-02,66.53270864431407,66.63763536200895,65.36898124986607,66.03669738769531,13466300
2025-05-05,65.97945965592173,66.57086412733366,65.7123761131811,65.93177032470703,8811400
2025-05-06,64.82527133403495,64.97789465584793,62.946138529725694,63.232303619384766,10554700
2025-05-07,66.15115760252044,66.45639697830752,63.73785765059751,64.43418884277344,14153000
2025-05-08,62.86983399768717,62.917523327530596,61.42948233077415,61.85872268676758,12047100
2025-05-09,63.90955043178524,64.32925727087719,62.56458475786612,62.73628234863281,13071300
2025-05-12,61.13377620741588,64.62495825738947,61.086086877773255,64.61541748046875,18259700
2025-05-13,63.53754461191157,63.55661888888617,61.95411035623285,62.383358001708984,10357000
2025-05-14,63.4326150438243,63.74739518086263,61.1337754264891,61.439022064208984,10176100
2025-05-15,62.192574143872555,63.24184123518723,61.791948860359774,63.098758697509766,9074700
2025-05-16,61.429482515646484,61.71564032800979,60.21806218852574,61.4008674621582,19012600
2025-05-19,62.35474086573549,63.93816779106929,61.877803905005464,63.928627014160156,11194300
2025-05-20,66.23700813362223,66.7711752064803,64.5295729229017,65.05419921875,12559100
2025-05-21,65.16866671042554,66.5327067236,64.98742833464274,65.05419921875,8983400
2025-05-22,63.34676855259952,65.35943576599641,63.29907194708897,65.02558135986328,7192300
2025-05-23,64.15756304198345,64.75850100241607,63.52800275035639,64.243408203125,6508400
2025-05-27,67.54380850706904,68.01121195769477,66.6471719900628,67.19087982177734,9250600
2025-05-28,66.17976568450982,66.65670261377187,65.20681755090642,65.43574523925781,7864700
2025-05-29,66.0653087572624,66.29423645697328,65.14959068093854,66.2560806274414,8993300
2025-05-30,66.57086461999411,68.26875910639414,65.88407420358944,68.20198822021484,11194200
2025-06-02,68.45953074593723,69.4897163669073,67.97306026726866,69.47064208984375,16807900
2025-06-03,68.29736631207292,68.64076148081216,67.32441818563169,67.63919830322266,8822700
2025-06-04,68.85062093132234,69.76633903578325,68.69799760850522,68.71707916259766,6917000
2025-06-05,69.76633875457037,70.2528164972383,68.98416242198692,69.29894256591797,5090500
2025-06-06,70.72975141314745,71.69316609355575,70.55805381938639,71.18760681152344,9549900
2025-06-09,71.5500839925181,73.3052084928867,70.73929262490259,71.97932434082031,10885800
2025-06-10,74.39262726721978,76.72962280946201,73.8680009616002,75.67082214355469,13076800
2025-06-11,75.43234989349945,76.14775531977888,74.72647796645123,75.09849548339844,9211600
2025-06-12,76.9203934842508,77.41641200550492,76.23360308711776,77.31148529052734,10562500
2025-06-13,77.65487327740551,77.68348832838186,75.76619986068782,76.14775085449219,7491800
2025-06-16,74.24953772381794,74.76463048120064,73.08581772841256,73.46736145019531,8181900
2025-06-17,72.02702593635856,72.28456870768292,70.72021596987332,70.9109878540039,8080000
2025-06-18,71.12084060949093,71.36884987846176,70.30050841614808,70.5962142944336,5462300
2025-06-20,70.43404230241525,70.9491350599169,69.38478251231041,70.36727142333984,8213000
2025-06-23,65.69329799739036,66.81886948851057,65.37851786434852,66.50408935546875,15397900
2025-06-24,67.00964371926548,67.76320499880114,66.63763346800465,67.4675064086914,7386300
2025-06-25,65.68375988572704,65.70283416237606,63.78555278874223,64.243408203125,13688100
2025-06-26,64.5009584940425,65.22589744923357,64.09079240841673,64.57726287841797,8142000
2025-06-27,65.58837541096376,65.76007301455846,64.83481411060262,65.34990692138672,5629400
2025-06-30,66.22747183645187,66.34193933587035,65.37852456217095,65.83638000488281,7637400
2025-07-01,65.25451369906273,67.17179490151959,64.97788940872519,66.59947204589844,6851700
2025-07-02,66.35146280671995,67.08594974804238,65.72190984878068,66.59947204589844,7908300
2025-07-03,66.08438839027009,66.19885588814475,65.41667951303691,65.97946166992188,4047900
2025-07-07,66.16069916707345,66.33239677283932,65.54067963083666,66.12254333496094,7313500
2025-07-08,66.24654177519578,67.3530390313235,65.48344699483098,66.42778015136719,9867100
2025-07-09,65.80775542945618,66.64716908213096,65.68375444780195,66.47547149658203,5380000
2025-07-10,66.37054863589,68.44045328121436,66.31331125240371,67.73458862304688,6373900
2025-07-11,66.52316193739608,66.66624447399712,65.36897542311327,65.75052642822266,6522400
2025-07-14,65.43574988158457,66.34193447795957,65.32128966802851,65.76007080078125,6015900
2025-07-15,66.28469830371003,66.28469830371003,63.63292990487331,64.1194076538086,7250800
2025-07-16,64.23386976963967,64.90158591640709,63.90001533499638,63.94771194458008,5611100
2025-07-17,63.12737430355187,63.34676850024674,61.877801836994784,62.27842712402344,9041800
2025-07-18,62.640897010588056,62.7553644980135,61.20055266725605,61.3436279296875,8051200
2025-07-21,61.76333832264255,62.31658696077665,61.16240035345043,61.92549514770508,8280700
2025-07-22,62.49781247867973,63.88093395043513,62.431041599179814,63.6996955871582,8970300
2025-07-23,65.78868540267541,67.13364384509244,65.70283296561705,66.79978942871094,11980400
2025-07-24,67.39119474754033,68.0875186424724,66.98102866570396,67.4675064086914,10161000
2025-07-25,67.74411907806142,68.48814681010441,67.32441952374496,68.39275360107422,7350200
2025-07-28,67.72504668304886,67.99213020979643,65.3117468881765,65.81729888916016,7156200
2025-07-29,51.46149847948819,52.81599769317965,51.04179162778869,51.45195770263672,110735600
2025-07-30,48.89557354978855,49.000500258920084,47.312143052529244,47.72230911254883,65866200
2025-07-31,46.70166285339665,47.0259801081594,44.73668504989877,44.898841857910156,50372500
2025-08-01,46.04349381839823,46.76843638495416,45.35670344258933,45.96718215942383,34787400
2025-08-04,46.816136344679435,46.94013734128491,46.129345919674904,46.558589935302734,20691900
2025-08-05,45.6714839746963,45.9767233357665,44.946537763099414,45.041927337646484,21508400
2025-08-06,43.849586154261225,44.34560103934881,42.97202023795539,43.286800384521484,37438100
2025-08-07,46.2342702880124,46.83520824059472,45.70963671851002,46.51089096069336,40780500
2025-08-08,48.36140766541851,48.933730552380084,47.79862191645223,48.723880767822266,23367500
2025-08-11,48.075246349198196,48.361407793436484,47.49338268396091,47.5696907043457,16177600
2025-08-12,47.1404457607782,47.989396576962996,47.1022935707311,47.48384094238281,10921900
2025-08-13,47.960780595205236,48.876502344124766,47.922628403003,48.55218505859375,19443200
2025-08-14,48.151554502066325,48.599876403808594,47.56969083522811,48.599876403808594,12620600
2025-08-15,49.06727197777598,50.31684809345565,49.00050109604975,49.992530822753906,17622500
2025-08-18,52.668392707336004,53.04459861388625,51.84846496582031,51.84846496582031,32445100
2025-08-19,52.6394558904998,53.51726232436633,52.10891418734851,52.84202575683594,25993700
2025-08-20,52.407950428600174,52.697336488136436,51.92563910279193,52.37900924682617,14100700
2025-08-21,52.86131705791119,53.87417003881571,52.63945430436015,53.48832321166992,12883200
2025-08-22,54.70374670815612,55.47544405143576,54.636223420603095,54.964195251464844,17913400
2025-08-25,55.3982787338311,56.27608519259472,54.26002371964399,54.346839904785156,16185000
2025-08-26,53.07353845471027,53.411154909105164,52.668395029693016,53.38221740722656,12869500
2025-08-27,53.71018678130746,54.62657898928523,53.36292205577962,54.44329833984375,11697700
2025-08-28,54.71339751306982,54.75197962220221,53.73912658254564,54.124977111816406,9542500
2025-08-29,54.06709794552816,54.53011636867099,53.73912610250075,54.46259307861328,9116500
2025-09-02,54.71339741298415,55.15712294501349,53.797005167449925,54.38542556762695,11642700
2025-09-03,54.6748102220851,55.321105609152774,54.472240355667765,54.732688903808594,9105600
2025-09-04,53.98992751662334,54.501176311585894,53.49796793527852,54.15391159057617,8778100
2025-09-05,53.845235290979026,54.09603923719949,52.79379646969326,53.27610778808594,15505100
2025-09-08,52.42723779691208,52.95778318040945,52.176437535412354,52.35971450805664,12988100
2025-09-09,51.18287921947804,52.37900924682617,50.8549073707387,52.37900924682617,20606400
2025-09-10,52.29218992062756,53.285753694350404,51.96421809158429,52.446529388427734,16488300
2025-09-11,51.723065549347496,52.687688200963976,51.65554225811381,52.37900924682617,11793100
2025-09-12,53.112121284876736,53.24716785911136,52.407947233693946,52.92884063720703,10318000
2025-09-15,54.50117835877345,54.96419677759738,53.58478612829674,53.65230941772461,13764300
2025-09-16,55.11853580795411,55.68766329980714,54.626579891823724,55.176414489746094,17115600
2025-09-17,55.73589357511707,57.057429208455886,55.62978449859786,56.14103698730469,16809000
2025-09-18,59.65226258899324,60.04775771349075,58.6876399751219,59.66190719604492,24602000
2025-09-19,60.09598710970549,60.11528000323154,58.57188531857911,59.22782897949219,12902900
2025-09-22,57.877355627435705,58.957731902153085,57.510798011467195,58.56223678588867,10742700
2025-09-23,58.16674347188148,58.19568465281728,56.98990637321881,57.433631896972656,11510900
2025-09-24,56.768039295356886,57.1538898124012,56.08315812335932,56.66193389892578,11232100
2025-09-25,55.11853657833148,55.32110644781977,53.893465394686594,54.05745315551758,18287400
2025-09-26,53.63301757593337,54.038161000192886,52.629812822003366,53.64266586303711,17739800
2025-09-29,52.22466887150333,53.671602824041074,52.09926689862193,53.536556243896484,19329100
2025-09-30,52.09926421017036,53.604076767865145,51.867756850366945,53.52690887451172,19003500
2025-10-01,54.02851011318661,57.124951450419864,54.018865506290346,57.076717376708984,24835100
2025-10-02,56.79698047596832,57.02848784240031,55.94811154631678,56.66193389892578,11966700
2025-10-03,56.912733507863884,57.97381689797763,56.382191812807015,57.52044677734375,15362900
2025-10-06,58.0124045455101,58.745519807065,57.53974151611328,57.53974151611328,13782400
2025-10-07,57.356458525852446,57.4818604933344,56.459359219526114,56.93202590942383,9675100
2025-10-08,57.69408111619386,58.002760064972314,57.36610927314882,57.501155853271484,9888700
2025-10-09,56.83556468701037,57.29858679649441,56.38219454441161,56.60405731201172,8839800
2025-10-10,56.526884042558805,56.71980930244758,54.780919455936385,54.91596603393555,15047600
2025-10-13,55.27287597701627,56.07351452639534,55.22464558145275,55.46580123901367,8835500
2025-10-14,54.28895995168641,54.85808744546872,53.825941535010784,54.655517578125,7632700
2025-10-15,54.414359839165606,54.925608631383106,54.11532551329215,54.71339416503906,8475200
2025-10-16,55.060660376580294,55.514030501314295,53.98992869010875,54.105682373046875,8353700
2025-10-17,51.973866378177334,52.51405267560636,51.64589454913407,52.446529388427734,14761500
2025-10-20,53.44973917567894,54.24072942893984,53.2375210219649,53.76806640625,7901600
2025-10-21,53.3436299590087,53.41115324778742,52.6008701026996,52.84202575683594,10182100
2025-10-22,51.6073117625952,51.86776031960181,51.057477146606836,51.49155807495117,12420900
2025-10-23,50.7102119964276,51.568725559063346,50.52693501915208,51.34686279296875,9326500
2025-10-24,51.52049526285637,51.655541844241725,51.057476835359445,51.0864143371582,8497600
2025-10-27,50.91278130265711,51.346862222692145,50.77773472303361,51.018890380859375,10310000
2025-10-28,50.941721973066876,51.00924526220162,49.67806501402203,50.2086067199707,12172200
2025-10-29,50.8066705388943,50.94172079378069,49.37902953349836,49.55266189575195,9478200
2025-10-30,48.182901984690254,48.75202949397724,47.690942373746516,48.269718170166016,21057500
2025-10-31,47.05429189643865,47.719883882901854,46.774554123313266,47.710235595703125,20020900
2025-11-03,47.66200185422523,47.758462640982934,46.85171873433385,47.372615814208984,11147000
2025-11-04,46.2632997874261,48.13467001779321,46.070374528247406,46.54304122924805,28629400
2025-11-05,45.31796830845543,47.266506359114636,44.52697808825378,46.745609283447266,37996600
2025-11-06,46.06073101199714,47.806699313285165,44.652382842203274,44.86459732055664,43747200
2025-11-07,44.41122575670137,44.63308851497839,43.55271222431626,44.063961029052734,19979600
2025-11-10,44.5848589529946,44.729550139054325,43.95785277417257,44.314762115478516,14406500
2025-11-11,45.404784735988336,47.68129462306183,45.385491842738524,47.41120147705078,27711100
2025-11-12,47.7295253359866,48.64591753290286,47.575185868697574,48.481929779052734,24672300
2025-11-13,47.45943463518309,48.31794819622737,47.179693186378465,47.42084884643555,18878300
2025-11-14,46.78419582566501,47.179690942156164,46.3308220288057,46.55268478393555,12507600
2025-11-17,46.2150676010793,47.449783324371026,46.03179063582291,46.745609283447266,13520500
2025-11-18,45.916035876677036,46.321179296160395,45.53018903117366,45.86780548095703,17104700
2025-11-19,46.34047314577394,47.642712255778285,46.07037630063548,47.266510009765625,16585000
2025-11-20,47.74881912676448,47.77775662750529,45.80028101577985,45.91603469848633,15252300
2025-11-21,45.35655641474185,46.446581014820836,45.0382291811927,45.944976806640625,18985300
2025-11-24,41.893561962687265,43.620237388452225,41.55594550725541,43.37908172607422,73618700
2025-11-25,44.35334741074253,45.539832786014216,44.31476162299144,45.3951416015625,30458600
2025-11-26,46.81313444965646,47.29544575840542,46.47551800542949,46.98676681518555,17834800
2025-11-28,47.39191149725483,47.951390716921146,46.63950333322998,47.6041259765625,15484200
2025-12-01,47.19898612525645,47.73917612900127,46.65879612151162,46.7166748046875,11626700
2025-12-02,46.166840338499355,46.28259402547102,45.69417362377139,45.752052307128906,11905200
2025-12-03,45.94497508525427,46.4079934878246,45.626647863631646,45.8870964050293,11472500
2025-12-04,46.28259185617655,46.53339579256041,45.694171482056554,46.292240142822266,18457100
2025-12-05,47.20863012516748,47.382262492717715,46.137902098265435,46.166839599609375,15325300
2025-12-08,45.491600623579764,45.50124523027116,44.710255010824675,45.11539840698242,14872500
2025-12-09,44.584859273414544,45.13469387982827,44.449812693557604,44.719905853271484,10247900
2025-12-10,45.72311409692782,47.74882014639261,45.37584936164967,47.31473922729492,16964800
2025-12-11,48.19254465997696,48.7520275394444,47.83563532499376,48.51087188720703,15601200
2025-12-12,48.74237870551131,48.95459685461564,48.15395833189889,48.404762268066406,12392800
2025-12-15,48.192544278841616,48.86778083571472,47.79704915948988,48.58803939819336,11354700
2025-12-16,48.0478519313114,48.20219139659019,46.69737885031467,47.22792053222656,14148500
2025-12-17,46.398348282255505,47.02535448056034,46.0414389298594,46.08002471923828,10340900
2025-12-18,46.30188428895999,46.60091861636706,45.83886588763957,45.925682067871094,8303300
2025-12-19,46.4079952867343,47.07358357627744,46.28259331459082,46.388702392578125,10927100
2025-12-22,46.060729506549464,46.51410330957679,45.90639003654447,46.398345947265625,16059100
2025-12-23,50.80666964024304,51.31792211105495,49.23433748060878,49.78417205810547,67564800
2025-12-24,50.98030309639853,51.73271122896016,50.1603753557499,50.700565338134766,19300100
2025-12-26,51.14429149247894,51.1539360995426,49.870989934968534,50.546226501464844,13255600
2025-12-29,49.73594414412382,50.15073216954186,49.533370595151226,49.64912796020508,16895900
2025-12-30,49.69735647063774,49.84204765185163,49.263275567509744,49.4079704284668,11902500
2025-12-31,49.24398208906706,49.44655194820595,48.76167079793077,49.07999801635742,10803900
2026-01-02,49.78417465618595,50.55587202630087,49.591249393721384,50.53657913208008,12134100
2026-01-05,52.012451310386204,53.459385279507025,51.47226498361686,53.16035461425781,30028700
2026-01-06,55.15712332908311,56.092808475535286,54.03816120414525,54.26966857910156,32942200
2026-01-07,54.83879586066024,55.72625060694918,54.240730851477636,54.568702697753906,17538400
2026-01-08,55.02207634588666,55.86129701353522,54.99313516442061,55.31146240234375,17505600
2026-01-09,57.366108640021636,58.494715344085016,56.7005166742725,56.72945785522461,29064400
2026-01-12,58.01240272147552,58.16674219067484,57.00919433180832,57.7423095703125,19311500
2026-01-13,58.43684179102246,58.48507218748114,57.04778282265501,57.530094146728516,16912900
2026-01-14,56.75839681393044,57.63620327732422,56.276085489434,56.82592010498047,16344100
2026-01-15,55.745542234571055,55.79377262974494,54.298608300894834,55.0992431640625,25752300
2026-01-16,57.79054261695463,60.19245462633915,57.14424720993856,60.12493133544922,43377000
2026-01-20,58.08957677421812,59.980236272506694,57.83877282622969,58.533302307128906,30424600
2026-01-21,57.88700093171849,58.04134040139476,55.52367849225238,57.221412658691406,30601900
2026-01-22,59.266412517169506,60.231035138293805,58.88056567656575,60.028465270996094,20302000
2026-01-23,61.157076458027234,61.89019172040997,59.83554080023668,60.057403564453125,28013400
2026-01-26,60.65546935954612,61.73584562770284,60.46254410601092,61.716552734375,20108000
2026-01-27,60.66511535644531,61.24389113031324,60.279268520276595,60.66511535644531,13426500
2026-01-28,59.304996294471486,59.38216786782177,57.86771069838235,58.195682525634766,16235900
2026-01-29,57.80983211014958,57.80983211014958,56.719807553176736,57.23106002807617,15841900
2026-01-30,57.173182806691756,57.79054069125287,56.517239134409756,57.32752227783203,12085800
2026-02-02,55.86129551961715,57.20212036648008,55.74554183607862,56.845211029052734,16647900
2026-02-03,56.285726539576864,56.56546797324354,48.19254361477505,48.52051544189453,69933200
2026-02-04,46.25365355321863,47.36296731492147,44.82601257310774,45.520538330078125,46859700
2026-02-05,43.45624738431836,44.05431236585632,41.710282833745055,41.80674362182617,54446100
2026-02-06,44.729549210132355,46.051084829774574,44.218300406467435,45.954620361328125,36856600
2026-02-09,48.35653213989197,49.282568956039086,47.2761521746438,47.623416900634766,30096900
2026-02-10,48.250425034003506,48.67485767212418,47.24721660236187,47.38226318359375,15847900
2026-02-11,47.006060636318324,47.22792340114999,46.37905813042275,47.015708923339844,12245000
2026-02-12,47.12181447601633,48.298655273932454,46.41764039062592,47.1989860534668,11708500
2026-02-13,47.55589285977719,48.07678994051579,47.459432072859585,47.816341400146484,10156100
2026-02-17,47.37261664283196,48.086435308708324,46.95782862898088,47.623416900634766,9892700
2026-02-18,47.11217055652931,47.613774778050534,46.909600682379406,47.488372802734375,11296400
2026-02-19,46.996414272456065,47.04464466653097,46.47551718506346,46.735965728759766,8289400
2026-02-20,46.00284966204577,46.06072834173768,45.36619890440729,45.742401123046875,12285800
2026-02-23,38.76818315762796,39.6363450185301,37.94825537324303,38.227996826171875,98664000
2026-02-24,37.1379724790204,37.68780710186279,37.002925895128364,37.224788665771484,43931700
2026-02-25,36.37591666102032,36.887169131381526,36.31804166117261,36.80999755859375,55460000
2026-02-26,36.49167418659268,36.72318154652536,35.99007000041435,36.289100646972656,35499000
2026-02-27,36.211934439567855,36.52061338701197,36.00936457025952,36.125118255615234,24222700
2026-03-02,35.52705290716529,36.50132013554763,35.42094383006811,36.42414855957031,22094200
2026-03-03,35.08332237952015,35.64280524499157,34.58171819384536,35.36306381225586,34247800
2026-03-04,36.29874934195299,37.23443075847002,35.970777511905105,37.137969970703125,26808100
2026-03-05,36.925752428772206,37.736035570457325,36.73283085006789,37.68780517578125,21579000
2026-03-06,37.21514129638672,37.475586157568095,36.81964250184922,37.21514129638672,15632400
2026-03-09,37.80356077603413,38.46915276744431,37.137972464367394,38.37268829345703,23796000
2026-03-10,37.80355934040536,37.83250052137418,36.829292108465,37.350189208984375,20832600
2026-03-11,37.35983435640609,37.610638303131914,37.157264485411396,37.456298828125,13208200
2026-03-12,37.311604260179635,37.63957610717216,36.51096569732541,36.67495346069336,17123000
2026-03-13,37.03186107198506,37.42735619129455,36.36627280185246,36.61707305908203,11608600
2026-03-16,36.62672092760275,37.22478590320178,36.45308856698639,37.21514129638672,11442700
2026-03-17,37.3019533727647,37.88072912815194,37.02221562139114,37.0704460144043,12174900
2026-03-18,36.11546996865199,36.35662562632667,35.69103733585216,36.125118255615234,26115900
2026-03-19,35.073678104884955,35.93219162474409,35.073678104884955,35.76820755004883,21364500
2026-03-20,35.1990811606968,35.69103707973584,34.90004682261846,35.23766326904297,26367700
2026-03-23,35.52705093525906,35.89360486157615,35.1894308287126,35.51740264892578,15011800
2026-03-24,35.54634081865011,35.88396093156225,35.25695477882766,35.58492660522461,16143300
2026-03-25,35.8357328615727,36.067240236542844,34.94827811153814,35.044742584228516,16442700
2026-03-26,35.00615745842912,36.11547131731175,34.851817978943565,35.112266540527344,20602800
2026-03-27,35.02544793323643,35.19908029562842,34.620304527740714,34.76499938964844,14694600
2026-03-30,35.130001068115234,35.630001068115234,35.119998931884766,35.290000915527344,17393800
2026-03-31,35.40999984741211,36.75,35.31999969482422,36.75,18979200
2026-04-01,36.77000045776367,37.09000015258789,35.779998779296875,36.47999954223633,24090600
2026-04-02,36.09000015258789,36.97999954223633,35.630001068115234,36.97999954223633,14695800
2026-04-06,37.0,37.41999816894531,36.52000045776367,36.66999816894531,11535500
2026-04-07,36.400001525878906,37.040000915527344,35.970001220703125,36.90999984741211,13916300
2026-04-08,38.029998779296875,38.189998626708984,37.33000183105469,37.61000061035156,13882500
2026-04-09,37.18000030517578,37.650001525878906,36.81999969482422,37.439998626708984,11231700
2026-04-10,38.29999923706055,38.41999816894531,37.41999816894531,37.52000045776367,11400500
2026-04-13,37.13999938964844,38.0099983215332,36.95000076293945,37.97999954223633,12692200
2026-04-14,39.130001068115234,39.40999984741211,38.72999954223633,39.31999969482422,19729300
2026-04-15,39.790000915527344,40.86000061035156,39.66999816894531,40.810001373291016,19479400
2026-04-16,41.2599983215332,41.40999984741211,40.22999954223633,40.93000030517578,16083800
2026-04-17,40.97999954223633,41.290000915527344,40.43000030517578,40.52000045776367,13204000
2026-04-20,40.5099983215332,40.849998474121094,40.2599983215332,40.459999084472656,10467100
2026-04-21,40.13999938964844,40.20000076293945,38.70000076293945,39.41999816894531,25186400
2026-04-22,39.150001525878906,39.33000183105469,38.849998474121094,39.150001525878906,17595700
2026-04-23,39.130001068115234,39.20000076293945,38.34000015258789,38.345001220703125,6947036
