timestamp,open,high,low,close,volume
2021-01-04,59.97078181927768,59.98004721371621,58.56166385440064,59.0993537902832,11249900
2021-01-05,59.034457658577956,59.1364335747698,57.92199858366409,58.366981506347656,11005700
2021-01-06,57.94821979760752,58.95326174353314,57.61320463231818,58.22739791870117,8685400
2021-01-07,58.48796334013139,59.316196849314444,58.48796334013139,58.69269561767578,7382800
2021-01-08,58.7950659701561,59.13008115744128,58.54380457969221,58.98118591308594,7751700
2021-01-11,58.58102976862558,59.15799840158928,58.47866362166016,58.65547561645508,6284700
2021-01-12,58.62755799232269,58.646170341487974,57.8644694262593,58.08781051635742,7758200
2021-01-13,57.99474960101355,58.246010978048886,57.66904238075059,57.7527961730957,8298000
2021-01-14,57.76209593555284,57.85515411960296,57.24096087502256,57.32471466064453,10258600
2021-01-15,57.32472186936151,57.69696175225634,56.96178993600749,57.49222946166992,7532600
2021-01-19,57.790016378208946,57.966831909135934,56.859420278399185,57.03623580932617,8903400
2021-01-20,57.11067533336014,57.72486854929055,56.905946628011336,57.28749084472656,7025000
2021-01-21,57.371256588140994,57.557372986364136,56.6919182448441,56.9617919921875,6943600
2021-01-22,56.710516361772456,56.90594421076778,55.59380405292873,56.170772552490234,9896700
2021-01-25,56.18939509980698,56.71983460780097,55.621730894774906,56.67330551147461,8524700
2021-01-26,56.822194668442016,57.73417834861754,56.61746240658596,57.510833740234375,8186500
2021-01-27,57.138598868904914,58.79505870131253,57.11067857345451,58.20878219604492,14789000
2021-01-28,58.20878314435866,58.85089670104592,56.9245595809264,56.971092224121094,11166400
2021-01-29,56.91526236888993,57.23166521287753,56.03119528569433,56.23592758178711,11451800
2021-02-01,56.691911156209144,57.70626101944121,56.52440712874122,57.240962982177734,10553500
2021-02-02,57.58528872962494,58.55310599361221,57.510839336272284,58.04127883911133,10528000
2021-02-03,57.86447152411015,58.394911069752325,57.67835157565227,57.85516357421875,9933500
2021-02-04,58.143644704905526,58.99048702560177,57.92960802494301,58.95326232910156,9928700
2021-02-05,59.09285870061092,59.62329825062098,58.88812640062711,59.185916900634766,9170200
2021-02-08,59.36272891055617,59.437174756147186,58.47866186327903,58.729923248291016,7003400
2021-02-09,58.70200455729651,59.41856044090993,58.5438013719944,59.25105285644531,5437400
2021-02-10,59.4092541814799,59.46509122453384,58.56241188651129,58.878814697265625,9577500
2021-02-11,59.14868658912556,59.53023083003489,57.957521223650254,58.34837341308594,7690800
2021-02-12,57.99474845760206,58.739224624912644,57.98544405861047,58.702003479003906,6663400
2021-02-16,58.72992707459984,58.86951437540569,57.79002291943689,57.827247619628906,7526000
2021-02-17,57.53876630053471,57.83655680856418,57.10138493876641,57.78071975708008,6244500
2021-02-18,57.52013919584886,57.89237546043389,57.38054837791575,57.76209259033203,6262400
2021-02-19,57.93892323756934,58.031984996188505,56.840822885408066,56.887351989746094,10905100
2021-02-22,58.48797233052445,60.46083891752653,57.957532757116766,59.976924896240234,20940300
2021-02-23,59.94900336147236,60.69348313486882,59.604687323681866,60.02345275878906,18175400
2021-02-24,60.01413988198635,60.628336709595615,59.63259917686204,60.209564208984375,10609300
2021-02-25,60.15372845789334,61.75435480929132,60.09789496652788,60.76792526245117,15356100
2021-02-26,60.99128128574183,61.67992054771234,60.023460298706574,60.03276824951172,20512600
2021-03-01,60.4422129895932,62.098679987778006,60.2747054099963,61.57754135131836,11758900
2021-03-02,61.558940395124935,62.74079445180169,61.41934954436517,62.033546447753906,13282000
2021-03-03,61.65200028437766,62.852470273976735,61.60546763288796,62.266197204589844,15827600
2021-03-04,62.05214930336064,62.63842230052445,60.77723006838992,61.05641174316406,19951100
2021-03-05,62.63842608151372,66.74235860903725,62.63842608151372,65.11381530761719,34211500
2021-03-08,65.57912255774733,67.87769656036403,65.23479936994414,67.1518325805664,23300500
2021-03-09,67.3751544227381,68.13824288822153,67.00291458838134,67.59849548339844,17296400
2021-03-10,68.39882134745132,68.5104954484672,66.53762892983359,67.1146011352539,21378600
2021-03-11,62.95482835292659,63.37359376308095,60.888903849744004,62.73148727416992,38095400
2021-03-12,62.3127130402817,63.159558886129034,61.838107048654244,62.498836517333984,11606300
2021-03-15,62.30340309934877,63.07579952967834,62.25687755648684,63.029273986816406,8919600
2021-03-16,63.280548649916696,63.345690107178505,62.05216181306082,62.21036148071289,14512500
2021-03-17,62.163801213792816,62.210326743065366,61.56822047999812,61.624053955078125,11892400
2021-03-18,61.856724808768114,62.35924756211288,61.50309374166352,62.10798263549805,13750300
2021-03-19,62.154527000508985,62.19175170405906,61.38213037658909,61.661312103271484,30963600
2021-03-22,61.62408199698051,61.90325659930072,61.28906679428776,61.717140197753906,10263700
2021-03-23,61.726444547646516,63.22470492233589,61.726444547646516,62.601200103759766,12390100
2021-03-24,62.45229623538975,62.731477866882834,62.10797316986612,62.19173049926758,11391100
2021-03-25,62.312716011866726,63.959875137877304,62.126599625823566,63.8668098449707,14844700
2021-03-26,63.810965249821166,65.48604083238617,63.54109156708104,65.3743667602539,12617000
2021-03-29,65.33716668933093,67.31003344109682,65.29994198459349,66.19331359863281,15183700
2021-03-30,65.91413791163932,66.11887023448668,65.09520862024988,65.65357208251953,12000200
2021-03-31,65.7931492427933,66.16538914697269,65.05798448439323,65.29993438720703,9971700
2021-04-01,65.56979990404744,66.84471910825695,65.44882496783615,66.82610321044922,13228700
2021-04-05,67.17974757303452,69.70166263413729,67.05876551298134,69.01302337646484,25010200
2021-04-06,68.51048981010373,69.46900269031025,68.08241644126807,69.12467956542969,14699800
2021-04-07,68.78821195754927,69.33029469827629,68.64801716176075,69.22748565673828,12356800
2021-04-08,69.4144124233373,70.59203881207839,69.3022622829075,70.35838317871094,13507700
2021-04-09,70.4237971360646,70.7415724632369,70.00321990399286,70.63876342773438,13285700
2021-04-12,70.33035412436816,71.20890169356247,70.28362013981764,71.14347839355469,10634900
2021-04-13,71.180848907296,71.9752765602446,70.93784507477645,71.65750122070312,13142400
2021-04-14,72.00332471334151,72.30240365494048,71.50797588481241,71.7977066040039,12730700
2021-04-15,71.96592889217276,73.41459654678904,71.80704478648292,73.17159271240234,13604200
2021-04-16,73.19027154631962,74.15293139435128,72.76969435485415,73.7884292602539,13334100
2021-04-19,73.65759178791491,74.9660646224557,73.21831810276305,73.60151672363281,19967200
2021-04-20,73.55478937336282,74.22771872775927,73.5080625257877,74.05948638916016,12562300
2021-04-21,73.63891400139933,74.15295214250806,71.52666497209317,71.6481704711914,18672800
2021-04-22,71.13412686927708,71.47993979932937,69.86303955902571,69.9751968383789,16769300
2021-04-23,69.43309815268691,70.09667919337853,69.02186201962614,70.06864166259766,10664700
2021-04-26,70.06863765237266,70.13406093065133,69.34897446070467,69.62936401367188,9402200
2021-04-27,69.52656872559045,70.49857700252761,69.36768460845943,70.30230712890625,9300200
2021-04-28,70.2462231641594,70.34902506823506,69.77891196311184,69.8817138671875,6107800
2021-04-29,70.45183517979055,70.9378428294465,69.76021658823741,70.90980529785156,7940400
2021-04-30,70.62007853401933,70.9565432269358,70.2742727495138,70.83504486083984,7825300
2021-05-03,71.29301921724367,72.41457074822578,71.10609752738267,72.27437591552734,15319600
2021-05-04,72.03137150771948,73.55480394812984,71.90052489961579,73.39591979980469,15316500
2021-05-05,73.80712304510992,74.61089878128716,73.29307793571675,74.01274108886719,12271900
2021-05-06,74.0033929758353,74.73239721885757,73.42392459083192,74.52677917480469,14089700
2021-05-07,74.59222286144524,75.27450045517674,73.44264112690301,75.1436538696289,14073400
2021-05-10,73.62021989595642,75.44273826490158,73.46133576350718,74.91000366210938,17356700
2021-05-11,74.53615249223607,74.67634730862451,72.19959598777726,72.61083221435547,12980400
2021-05-12,72.4986825035377,73.07815114415406,71.52667404053861,71.73229217529297,12302600
2021-05-13,72.46128228457071,73.31179219400346,71.85377622506218,73.03140258789062,11399300
2021-05-14,73.01271983648932,73.88191913682626,73.01271983648932,73.73237609863281,9033400
2021-05-17,73.72301386473788,74.33051986338185,73.69497633305639,73.90994262695312,6637900
2021-05-18,73.82583843904594,74.27446043217847,73.26506629558376,73.54545593261719,6643100
2021-05-19,72.72298661837694,73.62022351291849,72.47998986172952,73.5921859741211,8165000
2021-05-20,73.78845316747824,74.13426610469601,73.53610819696047,73.57349395751953,8802700
2021-05-21,74.01276324802247,74.62961043337394,73.81649336492862,73.86322021484375,8629000
2021-05-24,74.29313954946467,74.6576417492133,73.96602310489587,74.1903305053711,7044700
2021-05-25,74.40531222873982,74.47073553120661,73.50807531036446,73.67630767822266,7160600
2021-05-26,73.45197593636226,74.18098744712863,73.41459731277747,74.07817840576172,12851100
2021-05-27,74.30248306932326,74.81652825726427,73.68562884379403,73.81648254394531,12867800
2021-05-28,73.78845587630785,74.1716545881522,73.52676267339218,73.5921859741211,6929700
2021-06-01,74.37726814443486,74.61092379419954,73.34918471159122,74.367919921875,10485300
2021-06-02,74.4894059946441,75.63899473915687,74.31183257895115,75.02214050292969,12249300
2021-06-03,74.58287930628623,76.13434896821825,74.44268450337213,75.78853607177734,12038700
2021-06-04,76.09695205152354,78.47089373939541,76.05022521114115,77.4708480834961,14502900
2021-06-07,77.51759457619592,78.74194780327251,77.4334748409549,78.45221710205078,10445600
2021-06-08,78.53633212396657,79.4709546785883,78.5082945882246,79.07841491699219,10726800
2021-06-09,79.06905709012813,79.28402338904439,78.53632258393073,78.9942855834961,9720300
2021-06-10,78.6578397932269,78.93822228899877,76.3680101927657,76.91944122314453,16680800
2021-06-11,76.62035833225048,77.79797758886485,76.48950461757816,77.48020935058594,11066500
2021-06-14,77.57365980713756,77.66712062174842,76.76053574575647,77.218505859375,10173200
2021-06-15,76.63904646398494,77.11570594465931,76.03154040125939,76.30258178710938,17298000
2021-06-16,72.89122101177557,73.41461456278832,70.9378630280365,72.04071807861328,36560600
2021-06-17,71.95657673433898,72.65754353584802,71.55468881624967,72.48931121826172,14836100
2021-06-18,71.87247222389638,71.88182044553669,71.00327300704764,71.24627685546875,22521200
2021-06-21,71.60142838540783,72.99401387669015,71.5453533186969,72.89120483398438,8924300
2021-06-22,72.95664131794636,74.01276946938523,72.58279796478365,73.5361099243164,9845800
2021-06-23,73.6108728504547,73.71368189974923,72.9566327976164,72.9940185546875,7295900
2021-06-24,73.50805684610688,73.79778752273968,72.53604864603797,72.65754699707031,9624000
2021-06-25,72.92858692420597,73.47066964385216,72.48931324209968,73.33047485351562,12845000
2021-06-28,73.35852592293274,73.80714790867701,73.20899001475435,73.36787414550781,5605400
2021-06-29,73.40525475186564,73.45198160025147,72.7323253857938,72.9940185546875,5392900
2021-06-30,72.51735147080664,73.09681994881711,72.50801038047017,72.75100708007812,7899800
2021-07-01,72.88186545404102,74.41464577868356,72.81644216447471,74.33987426757812,13108000
2021-07-02,74.25575212353279,76.88204610364495,74.16229130298795,76.47080993652344,15258100
2021-07-06,76.26518559597471,78.16246790673085,76.04087821894915,77.64842987060547,14200400
2021-07-07,77.73255843494366,81.47104876300851,77.53628854839278,80.46165466308594,20976600
2021-07-08,79.46160443192082,81.20935113155122,79.12514688098526,79.99433898925781,16383300
2021-07-09,80.26537378963225,82.62062636705939,80.17191297034464,82.02246856689453,15685300
2021-07-12,81.80750966317738,83.0412111289115,81.28412332335203,81.38693237304688,16076800
2021-07-13,81.03176585206445,82.18135463550807,80.87288174242047,81.37757873535156,12789300
2021-07-14,81.68715432179803,83.1786824969622,81.29316655744232,82.81283569335938,13330500
2021-07-15,82.64397322671356,83.2724784672957,80.214375136893,80.89916229248047,18306300
2021-07-16,81.37758455665403,83.00044904613137,81.1618252756491,82.0717544555664,14617500
2021-07-19,81.5276733939307,82.428219804234,80.85226179697656,81.59333801269531,15619900
2021-07-20,81.70590208130672,83.53514302125718,81.63085475766731,83.16929626464844,12813900
2021-07-21,83.38505432948426,84.6608302948456,82.98168388224639,84.13551330566406,13108100
2021-07-22,84.42630723517951,85.49570655427257,84.1261250957307,85.07357788085938,13638900
2021-07-23,85.35501174794238,85.55200564554701,81.72468438837282,82.25938415527344,12680900
2021-07-26,82.02486596753705,82.64398861862365,81.30254785820989,82.41885375976562,10454100
2021-07-27,82.32504042114934,83.11301593148623,81.72467608272862,82.36256408691406,8465200
2021-07-28,82.45637177013697,82.50327098585517,81.72467816138293,81.78096008300781,6396800
2021-07-29,82.24998559078907,82.79406795941178,81.92166249141565,82.20307922363281,6201400
2021-07-30,81.99671403593634,82.6908839327512,81.49015530358803,81.7434310913086,7962800
2021-08-02,82.29689571401114,82.48450687738524,81.69652424601836,82.17494201660156,5579100
2021-08-03,82.43758524253148,84.58576630283434,82.37192063181942,84.1823959350586,9889800
2021-08-04,84.22931297213798,84.5107297007581,83.75089522950505,84.47321319580078,7509900
2021-08-05,84.59516176574239,84.91410216390477,83.26310394358143,83.89160919189453,8231300
2021-08-06,83.71340039337605,84.31376487611554,83.31941254349873,83.97605895996094,6513900
2021-08-09,83.9197663181924,84.86721930411633,83.58206044512859,84.33251953125,5798700
2021-08-10,83.58204904756647,84.538884609739,83.42257883950681,84.08860778808594,5473300
2021-08-11,84.33250657715837,84.82029989837288,83.9666597970207,84.0792236328125,8009800
2021-08-12,83.59143872407967,84.40756240023913,83.17868553288528,84.24808502197266,5687200
2021-08-13,85.00791021370634,85.68331463557072,84.37939784312947,84.78276824951172,6640400
2021-08-16,84.29497213789475,85.21427674491747,83.99479001930888,85.19551849365234,7122800
2021-08-17,85.35499802878141,86.09607428079462,84.77339913606988,85.31747436523438,6738500
2021-08-18,84.88594996673872,85.41127401901964,83.35689848518312,83.43194580078125,7666300
2021-08-19,82.8221988520683,83.85407439194732,82.76591694384582,83.2161865234375,8099400
2021-08-20,83.3006165769375,83.86345713011156,82.83158158980814,83.43194580078125,8716400
2021-08-23,83.94788853531757,84.02293585855278,83.21619502604096,83.6008071899414,7147300
2021-08-24,83.68523123673619,84.09798436342263,82.99106137932361,83.06610870361328,6320100
2021-08-25,83.06611028156958,83.39443338544041,82.59707523120929,83.13177490234375,5748500
2021-08-26,83.3100088167845,83.65709735329354,82.98168569138805,83.2255859375,9093200
2021-08-27,83.2912343103643,83.97602138729954,83.12238142783536,83.8165512084961,5426800
2021-08-30,83.91976783873224,84.40756840062208,83.76968031293347,83.91038513183594,5357000
2021-08-31,83.91037351215233,83.95727988322994,83.00982701133987,83.61019134521484,8113300
2021-09-01,83.73213866195874,84.5857787265962,83.366291897556,84.37940216064453,8208000
2021-09-02,84.58578989656733,84.89535478637441,83.87286168337913,84.23870849609375,7717400
2021-09-03,83.80718556004577,84.87659213829708,83.76966905132092,84.42631530761719,8456900
2021-09-07,84.46383826535762,85.05481989107125,83.05673302202362,83.2255859375,11046000
2021-09-08,82.68149563978186,84.05107708717053,82.52202544507168,83.92913055419922,8851200
2021-09-09,84.0510786681433,85.20490802836997,83.8728502176646,83.99479675292969,11034700
2021-09-10,84.09798056488522,84.9422450327434,83.96665133176356,84.1261215209961,10547400
2021-09-13,84.53890045211827,84.90474730712324,82.76594810650693,83.38507080078125,18883400
2021-09-14,80.85227529165621,81.56520351240454,79.48269361675605,81.03988647460938,22714200
2021-09-15,81.18997481845591,82.88787950964135,80.83350357895766,82.2968978881836,14951100
2021-09-16,82.24059872225028,82.52202259712615,80.85225907035898,81.84661102294922,12410500
2021-09-17,80.87103354718838,82.14680963061194,80.62713328382296,81.03988647460938,58069000
2021-09-20,79.76411184501714,81.99672361015531,79.6703062518308,80.83351135253906,13897700
2021-09-21,81.36818021466149,82.2312099522852,80.78658146356682,81.53703308105469,11124400
2021-09-22,82.19370395419426,83.48823810335534,81.8372327391753,82.96292114257812,9908000
2021-09-23,83.43196299345252,84.48259700070471,83.16930449163947,83.88223266601562,9720200
2021-09-24,83.74150566675443,84.48258182483798,83.43194800631437,84.3700180053711,7617800
2021-09-27,84.21993093618852,85.65517701857709,83.62894936017757,85.40190124511719,11533000
2021-09-28,85.02666774775392,86.55571933457408,84.47320986015438,84.88595581054688,15041800
2021-09-29,85.5050942591653,86.37749977122151,85.3643823074968,85.5988998413086,12007300
2021-09-30,85.59889840488471,85.90846326197924,81.72467138781317,81.73404693603516,15649900
2021-10-01,82.32502142811411,84.67957186715074,82.17492679968323,84.1823959350586,13320900
2021-10-04,83.93851615563497,84.82967989274107,83.45071569310203,83.73213958740234,10853900
2021-10-05,83.81657355579505,86.27432013302506,83.6477206282463,85.82404327392578,9788600
2021-10-06,84.82028876900334,85.8334060996402,84.09797800878827,85.68331146240234,10268300
2021-10-07,86.03040584551731,87.12794611721839,85.97412393114496,86.59324645996094,9124400
2021-10-08,86.9603656106368,89.44548488928228,86.70620878564479,88.85244750976562,13202300
2021-10-11,88.75832029813313,91.12106896069949,88.67359656413343,89.69965362548828,12959300
2021-10-12,90.20797499576494,90.85749011169798,89.6714152834011,89.96322631835938,9964100
2021-10-13,90.46214207840461,91.29992826481909,90.32094062615184,90.74454498291016,9453900
2021-10-14,91.12105414052319,91.63878307728167,88.8336142398135,89.69022369384766,7911200
2021-10-15,89.51138713611039,90.4056581509893,89.17251372854157,89.73731231689453,7422800
2021-10-18,89.89734235253019,90.97987723083247,89.5208075450593,90.84809112548828,7344100
2021-10-19,91.30934412987799,91.57291634528792,90.66923710025203,91.3658218383789,5616500
2021-10-20,91.56349643951044,92.22243412702038,90.60333953379536,90.970458984375,6574100
2021-10-21,90.90456273223771,91.14931141793896,90.09501546413664,90.65040588378906,6224400
2021-10-22,90.64099506549562,92.50483119866809,90.57510201395526,92.48600769042969,6819600
2021-10-25,92.66486915514899,93.14494405431334,91.82708294075891,92.14713287353516,5083100
2021-10-26,92.53306409518805,92.77780557655686,91.25285026263207,91.2905044555664,7089700
2021-10-27,91.13048678788748,91.59174533810851,90.36800901004256,90.39624786376953,5941200
2021-10-28,90.97987674654527,91.96827253136551,90.30211553306623,90.58451843261719,5177200
2021-10-29,90.170321999358,91.2810956339764,89.8596802718063,90.3115234375,7578600
2021-11-01,90.36800310414026,90.39624195602173,88.40061981715962,88.8430404663086,7327600
2021-11-02,88.23115324085055,90.2926678139318,88.01464347124947,90.24560546875,6229600
2021-11-03,90.83866627870357,91.18696219599857,89.19133295240583,90.50920104980469,5746400
2021-11-04,90.58452016537464,90.94222428741806,89.72790328700712,90.01971435546875,5857500
2021-11-05,90.55626723629813,90.88573966093188,88.57946859751394,89.37960052490234,6160200
2021-11-08,89.66198075169665,89.66198075169665,88.77712531014373,89.55843353271484,5056400
2021-11-09,89.53021544214496,90.00088211687738,88.54181255248548,89.04071807861328,6102600
2021-11-10,88.57945894599868,89.28545889591122,87.88287433965645,88.32530212402344,5828800
2021-11-11,88.58887277658914,89.20074082575736,88.29706176711929,88.52297973632812,3620600
2021-11-12,88.75833778106318,88.92777810063427,87.9487903855351,88.05233764648438,6435300
2021-11-15,88.3159018367296,88.72067549762488,87.46870031604132,88.50416564941406,5700900
2021-11-16,88.61711628039288,90.71629269921895,88.50415369895276,90.0008773803711,7392900
2021-11-17,90.1420859552115,90.49979005208084,89.25723028498285,89.73731231689453,6257600
2021-11-18,89.56787213174948,89.73731242664296,88.0146706255265,89.10662078857422,5725300
2021-11-19,89.24781651584287,91.27168474315548,88.42886106190518,88.45709991455078,8936600
2021-11-22,88.23119179159146,90.0573738912706,87.92996535996775,89.05956268310547,6488200
2021-11-23,88.63594607395741,88.75831681626394,86.84741138578377,87.48751831054688,8905500
2021-11-24,86.81916738992246,88.20292121211442,86.74385900751942,88.0899658203125,10908500
2021-11-26,87.44044387548247,88.56063272652327,86.66855090783993,86.91329956054688,4519300
2021-11-29,87.70402094553558,88.60770004253001,87.42162526748905,87.48751831054688,9552500
2021-11-30,87.56281111805677,88.03347771813229,85.29420184023,85.41657257080078,23271200
2021-12-01,86.3108616383243,86.96979214479462,84.39995598775648,84.48467254638672,12084900
2021-12-02,84.15520331604553,85.69898944264982,83.77866853794126,84.71058654785156,7089800
2021-12-03,85.04947712511779,85.463666147889,82.57377269765438,83.06326293945312,10808600
2021-12-06,83.15737752080129,83.93868585755936,82.69612622998149,83.72218322753906,8398500
2021-12-07,84.70117391151372,85.40717388999383,83.97634324513103,84.7670669555664,6803700
2021-12-08,84.76706373047988,84.88001912638511,82.752611109737,83.72218322753906,7695800
2021-12-09,83.89162142923769,84.71057675651609,83.06324357679628,83.56214904785156,8615800
2021-12-10,98.171671623438,100.10140099027163,94.22748195838743,96.60905456542969,45824600
2021-12-13,96.43020007864287,98.23755856331222,94.62283441216931,94.97113037109375,16317600
2021-12-14,94.13333239643033,95.50767818760183,93.55911849426785,94.02978515625,9511600
2021-12-15,94.6793130495186,97.67275348409952,94.35925596589732,97.56920623779297,14452200
2021-12-16,97.85159802879187,97.89866756861355,96.27957307127484,97.1644287109375,9053200
2021-12-17,91.95884059457765,94.08624840914291,90.18912962093655,90.95161437988281,28872300
2021-12-20,90.76335048448763,90.76335048448763,86.15081611077186,86.26377868652344,17205400
2021-12-21,86.42382181255965,86.45206066699261,84.44702300240544,86.14142608642578,15823000
2021-12-22,85.91550277855487,86.4708932612442,84.25876103971542,84.58822631835938,10539000
2021-12-23,84.74824722120398,85.05888897551782,83.8351526485989,84.45643615722656,9655400
2021-12-27,84.43761218913765,85.03065689127828,83.79750512101748,84.28700256347656,7666200
2021-12-28,84.43759920646713,84.53173828756125,83.32682555851001,83.44920349121094,5610500
2021-12-29,83.3080141250617,83.95753653336678,82.57377514965837,83.03502655029297,5628500
2021-12-30,83.44921647822204,83.69396519991002,82.620838399218,82.84676361083984,7382400
2021-12-31,82.88441279403159,82.93147515724961,82.06545011055208,82.09368896484375,5908200
2022-01-03,82.20665765157278,82.78087167070714,80.72876431916255,82.74321746826172,10644400
2022-01-04,82.74321083697072,84.32465130391324,82.58318587575613,83.62805938720703,11959000
2022-01-05,83.29860120983574,83.4021484716248,81.16177727850787,81.3876953125,11236700
2022-01-06,81.25540605452657,82.59706335469326,80.830235301588,81.57664489746094,7918400
2022-01-07,81.68056587047533,83.1450555273615,81.51994647051502,82.68209075927734,9836800
2022-01-10,82.55928236796258,84.44894327350198,82.15300498493224,84.35446166992188,11025500
2022-01-11,83.74974849057881,84.08988793982297,82.58761137939655,83.59857940673828,7249800
2022-01-12,83.98596872276129,84.58120924457806,82.83327454943186,83.4379653930664,5840300
2022-01-13,83.83479037645834,84.01430322031052,82.71989040479235,82.94664764404297,6044300
2022-01-14,82.65376696102139,83.2395571984074,81.87900631763674,82.85218048095703,6054800
2022-01-18,82.07741410076916,82.17189569292273,80.63181762773422,80.83023834228516,6824700
2022-01-19,81.03808129567834,81.9073305389612,78.6382189840509,78.77993774414062,10501800
2022-01-20,79.29016567024034,80.31058423526574,77.96740166466859,78.1563720703125,10836900
2022-01-21,78.76104288075196,78.78938663225475,77.5044170352602,77.6839370727539,11609000
2022-01-24,76.73910858082562,77.8729019165039,75.19903076982528,77.8729019165039,16770400
2022-01-25,76.84306241595522,77.57057869249654,75.77539939142127,76.59740447998047,13469900
2022-01-26,77.39106443388188,77.50443947271495,74.90615577502265,75.19905090332031,13971300
2022-01-27,75.69036632859583,76.67299084087387,74.830567177171,75.37857055664062,10331900
2022-01-28,75.57697546173473,76.0588409444788,74.23531813411657,76.03994750976562,7854700
2022-01-31,76.04939227390527,77.13594860982636,75.69980966049725,76.68243408203125,10594200
2022-02-01,76.90919315800451,76.90919315800451,75.2557400191404,76.56905364990234,8016900
2022-02-02,76.6824324151501,78.30753451432102,76.38007979188114,77.94850158691406,9287600
2022-02-03,77.12649315822078,78.19415598800663,77.12649315822078,77.41939544677734,8207200
2022-02-04,77.50444417916458,78.33589962634602,76.97534140985609,77.58003234863281,5570200
2022-02-07,77.6083471339786,77.71227902607195,76.21000256332923,76.28558349609375,6292200
2022-02-08,75.86043240317254,76.39898543376142,75.39746753334653,76.33284759521484,6585300
2022-02-09,77.23987598964999,79.03505497728341,77.14539440261308,78.84608459472656,8755900
2022-02-10,78.18471463593805,79.15788878258084,77.11705889215705,77.33436584472656,6336300
2022-02-11,77.32491168001415,77.8823653298509,75.14235589809739,75.3502197265625,7670500
2022-02-14,75.18960045189256,75.3313264450881,74.11249443717998,74.59435272216797,5389800
2022-02-15,75.01007718729367,75.52028641599152,74.84000744439439,75.36911010742188,5712800
2022-02-16,75.0856572600712,75.37855231579653,73.9046195082983,74.82110595703125,6227000
2022-02-17,74.41484239402489,74.62270622999583,71.17407391766525,71.363037109375,9247100
2022-02-18,71.33467065150856,71.55198474045689,70.18197680682914,70.45597839355469,7790100
2022-02-22,69.74737838581562,70.7772472487602,69.55841519314801,70.03083038330078,8039000
2022-02-23,69.98359004760665,70.27648517580657,68.35848054568935,68.47186279296875,6807100
2022-02-24,67.02628023085077,70.80560235795174,66.35545141830853,70.68276977539062,11240500
2022-02-25,70.53157835214043,72.591308548916,70.21978264513947,72.13778686523438,8291800
2022-02-28,71.40082923582024,72.46848493588726,70.88116966011127,71.77876281738281,9234400
2022-03-01,71.7882150799918,72.27952370336682,71.44807556823844,71.81655883789062,8752100
2022-03-02,72.23227769159082,74.50932230517125,72.04331450415367,73.96131896972656,8527200
2022-03-03,74.60379676190398,74.6793849130411,73.15820761170006,73.93296813964844,8203000
2022-03-04,73.38498080833489,73.61174531103809,71.59925179833253,72.27008056640625,8841300
2022-03-07,72.08109661012136,72.17557818814583,69.3883319897711,70.21977996826172,11110100
2022-03-08,69.76626683876768,71.07958760539601,69.0765447471576,69.28440856933594,9134100
2022-03-09,70.78668833477771,72.70469279849952,70.56938139028307,71.9015884399414,8959500
2022-03-10,70.95674448075806,72.6101972818805,70.89060665705246,72.42123413085938,13812600
2022-03-11,72.46849021706312,75.49195188141641,69.9174509704537,73.52670288085938,22795800
2022-03-14,73.62118918212431,74.26367419608316,71.27801363132227,72.81808471679688,13306200
2022-03-15,73.7440073860613,77.04146309624863,72.818070525506,76.1533203125,16847200
2022-03-16,76.53125413564999,76.74856827591589,73.46055566724428,75.54862976074219,14071300
2022-03-17,75.37855975917131,76.80525552256937,74.887251177651,76.1533203125,10462400
2022-03-18,75.23683907754307,77.46663930695728,74.49042222707543,77.17374420166016,24176000
2022-03-21,76.79580702202527,77.4571925690981,75.84152638336039,76.49346160888672,8131300
2022-03-22,76.96587857003374,77.69340196800457,76.37063805136222,77.28712463378906,9292300
2022-03-23,76.76748036752443,76.9186567120132,75.7943060774537,75.95492553710938,7451100
2022-03-24,76.20057346076173,78.2508537056961,76.0493971361755,77.70285034179688,7025700
2022-03-25,77.51387284746087,78.26973270552533,76.74856266873188,77.22097778320312,5682300
2022-03-28,77.23042336874586,79.09174013272984,77.23042336874586,78.98780822753906,6626700
2022-03-29,79.82871079805699,79.84761144098971,78.52484756654357,79.6397476196289,5762000
2022-03-30,79.32795941966378,79.70589302088739,78.5343053447297,78.76106262207031,5533100
2022-03-31,78.52484253072943,79.28070961293423,78.0335267647515,78.16580963134766,9433300
2022-04-01,78.45871644564417,78.76106188208566,76.97533302177757,77.48554229736328,6147500
2022-04-04,77.71228640621939,79.64919126083126,77.47607884875367,79.43187713623047,7882400
2022-04-05,78.79885603909213,79.85706146342127,78.10912668203433,78.3642349243164,5143400
2022-04-06,77.40049951708008,77.92015908609251,76.88084715655106,77.58946990966797,5492400
2022-04-07,77.06778378722804,77.788666006463,76.62197514160488,77.34285736083984,7112200
2022-04-08,77.50408954453937,77.61791531520262,76.12872918993098,76.77372741699219,6182500
2022-04-11,76.47968573843612,76.9539489676538,75.59755584262395,75.65447235107422,5738400
2022-04-12,75.83468668620753,76.82115506135258,74.95255679936413,75.2466049194336,6174700
2022-04-13,75.18020546850076,75.8441710624673,74.58262919724866,75.64498138427734,4728600
2022-04-14,75.72087255948217,76.2235904487884,75.23712201611755,75.36042785644531,5590400
2022-04-18,75.07587074182334,75.86314944027497,73.89969995792184,74.19374084472656,4955900
2022-04-19,74.22219252944548,75.67343679739166,74.21270523895342,75.46475982666016,5412400
2022-04-20,75.68293277940612,77.64638240917402,75.68293277940612,76.15719604492188,9472600
2022-04-21,77.29542627618943,77.39976477527713,75.2466126980779,75.3888931274414,5616100
2022-04-22,75.18969752655129,75.59756423844321,72.23978657095003,72.2872085571289,9357100
2022-04-25,72.27769866955158,73.09343183831852,70.85490926868103,73.0175552368164,7305900
2022-04-26,72.4199828249095,72.70454361456144,70.64624324434767,70.67469787597656,7555200
2022-04-27,70.74111489972377,72.10698826993747,70.58934717154249,70.91184997558594,7279200
2022-04-28,71.63271331120404,72.68557823481332,70.76007072629547,72.2208023071289,6177900
2022-04-29,71.46198561552659,71.96471075748407,69.38471742650027,69.6218490600586,7946900
2022-05-02,70.12455955481022,70.76007052878393,68.79662109987899,70.19095611572266,7379900
2022-05-03,70.04868968315128,70.39015984647293,69.06222112652027,69.51751708984375,5211500
2022-05-04,69.60285635142101,71.47145429512476,69.04322931556482,71.33866119384766,6759900
2022-05-05,70.19096331791455,70.87390357833654,68.28442296368371,69.052734375,7197200
2022-05-06,68.41721214052299,69.18552350738489,67.94294890230222,68.75868225097656,6222500
2022-05-09,67.95242564847922,68.85352276659334,67.50661711586304,67.85757446289062,7019700
2022-05-10,68.76817622018773,69.83052858217458,67.6014853567252,68.796630859375,8129000
2022-05-11,68.5879376359957,69.67874437920389,67.22206462123884,67.37382507324219,6932100
2022-05-12,67.23154470777115,67.27897391967929,65.41986315245137,67.08927154541016,11698900
2022-05-13,67.30744024525598,68.27494133748179,66.89957355670646,67.50662994384766,6700100
2022-05-16,67.05132406157021,67.26000099796633,65.81823702105562,66.12176513671875,6942100
2022-05-17,67.39280516884395,68.19905118010067,67.06081513184209,68.1800765991211,5952500
2022-05-18,67.15566322376634,67.2884563234487,64.31956444861025,64.78434753417969,7977300
2022-05-19,64.00656060085247,64.4049399268085,63.285678556254666,63.58920669555664,9451600
2022-05-20,64.38597150999077,65.15428283979318,63.40899044424986,65.09736633300781,7531100
2022-05-23,65.7423716415784,66.84266589271462,65.13531523980777,66.43479919433594,7370200
2022-05-24,66.08383243908241,66.89956572063305,64.79383595833637,65.47677612304688,6644100
2022-05-25,65.33449886855774,66.60552806680747,65.23016038076551,66.23560333251953,7103300
2022-05-26,66.52014609771255,68.40771862480364,66.31147639277121,67.97139739990234,6758900
2022-05-27,68.63537307747224,69.10014900206191,67.86706898464487,69.03375244140625,6566700
2022-05-31,68.51205802349077,69.22345275046727,67.83859798034005,68.21800994873047,16890300
2022-06-01,69.26140329690239,69.49853492687035,67.48766333621916,67.91449737548828,5804700
2022-06-02,67.80067117028668,69.42265046775374,67.35486259840677,69.3752212524414,6200400
2022-06-03,68.825081160719,69.20449321156417,67.563546403932,68.09471893310547,8169500
2022-06-06,68.89148644096163,70.98772942209874,68.89148644096163,69.2139892578125,5274700
2022-06-07,67.9049872764481,69.36571849482999,67.9049872764481,68.94837188720703,5675700
2022-06-08,68.3033791023228,68.43617220191416,67.28845627734239,67.70580291748047,5253500
2022-06-09,67.12721703906726,67.49714903081369,65.63803072756755,65.6570053100586,6824900
2022-06-10,64.48084435955408,64.70848872754704,63.51334313138702,63.684078216552734,10256100
2022-06-13,62.394078838442766,62.69760706218339,60.47805466461647,60.75313186645508,16547200
2022-06-14,68.29390861038435,68.70177529849701,65.46729643098071,67.07979583740234,29661300
2022-06-15,66.82367654136077,67.74374823227384,65.13530084477787,66.1122817993164,11765500
2022-06-16,64.97406622083584,65.41038754895335,64.1014235646008,65.17325592041016,10686000
2022-06-17,65.21120365075309,65.79929274706419,63.92120689778169,64.23422241210938,16445600
2022-06-21,65.07840373809915,65.95104638121701,63.921200250333655,64.19627380371094,10047700
2022-06-22,63.484869295639136,64.0919255845359,62.96317690517388,63.1054573059082,8219900
2022-06-23,63.02956535355294,64.37647810568743,62.89677225972967,64.1488265991211,8775800
2022-06-24,64.81281833025214,67.13670539100039,64.47134820684741,67.06082153320312,20132600
2022-06-27,65.79927544191841,67.20309038603708,65.39140882234032,66.7857437133789,8840600
2022-06-28,66.93750751959271,67.41177071789978,65.00251280209801,65.04994201660156,7252100
2022-06-29,65.47677168426398,66.48220728265973,65.23964010074185,65.64750671386719,8077900
2022-06-30,64.698979514981,66.63397407905939,64.698979514981,66.2735366821289,9888600
2022-07-01,66.25456780300749,67.32640726988691,66.21662587848519,67.2220687866211,7805600
2022-07-05,66.75728059688943,68.29389585892052,66.56757822528729,68.28440856933594,9040400
2022-07-06,68.59742098808896,68.99580029299692,67.63940740913108,67.97139739990234,6043700
2022-07-07,68.13265991210938,68.27494033377833,67.51611624266576,68.13265991210938,7814500
2022-07-08,67.99986583482445,68.5215510581028,67.65839572224677,68.17060089111328,4927300
2022-07-11,67.64655851624106,68.57074505620048,67.5512831270697,68.18963623046875,4543300
2022-07-12,68.2182318554686,68.54217696673032,66.76049702741015,67.08444213867188,7140800
2022-07-13,65.78867998932296,67.19877355921967,65.43615296232471,66.7223892211914,6454800
2022-07-14,65.89348041695197,66.2936414877316,65.00740532076985,66.1697769165039,4915500
2022-07-15,66.94152462482369,67.52271405888933,66.69380275070203,67.39884948730469,5134100
2022-07-18,67.88477845578923,68.3230512409021,66.83673420712373,66.8938980102539,4642300
2022-07-19,67.30356713426566,68.88516635398872,66.94151771641133,68.82799530029297,7160300
2022-07-20,69.12337940937758,69.64739788841632,68.75180015856952,69.16148376464844,5655700
2022-07-21,68.74226208616504,71.10512435462822,68.7232026417954,71.01937866210938,7005100
2022-07-22,71.28615773671059,71.73396021321618,70.75260956166498,71.36238098144531,6659800
2022-07-25,71.55291166832112,71.86732701249687,70.82880558541389,71.32424926757812,5721600
2022-07-26,71.26709075232262,71.7434750293594,70.22856924847787,70.53345489501953,7284400
2022-07-27,70.86692953704232,72.52475222098249,70.80976574416437,72.28656005859375,6677200
2022-07-28,72.0674134528582,73.62995331311637,71.75299808280636,73.40129089355469,5688100
2022-07-29,73.37271312767373,74.46839848949769,73.36318340618374,74.16350555419922,5926600
2022-08-01,73.53468777327461,74.13492943102185,73.07735560376608,73.78240966796875,5227500
2022-08-02,73.35364485529635,73.61089642122778,72.46756985862092,72.7438735961914,6403400
2022-08-03,73.09641242102406,74.08729269513847,72.69625133024168,73.71571350097656,6127800
2022-08-04,73.79191201418563,74.1730208400894,73.46797423704747,73.74427795410156,3656200
2022-08-05,72.66766336383135,73.74429661462315,72.41041902095385,73.6966552734375,4858100
2022-08-08,73.28697363903304,73.77288775764339,72.66767247124321,72.85823059082031,4733500
2022-08-09,72.6105024471519,73.27744490494106,72.25797540793269,73.14405059814453,4243700
2022-08-10,73.92532725455122,74.29691377182296,73.55374800632852,73.87769317626953,5258500
2022-08-11,74.2683134672202,74.31595480740822,73.43940939271286,73.51563262939453,5554600
2022-08-12,74.31595100569683,75.66888067687016,73.99201316994304,75.41163635253906,6692300
2022-08-15,75.11628352730729,75.66889113780412,74.79234564677033,75.37353515625,3733500
2022-08-16,75.17344824304996,75.89755445531397,75.12580690273798,75.76416015625,6185100
2022-08-17,75.26872007929565,76.00234870953568,75.22107874124667,75.50691223144531,5185100
2022-08-18,75.53549678046886,76.10715651190284,75.27825244549031,75.5736083984375,4120500
2022-08-19,75.29729815750377,75.39257355972438,74.73516819606914,74.94477844238281,4679000
2022-08-22,74.24925722205096,74.24925722205096,72.57238245222426,72.84868621826172,5757700
2022-08-23,72.64860943532697,73.37271564339284,72.64860943532697,72.80105590820312,4432300
2022-08-24,72.85823652221244,72.94398223121594,72.45807534209689,72.57240295410156,3876400
2022-08-25,72.73435901237744,73.2774441492421,72.39136896816821,73.25838470458984,3523400
2022-08-26,73.34412856368985,73.610902603322,71.04795279433932,71.12417602539062,4904100
2022-08-29,70.60968984438803,71.32426637855545,70.57157822361329,70.6859130859375,4295500
2022-08-30,70.9050262610903,71.14321837344471,69.99036942193493,70.63825225830078,5099100
2022-08-31,70.943160246633,71.60057301017223,70.54299911623899,70.6478042602539,8612900
2022-09-01,70.6191946346256,71.81015510443416,70.05705751297211,71.74346160888672,8139800
2022-09-02,72.16269581377598,73.14404636428235,70.96221254353121,71.15276336669922,11027700
2022-09-06,71.17182255440686,71.63868447455286,70.07614430965475,70.3429183959961,7090100
2022-09-07,70.2000003767962,71.14323938496388,69.95227847145217,70.97174072265625,5792600
2022-09-08,70.53345688831413,71.26709276634996,70.1332958288659,71.12417602539062,6897100
2022-09-09,71.12417839685773,72.4199442917445,70.9240978604624,72.32466888427734,7762400
2022-09-12,73.01066469087101,73.72524123374974,72.66766736876535,73.43941497802734,15628900
2022-09-13,72.46758427992269,75.65936520862645,72.20081020960616,72.44853210449219,29476500
2022-09-14,72.21033559238735,72.28655882762526,68.38020161573289,68.71367645263672,21601400
2022-09-15,68.12296066571248,68.68509069814658,66.45561547459366,66.92247009277344,12478100
2022-09-16,66.29364756642794,66.50325784245078,65.02646345705226,65.57907104492188,23412000
2022-09-19,64.97883533673347,65.86491069446392,64.70253875562537,65.80774688720703,8364000
2022-09-20,65.04551324139013,65.22654161294552,64.26424323069295,64.89307403564453,8624300
2022-09-21,65.46472699149757,65.62669590238895,63.58777176220561,63.5973014831543,6768200
2022-09-22,63.69258595897168,63.778338921631466,62.73028753939119,62.91131591796875,7190700
2022-09-23,62.263442865441306,62.34919584180812,60.85334540422404,61.5012321472168,9282500
2022-09-26,61.29160432743101,61.85373429894251,60.39599953859859,60.45316696166992,6897800
2022-09-27,61.12963576991622,61.35829819448609,59.10976375724806,59.4718132019043,9284800
2022-09-28,59.66237503128426,60.35789574678196,59.309851629626344,60.091121673583984,8549900
2022-09-29,59.34795969679241,59.643315650286056,57.909277009267555,58.499996185302734,8882100
2022-09-30,58.366598289348296,59.20503560969058,58.17604749181352,58.18557357788086,9794400
2022-10-03,58.109353012382,60.25308215945007,57.937854389854685,60.10063934326172,9661400
2022-10-04,60.786643524278645,62.72076649465642,60.786643524278645,62.587379455566406,9892600
2022-10-05,62.25389445030254,64.01652210802541,61.91090445496407,63.492496490478516,9201600
2022-10-06,63.19714024740146,63.654465084941826,62.1395665656494,62.215789794921875,6992000
2022-10-07,61.44404341278487,61.56790797981865,59.776702039800305,60.300724029541016,7137900
2022-10-10,60.60561492641954,60.88191870956868,59.090712614580724,59.6147346496582,6407200
2022-10-11,59.23166887858075,60.42875194931365,59.040138509829575,59.76796340942383,7376900
2022-10-12,59.969067027044,61.55879305406971,59.53811643018609,61.079959869384766,9008600
2022-10-13,59.83499227273466,62.92825410158597,59.633883218817196,62.439842224121094,10147100
2022-10-14,62.937829760927755,63.79015217469207,61.49175161693083,61.58751678466797,8044500
2022-10-17,63.09104615877239,64.7095043628469,63.08147475746078,64.18278503417969,11368300
2022-10-18,65.12130498502349,65.67675316343502,63.52200410143057,64.19236755371094,6688600
2022-10-19,63.675233957372626,64.34560479034475,62.995291721460006,63.493282318115234,5506000
2022-10-20,64.6711952819889,66.96001684345433,64.3455922913129,66.3183822631836,17600500
2022-10-21,68.02304382215522,69.70853874679806,67.33352283905519,69.62234497070312,15652600
2022-10-24,69.8426170407241,70.5704456150935,68.74129912173173,69.83303833007812,11489400
2022-10-25,70.34058300012711,70.97264623094938,69.53614685880454,70.04370880126953,9137700
2022-10-26,69.53616118194314,72.51450441151911,69.47870353327451,71.65260314941406,10693600
2022-10-27,71.58556751577478,72.6677279796837,71.39403714732876,71.96863555908203,7053000
2022-10-28,72.11227745058568,74.39152068185274,72.11227745058568,74.08506774902344,8758100
2022-10-31,73.26147871094015,75.01400995521198,73.16571353338526,74.7650146484375,12349000
2022-11-01,75.27257825159217,75.87591276509096,73.10825012244871,73.84565734863281,7753000
2022-11-02,73.40513169571318,74.15211032554988,71.83455936979628,71.93990325927734,7524300
2022-11-03,71.55683212409272,72.48576966927556,70.9151974116272,71.85370635986328,6761200
2022-11-04,72.72518853342626,73.42428091171314,71.09715127451636,72.78264617919922,7219000
2022-11-07,72.88799811196898,73.82650719311185,72.29424224992869,73.49132537841797,5394300
2022-11-08,73.69242980027451,73.87438876233436,71.8441332746835,72.4378890991211,9104200
2022-11-09,72.18887856532184,73.29977491117631,71.82496802430757,72.45703125,6013700
2022-11-10,74.41067634171407,75.14808356115056,73.46258865171049,73.90311431884766,10437300
2022-11-11,73.86480516321461,74.592633656866,73.3285143291634,74.44898223876953,7712900
2022-11-14,74.19999815122846,76.17278865738055,74.0563467255616,75.2055435180664,7153000
2022-11-15,75.5886092179544,77.26452541737125,74.70755788380052,75.8280258178711,7618500
2022-11-16,75.77057275971602,76.83358311222267,75.5215774349303,76.50797271728516,6011900
2022-11-17,75.81843914880227,76.21108583852543,74.879930267244,75.84716796875,5717300
2022-11-18,76.6133183214261,77.05384402500445,75.51200040927253,76.35475158691406,6107000
2022-11-21,76.20151662292932,76.70907865567557,75.55988187611483,76.44093322753906,5235400
2022-11-22,76.50797801249018,78.72976405575801,76.45052035910724,78.6435775756836,8796200
2022-11-23,78.64356553917865,79.40969425721853,78.31795517154038,79.06493377685547,6347900
2022-11-25,79.34266417460374,79.95557012004788,79.0457899122085,79.21817016601562,2754900
2022-11-28,78.63399429277021,78.66272311779134,77.6380202890172,77.94447326660156,5112200
2022-11-29,77.8870054472611,78.0498069720683,77.11129074089473,77.42732238769531,4928200
2022-11-30,77.06340657317004,79.65868131023447,76.61330225340507,79.51502990722656,9610300
2022-12-01,79.53419242435204,80.95153451533248,78.86382160280024,80.54931640625,6127200
2022-12-02,79.67782839980227,80.08005377425584,79.08408000595662,79.82147979736328,4798900
2022-12-05,78.9212929871306,78.93086439068854,76.04829373412545,76.06744384765625,9102900
2022-12-06,75.99083392112253,76.44093833690049,74.75544328199221,75.56946563720703,7656100
2022-12-07,75.33961003539572,76.07701721682484,75.25342357093525,75.44495391845703,5105500
2022-12-08,75.78014246920762,76.81442397388433,75.20554406874781,76.68035125732422,5918700
2022-12-09,76.27813134728152,76.95807362454889,76.17278745721327,76.47924041748047,6850800
2022-12-12,76.91018143855784,77.96362025784286,76.55584956881137,77.83911895751953,15807600
2022-12-13,81.3441803673655,81.95708623374429,76.32600354006958,77.14959716796875,22812200
2022-12-14,77.38903219665964,79.38098039039504,77.15919426858741,78.35627746582031,11183100
2022-12-15,77.36987226044202,77.59971015934293,76.09617414670579,76.68035125732422,8196800
2022-12-16,76.57498533989259,77.05381842028693,76.1153096743053,76.21107482910156,19200700
2022-12-19,76.53669954268031,77.66674622544666,76.30686164464403,77.09214782714844,7738800
2022-12-20,77.09213615311121,78.04022373205544,76.94848474868598,77.51351165771484,6390200
2022-12-21,77.90615327893957,78.66271054470467,77.51351388904946,78.0498046875,5932400
2022-12-22,77.51351189280538,77.73377104803335,76.06743374832308,77.08255767822266,8181400
2022-12-23,77.10171933808091,77.47520862742184,76.60372874801678,77.42732238769531,4129100
2022-12-27,77.4560463741813,78.02107328074513,77.19747969247507,77.55181884765625,4290700
2022-12-28,77.65716538546864,78.18388483153812,76.79527146486747,76.9293441772461,3794000
2022-12-29,77.54225130331405,78.33711618654931,77.28367727796524,77.95404815673828,3867800
2022-12-30,77.69547832350482,78.4616144244643,77.34114640460372,78.27965545654297,5375700
2023-01-03,78.97874410327024,80.29074231087932,78.77763504895968,80.17582702636719,8997500
2023-01-04,80.63551089609298,81.5644485069733,80.09922003060129,80.9036636352539,7836200
2023-01-05,81.40162913051505,81.7846970818237,79.69698441892571,80.74083709716797,7643800
2023-01-06,81.1526631262238,82.68492817751118,80.27161163503557,82.03372192382812,8641600
2023-01-09,83.47559527425149,84.19653837761238,82.82194723433092,83.07186889648438,7519700
2023-01-10,82.32208360864705,83.25450446525981,82.25479588362407,83.14876556396484,5703300
2023-01-11,83.98506167971763,85.22508460579787,83.71590344731064,85.16740417480469,8359700
2023-01-12,85.26352886089026,85.74415756322631,84.75406360982397,85.3404312133789,6071100
2023-01-13,84.54259167396403,86.00370713739002,84.26383346102008,85.7441635131836,5090800
2023-01-17,85.73454985439734,85.97486420440175,85.00399217691655,85.16740417480469,6550400
2023-01-18,85.16740768814154,85.19624423792173,83.24489280879834,83.35063171386719,6397700
2023-01-19,83.05263587158433,83.61977418351735,81.95680308767007,82.61045837402344,5597000
2023-01-20,82.69696251731793,83.99465837686611,82.18749733299103,83.86969757080078,5567300
2023-01-23,83.8120193522139,85.67685337188018,83.60054159042036,85.52305603027344,7390200
2023-01-24,85.59997341533676,86.60928927339779,84.59065022346387,86.22478485107422,7004600
2023-01-25,85.26352993917374,86.37859206292472,84.34072369907571,86.1671142578125,5896800
2023-01-26,86.40741979640738,86.98417272089962,85.63841100787685,86.34974670410156,7302800
2023-01-27,86.032540710181,86.24401851997352,85.51346081354812,85.54229736328125,5676800
2023-01-30,85.04244653982572,85.18663662199408,83.61978230760985,83.96583557128906,6255300
2023-01-31,84.29266430866441,85.05205853972947,83.965832976927,85.03282928466797,6200400
2023-02-01,84.94631327606456,87.1379788249568,84.79250858234018,86.56122589111328,6141300
2023-02-02,87.14759080394548,87.68589254800258,85.50383435840742,85.91717529296875,8269200
2023-02-03,85.04244827226086,86.76309999788117,84.8501923808491,86.14789581298828,5671800
2023-02-06,86.04215606865074,86.13828034651479,84.97515971659158,85.1001205444336,4097200
2023-02-07,84.46568164369343,84.60986437173413,82.95650797510746,84.34071350097656,9226000
2023-02-08,83.56211301072291,84.51375586223868,83.15838662932987,83.33141326904297,7624400
2023-02-09,83.76395988167388,84.49451747744038,82.98534382156912,83.2929458618164,4960300
2023-02-10,83.17759424349012,83.9946614939862,82.9949530069304,83.76396179199219,5318400
2023-02-13,83.89854481856412,85.9844716194321,83.82164246633928,85.95563507080078,5560900
2023-02-14,85.55191045733208,85.94602952011815,84.31188750435375,85.63842010498047,7484800
2023-02-15,85.40770847977848,85.75376168978954,84.61947779782238,84.91746520996094,4329900
2023-02-16,84.07158130779395,84.85019754743806,83.63901835995007,84.3215103149414,5942500
2023-02-17,83.82162671496067,84.04271910260742,83.15836421964161,83.89852905273438,6398400
2023-02-21,83.39869119244847,83.57171781181542,82.81232361202778,82.86038208007812,5260300
2023-02-22,83.3217994375204,83.80242818200682,82.64892212876444,82.97574615478516,5840100
2023-02-23,83.77356477979686,86.01329577134415,83.68704781993698,85.14816284179688,8637100
2023-02-24,83.92737156078992,85.44615983761541,83.76395958176481,85.2250747680664,7659200
2023-02-27,85.41732573968962,85.52306463122042,83.97543976479116,84.55219268798828,6748800
2023-02-28,84.30226592965111,84.6002606925561,83.80241533886739,84.0138931274414,7468000
2023-03-01,83.53328143674693,83.83126892641349,82.65853355779764,82.9949722290039,5119800
2023-03-02,82.72580768485577,83.89854286057387,82.54317376984898,83.60055541992188,5293600
2023-03-03,83.93697910582912,85.83065697892259,83.70627942938535,85.79220581054688,5498500
2023-03-06,85.94602763129346,87.15720667462563,85.69609865389282,86.26323699951172,7424800
2023-03-07,86.1094417732669,86.59007048510632,84.63871908844818,84.93670654296875,5382400
2023-03-08,84.97515874704919,85.63842139041206,84.73484438822486,85.0616683959961,5159200
2023-03-09,84.90786759712405,86.167112439781,83.17760134981442,83.50443267822266,10572300
2023-03-10,81.13972800715536,81.94718057706973,79.6689982539928,80.81289672851562,16029300
2023-03-13,80.09196247505862,82.21634034822002,78.8615542348395,81.63958740234375,10299800
2023-03-14,82.60083000988107,82.60083000988107,80.19768705292398,81.28390502929688,8732200
2023-03-15,79.86127626246444,80.14004182241703,78.93846992631765,79.76515197753906,11463000
2023-03-16,79.70748348907722,81.81264011346319,78.9000305740773,81.53387451171875,10148100
2023-03-17,81.70686580167387,82.64890112838167,81.33197606293575,81.95679473876953,13065800
2023-03-20,81.97602966211846,84.11963688481218,81.94719311361156,83.5909423828125,9177300
2023-03-21,84.10041081280319,84.44646407560666,83.3025727166067,84.18692779541016,6683700
2023-03-22,84.14846126566374,85.70570066417106,84.05233700660274,84.49451446533203,7233700
2023-03-23,85.21546215078294,86.16710483591906,84.24459021247809,84.37916564941406,10747100
2023-03-24,84.57142132765621,85.05204998246856,84.11962921872282,84.60025787353516,5852100
2023-03-27,85.18662767328729,86.99378882303004,85.11933995318547,86.64773559570312,8170100
2023-03-28,86.72464830435425,87.3590744077129,86.01331984488777,86.36898040771484,6378900
2023-03-29,86.63811713508836,87.14758966052786,86.33051509483288,87.10913848876953,5233600
2023-03-30,87.33024199698082,87.64745873060203,86.23440903884634,87.00341796875,5640700
2023-03-31,87.05145486920685,89.39692492370195,86.90727214766892,89.32002258300781,10476300
2023-04-03,88.80096596314615,90.35820576652915,88.5222004057238,90.28130340576172,8410900
2023-04-04,90.21399475490189,90.37740673328146,89.32963981257723,90.35818481445312,6651500
2023-04-05,89.9929284490741,91.42520004926244,89.85835298778458,91.2137222290039,7478800
2023-04-06,90.67540833717479,92.35760871361764,90.34857702188384,92.20380401611328,9146200
2023-04-10,91.3929871072672,91.80805905720787,90.30222005952746,90.50492858886719,8681500
2023-04-11,90.21533005027304,90.86206776198486,89.96435445896572,90.70762634277344,8196000
2023-04-12,91.10337672849323,92.01074480475195,90.35045741607532,90.64004516601562,8040300
2023-04-13,90.91033276370204,92.42582643786736,90.67866695793472,92.23277282714844,6240200
2023-04-14,92.18449093380649,92.6574773592541,91.39295947377248,92.38719940185547,6485100
2023-04-17,92.31962174821223,92.65746916508296,92.00107674179638,92.27135467529297,4772400
2023-04-18,92.66713506471896,93.38144216877662,92.44511681323664,93.12081909179688,7219400
2023-04-19,92.27138597998984,93.12083961862422,92.27138597998984,92.48374938964844,4766200
2023-04-20,92.66713683624148,92.81193071045259,91.31573961780849,91.53775787353516,5815500
2023-04-21,91.71153303736801,92.0011134970093,90.98757084147836,91.84667205810547,7335800
2023-04-24,92.03004512719936,92.74435959695143,91.67289525684556,92.12657928466797,4901700
2023-04-25,91.83700178385082,92.37755777625628,90.75588243451685,90.79449462890625,5768800
2023-04-26,90.49523907783896,91.51843622436553,90.0994696973016,90.45662689208984,6395500
2023-04-27,91.03579611639853,91.78871533685545,90.0512111429983,91.7404556274414,5615700
2023-04-28,90.99719035791045,92.08796444392205,90.96823305731228,91.43157196044922,8498500
2023-05-01,91.50879312266798,92.406506232275,91.41225897137035,91.57636260986328,5459800
2023-05-02,91.63430370271509,91.933539037593,90.59179642926932,91.50881958007812,5995100
2023-05-03,91.76941954139438,92.10726698973318,91.25782092469248,91.48948669433594,6744800
2023-05-04,91.68254459753972,91.81768357239146,91.13233381006567,91.67288970947266,5038200
2023-05-05,91.70186164462585,93.93166245007413,91.53776534390518,93.60346984863281,8068600
2023-05-08,93.70965855035942,93.9027121698217,93.09187813065192,93.42972564697266,5314800
2023-05-09,92.86020648400797,93.52625400184652,92.76367967268212,92.80229187011719,6333500
2023-05-10,93.429716625417,94.28881766875946,92.91811795517069,94.13436889648438,5935300
2023-05-11,94.15367095753733,94.2405428614291,92.99532735399158,94.05714416503906,5144500
2023-05-12,94.22124558941326,94.52048087184069,93.56485305428149,94.45291137695312,4994700
2023-05-15,94.47222301521604,94.55909492555787,93.68069147472522,93.8833999633789,4443700
2023-05-16,93.79651275235904,95.4181878889008,93.55519209135295,94.83901977539062,6896500
2023-05-17,95.35062371705611,96.91438433883003,95.01277624570689,96.3062515258789,9436000
2023-05-18,96.3062567086121,98.90286966226068,96.2676518793997,98.78703308105469,10005700
2023-05-19,98.83529431320954,99.49168683880531,98.38161026933155,99.26966857910156,8560300
2023-05-22,98.92216591629885,99.5206364260636,98.19820395292129,98.23680877685547,5890500
2023-05-23,97.5611372067885,97.90863962142276,95.05140327350385,95.11897277832031,10047300
2023-05-24,94.54943607796996,95.44714926986697,93.91235333523275,94.9065933227539,6815900
2023-05-25,95.75604160271465,101.02649166449191,95.34096974406252,100.6693344116211,16729600
2023-05-26,100.72724447771823,102.54198059865189,100.41835431993498,100.46662139892578,13994100
2023-05-30,101.25815290582662,102.30065995021909,100.57280309826925,101.49947357177734,10296700
2023-05-31,100.84309518003829,102.79296319343825,100.53420497896929,102.2620620727539,13713500
2023-06-01,101.23884598752709,102.90878828345708,101.14231919132521,102.31031036376953,7835900
2023-06-02,102.82191638128297,103.0632370713451,102.07865189628173,102.21379089355469,8652400
2023-06-05,102.21378696891037,103.8644195418142,101.86628459940191,103.21768188476562,7442000
2023-06-06,103.10185725522499,103.75824987764109,102.46477441364313,103.38179016113281,7023000
2023-06-07,103.42038432230969,104.60768524275467,101.2002312430643,101.59600067138672,9842500
2023-06-08,102.00142935582919,104.04783149585687,101.69253916153474,103.74859619140625,9526700
2023-06-09,103.96094142947976,106.32588840826243,103.68101593376146,106.03630065917969,12597100
2023-06-12,110.37042601311104,113.43037792523873,110.37042601311104,112.38787078857422,39081500
2023-06-13,119.03865717261053,119.68539478643413,111.99209081851022,112.62918090820312,39190900
2023-06-14,112.45543786404902,118.2567891240805,111.72182092836309,118.02511596679688,26264200
2023-06-15,117.7162331951291,123.11216781621744,117.43630766704631,122.15653991699219,27476700
2023-06-16,122.72602993097067,122.97700547058307,120.80511960720177,121.10435485839844,19514700
2023-06-20,120.12943582358024,120.90166497280856,117.7258838275046,117.80310821533203,16273000
2023-06-21,117.71622144299745,119.07727357483759,116.18142549639217,117.86101531982422,17583000
2023-06-22,117.38803121392303,118.33400414769896,115.90149495346678,116.39379119873047,12203400
2023-06-23,115.43815668835997,115.73739933875761,114.03849969333929,114.5211410522461,19734300
2023-06-26,113.89368372734707,115.28369292810571,112.64846837908767,112.72569274902344,8987000
2023-06-27,112.52300321698658,114.34738691740927,112.22376793883421,113.74890899658203,6970400
2023-06-28,112.725718576132,114.50184266898414,112.34925889209433,112.4843978881836,9240500
2023-06-29,111.63494478037468,113.71030404066404,110.65035231059902,113.69099426269531,9234300
2023-06-30,115.67949037906646,117.50388169629669,114.89761364634174,114.95552825927734,13703100
2023-07-03,113.91302188514136,114.14468768815021,112.7739879206068,113.08287811279297,4284700
2023-07-05,112.47473716972227,112.94773099604528,111.40328014611956,111.9341812133789,8466500
2023-07-06,110.68895998192134,111.78938161648263,110.66000268067323,111.44187927246094,7982800
2023-07-07,110.85305336056818,111.95348233081621,110.51520591398949,110.63104248046875,7001600
2023-07-10,110.31250030730064,111.03646229639949,109.71402977627311,110.40902709960938,6931000
2023-07-11,110.62214193315134,111.39708110568579,109.87626907664026,111.28083801269531,6117100
2023-07-12,112.04609108187212,114.39027141858806,112.0170321555243,112.38512420654297,11011600
2023-07-13,113.42159519894744,114.86491918199872,113.10193963545515,113.77031707763672,9359600
2023-07-14,114.47745523776034,116.2113759447639,113.99312009246441,115.5333023071289,7723800
2023-07-17,115.12645158501074,116.21136486759299,114.54525094412875,115.16519927978516,6735900
2023-07-18,115.0586684764988,117.49003324022854,114.11905700973952,116.98632049560547,8903600
2023-07-19,117.03473865426591,117.55782147318197,114.70992858920589,114.97147369384766,7609000
2023-07-20,113.80907149319177,115.32020218684767,111.61988193595859,112.24951171875,12913000
2023-07-21,112.84039686988376,115.53329901862023,112.56917037869701,113.96405792236328,9159600
2023-07-24,114.24499377756828,114.82619456206521,113.07290343489495,114.37091827392578,6200400
2023-07-25,114.28373550897244,114.79712963161876,113.15038553951275,114.25466918945312,6266300
2023-07-26,113.74126146777,113.93499995622577,111.3970811852129,111.88141632080078,8160000
2023-07-27,113.86720728974835,113.91563637502256,112.01704329764851,112.75323486328125,7843000
2023-07-28,113.02444870169347,113.62502693654682,112.0267194945546,112.35606384277344,6910400
2023-07-31,112.78227369957736,113.56689421069873,112.20107304725161,113.55721282958984,6703100
2023-08-01,113.25692300388756,114.34183633625432,112.83071312254533,114.21591186523438,5246000
2023-08-02,113.2569367456288,113.31506199269371,110.73839528707722,112.08484649658203,6387800
2023-08-03,111.62955909699336,112.53042273766755,110.68026637736449,110.961181640625,5193800
2023-08-04,111.72641916933878,112.75321462377862,110.68026095270723,110.85462188720703,5579300
2023-08-07,111.85236395011938,112.73385010555675,111.46489434086828,112.4626235961914,7347000
2023-08-08,111.4358233395894,111.98796507107889,110.64151405235246,111.619873046875,4694800
2023-08-09,111.72642952310126,112.08484019677813,108.81073722372108,109.55661010742188,6542400
2023-08-10,110.2152930617339,111.4842486460157,108.95602624865715,109.45004272460938,6004100
2023-08-11,108.86883792486486,109.92469223482365,107.64831146255318,109.5178451538086,5288900
2023-08-14,109.63411242309091,112.18171282754558,109.60505349454239,111.94923400878906,6494200
2023-08-15,111.83296895936853,114.3611987121353,111.24207956027027,113.61532592773438,10412200
2023-08-16,113.48941215352427,114.11904191547048,111.6586185477488,111.72642517089844,5722000
2023-08-17,112.11389503654115,113.12131300468887,110.7771327238053,111.28083801269531,6183900
2023-08-18,110.91274746317389,113.32473439983863,110.37997585109014,112.81134033203125,9412800
2023-08-21,113.23756394828307,113.67346264407415,111.58113855776148,112.93727111816406,5811200
2023-08-22,113.82845111239145,113.99312329272682,112.10421912919041,112.88883972167969,4960300
2023-08-23,113.43128029002973,116.67632402052287,108.59761800388563,114.1480941772461,16517300
2023-08-24,115.93046084858533,115.97889731933513,108.88823107711775,109.37256622314453,11995900
2023-08-25,109.3725757571062,112.51106570763761,109.2078961764225,112.42388153076172,8758100
2023-08-28,112.72415169374598,114.02216618971867,112.07513705539263,113.1794204711914,4514800
2023-08-29,117.16066806253103,117.41252440603704,114.81648774556034,116.87007141113281,11920500
2023-08-30,116.9378707030598,117.92591108044839,116.38572897061997,117.3253402709961,5601800
2023-08-31,117.20910694574657,118.15840709673847,116.35667973758268,116.61821746826172,9109800
2023-09-01,117.2187994166737,117.87749554070106,116.32761709096506,117.14130401611328,6189900
2023-09-05,118.60400326410092,120.38635320949192,117.38347652040237,120.09575653076172,11089600
2023-09-06,119.20456092604216,120.67694387337761,118.88490535398424,120.43477630615234,8728500
2023-09-07,119.95044781668618,122.01371294321324,118.74929129564285,121.17096710205078,11864400
2023-09-08,120.8900587542485,122.7208450657307,120.45415267652491,122.36243438720703,10595500
2023-09-11,123.04049691162197,123.42796650546748,120.81255968015392,122.7402114868164,22155600
2023-09-12,108.56857365210641,109.75035265122904,103.93833060206319,106.17595672607422,68605700
2023-09-13,104.9263662651518,109.40162569738605,104.81012316899076,108.3360824584961,27171000
2023-09-14,109.94408451430307,111.53270329402918,108.44264251853313,110.09907531738281,19849700
2023-09-15,110.61246643690723,111.59081814108707,108.97541122776786,110.34123992919922,23215000
2023-09-18,109.86660178315543,110.88370872215167,108.08425168439794,108.69451141357422,11744100
2023-09-19,108.9560306136655,110.17654978118564,108.21015039870251,109.2369384765625,9536100
2023-09-20,109.27569891174679,111.10648526682435,108.93666577013394,109.33382415771484,8777100
2023-09-21,108.01643060422856,108.97541216195064,105.90472898849781,106.00159454345703,12645800
2023-09-22,106.54403537791838,107.13492480306725,105.11040759160463,105.6141128540039,11150000
2023-09-25,105.05229231507954,105.24603081158014,104.13205847539764,104.90699768066406,8410000
2023-09-26,103.78333606141436,104.03519241044194,101.04199731995509,101.5941390991211,13209000
2023-09-27,101.71036953702878,101.9815960066688,100.11206225194492,101.34227752685547,8916400
2023-09-28,100.77077233751227,103.26025476751829,100.03458082405677,102.82435607910156,7373600
2023-09-29,103.75426716020445,104.00612348501969,102.07846443907188,102.60154724121094,7299100
2023-10-02,102.49499372386485,103.38617594390549,101.99128846068301,103.3667984008789,5963500
2023-10-03,103.08588974977822,103.16338514611145,100.29612199509182,101.24541473388672,8783300
2023-10-04,101.67164346424757,103.9383360246702,101.22605597074212,103.72522735595703,8842700
2023-10-05,103.61865914624063,105.04260561435673,102.86309752406497,104.9554214477539,7651500
2023-10-06,104.54857713737698,107.06711823123516,104.20954403845964,106.51497650146484,8247000
2023-10-09,107.28023702575882,107.4933456768016,106.0403402091841,106.86370849609375,6012400
2023-10-10,106.75716234137927,107.58053069130655,106.18565036108488,106.2728271484375,6910400
2023-10-11,106.46727315989736,107.00198699175904,105.80616662325515,106.59365844726562,5641700
2023-10-12,106.8950337906203,107.8380835054176,105.8547640615722,106.07837677001953,6598500
2023-10-13,106.15614818106245,106.4672566549347,104.79504582634213,105.24226379394531,5879400
2023-10-16,105.92281314778226,106.54503010660082,105.30059618896371,105.68948364257812,5488000
2023-10-17,104.59087453210827,106.7394684438573,103.92976814253852,106.01030731201172,5261800
2023-10-18,105.38809751363162,106.68114512148647,104.86310057320759,105.24226379394531,5123900
2023-10-19,105.61169324898488,107.15751867016986,105.18392377193223,105.32975006103516,7989200
2023-10-20,104.01727229510809,104.0658860081105,97.86315748393744,99.02008819580078,21831400
2023-10-23,99.2048171119215,101.78118828364232,99.17565184940655,100.7798080444336,10722600
2023-10-24,101.061749468786,101.55758121129132,99.65204064131274,100.33258819580078,6174000
2023-10-25,99.84647272740021,100.78952241879688,98.20343450032006,98.61176300048828,7081700
2023-10-26,98.8645325233196,99.54507996548915,97.09510175626797,97.6103744506836,7565600
2023-10-27,98.19369944506144,99.25341006683422,97.79508779784815,98.18397521972656,5207900
2023-10-30,98.32981377402149,99.56453084300416,98.0187053046751,98.82564544677734,5433700
2023-10-31,99.17564518206817,100.64368435764666,98.29092605239677,100.52702331542969,6258400
2023-11-01,100.91591327385449,103.24922318517145,100.91591327385449,102.81172943115234,8602400
2023-11-02,103.4922683716207,104.2408779638931,102.63672196929151,103.90060424804688,5918300
2023-11-03,104.19227476824231,106.0394846630524,103.65756099435745,105.0478286743164,7280000
2023-11-06,105.05754807685693,106.17559678427034,104.45477953805492,106.07837677001953,6062800
2023-11-07,106.9339230440355,107.31308629096583,105.56310378607468,105.96170806884766,7412600
2023-11-08,106.19505061168434,109.43252101280072,106.15616112053364,109.20891571044922,10994900
2023-11-09,109.27696067805543,110.16167241590422,108.50890998579781,109.06307220458984,6853900
2023-11-10,108.97556324320037,110.03528132824835,108.05196206650002,109.92833709716797,5233900
2023-11-13,109.92833864545042,111.30888202577277,109.64639543385033,110.97833251953125,5740500
2023-11-14,111.66860868755633,113.22415110926875,111.26999700149274,112.87415313720703,6733700
2023-11-15,112.92277179522398,113.07832233549989,110.76445334548445,110.89083862304688,7386200
2023-11-16,110.59917496985622,112.65054911110595,110.3172317438055,111.48388671875,7476100
2023-11-17,111.42555528396925,112.42693548913259,110.98806152629581,112.15471649169922,4791300
2023-11-20,112.43666172315179,113.89498416465204,112.30055222200468,113.67137145996094,5728300
2023-11-21,113.95329825841301,114.40051618590171,112.4658107693416,112.85469818115234,5995300
2023-11-22,113.45747951394608,114.03109018045785,112.3005487895571,113.01026153564453,4343700
2023-11-24,113.25332617216382,113.35054619117008,112.13527741006185,113.0199966430664,2168200
2023-11-27,112.7866534926135,113.52553148175565,112.24220810059006,113.23387145996094,5165300
2023-11-28,112.77693202901139,113.55470694100356,112.65054675821246,113.01026153564453,4892600
2023-11-29,114.07970224740333,114.31303918325132,112.73804824462985,112.9811019897461,6127200
2023-11-30,113.61304321053066,113.9727654235709,111.97972174665303,112.9811019897461,11075600
2023-12-01,112.84499069337699,114.08942466181897,112.05749894528107,113.90470886230469,5739800
2023-12-04,113.03942491855048,113.4380365941113,111.36722149515157,112.56304168701172,5587500
2023-12-05,111.38666780885018,112.06721531473084,110.64778236145723,111.3477783203125,5913600
2023-12-06,111.7463931339615,111.79499943293173,108.82002394216737,108.91724395751953,7815700
2023-12-07,109.2866839991838,109.88945250950941,108.70334910641395,109.73390197753906,6772800
2023-12-08,108.89779622089013,110.48250388411681,108.48946031367734,110.45333862304688,7766000
2023-12-11,110.6088860785724,112.1449874031013,110.45333555138814,111.93109893798828,19544200
2023-12-12,99.84647310181666,102.03395675473543,97.89232637907882,98.00898742675781,57666500
2023-12-13,98.27149122781253,100.23536220914768,96.50206027406684,100.12841796875,29392200
2023-12-14,99.03954094015172,99.40897995578283,97.09511101436625,97.52288055419922,22865200
2023-12-15,96.9201116366624,101.10063150993193,96.59927892001238,100.44924926757812,30212300
2023-12-18,100.53675467860884,103.21034587457821,100.0506471884326,102.08257293701172,13473100
2023-12-19,102.06313414457803,103.3853397229029,101.88813514757135,103.29784393310547,10108500
2023-12-20,103.00616211848015,103.14227160637054,101.15895980642156,101.25617980957031,9242000
2023-12-21,101.79089780175508,102.98672540109433,101.61589882178863,102.91867065429688,8168000
2023-12-22,102.76310674703689,103.53115736914188,102.52977725975519,103.24921417236328,5680000
2023-12-26,103.56032723086818,103.68671991421371,102.41311335941073,103.239501953125,5767400
2023-12-27,103.36589899241739,103.3756232193387,102.62701351204576,102.9964599609375,5627400
2023-12-28,103.06451440956718,103.64784192711882,102.64646166212967,103.29784393310547,5689100
2023-12-29,103.63811535646488,103.9492238532842,101.86868439004029,102.50062561035156,6899700
2024-01-02,101.61590390260315,101.7714618558673,99.59370243204951,101.16868591308594,9597500
2024-01-03,100.42980834442939,100.50757990400398,98.91314796284662,99.61314392089844,9455600
2024-01-04,99.91452382318197,100.488134481649,99.55480905079479,99.7395248413086,6822300
2024-01-05,99.68120105142724,100.83813925513137,99.44787153230942,99.87564849853516,6133800
2024-01-08,100.07980335907989,101.85895097426139,99.2923042526966,101.75201416015625,7038700
2024-01-09,100.96451407130247,101.57701419446389,100.42007611063536,100.75062561035156,6725200
2024-01-10,100.61398251659138,101.57044816916098,100.25287393598855,101.4240493774414,7270500
2024-01-11,101.84374373238477,102.32197293791309,101.05320051257114,102.25365447998047,6119000
2024-01-12,102.57571499215857,104.13728482900063,102.44884000253002,104.03968811035156,9703800
2024-01-16,103.85425323855486,104.09824875040619,102.88802565039407,104.01040649414062,7547200
2024-01-17,103.90305756964511,104.91807988720853,103.14179269301074,103.873779296875,7771500
2024-01-18,104.42031269183244,106.26491808668209,104.05920411530583,106.08924102783203,10362300
2024-01-19,106.6943498734901,107.57273514568969,106.40155230070636,107.03594207763672,11163800
2024-01-22,107.41658726396945,108.0314607509085,106.64556051343567,107.45562744140625,7485300
2024-01-23,107.6410602489032,109.97365673235984,106.92859008231235,109.14407348632812,9185900
2024-01-24,110.69588309589626,112.64784720950891,110.60804828493674,111.56450653076172,11702700
2024-01-25,112.13058692606815,113.3896047741114,111.60355567948123,112.23794555664062,8877200
2024-01-26,111.88658905029297,112.70641789876326,111.52547298718488,111.88658905029297,5541800
2024-01-29,111.447409402751,111.8377963244342,110.29575011301786,111.01797485351562,7014400
2024-01-30,110.63732509489621,111.65234731411523,109.92485492652492,111.4181137084961,8231900
2024-01-31,111.07651946427968,111.52547033288569,108.98791838390927,109.01719665527344,7386700
2024-02-01,110.1981499951333,112.99921404748763,109.84679581949639,112.75521850585938,7882200
2024-02-02,113.03824280922761,113.69214900766082,112.39409851639628,113.00896453857422,6499400
2024-02-05,112.75520592121198,113.91662695250479,112.01345747252608,113.59455108642578,8084500
2024-02-06,113.93614798771205,114.14110333466762,112.21842485718376,112.5307388305664,4637500
2024-02-07,113.0187350520346,114.76573653406344,112.53074398090519,114.45342254638672,7672900
2024-02-08,114.2777351349087,114.96092704043706,113.18463999990675,113.8775863647461,4472800
2024-02-09,114.24846508745237,114.52173889087113,112.95041452121323,113.83855438232422,5787100
2024-02-12,113.46767262731824,114.2874939564477,112.6088036773899,113.05775451660156,5439600
2024-02-13,111.05700462333773,111.46691532036796,110.28597786683659,110.94964599609375,8171700
2024-02-14,111.5742730958195,111.96466742407611,110.80324634520461,111.51571655273438,5946100
2024-02-15,111.50596886140858,111.56452541195839,109.8663184306332,110.07127380371094,8455600
2024-02-16,110.30550242144056,110.39334468941254,108.57801724362464,108.6365737915039,8936000
2024-02-20,107.88506717465266,108.10953889810051,105.0937576449638,105.84526062011719,10975600
2024-02-21,104.19584894063314,105.77693514461842,103.95185342064507,105.56222534179688,7865300
2024-02-22,108.81224777956456,109.20264212865516,107.0262061047811,108.34378051757812,8957800
2024-02-23,109.30999440488335,110.64709255277225,109.02695870440384,109.26119232177734,7504500
2024-02-26,109.3099936335773,109.8370248535632,108.26569309938833,108.30473327636719,6342900
2024-02-27,107.96313875228755,108.83176219477824,107.15307185095058,108.70487976074219,6593100
2024-02-28,108.58777757195426,109.32951865482032,108.43161685167532,108.99768829345703,5278300
2024-02-29,108.99768829345703,109.73943682247607,107.98266595010281,108.99768829345703,12193900
2024-03-01,108.99769528460031,111.2034172000217,108.84153455430517,111.04725646972656,7605100
2024-03-04,110.85204364747693,111.84754206775044,110.66660467416874,111.32051086425781,6588100
2024-03-05,110.1103030032458,110.48117352999137,107.71914977635609,108.27545928955078,8242000
2024-03-06,108.82199868396847,110.33477384144413,108.0119317945808,109.57350158691406,6706400
2024-03-07,111.20339845844639,112.04274362694076,109.59302656790939,111.78898620605469,7670100
2024-03-08,111.33028167757668,111.58403911722559,108.86104807104914,109.71990966796875,8312900
2024-03-11,108.92936052737859,111.99394366240493,108.50968793519843,111.38883209228516,20438300
2024-03-12,123.22749738534364,126.26279475145503,121.6073635862682,124.47675323486328,48536100
2024-03-13,124.92570305522857,125.70649167778461,121.83184172757794,122.50526428222656,15870300
2024-03-14,124.17421165170872,124.730521176813,121.93921164491353,122.5150375366211,10965900
2024-03-15,121.06081482242784,122.98350065940967,120.59234016039157,122.52478790283203,17844900
2024-03-18,124.14491171977636,125.85288027891092,123.83259776680927,124.73050689697266,12231400
2024-03-19,124.68170355890372,126.1066438664763,123.45196412381117,126.08712005615234,10221000
2024-03-20,126.85812713153375,127.55108085466519,125.18920637039714,126.13591003417969,8373300
2024-03-21,127.38519584146317,129.5811557040217,125.85289670017104,125.91145324707031,17842400
2024-03-22,125.91144076514969,126.10664909187035,124.48651529083729,124.72074890136719,6660000
2024-03-25,124.60363446109122,124.60363446109122,123.02254820507305,123.05182647705078,7446100
2024-03-26,123.70573076592677,123.89116974708236,122.81758348371052,123.43245697021484,7063900
2024-03-27,124.27180446499601,124.75003361632696,121.48049502096602,122.26127624511719,8115900
2024-03-28,122.37839188280964,123.13965671051157,122.19295290564808,122.59310913085938,6587400
2024-04-01,122.52479647374288,123.23725925286624,121.56833071799808,122.46623992919922,4133600
2024-04-02,121.51953742876586,121.9294481374278,120.46547493836134,121.3536148071289,4862400
2024-04-03,121.2755444309943,123.37390754942216,121.08034353267956,123.2079849243164,7430000
2024-04-04,124.53532498422112,124.91595743966246,121.0510688909213,121.20722961425781,7588300
2024-04-05,121.43169467444197,122.97374822497466,121.15842086977091,121.9001693725586,4899500
2024-04-08,121.99776265778536,122.11488319055174,120.78754693714284,121.36337280273438,6119200
2024-04-09,121.75502420153833,122.1466783717165,118.70992404692147,120.65840148925781,5564100
2024-04-10,118.81762015141138,120.5115211345963,118.78824739814957,119.20927429199219,4509900
2024-04-11,119.17991308822594,121.23608818780842,118.82742507456241,120.6681900024414,7315200
2024-04-12,119.19949955662818,119.29741123956578,117.90704591937725,118.58264923095703,6196900
2024-04-15,119.63031716370902,119.91426626679994,116.94749826821138,117.37831115722656,5101500
2024-04-16,117.58392865172942,118.90576249464624,117.25102744134136,118.10287475585938,7000000
2024-04-17,118.45536483738007,118.51411035312954,116.13481985290288,116.19356536865234,5366600
2024-04-18,116.28168261838437,116.28168261838437,113.28553454091889,113.57927703857422,6662400
2024-04-19,113.6967717720997,114.33320137900492,112.07140962046768,112.4826431274414,8251500
2024-04-22,113.60864344977927,113.91217186893894,111.95390858108222,112.13994598388672,7125500
2024-04-23,112.76659526772136,113.44219852621632,112.35536174958615,112.68826293945312,5494800
2024-04-24,112.97221059723226,113.31491266152366,111.50351307660696,112.93304443359375,5791800
2024-04-25,111.25873879465256,112.59035858102126,110.42647829571774,112.49244689941406,6796600
2024-04-26,114.59757985343072,116.72229393837839,113.72615320162855,114.76403045654297,8355100
2024-04-29,114.54861737170829,114.8619392220443,112.88409644245735,114.05905151367188,4994100
2024-04-30,112.68827663342172,113.10930361129948,111.31749807305962,111.3762435913086,6234700
2024-05-01,111.53289309963236,114.32341688972156,111.27831677153489,112.23786163330078,5583600
2024-05-02,112.82534385114853,113.39323453350217,111.87558495091781,112.56097412109375,5001000
2024-05-03,113.55969737320345,113.78489347995027,112.6686839442797,113.38345336914062,4485000
2024-05-06,113.90239585424251,115.89003206935152,113.75552460082147,115.87044525146484,6052400
2024-05-07,115.5375406902658,116.64395682286467,114.84235807914452,115.46900177001953,6437700
2024-05-08,115.25358366468362,115.51795338898857,114.6661061787126,114.94026184082031,4636000
2024-05-09,114.94026611068762,115.27317476288658,114.06883952225233,114.20591735839844,3236200
2024-05-10,114.7052846781758,115.175263729431,113.49116341388718,114.23529815673828,4122500
2024-05-13,114.68568587357296,114.74443885147598,113.77509315298273,113.9415512084961,4140000
2024-05-14,114.068847851622,119.99259787404957,113.70656641810658,118.34765625,17811200
2024-05-15,117.66225782084908,119.54218894352744,117.17269195743187,119.09178924560547,6604600
2024-05-16,119.39532286124236,119.8946746537798,118.68055342753861,119.61073303222656,5159300
2024-05-17,120.60944578699959,121.00109996974585,119.53240238708399,120.92276763916016,6179400
2024-05-20,121.21650212400635,122.0781352928962,120.6681833163658,121.92147064208984,5989000
2024-05-21,121.86274707405681,122.74396721804867,121.33401498766169,122.0291976928711,5549500
2024-05-22,122.0291820211337,122.54812810108155,120.72694252744722,121.99980926513672,5705000
2024-05-23,123.90912849183196,124.05599228119806,120.58987238887175,121.50045776367188,6108600
2024-05-24,120.84442928934973,120.93255502441467,118.88616594334108,120.34507751464844,7173400
2024-05-28,120.66819045885092,122.21522036131645,120.4429943477143,121.89210510253906,6911400
2024-05-29,120.42340422466657,121.3339969933834,120.207994058061,121.15775299072266,4735100
2024-05-30,117.66224982862268,118.90575122053943,114.5877770128112,114.64652252197266,10839600
2024-05-31,114.1569608072605,114.96964190747315,112.15953872194515,114.74444580078125,12755600
2024-06-03,115.07735197794145,116.83979209450675,114.89131455725335,116.79083251953125,7256300
2024-06-04,116.53624744805369,117.85808117157063,116.24251243074684,117.56433868408203,7368000
2024-06-05,119.1113703591255,120.22757987664619,117.99516084160481,120.07091522216797,5973700
2024-06-06,120.31570328239432,121.67669577804641,119.69885298694194,120.92276763916016,7347200
2024-06-07,121.61795999335743,123.58601700319923,120.69757371080979,123.29227447509766,11545000
2024-06-10,123.10622886362547,124.30076323293923,121.46128734976266,121.90189361572266,10164700
2024-06-11,121.46129602574527,122.22501759205889,119.73802206189507,121.29483795166016,18373900
2024-06-12,131.87926850555667,138.0184292598122,131.16450645332554,137.45053100585938,40871300
2024-06-13,137.49944752851806,139.42833803343015,135.87410037858794,136.9315643310547,13733200
2024-06-14,136.3538910905937,137.04908125255716,134.5131334390274,135.2474822998047,11330800
2024-06-17,135.90348403503893,138.48839114609865,135.36495860765896,138.36109924316406,11232800
2024-06-18,138.27298383171035,142.03284608176912,138.27298383171035,141.62161254882812,11629400
2024-06-20,142.28741465502472,142.28741465502472,138.98773092538872,139.92770385742188,8940000
2024-06-21,140.72082344877663,140.72082344877663,137.50927234097472,138.54714965820312,14844100
2024-06-24,137.0784539985521,138.57652447916416,136.21681322107273,136.9707489013672,7793300
2024-06-25,136.09931172630883,136.63783717085278,134.68935963163548,136.26576232910156,8205500
2024-06-26,136.57908290561133,137.81278343921835,135.1985036563411,135.34536743164062,8036300
2024-06-27,136.34408391528922,138.4687978287018,135.9132635936086,137.25466918945312,7518200
2024-06-28,136.53012110751385,139.8395909003611,136.36367051810058,138.25338745117188,25814800
2024-07-01,138.7331796598634,141.05371711995514,138.12612275747833,140.1039581298828,6552400
2024-07-02,139.65356363683972,141.21037950414893,139.57523130548043,140.2899932861328,5920500
2024-07-03,140.75019237297306,141.63140499255343,140.5054094297157,141.36705017089844,3560800
2024-07-05,141.9251540010853,142.747621142344,141.01456858191304,141.8076629638672,5365500
2024-07-08,141.73910924345608,142.19930236927615,140.43686220021684,142.00347900390625,8622600
2024-07-09,142.10139567688148,142.65949300546427,135.12018151755757,137.74424743652344,14334200
2024-07-10,138.17506801060267,139.40878357950334,136.82387635278678,139.10525512695312,6350300
2024-07-11,139.78276929150636,140.882488442969,139.11507196201137,140.17552185058594,5245100
2024-07-12,140.12642027002212,142.50260739440662,138.70265872310756,142.1491241455078,7361800
2024-07-15,143.09173682228422,143.93616819956569,139.35071449379168,140.4799041748047,8687800
2024-07-16,140.4799076398213,140.90211584760215,139.47836924147052,140.02822875976562,7181500
2024-07-17,137.9367910536459,139.22307283764448,136.16937467837923,136.73887634277344,9157000
2024-07-18,136.83703623542294,137.52436048450298,134.7161371389375,135.53111267089844,5998700
2024-07-19,135.84532389253803,137.89748303189174,135.58020776513155,136.051513671875,6111900
2024-07-22,137.21016187767836,138.133131595868,136.6013761276467,137.6323699951172,5387200
2024-07-23,138.74196545526166,140.62720476082913,138.6535983743484,140.51919555664062,6697400
2024-07-24,139.13471596501714,140.07734309511656,135.89445486989712,136.2577667236328,8018800
2024-07-25,137.6127562971586,138.516114050527,135.20711343129977,135.324951171875,7654600
2024-07-26,136.35592806800784,137.42620637214927,135.87480849213344,136.49339294433594,5139400
2024-07-29,136.74870309841364,137.2494648220989,135.32495644740573,135.8060760498047,4054600
2024-07-30,136.55232354601534,137.04327168851333,132.5167292153799,133.2138671875,6505700
2024-07-31,137.16107550863813,138.98740294584724,136.14972367334698,136.9254150390625,7188000
2024-08-01,136.7683277883362,137.84841970151294,133.31206363126736,135.0205535888672,5906800
2024-08-02,130.36634958801855,131.86864942467247,129.41390917098363,130.8671112060547,8251600
2024-08-05,125.57472088901353,127.61706705079224,124.36699259972168,125.5452651977539,10355000
2024-08-06,128.1767287018002,128.66767682227714,125.76127233928028,125.88892364501953,8373900
2024-08-07,126.58605844643493,127.94108001976093,123.473449237712,123.62073516845703,8617700
2024-08-08,125.68273150294924,127.46979003313038,125.33906928225078,126.62535858154297,6243200
2024-08-09,126.0754760003152,129.97360541942948,126.01656462089052,129.66921997070312,5597300
2024-08-12,129.85578200257044,130.30746088011793,128.8346164717712,130.1798095703125,5600800
2024-08-13,130.5627518483185,132.10432124412753,130.4056448449416,131.8293914794922,4324000
2024-08-14,131.61337081895556,133.5084384308577,131.58391512915045,133.1451416015625,4044600
2024-08-15,134.4510498046875,134.76526380445213,133.2629637016293,134.4510498046875,4698100
2024-08-16,134.31358023093173,135.32494714323252,133.92082772750146,134.9812774658203,4893800
2024-08-19,135.04018729037003,135.45258190899432,133.98956611537307,135.42312622070312,3641600
2024-08-20,135.32496161754415,137.25928363550761,135.32496161754415,136.6505126953125,3738300
2024-08-21,136.2872012313658,137.7600455926935,136.04172717114452,137.66184997558594,3776800
2024-08-22,138.15279399319496,138.52591934806554,135.15800755092434,135.58023071289062,5162200
2024-08-23,136.21847185870638,137.25927955749114,134.7750830741505,136.67015075683594,4544600
2024-08-26,136.8665258201555,136.87633938952135,135.6882532466577,136.38539123535156,2729600
2024-08-27,135.35440747834915,136.97453033879955,135.2463982888159,135.97299194335938,3872200
2024-08-28,136.31664847218028,136.43447121936953,134.43140960441846,135.38385009765625,3022600
2024-08-29,136.62103584044237,138.6044703475311,136.3362925364893,136.89596557617188,4588400
2024-08-30,137.78948951986618,139.1543245788949,137.56365759885253,138.7321014404297,7980700
2024-09-03,137.9073008389052,139.62561897142191,136.316633990647,136.97450256347656,6831200
2024-09-04,135.93372623990317,138.54557399507314,135.45259165893546,138.201904296875,6243300
2024-09-05,138.84012767144722,140.6860974679079,137.76986432458364,140.02822875976562,8733200
2024-09-06,141.18684122759126,141.3341346400482,136.87631771583247,139.24269104003906,11154800
2024-09-09,139.9104194709407,140.70575313522866,136.98435749429785,137.35748291015625,20233400
2024-09-10,151.43785864257495,157.61399461659923,150.34795317554406,153.06781005859375,37374200
2024-09-11,153.94168963994815,156.5535372058485,152.03680855778845,154.33444213867188,12630100
2024-09-12,156.16077121445275,159.40103179875373,155.0414101016085,158.4584197998047,16161300
2024-09-13,170.55534396460658,170.791004414573,158.08526690120672,159.09661865234375,25727800
2024-09-16,162.00306148824282,170.84012740042377,161.53174051882587,167.2463836669922,27384400
2024-09-17,167.1972975392728,167.55078079975416,163.7508469864906,164.43817138671875,12580100
2024-09-18,164.58543192524496,164.58543192524496,160.76585640690288,161.55137634277344,12274400
2024-09-19,164.22214337689874,165.1156725360762,161.53174233084866,164.5559844970703,10075900
2024-09-20,164.1043274322458,165.7735480848974,163.58392361081704,164.9585723876953,12187700
2024-09-23,164.20248932829182,164.30068493652496,161.286256557814,162.94566345214844,7916100
2024-09-24,162.7394742479795,163.09295746335192,160.95241605288945,162.7983856201172,6155100
2024-09-25,164.6541917240206,165.6949993970998,162.66094344839564,163.26971435546875,7142400
2024-09-26,164.614882186658,165.31203503968555,163.46606549860934,165.05674743652344,7096800
2024-09-27,165.04692390414473,166.0484621943851,163.49552615496347,165.68516540527344,8974400
2024-09-30,166.4314086513397,167.43294698700967,163.43662219532237,167.3151092529297,10210300
2024-10-01,167.1383582663092,167.42310154797354,162.9652997682611,164.13375854492188,7595100
2024-10-02,164.5658189372502,166.11720184122314,164.2417913740008,164.673828125,7073000
2024-10-03,163.86864330714567,164.82108374470465,163.23041682045167,163.8391876220703,4735700
2024-10-04,165.6557138393345,167.8060539234928,165.1254815032047,167.76678466796875,6386900
2024-10-07,167.33474885371476,169.2101741943013,166.4805039528657,166.8928985595703,6791000
2024-10-08,167.5115035613436,171.4783577555176,167.35439656804724,171.21324157714844,7845400
2024-10-09,171.39980239914803,175.37648510134747,170.66338023142768,175.06227111816406,8120900
2024-10-10,174.82610313285892,175.46577986531832,171.4112603964427,172.62171936035156,7115900
2024-10-11,172.71025511788383,174.18641114453243,171.6277346918473,172.97596740722656,5869400
2024-10-14,173.74357661139825,174.4029245365383,172.71026433435568,173.32040405273438,4688700
2024-10-15,174.12738027837875,175.38703231366284,170.98808582523415,171.3226776123047,5848600
2024-10-16,170.7420658795168,172.1296563012242,168.91163160430878,171.99188232421875,6383000
2024-10-17,174.6784821100071,174.92450814114795,172.35599577538795,172.8874053955078,5474000
2024-10-18,173.98962265943968,174.15691856869896,171.80491017060245,171.9131622314453,5001300
2024-10-21,171.6769590434115,172.36582891739346,170.40747134823312,170.9979248046875,4198400
2024-10-22,172.66104361252388,173.05469422184507,171.50964373570068,172.5232696533203,5510100
2024-10-23,171.72618963456657,173.27124049695308,170.2598689132162,170.34844970703125,4830400
2024-10-24,170.56491489203432,172.16899422360498,170.1614286424504,171.60806274414062,3488000
2024-10-25,172.0017150395764,173.48770683892457,170.3484273435787,170.76174926757812,3674700
2024-10-28,171.2833242492574,171.4014119378824,169.4036817853784,169.67922973632812,4330000
2024-10-29,169.551293889921,171.25380484590303,169.551293889921,170.6731719970703,4122900
2024-10-30,171.21440466247515,173.3597591276026,170.04331853443927,171.78518676757812,5822500
2024-10-31,167.8094343691292,168.1637124437363,164.739019383789,165.17202758789062,9477500
2024-11-01,167.44530613409648,169.53161703122657,166.41200884501353,167.3173828125,5680600
2024-11-04,167.6027669691546,167.77006286430674,166.04788068827145,166.8942108154297,4804400
2024-11-05,167.76021879582512,169.157644746468,167.6126091946515,169.0493927001953,5456800
2024-11-06,175.68227485103705,179.2053694656364,174.59975429316887,178.35903930664062,11085000
2024-11-07,178.20158160614608,183.7027202106954,177.67015695509215,183.40748596191406,7759400
2024-11-08,183.29922258086216,187.1372375454424,183.29922258086216,186.24169921875,8520400
2024-11-11,188.01307408840327,188.4559178895965,184.85409360958548,186.12359619140625,5973600
2024-11-12,185.54297538099775,187.58007802061184,184.2242795266145,186.5664520263672,6629900
2024-11-13,185.99568645317612,188.72165918404704,185.7890179721946,186.6156768798828,5695400
2024-11-14,185.66108362105066,186.57629322877668,183.74208362401473,184.07667541503906,7804300
2024-11-15,181.5869054704514,182.8465576054864,179.4317149377193,180.81930541992188,8986300
2024-11-18,181.3703872810666,183.22049276423232,179.97296127143332,182.77764892578125,6289400
2024-11-19,181.95099551639655,186.31058422590752,181.39006402154152,185.89724731445312,8117000
2024-11-20,187.86545933417605,187.9343538262746,184.8344320390388,187.7178497314453,4860200
2024-11-21,188.88893814107314,192.92375582992327,188.59370391597764,189.3711395263672,11394300
2024-11-22,189.93208842749877,191.1130103263913,188.02292409977474,189.23336791992188,6879400
2024-11-25,191.40825193729958,191.65427796806733,185.00173950195312,185.00173950195312,15138500
2024-11-26,185.32648599505436,189.34161739340448,185.32648599505436,187.34388732910156,6427200
2024-11-27,185.95632362816107,185.95632362816107,179.32345636413584,179.7958221435547,8368800
2024-11-29,181.0850014360093,182.97447962501974,181.07516580023534,181.9018096923828,4628000
2024-12-02,182.34465054408057,182.34465054408057,178.1228503663001,178.52633666992188,8859700
2024-12-03,178.299963562811,180.1303976861082,176.26287599927477,179.9827880859375,8917100
2024-12-04,185.0115804307391,186.77312025429146,182.94495570666663,185.1985626220703,8906300
2024-12-05,186.01534903358723,186.01534903358723,182.89574104234933,183.279541015625,6398100
2024-12-06,184.02747815817688,189.56798939134373,183.41733838338328,188.64292907714844,10503400
2024-12-09,193.17965339470027,195.15769738919496,185.92679538241026,187.42263793945312,20158000
2024-12-10,170.70270839140278,174.97371669655507,168.34084947803873,174.9146728515625,26502000
2024-12-11,175.17052034110716,178.49679682469002,172.05091231450882,175.74130249023438,13188700
2024-12-12,175.17051844022666,175.33781432442913,172.03122416221137,172.5331268310547,8154200
2024-12-13,172.21821247672437,173.34009051735185,168.91162219652182,170.63380432128906,8351100
2024-12-16,171.0766451157436,171.49981766733782,168.21289871517092,168.5081329345703,9572000
2024-12-17,168.03577550223136,170.24017409768132,166.5793056350746,167.01231384277344,8940200
2024-12-18,166.71707111672612,168.5081326836056,162.7314467013606,162.78065490722656,8817900
2024-12-19,164.88665405283513,168.28181038185303,164.73902941995053,166.10693359375,8386400
2024-12-20,165.06377553754547,168.53766178923397,162.997165949193,166.96310424804688,13810500
2024-12-23,166.89419879058036,166.9237207101721,164.51266884068815,166.45135498046875,6518200
2024-12-24,167.00246285653697,169.03956555242587,166.34311491113093,168.68528747558594,2451500
2024-12-26,167.78973795730596,169.80715423218058,167.78973795730596,168.9509735107422,4100100
2024-12-27,167.67165694022043,168.42940626554136,164.54219817632858,166.27423095703125,4344300
2024-12-30,163.86317002478967,165.24092478915858,161.93433437740507,164.25682067871094,5254800
2024-12-31,164.54221532105277,164.64063174520604,163.20383304025341,163.99111938476562,4307500
2025-01-02,165.8412328040556,166.00852870482439,162.27876562926969,163.39080810546875,5360800
2025-01-03,164.05014256625458,164.54219459255782,162.64288097882064,163.6761932373047,5876000
2025-01-06,164.6504572415939,165.3786996932626,162.56416132091752,163.05621337890625,6845400
2025-01-07,162.94793296892203,163.5187150588086,158.75565557025317,159.45436096191406,7712200
2025-01-08,159.60197598583977,161.3733661499484,158.8638980021474,160.54672241210938,7596200
2025-01-10,157.05445591369823,157.05445591369823,151.84561576669083,152.4178009033203,13593900
2025-01-13,151.6680599066515,152.07252291884114,150.36584224843938,151.8456268310547,8828500
2025-01-14,154.31191778465455,155.13073363821624,152.26982310907178,154.20339965820312,7410200
2025-01-15,156.5316015163778,157.00512833820778,155.14060048328435,156.17645263671875,10701200
2025-01-16,157.99162633449242,159.32343818578596,156.27508623201368,157.3898468017578,9210600
2025-01-17,159.5898193781923,160.96108565544463,158.37638533011818,158.8597869873047,11618300
2025-01-21,161.66150149252965,171.0334689663845,160.5566006705131,170.2442626953125,30232000
2025-01-22,188.92898872501166,189.40253053914728,178.13644121124378,181.73724365234375,48028500
2025-01-23,179.19201707505889,184.0555827487001,179.05390447263278,183.95692443847656,17314600
2025-01-24,186.09767914116753,186.55148629827642,179.41891489733186,181.1256103515625,12147200
2025-01-27,166.62371944856076,170.1949427468711,150.60259645007028,156.1468505859375,42201600
2025-01-28,160.79338164020774,163.59510321591742,154.63747299008253,161.78976440429688,20319300
2025-01-29,161.81936205540683,161.81936205540683,157.85353548910348,159.83645629882812,9866600
2025-01-30,162.55926619477944,169.17884245190305,161.88843774950874,168.08380126953125,14981700
2025-01-31,168.1133859908723,170.66847691693138,166.85063777053628,167.76809692382812,8704600
2025-02-03,161.00054112899153,167.6102418299768,161.00054112899153,166.32777404785156,8250600
2025-02-04,168.1035017370577,168.1035017370577,164.1080959015154,165.62733459472656,6777000
2025-02-05,166.71252774597798,169.57343843427532,166.24886073017754,169.34654235839844,7866700
2025-02-06,170.66847083654636,173.28275064024098,169.25775023953454,170.02723693847656,7036900
2025-02-07,172.64149561316393,174.99928457969796,170.846016833278,172.10877990722656,9991300
2025-02-10,173.6280370785508,177.56426902008891,172.56259049919132,176.50868225097656,7625900
2025-02-11,175.2261842955264,176.70596857471116,174.07195436413957,174.80198669433594,6528800
2025-02-12,172.53298584021607,172.53298584021607,168.40932742830196,169.8989715576172,7454800
2025-02-13,170.66848108699168,172.02988766064627,169.78061639739312,171.5168914794922,6421700
2025-02-14,171.90161914357682,172.6711058184184,170.4810237275169,171.81283569335938,7260900
2025-02-18,174.36791801888984,179.78393401750532,173.7168093091481,177.37681579589844,11430500
2025-02-19,176.17325921563645,179.2314711377686,173.33206848005773,179.07363891601562,8688500
2025-02-20,177.38668647155018,177.84049364487475,172.0791882661076,173.62803649902344,8737000
2025-02-21,173.74638752910332,174.4961544773497,165.2918951159578,165.5483856201172,9713900
2025-02-24,171.2307817562607,171.8226864463217,162.4408593725837,167.66943359375,10639100
2025-02-25,167.00847747914568,168.30083529582706,162.2238498053969,166.26858520507812,8316100
2025-02-26,168.67569000737572,171.52674073465874,166.85063157926092,170.14561462402344,6915100
2025-02-27,170.66847501289857,172.50340835215732,162.3619533533304,162.53952026367188,7436800
2025-02-28,160.91176639946605,163.91078968242658,158.64276049916796,163.82200622558594,12843300
2025-03-03,164.70000733016204,164.86771442919294,158.9584514549923,159.83645629882812,8081800
2025-03-04,157.0741935737138,157.60690937137895,151.4510154732645,155.3477783203125,13171900
2025-03-05,155.92981434435532,160.30011882019525,154.93343158861498,159.3826446533203,7141000
2025-03-06,155.04195095123157,155.04195095123157,147.71207758067854,148.90577697753906,12321200
2025-03-07,148.59008594702038,154.3711111931324,146.49866205323346,153.06890869140625,12646500
2025-03-10,148.5012996283415,150.46448573342934,144.82157321075323,146.7847442626953,21486100
2025-03-11,141.48714056666145,143.81533567443773,135.8442272554944,142.2368927001953,27200200
2025-03-12,144.2592596023928,150.17839782918378,143.05570029202687,148.85646057128906,15373900
2025-03-13,147.77125108583903,148.14613458586473,143.51934001061989,145.6699676513672,14187700
2025-03-14,146.91301169039758,148.84660350350623,145.8870343355615,147.25830078125,9330000
2025-03-17,148.3730389172199,153.65094248116975,148.3730389172199,151.93438720703125,9885000
2025-03-18,150.31648170507728,150.36581085816263,146.6268958833397,147.4358367919922,9402500
2025-03-19,148.03764210083963,151.99360904847782,147.97845312809187,150.3954315185547,6909500
2025-03-20,149.5371382136759,152.40792337376686,148.78738625274752,150.66177368164062,7051600
2025-03-21,149.6061901618897,151.76667769826028,148.08695153554012,150.17837524414062,17620200
2025-03-24,154.2329809520935,154.48948653075763,151.95411554465187,152.7827911376953,7848300
2025-03-25,152.4276385446206,153.502959880295,150.9873236284031,151.85545349121094,8521200
2025-03-26,150.82947246275685,150.9675850546208,144.58478124241725,145.80807495117188,13210000
2025-03-27,143.88437144591765,145.05832105602636,142.96689731835133,143.8153076171875,9148300
2025-03-28,141.8422666827716,143.6870597580222,137.23520637319132,138.9714813232422,13144500
2025-03-31,136.77155112103358,138.69526800264427,134.9168830233029,137.92578125,15509900
2025-04-01,137.87644124605794,141.31941174004373,136.88991830197386,140.02706909179688,9518500
2025-04-02,137.97508886845597,145.89686629125026,137.97508886845597,143.89422607421875,11594400
2025-04-03,137.37331949556932,139.4943377968639,134.7984940181585,135.3805389404297,14433800
2025-04-04,131.11876361403003,132.01650307511196,125.23908044555857,126.54129791259766,14986900
2025-04-07,117.25811527055434,132.30258985151963,117.25811527055434,125.44625854492188,19482700
2025-04-08,130.7537350596572,131.1976823953474,120.05983072127137,122.82209777832031,11950300
2025-04-09,121.73692912869234,138.69525290726696,121.73692912869234,137.80738830566406,17762000
2025-04-10,135.29262967794077,135.29262967794077,127.97603622458652,132.02542114257812,12401600
2025-04-11,130.79771789877358,131.67887669492453,127.56019542219269,131.03533935546875,10190200
2025-04-14,135.44114501896067,135.44114501896067,131.55017453125961,133.30259704589844,8217700
2025-04-15,133.42140507772925,135.12432129141297,132.3917421869356,132.60955810546875,8630000
2025-04-16,130.9660420341456,131.2234539771842,126.58004557562631,128.4710693359375,8295200
2025-04-17,129.5997353869443,129.99577116305585,127.16417956954382,127.3423843383789,8925500
2025-04-21,125.6295698624131,125.93648813912411,120.0356911892917,121.5999984741211,12201200
2025-04-22,123.26331619877463,126.71864720451657,122.164341450063,125.9760971069336,11233700
2025-04-23,133.56991649850784,134.52037217276026,129.68885642966592,130.0947723388672,9528900
2025-04-24,131.19375443547727,136.49061818968053,130.68882577449372,136.1440887451172,7305900
2025-04-25,136.12429776587177,137.6192932830811,135.4015380822217,137.11436462402344,5476400
2025-04-28,138.2628019652005,139.27267418067274,136.70840517668117,138.74794006347656,6985100
2025-04-29,138.42121838790527,139.75781443212895,138.1638064929132,139.3914794921875,4851500
2025-04-30,137.10443445105196,139.89642983857019,134.22335179214335,139.3221893310547,9443500
2025-05-01,145.10417861674446,147.1635192434107,143.8962959885343,144.04481506347656,11525800
2025-05-02,146.85660340215742,151.53961491755047,146.85660340215742,149.23275756835938,11346000
2025-05-05,147.95557168326033,149.32186857851278,147.04471212216504,147.8070526123047,5187400
2025-05-06,145.51999988582276,147.46053727233135,144.272521277708,146.23284912109375,5108600
2025-05-07,146.0348410560631,148.41099513883339,145.77742914771574,147.88626098632812,6049600
2025-05-08,147.56945390098676,150.30203272557137,147.1338221085414,148.80703735351562,6113600
2025-05-09,148.5496108600157,150.2921380360522,148.3020941686214,148.8466339111328,4707100
2025-05-12,154.75733031509202,155.8662002339013,152.88610477349158,155.65829467773438,7875500
2025-05-13,156.64838345068404,161.5987178661216,156.00484601956586,160.6581573486328,11955200
2025-05-14,160.7472393608459,161.78681247772212,159.460149554581,161.3313751220703,7499400
2025-05-15,159.75718807048546,160.13341830909198,157.33152730107585,157.816650390625,10169200
2025-05-16,158.41067485792993,159.24232727520143,156.94538034551545,158.89581298828125,8515500
2025-05-19,156.72757439360814,160.36111766561754,156.26224179813906,158.05426025390625,10268900
2025-05-20,157.05428552673985,158.76709668849756,155.96520611335694,158.71759033203125,7576400
2025-05-21,156.77708961325493,159.3017479607237,154.90586389643238,155.6186981201172,6011000
2025-05-22,155.42068214875164,157.60873642554446,155.26228294212223,155.74740600585938,7603300
2025-05-23,153.4504541274117,155.8167131035233,152.7276945080826,154.42071533203125,6527500
2025-05-27,157.73744276468233,160.78683507779004,157.3414069980828,160.3017120361328,6976800
2025-05-28,160.26209958963017,162.68777520687345,159.6779638343156,162.22244262695312,8090700
2025-05-29,163.36102193237912,163.6778505597138,159.88589290441695,161.28187561035156,6994700
2025-05-30,161.80661110753167,164.1035733525292,159.945295782235,163.88575744628906,17547900
2025-06-02,162.53926638271426,165.34115726784418,160.98486934678922,164.91543579101562,7166000
2025-06-03,165.14314718903495,167.64801501369473,164.93522651143107,167.45989990234375,7155300
2025-06-04,168.02422957998277,168.78657007664776,165.90548740496448,166.4302215576172,6375800
2025-06-05,167.3212755256387,170.54888759126217,167.083654074459,169.4400177001953,7707800
2025-06-06,172.27163730345058,173.05378349230594,170.944951308571,172.29144287109375,6833700
2025-06-09,173.12307359961633,176.94473188297388,172.0636949189789,175.39031982421875,9668900
2025-06-10,175.9447825218859,176.08339127341532,172.5488454485842,175.71705627441406,11056700
2025-06-11,175.78636709036218,177.76650073236632,174.44977083912107,174.62799072265625,18002900
2025-06-12,188.07308585110243,200.47862097872823,187.00381195179557,197.87474060058594,54610000
2025-06-13,199.57765862241112,214.44846553761653,199.20142842056617,213.08216857910156,53707400
2025-06-16,211.08222865048126,213.0326613618435,207.8942124982658,209.0030975341797,22665300
2025-06-17,208.56746750906174,213.7356172103336,205.41904735316032,206.11209106445312,17819200
2025-06-18,208.99319126461694,212.58713848109593,207.4883006484555,208.77537536621094,15055400
2025-06-20,211.23074220639663,211.67626921201432,202.60725436876237,203.13198852539062,20879100
2025-06-23,203.46861277423727,205.2111399264577,200.52811331208505,204.98341369628906,13418400
2025-06-24,207.90413187666417,214.2207477605944,206.47843327363904,213.13168334960938,19030600
2025-06-25,212.80495992614928,214.77518318505633,208.14173866155645,208.6268768310547,11804600
2025-06-26,209.89416214036592,212.2901219896678,208.27045318847456,210.70602416992188,10531100
2025-06-27,211.56735364995322,212.51780921341899,207.8744091219683,208.15162658691406,14127500
2025-06-30,224.25013400207814,225.9530501355281,216.2107962840847,216.45831298828125,31844200
2025-07-01,217.1216379850318,220.9531914147849,214.16133300908155,216.78501892089844,16962200
2025-07-02,215.5177320750947,229.59648306878665,214.56727641462405,227.695556640625,22326900
2025-07-03,230.90338179409025,235.6260046905767,228.9034426151673,234.96266174316406,18441400
2025-07-07,232.7746078225122,232.91321657133702,227.22033242559763,229.95291137695312,16584300
2025-07-08,234.77455012955423,239.0417357114817,230.8736844371353,232.17066955566406,20401800
2025-07-09,233.17061306423426,234.16067980663516,229.69548423700618,233.46763610839844,10871600
2025-07-10,238.0613893306398,238.18044494462615,231.6718089651554,233.16006469726562,11486300
2025-07-11,229.55849275038432,232.167906112384,228.07023694197161,228.7548370361328,10208200
2025-07-14,227.6535457287186,228.83423118879762,223.35744512744554,227.48487854003906,11337000
2025-07-15,230.5903539939531,233.75538037239969,227.40547996611332,233.12039184570312,10728800
2025-07-16,233.6561592547084,239.4405152474564,231.36424775819557,239.41075134277344,12597500
2025-07-17,241.4347827840016,249.63012137843586,240.11519410965505,246.80242919921875,17631300
2025-07-18,246.5543824927447,247.72513647875357,243.08178555622717,243.52825927734375,9678100
2025-07-21,243.3893553420635,244.86769491259287,241.3355701747966,241.63320922851562,7348400
2025-07-22,240.08542267865772,240.39299312331602,233.56687011284907,236.2457275390625,11380900
2025-07-23,238.07132813214807,241.5141612629656,236.7914347426206,240.0060577392578,7255800
2025-07-24,240.51207739855644,242.16900047432472,238.67655574336618,240.9287872314453,8237900
2025-07-25,240.44260331130414,243.5481019238865,239.53972449292155,243.20083618164062,7149600
2025-07-28,244.07395057867404,245.84001291236595,241.5141487924719,245.77056884765625,6756800
2025-07-29,246.7528043226264,251.0885997726585,244.65932392811294,248.0227813720703,8415300
2025-07-30,246.69327856413472,249.08441316120988,243.67708683146904,248.637939453125,8441400
2025-07-31,253.76745256870538,258.82751302603447,251.33663787593076,251.78311157226562,15548700
2025-08-01,245.8896222516845,246.4650829710874,240.1052662924657,242.50631713867188,12718200
2025-08-04,243.97473038529088,250.92985557852933,243.97473038529088,250.55282592773438,8614800
2025-08-05,253.41028451464035,256.4661564945478,249.4019070034579,253.66824340820312,11197300
2025-08-06,254.8290805464299,254.8290805464299,249.74917217266304,254.4222869873047,9930200
2025-08-07,255.69225940363955,255.7418860974401,244.58988386411806,247.43740844726562,11954200
2025-08-08,248.0724069882153,248.92567428599088,245.91939866298046,248.09225463867188,8313300
2025-08-11,246.45515619542252,252.69591737295815,243.63739549394302,250.70164489746094,9012100
2025-08-12,250.60244414740995,255.8510197963839,249.1141882938347,251.87242126464844,9998400
2025-08-13,255.15650402347657,255.652589279729,240.74025254860607,242.2681884765625,14182100
2025-08-14,243.03216760458633,246.9710858086319,240.6708120446389,243.04209899902344,10285600
2025-08-15,244.98675277993945,248.6677122176607,241.02798679665295,246.3361053466797,11554000
2025-08-18,244.27236405152783,247.2091952723533,241.71256244981828,247.11990356445312,6759900
2025-08-19,247.29851058685009,247.29851058685009,230.41176351859968,232.78305053710938,16819300
2025-08-20,230.3621484950748,234.03319160110135,226.46292554339232,233.2196044921875,11256400
2025-08-21,231.2253485495118,234.0728731691948,230.61019251684846,231.33448791503906,7403100
2025-08-22,232.22745170515384,236.63269165767636,229.64781718996323,234.5193634033203,9343600
2025-08-25,235.49169261501788,237.1585319182704,233.4279759971899,233.56687927246094,6308600
2025-08-26,233.16007453684682,235.05512388247692,230.88801068457616,232.3762664794922,11805200
2025-08-27,233.160074152759,234.67809384992702,230.8582312602067,233.96372985839844,5637600
2025-08-28,233.69584168975658,240.05565846716186,233.2791318808173,238.4384307861328,8691500
2025-08-29,235.7496410736107,236.3548657046265,221.36316833767134,224.35952758789062,16618600
2025-09-02,220.26186018655545,223.6848455264553,217.0769860874216,223.53602600097656,10461900
2025-09-03,224.13131524343146,224.13131524343146,220.01381362589055,221.70050048828125,8900800
2025-09-04,220.26185778972814,221.8195727896196,217.84095927281098,221.2540283203125,10303100
2025-09-05,230.72926753982128,232.78305273355244,224.12140795433243,230.97731018066406,15386100
2025-09-08,238.0117875654743,240.5219777923742,233.46764472652313,236.61282348632812,18803000
2025-09-09,238.06141017718844,241.58361874614585,232.7235276393433,239.61911010742188,41178700
2025-09-10,316.6909154354322,343.01319851338906,309.6464985823941,325.75933837890625,131618100
2025-09-11,327.753620670634,328.4084568766953,302.21516002745483,305.4496154785156,69986000
2025-09-12,303.3958524617288,305.5587770758331,289.46576893373555,289.89239501953125,51781900
2025-09-15,304.05069751457376,304.62614314949616,294.96241103469316,299.7744445800781,40004000
2025-09-16,311.6010716730762,317.464803090706,299.9033727423266,304.24908447265625,51923300
2025-09-17,305.28097045856873,306.24337713948984,292.72008718868165,299.0501403808594,27707900
2025-09-18,300.66738650133055,301.4412783566387,289.71381462119393,294.2976379394531,24673100
2025-09-19,296.659006160762,308.67417746181854,294.9921668378368,306.2433776855469,40776200
2025-09-22,307.20576241383026,326.9201857670998,304.5169887873617,325.58074951171875,44437500
2025-09-23,321.46325137128787,322.4554219002116,307.6224603813452,311.37286376953125,35280200
2025-09-24,309.41829571682797,310.02353550216606,297.68093133705037,306.044921875,33765300
2025-09-25,292.9581653252245,296.4109294793868,286.2907785204338,289.04901123046875,39274900
2025-09-26,290.7059773479162,291.6981479190695,280.7842716363832,281.24066162109375,25990700
2025-09-29,282.37173267971315,283.74093282556447,277.42078125448995,280.546142578125,25778500
2025-09-30,281.46888554985946,281.7764560197021,273.73986794369296,279.0380554199219,23880800
2025-10-01,276.61711025451444,287.7195000486679,275.7043303935629,286.7471923828125,23378300
2025-10-02,289.5153257984928,292.6605194541117,283.8103456991707,286.51898193359375,16215500
2025-10-03,287.33259026115996,292.3331381880587,281.77642926223274,283.8996887207031,13688400
2025-10-06,290.0908300479016,294.35715129841975,288.5231836239734,289.3070068359375,14076800
2025-10-07,290.9242281406545,290.9242281406545,268.87819895606344,282.0145263671875,31723400
2025-10-08,283.1853193738434,289.247466636652,281.3795617845911,286.37017822265625,18982100
2025-10-09,289.7692794097808,299.13175794613176,285.5055034066416,295.146240234375,26479800
2025-10-10,298.44598385734787,305.8405451253415,290.2265053116295,291.1706848144531,28895300
2025-10-13,296.8756490770431,308.802356955633,295.9214906083015,306.1287841796875,21703700
2025-10-14,301.7158926964915,302.5607072174655,290.1966845828224,297.1737976074219,17346200
2025-10-15,303.0377448479234,309.1104423455758,297.0942885286036,301.76556396484375,13698900
2025-10-16,303.7334904599572,320.5700283106327,301.218944174788,311.0882873535156,32500900
2025-10-17,301.8948161025456,302.42157786060454,285.7440646238086,289.5307922363281,37653000
2025-10-20,287.1851923346052,287.47339926326885,273.62848679810674,275.487060546875,32810700
2025-10-21,276.41139537535275,278.58802211509135,270.5971492145158,273.469482421875,18370800
2025-10-22,273.14150104249836,275.5069696723458,267.60551341129235,270.99468994140625,16474000
2025-10-23,271.2928456978201,281.37092862392143,270.7263501135002,278.35943603515625,16872200
2025-10-24,284.17369501008807,285.4359272907555,280.5260969843573,281.5994873046875,13194900
2025-10-27,284.819741794986,285.2471082316668,278.1010197139325,279.6813049316406,13855800
2025-10-28,281.2715363666465,283.71650306635905,278.826569666934,279.1147766113281,12448500
2025-10-29,279.74094150743355,279.8999679283885,269.6927040785489,273.6185607910156,18007100
2025-10-30,267.09859824990275,268.1123877746653,254.71470909014405,255.3209991455078,27954200
2025-10-31,257.9250006138069,264.18650997460566,255.14208397364064,261.00604248046875,16898700
2025-11-03,263.61999512049596,263.99767906349524,253.6711382353916,256.275146484375,15709200
2025-11-04,248.45319374117324,253.72082598196428,243.69245628106228,246.6542510986328,19772600
2025-11-05,246.39583830483892,250.85840492755264,245.52120824711656,248.7811737060547,11991500
2025-11-06,246.42565708204958,247.5487602239833,237.8284796646712,242.31094360351562,18678300
2025-11-07,237.54025374641034,238.93169686529873,230.93087618330165,237.7986602783203,20969300
2025-11-10,244.44780881992486,245.7299383831608,235.62205548440846,239.3590850830078,16698700
2025-11-11,234.78718532692136,235.99973520578885,227.49201912596652,234.70767211914062,20686600
2025-11-12,235.2940725247426,235.36363710080596,224.78862345731153,225.60362243652344,24195000
2025-11-13,223.61582877494683,223.78478864210007,213.90549698606432,216.24114990234375,30009000
2025-11-14,209.5423170741818,225.66325152000962,209.48268596220845,221.48890686035156,36053800
2025-11-17,216.87724987551331,221.43921198573736,214.24342612748393,218.5171661376953,16143800
2025-11-18,214.8894528741254,222.33369621864102,213.1898904313921,219.143310546875,21098300
2025-11-19,217.72205734969137,226.75653523722693,215.98274572452783,224.1525421142578,21679500
2025-11-20,229.74816073088968,232.57081138314774,209.01556557105027,209.40318298339844,27459600
2025-11-21,205.81522730349292,207.03771063364235,192.3678651750686,197.54603576660156,44834100
2025-11-24,195.65763761078736,202.57513465014713,193.11327576454698,199.05674743652344,31144700
2025-11-25,192.89461986224512,198.19206765370456,184.49623294040668,195.82659912109375,29595000
2025-11-26,208.22044009872053,208.71738625647404,201.00478734775314,203.7081756591797,26544100
2025-11-28,198.29145302601484,201.10417013591825,196.40306366784893,200.716552734375,13848500
2025-12-01,199.27540773634416,202.25708466007998,195.49861393316016,199.7127227783203,13461200
2025-12-02,203.88706814290677,208.4192146561499,198.77846226921176,199.8717498779297,19664500
2025-12-03,199.10644574185528,206.6500846387668,198.18211801923997,206.46124267578125,19060500
2025-12-04,206.59046556576504,214.09435588090784,205.05987801156445,213.0209503173828,23316900
2025-12-05,217.66240858699956,218.15935472532604,212.31526328561696,216.25108337402344,24208700
2025-12-08,219.99807395159152,223.37730181718248,215.58518956706192,219.19300842285156,24711200
2025-12-09,218.6861329081547,221.2603104590427,216.9468212928638,220.17697143554688,17643600
2025-12-10,220.44531749821974,223.94382267748554,216.2510907347346,221.64791870117188,47928000
2025-12-11,189.4557385350861,200.75630389082409,185.09255210218797,197.63548278808594,100612700
2025-12-12,195.17062760321016,196.64159913778155,184.84408713319328,188.80972290039062,55201600
2025-12-15,187.13996997851825,187.81582461231847,180.29205280337976,183.79055786132812,43897500
2025-12-16,183.5719156903098,188.64077278789267,183.363206787634,187.49778747558594,32433500
2025-12-17,182.19039416605673,185.36091301353378,175.9885159513689,177.37002563476562,50222000
2025-12-18,181.6040079782062,183.63154166108345,177.4892943334785,178.93043518066406,36297300
2025-12-19,187.2393644578158,193.92825519995077,186.97100929809253,190.79750061035156,77008600
2025-12-22,195.61789586863685,197.5857984376681,191.6522600082981,197.16836547851562,27148000
2025-12-23,195.23026589533842,195.9955672467528,191.01617206183226,194.1469268798828,18301600
2025-12-24,193.80900090050727,197.0689664716376,193.23254153949614,196.28379821777344,9282700
2025-12-26,196.85031103645164,199.14619987573178,194.91222404001994,196.78074645996094,11262000
2025-12-29,192.97414140962576,197.29756401246874,191.46342079835316,194.1866912841797,14748100
2025-12-30,194.86252317110745,197.16836060149714,194.5146699632147,196.00550842285156,14197400
2025-12-31,195.22031530553,195.9955500527643,193.54063496465824,193.71954345703125,10341500
2026-01-02,196.26390863962519,197.37706313396703,193.02382528468442,194.51466369628906,14540700
2026-01-05,197.12859218718208,200.45813740850738,191.1553050133387,191.41371154785156,22635500
2026-01-06,191.38390085601517,193.6897382955301,189.53526055212583,192.56663513183594,16474500
2026-01-07,194.1071673765467,194.47490267105863,190.82731978462982,191.6621856689453,11171200
2026-01-08,189.71416714986842,189.7837317247868,185.01304564983556,188.49166870117188,19468500
2026-01-09,190.99294612598993,199.48328198944458,188.1229648731703,197.82907104492188,26152700
2026-01-12,196.91227558643226,205.8809518290306,196.3243174764324,203.96762084960938,25428500
2026-01-13,204.28651223022646,207.0767700725562,199.96162093774046,201.5859375,15857400
2026-01-14,200.9780623608245,200.9780623608245,190.14589935080318,192.9361572265625,22473200
2026-01-15,194.3312687380796,194.3312687380796,188.73083382608039,189.18923950195312,16418600
2026-01-16,189.24904092827342,191.20221082953415,185.88079981369137,190.4249267578125,19224700
2026-01-20,186.53849399405735,186.53849399405735,178.73574421850324,179.29379272460938,29129500
2026-01-21,179.0546273363009,179.97143871298334,170.00624310773912,173.2748260498047,38190000
2026-01-22,178.7457056604346,179.53296461501938,175.88569943626916,177.55984497070312,21141900
2026-01-23,172.0192038769268,179.024735260759,171.40136660730013,176.5434112548828,23011300
2026-01-26,178.4766666339379,184.66504484140142,177.90864316260036,181.80503845214844,21100400
2026-01-27,178.56633706575496,179.0944912003547,173.07550472221547,174.291259765625,27093700
2026-01-28,174.311194419325,181.04766097025964,171.26184708944726,172.19857788085938,35882700
2026-01-29,169.55779989771733,169.6375232885373,160.95784629043263,168.42176818847656,37254500
2026-01-30,167.58468837081855,168.3121433737541,162.6718543621554,164.00718688964844,27362400
2026-02-02,170.32511719311208,170.6041414466142,159.4431256894864,159.50291442871094,47421000
2026-02-03,157.70918503273225,158.8252973147647,151.37131982433368,154.13168334960938,43260100
2026-02-04,153.35438749268448,153.4042165095504,143.92730619412305,146.15951538085938,42323400
2026-02-05,145.09325864061893,146.039949211642,134.7792747837658,136.00498962402344,42789000
2026-02-06,139.26361453151182,142.70160412102805,138.4265417142819,142.32293701171875,29962400
2026-02-09,147.97319865369118,159.19400370697278,146.48837899796555,156.0449981689453,49936500
2026-02-10,159.44312911203085,164.81436891576513,156.41371634940222,159.33351135253906,40092200
2026-02-11,163.09039916229338,163.09039916229338,153.46401630814597,156.61302185058594,24538900
2026-02-12,157.3803293726937,158.48646671051813,151.96923537258098,155.9353790283203,23285400
2026-02-13,158.69573980210455,161.7351274987914,154.7495156571849,159.5826416015625,18597000
2026-02-17,157.4301503718071,158.72562879601853,152.34790991545935,153.43411254882812,19610800
2026-02-18,153.87259581349628,156.752536862897,150.84316769997875,155.62646484375,14801100
2026-02-19,156.64290979185859,159.5228506701595,155.22785386191407,155.9951629638672,14976300
2026-02-20,152.76645438659003,153.45405532849043,146.8770200297793,147.5646209716797,29621900
2026-02-23,145.18293679819485,145.29255455777212,138.10764185605854,140.81817626953125,31749800
2026-02-24,140.34980638633397,146.249200155314,138.24714957833874,145.63136291503906,21336600
2026-02-25,148.64085873585188,152.74651438864691,146.82718586822284,147.37527465820312,27303900
2026-02-26,148.27213601364468,151.9692302062104,144.64480548776962,149.78684997558594,20652200
2026-02-27,143.37923739277232,145.57157735663532,141.60543381427286,144.89393615722656,36425200
2026-03-02,141.12709589882863,149.64734121886437,140.68862485741477,148.7305450439453,22418800
2026-03-03,144.2462108004705,150.40469457426053,142.55213053686913,148.4913787841797,20120800
2026-03-04,149.48788920455578,153.07536559442755,148.58106798867487,151.8396759033203,17585400
2026-03-05,152.0589112977936,157.3902968608138,149.59750684443316,154.25125122070312,24094800
2026-03-06,152.38777352357633,158.63595559593048,151.0922950184539,152.42764282226562,38000600
2026-03-09,150.1754937957557,151.4709722575155,145.92035104119384,151.03250122070312,31173500
2026-03-10,153.085334013108,153.6035284556817,147.93332957555808,148.88002014160156,51544600
2026-03-11,165.80092476166314,171.162189509188,160.02110842929054,162.55226135253906,83247500
2026-03-12,164.08692166549116,167.24588698590296,158.0579750193652,158.60606384277344,37133700
2026-03-13,158.4964340279975,160.21044883324424,153.6134792155877,154.5701446533203,26350400
2026-03-16,155.5168376506391,158.18751793631904,153.9722293158369,155.42715454101562,21607700
2026-03-17,154.89900098919819,158.36688475898694,152.96575063297982,154.151611328125,23929500
2026-03-18,152.86608812862858,154.43063107214766,151.5108209745941,152.36782836914062,18051100
2026-03-19,149.93634260912145,156.37385057695357,148.3717995707142,154.97872924804688,22046100
2026-03-20,152.51732365860767,152.71662453203183,147.4350677550405,149.15904235839844,37551400
2026-03-23,150.89299062422435,155.2378165334504,150.18547024864722,153.80282592773438,19927900
2026-03-24,152.46749843615302,153.36435999173983,146.33890899305118,146.57806396484375,26122100
2026-03-25,148.71061441825918,149.3184919774499,144.0967390483517,145.5117950439453,20683800
2026-03-26,143.38920072701563,145.960223049612,142.04389322141546,142.31295776367188,16961900
2026-03-27,140.43948851881788,141.1968530849201,137.8186525236201,139.17391967773438,17929600
2026-03-30,139.55259963483925,140.7085660329705,136.47335768619322,138.31692504882812,20125700
2026-03-31,139.8116962252777,146.88697592301912,139.36326546789041,146.59799194335938,24492000
2026-04-01,148.57109923446666,149.1291477614807,144.16648455404064,144.7245330810547,20495900
2026-04-02,142.28306777853768,145.93033317689762,139.8117034193226,145.87054443359375,14381900
2026-04-06,146.92684351639843,148.03298081482288,143.3493420145837,145.033447265625,12556700
2026-04-07,143.27958470837012,144.06684369566656,139.4529531515068,142.6717071533203,17250400
2026-04-08,149.7768929333519,150.9328592725024,142.4026390647506,143.16000366210938,23527000
2026-04-09,142.1999969482422,142.8000030517578,136.0,137.86000061035156,30407800
2026-04-10,137.32000732421875,140.1699981689453,134.57000732421875,138.08999633789062,26171800
2026-04-13,139.77000427246094,155.91000366210938,139.72000122070312,155.6199951171875,49997700
2026-04-14,167.92999267578125,169.39999389648438,161.55999755859375,163.0,59779800
2026-04-15,166.88999938964844,172.55999755859375,166.2100067138672,169.80999755859375,43010800
2026-04-16,176.4199981689453,180.27000427246094,173.8000030517578,178.33999633789062,46997300
2026-04-17,182.92999267578125,184.5,173.36000061035156,175.05999755859375,45282600
2026-04-20,176.80999755859375,177.75999450683594,173.50999450683594,177.5800018310547,22330900
2026-04-21,178.35000610351562,185.33999633789062,176.00999450683594,181.1699981689453,39638000
2026-04-22,186.17999267578125,189.17999267578125,182.8000030517578,187.5,32337200
2026-04-23,180.39999389648438,181.88999938964844,175.17999267578125,175.92599487304688,22823141
