timestamp,open,high,low,close,volume
2021-01-04,124.88552348677958,125.53964490876812,120.57854684013013,122.55789184570312,7486900
2021-01-05,122.3879631428116,123.33089948896153,121.39403274099037,122.92314147949219,4126000
2021-01-06,120.34915543720835,121.98870388017265,120.28119360389641,121.41952514648438,4843300
2021-01-07,121.31763677756813,121.60646496138624,119.90745734495108,121.02880859375,4473200
2021-01-08,121.02877853202291,122.66831425269511,120.34068269226323,122.4814224243164,4312000
2021-01-11,122.35399445538864,122.59185441081432,120.36615927259022,120.7059555053711,3902700
2021-01-12,120.31521292841204,120.6295251487902,118.4632881258218,120.14530181884766,5150000
2021-01-13,119.88193554498285,121.68289186613683,119.77999926804038,121.13070678710938,4361600
2021-01-14,120.1877762995155,121.00330553090242,119.83948964421654,120.4256362915039,4724700
2021-01-15,120.16225811006876,121.13919483630619,119.38071650651504,120.11128997802734,4309100
2021-01-19,120.95234362778078,121.12224177905706,120.15380805814445,120.68049621582031,5158600
2021-01-20,119.81396236008396,120.44259958728759,118.86252263233281,120.0603256225586,5019300
2021-01-21,119.17685361020511,119.60160540760215,117.86013340819125,118.59919738769531,5684100
2021-01-22,118.50573253309557,118.53970696800292,117.42685951067159,117.73268127441406,4014900
2021-01-25,117.28246111573728,119.21083785429593,116.87470303051111,119.08340454101562,3829000
2021-01-26,120.04334096252651,120.70595267458647,118.71811753840657,120.45960235595703,4242500
2021-01-27,119.3637473620643,120.90985015146114,116.84922393988435,117.26547241210938,6659800
2021-01-28,117.9365564977605,119.6015758734589,117.0275816538409,118.24237823486328,5514000
2021-01-29,117.32493816382694,117.62226959725288,115.5409754880628,116.01670837402344,6778100
2021-02-01,116.364990234375,117.19751302902074,115.44752486392953,116.364990234375,4185700
2021-02-02,116.76426856219133,118.53123762587617,116.04219827137547,117.55431365966797,3581600
2021-02-03,117.01910455166723,118.03850613677092,116.44144840631976,117.24847412109375,3609600
2021-02-04,117.01909500781511,118.72659219954375,117.01909500781511,118.65863037109375,3860300
2021-02-05,119.34676498733451,120.73144703576382,118.70113395779812,119.74603271484375,4437900
2021-02-08,119.9413785689692,120.46806649145408,118.50571585133939,119.270263671875,4112200
2021-02-09,119.89040675699961,119.9073874903439,118.49722184164835,118.59066772460938,3179300
2021-02-10,119.8819238050612,119.8819238050612,116.1780882109192,116.97662353515625,6966600
2021-02-11,117.10405234498218,117.40987409654001,114.12228702669492,114.65747833251953,7528000
2021-02-12,114.90384715264699,115.19268821520548,113.36624777910265,113.72303771972656,5659300
2021-02-16,114.30917728071043,114.52155313414885,113.32375020978176,114.1562728881836,5180100
2021-02-17,113.88445681608773,114.74246379529026,113.71455867920703,114.2242660522461,3353000
2021-02-18,113.89294731842298,115.27762929229308,113.75702363927148,114.9972915649414,3935200
2021-02-19,114.6914775272978,114.78492344273694,112.3808266749811,112.56771850585938,5414900
2021-02-22,112.16844136945173,112.6441742387849,111.0810778786236,112.1259765625,5792900
2021-02-23,112.68663376161338,114.12229674641225,111.53981181739266,112.79707336425781,6264300
2021-02-24,112.00704206700813,112.3808127199549,111.45485701256457,112.2109146118164,4944000
2021-02-25,111.5822748183237,112.21089902736891,110.26554197893442,110.43544006347656,5702300
2021-02-26,110.91967150714753,111.17451217181582,109.22066460992461,109.74735260009766,8329000
2021-03-01,110.9536678334255,112.10899326998509,110.72429822757418,110.962158203125,5287300
2021-03-02,110.86020580329888,112.15994511020807,110.75826953213569,111.34442901611328,5614000
2021-03-03,110.26556284136016,110.88569680034618,109.56896371182884,109.70488739013672,7505800
2021-03-04,110.67505326600026,112.81576996360181,109.87871292612343,110.31541442871094,9102800
2021-03-05,111.00902291714907,114.23722788976328,110.62369646099935,113.91183471679688,10186500
2021-03-08,114.08307422442364,114.89654398224701,113.021287070763,113.14116668701172,8634900
2021-03-09,113.8347516341068,114.66535074660635,113.02984007635278,113.24391174316406,8930200
2021-03-10,113.47513528463938,115.14489200341727,111.77967794012625,114.38279724121094,7791700
2021-03-11,114.18583774952523,115.23906674201857,113.97176607250393,114.07451629638672,4458900
2021-03-12,113.98889941223996,114.56261002437648,113.57788538946608,113.92039489746094,5275100
2021-03-15,114.3656656865132,114.42561203559647,113.00417277736422,113.91183471679688,5389200
2021-03-16,113.95465135186991,115.23908157937173,113.67207513391152,114.75099182128906,5544700
2021-03-17,115.05068722755047,115.22194196284484,114.21152987847893,114.41703033447266,6199500
2021-03-18,113.33810592744574,113.95463338471109,112.52463619146718,113.48367309570312,6476700
2021-03-19,113.29530025980883,115.60727192178545,113.18397879880614,115.17057037353516,16114400
2021-03-22,116.13816684132536,118.33881681943045,115.67576471621989,117.99630737304688,7813400
2021-03-23,118.55288200462492,120.02569606212221,118.32168095471971,119.41773986816406,6978400
2021-03-24,119.03244557467313,119.97436645678707,118.83550323237733,118.86119079589844,5082300
2021-03-25,119.17798448151859,120.09421758247811,118.45870674197405,119.56332397460938,5827600
2021-03-26,119.55475850838121,122.44901206556425,119.13518633970294,122.19212341308594,6785600
2021-03-29,122.33768767018555,124.12733696451036,121.95236123364836,123.99888610839844,6105800
2021-03-30,123.03126579481736,123.94749882807912,121.69546064410507,122.05509948730469,4372700
2021-03-31,122.72301487556024,122.73157303875043,120.88199064962423,121.12174987792969,6257900
2021-04-01,120.89911074040205,121.84958941730766,119.97431961698872,120.9761734008789,4823400
2021-04-05,121.4642726867259,123.59641819114483,121.01044178448986,122.58600616455078,5980700
2021-04-06,122.48322509969579,123.47652065570438,122.07221120496318,123.02268981933594,4751900
2021-04-07,123.3053313298969,123.39096525857056,122.46617370568796,122.80012512207031,4849200
2021-04-08,123.03126579481736,123.4422928149581,121.63552736985415,122.05509948730469,6725100
2021-04-09,121.79821912260911,122.56887188962045,121.25875434616268,122.08079528808594,4950800
2021-04-12,121.76398689109493,122.8514748439945,121.63554909055183,122.46614837646484,4386700
2021-04-13,121.65264878450408,123.27958816836876,121.4813810043944,122.49180603027344,5283300
2021-04-14,122.08078723472616,122.2092249987895,120.94192448507684,121.6868896484375,4685300
2021-04-15,121.31011615883631,122.53461274169014,121.0960445174748,121.85813903808594,4777100
2021-04-16,122.84289319531781,123.57930026475309,121.98660651299296,123.44229125976562,6481400
2021-04-19,123.72487229380245,124.67535107116181,122.67163022571614,123.94750213623047,6621200
2021-04-20,123.41661943970865,125.5744527468362,123.24535162868942,124.7695541381836,4999700
2021-04-21,126.17383718875759,126.55916355001379,125.19767097615672,125.85700225830078,6316000
2021-04-22,125.2233793748245,125.57444701322567,124.48697224512381,125.07781219482422,4904400
2021-04-23,124.59828116078673,125.30900073616861,124.21295473376976,124.87229919433594,4354700
2021-04-26,124.63250218397235,124.82088625848183,122.43183961624558,122.75723266601562,5817700
2021-04-27,122.123603927204,122.60312238455433,121.70403180997148,122.35480499267578,4693700
2021-04-28,122.86859804199251,123.03985278937884,121.36152490683355,121.44715881347656,4962700
2021-04-29,121.67832683803596,123.67346304838802,121.56700540283576,123.25389099121094,4699900
2021-04-30,122.72301358242825,123.51079576225936,122.0208522312909,123.44229125976562,5051100
2021-05-03,124.1872699674338,125.68577182409956,123.39092953809451,124.83804321289062,6109800
2021-05-04,125.0007393722535,125.6772132393301,122.86859367122545,123.27104949951172,6603800
2021-05-05,123.06551529955134,123.79336416017217,122.877131196,123.2110824584961,5305200
2021-05-06,123.70776373944003,124.9836358648733,123.31386603474836,124.64111328125,4472200
2021-05-07,124.35853704947347,125.01788159028536,123.793397651821,124.64111328125,4181000
2021-05-10,125.43747234483753,126.72190269135722,125.11207914263083,125.63441467285156,5270600
2021-05-11,126.0197375005022,126.42219337598526,124.17872595036538,124.71817779541016,5266100
2021-05-12,124.05885263601303,124.795259906794,123.17687815734415,123.50225830078125,5651700
2021-05-13,123.51080440315553,125.9769013359703,122.94565201746722,125.33468627929688,4849400
2021-05-14,126.04538374469891,126.64478174599323,125.37748124812862,125.5230484008789,4224700
2021-05-17,125.8741564839624,126.21666596912365,124.76955228830292,125.16343688964844,3747100
2021-05-18,125.56589008114378,125.83133688644807,124.43559835115468,124.59828186035156,4527300
2021-05-19,123.85333190976804,124.70106061175058,123.3738133548327,124.52979278564453,4432700
2021-05-20,124.37566169699751,126.49924937079027,124.25578206378098,126.07110595703125,3964600
2021-05-21,126.61910917853686,126.99587741419609,125.46312998192573,125.95977783203125,5194200
2021-05-24,126.42219427011793,127.03016370309464,125.88272935535697,126.60202026367188,3627800
2021-05-25,126.60200115155301,127.04726085388668,125.88271035182385,126.9873275756836,4649300
2021-05-26,126.65337626598391,127.30414949194004,126.45642090613363,126.9873275756836,4462600
2021-05-27,127.20996514122875,127.38979111854093,125.39464130312334,125.45457458496094,9203600
2021-05-28,126.22520815838459,127.15855739672728,126.07964100738681,126.67903900146484,4913700
2021-06-01,127.39834455393758,127.45829089944972,125.95121782256386,126.41361999511719,5530300
2021-06-02,126.90166333526133,127.18423946297305,126.07106434147424,126.91879272460938,4546900
2021-06-03,126.54362483750322,127.44928399691238,126.06922379697389,127.37165832519531,4651600
2021-06-04,127.65628998800888,128.1651869042361,127.19914351596015,127.51828002929688,4427400
2021-06-07,127.4492792565322,127.87192983352996,126.54362013080832,127.44065856933594,4724100
2021-06-08,127.3975495397163,127.54418021403825,125.8622246422786,126.2503662109375,5997200
2021-06-09,127.00939766689888,127.30265899175075,125.9484739556079,126.0174789428711,4008000
2021-06-10,126.19861478063751,127.6649346738735,126.04336341891728,127.3113021850586,4698200
2021-06-11,127.69941657555339,127.75978770514507,126.61260462936544,127.38890075683594,4364600
2021-06-14,127.19913203117558,128.1996843994669,126.61259634028475,128.14793395996094,3831900
2021-06-15,128.43259249137427,128.66548268692398,127.71669368963751,128.15658569335938,4256500
2021-06-16,128.398082639897,128.7517282389453,126.5781173595844,126.88001251220703,5492100
2021-06-17,127.00937998893912,128.51882932666845,126.71611870490517,128.1048126220703,5316400
2021-06-18,127.63904559004907,127.63904559004907,125.26705352688595,125.43093872070312,10661700
2021-06-21,125.71555783285213,126.56947956753966,125.45679247433897,126.41421508789062,4904300
2021-06-22,126.56087414325287,127.22503564161244,126.1813532870474,126.60400390625,3518000
2021-06-23,125.98295432367955,126.04333861559245,124.92203074329464,124.93928527832031,3901700
2021-06-24,124.94793371836946,125.87948139636039,124.73229804739071,125.64659118652344,3818900
2021-06-25,125.72419814575139,126.61261592496672,125.27568549308775,126.28485870361328,6387600
2021-06-28,126.58675906084792,127.30267106507527,126.46600361202385,126.8282699584961,4282800
2021-06-29,127.18188870104036,127.39752432554582,126.2762164458467,126.74199676513672,3197700
2021-06-30,127.16464649077116,127.92368817423038,126.96626538217808,127.80293273925781,4943700
2021-07-01,127.7252878747147,128.58783032673625,127.60453245788581,127.82878875732422,3997600
2021-07-02,128.43258929516824,129.19163100319255,128.13932796665182,128.44122314453125,3835500
2021-07-06,128.57923099541276,128.88111300694644,127.45792298928139,128.6309814453125,4313800
2021-07-07,128.7689546116354,129.98514260636864,128.51882309593398,129.20022583007812,4225000
2021-07-08,128.8810993097832,129.95927743929352,128.68271821913245,129.2606201171875,4216000
2021-07-09,128.8724749397129,129.64875790623282,128.66546000667583,128.93284606933594,4088600
2021-07-12,128.94149885843785,129.20025111105178,128.32908781742165,128.958740234375,4873700
2021-07-13,130.37331134324626,132.75393739031483,130.02829956086094,131.9345245361328,8750800
2021-07-14,131.87411249147362,133.8148329721482,131.7964868309714,133.29730224609375,6390300
2021-07-15,132.89190484104668,134.00457867032483,132.1932344890609,133.90969848632812,4920600
2021-07-16,134.2805986129156,135.28115098617798,133.78895627381357,134.4013671875,5852500
2021-07-19,134.54800993743652,135.88494028955708,133.48707318133847,134.38412475585938,5750200
2021-07-20,134.72912435978373,135.70380151316456,134.17709773338947,134.4013671875,5213500
2021-07-21,133.95287349902327,134.6601516139767,133.3232210622923,133.901123046875,4905900
2021-07-22,133.8579559326172,134.3495982521992,132.80565316137213,133.8579559326172,3333500
2021-07-23,134.17711764665648,136.1005838576459,133.90111087317356,135.57443237304688,3588400
2021-07-26,135.2380596837479,135.82459554431787,134.5825319914466,135.47958374023438,2999800
2021-07-27,135.68654402279486,136.85098153750198,135.44503320159455,136.22994995117188,4043900
2021-07-28,135.9367166187521,136.24723247571083,134.47901754473335,134.9792938232422,3556800
2021-07-29,135.61753049116214,135.79003632950977,134.7291129203876,135.25526428222656,3055600
2021-07-30,135.73831915414712,135.93671342014375,135.0914122308178,135.3760528564453,3757300
2021-08-02,135.41917947310327,135.51405967944308,134.1339863438377,134.83265686035156,3425900
2021-08-03,135.41919264866655,135.54856877837446,134.82403612929812,135.13455200195312,3359900
2021-08-04,134.7205355265264,135.12593161565826,132.71943030686634,132.87469482421875,4846300
2021-08-05,133.67680926387845,133.85794894775813,132.71938673217562,133.09890747070312,3733500
2021-08-06,132.63318915139354,133.48709796563298,132.52105439342003,133.1162109375,3430900
2021-08-09,133.38358492800066,133.51296105131524,132.58142664073935,133.13345336914062,2636600
2021-08-10,133.09896795502033,133.96151069405755,132.6676965855017,133.2024688720703,2670200
2021-08-11,133.44397968413668,134.57390845415193,133.23696470925466,133.72860717773438,3058000
2021-08-12,133.89245234703648,133.95283663216108,133.3490595876774,133.75445556640625,1958700
2021-08-13,133.78031844406087,135.1345030359535,133.60779945182122,135.005126953125,2113800
2021-08-16,135.35877266278484,136.3852002257253,135.18626681486643,136.3248291015625,3224000
2021-08-17,136.2041141965223,136.66988144054804,135.62621219539417,136.1954803466797,3736300
2021-08-18,136.00569572061576,136.45422150789915,134.72913649980597,134.7981414794922,3419200
2021-08-19,134.4013669393466,137.50651177157366,134.36685787199963,137.06661987304688,4745600
2021-08-20,137.08388126146224,137.6876715760192,136.497358644453,136.5836181640625,3484100
2021-08-23,136.1350739573496,136.73023034271247,135.6951820540328,136.15232849121094,3102100
2021-08-24,136.06609119037643,136.06609119037643,134.28062174288422,134.46176147460938,3760800
2021-08-25,134.0046023649613,134.27198843222615,132.96955400465868,133.86659240722656,3346700
2021-08-26,134.1339826923336,134.27199265440808,132.90917389197008,133.3749542236328,3220700
2021-08-27,133.55607447181583,134.0477300029663,133.01268165902516,133.642333984375,4166500
2021-08-30,133.84937975886396,134.70330183305,133.70274906839208,134.55667114257812,2540300
2021-08-31,134.63425524841512,134.96202560903114,133.9873483754229,134.8930206298828,5291200
2021-09-01,135.28115953179255,136.44559714542993,134.99651893376222,136.20408630371094,4231400
2021-09-02,136.16501439656355,136.59924177148304,135.36603761689983,136.30397033691406,2862500
2021-09-03,135.65262817712292,136.71214402348056,135.3920891039654,136.42555236816406,2035100
2021-09-07,135.895785005937,136.13895125690948,133.46410924464556,134.20230102539062,4609900
2021-09-08,134.31518796341402,136.13025484767402,134.00254378585436,136.1042022705078,3199100
2021-09-09,136.24319202139893,136.32134977230933,134.957869387997,135.2444610595703,3560400
2021-09-10,135.46156617016933,135.69605265960408,134.6191640151331,135.00997924804688,3851500
2021-09-13,135.4268365591509,136.69477308005045,134.94918379378413,135.2705078125,3367200
2021-09-14,135.80893132974538,136.06077732701343,134.45414430650416,134.74072265625,2808600
2021-09-15,134.80155613626442,135.8089668922647,134.41943390112166,135.49632263183594,3702400
2021-09-16,134.9491965433415,135.58316486368648,133.5770363111815,135.09683227539062,4589900
2021-09-17,134.8102423329477,135.04472885232684,133.5944108464805,133.85494995117188,8127400
2021-09-20,133.65518161978645,134.5670617637091,132.3698722916146,133.40333557128906,5484600
2021-09-21,134.27179755516522,135.5831595364788,132.84753220901575,133.34254455566406,4479800
2021-09-22,134.28045979473657,134.68863455875896,133.26436939862768,133.75070190429688,3001000
2021-09-23,133.4728276978338,134.54970322825633,133.34255151970348,133.85494995117188,2712500
2021-09-24,133.52489327505967,134.28044452821274,133.35120500729136,133.9156951904297,2366100
2021-09-27,133.56831890210228,133.872270058368,132.3437947469865,132.63038635253906,4482000
2021-09-28,132.32640674994897,132.43931007444732,130.3550245935734,131.1800537109375,5910900
2021-09-29,131.43191799931395,133.0211915318755,130.86742780128293,132.26564025878906,3326500
2021-09-30,133.064623033552,133.24699108986073,130.5895219711172,130.624267578125,4949200
2021-10-01,131.44060572463746,131.66639914442908,129.8513322561811,131.0932159423828,4274300
2021-10-04,131.03245062368586,132.87357036470843,129.81660608117306,130.44189453125,5404900
2021-10-05,131.4492844182797,132.34379156643186,130.32898385219374,131.2147979736328,6103100
2021-10-06,130.99771714718335,134.7494481951217,130.2334859441936,134.5757598876953,5499200
2021-10-07,135.06207562159253,136.99872584866586,135.06207562159253,135.817626953125,4605100
2021-10-08,135.97396259620186,136.09554572758748,135.03602990341247,135.50498962402344,4186000
2021-10-11,135.81765611789663,136.54715502578827,135.18368777543625,135.68739318847656,2738100
2021-10-12,135.67001034588617,137.08559591487227,135.66133056842338,136.28660583496094,3195400
2021-10-13,136.7469038365206,137.2592890076202,135.49632675673445,137.20718383789062,3599900
2021-10-14,137.75430903492244,138.5098737927408,137.74562925667436,138.31011962890625,3677100
2021-10-15,138.65747275984018,138.65747275984018,136.79028730923955,137.91928100585938,4313000
2021-10-18,137.389521629491,137.82374895022363,136.1736904320661,137.2939910888672,3274200
2021-10-19,137.77166204122517,139.09171698154543,136.81635650844711,139.03961181640625,3125800
2021-10-20,139.45645537226022,140.58544911683626,138.6748382022152,140.09042358398438,3716500
2021-10-21,140.15986019298057,140.1945925395586,138.06688183234314,138.24057006835938,4164700
2021-10-22,138.58798475925812,139.36090881260492,138.49245422450446,138.9266815185547,3240300
2021-10-25,138.9093436645862,138.9093436645862,137.9019329085593,138.27537536621094,3281200
2021-10-26,138.23193216335767,140.16858242207394,138.1711472255443,139.96884155273438,3684700
2021-10-27,140.47253591363722,140.55069364968938,138.57061816030557,139.4824981689453,3751800
2021-10-28,139.69094905515408,140.45518020886266,139.36093201622708,140.35964965820312,3589600
2021-10-29,139.84722920537968,140.91542454621518,139.74301890429257,140.34225463867188,4558200
2021-11-01,139.9948919097096,140.25543096429098,139.10906442475957,140.0469970703125,3017100
2021-11-02,140.29885796457515,141.3931061045401,139.76910007306586,141.3323211669922,3464500
2021-11-03,140.81990274265024,142.76524574335204,140.81990274265024,142.6870880126953,3595000
2021-11-04,142.617643032522,142.9129144732065,141.86209162501513,142.69580078125,3310100
2021-11-05,143.7726806946441,144.53691183265119,142.8781733984683,144.16348266601562,3754300
2021-11-08,143.9984607372831,144.25032000200957,139.95145896263602,141.06307983398438,5766400
2021-11-09,140.95884906208428,142.30495619969068,140.68963028487585,142.00099182128906,3778600
2021-11-10,143.06924792845697,143.29504140495465,141.58418439593365,142.46131896972656,2683500
2021-11-11,142.40048483097897,142.40916460537971,141.16728103631203,141.2888641357422,2453000
2021-11-12,141.56677931732855,142.36575595768397,140.75912290155256,141.25413513183594,3540900
2021-11-15,141.1325850548414,142.32237714424667,141.11522549993668,142.25289916992188,3357100
2021-11-16,142.66106921419498,143.2863577106308,141.75786882975737,141.8273468017578,2899400
2021-11-17,141.22809928165717,142.1399793683146,140.7591395736555,141.8794403076172,3332200
2021-11-18,141.39310891923395,142.00971759273438,140.47254904880936,141.92286682128906,3498900
2021-11-19,142.86078671862163,143.32106661266576,141.94022693053336,142.2615509033203,5242200
2021-11-22,141.73180964398566,144.85825198051634,141.71443683890283,142.5568389892578,4157200
2021-11-23,142.04448556856065,143.92035138899527,141.8273718370725,143.51217651367188,3878000
2021-11-24,143.3731810223886,143.72925062425068,141.19336452970873,142.20077514648438,3309500
2021-11-26,141.30625968054105,142.13128893458133,139.72566588197523,139.94277954101562,3402900
2021-11-29,141.27152724398707,142.93027893406554,139.94279258691637,142.54815673828125,5305800
2021-11-30,142.2789323499703,142.42656805593782,137.55453675274214,138.76168823242188,7610000
2021-12-01,141.09784900023664,141.77524266771186,138.99619002530468,139.0917205810547,5385600
2021-12-02,140.0053670601293,141.36930900819618,139.74306745293669,140.43377685546875,4619800
2021-12-03,141.17695393976445,144.15839895308324,141.06328766606646,144.009765625,6465900
2021-12-06,145.18135700908758,146.26550914155374,144.9540244591611,145.50485229492188,5403100
2021-12-07,145.50486866355664,145.97701067335458,144.84038781919367,145.3387451171875,5460100
2021-12-08,145.26005333578067,145.740933755467,143.4152308828844,145.59230041503906,3891900
2021-12-09,145.0677058868555,145.90706204134923,144.13218698640944,145.40869140625,3644500
2021-12-10,146.48407090229063,147.8655028559776,145.92450471076899,147.73435974121094,5025700
2021-12-13,147.69943275825608,149.7366077046433,146.93003730489295,148.46884155273438,5411800
2021-12-14,148.06665647318025,148.97594683681987,147.14861433821045,148.10162353515625,4985000
2021-12-15,148.43384505478437,150.19122978518607,148.16280701259984,150.00762939453125,5507800
2021-12-16,150.00764599474022,151.74754071915442,149.52676554033656,150.22622680664062,6909900
2021-12-17,149.6054049989843,150.71579891432665,146.92997882625116,147.1485595703125,10159600
2021-12-20,146.1518875182334,148.19780085920078,145.79341175971524,148.1278533935547,5263600
2021-12-21,147.96169659964545,148.2852052232414,146.69393075468474,147.69065856933594,3401400
2021-12-22,147.72564205395037,148.62619381140914,147.1223569591045,148.60870361328125,4362900
2021-12-23,148.6174431359874,149.18576117987396,147.97919098129884,148.4425811767578,3241700
2021-12-27,148.62620196411598,149.99888241742647,148.43384979749467,149.92019653320312,2868800
2021-12-28,149.9114634465222,151.07430157556348,149.684130873625,150.69834899902344,2332100
2021-12-29,151.07428909217248,151.66009733460677,150.32237066011058,151.23167419433594,2299500
2021-12-30,151.73001714048695,151.79996458584142,150.5846560726684,150.9693603515625,1988900
2021-12-31,150.78580374942555,152.14974597697034,150.4797852548109,151.8787078857422,2914900
2022-01-03,150.55844647845228,151.42403121537137,149.1333087901936,151.24041748046875,5488900
2022-01-04,150.96062715361225,152.52565960666476,150.55843266416835,151.458984375,4717600
2022-01-05,151.57267422240878,153.32132066551867,151.45900793445028,151.97486877441406,6564600
2022-01-06,152.05356074999608,153.5311691881586,151.4590139981568,152.0098419189453,4288700
2022-01-07,152.21090212430784,152.73550130988622,150.9169076986223,152.20216369628906,4916000
2022-01-10,152.51693952728493,153.74098665787585,151.79998810714375,152.28086853027344,5055900
2022-01-11,151.85241608268618,152.3332964130889,150.0513127916419,152.2108917236328,6452300
2022-01-12,152.04481506347656,152.42078101622116,151.2142106047304,152.04481506347656,5268000
2022-01-13,151.87867695986026,152.73550989275006,151.46774402099112,152.2895965576172,4310300
2022-01-14,152.6305823413596,153.82840065932984,151.60761262531528,153.56610107421875,4474500
2022-01-18,151.79997951421487,152.79670736159238,151.3890465705396,152.09725952148438,5789500
2022-01-19,152.09725116279947,153.8458973491953,151.75626569009674,153.19015502929688,6424500
2022-01-20,153.36501367704193,154.6502696636542,151.99232004654817,152.0797576904297,6284200
2022-01-21,153.29511493304454,154.96507573751498,152.2284393761347,152.32461547851562,6753200
2022-01-24,153.43495824337828,154.31801972911316,147.72562974221896,151.54641723632812,9263900
2022-01-25,150.45353778396353,150.8032617273486,148.40762469882299,149.80653381347656,6536900
2022-01-26,148.0753961793858,150.21748561869742,145.53111214775257,148.22402954101562,6841800
2022-01-27,149.31693605031762,151.50274435804695,147.56828940413413,148.08413696289062,6543500
2022-01-28,147.33217323979613,151.02181760030058,146.19556394084134,150.9693603515625,5796000
2022-01-31,149.30819633146464,152.22843300352383,149.15081119728634,151.71258544921875,5908000
2022-02-01,151.38906210928062,151.6338715466684,148.2502449118978,150.6808624267578,5952700
2022-02-02,151.0480889660091,153.56614434684778,150.88197874503877,153.41751098632812,5767000
2022-02-03,153.2426232964844,154.45793194975008,151.98359581719365,153.33004760742188,4632700
2022-02-04,151.34534939784487,152.9103820365356,149.6753889044857,150.81201171875,4592400
2022-02-07,151.03058044131419,151.24916122115457,149.69286713597998,150.2174530029297,4813300
2022-02-08,150.93444557014394,150.94318400092283,148.90600897572145,150.40110778808594,3957700
2022-02-09,150.8207192148566,151.0655285903513,149.5179731272445,150.3311004638672,6780200
2022-02-10,147.46333900507534,149.9026946130541,146.2742590412615,147.20977783203125,7899800
2022-02-11,146.93873510243367,148.90596203795238,146.61523983108182,147.3933868408203,7299600
2022-02-14,148.12783981493553,148.3551590516112,144.35077040408805,145.7496795654297,6822500
2022-02-15,146.20427263804928,147.1048241345561,144.49059392811773,145.10263061523438,4943800
2022-02-16,144.81418358258864,146.18686433175122,143.86116097306567,145.3999786376953,4161700
2022-02-17,145.14640720573294,146.84259655371145,144.2633454695992,145.7934112548828,5156800
2022-02-18,146.10812179383782,147.09611108497887,145.32997483229005,146.63272094726562,5181600
2022-02-22,147.38464339865018,147.70813865899646,145.33871731607005,147.19229125976562,7733900
2022-02-23,147.86553525064,147.86553525064,145.592302936295,145.74093627929688,5812800
2022-02-24,144.88411093168753,145.43492550458433,140.14526719926863,143.2053985595703,8888800
2022-02-25,143.75622573018657,147.28849909597818,143.61633080971458,147.2185516357422,6535600
2022-02-28,143.4239531229651,144.44692287351796,141.12449247929223,143.1616668701172,7677000
2022-03-01,142.57588024466733,143.73871827580413,141.0283245578561,141.8764190673828,5107900
2022-03-02,142.49717811498869,144.980265910728,142.0687683252433,143.84364318847656,5452100
2022-03-03,144.30566980822167,145.3793606785623,143.27598530381778,143.6896209716797,5352200
2022-03-04,142.57196127775026,146.53229353546556,141.62147992443528,145.8722381591797,6340300
2022-03-07,144.3936849355988,145.3441526255419,142.686339968245,142.96795654296875,6319500
2022-03-08,142.90641325367295,144.30572762060135,138.77886425195913,138.93727111816406,6163700
2022-03-09,140.64457085247636,140.86458926966097,137.64351641915215,138.52359008789062,5764900
2022-03-10,137.10668744908162,137.511527294134,134.97691052581328,135.98019409179688,6103700
2022-03-11,136.80742873081866,138.07473677354886,135.07368278748035,135.293701171875,4762600
2022-03-14,136.5434275251686,138.8756308591599,135.97138499865952,137.19468688964844,6075600
2022-03-15,138.45319956338983,140.37175376460237,138.02195862025673,139.9317169189453,6203400
2022-03-16,139.41247090357757,140.80298888986178,138.20676086467228,140.54776000976562,6299000
2022-03-17,140.66218622365628,142.24632162732811,140.1957482199167,141.63906860351562,3587600
2022-03-18,142.02628777478387,143.3903911684567,140.86458412859517,143.26718139648438,12123000
2022-03-21,142.80957333569194,144.16488102252228,141.75348750546755,143.06478881835938,5122600
2022-03-22,143.31120651105599,145.00975583492882,142.77436098533778,144.63131713867188,5779200
2022-03-23,144.55209589012327,145.45857066827628,143.12638088542786,143.8744354248047,4533700
2022-03-24,144.38490930735853,144.97455715752818,143.68965689562438,144.74574279785156,3160300
2022-03-25,144.71046907817183,146.00417810735655,144.71046907817183,145.42333984375,4146800
2022-03-28,145.30017694430754,145.88982472687078,144.07687500728784,145.8546142578125,4308000
2022-03-29,147.22753310422976,148.36283577249742,146.4178668581289,148.0196075439453,4440400
2022-03-30,147.9403942289941,148.063604009746,146.19783863554136,147.8171844482422,3871500
2022-03-31,148.1780118478359,148.99648741203265,147.2099387876154,147.30674743652344,6076200
2022-04-01,147.75555754345606,149.5509017954857,147.29791550711224,149.4012908935547,3239600
2022-04-04,148.82924723856328,149.0756667725948,147.36832183762118,149.01406860351562,3759900
2022-04-05,148.13400487874287,150.8270281293927,148.13400487874287,149.1724853515625,4480700
2022-04-06,149.54212864791324,151.98873257667103,149.16370338465845,151.71591186523438,4294800
2022-04-07,151.39907788556806,152.49917001310305,150.29898575803307,151.85671997070312,5041600
2022-04-08,152.24396245368354,152.8600113913205,151.01185114954993,152.36717224121094,3883100
2022-04-11,152.78961127096068,153.9865121629217,151.65432199017354,151.90074157714844,3825100
2022-04-12,152.93920100990275,153.70486080412428,151.92712166285457,152.5167694091797,3924300
2022-04-13,152.76319092769995,152.97441344520863,151.1350492487764,152.25274658203125,4394000
2022-04-14,152.67517066679198,153.36162702880432,151.161442938032,151.28465270996094,4834300
2022-04-18,150.68622414075952,151.6455012772681,149.5773360825912,149.98216247558594,3086000
2022-04-19,149.47171057477925,152.40235754037772,149.47171057477925,152.16473388671875,3642000
2022-04-20,152.88641510498567,154.86658107072955,152.88641510498567,154.42654418945312,4197600
2022-04-21,154.6817517800655,155.98427055096857,153.7048694163178,153.87208557128906,3701300
2022-04-22,154.00410400118759,154.25052356672515,151.3198764885186,151.5046844482422,5864000
2022-04-25,152.4375841912284,153.06242905014764,150.49261524341912,152.90402221679688,7369900
2022-04-26,153.1064171555048,154.3209231150494,152.01512097237352,152.5167694091797,7386600
2022-04-27,152.6223775343066,155.50022225740554,152.41996434591786,153.88088989257812,5180300
2022-04-28,153.59926890481893,156.31869354091688,152.97442406902326,156.2130889892578,5235800
2022-04-29,156.13387960301299,156.13387960301299,150.85343736029543,151.11746215820312,6505600
2022-05-02,152.2527500793819,152.65758989002504,145.44978413938367,147.6411590576172,7692100
2022-05-03,148.85569223900495,149.00530318383784,146.60270530457342,147.84361267089844,5564900
2022-05-04,147.50918186793044,153.23845792646642,147.50918186793044,153.0096435546875,6231500
2022-05-05,152.34077052651966,152.53438782459557,148.8028703139664,149.9557647705078,6534300
2022-05-06,148.94365841215864,150.3165710566242,148.4860163877177,149.9733428955078,5824600
2022-05-09,149.3132831685663,152.15591700264187,148.52120890854636,151.10862731933594,7269100
2022-05-10,152.3583697844813,153.60807295118374,150.27259920548238,150.92385864257812,5936700
2022-05-11,150.33418964287316,151.73350354489307,149.5421152884189,150.19337463378906,5376900
2022-05-12,150.71262185316567,151.36388122870144,147.99319732995298,149.9645538330078,6473500
2022-05-13,150.22857208431444,153.27363287704551,149.13728933306086,152.8863983154297,4714600
2022-05-16,152.87761920174972,155.15700702383515,152.62239029044787,154.42654418945312,5317200
2022-05-17,154.28574392138702,154.61136694744107,151.88314607989886,153.53768920898438,5012200
2022-05-18,152.85999484230044,153.01840165388913,143.3815978453558,144.0240478515625,8875400
2022-05-19,143.01200337586516,143.25842298429617,140.5213927209944,141.86790466308594,6423800
2022-05-20,142.78316078003473,143.50481422525442,140.47735857285852,142.7567596435547,5768800
2022-05-23,144.5169171346148,146.92831062746572,143.95367046889126,145.74021911621094,4657800
2022-05-24,146.10981933986486,148.0811755622781,145.3529555248006,147.69395446777344,6327600
2022-05-25,147.7203461219639,149.16366616169788,146.93708122409953,148.70602416992188,5781000
2022-05-26,148.69724080372052,150.57178843302555,148.69724080372052,149.70932006835938,5193800
2022-05-27,150.72141140363775,151.2054546063481,149.78853546506423,151.17025756835938,6713500
2022-05-31,150.47498886476254,150.47498886476254,145.53777515281953,147.63235473632812,13610000
2022-06-01,148.0107503906118,148.18677582847138,144.17364293621378,146.5234375,5613900
2022-06-02,146.77160353259933,147.77300815486555,144.1396034450016,147.71096801757812,4677300
2022-06-03,146.98430072388487,147.63121927657332,145.6550082466481,146.08924865722656,4222000
2022-06-06,147.51601006599952,148.54398588048318,145.98288314193212,146.70069885253906,3447800
2022-06-07,146.82475845103733,147.87047542123682,145.53092152317174,147.6046142578125,4168300
2022-06-08,146.87793493353712,147.82615636322728,146.31962786753814,146.8690643310547,2646800
2022-06-09,146.39052401452636,147.93249434218384,144.15730928898478,144.25479125976562,3522900
2022-06-10,142.6508091187649,145.2650816439148,141.30378894304133,144.0244140625,5203300
2022-06-13,142.26086376598803,144.3345565509437,140.95815620363518,141.56077575683594,6300700
2022-06-14,141.79119345392846,141.83550590633521,137.23615190511148,138.35275268554688,6159200
2022-06-15,139.94788177073903,141.64937417108806,138.18434924344945,139.83267211914062,5940100
2022-06-16,138.80472236747673,140.42646078395427,137.45770222791808,139.15919494628906,7207900
2022-06-17,139.15919099029387,140.89613903052566,138.3970627974771,139.18577575683594,9881800
2022-06-21,140.16946719280267,142.64195891520473,139.44279429500799,142.42041015625,4449600
2022-06-22,142.08362040136913,144.4409019224637,141.4012465879449,143.59014892578125,4706500
2022-06-23,145.14103265883136,146.34625853790263,144.58272541769668,145.42462158203125,5810700
2022-06-24,146.78931616884708,147.276726046629,145.28278761027963,147.2235565185547,5951500
2022-06-27,146.99313480422558,148.10974896462454,146.52345261754547,147.41851806640625,4595800
2022-06-28,148.1274695112222,149.2795255653373,145.20303721065562,145.34481811523438,4372900
2022-06-29,147.1615457474169,148.49083830351995,146.53235484332885,147.7552947998047,3653600
2022-06-30,148.10978057062027,148.50856563203595,146.78048801772584,147.69326782226562,6295100
2022-07-01,147.7641378262146,150.2277584886091,146.89565711562156,150.112548828125,3918700
2022-07-05,149.43905772873416,150.11256101813692,146.51461170918182,149.7758026123047,4971600
2022-07-06,150.65314948294872,152.38122702256533,150.19232429829677,151.2734832763672,4209100
2022-07-07,150.22778266062113,151.5747893467785,150.10371589946814,150.97218322753906,5150200
2022-07-08,151.15827019713984,153.04585613417535,151.1405425129521,152.31918334960938,3482900
2022-07-11,151.90268180056373,153.13449225781665,150.67087134331084,151.0696563720703,4921300
2022-07-12,153.31173499003273,153.59532388070033,149.65174531314665,150.21005249023438,5201600
2022-07-13,149.3592848296089,151.92925819311557,148.8630178414176,150.74176025390625,4533100
2022-07-14,149.13773990274223,151.68112856544673,148.61488813558876,151.5216064453125,4218300
2022-07-15,151.8406549085502,153.24084469442448,150.6708844873248,151.64569091796875,4659100
2022-07-18,151.67226319204119,151.7520310159898,148.74783061877213,149.1111602783203,3479700
2022-07-19,150.8746780185503,151.31777545766496,149.43904664294215,150.706298828125,4201600
2022-07-20,150.69745684170553,151.15828201077554,148.40221512253513,149.1111602783203,3460700
2022-07-21,148.87190622131197,150.13030152656282,148.49083533127992,149.3327178955078,3088300
2022-07-22,149.89101292752557,151.15827873443476,149.3149916203698,150.30752563476562,3757800
2022-07-25,150.9278447005484,151.4152545788321,149.80237344019523,150.52020263671875,3357200
2022-07-26,151.15828626315127,152.41668152901175,149.97964530122096,152.27488708496094,3732100
2022-07-27,151.08737328930061,152.3812102701518,149.82010755139348,152.0621795654297,4479000
2022-07-28,152.3103366942512,155.1904705647316,151.70773055972927,154.9423370361328,3134200
2022-07-29,153.8966345346332,155.50950248259394,153.65735808659994,155.04869079589844,4215500
2022-08-01,154.68534738968137,157.467999282544,154.68534738968137,156.8122100830078,4034600
2022-08-02,156.8033516785093,156.98944506341815,155.27909513631394,155.51837158203125,3781100
2022-08-03,155.1550000362163,156.90966209907413,154.41059958800517,156.70584106445312,4401300
2022-08-04,156.34251246917248,156.62610134569536,154.71191699595173,155.8551025390625,3822500
2022-08-05,154.5435693023578,154.81828763109095,152.7800361128329,154.68536376953125,3295600
2022-08-08,155.78417848309934,155.94370057922816,153.59528975997813,154.06497192382812,2846100
2022-08-09,154.8979970349818,155.28792494551593,154.16246718460064,154.64100646972656,3228800
2022-08-10,155.8019503499838,156.35138695658569,154.8360009860342,155.9171600341797,4041100
2022-08-11,156.2893363956202,156.9628396657871,154.79166481952444,155.1195526123047,2743800
2022-08-12,155.90829036069218,157.19328401505442,155.4208938956731,157.1489715576172,3756200
2022-08-15,157.5388950438701,158.94794190315451,156.6792847787628,158.87704467773438,3043100
2022-08-16,159.32013791772582,160.13543570477475,158.30987614657138,159.79869079589844,3395700
2022-08-17,159.60371342500974,160.46332359493962,159.26695502211635,159.71005249023438,2666200
2022-08-18,160.24178165969553,160.3392501254458,159.46192575559604,159.86956787109375,3010600
2022-08-19,159.30239779548592,160.41014147221807,158.912483379976,159.66574096679688,3704000
2022-08-22,159.63915105845214,159.93159700236131,157.76042217035086,158.1414794921875,3385000
2022-08-23,157.58316033541684,158.50479694550654,157.11346466730546,158.070556640625,2575000
2022-08-24,158.07060094018007,159.07200563705274,157.84019510365076,158.85931396484375,3340600
2022-08-25,158.6555028944667,158.93909180861527,157.20214351511459,158.86819458007812,3401800
2022-08-26,159.47964351169773,159.49735767404277,154.79166481952444,155.1195526123047,5246600
2022-08-29,154.68532590367866,155.34110148986355,153.49782795688753,154.6321563720703,4184500
2022-08-30,154.49922679225148,154.80940043858405,152.7179797824663,153.30287170410156,4026300
2022-08-31,154.02955987014113,154.56128231040384,152.60278529510836,152.66482543945312,5597900
2022-09-01,152.4863789570679,154.32420701543163,151.8797230832203,154.20823669433594,4846100
2022-09-02,154.98440371364137,156.09959196646625,151.5674652734094,152.25442504882812,5801500
2022-09-06,152.5399171587553,153.97628027646132,150.8894465934809,151.22845458984375,4900100
2022-09-07,152.21874854846993,155.03794803634062,151.6031623854642,154.5651092529297,6074600
2022-09-08,154.14575977858365,154.72565214884006,152.1651846119419,154.04762268066406,3888100
2022-09-09,154.02979769504972,155.724892025496,153.15549390709037,154.538330078125,3662000
2022-09-12,154.53833311996172,155.62675797692475,154.11902123507573,155.14498901367188,5953300
2022-09-13,153.89596224067307,154.19037354114462,148.94452421117197,149.35491943359375,6926200
2022-09-14,149.98832822751828,150.9429357365115,149.497656374028,150.48793029785156,5156900
2022-09-15,150.35413807996866,150.38090150865972,147.5081755152935,147.9899444580078,5461000
2022-09-16,148.4181746732886,149.14081448270937,147.42788696067626,148.96238708496094,12012600
2022-09-19,149.04270264919327,150.6039664672692,148.54310040551138,150.5325927734375,3720900
2022-09-20,149.50657851318644,150.90724768272062,148.86422908093638,150.70205688476562,3872000
2022-09-21,151.5585793099775,153.4766980473832,150.1846594813632,150.2738800048828,5134500
2022-09-22,150.23813920914657,151.56744835889617,149.92589470108396,150.4165802001953,4290600
2022-09-23,150.22921566876153,150.55039037942973,148.5698152658317,150.34519958496094,4565100
2022-09-26,150.17570690804493,151.6745133296061,149.46198373024265,150.2827606201172,5326400
2022-09-27,150.09540136408327,151.66558130510126,147.41894992928735,148.10589599609375,5400700
2022-09-28,148.90883922788598,151.32655939467776,147.41894956642648,150.47901916503906,5480900
2022-09-29,150.59500127239653,150.89832916346032,147.20482678146888,148.6411895751953,5167700
2022-09-30,149.60476176524588,150.0954474014223,145.4294891674922,145.65252685546875,5971900
2022-10-03,145.88448533233898,147.82045070524362,145.43840998522344,147.4279022216797,5093400
2022-10-04,149.33708134059557,150.53255982101456,147.69552758123186,149.0872802734375,4596800
2022-10-05,148.96237194822,149.0694256533633,146.07179939112325,148.09698486328125,3538600
2022-10-06,147.9096481577744,148.1148526057986,144.9744785510449,145.24212646484375,4623400
2022-10-07,144.79602117102326,145.4294403689758,143.618376039356,144.18043518066406,4779200
2022-10-10,144.5195076247194,145.4562550394123,143.80578428860167,144.3678436279297,4839200
2022-10-11,144.74251924966012,146.5535838911831,144.13584975861642,145.0547637939453,5222600
2022-10-12,150.5325458275798,152.2900833522932,148.63227457285683,151.12136840820312,9795300
2022-10-13,149.07835137015454,156.16201478038482,148.82855032360416,155.7783966064453,8412700
2022-10-14,157.000659534557,157.2504606147124,151.65668612715646,151.83511352539062,5937900
2022-10-17,153.69078412830834,154.86841581431082,152.6202061556322,154.10116577148438,6401800
2022-10-18,155.9657784271737,157.83036996185152,154.70784278175176,156.1798858642578,4547400
2022-10-19,155.9657537005019,156.87573739011776,153.74429410097514,154.6632080078125,5200200
2022-10-20,155.4126234487133,155.5553708041981,152.65588150995666,152.9681396484375,4314000
2022-10-21,152.73616831406392,154.95762803886652,152.18303934057874,154.39556884765625,5071500
2022-10-24,155.95682072770495,158.78493607033946,155.83192020703495,158.5172882080078,5316500
2022-10-25,158.90985515971403,159.57896808716148,157.5627126998493,159.04368591308594,5220000
2022-10-26,159.92689767684462,161.39002398843442,159.08828762117918,159.7574005126953,5136000
2022-10-27,160.9171861978145,161.4167883148296,159.31132613973355,159.587890625,5424100
2022-10-28,160.31944415776962,163.20108649758657,160.12316995623297,162.5765838623047,6715300
2022-10-31,161.63983570134604,163.24570946947622,161.06885987413727,161.9967041015625,4877200
2022-11-01,161.42573090474863,163.09404816189058,160.48897005698026,161.26513671875,4084500
2022-11-02,161.28297844795813,163.7810027587238,158.95446492306093,159.0169219970703,4970600
2022-11-03,157.71438624112432,159.6057412080334,157.4913485850968,158.60653686523438,3753800
2022-11-04,158.73142247626637,160.39973963020984,157.4913337699337,159.49867248535156,3922400
2022-11-07,160.15885856851924,161.14021593223592,159.54327255696037,160.77444458007812,3246100
2022-11-08,160.9796355770744,162.46952525238902,159.51650932723985,161.22052001953125,3724700
2022-11-09,160.54250828433865,161.54172627885453,159.1596720409507,159.2935028076172,4723600
2022-11-10,162.95128476642103,163.19216921514905,159.30239245752256,162.10374450683594,6704100
2022-11-11,161.59523750544056,162.09483964779116,156.51889857131167,158.847412109375,7390500
2022-11-14,159.40052817614767,159.85552003034647,157.46456322503101,157.6697540283203,5633000
2022-11-15,158.8384435367757,159.42726603942288,156.50101395813493,158.0801239013672,5153600
2022-11-16,159.07041980446166,160.25698147572064,158.5529709364073,159.09718322753906,4701100
2022-11-17,158.34781973922628,160.72986028052597,158.2942792665525,160.61387634277344,3920300
2022-11-18,160.77446208796522,162.2286582771226,160.60495129958267,161.77366638183594,4498100
2022-11-21,162.61228148431098,165.163832553573,162.4516873095174,164.88726806640625,4397600
2022-11-22,165.77050805851144,166.49314789801684,164.48580896021812,164.90512084960938,4109600
2022-11-23,165.04784324504675,166.0113674229726,164.60176799303312,165.1192169189453,2511000
2022-11-25,164.67314178229216,165.04784336066976,164.10216600384018,164.2538299560547,1837000
2022-11-28,164.51256331119384,165.4850178000447,163.71854983081025,164.0575714111328,6411400
2022-11-29,163.53118367721115,163.6382373772791,161.49708169710516,162.8977508544922,4375400
2022-11-30,162.28218917352723,165.67236418615684,160.80122951914268,165.5028533935547,7915600
2022-12-01,166.5082912792207,167.27135504422748,165.3233137701653,166.8853302001953,4683300
2022-12-02,165.17966634290323,167.25338713628062,165.0360285628985,166.69680786132812,3547700
2022-12-05,164.66798388852374,165.12582766120147,163.6715326140004,164.3896942138672,4083200
2022-12-06,164.95523081238622,165.4399911778348,162.21719567017564,163.0520782470703,5835100
2022-12-07,163.21371743688695,163.78825503627388,162.20828006247402,163.54586791992188,4241700
2022-12-08,163.2136617484668,165.1617028457496,162.71991545697753,164.98216247558594,3800800
2022-12-09,165.36821485120723,165.36821485120723,164.32686135339287,164.3717498779297,3116100
2022-12-12,165.3412683603265,165.3412683603265,163.70743293590232,165.1527557373047,4691400
2022-12-13,167.40601142881152,167.729189612379,164.22810403877642,165.06297302246094,5634900
2022-12-14,165.2425018422688,166.86736473687182,163.5009315470418,164.60511779785156,5392500
2022-12-15,163.36624572096179,164.02158782982764,160.1434507014956,161.81320190429688,6127800
2022-12-16,161.6606113489113,162.65707611702834,160.22426104778796,161.89401245117188,15708100
2022-12-19,162.36086360100282,164.7039021483087,161.90303352092866,162.79176330566406,4447800
2022-12-20,163.22264046624804,163.60865156015922,162.16332904235043,162.69297790527344,3249000
2022-12-21,162.9802570931728,164.89238185601386,162.8455915449391,163.8330841064453,4236900
2022-12-22,163.2585666548218,163.42913481791865,160.61928048449974,162.56732177734375,4304700
2022-12-23,162.40573738592096,163.87799046644034,161.99278217031215,163.61764526367188,2197800
2022-12-27,164.53331546312933,164.8295632574002,163.6266276307632,164.3448028564453,3045000
2022-12-28,165.26945782847898,165.66444121094412,163.06107128651087,163.15982055664062,2694300
2022-12-29,163.31244173885497,164.15629670527804,163.28551136316528,163.36630249023438,2549200
2022-12-30,162.8276612648576,163.348337960952,160.9514252347414,162.18130493164062,3136200
2023-01-03,162.1184715122895,162.26210930875416,158.50966433798013,161.05917358398438,5137400
2023-01-04,161.05916638511903,162.07357574443105,159.38941474549904,160.66416931152344,4771300
2023-01-05,159.75747910283448,160.4846265694473,158.76998643332732,158.98544311523438,3647100
2023-01-06,160.52051763504727,163.2316224708752,160.51154541071577,162.5762939453125,3713200
2023-01-09,161.9838000381341,164.07547896510934,160.52051927208322,160.98733520507812,3319200
2023-01-10,160.50257840496246,161.16689293120436,158.97646450754334,159.6587371826172,3817300
2023-01-11,161.0412231358091,161.32849874247583,157.71069177354792,159.83828735351562,4369900
2023-01-12,159.48815525180882,160.12552565077786,157.3875040555162,157.80044555664062,4246600
2023-01-13,157.4593131745955,157.7555609709033,156.35512680512343,157.31568908691406,4720400
2023-01-17,158.13259470392597,159.38940474084677,157.54011282877545,158.0518035888672,5032600
2023-01-18,157.31567272605946,157.76453048625908,153.80560175376604,154.06593322753906,5032600
2023-01-19,153.7607204380549,154.55968674070013,152.1448296860611,152.2794952392578,4720400
2023-01-20,151.66906927759584,152.5129242523339,150.33148161164522,152.5039520263672,5779100
2023-01-23,152.62062159575288,153.29390828415526,151.462574518844,151.8216552734375,5440400
2023-01-24,152.26155976478847,153.39267661058486,151.2202062697702,153.23109436035156,4125600
2023-01-25,152.9168888662913,154.3891420645959,152.01917316737251,154.34425354003906,3852800
2023-01-26,154.08389751239557,154.11082788323637,152.64754714330917,152.80914306640625,4558400
2023-01-27,152.40520390893366,152.8181454754252,151.33691999439958,152.27053833007812,5451400
2023-01-30,152.41415384605253,153.92232318073985,151.8396164085652,152.14483642578125,5191500
2023-01-31,152.7911647397374,153.57218648512287,152.00118446932464,153.5272979736328,4665500
2023-02-01,153.4016601310029,154.6943729048345,152.17178033192616,154.01210021972656,4147700
2023-02-02,152.1269019996745,153.1143810083282,151.27406116294796,152.58473205566406,5653800
2023-02-03,153.47346235950477,153.7696964481154,149.96339113643435,151.8216552734375,5308200
2023-02-06,152.378218445281,154.7481865769685,152.24355291510952,154.24546813964844,5640000
2023-02-07,152.8719974680759,154.43402768613146,151.94735141141524,154.01210021972656,6044700
2023-02-08,153.50936209954372,153.8056098806951,152.82710319928907,153.6529998779297,5687300
2023-02-09,157.387505092725,158.43783069779315,154.44298533139056,155.1072998046875,9619400
2023-02-10,155.4125544523747,158.52762936499406,154.99062693177976,158.17752075195312,6176000
2023-02-13,158.2313546716649,159.99985558832978,158.03385613390154,159.5869140625,5205100
2023-02-14,158.98542139515203,159.12007324166484,156.91168707249398,157.7914581298828,5203000
2023-02-15,157.1002396100699,158.0428437873411,156.73217290402198,158.00692749023438,4125500
2023-02-16,156.86682854443887,158.8058838258288,156.68727446637521,157.5580596923828,4973200
2023-02-17,157.24386105013429,158.37497772639924,156.94761327105365,158.24929809570312,3952100
2023-02-21,157.620879075273,159.26369997920344,156.80395473487226,158.1595001220703,5797300
2023-02-22,158.64430195356633,159.28167235876,157.79147487303865,158.1056671142578,5299500
2023-02-23,158.59042049784722,158.8866682509726,157.09123728515902,158.27621459960938,3801400
2023-02-24,157.51317835233493,158.29418650698915,156.4628390917313,157.9620361328125,2959100
2023-02-27,158.86873641193827,159.12009569292908,157.68374520322146,157.9171600341797,3208500
2023-02-28,156.99253084246797,157.1541130983865,155.48436129695384,155.78060913085938,4317100
2023-03-01,154.6943463311968,154.8200259571713,151.82164568369063,153.80560302734375,5359100
2023-03-02,154.10386980889862,157.04116142237552,153.4441127847834,156.6435089111328,4476300
2023-03-03,156.3542758715135,156.76097498704414,154.84496168415976,156.48983764648438,3627100
2023-03-06,155.64931266890136,156.95076075076025,155.64931266890136,156.80615234375,3611400
2023-03-07,156.9598250609992,157.49305315426986,155.33301463264687,156.0289306640625,4094900
2023-03-08,156.06505617635682,156.67963505642626,155.25165796017242,156.4536895751953,2920200
2023-03-09,156.91463630425355,157.5834399909753,154.727485381454,155.26976013183594,4042100
2023-03-10,155.92950635353796,157.47497963146708,154.51057579378883,155.4776153564453,4129900
2023-03-13,156.13738295320272,160.17728984478688,156.00182116111725,156.99598693847656,8265100
2023-03-14,155.8933704671853,157.0863555997525,155.0618926376701,156.8332977294922,6480800
2023-03-15,156.83328021272973,159.66212212079472,156.5259976603941,159.635009765625,7099800
2023-03-16,159.6169492734991,159.96942372329852,158.45107649050706,159.5265655517578,4734400
2023-03-17,159.52655240678456,159.68924033438947,157.46593059457993,158.2793426513672,8854600
2023-03-20,159.51750554923652,160.58396157307217,158.6227565024967,160.50262451171875,4367000
2023-03-21,160.56593246168305,161.02685637169373,159.31870874085115,160.8822479248047,3812000
2023-03-22,160.72859733969426,162.11138278049353,159.4452284765625,159.5265655517578,4380800
2023-03-23,159.1198367201025,160.16822701812086,158.1799096260766,158.74928283691406,4655600
2023-03-24,159.54459720692654,162.08422181316013,159.41806830880648,161.8582763671875,3713800
2023-03-27,162.30117044288573,163.26820999524756,162.0571454456802,162.21983337402344,4078600
2023-03-28,162.0752337087246,163.09651181949144,162.0752337087246,162.1656036376953,2850000
2023-03-29,163.26819064268008,163.50318275680849,162.67170508444084,163.28627014160156,4496000
2023-03-30,163.58451894902274,163.88276862187013,162.75304128106197,163.43087768554688,2743000
2023-03-31,164.6329315215415,164.93118123477046,163.87375795547808,164.75946044921875,4479800
2023-04-03,164.3979261360833,165.17517914081964,163.04225325274908,164.94020080566406,3902300
2023-04-04,164.65098859250776,165.71745846178575,163.67491622485414,164.35275268554688,3306400
2023-04-05,165.61804560370473,167.16351883655545,165.44632482331926,165.97052001953125,3826300
2023-04-06,165.6632699879712,166.96471848367395,165.4825163170394,166.62127685546875,3389700
2023-04-10,166.1422477944714,166.2055053637606,164.20815485352836,165.57286071777344,2408100
2023-04-11,165.7716999795729,166.18744578548845,165.17520052393644,165.31980895996094,3586700
2023-04-12,165.11192660845902,166.0970456239509,164.71426034406497,164.9944305419922,3620900
2023-04-13,165.04864775878534,166.847178721775,164.5877239499567,166.63931274414062,4303600
2023-04-14,165.69941655025852,166.31399558515818,165.31982970103576,165.85305786132812,2572900
2023-04-17,166.46759734436776,166.97371302308093,165.82590610060203,166.70257568359375,3224400
2023-04-18,166.9917805431397,167.3984796278847,166.06088631715693,167.04600524902344,2438600
2023-04-19,167.41656468925038,167.48886889637004,166.53084849499754,166.94659423828125,2209900
2023-04-20,167.05505142816202,168.13958700419494,166.47663153490328,167.49790954589844,3868200
2023-04-21,168.09443145933184,168.4469059135296,167.31717833076502,167.5702362060547,3781800
2023-04-24,168.55531689420224,168.61858824389984,167.21772360274156,167.6515350341797,3540200
2023-04-25,168.6095754867623,171.881262064596,168.32037240455125,171.4564971923828,6231600
2023-04-26,170.34480788551576,171.1943650741987,169.7935003773673,170.39903259277344,4481700
2023-04-27,170.07368069832532,171.67337861088632,169.46814844681762,171.4384002685547,4574500
2023-04-28,171.62818487481633,173.1826909147305,171.39320653505925,172.52293395996094,4608900
2023-05-01,172.1252752443186,173.82438977884235,171.97163396267186,173.23692321777344,3137800
2023-05-02,172.94770983315917,173.97802067671083,171.49262038132923,173.7520751953125,3712200
2023-05-03,174.0503180274331,174.65585023884634,173.32728975732476,173.6887969970703,3389600
2023-05-04,174.50222385780836,175.28850975616615,173.67074610297314,174.7733612060547,4267600
2023-05-05,174.2672471649112,175.76751476362512,173.87861374425876,175.57772827148438,4146500
2023-05-08,174.79142440310014,175.33369909179626,174.11358793753905,174.74624633789062,2249900
2023-05-09,175.20716250409265,175.93922364837016,174.1678188186202,175.46022033691406,3087600
2023-05-10,175.43311984563144,176.76168045309086,174.13167159419214,175.57772827148438,4352900
2023-05-11,175.5867474154357,176.70744194235553,174.42990768018439,176.5447540283203,3690200
2023-05-12,176.5447612713741,177.3400937934708,176.19228686555724,177.2497100830078,2741000
2023-05-15,177.65642957361,177.93659977956347,175.33370327668487,175.57772827148438,2946400
2023-05-16,175.76750097981989,175.76750097981989,174.0141618780521,174.8185272216797,5803100
2023-05-17,174.71008017952263,174.9631380130488,172.47773774114586,173.58035278320312,4878800
2023-05-18,172.9115801482857,173.2640545792881,172.08913521240711,173.12847900390625,3709400
2023-05-19,173.9418696556947,174.30337689760597,172.71272572633205,173.3815155029297,3883000
2023-05-22,172.79404904437536,172.97480265095516,168.47397303122185,168.6818389892578,5787000
2023-05-23,168.54628900803138,168.67281792053922,166.82909514900518,168.1667022705078,6382300
2023-05-24,168.34745842069228,168.77223701705853,166.6302645358494,167.10023498535156,3721000
2023-05-25,165.1209618878936,166.49471433307596,164.4431254156193,166.11512756347656,4712700
2023-05-26,166.03378634845976,166.52182252843235,164.84982042234745,165.91629028320312,4449300
2023-05-30,164.54254813948086,165.47344249298385,163.31340407214407,164.13584899902344,4331800
2023-05-31,165.26558084833226,166.8562322400596,164.00029153566499,164.80465698242188,20414600
2023-06-01,166.01960553470212,166.26533518746274,164.54525539204656,165.81028747558594,5277400
2023-06-02,165.65558779278697,167.72149459158095,165.36435056530013,167.51217651367188,4288300
2023-06-05,167.32104879483742,169.43246295146702,167.1026208943775,167.63047790527344,4311700
2023-06-06,168.34946345249836,168.47687626834522,164.20852610704125,165.2369384765625,3975600
2023-06-07,164.46334489612562,165.40074204176523,163.54413965977446,163.9172821044922,5162700
2023-06-08,163.54415605612363,165.91040987449574,163.20742517013065,165.7283935546875,4036100
2023-06-09,165.37347200831184,166.3927746021052,164.7272980438459,165.9559326171875,3200100
2023-06-12,166.08332306881422,166.301737088373,164.44514848735122,165.54635620117188,4207100
2023-06-13,165.75570165258685,165.81030516192376,164.80009857832428,165.21873474121094,2838700
2023-06-14,165.63736896388764,167.13902087498735,165.12771774283453,166.70217895507812,3559300
2023-06-15,167.69419015033884,169.43247587078986,167.02072837473855,169.0138397216797,4326100
2023-06-16,169.40517831413285,170.72481403121333,169.00473406631139,169.3141632080078,8925700
2023-06-20,169.76919375311843,170.9796223296971,168.58608081517232,168.6497802734375,4154800
2023-06-21,169.02293815847156,170.07865227625962,167.63049314794026,168.75900268554688,3832400
2023-06-22,169.94209437629698,170.715680949259,169.15941184948275,170.50636291503906,3185800
2023-06-23,171.09793867356214,171.09793867356214,169.23224028829472,169.34146118164062,7592600
2023-06-26,169.4233727201019,169.6690884935969,167.5667702208571,168.26754760742188,3706100
2023-06-27,168.06733079456995,169.83291824946238,167.42117077981342,169.4779815673828,5763000
2023-06-28,169.50525514531444,169.95120685614063,166.89328599307456,167.18450927734375,5193900
2023-06-29,166.77500877538014,167.35746936924022,165.08223050463747,167.34837341308594,5770400
2023-06-30,167.49395130056723,168.8409024911323,167.34834659065655,168.56787109375,7635100
2023-07-03,167.73059990410192,168.95012451561576,166.97521898853455,168.91372680664062,2389000
2023-07-05,168.36768087426367,169.9057446133524,168.34037911805137,169.80563354492188,5277100
2023-07-06,169.10482362183055,169.9603155175665,168.26753752239532,169.8238067626953,5592100
2023-07-07,169.11392071761665,169.16852421544974,166.57474697275643,166.62025451660156,6309900
2023-07-10,167.52127275939287,169.1958450206583,167.25733730753603,167.7305908203125,5508800
2023-07-11,167.80339280240887,168.12191785740183,166.01959972402463,167.43934631347656,3914300
2023-07-12,167.43935403459815,168.01271860176004,166.52925860073063,166.70217895507812,6080100
2023-07-13,169.09575043039519,171.1525613067413,166.7841000323942,170.6702117919922,8223100
2023-07-14,170.97053878348217,171.6713161969843,170.26976136998005,171.28907775878906,4467600
2023-07-17,169.58718478054848,170.19694707266277,168.74989862330403,168.94102478027344,5637400
2023-07-18,168.76811074503658,170.0240469714437,167.29376048757092,167.8671112060547,5684100
2023-07-19,168.36767366539866,169.82383207350333,167.8398165896346,169.51438903808594,4140800
2023-07-20,170.6428923505749,172.909034960294,170.0149242848121,172.28106689453125,5056500
2023-07-21,173.01825892634736,174.2559893823273,172.28108378104966,173.0637664794922,15022100
2023-07-24,173.4550989458549,174.21957583710088,173.04555874604137,173.75543212890625,4225800
2023-07-25,173.2912957999826,174.74744033765506,172.9727568049214,174.1558837890625,3521600
2023-07-26,173.93744227027076,175.08417145333712,172.97274329127868,174.37429809570312,3898900
2023-07-27,174.73835510689895,175.00227672049735,171.4620053938619,171.580322265625,4141800
2023-07-28,173.04552654825602,174.16493992265035,172.72698762602826,173.2002410888672,5602300
2023-07-31,172.41758748172919,172.5450002946135,170.05134754431285,170.60650634765625,5687700
2023-08-01,170.63382548319464,171.64403213359594,169.64181074580492,170.02406311035156,2853900
2023-08-02,169.81471580768599,172.89084303780822,169.64179544098133,171.3800811767578,4285900
2023-08-03,171.2526457718634,172.2082486970471,170.16053409463348,170.2970428466797,2857400
2023-08-04,170.29706220864583,171.107046632436,167.77610772121588,168.00363159179688,4651100
2023-08-07,168.6224838076301,170.37897524674835,168.458673292424,170.08773803710938,3323400
2023-08-08,170.36987555933146,170.62470118947698,167.4848744782906,167.85801696777344,5017900
2023-08-09,167.3483451064587,168.36764750156192,166.2107258665833,167.43934631347656,4413100
2023-08-10,167.65777218510857,168.90459841315183,167.02980415035722,167.2300262451172,3727200
2023-08-11,167.45754455696738,167.71237014425,166.80227479339692,167.4939422607422,2873800
2023-08-14,167.81248692719555,168.24023286768085,166.66577174520822,167.11170959472656,3385600
2023-08-15,166.68396750056223,166.96610874052647,164.84558478515424,165.04580688476562,3331800
2023-08-16,165.2733479435214,166.50196853329098,164.6817775378203,164.9184112548828,2633700
2023-08-17,164.91839690097973,165.1004132072937,162.28822169692376,162.40652465820312,4503000
2023-08-18,162.41565189841313,163.4076526780009,161.33263601244164,162.1608123779297,6020300
2023-08-21,161.75125874647716,161.96059069639253,160.3861155857714,161.1324005126953,4284100
2023-08-22,160.34060473145738,160.92307913282886,159.54882615839335,159.9037628173828,3489300
2023-08-23,161.31443773862205,162.25183505288857,160.5135492033434,162.10621643066406,4042700
2023-08-24,162.00611343949348,164.21765297803185,161.17793699409017,161.250732421875,5709800
2023-08-25,162.05159154765033,163.5532573532576,161.85136944023603,163.28932189941406,4710700
2023-08-28,164.56343872082547,164.89105969717036,163.216487678964,164.044677734375,3189800
2023-08-29,164.09020828401503,164.92749441051507,162.92528724827986,164.66355895996094,4368600
2023-08-30,165.1459659195148,165.8740313438811,164.47249012632236,164.8001251220703,3153400
2023-08-31,164.3647340877943,164.63052631675956,163.0083210780064,163.0633087158203,5566700
2023-09-01,163.80566715940773,163.87898867019578,160.05719407250058,160.680419921875,4801400
2023-09-05,160.63460764629,161.19367198313736,159.14987138347016,159.61729431152344,5081800
2023-09-06,160.31383107422704,160.37799264789643,158.9940716953417,160.1396942138672,5933800
2023-09-07,161.16617959509685,162.27513434851812,160.57962143193072,161.6702423095703,4934300
2023-09-08,161.1294760256295,162.3575797216586,160.94617926250743,161.5510711669922,2995000
2023-09-11,162.0643457130824,164.447232161917,162.0643457130824,163.98898315429688,4512700
2023-09-12,163.81486469461746,163.97982762917582,162.95335429952314,163.3841094970703,3331100
2023-09-13,163.4390819768592,165.09794103769843,163.32910669735796,164.6763458251953,3781400
2023-09-14,164.91464759550996,166.51851904919698,164.35558327226738,166.096923828125,4118300
2023-09-15,166.26190662896312,166.63767416774851,164.6122074211916,164.822998046875,11661200
2023-09-18,165.8861352239328,165.8861352239328,163.53072869071815,164.4014129638672,3182600
2023-09-19,163.92483441212738,164.17229279020347,162.49509975595407,163.429931640625,3369300
2023-09-20,164.13561477175475,164.43806077389644,162.73337402478347,163.4849090576172,3695800
2023-09-21,163.22827260856542,163.4390631982734,160.50627287646586,160.7353973388672,5351000
2023-09-22,160.33216701017483,161.66108635180842,159.80975642238332,160.63461303710938,4542300
2023-09-25,160.09388301287984,160.79043052609418,158.71913584899005,159.7731170654297,3553600
2023-09-26,158.55414238699922,159.21402201743956,157.30770463890624,158.11422729492188,5213700
2023-09-27,157.9217792424243,158.27005298199157,154.91566670990335,155.41058349609375,5729900
2023-09-28,155.74052303651442,155.96964757271925,154.1366512830806,155.346435546875,4841600
2023-09-29,156.2720425168624,156.57448848387082,154.00829172093503,155.29139709472656,5194200
2023-10-02,154.96147910995134,155.33724663557777,153.34844771031132,155.04396057128906,3838800
2023-10-03,154.75987274041117,155.80468003538002,153.08267950657802,153.6967315673828,4873400
2023-10-04,154.38408409135218,155.0073099984785,153.11015244073693,154.80567932128906,4134000
2023-10-05,154.67739073618833,154.7140445075303,146.5205491244321,146.73135375976562,10556400
2023-10-06,145.52154961368134,147.48285475128145,142.81788334233605,146.90545654296875,12774700
2023-10-09,146.63970089898817,147.9411265663085,145.3932628819607,147.88613891601562,7244500
2023-10-10,150.53478737192222,151.3871237476067,148.50016081652527,150.67225646972656,11456400
2023-10-11,151.23133859943349,151.62544003400296,148.10609086893126,149.04090881347656,7371500
2023-10-12,149.02256404526207,149.0683777525163,144.28425759858874,144.87998962402344,9024100
2023-10-13,145.37489212182118,146.8596282263068,144.76084020825073,146.63966369628906,6757100
2023-10-16,147.5561950749199,148.4268654787423,146.45640014458368,147.6295166015625,5605000
2023-10-17,146.63969047407005,148.13358679586284,145.86983545539732,146.97879028320312,6411300
2023-10-18,147.57449474978645,149.7557502270915,147.43701167495146,148.50015258789062,6650600
2023-10-19,148.38101221946548,149.13254724961965,147.0154392268251,147.1529083251953,6336800
2023-10-20,147.89526134160113,148.68345009335462,146.3738854590847,146.63966369628906,5486500
2023-10-23,146.27306711142805,148.10606286979356,145.77815042526657,146.71298217773438,5795800
2023-10-24,147.0154244853397,149.2516814922544,146.3463709812948,148.64678955078125,5265200
2023-10-25,148.51848960162565,149.84740877857323,147.98691913391693,148.79344177246094,4534600
2023-10-26,149.09587281506768,149.7190986639156,147.8311152128248,147.9319305419922,5147000
2023-10-27,148.49100054733486,148.60097582533822,145.62235751245828,146.29139709472656,5078000
2023-10-30,147.83112970195137,149.0042460192515,147.3178930612138,148.7292938232422,4625900
2023-10-31,149.3433517004037,149.70995930444286,148.16107539092158,149.6457977294922,5947400
2023-11-01,150.0032324929418,151.61626400848382,149.16921592042422,151.10302734375,6682500
2023-11-02,150.98390582408462,153.20182960368325,150.9197442428391,152.89938354492188,5413400
2023-11-03,154.5948975780064,154.71404680978085,152.7710752527603,152.8627166748047,4063300
2023-11-06,151.64376384293877,153.51341359255153,151.41463934503943,152.78021240234375,5784600
2023-11-07,152.87187879749527,153.70589538618856,152.248652846338,153.2201385498047,4687200
2023-11-08,154.12746496813816,154.2832679479446,152.74355804069302,153.41259765625,4926600
2023-11-09,153.58673430094498,153.84335261846843,151.9645289486616,152.28530883789062,5639300
2023-11-10,153.33927569592677,153.77003086782605,151.09385842868235,152.98184204101562,5552900
2023-11-13,153.05517211271513,154.6865374990966,152.56026932619557,153.76087951660156,5402300
2023-11-14,153.92583621181788,154.37492526602554,152.95435056993776,154.07247924804688,6238900
2023-11-15,154.6132057674065,154.69568722893766,152.38612239816894,153.28428649902344,5611200
2023-11-16,154.3291140933362,155.80467658983775,152.50527784466308,153.70590209960938,5386400
2023-11-17,154.01749535762957,154.20079216505624,151.92788098673543,152.835205078125,5583100
2023-11-20,152.1386819731047,152.84438941362194,151.88206362830766,152.61526489257812,4886200
2023-11-21,153.156005157392,153.8433787642887,152.0653701302383,153.78839111328125,3980000
2023-11-22,154.29244916149872,155.4105778784443,154.2466214630042,155.0897979736328,3235600
2023-11-24,154.84233691595938,155.82299650513934,154.84233691595938,155.22726440429688,1751700
2023-11-27,155.52971137274787,155.52971137274787,154.05414899949517,154.26495361328125,3664700
2023-11-28,154.31994204110424,155.58469980699712,153.99000219246912,154.75985717773438,4056100
2023-11-29,154.97982114471634,154.99814103621196,152.73438980265217,153.20181274414062,4722400
2023-11-30,153.4003648678216,155.47820978796116,152.20907331377484,155.41355895996094,7346700
2023-12-01,155.48742127458672,155.93070495108552,154.5731786357908,155.78294372558594,4897400
2023-12-04,155.5151165235617,156.91881990904625,155.3211922552182,156.19850158691406,5323300
2023-12-05,156.20775822405116,156.5956350099678,154.87794931016109,155.09034729003906,4553800
2023-12-06,155.12724653642985,155.44124263194666,153.97288849914872,154.69320678710938,4726600
2023-12-07,155.14574074693346,155.4227895308103,153.94520541099155,154.64706420898438,4934800
2023-12-08,154.25917705303632,154.33305766317315,152.62461611184762,153.00323486328125,5115200
2023-12-11,154.62860852403873,155.26581657371116,153.7235955432733,154.9795379638672,6912600
2023-12-12,156.32779476522353,156.32779476522353,154.87792827681744,155.57977294921875,4515800
2023-12-13,155.6444231458543,158.88587008408652,155.2565604703359,158.8489227294922,6082100
2023-12-14,158.5164506069923,158.81197304804746,155.09032361513283,155.37660217285156,7119300
2023-12-15,154.6378409659147,155.61673458715939,153.7143542905837,154.22227478027344,17734600
2023-12-18,155.20114530820672,157.22358308085703,154.60088469507332,155.98611450195312,5439500
2023-12-19,155.09031854809442,155.91222093490867,154.5085175683288,155.09954833984375,4855900
2023-12-20,153.7697486324741,154.65630196829073,152.99402327068904,153.0124969482422,5157800
2023-12-21,153.7605249728902,154.31462259128963,152.73545424275278,154.19456481933594,4374000
2023-12-22,154.55471135462244,155.30273321414592,154.09296807429567,154.8502197265625,3030400
2023-12-26,154.82253161563224,156.45710693570112,154.45314259124166,155.93995666503906,2779200
2023-12-27,155.97685540887707,156.5217231224974,155.47817892719215,156.4385986328125,3502500
2023-12-28,156.43861211663042,156.56789966682456,155.79217436565978,156.42938232421875,2911100
2023-12-29,156.38318173225514,157.05733694195354,156.22619073707833,156.8449249267578,3291500
2024-01-02,156.5494350471561,159.7539343217132,156.24468281193845,159.6800537109375,5743100
2024-01-03,161.61016091560148,161.7948554241046,159.486138839596,159.71701049804688,5588200
2024-01-04,158.47952253472354,160.25261496523333,157.52833254478264,158.35023498535156,6283200
2024-01-05,158.4425986678985,158.4425986678985,154.73940847831815,156.01382446289062,5252500
2024-01-08,156.0138311098413,156.74337933607256,154.95181304702146,156.1708221435547,5735600
2024-01-09,154.95179908428403,155.0441533740463,153.23411357022385,154.37924194335938,6268800
2024-01-10,153.84362420600405,155.10881038808768,153.48346500760925,154.14837646484375,4394900
2024-01-11,154.35152422221304,154.35152422221304,152.2090429921653,153.41880798339844,4800700
2024-01-12,153.61276872502148,154.57320274931115,152.9016941375379,154.47161865234375,3546100
2024-01-16,154.47159029490774,154.702461919152,152.55073669024122,153.45574951171875,4576600
2024-01-17,153.28952728226648,153.97289826525923,152.78160689538973,153.70509338378906,4392300
2024-01-18,152.80931765640435,154.48082602558338,152.36604806637516,154.37924194335938,4709400
2024-01-19,154.35153856200833,154.44389285182282,152.9016720326668,153.09559631347656,6528600
2024-01-22,153.26182155708173,153.95443641317772,152.39374201616914,152.4768524169922,5697400
2024-01-23,151.96893805234495,155.08108308636648,151.7842435683331,154.8132781982422,4932700
2024-01-24,154.8132732886638,154.9056275733838,152.85548645591075,152.9293670654297,4984700
2024-01-25,153.12328786411905,153.8528500595255,152.3198591521537,153.81590270996094,5373800
2024-01-26,153.8528761677901,155.17345526747584,153.8528761677901,155.01646423339844,4849000
2024-01-29,154.71171403869067,155.7921917051301,154.582426474107,155.28427124023438,5713600
2024-01-30,154.84098870721706,156.71566528319016,154.5177768683207,156.64178466796875,4804200
2024-01-31,156.9557706253938,157.34363326168474,155.0349170280823,155.6351776123047,5769200
2024-02-01,155.635186665559,158.6549916203321,154.37924439777004,158.56263732910156,4920800
2024-02-02,158.13783407125553,158.80274548166304,157.08506001999123,157.88848876953125,5307700
2024-02-05,157.50061494192386,158.4518048465025,156.11538528384412,157.84230041503906,5142700
2024-02-06,158.3317806201613,158.6827100503801,156.9373208753404,158.3040771484375,5182700
2024-02-07,159.42148273231146,159.6708139474164,158.2671245803166,158.35023498535156,5769700
2024-02-08,158.58109555765628,160.77899783500308,158.29481701052995,160.54812622070312,9269700
2024-02-09,158.1008789735855,158.27634365541337,154.19453519730249,154.84097290039062,12731700
2024-02-12,155.016457444403,157.98085555799238,154.40695292141646,157.55604553222656,7867500
2024-02-13,158.1193750380994,158.33177300820006,154.44390235613398,155.9584197998047,7302000
2024-02-14,155.45973583963587,155.73678464676394,153.35418745152293,154.70248413085938,5731900
2024-02-15,155.09957464709456,155.4874373356307,153.9267426968839,155.01646423339844,4451400
2024-02-16,154.4162018333933,154.60089633662764,153.00325435999662,153.59429931640625,5246000
2024-02-20,154.90564013979647,156.54944508390847,154.39771971520307,155.74600219726562,6117900
2024-02-21,156.94654720238069,157.1589451780014,155.01646356138215,155.91224670410156,4192600
2024-02-22,154.813274849465,155.91222602879992,153.39111185292222,155.37660217285156,7539200
2024-02-23,155.0903305074943,157.22358214275496,154.9610429566084,156.62332153320312,6409800
2024-02-26,156.45709682835533,156.45709682835533,154.87794264611983,155.38584899902344,3837000
2024-02-27,154.97950553220687,155.34889448219832,154.54546576576007,155.29348754882812,3567600
2024-02-28,155.25653580265904,155.60746515911327,153.7143151386238,154.24993896484375,5275300
2024-02-29,154.66403576577207,155.10137360757858,153.454338934228,153.85446166992188,8489400
2024-03-01,153.4078185619954,153.53809273939723,151.90965842246425,153.1565704345703,6109900
2024-03-04,153.02631095059388,154.14294889251656,152.23536558285866,153.8824005126953,4303700
2024-03-05,153.74281184564748,154.0033602013211,150.56968784405439,150.78370666503906,6631300
2024-03-06,150.8023131230526,152.59825083293575,150.78369847042458,151.67701721191406,5302500
2024-03-07,152.44007375914936,152.51450397786974,151.2117621679511,151.77938842773438,5801600
2024-03-08,151.04425555100323,152.79364946667158,150.83022255056667,151.72354125976562,6065300
2024-03-11,152.53311976575753,153.928920657683,151.965493501755,153.28684997558594,5404800
2024-03-12,153.6683877379199,153.92893612802624,152.57036440801775,153.1100616455078,6158500
2024-03-13,153.6311720371582,154.5989211683071,153.2961792227562,153.81727600097656,4585800
2024-03-14,154.71057560767818,154.71057560767818,152.7936778657662,153.33338928222656,5155300
2024-03-15,153.59394866468654,153.89172637736905,152.2725920120093,153.22174072265625,21887300
2024-03-18,155.44569558622604,160.2193249839422,155.35263651385333,159.3632354736328,10478500
2024-03-19,159.21436697975858,160.6566832654434,159.121307903795,159.86573791503906,7653700
2024-03-20,160.33100704583097,161.0754370670512,159.23296956979624,159.92156982421875,5046700
2024-03-21,159.97736876034605,161.37316945657864,159.1678089001532,160.47055053710938,4343000
2024-03-22,161.00098375453717,161.07542817243052,159.82850192124295,160.07044982910156,4106400
2024-03-25,160.2379311273424,161.0661057117167,160.15418648594752,160.6101531982422,3941900
2024-03-26,160.21004334813009,160.95447341703786,159.8843649546735,160.73114013671875,4593000
2024-03-27,161.91292495070806,162.55499571801388,161.02892044160382,161.51280212402344,4911300
2024-03-28,162.62008870805283,163.59715207946363,162.25718107853677,162.85272216796875,5710400
2024-04-01,163.37383863548754,163.9879801995773,160.65666723573258,160.9637451171875,4815400
2024-04-02,160.9265166336209,161.79190624675545,159.45627153499186,159.5307159423828,5158500
2024-04-03,158.1907677847453,159.04685729478072,156.9810708383919,157.8929901123047,5828000
2024-04-04,159.0468485275913,159.84710822963635,157.5673030711143,157.8650665283203,5422600
2024-04-05,157.63243663157664,158.16284776883649,156.3948390422779,157.3905029296875,4412200
2024-04-08,157.39982027237966,158.23730939088492,157.01831212384334,157.79995727539062,3755700
2024-04-09,158.40478490148598,158.86075163292756,157.00898402434484,158.75839233398438,3773900
2024-04-10,157.7906706427658,157.84650041571226,156.1157064602566,157.21372985839844,4581500
2024-04-11,157.83717108679673,158.0698045846602,156.11569172190005,156.66470336914062,4241500
2024-04-12,156.0412529106202,156.8042834276668,155.696959865023,156.4227752685547,5453500
2024-04-15,157.45566176625985,157.58593595613826,154.49655631213372,155.35264587402344,5133200
2024-04-16,155.42704316559735,156.80422906938855,155.29676901522274,155.86439514160156,4569700
2024-04-17,157.34397101535404,157.91159725246573,156.52511085274887,157.70687866210938,4069200
2024-04-18,158.28382838740848,160.6845934502727,158.28382838740848,160.30308532714844,5574700
2024-04-19,160.3123659996799,162.16413342028562,159.86571374000525,162.0338592529297,6636700
2024-04-22,162.29441385650208,164.89059707724053,161.94080644624054,164.20201110839844,7288700
2024-04-23,162.5642889294548,162.7317924348713,158.321056109866,159.32603454589844,9145000
2024-04-24,156.79496827228127,165.7187853140074,156.00400874686892,165.08602905273438,10016700
2024-04-25,165.8955829454838,168.08234329514474,163.6064774974503,164.40672302246094,7441500
2024-04-26,162.32235524693212,166.16546525826473,162.22929616624805,163.38316345214844,4472100
2024-04-29,163.3086947290127,164.07173932038816,162.86204244559443,163.90423583984375,3224500
2024-04-30,164.02522411477295,164.2113280658853,162.6945531766181,163.6902313232422,4465100
2024-05-01,163.2714791357959,163.9879799928005,161.5965153294357,162.98300170898438,4340500
2024-05-02,163.38315046918373,164.07175069458972,162.42470164935253,163.26217651367188,3964800
2024-05-03,163.58786534971074,164.22993602386484,162.84343537679553,163.91354370117188,3491900
2024-05-06,164.4811657622077,164.4811657622077,162.96440517230337,163.60647583007812,3576200
2024-05-07,164.70452258257012,165.7746310328149,164.24855579830785,165.65367126464844,3708000
2024-05-08,166.2957260097328,166.45391507505104,164.8813104508352,165.08602905273438,3400900
2024-05-09,164.9464421956414,166.03516520886197,164.78825312864228,165.6908721923828,2421400
2024-05-10,165.5885408721822,167.64502748832658,165.27216268472108,167.30072021484375,4201600
2024-05-13,167.97067997011914,168.752339287447,167.35653834776198,168.33358764648438,4408100
2024-05-14,168.47317477536635,168.68719360856238,166.19336943373196,167.37513732910156,3508600
2024-05-15,166.78887274978936,167.86828109760935,166.56553954050693,166.99359130859375,4785100
2024-05-16,167.15182144615457,170.66923871414335,166.99363237523482,170.39007568359375,5984700
2024-05-17,169.90618922086162,170.25049643492179,169.19898853585624,169.5339813232422,4449100
2024-05-20,169.440925732466,169.47815504228595,167.41236851074507,167.78457641601562,3221100
2024-05-21,168.8919212094385,168.96636563338947,167.31001624724124,168.5010986328125,3288100
2024-05-22,167.91487315167117,169.4781778011475,167.47752099489537,169.44094848632812,4047000
2024-05-23,168.73374669083134,169.25484350462435,166.60281569299957,166.8168487548828,4009000
2024-05-24,166.9098441595609,166.95637368960269,165.51404345122185,165.62571716308594,3447400
2024-05-28,163.9879810457585,164.03451057933782,159.95876765749455,161.33596801757812,6178100
2024-05-29,160.45196183410542,161.1498622950876,158.86075673440598,159.26087951660156,5352100
2024-05-30,159.44702550315657,159.78201835086736,158.56300673918108,158.637451171875,3903100
2024-05-31,158.08841069287502,160.95445693545477,157.74411767827476,160.88931274414062,8155600
2024-06-03,160.72182787044903,160.8893171690271,159.14922319485473,159.3353271484375,5032400
2024-06-04,159.3167076981143,162.27579854410837,158.9538000623071,161.81053161621094,4619100
2024-06-05,161.76401759486333,161.88499155133894,160.01462343342087,161.43833923339844,5370700
2024-06-06,161.91290226666143,162.28511015556222,160.68459067541139,161.16847229003906,5536700
2024-06-07,160.84492501166667,161.79216985548138,160.1415215495165,160.4134979248047,3521100
2024-06-10,159.54127872738138,159.78512010022172,155.33023166781908,155.59283447265625,9429400
2024-06-11,154.62682165819774,155.18017654773487,153.3513162414456,154.8144073486328,8284500
2024-06-12,154.63621112326518,155.0582503095368,152.34780305984503,153.6514434814453,6281100
2024-06-13,152.01018647541437,153.39823203306764,151.50372794453742,153.18252563476562,5432600
2024-06-14,152.9949448353419,154.1766574835128,152.4322163491006,153.6326904296875,3603300
2024-06-17,153.3325789892568,156.07116137866785,152.67605765203933,155.81793212890625,5412200
2024-06-18,155.78038326752988,156.69011930833972,154.98318717048167,156.1367645263672,3519500
2024-06-20,155.43341169430164,157.22474937126833,155.43341169430164,156.3243865966797,4942400
2024-06-21,156.8214414219861,158.56588233490496,156.10865018848025,156.8870849609375,10899100
2024-06-24,157.09342313335162,159.07233190167156,156.70889251378165,157.63739013671875,4476900
2024-06-25,157.637416117177,158.46274747358964,156.85898118979344,156.95277404785156,4217300
2024-06-26,155.58344952440277,156.63386066686851,154.60806979365296,156.38064575195312,4778300
2024-06-27,156.277503077754,156.8589787183663,155.00199750647687,155.93048095703125,4326500
2024-06-28,155.0301428714746,155.89298282876382,154.39238288778506,154.68312072753906,8755900
2024-07-01,154.7862692051018,155.742901914325,152.479113878527,152.7698516845703,4508000
2024-07-02,153.34194551330694,154.25168174775894,152.23526433535127,153.41697692871094,4650800
2024-07-03,152.797990402565,153.93282097174284,151.89764196905065,152.4978790283203,2879600
2024-07-05,152.5353914440448,154.29859411124042,152.37595503638275,154.17666625976562,4208200
2024-07-08,152.92926964050292,153.57640303308443,151.86009708647472,152.04766845703125,5268800
2024-07-09,152.11332976898572,152.46033752795034,151.46619636167875,151.84133911132812,5801200
2024-07-10,151.78505613336182,153.5951548068379,150.67837509911072,153.42633056640625,7372300
2024-07-11,149.21531041567016,154.64557824943023,148.21178138421016,153.76397705078125,10258600
2024-07-12,154.71125427085892,157.59051168910128,154.71125427085892,156.04302978515625,6677000
2024-07-15,155.69598265449818,155.96797329888045,153.48260619372869,153.6795654296875,4551800
2024-07-16,153.25751847735808,154.78623862498267,152.72292508609718,154.5236358642578,4461700
2024-07-17,155.7241505642193,159.50378521983706,155.5834755879225,159.3349609375,7671000
2024-07-18,158.22827028051879,161.94223254314457,157.92814460110898,159.78512573242188,6228600
2024-07-19,159.7007151983404,159.89767445745167,158.0031705267003,158.83787536621094,5332800
2024-07-22,158.7440851936909,159.16613871164893,156.95276195337615,157.24349975585938,5308400
2024-07-23,157.36539908068676,157.89999252274995,155.8554259076378,155.94921875,3344300
2024-07-24,155.94924080716288,158.1907526731809,154.70187024336818,157.72181701660156,5867000
2024-07-25,158.9598030081734,162.71128800094684,158.3689395423621,160.39474487304688,6270900
2024-07-26,160.12273868678244,162.02661599133395,160.12273868678244,162.01724243164062,5746300
2024-07-29,161.58583055323558,162.71128749619996,160.2353079810814,162.4486846923828,4152700
2024-07-30,161.96098448422023,162.67376146487672,160.89181185784588,162.4205322265625,4994600
2024-07-31,163.11455394105568,163.83671875681867,161.55768434735626,161.9422149658203,6245600
2024-08-01,161.81093116310174,164.6526800031297,161.78279616949987,164.0899658203125,5994500
2024-08-02,167.7288917849911,168.76992945031947,163.03953551067946,166.9785919189453,6856100
2024-08-05,168.36665675163226,169.67029726272943,162.40179481859644,163.22711181640625,7502300
2024-08-06,162.51431892700413,165.26228895985196,161.65147914807113,161.77340698242188,7287100
2024-08-07,160.95746118597833,163.55536858520173,160.68548481711147,161.1168975830078,5428900
2024-08-08,159.63508225607222,162.25173691888773,159.25992514493595,161.66087341308594,5112500
2024-08-09,161.39826222377263,162.04539568500226,159.80388393874276,161.67962646484375,3223000
2024-08-12,161.5389588005715,162.12980799166695,160.10401684811336,160.7698974609375,3802300
2024-08-13,160.95746992933354,161.70776984082553,159.64445581730791,161.66087341308594,3894700
2024-08-14,161.52955807251635,163.50846694192145,161.24819384112251,162.91761779785156,3555800
2024-08-15,162.91762857644986,163.4709692046398,161.1544259664559,161.8015594482422,4472100
2024-08-16,161.80154617190993,162.0453875361602,160.47914432292177,161.89532470703125,4614600
2024-08-19,161.93286357693245,163.17084626267453,161.7265307441787,163.0207977294922,3521700
2024-08-20,162.74881421607358,165.09349259100784,161.78280787046316,164.9246826171875,5330100
2024-08-21,165.00907439670996,165.83440569807695,163.77107744465948,164.32443237304688,4020700
2024-08-22,164.90590766553822,165.1403754838119,163.8461085474916,164.82150268554688,5265900
2024-08-23,165.6562270794449,165.70310920000378,162.8801214869982,164.9434356689453,5283600
2024-08-26,165.36547687057072,165.85315964984372,164.81212191939554,165.03721618652344,4146700
2024-08-27,165.35605817477116,165.89065159300452,163.6772751332374,164.4088134765625,3520600
2024-08-28,164.64329767622928,164.82149550007344,162.57998382752805,163.11456298828125,3915500
2024-08-29,162.96449761055538,163.15208330268973,161.22944444454524,161.39825439453125,4654300
2024-08-30,161.3701141723971,162.77692095313165,160.61044080052505,162.13917541503906,8677300
2024-09-03,161.6702391259711,166.8379041930915,161.20130353441027,166.5096435546875,7032100
2024-09-04,166.8472668868727,168.4885413504453,165.33729380795475,167.4287567138672,6188500
2024-09-05,167.62570017502227,168.5635712888926,166.49088414127462,168.16029357910156,5743100
2024-09-06,167.68308432448688,168.76039840898935,167.26727635858208,167.5885772705078,6395300
2024-09-09,167.31454676870354,168.95886008374663,166.1899790437353,168.39186096191406,4666200
2024-09-10,168.8265374242302,169.25180473633404,167.8720796507505,168.03273010253906,4315800
2024-09-11,167.68308948191284,167.97604117060555,164.83859145482677,166.11436462402344,4036000
2024-09-12,166.11435476109668,167.91933273427892,164.38497954498376,167.50352478027344,4222800
2024-09-13,167.692515341037,168.17448108866725,166.67189980574727,167.6074676513672,3290400
2024-09-16,169.15729536876268,169.56364396129638,166.65301715494687,167.46572875976562,4940100
2024-09-17,167.26726545790345,168.29732594828815,166.6057593824156,167.1444091796875,6305100
2024-09-18,167.13497960542682,168.2689921847488,164.83859079402893,165.57571411132812,5307900
2024-09-19,166.0860299175697,166.53018716822686,164.57400339366194,165.05596923828125,5504000
2024-09-20,163.0808698756565,164.21488237992557,160.8600839724931,161.7672882080078,12198400
2024-09-23,161.4743428027098,164.3755392049087,161.34204157907624,162.6461639404297,5350300
2024-09-24,161.58775454663967,162.1642129695428,160.17968019043315,160.5765838623047,7837900
2024-09-25,161.03017208257043,161.37983661690157,159.48035169882777,160.0851593017578,4505100
2024-09-26,159.91506524786678,161.5971868580725,159.40475026693872,160.35922241210938,5673600
2024-09-27,160.61439699123287,162.2114566613701,160.34978011608783,160.65219116210938,7545800
2024-09-30,161.20028801234665,162.29650634052211,160.25527519559216,160.69943237304688,5054300
2024-10-01,161.8712519676004,162.48551899940972,160.43484275361286,161.95631408691406,7095900
2024-10-02,162.06968541696273,162.29649366638222,159.2535514804837,160.22691345214844,5786000
2024-10-03,158.8944613093748,159.8111249348806,157.977797683869,159.2630157470703,5090300
2024-10-04,157.95889296214142,159.23466608442777,157.64705140933987,158.7338104248047,4390100
2024-10-07,158.49756111808188,158.69600574748372,157.30685008241426,158.01560974121094,5459500
2024-10-08,158.49757074058027,161.26645172089889,157.67541410078314,161.04910278320312,8297800
2024-10-09,160.06627594326335,163.75182017053865,159.80167350744622,163.05250549316406,7177500
2024-10-10,162.60837308442277,163.54392660641372,161.80510636900922,163.477783203125,5292400
2024-10-11,164.43223477499112,165.54734300888097,163.3643656474767,165.19769287109375,4720300
2024-10-14,165.33944926806996,166.5774137546319,164.84803856432927,166.41676330566406,4535900
2024-10-15,166.6624649363694,167.63582700738874,165.49064382438175,166.22775268554688,5802300
2024-10-16,165.38668938412226,165.68910040973452,164.08258149048558,164.88583374023438,4400900
2024-10-17,164.79135177750243,165.82141236314257,164.14873551635154,165.06539916992188,4125900
2024-10-18,162.82571446685836,165.689102205305,162.65560465817015,165.43394470214844,5097000
2024-10-21,164.86692750702943,167.73975986653247,164.76297552975876,165.3866729736328,6436300
2024-10-22,164.9141768241875,165.32998475902934,163.96916403400186,164.78187561035156,3790500
2024-10-23,164.14871624677795,164.28101745857919,162.98635457025634,163.43995666503906,3800700
2024-10-24,163.41164033191302,163.9975437564458,162.25872335994282,162.6934356689453,4244900
2024-10-25,162.98635091250287,164.43221927322188,162.16419443045686,162.34373474121094,4442600
2024-10-28,163.46831628995497,163.46831628995497,160.3970245737778,160.5009765625,5186400
2024-10-29,159.89616119312538,159.89616119312538,157.788786708836,158.28964233398438,5127900
2024-10-30,157.81712561000498,158.4219331792653,156.94771563042764,157.07057189941406,4801500
2024-10-31,156.96664294232735,158.28965518793768,156.6925811358961,156.94773864746094,5582400
2024-11-01,156.95717131344648,157.10837682105208,156.12556986111753,156.4846649169922,6339000
2024-11-04,156.48469121394723,157.48640263560588,156.10669180116204,157.19345092773438,4885500
2024-11-05,156.8248741003059,158.7243590911543,156.56027166512075,158.6204071044922,3678300
2024-11-06,158.16679944721662,158.20460803708005,154.604111309321,155.653076171875,7849300
2024-11-07,155.45463845787978,155.83263788987574,154.48127622172385,154.9821319580078,5333500
2024-11-08,154.83089657861964,156.70203233973416,154.65134183611104,156.03106689453125,4618300
2024-11-11,155.36955903479208,157.01387209006873,154.9631960295764,155.22779846191406,3762000
2024-11-12,155.06716778866948,155.92713301330173,154.17885332979685,155.3034210205078,5386600
2024-11-13,154.50016090225935,155.73812546757807,153.4417366715022,155.68142700195312,4145000
2024-11-14,155.6814033933169,157.71317500877703,154.82143834241054,156.06884765625,5422700
2024-11-15,155.34121721576045,155.34121721576045,149.35928413262766,149.89793395996094,9108900
2024-11-18,150.6445017156604,151.06030967636914,149.08522186300252,149.62388610839844,6991300
2024-11-19,149.0757790871638,149.1891760163643,147.28026041597985,148.1024169921875,8248900
2024-11-20,147.84724989008006,150.3609874024593,147.61099668973804,150.01133728027344,5067300
2024-11-21,149.6805739070196,151.67455145306803,149.2647659759383,151.52334594726562,5977000
2024-11-22,152.05256685451604,153.14878525771775,151.09810903538047,153.0920867919922,5846300
2024-11-25,153.7535903151499,154.59465118855772,153.09208419332666,154.0843505859375,8580400
2024-11-26,154.2922663289199,154.67971067424682,152.99758879923226,153.24330139160156,4653600
2024-11-27,153.03539777442248,156.04999135946716,152.7896851814388,153.7725067138672,3622900
2024-11-29,152.5534113899442,154.59464252554463,152.09980927750559,154.46234130859375,2799300
2024-12-02,154.3395080971236,154.65134965332086,152.86527591452213,154.0843505859375,4967400
2024-12-03,153.88589258830882,154.08435163608436,152.54397604067827,152.80857849121094,4277400
2024-12-04,151.76906468027974,152.1754132714537,150.64449711716853,151.3721466064453,6964600
2024-12-05,152.080939493254,152.1565422657744,150.09642078867253,151.66514587402344,5229600
2024-12-06,151.87000924997423,153.25194236266532,150.28792728032704,150.3832244873047,8359200
2024-12-09,150.4976198572517,153.91909976111435,149.76376001558359,151.98439025878906,8380400
2024-12-10,151.53645441637136,152.88979710693556,149.96391212151667,152.33702087402344,5329400
2024-12-11,152.68965962018575,152.97556581879428,148.92506318979952,149.4111328125,7925900
2024-12-12,151.62221520310595,151.91766128785986,150.55479333753524,151.44113159179688,6849500
2024-12-13,150.13543063318204,152.07967975246453,149.68749159798122,150.55477905273438,4353900
2024-12-16,150.44043532325796,151.36490412442464,148.56290710171595,148.6963348388672,6696500
2024-12-17,148.42948150625298,151.0599203091317,147.95295178918946,148.81069946289062,6572600
2024-12-18,147.752810746101,148.51526124234948,146.87599776530203,147.18096923828125,7620900
2024-12-19,145.90384521618537,146.84737916153196,144.3027125674491,144.35989379882812,9829500
2024-12-20,143.77853757145834,146.28508837569208,143.44496097394435,145.61793518066406,19205200
2024-12-23,145.25579094068286,145.25579094068286,142.68253339307574,144.1883544921875,6822200
2024-12-24,143.4354437181239,145.65607392743533,143.3496718599289,145.6370086669922,3399800
2024-12-26,145.3701346402184,145.98961737150705,145.09375384045921,145.28436279296875,5528500
2024-12-27,144.1883408196286,146.2660177381861,144.1597502028966,145.71324157714844,4287000
2024-12-30,145.49405322227383,145.90386178872572,143.9977429660863,144.59817504882812,5397000
2024-12-31,144.67443571624847,145.96105732202224,143.85480396053748,144.92222595214844,4274800
2025-01-02,145.7037399777821,146.44712521909454,142.8540868577285,143.15907287597656,4970200
2025-01-03,143.87385574322366,143.87385574322366,142.53956383618376,142.62533569335938,5218100
2025-01-06,142.57768100020505,142.91124303881813,139.24197335888704,139.40399169921875,9470600
2025-01-07,139.58509963789564,141.02421423592477,138.51766311762023,138.57484436035156,7473300
2025-01-08,138.5748439405525,139.78523356398952,137.7742774596715,139.6613311767578,6791800
2025-01-10,138.19363332800245,138.73688424632908,134.86745029741604,135.9444122314453,9632700
2025-01-13,136.0873638561711,138.32705956812833,135.46788097883874,137.71710205078125,8101400
2025-01-14,137.42164562315438,138.32704920005955,136.82121351079695,138.14596557617188,6996400
2025-01-15,138.66062637068478,139.33729044493003,137.40258090034723,137.98394775390625,7141600
2025-01-16,137.28822235539383,139.89959604910575,136.94512035751143,139.6613311767578,5068000
2025-01-17,140.78592585940007,141.6436734422413,140.26174031764984,141.29104614257812,7338900
2025-01-21,141.36729111758078,142.74922422734525,140.83358022353642,141.57696533203125,7456200
2025-01-22,141.27200807288747,142.43474184653545,140.85265955878046,141.13858032226562,5905100
2025-01-23,141.51978893052166,141.94866273198127,139.7280326886093,141.6436767578125,4759100
2025-01-24,141.834317791072,142.30130762574834,141.17670442771677,142.12022399902344,4509600
2025-01-27,143.83573206684667,148.17215552163196,143.81666680572295,147.35252380371094,9820600
2025-01-28,146.91409989506528,147.35251361539838,143.0732716973282,143.19717407226562,6349700
2025-01-29,144.0358731544437,144.86503018677075,143.17811096071307,143.31153869628906,4874100
2025-01-30,144.1788221920485,145.89433198870807,143.55933941056156,144.76971435546875,4671300
2025-01-31,143.6832227058204,144.5695754655042,143.2162329304514,143.61651611328125,4905500
2025-02-03,142.73019313909396,144.0358946130398,141.84385473697722,143.2162628173828,7196200
2025-02-04,139.24200254576937,140.81454494643154,136.2875121985767,136.7545166015625,12804900
2025-02-05,136.65916796516473,138.946504393166,136.0015547429185,138.82261657714844,9248100
2025-02-06,139.39446417352073,140.0044216146668,137.2024391629391,138.52719116210938,5604900
2025-02-07,138.20314353787964,138.33657127717856,137.14524698253345,137.7933349609375,5872300
2025-02-10,137.57412719726562,137.73614554661722,136.29701657688074,137.57412719726562,8715400
2025-02-11,137.59319919654067,138.87983537441679,136.66873029237013,138.8035888671875,6354000
2025-02-12,137.27867466293438,137.98394388037354,136.31608986858595,137.2310333251953,6658200
2025-02-13,137.4597583414237,138.1364369394966,136.85934078584495,137.7933349609375,7175300
2025-02-14,137.87909449274645,139.30868351850697,136.60199845327463,136.6591796875,5001800
2025-02-18,136.19217832659646,137.38350254058886,134.9532127780699,137.3358612060547,8738700
2025-02-19,137.45975580491546,139.07995390722917,137.3835093063612,138.96559143066406,5777300
2025-02-20,138.29845343879944,142.18693762933756,138.19361632057905,142.10116577148438,6789800
2025-02-21,142.94938346798796,147.29533196951138,141.91053767819017,146.29461669921875,10604400
2025-02-24,145.18906013889065,148.9822468812991,144.97938591523865,146.62818908691406,7187000
2025-02-25,147.52406883642254,151.0218098857607,146.77115825448112,149.0775604248047,9474600
2025-02-26,148.2674589206667,148.3055748982307,144.04539818573173,144.3980255126953,9076500
2025-02-27,143.8166578200451,145.5226422919635,142.89218903750435,144.88409423828125,6731000
2025-02-28,146.48523659194126,147.81952856600142,145.1986150420832,146.2660369873047,8455500
2025-03-03,144.24553006385233,148.82020304419729,143.43542384637874,148.667724609375,8321700
2025-03-04,149.95437146253818,152.63246620969508,146.7330403870507,146.95223999023438,10274200
2025-03-05,145.7513660001848,148.0482426276661,145.56075703007934,146.6567840576172,5578700
2025-03-06,146.93317531418856,147.69562579127168,145.37015838030814,147.35252380371094,8421000
2025-03-07,147.34769663326543,151.52054142142197,146.886187564119,148.4918670654297,8997700
2025-03-10,149.8764021869421,153.91463936990797,149.3860350689173,150.23214721679688,11156900
2025-03-11,149.78988304796076,150.0398787733779,145.96317324469047,146.46315002441406,7981600
2025-03-12,141.8576228373851,143.77098505467973,140.8672935368198,142.46336364746094,8330200
2025-03-13,142.655643937519,144.68437956927875,142.35758568588042,142.62680053710938,5351100
2025-03-14,141.46342629062002,143.41524150950647,141.41534906101427,142.8671875,5277500
2025-03-17,143.48252531219288,145.82855306857024,143.38638553252244,145.51126098632812,5449500
2025-03-18,144.2228807269488,145.47281529413772,143.02102338755756,143.2517852783203,8158600
2025-03-19,142.45374739285091,143.14601838017148,141.13650179889132,142.40567016601562,6080100
2025-03-20,141.87684821354242,142.36721538148893,140.99228300120998,141.48263549804688,4536400
2025-03-21,141.3384200160907,142.01145717718347,139.1750768525791,139.84811401367188,11574800
2025-03-24,139.8865674643696,141.06919083247004,139.25198334641976,140.80958557128906,5968900
2025-03-25,140.52113824932673,140.6653699162933,139.25198467244982,139.93463134765625,4763300
2025-03-26,140.3769306900506,143.57868025330887,140.13655923338956,142.91525268554688,5882200
2025-03-27,143.8286579883805,144.6170833902812,143.34791508608274,143.90557861328125,5397500
2025-03-28,144.6459327711041,145.54973181216886,141.4441831488918,143.52099609375,8550900
2025-03-31,144.41517269144535,146.71312330130766,143.98250699030416,144.16519165039062,9985700
2025-04-01,144.69400401518195,144.98243801967334,142.94409280868572,143.90557861328125,6072800
2025-04-02,144.44401993532455,144.7036252313581,142.3672215803867,143.37677001953125,5866200
2025-04-03,145.84778259419542,148.11688965729064,145.04974762379447,145.54010009765625,8216200
2025-04-04,147.09774023348973,148.95340106806165,140.80000434982716,140.9634552001953,12911400
2025-04-07,135.8771818676351,140.47308287103314,135.25220728775068,137.67515563964844,14423200
2025-04-08,138.40588663739106,139.800038200417,133.79075157434835,134.89646911621094,9488900
2025-04-09,134.84838122574646,140.32884726112724,133.00233028072918,139.9827117919922,14067000
2025-04-10,139.81927805087344,141.47303497532297,137.4155632968608,138.5885772705078,10980300
2025-04-11,139.55965680802615,139.6942642320306,136.64635603262977,138.8673858642578,8563300
2025-04-14,138.60779307933373,141.51146956154318,137.97320894569512,141.09803771972656,5393800
2025-04-15,140.223095918939,140.35770335404743,137.13673448855647,137.33863830566406,5459600
2025-04-16,138.5597267956479,138.8385512375947,134.38688171671282,134.69454956054688,7878600
2025-04-17,134.93492362793495,138.04053355476023,134.67533300593948,137.33863830566406,6131400
2025-04-21,137.01174107493236,137.32903318321812,135.1560803256646,136.27139282226562,7412800
2025-04-22,136.80019259356536,138.7231641112383,136.4829005326163,137.93475341796875,7144700
2025-04-23,137.75207009826065,138.4635601771176,135.4252763000818,136.7809600830078,7760000
2025-04-24,136.0021546547566,136.38675775247688,129.34867511083056,130.0986328125,15577300
2025-04-25,130.25249825989863,130.3871057013414,126.72384670747414,128.2429962158203,11544700
2025-04-28,128.74292955491256,130.19478235360185,127.97375273064334,128.6083221435547,8498600
2025-04-29,127.37764040126547,129.28139293403092,126.4546222076001,129.1371612548828,7010700
2025-04-30,130.40632307358226,130.9351285239572,127.97376518586545,130.35824584960938,7923500
2025-05-01,129.29099829182854,129.617899946788,128.10837485117577,128.40643310546875,6807000
2025-05-02,128.9833281170716,129.22369959300437,128.0218422133406,128.59873962402344,7169700
2025-05-05,128.8775589454233,128.8775589454233,126.62768554141013,126.90652465820312,8972200
2025-05-06,126.81998627807647,126.81998627807647,125.14701017604115,125.70467376708984,6889900
2025-05-07,125.9065604965722,127.56031721895097,125.25275720550135,126.83920288085938,6313200
2025-05-08,126.81037009215376,127.85838616347577,126.20462930271535,126.36808013916016,6392400
2025-05-09,126.09886071260958,126.57960362752019,125.16621828399424,125.41621398925781,4770500
2025-05-12,125.80079207511376,127.23341112496638,125.05083436340789,126.60843658447266,8392700
2025-05-13,126.11809237557655,126.56999188153618,124.7527842811636,125.29121398925781,8650200
2025-05-14,125.06047815859296,125.15661794600618,122.94520477550988,123.50286102294922,10463000
2025-05-15,124.2143492421964,126.48345625114597,123.84897995405183,126.43537902832031,9165100
2025-05-16,127.00265275521812,127.16610357676525,125.61811088904409,126.89688873291016,8896400
2025-05-19,127.0411344901041,127.16611767861247,126.06041478095766,126.71421813964844,9406200
2025-05-20,126.67576920561102,127.07959152907286,126.29118070834569,126.72384643554688,7624200
2025-05-21,126.72383529973878,126.81997508005149,125.0508446743154,125.13737487792969,9243700
2025-05-22,125.01238835946057,125.66619166412913,123.85860832873962,125.10852813720703,7140200
2025-05-23,124.57009432780153,124.7623885480645,122.8298074270925,124.35856628417969,8122500
2025-05-27,125.07006885878673,126.39692389637342,124.15666032511679,126.31037902832031,13974800
2025-05-28,126.23348384241214,127.0988299995456,125.44507299287592,125.63736724853516,9431500
2025-05-29,125.8200302970673,126.98343455114295,125.23352338190846,126.83920288085938,6656900
2025-05-30,127.06035101310752,127.60840499752169,126.23347258352278,126.38731384277344,12992100
2025-06-02,125.8584940379588,125.98349189534069,124.09898781309852,125.86811828613281,6723700
2025-06-03,125.59890530223674,127.11805475441678,124.81047983785676,126.77191925048828,7339500
2025-06-04,127.14688822755775,127.62763113040847,126.05079499590248,126.66614532470703,6519700
2025-06-05,126.14693975075932,126.34885823321103,125.19507815507033,126.06040954589844,9560800
2025-06-06,126.60767079212162,127.01592407355825,125.72311459963049,126.3938217163086,7628200
2025-06-09,126.19942099368983,126.99648270837197,125.56758876786232,126.32579040527344,8453100
2025-06-10,126.55905532914669,128.4253622430555,125.83975834596379,128.1434783935547,11852900
2025-06-11,128.25040207589907,128.2795619624795,126.16051626774066,126.26744079589844,9168400
2025-06-12,126.25773191380691,128.62950168487257,126.0827725858215,128.600341796875,11444900
2025-06-13,128.07542873653506,129.33907821402536,126.93814865642048,127.19088745117188,9581000
2025-06-16,127.6380199782449,128.39620672431104,126.58821952244041,127.7352294921875,11183700
2025-06-17,127.49221650674146,128.00739428374504,125.51898505925482,125.67449951171875,10235200
2025-06-18,126.00500815753645,126.05359808288975,124.99408259824749,125.4606704711914,8785800
2025-06-20,125.90779864265075,126.77290992961115,125.2954113294678,125.4606704711914,23001000
2025-06-23,125.67449909867565,125.87863313799151,124.2456127357758,125.48009490966797,12840400
2025-06-24,125.52870767020337,127.54082897657736,125.44122800438446,127.38529968261719,9226800
2025-06-25,126.61738375800627,126.9381573665243,124.06093215688901,124.44003295898438,10922600
2025-06-26,124.13868960323748,125.54814594555143,124.0317650732673,124.63442993164062,11538100
2025-06-27,124.70247359722224,127.66718592817524,124.52751426232507,127.37557220458984,26536500
2025-06-30,127.53110389792256,128.65866907319312,126.93816142058981,128.3476104736328,11402400
2025-07-01,128.88223552497843,132.57597488570823,128.76559596405866,131.47756958007812,12846700
2025-07-02,131.4678370531664,133.16889963980626,131.1081885668309,132.66343688964844,9388700
2025-07-03,132.87728727201517,133.00365666883954,131.45812334866443,131.59420776367188,4941400
2025-07-07,131.74000117289916,131.9246903345546,129.94172914130337,130.69020080566406,7773700
2025-07-08,129.67930926555573,131.87610499710155,129.55293985590507,131.2637176513672,7718300
2025-07-09,131.1276288833012,131.59421676560638,129.2418918126547,130.71937561035156,7762600
2025-07-10,130.67077485988628,132.857855566971,129.89315802970617,132.27464294433594,8869700
2025-07-11,131.06931628476823,131.60393899246833,130.06812050129838,131.47756958007812,7963600
2025-07-14,130.98182367337347,132.08022887048367,130.11671240714458,131.77890014648438,8480300
2025-07-15,131.64279312786732,131.72055776690553,130.00978020432933,130.06809997558594,8933500
2025-07-16,130.20420433304352,131.72057794637533,130.00980012170956,131.5650634765625,10941600
2025-07-17,137.73747492281652,141.87835707455042,137.67915514582134,141.37289428710938,26161000
2025-07-18,142.1699583702251,142.2574528692912,138.94280705435685,139.2344207763672,13752800
2025-07-21,139.09833157952258,139.5746196381165,136.53215761160942,137.7374725341797,9025600
2025-07-22,137.28061067990865,142.3060339420891,137.28061067990865,141.9561004638672,8281500
2025-07-23,141.78115042042538,142.91843059105966,141.03267865900125,141.5867462158203,6166000
2025-07-24,141.74226667890093,142.37408401251483,139.95370954456368,140.46888732910156,9749400
2025-07-25,140.76050692685578,140.77023677774557,138.70951072123202,139.43853759765625,7021600
2025-07-28,138.7095048635598,139.09832808048668,137.5041899713094,137.61111450195312,10639100
2025-07-29,137.611125937852,139.96345097541052,137.18342777973402,139.86624145507812,6282900
2025-07-30,139.74959215500115,140.36196462772023,138.31096848123184,138.8650360107422,9738400
2025-07-31,137.03759846464098,137.6111108403367,133.7910025581565,134.06317138671875,11689700
2025-08-01,135.21017252840073,135.90030957313505,134.4228111482219,135.3851318359375,7630500
2025-08-04,135.39484905877748,136.3960594969788,134.86995629552982,135.6573028564453,8384700
2025-08-05,135.69619878555068,136.42522560961612,135.36569535292026,135.55038452148438,5535100
2025-08-06,135.98779928222396,137.62082710042338,135.4629064887138,136.86264038085938,6747400
2025-08-07,137.29033700723306,140.2744790978589,136.55158033211742,139.8953857421875,7674600
2025-08-08,139.8953880443102,141.3048369625855,139.77874849667305,141.14932250976562,5315100
2025-08-11,141.25624510048578,141.5284139292965,139.73014182342902,140.81881713867188,5773400
2025-08-12,141.47981412915695,142.89897809592895,140.67302263261044,142.7628936767578,7668700
2025-08-13,142.78233885943524,145.35822781086463,142.74346395333922,145.17355346679688,6147000
2025-08-14,144.87221200455218,145.3193550076181,143.909906035835,144.46395874023438,6892500
2025-08-15,145.21243249783674,146.87462029837766,144.33760618097716,146.19418334960938,9162200
2025-08-18,146.34000155736504,146.34000155736504,144.75557836072593,145.3679656982422,9901000
2025-08-19,145.80536741129475,148.0604975466588,145.66928299499443,147.90496826171875,8596900
2025-08-20,148.9255975933947,150.28644165399464,144.53199203303404,146.5149383544922,10023500
2025-08-21,146.11642778716586,146.11642778716586,144.44452503361794,144.8138885498047,8153600
2025-08-22,145.46514409509928,146.95235760644562,144.92080644808212,145.45542907714844,5218000
2025-08-25,144.27927393112637,144.65838215099927,143.45305235882506,144.0557098388672,6624300
2025-08-26,143.3752848826298,144.10431175491436,141.73254195728092,142.88926696777344,11208100
2025-08-27,142.88926546665448,143.6571672379409,142.21855837806442,143.51136779785156,8092900
2025-08-28,143.82243309721807,143.90018291417093,142.14080037183032,142.8698272705078,9265100
2025-08-29,142.98645953554166,145.04717050401,142.76288064210374,144.49310302734375,7760700
2025-09-02,153.03730936945345,153.38724282934442,146.00949511807215,146.07752990722656,17348600
2025-09-03,145.75676294226085,146.2525106849707,142.99618487354843,144.4833984375,11259200
2025-09-04,144.85277430621574,145.29018743541573,142.3546352629519,142.78233337402344,6342200
2025-09-05,143.30550693337324,145.1508155139805,142.59879364621221,143.6883087158203,7186300
2025-09-08,143.0306689271023,143.0306689271023,137.75977963728343,139.0946807861328,11127600
2025-09-09,138.57445144812039,140.97924756119454,138.49594106456783,140.4590301513672,5866400
2025-09-10,139.60508866509184,140.46885273301808,138.81003991037903,140.02716064453125,6015100
2025-09-11,140.25289495696885,142.078568351453,139.87009319573093,141.5681610107422,6144400
2025-09-12,141.41113070178548,141.58780153198117,140.26271039678855,140.88108825683594,5713700
2025-09-15,140.75349133032213,140.88109692254454,137.93646308737308,138.04443359375,7279600
2025-09-16,138.093517023015,138.70206990370158,137.32791340628594,137.44569396972656,9283500
2025-09-17,137.58310031043482,139.41858386004532,137.5634652254624,138.62353515625,6092900
2025-09-18,138.04443130456625,139.0161658458442,137.79904515570453,138.1327667236328,6106600
2025-09-19,138.84930166207909,139.45785450365722,137.86775709066583,139.1437530517578,12365500
2025-09-22,138.47629579516826,138.9081777588482,137.3573356970793,138.42721557617188,5797600
2025-09-23,138.43704474516784,139.60508522354195,137.37698974980495,139.2811737060547,6356500
2025-09-24,139.19283171366172,139.71304913249804,138.40759306990722,139.5461883544922,5949100
2025-09-25,140.36088203479315,140.7731289819691,137.27883249689268,137.3377227783203,7101700
2025-09-26,137.35735696088264,138.38798181063353,137.26902153932232,137.84812927246094,6224700
2025-09-29,137.84812059040595,138.07387164590247,136.55247458039506,137.58309936523438,11930200
2025-09-30,137.5831080305976,138.42723700559955,137.24938645324812,137.84812927246094,7583400
2025-10-01,138.21129033990658,140.7240420761107,137.88737883024532,140.498291015625,5880800
2025-10-02,139.27136207588325,140.6062633250372,138.76095469254093,139.68360900878906,4497300
2025-10-03,139.63452671911088,140.71423174922148,139.24191487753342,139.3596954345703,5425700
2025-10-06,139.15356946272723,139.23209482083766,136.31690642615285,137.12176513671875,6750700
2025-10-07,137.77940347752488,139.22227516196588,137.11196037360506,138.191650390625,6110300
2025-10-08,138.19164243084705,138.3781382806653,136.13040798407272,136.2776336669922,8256700
2025-10-09,137.86775745974037,142.06876703846078,136.03225892180046,142.03932189941406,13706600
2025-10-10,142.94234083112488,148.0365595567978,142.3239629579886,147.31021118164062,17545200
2025-10-13,145.90659005602612,147.21204609306164,144.62076910342495,146.1421661376953,7272000
2025-10-14,145.94586261338955,148.8217809770759,145.7593667511636,148.74325561523438,8371100
2025-10-15,148.53714581858458,149.57758069615736,146.4170058922955,148.3702850341797,6101100
2025-10-16,149.56776040940056,151.53084947117642,149.47941001896314,149.85240173339844,8532900
2025-10-17,150.93210499651613,151.06952063019477,148.93957081958558,150.8732147216797,6710100
2025-10-20,151.5701079470403,151.5701079470403,149.90148520380725,150.80450439453125,4810600
2025-10-21,151.8449488334866,152.3259110862688,150.01927525184084,150.35299682617188,5614300
2025-10-22,150.32354532654028,152.3160796110582,149.89167829536066,150.2057647705078,6486000
2025-10-23,150.34318909048827,150.568940161643,148.2426841826239,148.7138214111328,6091800
2025-10-24,149.23401422018935,149.60700591046557,148.47823576392852,148.75306701660156,3580200
2025-10-27,148.22304370166472,150.0487172450194,148.17397845372565,149.8131561279297,4744600
2025-10-28,148.61565758998435,150.38244070028625,147.15315088089375,147.34945678710938,5626500
2025-10-29,145.31767353087818,145.91641630508613,141.01850361190367,143.46255493164062,7767600
2025-10-30,143.63922877723203,145.3569317747076,143.55089336045685,144.826904296875,5752700
2025-10-31,143.50181510776108,144.28705376997277,142.6184309735115,143.3938446044922,6313600
2025-11-03,143.1680837998625,143.2171640211319,140.60625201227927,140.94979858398438,8331500
2025-11-04,142.02949376135018,142.25524481483038,139.43821674165432,140.26271057128906,8302900
2025-11-05,140.26270489758636,140.63569660517302,138.96707392873805,140.22344970703125,7136400
2025-11-06,139.7817552620994,140.56699385429175,138.69224027251286,138.96707153320312,6449400
2025-11-07,140.29214775336547,141.39148777438004,139.03577199550347,140.31178283691406,7592300
2025-11-10,139.86029390936977,140.38051134348044,138.65298328106147,139.98788452148438,6617500
2025-11-11,140.63569794369218,143.06992416515575,140.04676523949547,142.40248107910156,7683600
2025-11-12,141.89208050603983,142.81473479729928,141.40130822151303,141.7252197265625,5790100
2025-11-13,141.44057820701963,143.68830867726086,140.99887116977638,142.34359741210938,6663300
2025-11-14,143.19753461120783,144.12999894355127,141.2737006923552,143.1582794189453,5770500
2025-11-17,143.42328260255982,145.37656161819226,142.53989851229528,145.1017303466797,7320200
2025-11-18,145.56307162942053,147.06483371519738,144.72875270301898,146.02439880371094,10821500
2025-11-19,145.5630599435685,146.05383221918595,143.9827726169931,144.39501953125,8123200
2025-11-20,143.8944282509483,144.3655654126232,142.22579063590166,143.40365600585938,6878900
2025-11-21,143.580344822731,146.19125708840326,143.28587844333043,143.62942504882812,7911800
2025-11-24,143.13863927234425,143.639221586191,142.08837944599145,142.81472778320312,9391400
2025-11-25,143.23678160919974,144.40482195984117,142.883439967507,143.41346740722656,8954000
2025-11-26,143.61960978615545,145.7299246371621,143.53125939151172,145.24896240234375,5180600
2025-11-28,144.51279230406973,146.07345943916397,144.51279230406973,145.99493408203125,2969300
2025-12-01,145.88696816190722,147.05500854795784,145.76917263392488,146.75071716308594,7623300
2025-12-02,146.7016589686461,146.75072421571738,143.8257255718568,145.86734008789062,6830300
2025-12-03,145.94586199199006,147.91876115187094,145.18025843877174,145.32748413085938,5109200
2025-12-04,145.0232090475861,145.513981328627,143.43311164971163,144.19871520996094,6803000
2025-12-05,144.3305330406147,144.50894700860835,143.23036146295104,143.73585510253906,5971300
2025-12-08,143.7259339050676,145.26221171079564,142.92310885865865,144.3404541015625,6327400
2025-12-09,145.05407169813031,146.2533486366969,142.63567556339416,143.3592071533203,10035200
2025-12-10,146.46150229812793,148.4536983228325,145.69831640613413,148.37440490722656,18526400
2025-12-11,148.82041692532948,149.5538696758879,146.81831489789627,147.72024536132812,7854000
2025-12-12,148.4239697759485,149.3358213981286,147.42291872982835,149.3159942626953,8143100
2025-12-15,149.60343153241067,150.35669630205035,148.94927219043072,149.88095092773438,8409600
2025-12-16,150.64413257620652,151.000945377794,148.66184259486977,149.03846740722656,7520300
2025-12-17,149.04839940005314,149.9007847591031,148.15635976922965,148.7510528564453,8067100
2025-12-18,148.47353300375627,149.03847782361194,147.92840019605455,148.04733276367188,6643200
2025-12-19,147.82927689045113,148.5627296656844,146.59034558857448,146.84805297851562,17543500
2025-12-22,146.22362440594435,147.66078166822234,145.11354681693064,145.7478790283203,8818700
2025-12-23,145.88664368062598,145.88664368062598,142.28878227622377,142.40771484375,7254800
2025-12-24,142.51673875661518,142.71497986370588,141.68418055205746,142.46719360351562,2618700
2025-12-26,142.28878281376257,142.66542277724966,141.8229434242938,142.5068359375,4975500
2025-12-29,142.46719602588078,143.76559363156667,142.32843632276183,142.9627685546875,7201900
2025-12-30,142.695148655772,143.9836401967227,142.64558838041376,142.8834686279297,4713800
2025-12-31,142.5563827697631,142.75460873891723,141.89231745507723,142.24913024902344,4380300
2026-01-02,141.9517895415276,142.14010951321447,140.84171196990727,140.97055053710938,7182100
2026-01-05,140.40561286399728,140.55427857356466,138.16561534869246,138.68101501464844,9031400
2026-01-06,138.4431332267944,138.81977318510366,137.34297674079824,137.72952270507812,9576500
2026-01-07,137.9872052474535,138.59180428985843,135.7472230384423,135.79676818847656,8539800
2026-01-08,135.36068550090064,138.2449060760522,134.80563157408733,138.13587951660156,8762800
2026-01-09,138.20525745455524,139.5432940938986,137.47180473001515,138.6710968017578,6767600
2026-01-12,138.67110384924786,140.25692681243467,137.3330520182305,140.10826110839844,12223400
2026-01-13,139.85057297390546,142.37798075914338,139.79109156686278,142.20948791503906,9030200
2026-01-14,141.87250188145563,145.0045238697863,141.87250188145563,144.6278839111328,8329500
2026-01-15,144.7666316312235,145.71813745508302,144.24132600798677,145.27212524414062,5797800
2026-01-16,145.85691125144223,146.2434572214646,144.22151282159868,145.02435302734375,10313500
2026-01-20,144.925226771496,146.35247802734375,143.04205727338584,146.35247802734375,9982800
2026-01-21,145.7478805931821,146.6993713586461,143.6565639619215,145.4406280517578,7679600
2026-01-22,145.38114737452213,145.827174741972,142.8933787657921,143.121337890625,8167400
2026-01-23,142.5861180537171,143.55743590375306,141.79319904150162,143.29974365234375,5870100
2026-01-26,143.51780602682592,144.6278836414103,142.86364666522874,144.5783233642578,6589600
2026-01-27,144.45938672959164,147.50220920171512,144.04310763584627,147.46255493164062,7114900
2026-01-28,147.0958286585343,148.71138467587946,146.4515753536946,147.18502807617188,5954100
2026-01-29,147.52201775088957,149.52413487982554,147.12556580148575,147.37335205078125,9062300
2026-01-30,147.69050746948056,152.52729979325355,147.27422839428777,152.2696075439453,12641300
2026-02-02,152.69579417307816,155.23312291827654,151.83350287455258,153.82569885253906,14660500
2026-02-03,155.2133178034306,161.9927461813934,154.12305222056835,161.40797424316406,19096400
2026-02-04,163.4298952059286,166.45289042074836,162.7162696101786,164.70846557617188,13322900
2026-02-05,165.03555189247527,166.5222694229869,163.78671461136767,166.04652404785156,11038800
2026-02-06,165.96722689878004,169.23800841708035,165.7789069293629,168.98031616210938,10960400
2026-02-09,167.99907880801973,168.42526390197517,163.47945999261816,164.99591064453125,10316200
2026-02-10,164.28228745851285,165.92759182533538,162.29009140806306,165.49148559570312,10352500
2026-02-11,166.16545835718267,168.76226862186738,164.54990224114403,167.6521759033203,6733400
2026-02-12,168.25676535942733,169.96153592478052,165.61041009340946,165.7194366455078,9516300
2026-02-13,165.71944888736795,166.39343538385643,163.538932807996,164.47061157226562,9286100
2026-02-17,164.64901227558042,166.05643644378512,159.3860344348247,160.4862060546875,8749800
2026-02-18,160.3573431188186,163.07308586712128,159.20762641120913,162.934326171875,7239800
2026-02-19,162.93432712388625,163.5884864583005,161.68548985937298,163.13255310058594,6155800
2026-02-20,163.19202114547815,163.50919481056462,161.5764650504213,163.47946166992188,4811800
2026-02-23,163.03344175412886,167.31518016532246,162.78565551133354,166.82952880859375,6801600
2026-02-24,166.7403140570282,168.28649779033455,166.28439584011582,168.03871154785156,6319800
2026-02-25,167.11695829263195,167.9990767336612,164.5300692494853,167.6719970703125,6832700
2026-02-26,168.12793491447704,168.55412001455645,165.67980550034451,166.09608459472656,7219300
2026-02-27,166.88899596252716,168.7721653681813,166.33395719554161,168.23695373535156,10585200
2026-03-02,167.55306747998353,168.03871885722504,165.65997687538623,165.79873657226562,7264000
2026-03-03,165.06527832342658,165.7392647741714,162.22069707025273,163.44972229003906,6718100
2026-03-04,163.57856818844644,164.46068665530117,161.9233578123784,162.46849060058594,6855400
2026-03-05,160.72408649810612,161.95309669288736,158.74179637886064,159.27700805664062,7133700
2026-03-06,158.25,159.52999877929688,156.08999633789062,159.42999267578125,5937900
2026-03-09,159.1699981689453,162.42999267578125,158.10000610351562,161.52999877929688,6416000
2026-03-10,160.6999969482422,162.86000061035156,159.58999633789062,160.77999877929688,5341300
2026-03-11,160.30999755859375,160.91000366210938,157.88999938964844,160.14999389648438,4359700
2026-03-12,158.8699951171875,161.5399932861328,158.69000244140625,158.86000061035156,6165600
2026-03-13,159.77999877929688,161.50999450683594,159.24000549316406,159.8800048828125,4676800
2026-03-16,161.36000061035156,161.5800018310547,157.5399932861328,157.72000122070312,4498700
2026-03-17,158.8300018310547,159.11000061035156,156.2899932861328,156.5,5460200
2026-03-18,155.25,156.1199951171875,153.2899932861328,153.5399932861328,5124400
2026-03-19,153.75,154.67999267578125,152.66000366210938,152.74000549316406,5555500
2026-03-20,152.4499969482422,153.41000366210938,149.33999633789062,150.0399932861328,14480700
2026-03-23,152.3000030517578,152.3000030517578,149.94000244140625,150.8800048828125,6783000
2026-03-24,150.4499969482422,152.5800018310547,150.1999969482422,150.58999633789062,5803700
2026-03-25,151.3000030517578,151.83999633789062,149.02999877929688,151.72999572753906,4978500
2026-03-26,151.92999267578125,153.14999389648438,150.6699981689453,150.8300018310547,5677100
2026-03-27,151.13999938964844,154.5399932861328,150.47000122070312,153.0399932861328,6663600
2026-03-30,153.82000732421875,158.38999938964844,153.3699951171875,156.82000732421875,10386800
2026-03-31,157.6699981689453,157.6699981689453,154.1699981689453,155.2899932861328,8033800
2026-04-01,153.5500030517578,155.14999389648438,153.25999450683594,154.64999389648438,5412600
2026-04-02,154.66000366210938,157.05999755859375,154.22000122070312,157.00999450683594,5410000
2026-04-06,156.41000366210938,156.86000061035156,155.39999389648438,156.72999572753906,3562500
2026-04-07,156.17999267578125,156.5399932861328,152.57000732421875,153.2100067138672,5151100
2026-04-08,151.8800048828125,154.82000732421875,151.75,154.8000030517578,6878500
2026-04-09,153.6999969482422,158.00999450683594,153.25,157.49000549316406,4339400
2026-04-10,157.16000366210938,157.7899932861328,156.3300018310547,157.05999755859375,4412700
2026-04-13,156.99000549316406,157.02999877929688,154.9499969482422,155.8800048828125,5827800
2026-04-14,154.50999450683594,156.6300048828125,154.2899932861328,155.72000122070312,5655800
2026-04-15,155.02000427246094,155.75999450683594,153.33999633789062,154.85000610351562,7684800
2026-04-16,155.5399932861328,159.7899932861328,154.25999450683594,158.3800048828125,10422100
2026-04-17,158.25999450683594,160.02999877929688,156.47000122070312,157.6699981689453,7799900
2026-04-20,158.74000549316406,158.83999633789062,155.83999633789062,156.99000549316406,5731000
2026-04-21,156.74000549316406,157.0399932861328,153.72999572753906,154.9199981689453,6357300
2026-04-22,155.0800018310547,157.22000122070312,153.5500030517578,153.7899932861328,5920000
2026-04-23,155.52000427246094,156.61000061035156,154.57000732421875,155.6699981689453,2165242
