timestamp,open,high,low,close,volume
2021-01-04,28.413993217593738,28.467938726451592,27.95160230172365,28.367755889892578,33565700
2021-01-05,28.298389891143202,28.799312768264407,28.205909379217953,28.660594940185547,29909400
2021-01-06,28.38316802430192,28.884091003793174,28.336927758889505,28.413991928100586,34962500
2021-01-07,28.545007566553753,28.62977992554942,28.2598636426938,28.560420989990234,27809500
2021-01-08,28.63748328775581,28.922624253090756,28.43711467585254,28.614364624023438,33462400
2021-01-11,28.683725148735,29.153824269477433,28.629779637155693,29.10758399963379,47286900
2021-01-12,29.05363511308546,29.12299403988901,28.375459266540673,28.652894973754883,47831100
2021-01-13,28.514177250743796,28.64518692430078,28.23674154225892,28.406286239624023,31027900
2021-01-14,28.344634701176325,28.483352565930026,28.213625017692156,28.321516036987305,30272000
2021-01-15,28.267562732033955,28.344626884618677,28.051780752949554,28.282976150512695,34287800
2021-01-19,28.329221416987625,28.51417955083367,28.22133039716485,28.306102752685547,33451300
2021-01-20,28.352339220535463,28.367752641273984,28.098022188063972,28.128849029541016,35400100
2021-01-21,28.044082529412997,28.1982138291078,27.859127321627252,28.113441467285156,33829700
2021-01-22,27.990142728817244,28.383177770255493,27.936197203884248,28.16739273071289,26271200
2021-01-25,28.167380955860892,28.737665760797785,27.990131028061295,28.729957580566406,31728500
2021-01-26,28.722257336070534,28.97657147156275,28.637484977636493,28.753084182739258,27718700
2021-01-27,28.50647992494978,28.545012019647114,27.874541224709866,27.928489685058594,50561200
2021-01-28,28.0063813030535,28.30241620106035,27.920686755857542,27.936267852783203,39466700
2021-01-29,28.73089191346716,28.73089191346716,27.74930340646267,27.967435836791992,60251900
2021-02-01,27.990805846413938,28.193354203681306,27.82720875341441,27.889530181884766,40395800
2021-02-02,27.858370465441414,27.873951566895865,26.697606639101608,27.258514404296875,84062400
2021-02-03,27.258513647378216,27.492224219122786,27.09491357254498,27.14165687561035,38524200
2021-02-04,27.118287315701593,27.328627726507328,27.032592744063194,27.18060874938965,34284900
2021-02-05,27.203983306884766,27.328632137964455,27.09491855148174,27.203983306884766,31749600
2021-02-08,27.23513664983497,27.274087910973197,27.063750506468622,27.12607192993164,31633900
2021-02-09,27.110499193144385,27.313050568403764,27.079336985905766,27.242937088012695,30170200
2021-02-10,27.26630148866522,27.328625889956147,27.032590927406293,27.063753128051758,29039900
2021-02-11,27.110491363090073,27.118283398545056,26.705391701363883,26.822248458862305,30885200
2021-02-12,26.8300376726237,27.2273482729084,26.76771624758914,27.04817008972168,25578600
2021-02-16,27.149449012107592,27.15724104939571,26.92353045120746,27.024803161621094,28730300
2021-02-17,26.931317071054977,27.266303321028047,26.845622499416578,27.18060874938965,26389400
2021-02-18,27.09491100800303,27.17281650573821,26.89236265747331,26.923524856567383,24052500
2021-02-19,27.001432951298504,27.017014054058993,26.798884558995116,26.83004379272461,28145300
2021-02-22,26.744347041611892,26.775506269348675,26.518425552722473,26.68981170654297,34322500
2021-02-23,26.48726587450107,26.635281878660805,26.237974198131415,26.417152404785156,37624200
2021-02-24,26.385988895342624,26.526215827828747,26.23018086238126,26.292505264282227,30686100
2021-02-25,26.34703826904297,26.572959773726655,26.128908800681412,26.34703826904297,37506100
2021-02-26,26.3626181059486,26.409361406266893,25.988680618775188,26.089956283569336,41462800
2021-03-01,26.16786124271163,26.432734025534028,26.10553683649871,26.245763778686523,30407800
2021-03-02,26.237973377765226,26.401570478056875,26.09774644271778,26.10553550720215,27670400
2021-03-03,26.10553455478203,26.837831404822204,26.051002190007676,26.791088104248047,46020200
2021-03-04,26.689812457110953,27.336414742435203,26.362618268241572,26.6430721282959,45449600
2021-03-05,26.71318557508211,26.91573393398814,26.45610187961073,26.791088104248047,30589900
2021-03-08,26.86120150740061,27.16502553095599,26.74434771392061,26.759925842285156,24352300
2021-03-09,26.907944962399437,27.14944458671963,26.830039461174373,26.837831497192383,25167100
2021-03-10,26.98584571565896,27.375364280773645,26.892362092132863,27.211767196655273,33501800
2021-03-11,27.320840126568505,27.359791400422758,27.001434926096923,27.040386199951172,24557900
2021-03-12,26.923517286293446,27.250711369409128,26.88456306248345,27.21954917907715,16342400
2021-03-15,27.274092532672242,27.601289719617778,27.235141264933574,27.585708618164062,21896100
2021-03-16,27.63245464387261,27.936278722663683,27.50780879175854,27.91290855407715,25022400
2021-03-17,27.912902769586903,28.01417546033581,27.359784129400904,27.88174057006836,42540100
2021-03-18,27.679193003078286,28.021971300740535,27.671403938036562,27.86616325378418,24729800
2021-03-19,27.85058264859175,27.905115020230298,27.632453162037557,27.6791934967041,48348900
2021-03-22,27.640241757981936,28.05313055674762,27.546758118444508,28.04534149169922,25427500
2021-03-23,27.905115086723875,27.990809662871897,27.515596447353868,27.5467586517334,27970500
2021-03-24,27.640244242497932,27.990811637014108,27.554549660306026,27.741519927978516,22883400
2021-03-25,27.772673750036976,27.881738468339663,27.46105772192299,27.788251876831055,24875300
2021-03-26,27.796042347791733,28.27125542661705,27.764880152375856,28.240093231201172,27944500
2021-03-29,28.06871298193285,28.62183172376839,27.967440272572528,28.528345108032227,27004800
2021-03-30,28.50496849945819,28.53613069766266,28.060917576312296,28.131031036376953,26303300
2021-03-31,28.162200196937423,28.380329694713843,28.076505616584825,28.22452163696289,26582700
2021-04-01,28.279047012329098,28.395903769668088,28.060917568539825,28.2790470123291,21319900
2021-04-05,28.388119365240826,28.489395050705838,28.123246552957276,28.263473510742188,22096900
2021-04-06,28.24789239960019,28.356960122573803,28.045344000518078,28.08429527282715,20722900
2021-04-07,28.06871290700081,28.232312998206623,27.858372479843148,27.975229263305664,21933800
2021-04-08,28.014177322387695,28.162196294043888,27.944063854706105,28.014177322387695,18129400
2021-04-09,27.967436503017268,28.676360231945452,27.967436503017268,28.512760162353516,31686700
2021-04-12,28.419276780461573,28.847746647325724,28.30242298320285,28.801006317138672,29944900
2021-04-13,29.143787354036128,29.3307576269679,28.738687572510354,28.94902801513672,33967400
2021-04-14,28.95681381225586,29.120413897024708,28.793216699278346,28.95681381225586,23842900
2021-04-15,29.026922980002045,29.400863428190462,29.026922980002045,29.29179573059082,24945800
2021-04-16,29.502139612650417,30.1487419519474,29.455399279933886,30.047466278076172,52829500
2021-04-19,30.070833407853666,30.351287262997346,29.86049598828685,30.327917098999023,30905100
2021-04-20,30.187687595049788,30.56941708125897,30.187687595049788,30.40581703186035,26459400
2021-04-21,30.49151555164651,30.90440431693245,30.483726487229696,30.795339584350586,29365000
2021-04-22,30.756386803177072,30.771967903034028,30.008511840788852,30.10199546813965,33373600
2021-04-23,30.094208341075575,30.250016377882538,29.938400304268608,30.117578506469727,24375000
2021-04-26,30.172105174301635,30.179897209155246,29.98513794288287,30.133153915405273,19773400
2021-04-27,30.000717909665973,30.078623404029056,29.876072090475784,29.953977584838867,19061500
2021-04-28,30.02409183780271,30.33570490812285,30.00851073851808,30.234432220458984,21963300
2021-04-29,30.374660195072025,30.38244925908891,29.844914688195917,30.070833206176758,23569400
2021-04-30,29.99292452643965,30.304540515430475,29.985135464020523,30.10978126525879,28413200
2021-05-03,30.41360329285748,31.036832259557404,30.351278910292425,31.029043197631836,46638600
2021-05-04,31.161485060184845,31.293919945231046,30.717434135820472,31.122533798217773,52802200
2021-05-05,31.30171776481172,32.01064156205834,30.327921176737167,31.138120651245117,76627500
2021-05-06,30.272727384071,30.862762358295267,29.863636108480073,30.8312931060791,54944900
2021-05-07,30.72116047050268,31.366265277228266,30.72116047050268,31.138120651245117,33807800
2021-05-10,31.334794182637424,31.68881278941012,31.295456114264223,31.358394622802734,30831900
2021-05-11,31.216781573874663,31.523599257013938,30.86276001599364,30.957164764404297,30568600
2021-05-12,31.027974897303988,31.40559696286715,30.925704317785264,31.224653244018555,26208600
2021-05-13,31.075187543272083,31.68882319770686,31.075187543272083,31.54721450805664,25415000
2021-05-14,31.657355672577943,31.720291198206482,31.405604566841387,31.484277725219727,18041100
2021-05-17,31.523611152115933,31.783228059549998,31.47640725956229,31.55508041381836,18095000
2021-05-18,31.610147125459335,31.74388697340871,31.334798614343747,31.50787353515625,15805500
2021-05-19,31.38986278333605,31.38986278333605,31.0201065612391,31.334793090820312,20209500
2021-05-20,31.25612096455244,31.66521226575433,31.2482551515425,31.562938690185547,18621100
2021-05-21,31.63374337113931,31.940561100259917,31.397729964206018,31.42919921875,21144800
2021-05-24,31.53147233541091,31.578673215464892,31.295455930848,31.319059371948242,16922300
2021-05-25,31.326922688290193,31.358391939867026,30.870630544718118,30.941434860229492,25916300
2021-05-26,30.90997694455808,30.917842759800486,30.50875134249073,30.6188907623291,28036500
2021-05-27,30.65821735355266,30.823426421403276,30.367131280399114,30.406469345092773,38471200
2021-05-28,30.485148387588612,30.697561394547126,30.43007868220017,30.46941375732422,16154100
2021-06-01,30.634626027506016,30.681829923159118,30.272738497388094,30.28847312927246,23642400
2021-06-02,30.398608598040404,30.626756229081796,30.31993844992382,30.516616821289062,19629000
2021-06-03,30.493013897594672,30.713295718021957,30.390743303508472,30.658226013183594,17376300
2021-06-04,30.721158248255396,31.075179885136205,30.69755780615451,30.79983139038086,19375300
2021-06-07,30.744760241395173,31.153848556859447,30.658221289675406,30.6739559173584,24110700
2021-06-08,30.73689974286821,30.768369006748184,30.272738604398242,30.56382179260254,18880300
2021-06-09,30.681820481560237,31.34265981197523,30.666085854517824,31.319059371948242,29824000
2021-06-10,31.38986264852509,32.03496733043018,31.381993834729116,32.00349807739258,42613700
2021-06-11,31.987766548188244,31.9956323616727,31.429200757515126,31.586544036865234,21386900
2021-06-14,31.492141418535375,31.523610679766268,30.980779428366063,31.177457809448242,23408300
2021-06-15,31.2403970729798,31.34267068369412,30.98864895512477,31.145992279052734,20206900
2021-06-16,31.16958712288296,31.342665048191233,30.902104420621875,30.91783905029297,19177500
2021-06-17,30.894239129454167,31.145987206306998,30.736895831152697,31.0594482421875,19580100
2021-06-18,30.91783845593424,31.027977860440842,30.445811579170606,30.532350540161133,37775900
2021-06-21,30.58742216289171,31.059449069292267,30.58742216289171,31.012245178222656,19488100
2021-06-22,31.004382678609975,31.224661525006216,30.886374438855302,31.161725997924805,15975900
2021-06-23,31.17745614899661,31.2010565931259,30.666091184987685,30.721160888671875,22025400
2021-06-24,30.79195804134543,30.95716711387069,30.744757164094256,30.8312931060791,13436500
2021-06-25,30.776225586352727,31.004373179405032,30.595281874954672,30.666086196899414,22774300
2021-06-28,30.689696603179357,30.847039925381658,30.603160626988632,30.776235580444336,19225700
2021-06-29,30.78409385842861,30.902099058876395,30.66608565690759,30.76049041748047,14516600
2021-06-30,30.791955042172535,30.89422860137697,30.540207051109913,30.807689666748047,21248100
2021-07-01,30.815560482886756,31.17745090474826,30.768359602567667,31.12238121032715,20035900
2021-07-02,31.04371529708304,31.334801465114687,30.98077977499104,31.256128311157227,16592700
2021-07-06,31.059443791209333,31.193186625975375,30.71329098541062,30.909969329833984,18931900
2021-07-07,30.8548942040731,30.965033577397676,30.658215894258404,30.957164764404297,17665200
2021-07-08,30.681827326489103,30.933575413184638,30.626757620091574,30.87850570678711,23021200
2021-07-09,31.098787469769192,31.547213979118226,31.043717758170132,31.161725997924805,21578700
2021-07-12,31.20105588242087,31.665216946524676,31.15385199416374,31.279726028442383,24513000
2021-07-13,31.287600134421982,31.31120058200453,31.09878755053896,31.193195343017578,12222000
2021-07-14,31.248255506732036,31.492134726764675,31.201051624916058,31.42919921875,15888600
2021-07-15,31.42919587274945,31.618005377765815,31.358391558100067,31.539335250854492,20250800
2021-07-16,31.578675943674686,31.743885040283203,31.413466847066164,31.743885040283203,24270400
2021-07-19,31.523605524695814,31.743884315141905,31.216787780553492,31.586544036865234,29818400
2021-07-20,31.66521602849398,32.81381693312081,31.625880956623615,32.294586181640625,48804100
2021-07-21,32.44406639649164,32.44406639649164,31.877631710281523,32.27098846435547,27530200
2021-07-22,32.34965990461664,32.68794696669464,32.17658496665332,32.6250114440918,18913300
2021-07-23,32.617132836795705,32.90821891980928,32.58566358440401,32.79021072387695,21609200
2021-07-26,32.74300911358644,32.99475714801388,32.562065401408795,32.892486572265625,23720000
2021-07-27,32.90035717440825,33.199309134209315,32.71154762164085,33.120635986328125,32544100
2021-07-28,33.31731076901935,34.41084489883562,33.23864063067788,34.18269729614258,53822400
2021-07-29,34.31764886134068,34.37321733168108,33.83340673844184,33.968360900878906,29015000
2021-07-30,34.039806140636465,34.28589421283216,33.88897484141512,33.98423767089844,24763300
2021-08-02,34.373225989627436,35.04005082992702,34.33353464770888,34.897159576416016,43066900
2021-08-03,35.06385965471413,36.40544921500656,34.984476983045084,36.26255798339844,45643300
2021-08-04,36.00059121483121,36.35781930872387,35.730685880362856,35.87357711791992,43391200
2021-08-05,35.72274669369633,35.833883643333735,35.48459565472264,35.77037811279297,23505400
2021-08-06,35.7941974544816,35.96884298802398,35.42903227367044,35.7783203125,20413000
2021-08-09,35.81006684764324,36.540397051231864,35.81006684764324,36.50070571899414,32374300
2021-08-10,36.6753513674307,38.55674838327307,36.42926026132504,38.255088806152344,81189400
2021-08-11,37.92961329019934,38.16776733016939,36.72297806548512,36.762672424316406,50878200
2021-08-12,36.91350775855616,37.62796395873343,36.78649365944186,37.50094985961914,29676400
2021-08-13,37.63589475704855,38.50117910971669,37.56444914891065,38.48530197143555,35379200
2021-08-16,38.286834419816415,38.87427630251917,37.71526967213307,38.82664489746094,38045800
2021-08-17,38.72346096796517,40.080927802286155,38.66789248665874,40.02535629272461,68817000
2021-08-18,39.87452197363016,41.16848004649356,39.033051767845464,39.14419174194336,88598000
2021-08-19,38.50117927302969,39.66018311817899,38.310656641102305,38.73933029174805,57741600
2021-08-20,38.88221994539324,39.47759898237951,38.62819179853944,38.67582321166992,35157500
2021-08-23,39.92215406569173,40.77156134128052,39.374403354416266,39.63637161254883,88652400
2021-08-24,39.48554318698519,39.73163127654415,38.2947849887176,38.405921936035156,52624100
2021-08-25,38.13601523274808,38.32653484170137,37.254853713639015,37.71527862548828,51036800
2021-08-26,37.86611545090175,38.23128061151709,37.54857868534187,37.61208724975586,29029300
2021-08-27,37.604141807854845,37.70734169619783,36.93731711778137,36.99288558959961,32924500
2021-08-30,36.6753595123046,37.437444165401864,36.643605228028406,37.11990737915039,25774400
2021-08-31,37.08814371738212,37.42155450599268,36.46101043984791,36.572147369384766,34547800
2021-09-01,36.66742150354043,36.72298999004293,36.05616512375752,36.54834747314453,32900100
2021-09-02,36.897631968693275,37.20722865735475,36.61978956303685,37.183414459228516,26106300
2021-09-03,37.23104588373609,37.33424276111984,36.78649500643071,37.183414459228516,20817200
2021-09-07,37.30248783044374,37.70734429996919,36.945259752477284,37.11196517944336,26236900
2021-09-08,36.921443939208984,37.14372087857842,36.715047168639074,36.921443939208984,15839600
2021-09-09,36.88969249237462,37.08815220575602,36.39751022284524,36.540401458740234,21695300
2021-09-10,36.73092703861713,36.79443257725962,36.127607766110174,36.19111633300781,20801500
2021-09-13,36.310184617589535,36.38163022397691,35.08767225418533,35.38933181762695,37086200
2021-09-14,35.46077273376066,35.929137680736375,35.365512939127,35.49252700805664,24100200
2021-09-15,35.37345572241291,36.01646317059833,35.302010113919586,35.5401611328125,28674600
2021-09-16,35.62748719323416,35.71480994820915,34.952722377316846,35.3020133972168,22424200
2021-09-17,35.06386097831804,35.294074974405206,34.38116210273098,34.84158706665039,56370500
2021-09-20,34.444662712670215,35.44490122869233,34.444662712670215,35.08767318725586,41873000
2021-09-21,35.127358976056,35.508401150710874,34.80982231638327,34.86539077758789,23645600
2021-09-22,34.920979293203786,35.23851307944005,34.79396517305818,34.889225006103516,22616700
2021-09-23,35.1511804139922,35.50047141730857,35.04798355233476,35.079734802246094,19719200
2021-09-24,34.98447889310727,35.254384231074894,34.778082118546145,34.88127899169922,16150700
2021-09-27,34.86539728955764,35.032105732562435,34.53992351531717,34.587554931640625,19955900
2021-09-28,34.19063471958114,34.35734013029685,33.68257840411165,34.16682052612305,28512200
2021-09-29,34.309705730919326,34.68280781881636,34.198568809917916,34.55579376220703,18037200
2021-09-30,34.76220557665322,34.9686023547706,34.11125793179567,34.143009185791016,21103300
2021-10-01,33.7540245197631,34.21444942697798,33.10307697725805,34.079498291015625,38483000
2021-10-04,34.079488560221534,34.41289929146162,33.50792384580574,33.67462921142578,28906500
2021-10-05,33.76196605546027,33.96836585677025,33.56350633864566,33.59526062011719,19342600
2021-10-06,33.38885953249513,33.499996475029214,33.09513700922128,33.35710525512695,30483800
2021-10-07,33.75403107464776,34.103319107546305,33.5079399204945,33.92867660522461,19778300
2021-10-08,33.920729693269166,34.063620911663364,33.611133062833254,33.698455810546875,12778600
2021-10-11,33.698455422032545,33.83340655548535,33.349164435205076,33.388858795166016,11984200
2021-10-12,33.46824767213343,33.50793901120878,33.07132822486987,33.2221565246582,16222300
2021-10-13,33.14277041618331,33.2697845050313,32.49975988799702,32.880802154541016,28205700
2021-10-14,32.991942054364635,33.30947576160999,32.960187775163675,33.079261779785156,17590300
2021-10-15,33.26184461380199,33.36504147026842,32.849048103172784,32.936370849609375,23550300
2021-10-18,32.90461819424894,33.103077890199465,32.57914441402025,32.80141830444336,21733000
2021-10-19,33.02369162046603,33.49999669941543,32.9760632323493,33.41267395019531,17159800
2021-10-20,33.436481163339934,34.22238271398484,33.42060402786434,33.97629165649414,22788300
2021-10-21,34.18269795293474,34.206512146593774,33.682578688313285,34.023929595947266,22142300
2021-10-22,33.992175843671085,34.28589534026691,33.841347567744485,34.262081146240234,17183000
2021-10-25,34.293837911603106,34.325592191445324,33.79371860297996,34.254146575927734,22846200
2021-10-26,34.39703779468275,34.73838570397294,34.07156096879841,34.579620361328125,29729100
2021-10-27,34.50023497835811,34.57962067866383,33.88104165724759,34.11125564575195,22317500
2021-10-28,34.095375364758695,34.66693721303239,34.08743528133217,34.277957916259766,18023400
2021-10-29,34.206518605622726,34.793960728923494,34.02393602050015,34.72251510620117,30307500
2021-11-01,35.040043013867894,35.15912004131741,34.4843552661945,34.643123626708984,32681500
2021-11-02,35.78625561143537,36.548340155096945,34.174760740765095,36.07997512817383,69248000
2021-11-03,36.13554467098898,36.50864989803958,35.30995154350697,35.579856872558594,44593100
2021-11-04,35.4677440103764,35.611889519832154,34.68295348935976,35.115386962890625,38172500
2021-11-05,38.51081080617079,39.087392854470444,37.27756722723493,38.92723083496094,173959100
2021-11-08,38.92723174403257,39.07137725947373,38.11841490129756,38.703006744384766,57423300
2021-11-09,38.703003290359646,38.743043028889645,37.75805079783774,37.878170013427734,29920400
2021-11-10,37.95825157859932,39.40771023838948,37.95825157859932,39.255558013916016,42696200
2021-11-11,39.42373052819495,40.44075584371631,39.02332700498984,40.18449783325195,42370400
2021-11-12,40.37668286444715,40.43274215849703,39.69599821408574,39.824127197265625,27780600
2021-11-15,39.824133775535344,40.12043152530045,39.53584275205085,39.76007080078125,27763200
2021-11-16,39.61592901266635,40.16848482305716,39.15145941898736,39.72003173828125,31297200
2021-11-17,39.99229838737081,40.91322761111099,39.79209664784782,40.7370491027832,36889800
2021-11-18,40.921243317672285,41.40973615809314,40.52884953279561,41.16949462890625,32872600
2021-11-19,41.60992805890567,42.31463902467198,40.58489614858091,40.680992126464844,47966200
2021-11-22,40.801121927055746,41.217541981258634,40.344662129241094,41.00132369995117,27287900
2021-11-23,40.50482411576465,41.201525429350994,40.28059605306958,40.90522766113281,24946200
2021-11-24,40.98530561206857,41.10542789311127,40.6089253159822,40.75307083129883,18556800
2021-11-26,43.27560906152077,43.99633349611583,42.64297082689073,43.24357604980469,66561300
2021-11-29,44.16451116147749,44.604954439299824,41.73005693391581,41.9622917175293,72660800
2021-11-30,41.890207126763784,43.611940009176834,41.569883167096584,43.02735137939453,64598400
2021-12-01,42.018345126166224,44.18052162647993,41.52985235741038,43.78812789916992,59810400
2021-12-02,43.09943240571,44.10845093431355,42.25858566843121,42.47480392456055,46361700
2021-12-03,43.01133632841194,43.571901749341876,42.522843648099226,43.45978927612305,37574800
2021-12-06,43.06739547894845,43.155484729533555,41.04135493483485,41.22554016113281,53724000
2021-12-07,41.04136715294959,42.04237610789958,40.36068228551835,41.417747497558594,41575400
2021-12-08,42.24257206475011,42.50683985868048,40.8651829554229,41.16148376464844,37429200
2021-12-09,41.24956897946201,42.32265052727401,41.24956897946201,41.706031799316406,38325700
2021-12-10,41.001324118696466,42.32265400039903,40.92925135752457,42.266597747802734,26079400
2021-12-13,42.79511843745894,44.628966920248786,42.79511843745894,44.20454025268555,54923200
2021-12-14,43.86019637566801,44.80514880721435,43.49983264247898,44.4768180847168,48685700
2021-12-15,44.93328216128763,47.18354792139045,44.757103640201365,47.08745193481445,75202900
2021-12-16,46.73509900698971,49.19357635771799,46.2466062273298,49.04943084716797,75183600
2021-12-17,47.99236373026858,49.00137920563354,47.00737148734393,47.63199996948242,104192100
2021-12-20,48.52890527465987,49.41780157550003,47.912286543734766,48.8652458190918,55712200
2021-12-21,48.05642639609136,48.08045268321515,45.77412768368784,47.20757293701172,63877900
2021-12-22,47.447815453207504,48.520896971304715,46.62298520853059,47.68805694580078,62594900
2021-12-23,47.90426550727226,48.11247699891357,46.69504850828721,47.0153694152832,39203200
2021-12-27,47.12748779872905,47.55191755963614,46.63098834494447,47.407772064208984,27362600
2021-12-28,47.28765108013526,47.60797509083249,45.71006342276726,46.454811096191406,36901700
2021-12-29,45.89424396185822,46.47082284532232,45.702048964146286,46.1104621887207,26170200
2021-12-30,46.246613558113054,47.039413991808935,46.07043500510577,46.76713943481445,24559000
2021-12-31,46.87123485130403,47.88826015385983,46.79916209585247,47.287654876708984,28579600
2022-01-03,46.847214543820805,46.887254287164446,45.117471359780886,45.36572265625,57219200
2022-01-04,45.02136488330508,45.18953359909874,43.19552307451317,43.667999267578125,66993100
2022-01-05,44.71706553591873,45.197548541208995,44.34068524704494,44.54889678955078,52956400
2022-01-06,44.172517783198295,44.54889808300005,43.635978513540636,43.916259765625,37000400
2022-01-07,44.33268443084308,44.66101524102403,43.74809557636659,44.620975494384766,27703400
2022-01-10,44.612961831596316,45.053405115990984,43.83618103888314,45.037391662597656,34044700
2022-01-11,45.44578892133561,45.99033782592526,44.69303157903144,45.39773941040039,33576600
2022-01-12,45.117471359780886,45.77413292609367,44.765117341585636,45.36572265625,27608500
2022-01-13,45.269615242896634,45.44579374686373,44.22056010885705,44.4768180847168,28117900
2022-01-14,44.02836817246281,44.34869219206224,43.651987907658935,44.00434494018555,27072500
2022-01-18,43.64398694867368,43.68402669270513,42.78712359608665,43.33167266845703,35598000
2022-01-19,42.963299071838996,43.63597711004214,42.80313705229797,42.87520980834961,27300400
2022-01-20,43.21154998117569,43.66000305274839,42.49883215757447,43.28362274169922,35105300
2022-01-21,43.57991808612975,43.94028186869946,42.010337005200014,42.27460479736328,41059000
2022-01-24,41.441762641013895,41.690013913097275,39.89620487204425,41.27359390258789,59036400
2022-01-25,41.1294530499575,42.314647188644855,41.033357053533294,42.074405670166016,43983200
2022-01-26,42.098424970669264,42.93927173417049,42.01033570933208,42.45077896118164,39644800
2022-01-27,42.78160601457635,44.04036428613652,42.76546773285683,43.06401824951172,36957200
2022-01-28,43.38677944848151,44.11298368628598,42.84615776265543,43.83864212036133,28590400
2022-01-31,43.572373511361235,43.68533843167835,42.27327077158794,42.51533889770508,38644600
2022-02-01,42.555678850192535,42.894573553007895,42.273263519783704,42.82195281982422,27883300
2022-02-02,42.63636250264364,43.67725853792635,42.32167371943314,43.45939636230469,32039300
2022-02-03,43.03174217139178,43.483601720062985,42.83808588048817,43.072086334228516,22635800
2022-02-04,42.78160306332108,43.112430120593174,42.46691428665522,42.765464782714844,24932200
2022-02-07,43.00753818267679,43.233471061191324,42.15223075064466,42.93491744995117,32358500
2022-02-08,40.861192699050235,41.79719147210046,40.094641263296296,41.71650314331055,67922000
2022-02-09,41.668092725160705,41.732645857499385,41.07099164134174,41.530921936035156,38522200
2022-02-10,41.183954511237026,41.45022847382875,40.65947111010355,40.82891845703125,34200600
2022-02-11,40.611062449375126,41.34533742032043,40.409338522433416,40.97416305541992,34997800
2022-02-14,40.19954129760895,40.7482305894144,39.1183009964703,40.18340301513672,42973100
2022-02-15,40.18340253252782,40.37705884180617,39.707333978533775,40.17533493041992,29150000
2022-02-16,40.013961441263206,40.974166301472394,39.88485824091522,40.08658218383789,27672600
2022-02-17,40.19147014017259,40.312502630914175,39.33615971317846,39.45719528198242,21231700
2022-02-18,39.36036954609373,39.957473692425616,38.892371661077,39.15864562988281,26955300
2022-02-22,38.35982010041489,38.98113012288493,38.20650795631263,38.351749420166016,34814800
2022-02-23,38.40016834012549,38.86009866508641,37.74658168346698,37.8192024230957,25793000
2022-02-24,37.00423826433498,37.73044256653039,36.63306697134202,37.08492660522461,44227300
2022-02-25,36.963887844851264,38.755193949882404,36.90740540016474,38.50505828857422,31199200
2022-02-28,37.778852404282965,38.061264637980756,37.391542878899216,37.87567901611328,35296100
2022-03-01,37.673962484926875,38.037066197923586,36.665342769971055,36.91548156738281,29854500
2022-03-02,37.2059616334412,38.674511577535164,37.11720261296362,38.48892593383789,36516200
2022-03-03,38.47278689405541,39.20706185166921,38.31140713981948,38.59382247924805,30553300
2022-03-04,38.32753170040772,39.35228923313339,38.25491099090553,39.255462646484375,33217300
2022-03-07,38.93270972944192,39.408778220240485,38.34367635575254,38.714847564697266,33171300
2022-03-08,38.39208935445963,39.069878619290364,37.496434857273215,38.27912139892578,32913300
2022-03-09,38.83588813070644,39.71540450404804,38.730990835336534,39.33616256713867,24718900
2022-03-10,38.98112418209704,39.7718814325291,38.77132962047623,39.69926071166992,24542300
2022-03-11,39.650852006212546,41.07099008315752,39.489472259551164,40.562644958496094,33701900
2022-03-14,40.9257443406169,42.692844532767715,40.65946732475266,42.16029357910156,42314500
2022-03-15,42.45884833433802,42.70091641425683,41.29691970389018,42.128021240234375,30172100
2022-03-16,42.3943057343164,42.98333929427456,42.10382275613141,42.700923919677734,29891400
2022-03-17,42.700920352816425,43.774093146127164,42.596026124616266,43.76602554321289,30598600
2022-03-18,43.87898487448947,44.37925929927837,43.33836320606938,43.98387908935547,51815000
2022-03-21,43.76602855646965,44.62133611516428,43.49168386755211,43.72568130493164,34592500
2022-03-22,43.7337435542153,43.830570167498614,42.36202037410787,42.79774475097656,32253600
2022-03-23,42.78160609748023,43.16891562531179,42.08767537250858,42.111881256103516,29183700
2022-03-24,42.39429862444688,42.644434308551695,42.1925747098784,42.43464279174805,25177500
2022-03-25,42.55568198510984,42.96719745142368,42.370093259253395,42.587955474853516,17429600
2022-03-28,42.386229900722746,43.21733456019179,42.362024014837225,42.99140167236328,21863700
2022-03-29,43.57236651905269,43.6369196506251,42.45884962393045,42.55567932128906,39970000
2022-03-30,42.92684867244831,43.34643477470218,41.93436740441153,42.31360626220703,27599600
2022-03-31,41.95857299228255,42.668642012471004,41.748781481668665,41.772987365722656,26055200
2022-04-01,42.05540242569101,42.08767899196832,41.23236845399616,41.611610412597656,19073100
2022-04-04,41.78105633320682,41.85367706580474,40.643333574547874,41.10326385498047,20462800
2022-04-05,40.998367735041434,42.07960799357228,40.94995288953258,41.345333099365234,21176700
2022-04-06,41.28077754120766,42.83808624898817,41.28077754120766,42.66056823730469,31717500
2022-04-07,42.362026873975225,44.7100933832959,42.362026873975225,44.50836944580078,36305700
2022-04-08,44.25822354883353,44.847260060435424,43.94353474935957,44.51642990112305,24612200
2022-04-11,44.75043773146447,45.44436857167132,43.394852619912264,43.51588821411133,22054300
2022-04-12,43.00753804060847,43.5158831680086,42.48305770871167,42.85422897338867,22810700
2022-04-13,42.8703622193035,43.42711905090816,42.52339688019757,42.846153259277344,15777800
2022-04-14,43.08822610361179,43.499741503663515,42.79774319625177,42.8622932434082,17240100
2022-04-18,42.628303542035304,42.85423336489309,41.66002803568869,41.82947540283203,17065000
2022-04-19,41.6842297770796,41.86174780770512,39.83643797230773,40.49002456665039,33441500
2022-04-20,40.344775022573806,40.47387817952356,39.707326838482246,40.14305114746094,24751800
2022-04-21,40.28829829239918,40.35284834098939,39.47333199775257,39.626644134521484,19105600
2022-04-22,39.497545965371486,39.61857847609175,38.6503060780781,38.83589172363281,22156800
2022-04-25,38.6099525295015,39.69119273704141,38.020919121537105,39.49753952026367,27390600
2022-04-26,39.52981834146018,40.5465054828008,39.47333281543773,39.56209182739258,25366500
2022-04-27,39.62664557449488,40.272161474166495,38.90043826357519,40.13499069213867,25819200
2022-04-28,40.69981561573926,40.96609265861115,39.93326720809323,40.75629806518555,28225400
2022-04-29,40.23987998696286,40.619121878278165,39.537881724327136,39.594364166259766,28343300
2022-05-02,38.472785743072244,39.34423146497488,38.29526771091722,39.00533676147461,36228400
2022-05-03,39.43299094733978,40.37706049179901,38.48892448094329,39.771888732910156,33716900
2022-05-04,39.44912835693782,40.239885735012294,38.65837097886334,40.070438385009766,28613700
2022-05-05,39.90906043711916,39.98168117297573,38.36788977888539,39.09409713745117,28333000
2022-05-06,38.803608496849556,39.71540136249807,38.76326433353322,39.570159912109375,19891400
2022-05-09,39.03761448007602,39.67505973806935,38.54540761497098,39.247406005859375,25012300
2022-05-10,39.57015448051031,40.264085075323365,39.28773921993699,39.933258056640625,27335900
2022-05-11,39.594375901876596,40.53844557039896,39.562099331759235,39.900997161865234,29699500
2022-05-12,39.86031969873657,41.02359050146305,39.632547436327805,40.991050720214844,33468400
2022-05-13,40.982927875812905,41.31645296154815,40.41349397004989,40.608726501464844,22423700
2022-05-16,40.56804237805313,41.52794419100224,40.56804237805313,41.21882247924805,19435600
2022-05-17,41.446599859640166,41.910280898261085,40.82022301200949,41.76385498046875,19918200
2022-05-18,41.666241350116785,41.82893406616806,40.803955680487654,40.99919128417969,22276000
2022-05-19,40.67379225483171,41.39778526046146,40.34026728246865,41.202552795410156,19865500
2022-05-20,41.70690712698917,42.87017783865348,41.59302100469992,42.68307876586914,31250400
2022-05-23,42.77255944092242,43.68365147628855,42.69120999828727,43.0166015625,24035800
2022-05-24,42.87831630950858,43.610445901160276,42.87831630950858,43.447750091552734,26729800
2022-05-25,43.27691261781682,43.96836579755891,43.15489000813816,43.6917839050293,24003900
2022-05-26,43.97650635572371,44.67609299259491,43.83008045184821,43.91956329345703,23516300
2022-05-27,43.86261413610687,44.261218647948496,43.537225674373,43.8544807434082,21407500
2022-05-31,43.37452743915576,43.52095332476321,42.25193001721994,43.14675521850586,66058200
2022-06-01,43.3175899795469,43.34199326257918,42.170589129567155,42.60173034667969,17430600
2022-06-02,42.601733697412286,42.90272202658336,41.51981232130837,42.853912353515625,21903400
2022-06-03,42.67494300028804,43.54536192487518,42.67494300028804,43.27691650390625,18125000
2022-06-06,43.268774870666036,43.69991913674026,43.11421559228548,43.32571792602539,16544400
2022-06-07,43.34199302478421,43.903293356760464,43.12235416920622,43.89515686035156,15091200
2022-06-08,43.9765100678014,44.38324803441869,43.44774946993314,43.496559143066406,12789800
2022-06-09,43.33386083136928,43.64298253701922,42.05670393825554,42.12178039550781,17572700
2022-06-10,41.7394489899168,41.78825555724126,40.6331212841535,40.649391174316406,23826000
2022-06-13,39.71389580614279,40.08809400003595,38.81093700114856,38.9736328125,26989000
2022-06-14,38.84347632610886,39.42917999880313,38.41233506880028,38.98176574707031,23290300
2022-06-15,38.94922810052529,39.844050375441725,38.37979433323102,39.46171569824219,25748000
2022-06-16,38.794658053556454,39.04683665744139,38.28217055670545,38.62382888793945,20424500
2022-06-17,38.54248862709337,39.07124609492961,37.64766328410516,37.85103225708008,45047700
2022-06-21,38.49367538180229,39.40476742723722,38.19269019863578,39.136322021484375,19622100
2022-06-22,39.07124733188673,40.3321374867812,38.859744958689134,39.91726303100586,20382900
2022-06-23,40.04741573493386,40.81208191702035,39.844046772373865,40.747005462646484,20061700
2022-06-24,41.20255410484333,42.00789347931111,40.917835688112596,41.967220306396484,24343200
2022-06-27,41.877741012180344,42.48784796708361,41.6987753123961,42.20313262939453,16154300
2022-06-28,42.162457974598375,42.276344105680565,41.00732056684116,41.210689544677734,16417900
2022-06-29,41.26763590813306,41.845203106585934,41.21069283804134,41.4384651184082,13925700
2022-06-30,42.04856965993712,43.02474139553405,41.56048534372086,42.650543212890625,33495700
2022-07-01,42.33328245121174,42.60172785837986,41.690635808141515,42.552921295166016,16143300
2022-07-05,42.09737162627549,42.211257738999784,40.999180564246885,42.00788879394531,18406800
2022-07-06,42.007895581160504,43.08168353628692,41.95908901248661,42.91085433959961,21305500
2022-07-07,43.07354388395716,43.55349472622085,42.943387881131265,43.455875396728516,17847600
2022-07-08,43.154897642384796,43.86262083549358,42.91898887696039,43.25251388549805,11322700
2022-07-11,43.11421733143423,43.71619078786902,42.91084838175765,43.02473449707031,12921400
2022-07-12,42.86203603012436,42.935248971545526,42.064830169740326,42.33327865600586,14633500
2022-07-13,42.18685638904594,42.55292112752762,41.90213799104288,42.129913330078125,12927300
2022-07-14,41.28390318730245,41.96722308832231,41.186286945203726,41.804527282714844,14023800
2022-07-15,41.519806871155794,42.22752997033345,41.02358612117969,42.097373962402344,19885700
2022-07-18,42.26820238625397,42.276338882134134,41.09679833578985,41.283897399902344,15742900
2022-07-19,41.51980836579249,41.9021399073236,41.170013500042415,41.78825378417969,13402100
2022-07-20,41.80452033788112,41.86146339490933,41.08866077403005,41.34083938598633,12774400
2022-07-21,41.13747354603723,41.60115453295803,40.820218460582375,41.58488464355469,15103800
2022-07-22,41.69877309589807,41.918411960368076,41.446597553967685,41.67436981201172,10932100
2022-07-25,41.76385257779775,42.20313030590315,41.76385257779775,42.1136474609375,12995800
2022-07-26,42.17059019653361,42.992199478771184,42.06483746211111,42.5447883605957,16632500
2022-07-27,42.25193049059032,42.504109097109264,41.64182366144521,42.260066986083984,19203500
2022-07-28,41.68622489821995,42.89951407498665,40.251595679715415,41.579654693603516,38984900
2022-07-29,41.448485496159336,41.57145182898174,40.39915465139716,41.407493591308594,25037900
2022-08-01,41.25173595638492,42.055127899924,41.1123734837909,41.48947525024414,19709900
2022-08-02,41.727213570012985,42.194492514762715,40.686082356919094,40.735267639160156,17802000
2022-08-03,40.8172488741756,41.046788533723216,40.4483436161574,40.8746337890625,16500100
2022-08-04,40.907426062495965,41.03039239700649,40.341770291120305,40.8746337890625,17026300
2022-08-05,40.694277576126275,40.96480912887988,40.218802141769736,40.39095687866211,16376600
2022-08-08,40.489332123852684,40.83364473811737,40.120426868298836,40.63689422607422,16071800
2022-08-09,40.78445505845116,41.0795792537054,40.59590418420388,40.80904769897461,12095600
2022-08-10,40.932010086217694,41.0303837585634,40.48112736678698,40.94840621948242,17355100
2022-08-11,39.530173843075474,40.27618071272956,39.19406092657732,39.58755874633789,44048800
2022-08-12,39.80070795589205,41.30911804575349,39.80070795589205,41.0795783996582,25835500
2022-08-15,40.9648048808054,41.04678242494546,40.48932636851309,40.78445053100586,15797800
2022-08-16,40.481135889590874,41.13696572204359,40.46473975287414,40.8746337890625,12874800
2022-08-17,40.7024772077363,40.874631944628675,40.37456074268524,40.39095687866211,13607200
2022-08-18,40.48932839563416,40.59590171014617,39.66134390029181,39.82530212402344,18916300
2022-08-19,40.03844804706159,40.538519252424656,39.94827086219374,40.29258346557617,15350200
2022-08-22,40.341763483703794,40.4975251926073,39.956465281228816,40.08763122558594,13601200
2022-08-23,39.69413373975898,39.77611441668482,39.15307378102071,39.3580207824707,16248900
2022-08-24,39.26784298318627,39.35801702833892,38.841552885562436,38.88254165649414,15551500
2022-08-25,38.95632484847063,39.30883392700605,38.7513778552404,39.267845153808594,14460000
2022-08-26,39.03830275081126,39.31703078923549,38.28409930992392,38.38247299194336,16546700
2022-08-29,38.021773177559105,38.27590548862004,37.80862651904745,37.8988037109375,13400500
2022-08-30,37.988977787852505,37.99717429224158,37.546291497005726,37.5872802734375,16303000
2022-08-31,37.718447514786185,37.947990299634085,36.99703626881647,37.07901382446289,26416800
2022-09-01,37.005229599180744,38.24311122306211,37.005229599180744,38.226715087890625,19947600
2022-09-02,38.31689380678466,38.366079087031714,37.32494791614609,37.46431350708008,14667700
2022-09-06,37.67746228228436,38.07096021545192,37.324953130796914,37.51350402832031,17153500
2022-09-07,37.4643091758198,37.88239964579992,37.2019772873533,37.81681823730469,15378900
2022-09-08,37.72663909719974,38.628404525879475,37.60366966272404,38.59561538696289,18271000
2022-09-09,38.69399085857966,39.341624072765676,38.6120101893672,39.21865463256836,17501700
2022-09-12,39.415411226813916,39.636751249921986,39.09569125814428,39.153076171875,13744800
2022-09-13,38.6366076316974,38.79236621910135,37.726642490998266,37.866004943847656,16603200
2022-09-14,37.87420639558513,38.04636112582014,37.52989380787204,37.83321762084961,17162500
2022-09-15,37.800425922153245,37.94798801522844,37.46431296064709,37.66106033325195,15802000
2022-09-16,37.78402879855295,38.2185154350002,37.41512357551141,37.734840393066406,30629500
2022-09-19,37.4479178023459,37.61187603529089,36.71010731771505,37.25116729736328,16256200
2022-09-20,36.890455136749274,37.11179824283888,36.43137279146238,36.701904296875,15369000
2022-09-21,36.734702780337,36.87406524447497,35.98869579751283,36.005088806152344,17505200
2022-09-22,35.80014194164094,36.89046152787485,35.677175612893926,36.5379524230957,18508100
2022-09-23,36.43138207574788,36.529758899464554,35.72636693590558,36.136260986328125,18871700
2022-09-26,35.91490498551829,36.34119502084328,35.80013206554277,35.93130111694336,18680200
2022-09-27,36.251024451372245,36.54614861618691,35.857526607366985,36.14445114135742,21562700
2022-09-28,36.619930822605326,36.73470377689765,36.251028700588485,36.42318344116211,16532600
2022-09-29,36.40677878288237,36.578933483158714,36.02967711735061,36.20183181762695,13559900
2022-09-30,36.210041086497874,36.570749873954455,35.84933542628491,35.87392807006836,22962300
2022-10-03,36.128058965088734,36.30021370434401,35.652583524206065,36.18544387817383,22834300
2022-10-04,36.27561445713665,36.75928944165484,36.144448518652524,36.44776916503906,28198800
2022-10-05,36.16904830932617,36.373995324200116,35.8083426889556,36.16904830932617,15673400
2022-10-06,35.87392540289548,35.890321539946626,35.28368010527117,35.324668884277344,22068200
2022-10-07,35.29186902602045,35.29186902602045,34.365507808785985,34.693424224853516,20095000
2022-10-10,34.71802208353738,34.93936522858926,34.22615051269531,34.22615051269531,17888000
2022-10-11,34.15236554423499,34.8983724464877,33.98021082692501,34.365509033203125,20981200
2022-10-12,34.50487306199463,35.36564973718164,34.36550749191601,34.455684661865234,18803600
2022-10-13,34.23434332904377,35.382047707025265,34.18515805360414,35.2344856262207,23135200
2022-10-14,35.16070485104009,35.562402324536514,34.726218236084186,35.136112213134766,16980500
2022-10-17,35.40663998311674,35.91491075724912,35.40663998311674,35.78374481201172,16678400
2022-10-18,36.111658872546265,36.36579426496842,35.759149800933514,36.14445114135742,18442800
2022-10-19,35.99688263194798,36.12804855653094,35.03773239479305,35.3410530090332,23054700
2022-10-20,35.47222530034648,35.58699511405073,35.10332009398076,35.177101135253906,17715000
2022-10-21,35.50502019632324,37.02162677919312,35.24268828066189,36.84947204589844,36575700
2022-10-24,36.95604342354327,37.60367354725453,36.88226238068465,37.33314514160156,24972000
2022-10-25,37.111805948710064,37.56268875744282,36.800285609465696,37.37413787841797,23127000
2022-10-26,37.64466841374177,38.243116484483814,37.398732606820126,37.75944137573242,21407900
2022-10-27,37.554485734288434,37.80042148479589,37.44791242907954,37.497100830078125,20377700
2022-10-28,37.693848536018045,38.95632269506832,37.65285976508634,38.88254165649414,27854000
2022-10-31,38.595618744098545,38.84975101083082,38.152932494171296,38.161128997802734,29961700
2022-11-01,39.34982427839965,39.69413373975898,38.85795272581689,39.3580207824707,30614500
2022-11-02,39.161281393085915,39.48919478588616,38.489055341515154,38.58742904663086,25813100
2022-11-03,38.33110762531187,38.69490474553032,38.16574415101405,38.504737854003906,20124600
2022-11-04,39.24887504915763,39.306751796682065,38.537814260661875,39.042171478271484,24528500
2022-11-07,38.99255768059706,39.39769802777741,38.653563983587325,38.9346809387207,20304400
2022-11-08,38.89334019382015,39.48037751083221,38.65356332212368,39.14965057373047,18054500
2022-11-09,38.99255456150658,39.273671494152865,38.61222081558679,38.62875747680664,15348100
2022-11-10,39.29848544076065,39.48038560888178,38.73625142479212,39.17446517944336,20480600
2022-11-11,38.91814702528867,39.439040893016774,38.28976957450967,39.35635757446289,20909800
2022-11-14,39.67881590169569,41.191884287856965,39.629205912918984,40.71233367919922,26143000
2022-11-15,40.79501062148813,40.952104175819116,39.835906325789836,40.158363342285156,25440500
2022-11-16,40.3485386338584,40.5635121257148,39.72842788696289,39.72842788696289,15822200
2022-11-17,39.52172808289658,40.10049879947148,39.29848781418712,39.95994186401367,13231100
2022-11-18,40.21624823291557,40.373344973136334,39.579600824661846,39.877254486083984,20666500
2022-11-21,39.76976033484754,39.91858713784404,39.455573221006695,39.835906982421875,14736000
2022-11-22,39.96819987669868,40.72060069743358,39.88551971558116,40.58004379272461,16358600
2022-11-23,40.480819750467354,40.69579319426425,40.11702266240923,40.389869689941406,10710800
2022-11-25,40.45602731830287,40.69580424222956,40.38161389894792,40.68753433227539,6760200
2022-11-28,40.66273043509828,41.12574761167648,40.563513595133834,40.98518753051758,20704000
2022-11-29,40.92730361959954,41.06786052212885,40.59657667216623,40.919036865234375,17160900
2022-11-30,41.043067400691115,41.44820785522461,40.546980009142935,41.44820785522461,35572700
2022-12-01,41.59702199217113,42.299812774444845,41.57221542234148,42.23366928100586,23592600
2022-12-02,41.803729222396,42.44037656739543,41.73758256907584,42.09311294555664,16881600
2022-12-05,42.09311699136173,42.19233382683223,41.63009983575551,41.94429016113281,17959800
2022-12-06,41.894681725746395,42.043508561514834,40.66273010683111,41.1009407043457,21787100
2022-12-07,41.13400985868385,42.29155109622506,41.13400985868385,41.53915023803711,15929900
2022-12-08,41.48953748488967,42.88685237021904,41.35724733689426,42.81243896484375,26116800
2022-12-09,42.78763605900773,43.68886368863466,42.6884192353371,42.76283264160156,19933500
2022-12-12,43.09355555050842,43.4821592367757,42.78763517730115,43.12662887573242,18532200
2022-12-13,43.90383555329407,44.68104296936035,43.72193856246572,43.879032135009766,29461800
2022-12-14,43.93690677993306,45.41690497836812,43.738473135052764,45.044837951660156,36260300
2022-12-15,44.70584187855582,45.00349548413003,44.15187789910608,44.32550811767578,21627100
2022-12-16,43.829413266980275,43.936899981184844,42.49824523925781,42.49824523925781,65689500
2022-12-19,42.59747342084622,42.83725032654179,41.91948594229384,42.46518325805664,16081900
2022-12-20,42.34115594814736,42.589199586260946,42.035235566275475,42.432106018066406,12433800
2022-12-21,42.67189004545787,43.126637317137344,42.33289628067355,42.71323013305664,12925000
2022-12-22,42.50652269672007,42.74629959877259,42.12618887873443,42.69668960571289,14822300
2022-12-23,42.6305424353122,42.952999477347234,42.36596213651187,42.853782653808594,10666500
2022-12-27,42.87858311746197,42.936459856709796,42.20886250810693,42.27500915527344,12033800
2022-12-28,42.20886649419685,42.48998346311093,41.96082285198937,42.00216293334961,10053900
2022-12-29,42.18406652457575,42.72149393428358,42.159263104541225,42.44038009643555,8971300
2022-12-30,42.40729924488726,42.49824930760966,41.960818839184086,42.36595916748047,11396200
2023-01-03,42.1757885273239,42.44037195782134,42.018694973819954,42.38249206542969,15603800
2023-01-04,41.58049803657391,41.861615066197,40.94385055319082,41.44820785522461,21808400
2023-01-05,41.11746994257819,41.332443401654594,40.447749302596,41.059593200683594,20057400
2023-01-06,41.32417514793823,42.663613327486544,40.97691468266667,42.10137939453125,29635900
2023-01-09,41.38204812416005,41.555678340986155,39.94339325039276,40.00953674316406,30839100
2023-01-10,39.97646832009543,40.07568830248341,39.174460630425635,39.372894287109375,29212000
2023-01-11,39.43904152026317,39.47211484821072,38.74451740359521,39.232337951660156,23022200
2023-01-12,39.083510447735364,39.455577495535536,38.513009743805824,39.44730758666992,23345300
2023-01-13,39.27368082024365,39.81937815389991,39.26541406469347,39.56306457519531,18737500
2023-01-17,38.47993553955815,38.64529901859506,37.793678205471075,38.09960174560547,29391400
2023-01-18,37.66138936858042,37.90943301877705,37.18183873207308,37.206642150878906,33835000
2023-01-19,36.97513886190195,37.429886125075974,36.9089921997439,37.1735725402832,26614900
2023-01-20,37.43814907481293,37.562172476727675,36.98340185786908,37.29759216308594,25197600
2023-01-23,37.23971924961106,37.471226259364585,37.05781908249247,37.19010925292969,19398600
2023-01-24,37.140499613232066,37.16530618883442,36.503855330290655,36.96686935424805,18853100
2023-01-25,37.231441598851205,37.2975882473402,36.867644494299164,37.2645149230957,20828000
2023-01-26,36.88069707876805,36.964136295255386,36.38839806228781,36.92241668701172,38465500
2023-01-27,36.89737996878442,36.997507650000486,36.53023983265619,36.5385856628418,23798600
2023-01-30,36.5385878727311,36.83062828685817,36.21317050184614,36.33832931518555,24402200
2023-01-31,35.87940727758894,36.94744442915194,35.62908646806658,36.84731674194336,49722500
2023-02-01,36.638720111622064,36.86400982322282,36.22151764932484,36.688785552978516,24482300
2023-02-02,36.40508235791156,37.09763668756243,36.29660884254394,36.99750900268555,35279200
2023-02-03,37.01419483978834,37.03922596347122,36.61368094585483,36.76387405395508,23742000
2023-02-06,36.872347947575165,36.96413298729855,36.48852249327904,36.513553619384766,18071200
2023-02-07,36.56362065179108,36.63037456832471,36.08801013699568,36.371707916259766,22999500
2023-02-08,36.33832636796111,36.79724834565492,36.32163789093568,36.697120666503906,19362300
2023-02-09,36.81393975175339,36.98916718296142,36.07966580222196,36.16310501098633,20809200
2023-02-10,36.29661465620911,36.69712864286908,36.09635607137801,36.61368942260742,18619600
2023-02-13,36.44680059960182,36.72215251847573,36.304950133574614,36.705467224121094,17878000
2023-02-14,36.78891156439642,36.88069661117002,36.36336647290306,36.48018264770508,17506900
2023-02-15,36.229854917315684,36.388393866564364,35.97119146622862,36.14641571044922,18994700
2023-02-16,36.00457005032606,36.02960117691758,35.68749532049208,35.83768844604492,17832000
2023-02-17,35.78762478732762,36.18813874769361,35.52896131169656,36.05463409423828,18293400
2023-02-21,35.720874402432344,35.82100209775534,35.56233543658539,35.62908935546875,17356600
2023-02-22,35.645773560895975,35.7876208470111,35.30366772514587,35.36207580566406,17394200
2023-02-23,35.286983584525736,35.670809070250044,35.228575496828654,35.295326232910156,21104300
2023-02-24,35.070031394945,35.08671987227207,34.63614053344584,34.83639907836914,16806100
2023-02-27,34.57773417735651,34.819712336154794,33.98530752623112,34.02702713012695,26370300
2023-02-28,33.79339474397335,33.9686189898365,33.451288899811225,33.851802825927734,31086900
2023-03-01,33.843457136255864,34.01033553655281,33.493005493029095,33.52638244628906,21104400
2023-03-02,33.426259490296395,34.02702881881514,33.217658277463045,33.893524169921875,19110600
2023-03-03,34.1354996601137,34.36078933424225,33.99365237436702,34.335758209228516,20922000
2023-03-06,34.28569113127858,34.42753841021988,34.060401467958734,34.3023796081543,19434800
2023-03-07,34.26066168614726,34.31906976657334,33.45963067187223,33.659889221191406,23205800
2023-03-08,33.64319994936822,33.85180114110934,33.30109412223284,33.476318359375,16756100
2023-03-09,33.7182986181994,33.851803261957855,32.80045459023527,32.92561340332031,18585100
2023-03-10,32.78377116659531,33.31778982396579,32.73370572384097,32.867210388183594,26328100
2023-03-13,32.75873548298819,33.801741624210464,32.75873548298819,33.25938034057617,35299400
2023-03-14,33.41791394592547,33.50135634157563,32.97568038948637,33.292755126953125,24583600
2023-03-15,33.17592671497357,33.818418662550656,32.925605962372366,33.60981750488281,25498400
2023-03-16,33.4262578108524,33.78505213353892,33.14256004833287,33.68492126464844,21095900
2023-03-17,33.901869604005604,34.035374251335845,33.36785101468463,33.459632873535156,57457800
2023-03-20,33.49300633296469,34.09377877470446,33.326124745481245,34.052059173583984,20825400
2023-03-21,34.09377671902289,34.13549631762789,33.634854768365244,33.92689514160156,19982000
2023-03-22,33.960278128426815,34.085436946482524,33.367851447158166,33.38453674316406,15444200
2023-03-23,33.518036616473346,33.79339170636591,33.37618933962065,33.52638244628906,16958100
2023-03-24,33.451285966491135,33.7600148273209,33.26771590615921,33.70160675048828,17218100
2023-03-27,33.82677416559841,33.89352489998189,33.35116364473397,33.55976486206055,20262800
2023-03-28,33.543075511406485,33.62651472296893,33.259377735891526,33.36785125732422,13537500
2023-03-29,33.509696531744375,33.601481568726264,33.36784924404632,33.58479309082031,14429500
2023-03-30,33.726645414756646,33.7850566876506,33.58479810587721,33.69327163696289,12634500
2023-03-31,33.835119014466954,34.06875455751013,33.60982930314077,34.04372024536133,23393600
2023-04-03,33.9519251812883,34.602762994173276,33.91855141326955,34.50263214111328,20817200
2023-04-04,34.57773531171137,34.65283187438819,34.0103397677092,34.127159118652344,19514500
2023-04-05,34.45257367765965,35.22857036750873,34.35244281361348,34.669517517089844,29697600
2023-04-06,34.98659046037272,35.12843773613266,34.51932266733717,34.6277961730957,25931800
2023-04-10,34.335756678794894,34.82805560779905,34.31072237189535,34.81970977783203,15137300
2023-04-11,34.87812032700001,35.03665927759204,34.79468111942654,34.86977767944336,15304100
2023-04-12,34.736276122808,34.869780776584506,34.43588985606036,34.51932907104492,17035100
2023-04-13,34.65283019502644,34.79468066565348,34.46091747370889,34.60276794433594,22880900
2023-04-14,34.6361384359688,34.80302001613203,34.15218535479699,34.3691291809082,20627500
2023-04-17,34.310724818318214,34.444229460296036,34.177220176340384,34.36079025268555,17608600
2023-04-18,34.4442247554539,34.485947536561845,33.81842123485045,33.83510971069336,18541500
2023-04-19,33.73498611305364,33.84345962763306,33.54307339218339,33.57645034790039,17214300
2023-04-20,33.442942036366134,33.53472388000873,33.20096390848692,33.25102615356445,20131600
2023-04-21,33.45128681022204,33.626511045139516,33.301093699435185,33.551414489746094,19227100
2023-04-24,33.53471868797438,33.54306451619605,33.134204874357216,33.30108642578125,17633700
2023-04-25,33.167590976597374,33.3094382655118,32.77541969994875,32.817142486572266,24492400
2023-04-26,32.67529633034403,32.70032745922282,32.04114999573156,32.233062744140625,22401400
2023-04-27,32.224717292349126,32.39994474557252,31.96605380288034,32.32484817504883,22434000
2023-04-28,32.29146879971916,32.46669305683888,32.22471488291054,32.45000457763672,21015300
2023-05-01,32.541786259034,32.975677124447984,32.42497009969209,32.717010498046875,23917800
2023-05-02,32.78376682610509,33.47632118600173,32.23305976072876,32.591854095458984,38834100
2023-05-03,32.70866640830957,32.86720216285314,32.00776630016717,32.082862854003906,27721900
2023-05-04,31.849232276284376,32.06617932439484,31.724073455914773,31.8992977142334,23675100
2023-05-05,32.02445641979107,32.124584102376204,31.78247826912551,32.116241455078125,19225100
2023-05-08,32.1496099454345,32.31649151099395,31.99941685473111,32.26642608642578,20101700
2023-05-09,32.10789489746094,32.266430656546326,32.03279834147279,32.10789489746094,15987900
2023-05-10,32.26643536755315,32.308158158195006,31.774139541200384,31.957706451416016,15858200
2023-05-11,31.713109130535592,31.755283393876233,31.38417046812379,31.696243286132812,28566400
2023-05-12,31.721541416620266,31.814319636787594,31.401035715345174,31.502246856689453,16541300
2023-05-15,31.46008118258899,31.51068837061613,31.215484599958216,31.34200096130371,16650400
2023-05-16,31.22391694347782,31.409473392904,31.063665693710696,31.21548080444336,25451700
2023-05-17,31.190178486358985,31.24921858918712,30.793763609560678,30.99618911743164,23206400
2023-05-18,30.96244675507293,31.0214868498133,30.506991837838186,30.768457412719727,27772400
2023-05-19,30.91184846618192,31.75528222277685,30.802201176940134,31.013059616088867,33068300
2023-05-22,31.088970327984182,32.784270847319895,30.9961920953566,32.68305969238281,85718600
2023-05-23,32.51436541617524,33.85542500103034,32.05047756854041,33.43370819091797,75379500
2023-05-24,33.82169362553151,33.85543174925188,32.55654294301869,32.58184814453125,39326400
2023-05-25,32.48063073246989,32.48063073246989,31.755280445058027,31.9070987701416,30266600
2023-05-26,32.084222905669876,32.42159449921448,31.679375062949568,31.713109970092773,20234600
2023-05-30,31.51068453920722,31.51068453920722,31.139571640354863,31.21548080444336,24371100
2023-05-31,31.29138783170389,32.23603585750686,31.097398473934735,32.06734848022461,46166300
2023-06-01,32.151690560143685,32.22759971904849,31.797449963550648,32.06734848022461,20256100
2023-06-02,32.26134012222147,32.60714782228476,32.185430957941996,32.35411834716797,22736400
2023-06-05,32.45532372498362,32.91077862970602,32.446890804871174,32.59870910644531,18392200
2023-06-06,32.733661699923154,32.77583273968819,32.29507580798976,32.362548828125,19508200
2023-06-07,32.345677285782244,32.944517587275804,32.16012408157086,32.80113220214844,25295100
2023-06-08,32.92765089037974,33.054164009035446,32.66618529724742,32.96982192993164,17347600
2023-06-09,33.13007275451134,33.39153834438663,32.78426508658287,32.86861038208008,19775100
2023-06-12,32.90235250580427,33.79639352967701,32.88548666044635,33.653011322021484,28334600
2023-06-13,33.45901187809605,34.04941608588354,33.27345866003559,33.973506927490234,26533800
2023-06-14,34.00724732614497,34.02411638663488,33.163813606315095,33.19755172729492,22056400
2023-06-15,33.23971789175939,33.59396167517253,33.1300706233882,33.526485443115234,19905900
2023-06-16,33.61926505337218,34.040981868959,33.610828915291826,33.7879524230957,60338600
2023-06-20,33.4927488652766,33.62769811814505,33.17224640061652,33.18067932128906,26881200
2023-06-21,33.062603608440156,33.09634173059105,32.69149069966913,32.809574127197266,17982900
2023-06-22,32.84330759374671,32.88548185331079,32.39628875587705,32.66618728637695,18039800
2023-06-23,32.64932028837887,32.78426956215307,32.286643511839856,32.30351257324219,23492200
2023-06-26,31.22391271237408,31.24921469116017,30.498559291029803,31.11426544189453,56135500
2023-06-27,31.173314319309426,31.207052445491307,30.599779043996705,30.717859268188477,32414900
2023-06-28,30.78533183240224,30.81906995454222,30.388916940868548,30.608211517333984,30062000
2023-06-29,30.355178710389595,30.549168065273918,30.161186138061204,30.46482276916504,26284900
2023-06-30,30.540728521901084,30.996183417777363,30.481688429929385,30.937143325805664,30867900
2023-07-03,30.785326020772352,30.987751497954076,30.6588096953533,30.911842346191406,14115800
2023-07-05,30.852812739872082,31.223922487169265,30.692558244208037,30.751598358154297,26829400
2023-07-06,30.53230114997743,30.591341252677307,30.043108050527835,30.051544189453125,30177300
2023-07-07,29.958760683521543,30.16961907525457,29.81537530407235,29.967193603515625,22903300
2023-07-10,30.000941245804682,30.37205097482871,29.975639260343534,30.093719482421875,17777500
2023-07-11,30.059976018784464,30.397350779764103,30.043106958991064,30.380481719970703,17731300
2023-07-12,30.532304884819457,30.574475932271586,30.296141227687112,30.35518455505371,17229700
2023-07-13,30.37204655038535,30.66725028002218,30.296137387615225,30.414220809936523,16664400
2023-07-14,30.616643436430724,30.776897902624967,30.37204688509322,30.633512496948242,17915100
2023-07-17,30.464824335773645,30.464824335773645,30.178056749144986,30.245532989501953,20557300
2023-07-18,30.296132611702628,30.768456574197373,30.26239771380168,30.5660343170166,22808300
2023-07-19,30.65038005643835,30.954016695995147,30.540732777166365,30.734722137451172,18589700
2023-07-20,30.700990027033185,31.266089099578455,30.667251904582724,31.013059616088867,22358400
2023-07-21,31.038363744946782,31.56972794922027,31.038363744946782,31.54442596435547,24149700
2023-07-24,31.552857311553794,31.881795968152627,31.519119188455324,31.63719940185547,19414700
2023-07-25,31.544419852921184,31.814318364004322,31.249216144431223,31.257652282714844,21771000
2023-07-26,31.097401025204555,31.50224883342972,31.00462279921547,31.38416862487793,20983700
2023-07-27,31.426806896763065,31.563259665184837,30.85541194565021,30.872468948364258,25346300
2023-07-28,31.000390107037905,31.08567511653173,30.718957708934454,30.761598587036133,24054100
2023-07-31,30.855413413859406,30.86394028897686,30.633675621316325,30.753074645996094,40265200
2023-08-01,30.599561671195506,31.48650298884765,30.16461625995097,30.36929702758789,40931600
2023-08-02,30.386360664946377,30.60809522945804,30.0878679491797,30.147565841674805,34301600
2023-08-03,30.002583190691908,30.08786495626139,29.780845394945935,29.84907341003418,25676500
2023-08-04,29.806431037934864,30.139034461644066,29.55910937553394,29.86612892150879,25746500
2023-08-07,29.857602570904895,30.573980517716816,29.763793922913642,30.429000854492188,31069100
2023-08-08,31.017453991842217,31.017453991842217,30.181680233083778,30.394887924194336,25225500
2023-08-09,30.360771775180535,30.753076371703813,30.28401688165326,30.565452575683594,17210500
2023-08-10,30.54838981580004,30.778654452999376,30.36076605512865,30.46310806274414,18955200
2023-08-11,30.3778285496757,30.94069668018399,30.352244669790622,30.736019134521484,16609400
2023-08-14,30.548390943237273,31.136842868937556,30.548390943237273,30.761598587036133,20295500
2023-08-15,30.599559522737916,30.62514339691232,30.15608726840372,30.181671142578125,20484300
2023-08-16,29.968467935485506,30.40341338033814,29.84054529245702,30.25843048095703,22215600
2023-08-17,30.360767037886173,31.315939620140313,30.35224016362071,31.136842727661133,31113600
2023-08-18,31.085676857779333,31.42680715499146,30.974807965872337,31.2647705078125,24145100
2023-08-21,31.30741437878275,31.716772726513543,31.247716489736025,31.563262939453125,28496500
2023-08-22,31.56326120538387,31.68266023020855,30.46311212961377,31.41828155517578,18524100
2023-08-23,31.631487935951256,31.665601941659663,31.179488746832128,31.2647705078125,19370900
2023-08-24,31.111263488652174,31.247716270270743,30.75307615688753,30.83835792541504,19380800
2023-08-25,30.821302997561613,31.290359262646284,30.667793201237007,31.025983810424805,16421300
2023-08-28,31.07714928043709,31.14537729745388,30.727488826453335,30.880998611450195,15101900
2023-08-29,30.92363498475877,31.50356003164695,30.701900468379378,30.82982635498047,21076500
2023-08-30,30.855414475801094,30.915112363550197,30.54839490835378,30.616622924804688,16833000
2023-08-31,30.650734125168604,30.693378262715587,30.17315101623535,30.17315101623535,27919500
2023-09-01,30.39488834575984,30.753078963504958,30.360774333919117,30.514284133911133,17522500
2023-09-05,30.66779112952921,30.949226821542823,30.147563883048974,30.17315101623535,25856100
2023-09-06,30.07080731769426,30.08786432110625,29.217976666839405,29.31178855895996,35370200
2023-09-07,29.397074855447805,29.542054510823416,29.030357399356575,29.235034942626953,26777700
2023-09-08,29.192392764668266,29.32884553856264,29.03888298737575,29.209449768066406,19467700
2023-09-11,29.20092398128885,29.25209174009947,28.603941853268275,28.945072174072266,27574400
2023-09-12,28.97065671934411,29.17533424288819,28.783032945019883,29.12416648864746,17987200
2023-09-13,29.175334019321486,29.52499443487959,28.996240374270137,29.064468383789062,23853300
2023-09-14,29.20092137329914,29.320317137581615,28.979183593954037,29.12416648864746,23759900
2023-09-15,29.047415659599938,29.354431987781727,28.834207978387262,29.05594253540039,58063800
2023-09-18,29.098580654428986,29.098580654428986,28.518655556403765,28.68922233581543,25421900
2023-09-19,28.61246720527223,29.004768517291048,28.586883327229046,28.987714767456055,30323300
2023-09-20,29.06446754649469,29.072994420793634,28.61246512967956,28.672163009643555,24651400
2023-09-21,28.54424311292729,28.64658188078164,27.998432013316393,28.015485763549805,26980600
2023-09-22,28.21163881361106,28.220165688466682,27.7169954864276,27.879032135009766,28570800
2023-09-25,27.879032550253836,28.126354217529297,27.640241011251717,28.126354217529297,19443700
2023-09-26,27.904617483857333,28.109295000225952,27.597597956013942,27.631711959838867,26015500
2023-09-27,27.657295866159597,27.716993746272948,27.20529507485886,27.3758602142334,26430100
2023-09-28,27.341752394199933,27.563486936488214,27.094430719627404,27.36733627319336,28197600
2023-09-29,27.589068379992668,28.33956021269305,27.54642750100424,28.288389205932617,42421400
2023-10-02,28.10077162078833,28.962129178106096,27.93873170911238,28.945072174072266,44620600
2023-10-03,28.859786331550776,29.090050973552692,28.748917447633463,28.91095733642578,31059900
2023-10-04,28.945074067445645,29.06447310349266,28.151941221091423,28.407793045043945,23722300
2023-10-05,28.527187761723205,28.80862020294618,28.186054178062246,28.54424476623535,21279400
2023-10-06,28.586883520302653,28.62099752678444,28.203109080609348,28.25428009033203,23760400
2023-10-09,28.194582424866514,28.544242860796878,27.947260755886543,28.31397819519043,17468100
2023-10-10,28.211637575727764,28.484543105202352,28.151936441195325,28.288389205932617,19212100
2023-10-11,28.34809347913505,28.424848371128654,27.9899028987346,28.237224578857422,24221200
2023-10-12,28.23722185815039,28.331033745247066,27.9472593222564,28.07518196105957,21809900
2023-10-13,28.09224146565374,28.134885602343562,27.30763880058213,27.3843936920166,32388100
2023-10-16,27.99842821855048,28.928010384947,27.768163582119023,28.373672485351562,63317400
2023-10-17,28.143408214772933,28.30544484846133,27.461144423860752,27.930200576782227,40015800
2023-10-18,27.75110831092444,27.87050407356387,26.770351826459642,26.78740882873535,30307600
2023-10-19,26.761823400561845,26.86416378785856,26.360993605827364,26.59978675842285,26880300
2023-10-20,26.48891784511096,26.531560350880113,25.9942761647057,26.139257431030273,39407900
2023-10-23,26.241600254505588,26.770354361970522,26.036921087747025,26.301298141479492,29412100
2023-10-24,26.335410089434127,26.463335989868764,25.85782537485311,25.951637268066406,26923800
2023-10-25,25.97722053558494,26.43774986236428,25.77254137700924,26.20748519897461,28857900
2023-10-26,26.105147274355033,26.753298777390107,26.01133538032569,26.574203491210938,27162700
2023-10-27,26.48891614139871,26.54861401899061,25.60197322483521,25.678728103637695,33877100
2023-10-30,25.789597121353395,26.16484304041468,25.678729859195318,26.053974151611328,33063500
2023-10-31,25.83223888843021,26.28423805196787,25.32906871922603,26.062501907348633,42648200
2023-11-01,26.0625001892307,26.505972449234154,25.985745312436062,26.019859313964844,23568300
2023-11-02,26.019861966827893,26.139257731061424,25.7640118092121,26.011333465576172,29640900
2023-11-03,26.352465325463967,26.770352126023443,26.301295944709516,26.65948486328125,28071000
2023-11-06,26.71065668492034,26.78741157638871,26.403637119046863,26.59126091003418,27381200
2023-11-07,26.50597393884044,26.770350958965718,26.343935675762594,26.650955200195312,18086400
2023-11-08,26.369524114120697,26.693599049711107,26.05397605369587,26.28424072265625,29398300
2023-11-09,26.35338615761064,26.370673130084622,25.610062826993758,25.65328025817871,28737700
2023-11-10,25.713782615953278,25.77428537010094,25.091466453693343,25.48041343688965,33844100
2023-11-13,25.359409118381063,25.376696091398994,25.005034414395915,25.048250198364258,35519900
2023-11-14,25.143328148849143,25.67921115038044,25.056894928047672,25.290264129638672,40084300
2023-11-15,25.247044102134947,26.23238008035741,25.247044102134947,26.094087600708008,43614600
2023-11-16,26.163233978140816,26.318813430708776,25.4717699276806,25.731069564819336,32407200
2023-11-17,25.860719680786133,25.938509410444173,25.705140221470057,25.860719680786133,27009200
2023-11-20,25.843432340558838,26.050871067173336,25.722426828844494,25.912578582763672,26335700
2023-11-21,25.94715029803102,26.241022214287767,25.722424618036076,26.18916130065918,25988700
2023-11-22,26.266952262179426,26.431175199267734,26.05087005759137,26.206449508666992,19226800
2023-11-24,26.25830794166863,26.534894539555488,26.25830794166863,26.362028121948242,11129700
2023-11-27,26.578110073129796,26.578110073129796,25.955793942953747,26.05086898803711,26066700
2023-11-28,26.02494254999311,26.02494254999311,25.618706929957277,25.661924362182617,29497700
2023-11-29,25.731066733535595,26.120013673581823,25.6964927929575,25.999008178710938,26185200
2023-11-30,26.197807139686976,26.370673570158726,25.895291710649648,26.33609962463379,45356600
2023-12-01,25.03960837365048,25.411270075319504,24.46050792772873,24.987749099731445,103624000
2023-12-04,25.082822831210898,25.618705778099176,25.082822831210898,25.30754852294922,47410400
2023-12-05,25.24704625731534,25.584135647740283,25.126040739436743,25.143327713012695,39853000
2023-12-06,25.143327394475882,25.4112688872025,24.823524981678418,24.884029388427734,33410500
2023-12-07,24.90995619764627,24.97910243693963,24.633371240472833,24.7457332611084,35782900
2023-12-08,24.763019710235664,25.039604661569356,24.711160444004683,24.875383377075195,31890700
2023-12-11,24.8753864400014,24.901315252021348,24.581514480880575,24.754379272460938,37833900
2023-12-12,24.73709049842779,24.944529208548772,24.503721331325565,24.702516555786133,48587500
2023-12-13,22.7145626609447,23.10350965240598,22.265111265473656,23.043006896972656,158100700
2023-12-14,23.12943942636392,23.61346310407417,22.481192811214406,22.584911346435547,101889800
2023-12-15,22.584910196858527,23.328233471939097,22.54169441747881,23.017074584960938,138388400
2023-12-18,23.267733118610906,23.596177362034197,23.094866686129286,23.38873863220215,63329400
2023-12-19,23.57888991240281,24.40864475694243,23.570246426700148,24.33949851989746,70094700
2023-12-20,24.36543020907547,24.425932963477177,23.864119553005935,23.881404876708984,56184300
2023-12-21,24.080203529809662,24.512367977086495,24.01105728418843,24.46915054321289,51056600
2023-12-22,24.58151379635273,24.88402923391483,24.35678808983736,24.546939849853516,35162300
2023-12-26,24.572867110158874,24.65930031657616,24.417287668323016,24.555580139160156,30119100
2023-12-27,24.607439810035753,24.832165491002108,24.46914733691435,24.72844696044922,35000700
2023-12-28,24.728449925368242,25.091468122981556,24.70251946533282,24.884029388427734,30472900
2023-12-29,24.87538590174926,24.95317563327901,24.66794716719544,24.884029388427734,30363100
2024-01-02,24.961815239923816,26.171876889512625,24.91859945897123,25.696495056152344,57948700
2024-01-03,25.929864229879588,25.964438173502753,25.419910101472514,25.696495056152344,43426500
2024-01-04,25.748358599558767,25.886651091013317,25.091468440861373,25.143327713012695,45558200
2024-01-05,25.08282235912461,25.48905630467327,24.84945318572211,25.471769332885742,33612800
2024-01-08,25.3766969906766,25.653281974458924,25.21247403833964,25.566848754882812,32972100
2024-01-09,25.58413466622752,25.8088603683639,25.342121991178388,25.41126823425293,39856900
2024-01-10,25.376696716775054,25.402625528364446,24.961817597002987,25.056894302368164,37413300
2024-01-11,24.91860153183754,24.996391262884266,24.434577820884083,24.546939849853516,46884700
2024-01-12,24.5987978037051,25.013676896595435,24.581512479957667,24.806238174438477,30373500
2024-01-16,24.71980348486865,24.823522015463755,24.391357624639397,24.47779083251953,38826000
2024-01-17,24.33949980940278,24.65930220303908,24.140704573438377,24.330856323242188,33312600
2024-01-18,24.235781638385898,24.313569717852356,23.85547648446244,24.27899742126465,50321100
2024-01-19,24.227139819480378,24.529653617604417,24.14070659919784,24.443222045898438,35549300
2024-01-22,24.47779402998761,24.73709368749963,24.140706288656173,24.46915054321289,41663900
2024-01-23,24.581513741121984,24.76302201410552,24.330857575295383,24.5728702545166,33466700
2024-01-24,24.66794484251304,24.875383557518045,24.486434936523438,24.486434936523438,42720700
2024-01-25,24.407474419963943,24.495208308514744,24.082861207726147,24.100406646728516,47605500
2024-01-26,24.240780199055898,24.48643475232119,24.003900875368902,24.100406646728516,47073800
2024-01-29,24.144276585699004,24.240782365684254,23.960035235936456,24.109182357788086,67082700
2024-01-30,24.468889404573016,24.890011765310263,23.644195143520808,23.705608367919922,86072400
2024-01-31,23.83720962503413,24.13550387924919,23.495049257769487,23.758249282836914,81192100
2024-02-01,23.775795389409282,23.97758217829833,23.451180477095914,23.942489624023438,53883000
2024-02-02,23.845979923917355,23.863527036093465,23.416085715910935,23.626646041870117,51718500
2024-02-05,23.63542117783164,23.63542117783164,23.266940164426337,23.310806274414062,42633400
2024-02-06,23.38976789785639,24.328516759670244,23.310807556826727,24.12672996520996,56958700
2024-02-07,24.170597322517896,24.258331225223472,23.951263402446465,24.179370880126953,36843000
2024-02-08,24.179367312825974,24.293421871531695,24.04776731487571,24.188140869140625,29048400
2024-02-09,24.179370880126953,24.20569155295413,24.021450189933923,24.179370880126953,29062700
2024-02-12,24.161820059391754,24.58294069056667,24.144272948079976,24.267099380493164,30323700
2024-02-13,24.161820074405266,24.416246495045634,23.565231676511118,23.6617374420166,37927500
2024-02-14,23.69683489144564,23.83720845437242,23.60910099627019,23.784568786621094,25270200
2024-02-15,23.90739252201476,24.398699936488274,23.881071854434428,24.135499954223633,36111600
2024-02-16,24.170594990357674,24.468889226743958,23.872300753971388,24.232009887695312,35935300
2024-02-20,24.22323749828179,24.688224315409723,24.144277156998758,24.205690383911133,34232000
2024-02-21,24.214463772416803,24.28465055602558,24.003903421590472,24.275876998901367,27348300
2024-02-22,24.20568939637694,24.302196848093356,23.85475549020569,24.170595169067383,31957500
2024-02-23,24.34606195378871,24.64435618006627,24.293422288382313,24.354835510253906,33182600
2024-02-26,24.275873894351076,24.275873894351076,23.74947224791232,23.845979690551758,45685500
2024-02-27,23.79334118547311,23.863527963520564,23.52136595632755,23.591552734375,38598400
2024-02-28,23.65296751927065,23.89862209536498,23.53014106791593,23.723155975341797,31010200
2024-02-29,23.74947187207745,23.854752869053012,23.29325700749114,23.302030563354492,54643200
2024-03-01,23.538914226329176,23.600327450966596,23.25816710033819,23.328353881835938,46392100
2024-03-04,23.073925601637207,23.214299163711612,22.468565242710657,22.714218139648438,86777700
2024-03-05,22.696673104768045,23.179207023843286,22.538752426267816,22.88091278076172,73646100
2024-03-06,23.60032538771117,23.95125926451955,23.503819617454315,23.854753494262695,84919500
2024-03-07,23.863529801024097,23.968809139509442,23.477501655346362,23.503822326660156,46423800
2024-03-08,23.58278066158141,23.951261687858537,23.55646166402333,23.881074905395508,45906600
2024-03-11,23.960033925579317,24.907556273351254,23.960033925579317,24.890010833740234,52600100
2024-03-12,24.837371084529053,24.863691755707503,24.354837159951817,24.57417106628418,48758200
2024-03-13,24.819824396451992,25.170758294270286,24.73209050365121,24.75840950012207,39273000
2024-03-14,24.78473200259204,24.811052674393906,24.36361129407189,24.67945098876953,36428000
2024-03-15,24.530301787321957,24.81105057597574,24.442569568839005,24.51275634765625,75727900
2024-03-18,24.574166475097066,24.591713585937708,24.223232625207174,24.319738388061523,36226500
2024-03-19,24.27587792123646,24.37238537988457,23.968810103762017,24.24078369140625,29026600
2024-03-20,24.10918160199604,24.33728905611147,23.87230059117792,24.302196502685547,34468000
2024-03-21,24.34605970801154,24.60048780187845,24.240778713525494,24.267099380493164,29633700
2024-03-22,24.10040821293394,24.425023119652117,23.9863553217753,24.003902435302734,28830100
2024-03-25,23.89862101769962,24.10918135626354,23.775794571883544,24.06531524658203,31110600
2024-03-26,24.082863930086386,24.24078293926752,23.960035802876707,24.205690383911133,38220300
2024-03-27,24.31096631863096,24.512754758863334,24.16182088752287,24.37238121032715,34247600
2024-03-28,24.407478752110766,24.67068046447952,24.31974484798785,24.346065521240234,40466700
2024-04-01,24.354832609742807,24.451340045981752,24.19691195894621,24.319738388061523,26596600
2024-04-02,24.18814228272216,24.34606295884544,24.04776872025366,24.170595169067383,32451500
2024-04-03,24.135503037689546,24.346063385078633,23.863529464818416,23.881074905395508,36828600
2024-04-04,23.960032284171515,24.038992613858646,23.372217426158798,23.380990982055664,41922700
2024-04-05,23.30203279944732,23.424860919936336,23.117793128791057,23.389766693115234,39880500
2024-04-08,23.33712719165991,23.53014042038934,23.26694041090513,23.319580078125,24431400
2024-04-09,23.48627496593671,24.05654278467067,23.38099395517149,23.49504852294922,45127800
2024-04-10,23.266940414337682,23.32835363833407,22.95109906420215,23.091472625732422,44541600
2024-04-11,23.117791882037775,23.20552577097416,22.92477699170078,23.109018325805664,32814500
2024-04-12,23.030060912718668,23.09147414074432,22.661579871179768,22.68790054321289,43034100
2024-04-15,22.731765747070312,22.959873208742756,22.591392181946485,22.731765747070312,35660200
2024-04-16,22.652804491705687,22.801951607793136,22.5299780455342,22.53875160217285,28885300
2024-04-17,22.538751352534803,22.538751352534803,22.161496788175313,22.301870346069336,43828900
2024-04-18,22.240456383323583,22.336962155297737,22.135175381715253,22.275548934936523,35788400
2024-04-19,22.275552763613703,22.810728073120117,22.24046020596912,22.810728073120117,38372800
2024-04-22,22.810726155799877,23.249393966488334,22.749312930045075,23.038833618164062,35678700
2024-04-23,23.10024618250117,23.22307263049394,22.977419734508395,23.091472625732422,24297800
2024-04-24,23.030060307647272,23.109020648287142,22.845820628410852,23.047607421875,24547800
2024-04-25,23.04760824288414,23.18798181493658,22.152725466011102,22.1614990234375,47661400
2024-04-26,22.222911419696455,22.407152771980286,22.10885852419497,22.284324645996094,46526500
2024-04-29,22.442244822947206,22.67912583911268,22.407152268729106,22.494884490966797,39995300
2024-04-30,22.50365969748885,22.661580386508806,22.45102002561053,22.477340698242188,38017700
2024-05-01,23.100244164212246,24.082860682456904,22.828270621683025,23.845979690551758,97388900
2024-05-02,23.87230059117792,24.512756843395596,23.793341927623384,24.302196502685547,69649000
2024-05-03,24.44256849481002,24.48643460212398,24.144274279597848,24.398700714111328,60568900
2024-05-06,24.547849815978452,24.854917612276466,24.530302702273453,24.70577049255371,59899700
2024-05-07,24.81982615754036,24.995292282207277,24.038996296933018,24.363611221313477,65606400
2024-05-08,24.30219748020233,24.863691744681,24.14427679997148,24.802278518676758,39087800
2024-05-09,24.72212481962354,25.158502175649886,24.330275106583695,25.096162796020508,47831100
2024-05-10,25.14960072449473,25.18522420403724,24.86461968263863,24.94477081298828,25849800
2024-05-13,25.10507137646921,25.514731171787215,25.087259637902108,25.327713012695312,39609800
2024-05-14,25.425673107605938,25.541447704799165,25.1050703199942,25.274276733398438,23530900
2024-05-15,25.372239374245687,25.817522624124244,25.36333350541362,25.666126251220703,38376300
2024-05-16,25.71065462238093,25.85314512105996,25.532540649721778,25.75518226623535,40077800
2024-05-17,25.737374470539894,25.746280340398727,25.39005403915041,25.505826950073242,26106400
2024-05-20,25.523638434054828,25.56816608428185,25.345524435904803,25.407865524291992,22423300
2024-05-21,25.354426823596757,25.53254079728531,25.220842192640717,25.43457794189453,28119900
2024-05-22,25.354428155308636,26.387485180272574,25.309900508858107,26.360769271850586,46987500
2024-05-23,26.209371070119385,26.209371070119385,25.53254035976983,25.550352096557617,42031300
2024-05-24,25.53254246732212,25.817523484967293,25.425673736394753,25.719560623168945,22589100
2024-05-28,25.648314794676097,25.71956004749272,25.051635165354064,25.203031539916992,32371200
2024-05-29,25.078353132505143,25.087259001562792,24.65978747852052,24.77556037902832,24241700
2024-05-30,24.855712316972777,25.113977432250977,24.74884528201834,25.113977432250977,23298600
2024-05-31,25.2386548548073,25.603786985493368,25.149597864698816,25.523635864257812,78290100
2024-06-03,25.523634955707653,26.298428533864552,25.50582321859583,26.102502822875977,38177200
2024-06-04,26.093599722795872,26.476543618225904,25.977826816527244,26.262807846069336,46309500
2024-06-05,26.325144271819017,26.37857948281126,25.977823893473094,26.316238403320312,27346700
2024-06-06,26.14703391037216,26.307336157833593,25.63941125915818,25.6483154296875,35360400
2024-06-07,25.60378704472479,25.870956317047508,25.425673064095772,25.452390670776367,27526200
2024-06-10,25.247564454362454,25.247564454362454,24.606355389730357,24.998205184936523,36977900
2024-06-11,24.891334474773284,25.229748999016035,24.837899261508007,24.96257972717285,29573500
2024-06-12,25.087255239473116,25.14068874718529,24.544009198767483,24.633066177368164,32507900
2024-06-13,24.490581836536013,24.686505879724738,24.223412532313116,24.62416648864746,33945200
2024-06-14,24.713221774341335,25.131787441538368,24.428240749984127,24.517297744750977,29461900
2024-06-17,24.446050315051384,24.472766222071378,23.929521829675636,24.027482986450195,32194600
2024-06-18,24.02748511255563,24.454956648908404,24.00076920317164,24.410429000854492,29817800
2024-06-20,24.2234120158239,24.90024113190676,24.178882666988862,24.704317092895508,29693400
2024-06-21,24.73103470219653,24.837901742158678,24.544014834331314,24.704317092895508,52487000
2024-06-24,24.891335670793996,25.300995467120334,24.69540994331541,25.256467819213867,35414100
2024-06-25,25.292090241823622,25.33661958948482,24.873524565533934,24.926958084106445,24721600
2024-06-26,24.855711809114137,24.873523547449576,24.107635785234386,24.419334411621094,30745800
2024-06-27,24.374807365563807,24.78446716565721,24.107636379805545,24.757749557495117,28399600
2024-06-28,24.739938481563563,25.042731233573477,24.615258013981297,24.91805076599121,33189200
2024-07-01,24.891336568349576,25.496920415370333,24.882430698722967,25.13178825378418,26209000
2024-07-02,25.131788117594358,25.185223335064432,24.659788920288587,24.784467697143555,21989800
2024-07-03,24.864615644937054,24.980388537408157,24.597446386237145,24.668691635131836,15180100
2024-07-05,24.722125250022245,25.016012115263365,24.6419741323546,24.980388641357422,17268700
2024-07-08,24.980388830093364,25.042729909899776,24.74884304243823,24.87352180480957,25694400
2024-07-09,24.828994877333333,24.882430093793886,24.312466341894332,24.686504364013672,36867800
2024-07-10,24.784463643150055,25.30099210385902,24.757746038785214,25.24755859375,29873600
2024-07-11,25.630504592112157,26.031258499669136,25.30990010716993,25.523635864257812,47322600
2024-07-12,25.73737052924529,25.951106277263836,25.639409373041413,25.75518226623535,28397000
2024-07-15,25.853144096357813,26.06687983590484,25.675030130758294,25.915483474731445,30534400
2024-07-16,26.004542083008623,26.32514486305889,25.93329683203959,26.271711349487305,26912100
2024-07-17,26.200467254657745,26.984165049899087,26.10250439326976,26.74371337890625,45395000
2024-07-18,26.63684276226344,27.331485214641507,26.38748354121525,26.458728790283203,47279700
2024-07-19,26.663563097460305,26.716996615076607,26.316240986402097,26.690279006958008,30021200
2024-07-22,26.81495839985348,26.921825430783084,26.16484355077826,26.360769271850586,46483200
2024-07-23,26.37858007525124,26.39639011402792,26.120314978850516,26.271711349487305,25528300
2024-07-24,26.28061687866793,26.708088378959648,26.10250290423601,26.699182510375977,29579400
2024-07-25,26.690278499072907,27.545223257769617,26.690278499072907,26.87729835510254,42296200
2024-07-26,27.229518611873427,27.888806717129864,27.103080269110063,27.78946304321289,35657100
2024-07-29,27.717215522292005,27.933967730360585,27.49143175689639,27.744308471679688,41713700
2024-07-30,28.00621476854963,28.484876908121244,26.895359202898753,28.34940528869629,89857500
2024-07-31,28.17781414060382,28.232001761069146,27.518524247469905,27.581745147705078,40978700
2024-08-01,27.74430475677877,27.825587039245146,27.01276593717456,27.68108558654785,39753100
2024-08-02,27.88880871303827,28.286188604924995,27.10308220878666,27.482398986816406,42364700
2024-08-05,26.272198334676762,27.103082636688775,26.055446132751026,26.859235763549805,37838000
2024-08-06,26.85020466689049,27.139207607747128,26.416700255605537,26.47991943359375,29031800
2024-08-07,26.759890863668176,26.92245544883053,25.956101217691444,26.05544662475586,32866100
2024-08-08,26.12769415717082,26.199944883653348,25.775472080892627,25.97416114807129,32094400
2024-08-09,25.87481778260255,25.96513162843752,25.69419181352594,25.784503936767578,25795600
2024-08-12,25.81159776896078,25.83869243860926,25.576782466453757,25.694190979003906,21141600
2024-08-13,25.78450507528747,26.14576047457866,25.567752869268805,26.05544662475586,34620700
2024-08-14,26.010285970016273,26.353478216975432,25.892879184010173,26.082536697387695,23677700
2024-08-15,26.12769354697236,26.199944271767514,25.757408367073054,25.92900276184082,28676800
2024-08-16,25.874817227352327,25.874817227352327,25.15230992136358,25.558719635009766,50332900
2024-08-19,25.60387663004186,26.091568615922387,25.5406574580382,26.010286331176758,26382500
2024-08-20,26.010287351629195,26.36251117354334,26.010287351629195,26.100601196289062,21301300
2024-08-21,26.172854068758053,26.34445021539113,26.127698004030457,26.2180118560791,16729700
2024-08-22,26.208977837983536,26.308321515576054,25.775473455961773,25.992225646972656,20241500
2024-08-23,26.028350465079832,26.136727423190333,25.865785889210738,26.100601196289062,21885300
2024-08-26,26.118661880493164,26.236068661815892,25.983191987399817,26.118661880493164,16506000
2024-08-27,26.172850376585295,26.227039713726125,25.793533629565513,26.028348922729492,16184600
2024-08-28,25.99222643030896,26.26316624658964,25.865786356463744,25.965131759643555,19874100
2024-08-29,26.073507589828907,26.09156898022982,25.766441559300908,25.93803596496582,19229800
2024-08-30,25.938037372331014,26.2360718625329,25.89288130998872,26.199947357177734,37137600
2024-09-03,25.874817227352327,26.118664089096015,25.414218173812014,25.558719635009766,44499600
2024-09-04,25.54968917789581,25.775472920835462,25.468406892630075,25.64000129699707,23510500
2024-09-05,25.676128023416208,26.010287004831024,25.603877293170303,25.74837875366211,25927200
2024-09-06,25.793535232543945,25.9831944791371,25.54065853387749,25.793535232543945,31214500
2024-09-09,25.775472733175196,26.72376375758033,25.694190448501242,26.561199188232422,36558400
2024-09-10,26.570232827648823,26.87729887769196,26.362512182794163,26.859235763549805,32378800
2024-09-11,26.805048511729012,26.82311162611916,26.31735475875542,26.786985397338867,31943100
2024-09-12,26.71473163268281,26.832138417716994,25.974161252608035,26.33541488647461,32511800
2024-09-13,26.335417549380843,26.47991901753874,26.181884524138905,26.434762954711914,19987700
2024-09-16,26.705702910615102,27.220489608830093,26.588296113121295,27.157270431518555,29224600
2024-09-17,27.13920458726579,27.220486870659514,26.732794892890393,26.940515518188477,27055300
2024-09-18,27.094048892750457,27.22048723635346,26.85020203929333,26.86826515197754,25812800
2024-09-19,26.994706045045366,27.410149063051765,26.66054704179463,26.786985397338867,22653200
2024-09-20,26.678611266965888,26.687641101943523,26.398638150041936,26.570234298706055,56877400
2024-09-23,26.579261272690374,26.615385774151676,26.35347754012942,26.470884323120117,23126200
2024-09-24,26.416699005385578,26.723765046161628,26.326385159993798,26.64248275756836,21446200
2024-09-25,26.732795585337733,26.832139261153035,26.109631970708744,26.127695083618164,30712700
2024-09-26,25.721286199590487,26.199948403463477,25.567753169864694,26.163822174072266,32310400
2024-09-27,26.20898045071441,26.3986379907831,26.118666598141644,26.272199630737305,25013000
2024-09-30,26.290261310959647,26.362512044556027,25.9922268195504,26.136728286743164,27464700
2024-10-01,26.23607194708278,26.26316661813149,25.766443040392037,25.892881393432617,30725100
2024-10-02,25.829662061812407,25.983195084979776,25.630971253835018,25.838693618774414,24957200
2024-10-03,25.739346273421724,25.75740938598334,25.52259409046199,25.594844818115234,25678900
2024-10-04,25.549691461969907,25.820631288681486,25.50453367578904,25.811599731445312,28769000
2024-10-07,26.5250749916866,26.94954781009101,26.290259691316106,26.37154197692871,51426600
2024-10-08,26.380572332720686,26.63345075102881,26.19091481093456,26.353479385375977,29126600
2024-10-09,26.389603933242636,27.48239817291946,26.281228698497035,27.26564598083496,44244800
2024-10-10,26.994701718411047,27.166297832427713,26.44379059855721,26.49797821044922,34347700
2024-10-11,26.5160425647045,26.58829329147781,26.14575737466711,26.33541488647461,29617600
2024-10-14,26.335415248028905,26.344446804323713,26.055443893262783,26.263164520263672,23594200
2024-10-15,26.272199271868622,26.859236721682684,26.25413615708211,26.58829689025879,29009900
2024-10-16,26.642481771063522,26.93148468754149,26.57926259840812,26.7960147857666,28414800
2024-10-17,26.62442048569664,26.669578271116844,26.38960516929171,26.434762954711914,23779200
2024-10-18,26.461853388344803,26.525074281924358,26.263164319160133,26.389602661132812,24244900
2024-10-21,26.38960333043175,26.38960333043175,26.08253730134461,26.127695083618164,23395700
2024-10-22,26.100601039063037,26.181883326507954,25.82966122930885,26.04641342163086,29036400
2024-10-23,26.0735075696737,26.290259757656514,25.89287988505806,26.064476013183594,22217600
2024-10-24,26.064478321294214,26.172853563586035,25.739349149231916,25.865787506103516,31473600
2024-10-25,25.901911611862445,25.94706767201664,25.68515942245441,25.694190979003906,26091100
2024-10-28,25.829660712220566,26.136726742511197,25.793534486260132,26.064476013183594,37922500
2024-10-29,26.199947577693074,26.344449045516665,25.31487565662523,25.703222274780273,102267000
2024-10-30,25.567752701147008,25.829662691651578,25.459377460147003,25.75741195678711,47104000
2024-10-31,25.69419126215179,25.865785670703307,25.549689800954038,25.558719635009766,37909600
2024-11-01,25.721284524363,25.775473864920468,25.33293619666774,25.369062423706055,46894600
2024-11-04,25.378091862210905,25.414216363640666,25.04393118037147,25.071025848388672,41347800
2024-11-05,25.052963816495634,25.287779114988865,24.9084623593603,25.27874755859375,44175800
2024-11-06,25.22455874184452,25.27874635504202,24.456893710741742,24.70977210998535,65749500
2024-11-07,24.86330787386544,24.917495493073044,24.691711736682453,24.800086975097656,48484800
2024-11-08,24.864288448805855,24.90097405760816,24.497421864685677,24.506593704223633,55951300
2024-11-11,24.50659447449758,24.607482963236635,24.04801297928307,24.066356658935547,54329300
2024-11-12,24.05718197402502,24.249787088898756,23.800377486659198,24.020496368408203,53035200
2024-11-13,24.05718406296089,24.534109222837504,23.827893322560538,24.506593704223633,47983100
2024-11-14,24.52493880256993,24.6258272939764,23.699492439229584,23.864582061767578,45262200
2024-11-15,23.57108980814815,23.57108980814815,22.45214982816526,22.745641708374023,131074400
2024-11-18,22.901559270646924,23.158365538062576,22.653926592418866,22.80067253112793,64221700
2024-11-19,22.653925274665117,23.029961939402153,22.57138047027411,23.020790100097656,52381200
2024-11-20,22.99327674917996,23.020792269686645,22.60806820883454,22.874046325683594,46170800
2024-11-21,22.809844669958807,23.130850321749158,22.72729985968426,23.04830551147461,45048400
2024-11-22,23.09416443100643,23.6169470568346,23.020791461580536,23.525230407714844,41897000
2024-11-25,23.616946781620683,24.258961568627864,23.60777494188063,24.002155303955078,57707600
2024-11-26,23.992983144217668,24.06635611180994,23.488544210689472,23.635290145874023,33001000
2024-11-27,23.626117934315456,23.800379385609823,23.571088646824947,23.690319061279297,28242100
2024-11-29,23.690320079342094,24.057184927293566,23.63529078948677,24.038841247558594,22023000
2024-12-02,23.910437354678542,24.04801144459331,23.59860181788535,23.6811466217041,43866400
2024-12-03,23.690320513847833,23.754521644748163,23.40600047013941,23.442686080932617,49064300
2024-12-04,23.34179925922667,23.38765670989839,23.09416482716031,23.14002227783203,42541500
2024-12-05,23.14002295222665,23.653635511336667,23.057478139132172,23.571090698242188,43647900
2024-12-06,23.607774134348194,23.93795335629766,23.470200041652415,23.598602294921875,31830700
2024-12-09,23.626118398157082,24.249789499792136,23.461028783094918,23.93795394897461,37464800
2024-12-10,23.93795555872946,23.94712739899964,23.396829228236385,23.451858520507812,43280500
2024-12-11,23.277596379196805,23.396828549902658,23.084992987156046,23.14002227783203,39569400
2024-12-12,23.094163536152678,23.369311723500918,22.98410321160367,23.26842498779297,38705100
2024-12-13,23.24091014657149,23.534402021455335,23.167537177850527,23.461029052734375,29043600
2024-12-16,23.470198869812393,23.616944794607633,23.13084782538002,23.158363342285156,40194000
2024-12-17,23.754518875597917,24.268129612276685,23.717833269081282,24.240615844726562,71440300
2024-12-18,24.02049983797467,24.323163562765547,23.717836113183793,23.745349884033203,47575100
2024-12-19,23.571089017899475,23.92878201624312,23.461028691836294,23.635290145874023,50324700
2024-12-20,23.571088978142086,24.29564681322499,23.571088978142086,24.176416397094727,116340100
2024-12-23,24.176417517785644,24.534110532106727,24.020499736018834,24.49742317199707,35350400
2024-12-24,24.387364482271828,24.552454103334306,24.19475934124907,24.524938583374023,19716400
2024-12-26,24.433222903268195,24.506595876726823,24.286476956350945,24.35984992980957,31406000
2024-12-27,24.24061739242383,24.62582590686477,24.231445552871723,24.414878845214844,35218300
2024-12-30,24.286474599917245,24.378191245178993,24.066355700898754,24.2314453125,32859100
2024-12-31,24.213102351253454,24.44239309652924,24.176416741671098,24.332334518432617,27085500
2025-01-02,24.5341105748968,24.6349990660247,24.35984911277123,24.40570831298828,32899200
2025-01-03,24.488253835244542,24.61665610088226,24.323164208367665,24.387365341186523,33417000
2025-01-06,24.49742031566764,24.99268912330339,24.359846229996403,24.66250991821289,43951000
2025-01-07,24.77257272203938,25.28618350977743,24.708371592240823,24.882631301879883,35030000
2025-01-08,24.809258029042873,24.891802837589374,24.057184661707684,24.634998321533203,35430700
2025-01-10,24.64416954794346,24.809257411578116,24.479079934959284,24.506593704223633,32836900
2025-01-13,24.442391503103703,24.58913743056572,24.17641516558484,24.579965591430664,28359600
2025-01-14,24.589139631769992,24.644170671506675,24.093872519587045,24.222274780273438,25856900
2025-01-15,24.323161712799322,24.442392125894152,24.038839940416402,24.048011779785156,35949700
2025-01-16,23.91043815324416,24.369019634508835,23.809549667574085,24.29564666748047,29981100
2025-01-17,24.21310222183081,24.35984815807497,24.04801260621874,24.12138557434082,35380300
2025-01-21,24.258962106143148,24.4332218170166,24.203931066483488,24.4332218170166,39745600
2025-01-22,24.313989173992574,24.396533976587317,23.818720358424113,23.85540771484375,41890400
2025-01-23,23.85540794572097,24.286473891727006,23.708662017321068,24.249788284301758,40987000
2025-01-24,24.25911454705701,24.426933453472962,24.203173726071622,24.324377059936523,31300200
2025-01-27,24.464224176014614,25.144821455185117,24.408285136454438,25.042266845703125,50648600
2025-01-28,24.96768102615897,25.04226700547173,24.697305739731455,24.93971061706543,40589600
2025-01-29,24.986323341482496,25.238051659843872,24.771888897664944,24.818506240844727,34418200
2025-01-30,24.855799150226176,25.182113450080102,24.78121317696841,25.08888053894043,32289600
2025-01-31,25.135498957349693,25.182116307343858,24.63204402530323,24.725276947021484,37307000
2025-02-03,24.520164433046947,24.678659868228713,24.380315938067763,24.42693328857422,49626200
2025-02-04,24.333699068750363,25.098205793604134,23.867536258154647,24.119264602661133,68748300
2025-02-05,24.19384886284261,24.883769560129828,23.9607674740995,24.65068817138672,50426800
2025-02-06,24.632040511057102,24.67865607613056,24.035352742421654,24.081968307495117,45182000
2025-02-07,24.109940078528766,24.203171213954136,23.802272708123244,23.99806022644043,36512800
2025-02-10,24.035355154492304,24.35234600795899,23.783626809985815,24.119264602661133,39632700
2025-02-11,24.08197169024846,24.156557671804855,23.737010414131333,23.802274703979492,36593300
2025-02-12,23.75565372978633,23.886180511298647,23.466633317633704,23.74633026123047,31671600
2025-02-13,23.76498053384194,23.99806194564298,23.615808572550876,23.904829025268555,30612500
2025-02-14,23.98873876873545,24.08197169024846,23.746333884109642,23.802274703979492,33214600
2025-02-18,23.876859504568234,23.998061051751378,23.69971714028211,23.830242156982422,40499700
2025-02-19,23.839566915297382,24.16588125295911,23.774304403419052,24.137910842895508,37292400
2025-02-20,24.109939957335357,24.315050943818033,24.00738357495906,24.147232055664062,37139000
2025-02-21,24.13790735083109,24.77188899439314,24.100615254411462,24.520160675048828,54611500
2025-02-24,24.6133961026894,24.93038695691451,24.128586351725108,24.846477508544922,43823300
2025-02-25,24.911738651369063,25.200760859132803,24.743921542103873,24.93038558959961,43560100
2025-02-26,24.87444679570316,24.967679709495002,24.566779424979032,24.632041931152344,30103300
2025-02-27,24.51084063285207,24.706628153327735,24.24978882728124,24.333698272705078,28268300
2025-02-28,24.296405689254826,24.697305999122747,24.15655719885835,24.641366958618164,51531700
2025-03-03,24.58542875223516,25.07956022028534,24.21249706083188,24.473548889160156,54048600
2025-03-04,24.47354612998592,24.529485166081745,23.932797372339884,24.007383346557617,51315000
2025-03-05,23.960766624267976,24.40828244799765,23.923472749822263,24.184524536132812,37062400
2025-03-06,24.175203419698466,24.669334856293023,24.147233011142742,24.464223861694336,46998300
2025-03-07,24.613395097449427,25.070234420875998,24.40828410885074,24.921062469482422,54337700
2025-03-10,24.8371524810791,25.39654817569987,24.74392134720055,24.8371524810791,53013500
2025-03-11,24.77189081900533,24.81850816580081,24.119263968298124,24.231142044067383,44841400
2025-03-12,24.1845271104376,24.212495740979175,23.774303339217848,23.970090866088867,37331000
2025-03-13,24.016706584450816,24.305727009478886,23.802272132922564,23.867534637451172,36717900
2025-03-14,23.886182848066266,24.016707864077947,23.774302992720557,23.979413986206055,30298300
2025-03-17,23.998064100794547,24.380317508215008,23.858215596808805,24.287084579467773,32676900
2025-03-18,24.436252788136105,24.613395147628342,24.333698182762653,24.52948570251465,32958700
2025-03-19,24.54813244601351,24.70662786571683,24.315051051053917,24.43625259399414,42522700
2025-03-20,24.473545388160005,24.520160953781897,24.259110941067554,24.417606353759766,35378900
2025-03-21,24.361667982093564,24.725276187802734,24.249789902083066,24.50151824951172,349996500
2025-03-24,24.333698653662704,24.445576730466044,24.137909351851906,24.370990753173828,37944400
2025-03-25,24.38963823786411,24.426932116479776,23.783626936519575,23.820919036865234,47607600
2025-03-26,23.7929513744065,23.91415292829959,23.429343156187056,23.503929138183594,49487400
2025-03-27,23.494609122570576,23.522577756395812,23.149647819807594,23.317466735839844,51302000
2025-03-28,23.336112012393947,23.51325260821692,23.130999228200906,23.503929138183594,32352500
2025-03-31,23.1216749132734,23.709041056019377,22.944534323923353,23.625131607055664,53498100
2025-04-01,23.57851670321647,23.634455744683166,22.860625521025245,22.8792724609375,54444200
2025-04-02,22.84197844865997,23.065736391499332,22.664836077060865,23.028444290161133,41965000
2025-04-03,23.065736114239982,23.186939443239844,22.636867173520557,22.646190643310547,53501800
2025-04-04,22.319876740297538,22.469048703248177,21.39687455268919,21.41551971435547,80002600
2025-04-07,20.64168670381333,21.59265917297916,20.27808031547868,21.098526000976562,86106100
2025-04-08,21.350254551358418,21.43416399238119,19.989060113913183,20.361989974975586,72406000
2025-04-09,19.681395577051106,21.01462157741737,19.50425320080668,20.96800422668457,95954400
2025-04-10,20.753568294606755,20.762891764100328,19.662747259638543,20.128910064697266,72960700
2025-04-11,20.128909816114554,20.511163169280458,19.83988937846301,20.42725372314453,55078100
2025-04-14,20.58574727882309,20.725595750274795,20.38995977444466,20.6230411529541,61900900
2025-04-15,20.669658382891004,21.378226044047842,20.632364505754882,20.92138671875,51814700
2025-04-16,20.96800162697396,21.145143981255455,20.464546749371152,20.5484561920166,37641200
2025-04-17,20.651014678629988,21.023944617048794,20.60439910317897,20.641691207885742,54073700
2025-04-21,20.632363856392168,20.669657732354537,20.389960775716297,20.5484561920166,32021000
2025-04-22,20.678982386854777,21.023941867933534,20.651011978279477,21.00529670715332,36052600
2025-04-23,21.2383773969995,21.499427421852765,20.734920729176906,20.87476921081543,50781000
2025-04-24,20.884093788995195,21.31296450416608,20.725598360516607,21.238378524780273,35009600
2025-04-25,21.22905372611094,21.54604456322413,20.958678456344433,21.3689022064209,35847700
2025-04-28,21.471459514512123,21.71386438736293,21.350256188951732,21.49010467529297,55888900
2025-04-29,21.284993502090703,22.48769438673588,20.940032245622483,22.18002700805664,98540200
2025-04-30,22.56228055943897,22.786038493300765,22.357167786363174,22.758068084716797,53941700
2025-05-01,22.655512084107855,22.683482493168288,22.189349269387364,22.3105525970459,46891700
2025-05-02,22.636864719522844,22.655509878811525,22.347842522175263,22.562278747558594,41685800
2025-05-05,22.562279333622175,22.608894900459497,22.235965030951256,22.25461196899414,40811800
2025-05-06,22.217317803119073,22.2732568382482,21.303639190173882,21.331607818603516,60872600
2025-05-07,21.434165701159056,21.527398618424847,21.182437358022415,21.24770164489746,48270500
2025-05-08,21.275671221373006,21.527399575703484,20.986650765439904,21.41551971435547,55669800
2025-05-09,21.387016640607754,21.472526846804232,21.149488692771854,21.16849136352539,39059800
2025-05-12,21.12098317211825,21.995086029962806,21.073478310835274,21.938079833984375,77480900
2025-05-13,21.7575595057464,21.833568376029575,21.36801381902082,21.72905731201172,41193200
2025-05-14,21.719555117858686,21.757558645400316,20.873954430676715,20.92146110534668,59394000
2025-05-15,21.092482201442397,21.47252655029297,20.987969325935588,21.47252655029297,51800100
2025-05-16,21.520031075813115,21.710054153346512,21.330009810474092,21.691051483154297,37786800
2025-05-19,21.60554220097512,21.881075493930794,21.510530658156114,21.852571487426758,31513700
2025-05-20,22.014088723163525,22.51764858940147,22.004587388457796,22.346628189086914,57047500
2025-05-21,22.29912387876152,22.30862521447418,21.89057731628418,21.89057731628418,42984700
2025-05-22,21.89057731628418,22.004589720447093,21.67205021928203,21.89057731628418,38602800
2025-05-23,21.805066326384544,22.223114209607303,21.738556978777154,22.156606674194336,35405400
2025-05-27,22.37513233712357,22.479645215829198,22.204113734052253,22.432140350341797,36155400
2025-05-28,22.43214036255335,22.460642556983526,21.95708445864291,22.023591995239258,36737200
2025-05-29,22.16610854194427,22.280122756958008,22.00458946112158,22.280122756958008,26091400
2025-05-30,22.308623436162897,22.441640313342297,22.004587966371716,22.318124771118164,56618600
2025-06-02,22.365632034792956,22.38463289300945,22.061594744801972,22.289621353149414,30443900
2025-06-03,22.21361228533049,22.36563183506563,21.909576810248968,22.185110092163086,37887100
2025-06-04,22.2421166842493,22.365632230808167,22.18511048471143,22.223114013671875,24500100
2025-06-05,22.27062063906603,22.27062063906603,21.92857981823402,21.966585159301758,33173600
2025-06-06,22.109101223392706,22.403635363353633,22.090098553151517,22.185110092163086,30426200
2025-06-09,22.27062135856303,22.93569853898543,22.251618687415245,22.774179458618164,42542600
2025-06-10,22.774178339176718,23.201729358013793,22.764677004069853,23.08771514892578,40439200
2025-06-11,23.116219253909602,23.45826007045394,23.106717918761774,23.25873565673828,38558700
2025-06-12,23.306242529073597,23.638780201080788,23.306242529073597,23.60077667236328,42465400
2025-06-13,23.553272349598284,23.70529009235001,23.239733716454115,23.315744400024414,46368400
2025-06-16,23.277741272375096,23.363251487330817,23.068717309258115,23.182729721069336,35102100
2025-06-17,23.059213493875177,23.106718358323633,22.71717267082416,22.802682876586914,40408800
2025-06-18,22.764678076954713,22.87869229141614,22.5841581379996,22.688669204711914,37076200
2025-06-20,22.802683465339847,22.888193673310425,22.584158183723677,22.774179458618164,63098100
2025-06-23,22.67916855760252,22.8881924928645,22.584157018958212,22.831186294555664,31959100
2025-06-24,22.935698479863536,23.18272776756461,22.90719628540979,23.097217559814453,34404200
2025-06-25,23.002206456110713,23.154226015611936,22.869191380265946,23.049713134765625,25603300
2025-06-26,23.10671909318841,23.211231972932147,22.95470134748542,23.030710220336914,31835300
2025-06-27,23.13522354390739,23.201731082404024,22.878692913539375,22.983205795288086,39528800
2025-06-30,23.002206213444676,23.163725294778413,22.91669781715691,23.030710220336914,44730900
2025-07-01,23.068713067187673,24.085332311167132,23.049710397981972,23.79079818725586,59259900
2025-07-02,23.876307710855816,24.09483479273519,23.781297984693197,24.05682945251465,36772100
2025-07-03,24.085334094727237,24.246853170547915,23.961818547937913,24.11383628845215,27104600
2025-07-07,24.09483390642175,24.256352972028935,23.885808167286392,23.980819702148438,34905900
2025-07-08,23.980823913459076,24.66490382264842,23.952319904336537,24.341867446899414,51275800
2025-07-09,24.408372343545725,24.550888749320922,24.07583285527399,24.28485679626465,38362200
2025-07-10,24.303858153359908,24.75041001723846,24.265854626231295,24.493881225585938,39499200
2025-07-11,24.370365142822266,24.43687267296351,24.151839883159806,24.370365142822266,34864400
2025-07-14,24.303858134840794,24.351362996763942,24.075831535659905,24.0853328704834,25918000
2025-07-15,24.075830947577906,24.170842481297747,23.3062409676163,23.38224983215332,54458000
2025-07-16,23.448757362098927,23.714787481881356,23.3062409676163,23.38224983215332,44218200
2025-07-17,23.26823811327604,23.543771409259005,23.23023458304756,23.353748321533203,47393900
2025-07-18,23.477261768319345,23.543771116733144,23.173226281491207,23.249235153198242,36309400
2025-07-21,23.363249965110068,23.42025616730147,23.049713134765625,23.049713134765625,33663400
2025-07-22,23.154224270500276,23.88580894470215,23.125720265455648,23.88580894470215,48091600
2025-07-23,24.11383613967331,24.256354356196198,23.99032240584046,24.09483528137207,42073300
2025-07-24,24.123336397583053,24.26585460774114,23.999822669266273,24.0853328704834,25672400
2025-07-25,24.13365774399768,24.13365774399768,23.795382068481644,23.959688186645508,35643400
2025-07-28,23.853371862089528,23.90169643176856,23.42810864375021,23.495763778686523,31096600
2025-07-29,23.49576452610016,23.515095091972356,23.12849299184957,23.486099243164062,38499800
2025-07-30,23.50542864421141,23.58274906040431,23.002845017225486,23.012510299682617,35649500
2025-07-31,22.8095460544817,23.041507314816386,22.36495225624204,22.509929656982422,62768300
2025-08-01,22.519593214151087,22.732225753167256,22.335958367591605,22.703229904174805,51332700
2025-08-04,22.654904254240826,22.88686550474599,22.616243124091223,22.74188995361328,57010700
2025-08-05,23.457103739347076,24.05633649539151,23.457103739347076,23.9210262298584,113955100
2025-08-06,23.853373931554728,23.882367938491935,23.060839121889394,23.128494262695312,65689200
2025-08-07,23.36045382671275,23.65040493566105,23.138157853621436,23.41844367980957,45494400
2025-08-08,23.47643566692496,23.785717345221403,23.350788832951896,23.75672149658203,36377000
2025-08-11,23.776052062341613,24.085333740638053,23.708396925647293,23.75672149658203,38115700
2025-08-12,23.834042342989406,23.94035861310686,23.650405651913147,23.824377059936523,34402700
2025-08-13,23.9210276924887,24.355956206101457,23.91136240957906,24.31729507446289,40176500
2025-08-14,24.249639923693724,24.336625626366537,23.988682815675283,24.268970489501953,32514000
2025-08-15,24.375284514569362,24.452604933069388,24.13365797632376,24.297964096069336,31844800
2025-08-18,24.29796366727541,24.3849493669859,24.172318680729237,24.230308532714844,35623300
2025-08-19,24.297963871334773,24.578251537970072,24.25930458417442,24.471935272216797,29170500
2025-08-20,24.539591583168075,24.829544546352697,24.4912670110361,24.529926300048828,38111000
2025-08-21,24.558921689241814,25.0228442094875,24.520262400953452,24.87786865234375,37068100
2025-08-22,25.032510345587855,25.23547760727805,24.897200066770587,25.013179779052734,34560500
2025-08-25,25.01317842806062,25.022843710806146,24.268970091296946,24.297964096069336,32684200
2025-08-26,24.297963555764227,24.394614537606113,24.03700830129453,24.0853328704834,43938700
2025-08-27,24.172318680729237,24.326959515000294,24.01767784645818,24.230308532714844,31840300
2025-08-28,24.230309717424102,24.230309717424102,23.689066771012044,23.776052474975586,44306800
2025-08-29,23.85337415508047,24.046674295842433,23.689068021527415,23.930694580078125,37030000
2025-09-02,23.901697353672247,24.230309601864114,23.882366787669373,24.14332389831543,44725000
2025-09-03,24.046672043589506,24.27863514032075,23.892031208078127,23.959688186645508,30957600
2025-09-04,23.95002462442199,23.95002462442199,23.53442665783198,23.718063354492188,41695500
2025-09-05,23.74705642298772,24.056338104009892,23.689066568662117,24.046672821044922,34613200
2025-09-08,24.066003514373858,24.13365865202258,23.495764720671442,23.727725982666016,49242900
2025-09-09,23.72772534325743,23.95968844246536,23.689066055698902,23.882366180419922,32751300
2025-09-10,23.814710187100452,23.824375469508116,23.63107535174723,23.747055053710938,32975900
2025-09-11,23.776051926949066,24.02734375,23.71806207346476,24.02734375,36784100
2025-09-12,23.97901771311217,24.008013562042585,23.041507385932867,23.07050323486328,81378200
2025-09-15,23.186482970761364,23.31212980614248,22.886866571987085,23.167152404785156,50760200
2025-09-16,23.15748669482585,23.408778517490596,23.07050283646517,23.099496841430664,57010800
2025-09-17,23.176817367145556,23.573084746854683,23.09949694777461,23.24447250366211,46351600
2025-09-18,23.244472595471137,23.428109283501527,23.157486892902227,23.341123580932617,34419000
2025-09-19,23.437774121827903,23.437774121827903,23.02217618265153,23.225143432617188,86577600
2025-09-22,23.466771141699777,23.969352963425884,23.225144592296434,23.23480987548828,67863300
2025-09-23,23.292798597838534,23.544090418206842,23.244472184230673,23.321792602539062,38955200
2025-09-24,23.360454882561115,23.370120165758134,23.176818188746257,23.28313446044922,39669400
2025-09-25,23.28313330942388,23.341123162274947,22.790214951529357,22.809545516967773,56738300
2025-09-26,22.93519177231098,23.012512194871583,22.81921206020222,22.964187622070312,33374500
2025-09-29,22.993182403110705,23.060837539273596,22.848205004516846,23.051172256469727,39184300
2025-09-30,23.05117309243915,24.771552937706648,23.01251195982159,24.626577377319336,164867300
2025-10-01,25.10016425367027,26.530594768204395,24.723227442048053,26.29863166809082,150879900
2025-10-02,26.02801142758762,26.25997268694496,25.72839503135076,26.17298698425293,69684100
2025-10-03,26.288967656212126,26.762555441989992,26.13432682181381,26.45327377319336,70524000
2025-10-06,26.356623156607963,26.443608857597233,25.50609671214938,25.544757843017578,62945600
2025-10-07,25.5350932027385,25.68973404317355,25.17748510706731,25.390117645263672,47744200
2025-10-08,25.535091936935917,25.612412353320583,24.771551212106214,24.81987762451172,48693300
2025-10-09,24.91652938280884,25.032509089270263,24.36561932499239,24.394615173339844,47278700
2025-10-10,24.413946172129425,24.56858701246488,23.79538281078759,23.950023651123047,64963900
2025-10-13,24.008013427498287,24.114329696183102,23.785717450670248,23.901697158813477,45356600
2025-10-14,23.824377370495426,23.959689491535364,23.660071243383143,23.698732376098633,42277000
2025-10-15,23.669734859079067,23.75672055809669,23.39911247952824,23.573083877563477,47729800
2025-10-16,23.621410930844736,23.785717050839224,23.399113114289232,23.41844367980957,44390000
2025-10-17,23.389451426431958,23.708398407544014,23.350790292496274,23.689067840576172,40101900
2025-10-20,23.747057459545612,23.901698306806765,23.68906760268876,23.863039016723633,35856800
2025-10-21,23.89203237731051,24.12399364192934,23.776052666733225,24.01767921447754,40726900
2025-10-22,23.959689605865965,24.094999884087304,23.795383477969647,23.892032623291016,48662900
2025-10-23,23.93069374384586,23.950024310285876,23.68906719373853,23.843708038330078,34219900
2025-10-24,23.87270472219597,23.99834972151803,23.85337415508047,23.930694580078125,27429200
2025-10-27,23.911363265833337,23.969353121903552,23.805046993484368,23.940359115600586,34974900
2025-10-28,23.95002379161169,23.95002379161169,23.563419845041032,23.679401397705078,50152400
2025-10-29,23.70839788308002,23.805047028852545,23.418444915369573,23.476436614990234,65438400
2025-10-30,23.495765338066168,23.87270401174332,23.34112449267298,23.476436614990234,157478000
2025-10-31,23.466770804301134,23.901697480895333,23.3507892511308,23.824377059936523,132697400
2025-11-03,23.766386459674994,23.921027296742455,23.59241505710805,23.834041595458984,140871300
2025-11-04,23.57308494612472,24.35595627277062,23.389450100731537,23.486099243164062,166162000
2025-11-05,23.563419194319565,23.843706863496514,23.35078850434905,23.785717010498047,107240900
2025-11-06,23.92102822668696,24.288299768134042,23.718062811444586,24.01767921447754,124137200
2025-11-07,23.92916063926545,24.224217357629197,23.712785837527026,24.02751350402832,117794500
2025-11-10,24.2537247134321,24.47993499794679,23.51608101320381,23.98817253112793,148958600
2025-11-11,24.086525781262136,25.0897216796875,24.037350284171172,25.0897216796875,139673800
2025-11-12,24.98153252407111,25.522472354137502,24.834004161662058,25.443790435791016,96008000
2025-11-13,25.512636852239606,26.043739331522325,25.247084674635797,25.365108489990234,123083100
2025-11-14,25.24708560211941,25.34543847254041,24.558617385097385,24.64713478088379,96507600
2025-11-17,24.69631169068415,25.148732259837097,24.538947851333134,24.666805267333984,88042200
2025-11-18,24.637298747573915,25.08972119088139,24.568452302617867,25.030710220336914,66511800
2025-11-19,24.932356395465117,25.079884754127956,24.312734662786387,24.4700984954834,62000200
2025-11-20,24.479933789255156,24.58812212690951,23.879984884987458,23.99800682067871,51983200
2025-11-21,24.1848773408969,25.09955579425616,24.1848773408969,24.627464294433594,73079400
2025-11-24,24.696312203139712,25.05037991106404,24.637299355214843,24.80449867248535,63074900
2025-11-25,24.95202860476886,25.54214206924833,24.94219313023754,25.296260833740234,39130300
2025-11-26,25.276591038515374,25.38477750341936,25.158567223436144,25.28642463684082,33461000
2025-11-28,25.42411966213299,25.43395513648458,25.237249401302638,25.31593132019043,22627600
2025-12-01,25.335602840842977,25.512637631318288,24.81433394399066,24.853675842285156,53198600
2025-12-02,24.902850325329663,24.902850325329663,24.62746455218013,24.73565101623535,43827000
2025-12-03,24.902850008265155,25.463458897524582,24.883179060169244,25.148731231689453,56121200
2025-12-04,25.207742029420388,25.315930367290704,24.932356261641175,25.27659034729004,35454000
2025-12-05,25.345437623236815,25.68967172021284,25.217578333196478,25.601154327392578,47443700
2025-12-08,25.61099018598538,25.758518550924478,25.335602529087442,25.34543800354004,45209300
2025-12-09,25.571647145772864,25.699504556094794,24.71597966587276,24.91268539428711,43483800
2025-12-10,25.07004917506932,25.36510776708379,24.804497005033756,25.35527229309082,43635400
2025-12-11,25.374942779541016,25.61099041667973,25.18807439103322,25.374942779541016,35570200
2025-12-12,25.414284474878123,25.610990212282186,25.296260657250695,25.42411994934082,51599700
2025-12-15,25.394613252115963,26.210938864467778,25.384777777759325,25.994564056396484,60360000
2025-12-16,26.00439970335835,26.07324614838687,24.509441357874977,25.109392166137695,111695500
2025-12-17,24.981531981338083,25.07004937204542,24.61762882036335,24.627464294433594,61255300
2025-12-18,24.59795787222286,24.81433267399365,24.568451450012127,24.627464294433594,47062500
2025-12-19,24.597959106188682,25.099557053384828,24.568452682497746,24.774993896484375,87590000
2025-12-22,24.784828877143212,24.98153273672138,24.715980556569686,24.794662475585938,38758900
2025-12-23,24.84383900508244,24.922520921430948,24.420923001237405,24.4700984954834,43692900
2025-12-24,24.509441660829314,24.725816473011353,24.49960618628582,24.617630004882812,19328500
2025-12-26,24.607793114965116,24.696310504840337,24.509440251112107,24.676639556884766,21617800
2025-12-29,24.637298817806297,24.784829058475445,24.558616898214385,24.588123321533203,33067700
2025-12-30,24.597958072934787,24.637298093611903,24.509440681505172,24.57828712463379,28821700
2025-12-31,24.55861733566085,24.60779470873484,24.47009994005263,24.489770889282227,29409200
2026-01-02,24.568451965899374,24.883179639056387,24.42092360359764,24.76515769958496,35976700
2026-01-05,24.784827924654547,24.98153177667332,24.538946702687436,24.755321502685547,52620900
2026-01-06,24.774993971420155,25.581484128828816,24.774993971420155,25.01103973388672,50977300
2026-01-07,25.16840232538694,25.38477712791912,24.725815370292846,24.863510131835938,51395800
2026-01-08,24.76515798636298,25.13889663358356,24.706147015943927,24.87334632873535,42977300
2026-01-09,24.922522105169257,25.129061441922207,24.81433376157965,25.06021499633789,34190200
2026-01-12,25.158568050367663,25.3454383154166,24.676641051809842,24.853675842285156,50256300
2026-01-13,24.902850325329663,24.971696768617043,24.55861623296786,24.73565101623535,47656100
2026-01-14,24.814333330719403,25.28642484303614,24.784828783652678,25.158567428588867,53738100
2026-01-15,25.129060399420208,25.463459014892578,24.834003680320997,25.463459014892578,55263200
2026-01-16,25.463458927141126,25.463458927141126,25.12906031282115,25.227413177490234,59470600
2026-01-20,25.011038577913844,25.227413381193095,24.67663996089371,25.09955596923828,55425400
2026-01-21,25.05037848259876,25.492965437172447,24.96186109168402,25.463459014892578,47264100
2026-01-22,25.47329434737144,25.8765394033302,25.325765988641994,25.670000076293945,49883900
2026-01-23,25.579999923706055,25.690000534057617,25.510000228881836,25.649999618530273,45402300
2026-01-26,25.6299991607666,25.920000076293945,25.600000381469727,25.8799991607666,41441900
2026-01-27,25.940000534057617,26.829999923706055,25.899999618530273,26.5,75575400
2026-01-28,26.270000457763672,26.389999389648438,25.760000228881836,25.860000610351562,44976700
2026-01-29,25.899999618530273,26.229999542236328,25.8799991607666,26.100000381469727,44373800
2026-01-30,26.1299991607666,26.469999313354492,25.899999618530273,26.440000534057617,51599400
2026-02-02,26.420000076293945,26.690000534057617,26.350000381469727,26.65999984741211,52129500
2026-02-03,25.360000610351562,26.110000610351562,25.260000228881836,25.770000457763672,91964900
2026-02-04,25.8799991607666,26.979999542236328,25.860000610351562,26.780000686645508,83025800
2026-02-05,26.760000228881836,27.190000534057617,26.459999084472656,26.489999771118164,72650700
2026-02-06,26.670000076293945,27.3700008392334,26.520000457763672,27.219999313354492,50691600
2026-02-09,27.18000030517578,27.3700008392334,26.790000915527344,27.049999237060547,49288200
2026-02-10,27.18000030517578,27.729999542236328,27.09000015258789,27.610000610351562,43760600
2026-02-11,27.549999237060547,27.940000534057617,27.309999465942383,27.729999542236328,41699300
2026-02-12,27.649999618530273,27.889999389648438,27.40999984741211,27.469999313354492,58805100
2026-02-13,27.600000381469727,27.940000534057617,27.549999237060547,27.579999923706055,36986700
2026-02-17,27.84000015258789,27.8700008392334,27.200000762939453,27.3700008392334,32119900
2026-02-18,27.440000534057617,27.479999542236328,27.209999084472656,27.3700008392334,24779800
2026-02-19,27.3700008392334,27.399999618530273,26.579999923706055,26.860000610351562,40316800
2026-02-20,26.709999084472656,26.780000686645508,26.360000610351562,26.649999618530273,44786900
2026-02-23,26.559999465942383,27.110000610351562,26.5,27.059999465942383,34166100
2026-02-24,27.139999389648438,27.420000076293945,27.079999923706055,27.139999389648438,34686100
2026-02-25,27.059999465942383,27.290000915527344,26.729999542236328,27.09000015258789,32680300
2026-02-26,27.260000228881836,27.270000457763672,26.8700008392334,27.100000381469727,30508300
2026-02-27,27.15999984741211,27.670000076293945,27.09000015258789,27.649999618530273,41879700
2026-03-02,27.56999969482422,27.610000610351562,27.170000076293945,27.260000228881836,41321700
2026-03-03,26.719999313354492,26.950000762939453,26.350000381469727,26.579999923706055,41486100
2026-03-04,26.770000457763672,26.780000686645508,26.350000381469727,26.6200008392334,30893500
2026-03-05,26.389999389648438,26.709999084472656,26.200000762939453,26.610000610351562,38908600
2026-03-06,26.540000915527344,27.1299991607666,26.229999542236328,27.049999237060547,53181800
2026-03-09,26.90999984741211,27.110000610351562,26.360000610351562,26.809999465942383,42789500
2026-03-10,26.81999969482422,27.290000915527344,26.520000457763672,27.15999984741211,42814600
2026-03-11,27.200000762939453,27.40999984741211,27.0,27.299999237060547,40560100
2026-03-12,27.110000610351562,27.1200008392334,26.6299991607666,26.860000610351562,38542800
2026-03-13,27.020000457763672,27.280000686645508,26.579999923706055,26.579999923706055,34270800
2026-03-16,26.700000762939453,26.889999389648438,26.520000457763672,26.610000610351562,28551500
2026-03-17,26.81999969482422,27.760000228881836,26.81999969482422,27.450000762939453,60097500
2026-03-18,27.139999389648438,27.3799991607666,26.84000015258789,27.31999969482422,47478300
2026-03-19,27.290000915527344,27.729999542236328,27.25,27.40999984741211,47939600
2026-03-20,27.40999984741211,27.549999237060547,26.799999237060547,26.969999313354492,66805700
2026-03-23,27.030000686645508,27.190000534057617,26.6299991607666,26.770000457763672,42945200
2026-03-24,26.600000381469727,27.1299991607666,26.440000534057617,26.959999084472656,35605300
2026-03-25,27.18000030517578,27.530000686645508,27.040000915527344,27.280000686645508,37603900
2026-03-26,27.25,27.809999465942383,27.239999771118164,27.56999969482422,28835000
2026-03-27,27.729999542236328,27.770000457763672,27.020000457763672,27.040000915527344,29124600
2026-03-30,27.420000076293945,27.81999969482422,27.149999618530273,27.770000457763672,46696000
2026-03-31,27.989999771118164,28.309999465942383,27.790000915527344,28.079999923706055,44841500
2026-04-01,28.270000457763672,28.639999389648438,28.040000915527344,28.549999237060547,44208500
2026-04-02,28.5,28.75,28.219999313354492,28.31999969482422,30920600
2026-04-06,28.190000534057617,28.229999542236328,27.809999465942383,27.829999923706055,25169300
2026-04-07,27.65999984741211,27.68000030517578,26.780000686645508,27.100000381469727,46620500
2026-04-08,27.25,27.489999771118164,26.969999313354492,27.469999313354492,33789100
2026-04-09,27.209999084472656,27.5,27.18000030517578,27.219999313354492,27047600
2026-04-10,27.31999969482422,27.360000610351562,26.770000457763672,26.920000076293945,27882400
2026-04-13,26.829999923706055,27.56999969482422,26.68000030517578,27.34000015258789,44156200
2026-04-14,27.200000762939453,27.309999465942383,27.079999923706055,27.110000610351562,24558900
2026-04-15,27.18000030517578,27.360000610351562,26.969999313354492,27.190000534057617,29648900
2026-04-16,27.209999084472656,27.479999542236328,27.149999618530273,27.219999313354492,21905300
2026-04-17,27.329999923706055,27.670000076293945,27.1200008392334,27.559999465942383,30080400
2026-04-20,27.59000015258789,27.850000381469727,27.510000228881836,27.520000457763672,25023000
2026-04-21,27.520000457763672,27.6200008392334,27.200000762939453,27.309999465942383,29833000
2026-04-22,27.350000381469727,27.389999389648438,26.739999771118164,26.799999237060547,35214200
2026-04-23,26.760000228881836,26.827499389648438,26.3799991607666,26.454999923706055,17467787
