timestamp,open,high,low,close,volume
2021-01-04,95.57877688258127,95.65867414811075,90.6782080659175,91.53047943115234,8041500
2021-01-05,91.370677576384,92.56031100646729,91.26414788965313,91.83232879638672,5721900
2021-01-06,91.43283217781904,93.40371287747296,91.36181463662764,92.49817657470703,5017200
2021-01-07,92.76449111268337,92.89765998529091,91.39730378219636,91.7524185180664,5057000
2021-01-08,92.20520942063587,93.8919996918053,91.81458245147512,93.81209564208984,5869700
2021-01-11,93.30605151238657,93.78545545122998,92.56918952639109,92.8621597290039,4257400
2021-01-12,92.33837074056206,92.61358147901205,90.82913461205138,91.28190612792969,4332600
2021-01-13,90.83801878854185,91.77906724857442,90.1011567659779,91.34405517578125,4804500
2021-01-14,92.15194919773745,92.49818429297258,90.29647777428966,90.39413452148438,4528300
2021-01-15,90.0034873061223,91.16648827773736,89.8525657391934,90.84688568115234,5522900
2021-01-19,91.26415081270686,91.97437358224586,89.96798088112764,91.0333251953125,6519600
2021-01-20,90.91790543821219,93.97187586924869,90.73146495515388,93.62564086914062,5844300
2021-01-21,93.6256609142485,93.65229333945875,92.72899755041102,92.84441375732422,5731500
2021-01-22,92.47152624301626,92.74673694162341,91.49495904166807,92.24958038330078,5231600
2021-01-25,92.10754719715433,92.28510120534231,90.70484750341495,91.8412094116211,5009000
2021-01-26,91.79683585196013,93.40372218007198,91.65478720892708,92.94207763671875,7195300
2021-01-27,90.09227390254043,90.35860489255822,85.87530221471059,86.88737487792969,18139500
2021-01-28,87.83729792917352,89.24887038309885,87.09155629873634,87.13594818115234,8868200
2021-01-29,86.46124331742678,86.81635810819691,85.15620035596604,85.94632720947266,8203000
2021-02-01,86.10612088983937,88.44099586012653,86.04397631496009,87.5177001953125,7206300
2021-02-02,87.93496625745749,90.9800642060269,87.69526089797542,90.24320220947266,6917700
2021-02-03,89.888092140009,91.13099057116312,89.49746517709586,89.68389892578125,3934800
2021-02-04,89.9857347989459,92.54254880355528,89.76378892715948,92.00988006591797,6926800
2021-02-05,93.29717121255176,95.47224500184348,93.02196047596935,94.53119659423828,8072100
2021-02-08,94.47793358430441,94.57559032681374,93.51912562507736,94.33589172363281,4836600
2021-02-09,94.10504057182965,94.84190242075506,93.41257060228521,94.30035400390625,4095200
2021-02-10,94.79751872535698,94.90405518111886,93.15512064521785,93.98963928222656,4293200
2021-02-11,94.21159191381305,94.30924864529148,93.243904330959,93.98076629638672,2976000
2021-02-12,93.87423988442927,94.05180067578888,92.96870355487602,93.4836196899414,3169800
2021-02-16,93.11074644904231,94.62885567245992,92.95094512166932,94.23823547363281,4928100
2021-02-17,93.71219087505644,94.02423657596366,92.85629118024546,93.1148452758789,5733800
2021-02-18,92.52641719261683,93.91725344838584,92.1965431997974,93.5873794555664,4098700
2021-02-19,93.39122795312068,93.86375527352344,92.02713759736592,92.16087341308594,4128900
2021-02-22,91.82207949411068,91.82207949411068,90.71654318202937,90.77003479003906,5211800
2021-02-23,92.13412003314588,92.13412003314588,89.09389364525791,90.37774658203125,8740300
2021-02-24,90.19052807131567,93.17726314922524,89.69124810098232,93.06135559082031,7542700
2021-02-25,92.72258085447449,94.30064486263673,91.92909008171381,92.25005340576172,7534000
2021-02-26,92.8562970516844,97.608329947118,92.43726131164728,96.31555938720703,15122900
2021-03-01,96.82374950741112,98.4909749223026,94.98713173207396,95.2813491821289,7930300
2021-03-02,95.67363400852673,96.51170549853042,94.34520689516354,95.5755615234375,5016800
2021-03-03,95.34374680441589,96.25313804677315,94.61266543637632,94.70182037353516,5313400
2021-03-04,94.73750386084873,95.5488228042848,92.5888333672134,93.51605987548828,7211800
2021-03-05,94.55917180500771,94.55917180500771,91.60810038296371,93.79242706298828,5559900
2021-03-08,93.43582866690758,95.29919254147893,92.9276379009256,93.64088439941406,5119500
2021-03-09,94.7553373553211,96.26208136459898,94.35413662960319,94.99606323242188,5510900
2021-03-10,95.59338589353571,97.24277608217304,95.36157760908455,96.09265899658203,6077000
2021-03-11,96.65436351446276,96.79701008013478,95.6290645404776,95.68255615234375,4670700
2021-03-12,95.77169861784483,96.27988927056772,95.02278894102628,96.1194076538086,3356000
2021-03-15,96.19072890160352,97.13578347915352,95.45072999929121,97.0912094116211,7107300
2021-03-16,98.58013906407284,100.15820287611965,97.9738758386694,99.26663970947266,11376200
2021-03-17,99.23989059946416,99.37362643042704,97.11797278222683,98.48206329345703,10128400
2021-03-18,97.43001873944254,98.31266434244878,95.84303744039137,95.95002746582031,7813400
2021-03-19,96.60086647785951,97.04664805533194,94.35413032031674,94.80882263183594,21452000
2021-03-22,94.86232164817405,96.66327623966613,94.50569502351694,95.90544891357422,7605100
2021-03-23,96.05701920927119,96.24424666881342,94.21148361996912,94.72859191894531,5657800
2021-03-24,95.06737066068968,95.6468880346223,93.5606336509688,93.5873794555664,5731300
2021-03-25,93.62305772268559,96.02135821249965,92.77606856356232,95.70931243896484,8149000
2021-03-26,95.62014446143799,98.0719430373723,95.55773531522495,97.9827880859375,6167600
2021-03-29,97.18928906617874,98.29482533314196,95.03170133599275,97.29627227783203,5167100
2021-03-30,96.66327734119292,98.4731494894998,96.53845904145363,98.31266784667969,4552900
2021-03-31,98.3661506083904,99.51626773189078,97.34976929963864,97.42108917236328,6478400
2021-04-01,98.12542819185279,98.12542819185279,96.46712035634071,97.5191650390625,5793000
2021-04-05,97.99170965658875,99.27555597470413,97.95604631412901,98.98133850097656,6913100
2021-04-06,99.30228549976592,101.47770141852699,99.05264894556434,100.88035583496094,6745200
2021-04-07,100.66638669009326,101.42421391803248,100.43457839377655,100.91602325439453,5629600
2021-04-08,101.3261492707806,101.60253165946447,100.46133196183034,100.78229522705078,5011300
2021-04-09,100.66638546584909,100.98734190027159,99.82831403695589,100.9071044921875,4114300
2021-04-12,100.7644601004129,101.54012245795195,100.54156932202561,101.46879577636719,4707800
2021-04-13,101.44203683827513,103.06468122277835,101.35288189887986,102.8507080078125,4607400
2021-04-14,102.7259082999003,103.6352997294416,102.28012672026323,102.67241668701172,3994600
2021-04-15,102.61892241496206,104.21482135074278,102.33362246455971,104.009765625,5079100
2021-04-16,105.04396616090048,105.65022935247495,104.25939306678102,105.50757598876953,5777900
2021-04-19,105.35600714895843,106.07817786655782,104.34854332096377,104.84781646728516,4889700
2021-04-20,104.27722143837977,104.54469309454613,102.84180427459968,103.66204071044922,5662400
2021-04-21,103.50156776943982,104.54470187442371,103.29651204429982,104.08108520507812,4397400
2021-04-22,104.19698754589513,104.20589827987166,102.73482452747703,103.3499984741211,5744900
2021-04-23,103.43915620573301,105.18662600840612,103.27867456271558,104.81216430664062,4555800
2021-04-26,104.26830742814242,104.53577909335253,102.58325362274489,103.3499984741211,5924900
2021-04-27,103.1270928392395,103.7690193016517,102.77046627100093,103.55504608154297,7260900
2021-04-28,101.13891924114552,101.7719282196393,99.50735715176891,100.2116928100586,14793500
2021-04-29,100.93386445355078,102.66349915935402,100.53266375267896,102.19988250732422,8936600
2021-04-30,101.63819396654755,102.48517619543411,101.18349487842873,102.07505798339844,6478700
2021-05-03,102.69022418149274,104.08106025190534,102.64564331171358,103.17166900634766,5049800
2021-05-04,102.66350124000259,102.88639203435687,101.22808398019399,101.73627471923828,6265100
2021-05-05,101.82541300947878,102.42275860807206,100.8892759076728,101.17457580566406,4677700
2021-05-06,101.32615776327424,102.36036752515332,100.83579528861993,102.29795837402344,4113300
2021-05-07,102.62782204702287,103.27865925685457,101.85215975371025,101.94131469726562,4867500
2021-05-10,102.14639686959696,103.50156995816012,101.82543356928956,101.90567779541016,5759500
2021-05-11,101.03192176417402,101.36180253231625,100.00662292456782,101.23698425292969,7775400
2021-05-12,100.13599338647052,100.60144774539316,98.06828391522734,98.27416229248047,7965300
2021-05-13,98.60536034906127,99.5183699097081,97.71024999075453,98.90074157714844,7999400
2021-05-14,99.36621904830434,99.88537795092454,98.6859331525057,99.53628540039062,6836300
2021-05-17,99.55419534496262,99.59894677446883,98.309992240776,99.33937072753906,4521200
2021-05-18,99.68845010372316,100.44033957981182,99.36620980564214,99.41991424560547,5177300
2021-05-19,98.10409822159687,98.40843930797153,97.45961764259205,98.16675567626953,5997400
2021-05-20,98.44424267586848,99.9748806073932,98.3457799876578,99.72425079345703,5345500
2021-05-21,99.92117977783722,100.44929850878106,98.97236486050038,99.28565216064453,5146500
2021-05-24,100.0733530428606,101.17433509405288,99.82271637536189,100.71782684326172,5476100
2021-05-25,101.07586702107203,101.28174542256686,100.41348722221355,100.8162841796875,5391800
2021-05-26,101.41601025626468,101.92622290709711,100.816281102814,101.0132064819336,3841600
2021-05-27,101.56817578341345,102.12313984765872,100.93264823391145,101.6039810180664,7378400
2021-05-28,102.35587602829612,102.35587602829612,101.19223656992847,101.93517303466797,4239800
2021-06-01,102.54384084865893,102.59755211418175,101.23698054010508,101.4518051147461,4306900
2021-06-02,101.78300376705087,101.78300376705087,100.92369859408488,101.14747619628906,5045000
2021-06-03,100.26132365941712,100.46719523909114,98.59641767205395,99.46467590332031,5723900
2021-06-04,99.91224455017638,100.31504157609729,99.40203179707244,100.2434310913086,4477500
2021-06-07,100.23445674141998,100.50298574020603,99.34829260672157,99.65263366699219,4009000
2021-06-08,99.69739322106007,100.24341110770929,99.23193882102568,99.82270812988281,4669800
2021-06-09,100.01963952478587,100.42244332378543,99.65264779234708,99.70635223388672,3669400
2021-06-10,100.07333881686061,100.63725587297913,99.75109854789292,100.4403305053711,3833200
2021-06-11,100.50300175466717,100.99531524127971,100.42244509094014,100.75363159179688,3231200
2021-06-14,100.95054705950267,101.35335082598087,99.80480687148952,100.65515899658203,4222400
2021-06-15,100.66412812783904,100.6999333680903,99.85852729506406,100.15391540527344,3487300
2021-06-16,100.62831162355795,100.76257955218279,98.64116540153192,99.67949676513672,4822000
2021-06-17,99.35725970557756,100.20761189932536,99.09767685621806,99.70635223388672,4008500
2021-06-18,99.12451910720301,99.13347212294272,97.79975960202859,98.193603515625,7024400
2021-06-21,98.4621328478535,99.68843641545244,98.1756978254621,99.33039093017578,5628500
2021-06-22,99.41991038890788,100.4850939345301,98.999207414447,100.11809539794922,3583500
2021-06-23,99.60789067223999,100.22551907357997,99.48257575445373,99.8585205078125,3552100
2021-06-24,100.05545869060207,101.06693800807514,100.05545869060207,100.2434310913086,3840000
2021-06-25,100.92369810801952,101.34440109080127,100.44929068629556,101.18328094482422,12171200
2021-06-28,101.08482199078448,101.19223770179015,99.76005553831739,100.46719360351562,4546600
2021-06-29,100.31502971062041,100.87000065836204,99.83166923919721,100.49404907226562,3789500
2021-06-30,100.55669806406075,100.78047566184884,99.59893021869377,100.08229064941406,6759100
2021-07-01,100.20762084017416,101.58609187227282,100.0823059126335,101.51448822021484,4810600
2021-07-02,102.0157551923108,103.20625391784344,101.78302452638934,102.9108657836914,4722000
2021-07-06,103.00930997207074,103.69854199867014,102.32902413278711,103.59113311767578,5294700
2021-07-07,103.72539230373171,105.41715043966241,103.51952073285999,104.85323333740234,5382300
2021-07-08,103.34049210749738,104.51309136577865,103.15251974452488,103.8238525390625,4486100
2021-07-09,103.88651165357635,105.39029741053834,103.83280721448321,105.14862060546875,3533600
2021-07-12,105.39923964639436,106.32120217866277,105.0769993864938,106.0347671508789,5683400
2021-07-13,106.10638884404844,107.40429620717143,106.02582535597261,107.01045227050781,5529300
2021-07-14,107.35953731448573,108.15618497779982,107.12680671186534,107.23422241210938,5701800
2021-07-15,106.77771464134173,107.03729746275386,105.78414160492468,106.49127960205078,6467500
2021-07-16,107.12683394343809,107.84292513546156,106.07060319123691,106.27648162841797,5024800
2021-07-19,105.21127485892173,105.2202278748816,102.3379713593237,103.22412872314453,7731300
2021-07-20,103.50160303851679,105.68567438766642,103.23307404209412,105.10385131835938,5117800
2021-07-21,105.2112968334257,107.09998067556681,105.15759238475019,106.75983428955078,4377500
2021-07-22,106.82248073919399,110.02697787661093,106.58080391592723,109.76739501953125,7172300
2021-07-23,111.48600961549754,113.07035211195092,110.92208565963976,112.75706481933594,7934200
2021-07-26,112.5511885191267,112.87342883446836,111.21747583177711,112.8376235961914,4827500
2021-07-27,112.85551874886539,112.92712921851493,111.71872473791741,112.81076049804688,6110900
2021-07-28,109.70472618180828,110.39396499995337,108.65744867434914,109.57046508789062,11747000
2021-07-29,110.03593074044122,110.51929121545326,109.32879264713567,109.54361724853516,6618400
2021-07-30,109.37356138865712,110.08069954975961,108.39788732819615,108.69327545166016,5712300
2021-08-02,109.23032557560276,110.08068458856357,107.4759099379198,107.74444580078125,5996800
2021-08-03,107.92346746828913,108.08458762362703,105.19337784427218,106.63450622558594,6030500
2021-08-04,106.63449642867889,106.7061068976168,105.23812643014068,105.8468017578125,6675500
2021-08-05,106.2675008894784,106.59868734534552,105.72148303455428,106.54498291015625,4281900
2021-08-06,106.6434610223483,106.70611848218384,105.69464610793847,106.56290435791016,6832600
2021-08-09,106.50919787731449,106.53605010000187,105.39926275494493,105.5693359375,4557900
2021-08-10,105.97212084356943,106.070583534955,103.81490830764547,104.18190002441406,9839700
2021-08-11,104.54132754550328,105.39498701642164,104.14595498912769,104.68510437011719,6472300
2021-08-12,104.6042308987221,104.93670279505515,103.79550343148911,104.01116180419922,4358300
2021-08-13,104.18190022456247,104.9816399663236,103.69666372018104,104.91873931884766,4361700
2021-08-16,104.85584098354953,105.79036980641109,104.60423838809767,105.61963653564453,5976000
2021-08-17,104.79294833389233,105.08049515859481,103.84044390684394,104.74801635742188,4719800
2021-08-18,104.48742212456322,104.90077024135701,103.8763842876383,103.94827270507812,4520500
2021-08-19,102.89692192325964,103.40012709301665,102.08819443210997,102.72618865966797,5317100
2021-08-20,102.4206937632376,103.33724720017588,102.13314691481993,103.00476837158203,3486300
2021-08-23,103.07664357353264,103.75058205576748,103.07664357353264,103.4720230102539,4235100
2021-08-24,103.68767768787123,104.10102578614494,103.28331735528899,103.40911865234375,3447300
2021-08-25,103.86737968436097,104.22681485763789,103.33721811691069,103.84941101074219,3881500
2021-08-26,103.89435135306819,104.02913355521291,102.31284057655954,102.72618865966797,5188200
2021-08-27,102.98678066833976,103.68767555340413,102.60038901943808,103.44506072998047,4204700
2021-08-30,103.88538360595703,104.07408558097794,103.0047675335352,103.88538360595703,3078200
2021-08-31,104.02912532403406,105.67353661665027,103.92129957084985,105.57469177246094,6995500
2021-09-01,106.04197702209844,106.32952383737987,105.38600720766996,105.53876495361328,4402700
2021-09-02,106.29358470418735,106.35648535879449,105.04455252294767,105.46688842773438,3801900
2021-09-03,104.99064273455141,105.65560040991552,104.54135034313894,105.3051528930664,2921300
2021-09-07,105.21526737620364,105.25121158283217,103.7595647138587,104.04711151123047,4264900
2021-09-08,104.32568269062787,106.20372828562198,103.79552100635249,106.06893920898438,5548400
2021-09-09,106.01502275407105,107.89306143022759,105.85327723867877,106.74287414550781,4711200
2021-09-10,107.24607120068947,108.51307878404192,106.83272310520287,107.2370834350586,6517900
2021-09-13,107.73130938107192,107.96494330150385,106.53619019291455,107.09331512451172,4381100
2021-09-14,107.57855421298575,107.70435551415108,106.35647855395962,106.80577087402344,4722800
2021-09-15,105.09845658880819,105.15236947232955,101.64789493030901,103.01374053955078,11556200
2021-09-16,103.14852781125485,103.57984458324252,101.71079381186848,103.04069519042969,7997000
2021-09-17,102.9238835688248,103.20244260821973,101.64789504917866,101.90848541259766,9261000
2021-09-20,100.05740044135132,100.88409668254494,99.1857722249302,100.479736328125,7795200
2021-09-21,100.56957139409501,102.07919356526797,100.41681368083269,100.83914947509766,5468400
2021-09-22,101.59397091377187,102.4655990575047,100.92902024093029,101.60295867919922,4578200
2021-09-23,101.89051462618197,103.07664610987541,101.62992425062683,102.564453125,3842000
2021-09-24,102.55545952051641,103.21142930517881,102.22298760098016,102.53749084472656,3955000
2021-09-27,102.08820713404015,103.0407047112071,101.45920059358218,102.15110778808594,3988800
2021-09-28,101.25253348661121,101.54008034255853,99.8147992068747,100.38090515136719,5917700
2021-09-29,100.55161278743172,101.10873082231501,100.25507823977418,100.79422760009766,4389100
2021-09-30,100.2101657251662,100.78526625757421,99.12287902832031,99.12287902832031,5974500
2021-10-01,99.64404454686425,101.95340666685716,99.3295413117789,101.46817016601562,5636900
2021-10-04,101.02788595309423,101.61196742465506,99.76087813683192,100.15625762939453,4497700
2021-10-05,99.85970348057207,100.17421357305194,98.87126179813123,99.60810089111328,5884000
2021-10-06,99.00605282383407,100.65944521918972,98.3770463377002,100.31798553466797,5734500
2021-10-07,100.98293504401954,101.52209128942059,100.68640733583669,100.8301773071289,5549500
2021-10-08,101.16265018120244,101.23453859048658,99.85969847163742,99.9405746459961,3787000
2021-10-11,101.44122513568968,102.04327523281027,99.67101219896028,99.6889877319336,5987300
2021-10-12,100.38987140544597,100.52466046496143,99.43737393467444,99.74288940429688,3866800
2021-10-13,100.09334279530381,100.174218978083,98.31414904204286,99.52723693847656,4806500
2021-10-14,99.81477557092877,101.18960886460826,99.75187492532436,100.524658203125,5194900
2021-10-15,101.04583957988275,101.4681754557243,99.69796262583012,100.14725494384766,5860900
2021-10-18,100.13827470161705,102.05225752110421,99.70695105695376,101.87254333496094,4958400
2021-10-19,102.20502337560039,102.92389388853455,101.32441419569619,101.98037719726562,5799300
2021-10-20,101.5939728989575,103.43607407515051,101.27946965941776,102.3128433227539,7645200
2021-10-21,102.37575765295199,102.94186355978233,102.08821081613473,102.83403778076172,3684300
2021-10-22,102.8070905218338,103.31928358491835,102.50156812410972,102.93289184570312,3396400
2021-10-25,103.10359370880172,103.22939500267076,101.86354944538279,103.0766372680664,4290600
2021-10-26,103.26532745361328,103.58881841692501,102.66327749353805,103.26532745361328,5948000
2021-10-27,103.8494343541101,103.8494343541101,101.61196035239485,101.99835205078125,5853900
2021-10-28,102.20501650351726,102.97779985348085,101.05482924468497,101.71977996826172,7697600
2021-10-29,96.59784243570381,97.0381469607107,93.47076507804064,95.3128662109375,27419600
2021-11-01,96.35524174982632,98.9791074652943,96.32827844969584,98.66460418701172,14184600
2021-11-02,99.06895612286824,100.47973372721705,98.6556080129709,100.14725494384766,11538900
2021-11-03,100.03941859728799,101.4681647267974,98.94314436033673,101.18960571289062,6422600
2021-11-04,100.28205096858122,101.01889014703025,99.68000086602132,100.78526306152344,8212600
2021-11-05,101.75571717252677,105.43093171492069,101.66586008455162,105.05352783203125,10256800
2021-11-08,104.70307924025354,105.55673876167972,102.95084193445025,103.48101043701172,8753300
2021-11-09,103.02272590064804,103.87637852954151,101.87253870799545,102.55545806884766,6754700
2021-11-10,101.89667364041718,103.29548129761412,101.61690660080386,102.20350646972656,6563700
2021-11-11,102.20350201113683,102.20350201113683,99.75783846252685,100.57005310058594,7191900
2021-11-12,100.84078480119958,101.29201438205273,100.2541849690471,100.82273864746094,7350400
2021-11-15,101.18372178080024,102.56448317053413,100.69639301644412,100.9581069946289,6566100
2021-11-16,101.32811595936458,102.07715873366057,100.63322541799292,101.28299713134766,7965000
2021-11-17,101.27397461749138,102.07716277126418,100.76859965832217,101.54470825195312,5768600
2021-11-18,101.18372485413775,102.18545508598223,100.47980091632013,101.88764190673828,5632100
2021-11-19,101.73421026390768,101.88762664773589,99.0629254555708,99.97441101074219,6921800
2021-11-22,100.27223823415387,101.60787394077,99.8751539988381,100.57907104492188,5967300
2021-11-23,101.07541761832582,102.97960684034551,100.87687551779804,102.50130462646484,7911000
2021-11-24,102.34788896654251,103.11497781798342,102.05007581362023,102.85326385498047,4464300
2021-11-26,99.27954997760146,100.01956633159722,98.59367897858502,99.86614990234375,6703200
2021-11-29,100.49786049641465,100.79567369504184,98.9275833626256,99.92931365966797,7114100
2021-11-30,98.86439965963096,100.25418064979168,98.41317009821816,98.94561767578125,9483300
2021-12-01,100.13686246339805,102.29373919504468,97.9619395789667,98.06121063232422,7618500
2021-12-02,98.52146876238233,101.1476283273138,98.52146876238233,100.552001953125,7709400
2021-12-03,100.94004986211948,101.8425089702032,99.34270027030662,100.3895492553711,7014100
2021-12-06,101.08444647550203,103.03375456578047,100.81370598938886,102.30276489257812,8280200
2021-12-07,103.83696656602147,105.75920931324065,103.59330558050173,104.919921875,8786900
2021-12-08,104.48671652216824,105.2718584405829,103.9181697513818,104.91087341308594,5807000
2021-12-09,104.50477408555342,105.05527472714967,103.99939227108753,104.09866333007812,5664700
2021-12-10,104.5228292187722,105.66894942755663,104.48673002283647,105.34407043457031,6110800
2021-12-13,104.82966615907439,105.43431218320876,103.98135229014606,104.2881851196289,6479400
2021-12-14,103.39474391706304,104.05354212208874,102.90741515277352,103.52108764648438,6854600
2021-12-15,103.61135104494757,103.96330962457873,101.76131359295114,103.49403381347656,6902400
2021-12-16,103.78280088992366,104.14378592223633,102.17642472560998,102.51033020019531,7544400
2021-12-17,100.41662549019765,100.89493461803643,97.66412924400174,98.03413391113281,13696900
2021-12-20,96.62630858824133,97.57389352507634,96.21117817250162,97.54681396484375,6313700
2021-12-21,98.36805195094266,100.08272579318601,98.2507347346335,99.60442352294922,4682200
2021-12-22,99.45100179084466,100.87688898940382,99.27051270365223,100.84078979492188,3643300
2021-12-23,101.28299617118805,101.89666868518134,101.06640101197834,101.40933990478516,3359600
2021-12-27,101.61690912031392,103.2142658319889,101.42739350600321,103.07889556884766,3716700
2021-12-28,102.8803349566289,104.93794055412687,102.70886552843196,104.29719543457031,4561600
2021-12-29,104.14379965527048,105.55163389319695,104.06257474181135,105.02820587158203,4215300
2021-12-30,105.02818392875216,105.89454380841323,104.75745033929222,104.90184020996094,4068700
2021-12-31,104.3874539728712,106.02090980621374,104.3242821043033,105.56065368652344,3674900
2022-01-03,105.10941172371602,106.30968397054738,103.58425365240076,105.2989273071289,5475700
2022-01-04,105.4974682964648,105.63283853610785,103.03375196765376,103.096923828125,8367600
2022-01-05,103.24130875846144,103.74668358433226,99.63147283603423,99.66757202148438,8662300
2022-01-06,99.27050590286134,100.96712661597763,99.26147938355491,100.29930877685547,6099900
2022-01-07,97.66412972824793,99.0087919258137,96.99631188911832,97.07752990722656,11266400
2022-01-10,96.22019862816158,96.57215715161077,94.23478433450217,95.687744140625,8499400
2022-01-11,95.6967639052953,95.81408110975842,93.59403254731494,93.891845703125,13073200
2022-01-12,94.2528352749567,95.04699684360804,93.56696439712965,93.73843383789062,11810500
2022-01-13,93.99112298966492,94.46039872386184,92.13205243616672,92.41181945800781,9818500
2022-01-14,91.96962808836565,91.96962808836565,89.424686321169,90.3542251586914,13703200
2022-01-18,89.4968785037611,89.66834795750641,87.99879979044387,88.19734191894531,11396000
2022-01-19,88.38685758462312,88.79296147666244,87.34000159192654,87.42122650146484,10856800
2022-01-20,87.98073425529971,89.28930405947892,86.26606061701933,86.38338470458984,20311500
2022-01-21,86.54585826160805,88.81103329458148,86.15780044229561,86.91586303710938,13438300
2022-01-24,85.50801292533001,88.75686480982937,85.20118008886651,88.53125,17201400
2022-01-25,87.24072196269023,88.52221226775866,85.85093408394204,87.54756164550781,12368500
2022-01-26,88.17025860415609,89.01857243154785,85.64337704641142,86.25704956054688,11863000
2022-01-27,87.19561493649037,87.69196339128192,85.78777382901777,86.02241516113281,7322200
2022-01-28,85.78776920747939,87.7370843811741,84.6416490548621,87.72805786132812,8345400
2022-01-31,87.56561652043534,88.80198812353116,87.01511584852692,88.72978973388672,8807700
2022-02-01,88.8200523141566,89.37055309784986,87.35807249568234,89.12689208984375,11601900
2022-02-02,86.45559536238817,89.47883234899615,85.49898391462824,88.19734191894531,15578800
2022-02-03,87.39415518737306,87.96270895213374,86.33827946027185,86.58194732666016,8901100
2022-02-04,86.10363891056592,86.5819412034495,84.67775166690791,85.73362731933594,8267600
2022-02-07,86.04947257625734,86.73534341030052,85.62531570369403,85.90508270263672,6849000
2022-02-08,85.99531978266745,86.66313752138029,85.14700611104855,85.66140747070312,7161000
2022-02-09,86.86170683220037,88.41393791566782,86.81658111352502,87.65586853027344,9353700
2022-02-10,86.58555002613261,87.81004574724379,86.15017715291074,86.44949340820312,9098800
2022-02-11,86.70348212229565,87.51981509853356,84.68079771908643,85.01640319824219,6924800
2022-02-14,85.03452687937892,85.70573080724444,83.82816873055285,84.9438247680664,7948500
2022-02-15,86.30437109926115,86.58554970049809,85.58781270631269,85.72386932373047,7722200
2022-02-16,85.56967577164154,86.66719417535532,84.4993811500701,86.33158874511719,6545800
2022-02-17,85.64222276553026,85.83269924002441,84.15468627127728,84.39958953857422,6578200
2022-02-18,83.95514967541612,85.30663668379242,83.92793973513545,84.66263580322266,6210600
2022-02-22,84.89847045915786,85.29756805405809,83.77374905186251,84.45402526855469,8622500
2022-02-23,85.15243527004394,85.15243527004394,81.12520495591657,81.31568145751953,9674800
2022-02-24,79.36556799252368,82.72159495672763,79.13880922683076,82.54926300048828,9260500
2022-02-25,82.81230101721319,84.16378127444317,81.88712141122792,83.97330474853516,7039400
2022-02-28,82.80322687983943,83.72839954503257,82.19551508406904,83.25674438476562,8591500
2022-03-01,82.98464315162882,83.00278772972959,81.31570181306284,81.76014709472656,7100700
2022-03-02,82.33155250461397,84.60821197699853,82.16828595041653,84.14562225341797,10721100
2022-03-03,84.7896267747489,84.80776442816634,82.6127415979149,83.02090454101562,6587400
2022-03-04,82.51297738211665,82.68531625141341,81.1342802679987,81.66036224365234,7179800
2022-03-07,81.6694180055501,81.67849029160573,76.50838754003763,76.60816192626953,14608700
2022-03-08,76.88028940232263,78.83948142589153,75.97325439212104,76.1909408569336,10692000
2022-03-09,78.45853114817949,79.93699577567938,78.30433685184042,79.45626831054688,8811600
2022-03-10,78.08662550848595,79.23856362251031,77.64218037762596,79.05715942382812,9114300
2022-03-11,80.13652510393482,80.55376029145356,74.8666550049056,75.03899383544922,15351700
2022-03-14,74.66712300272025,74.68526065836913,71.58320253280559,71.91880798339844,18199300
2022-03-15,73.01630457180805,75.68298921408852,72.81675579991949,75.39273834228516,12542300
2022-03-16,79.82815518258543,81.71478279170637,77.66034200758041,79.283935546875,21207900
2022-03-17,79.32927763568479,79.77372283329247,78.0140796974033,79.51068878173828,8554200
2022-03-18,78.11385450023333,81.4063889666351,77.07983518284672,81.27033233642578,23784200
2022-03-21,81.27939533340383,81.37916972281107,77.97778895700115,78.78504943847656,11925300
2022-03-22,79.27486172591345,80.81681848396305,79.0481029720751,79.71930694580078,8447400
2022-03-23,79.23857094915296,79.5560317862635,78.09570501542777,78.20455169677734,7670500
2022-03-24,78.75784070583208,79.04809159215496,77.60590252689688,79.02088165283203,6163400
2022-03-25,79.26577818033081,79.51974684133916,78.20454902392007,79.32019805908203,7048100
2022-03-28,79.34743129397256,80.200039557583,78.6852926452997,80.16375732421875,5981000
2022-03-29,81.36102538627892,83.3565062600889,81.32475008104998,82.74879455566406,8963200
2022-03-30,82.31342936888656,83.02998787645257,81.99596849088341,82.56739807128906,8122100
2022-03-31,82.83042315835975,84.01863661080557,82.5129623413086,82.5129623413086,11306100
2022-04-01,82.99370668750761,83.34744980174575,82.06853398568362,82.98463439941406,6516300
2022-04-04,79.71929160068015,80.2363011831076,78.1682628533978,79.90069580078125,16243100
2022-04-05,78.51295020242722,78.56737701006688,76.02767615089698,76.29978942871094,17525800
2022-04-06,75.8734841129107,76.09117058955968,74.4403670580376,75.61044311523438,10567000
2022-04-07,75.27481938428193,75.73740909001208,73.87798490118867,75.39273834228516,10869100
2022-04-08,75.45624388300979,75.45624388300979,73.77822359649456,73.94149017333984,9286800
2022-04-11,73.36098491202611,74.14103552951879,72.82583760846565,73.17958068847656,8623200
2022-04-12,73.31564702355217,73.71473775222826,72.24534535459051,72.37232971191406,8472500
2022-04-13,72.45393791386668,73.75099796507473,72.2090415607581,73.39725494384766,8604400
2022-04-14,73.24306946280618,73.54239264589957,71.88251708888407,72.1092758178711,9567200
2022-04-18,71.69204432448254,72.53558711709587,71.54691540870375,72.19998168945312,7797300
2022-04-19,72.21814060150875,73.95964641583107,72.02766405182933,73.66939544677734,8622100
2022-04-20,73.75100686127482,73.94148336336355,72.56279333485725,72.71698760986328,8368800
2022-04-21,73.51519072740554,73.64217507588425,71.41086976959373,71.6194839477539,8152500
2022-04-22,71.55598774184868,72.09114196896658,70.5491783784025,70.67616271972656,10315500
2022-04-25,70.18634915455813,70.82127765597558,69.59678208055608,70.73057556152344,10259000
2022-04-26,70.28613021340894,70.36776695026172,68.59904479980469,68.59904479980469,8800500
2022-04-27,68.37228797371553,69.32467738262879,67.73736631452475,67.79178619384766,8467300
2022-04-28,68.58999393532578,69.93240195290285,67.90064535001065,69.46074676513672,8818500
2022-04-29,68.95277814750122,69.63305420504223,67.55595073239449,67.7010726928711,9199300
2022-05-02,68.2543887743743,68.68069636297632,66.63986746274585,68.36323547363281,12379000
2022-05-03,68.6806845892788,68.74417675626326,66.55821929841942,67.41990661621094,15570100
2022-05-04,71.93695289174887,75.16600261292044,70.67617463313367,74.05034637451172,30199700
2022-05-05,72.95281935470202,73.66937777645806,69.95960133168329,70.27706909179688,19114700
2022-05-06,69.86889311508845,70.02308737815513,68.21808997134825,69.40630340576172,11165800
2022-05-09,68.24531611905165,69.43353675581628,66.51288274930634,66.65800476074219,12863600
2022-05-10,67.89156759362072,68.07297874363366,64.95277616468906,65.17953491210938,14085900
2022-05-11,64.89834665795742,65.26115506393795,63.456157639715805,63.54685974121094,12118100
2022-05-12,63.16322579467223,63.967035830678206,62.46902210015469,63.84829330444336,15460600
2022-05-13,65.65687331261643,69.17355907569643,65.65687331261643,69.0548095703125,18156300
2022-05-16,68.45196245352169,68.90867422442831,66.04965407847699,66.15013122558594,11435300
2022-05-17,67.60247911588068,67.9130397788762,66.53376826241877,67.33758544921875,12454500
2022-05-18,66.81693795955293,67.17317260724715,64.65212151144502,65.10883331298828,10576500
2022-05-19,64.94440207465765,66.15012067886116,64.24106912590037,65.70254516601562,11193700
2022-05-20,66.57029257277964,67.07267821289054,65.27323306232435,67.03614044189453,15941800
2022-05-23,67.34671122356079,67.83995373336774,66.28713672073383,67.06354522705078,10741900
2022-05-24,66.6525120576184,66.98134506598896,65.09968796945338,66.42415618896484,9227700
2022-05-25,66.4241604927265,67.13662973406909,65.70255506476276,66.20494079589844,8344400
2022-05-26,66.63422843442746,68.2966585987707,66.56115986513562,68.04090118408203,8940900
2022-05-27,68.71683259184945,70.07783125193295,68.64375706099318,70.06869506835938,8498400
2022-05-31,70.30620617545536,72.76331755987243,69.92256998744864,71.70374298095703,23361800
2022-06-01,71.93211431549688,72.05085688430401,69.46587318365624,69.67595672607422,7579000
2022-06-02,69.9134184823181,72.61715054692058,69.28315419093016,72.54407501220703,10241500
2022-06-03,72.16045701856979,72.9825395682512,71.53932875535142,72.20613098144531,10415700
2022-06-06,72.79984807315527,74.2613312063065,71.7311442813546,72.1421890258789,7239400
2022-06-07,71.76766981728333,72.8455096112897,71.48451081873766,72.58975219726562,5517100
2022-06-08,72.06911822355468,72.86379223802776,71.48452771932703,71.67634582519531,5178300
2022-06-09,71.21964188280434,73.32051206041449,71.00042216185139,72.07826232910156,13248100
2022-06-10,70.3518718027522,71.05521176931684,69.10962230886645,69.1187515258789,8694300
2022-06-13,66.76210916742485,67.60246394401399,65.68427630678165,66.0953140258789,9282800
2022-06-14,66.54290163367484,67.44718896169402,65.33718287335982,66.04965209960938,7635600
2022-06-15,66.90825609672825,68.75336807910121,66.78037739343839,67.76687622070312,7682300
2022-06-16,66.15927359905666,66.3236901307129,64.2593507818887,64.80740356445312,10147000
2022-06-17,64.92613789229979,66.16839429194326,64.64297189533633,65.64774322509766,9824300
2022-06-21,66.73469725013717,66.83517436038146,65.79387246227346,66.64335632324219,7872500
2022-06-22,66.1044647947091,67.42892615410898,65.96744986849254,66.95394897460938,6702200
2022-06-23,67.46545383791585,68.83558895733921,67.14575703715725,68.68943786621094,6586400
2022-06-24,69.10963385810294,71.38405670165812,69.00915670323107,71.34751892089844,18012000
2022-06-27,71.24703003131215,71.64893858460346,70.58022783779411,70.9547348022461,6672200
2022-06-28,71.60326428383233,72.97339947023383,69.59373546465733,69.73074340820312,7206400
2022-06-29,69.61201108787141,70.47063149411585,69.0913599193521,69.8129653930664,8983900
2022-06-30,69.42932217212507,70.22399615688734,68.38801993984687,69.77642059326172,6781100
2022-07-01,70.08697408605767,72.58975202001061,69.91342142602217,72.39793395996094,7539200
2022-07-05,71.2653016983758,72.6628455718352,70.66244578431656,72.63543701171875,8087800
2022-07-06,72.91858397508042,73.503174331684,71.41143413085973,72.03256225585938,4652800
2022-07-07,71.9868968436803,72.7541761332943,71.58499528137543,72.37966918945312,5395600
2022-07-08,71.87729746913391,72.73591082059134,71.49365430266542,72.41621398925781,3927100
2022-07-11,72.02344260397415,72.20613148788931,70.726382888084,71.15569305419922,5351500
2022-07-12,71.5758541288675,72.5623530175399,70.68069618124987,71.02780151367188,5393400
2022-07-13,69.41105018160856,71.74028290650124,69.17356508793499,71.17395782470703,3897500
2022-07-14,70.41581733099332,71.5850053156685,70.1600598548942,71.42971801757812,4504500
2022-07-15,71.80422403858495,73.26570028849171,71.80422403858495,72.7267837524414,5584100
2022-07-18,73.10128480449325,74.59929885285656,73.07388321330723,73.28397369384766,6768800
2022-07-19,74.0877822207895,75.5127206811069,73.90510030444516,75.40311431884766,5949200
2022-07-20,75.33917728669888,76.2434646477119,74.80025376970056,76.06077575683594,6850600
2022-07-21,75.76846489962969,76.37132766208843,75.49444207303978,76.30738830566406,7695300
2022-07-22,76.87371588398827,77.1203371331038,75.66799031850256,76.35305786132812,6283600
2022-07-25,76.3530594543154,76.45353658686884,74.0238339414333,74.44400787353516,5861100
2022-07-26,74.18825915063076,74.37094106644615,73.07388134509905,73.35704040527344,6587000
2022-07-27,74.19738459663718,76.18864785380049,74.09690746682277,75.77760314941406,6372600
2022-07-28,75.98769116951469,77.54050808622448,75.64972201920783,77.33955383300781,5594600
2022-07-29,77.27561647200461,77.6227218161104,76.66362448058395,77.44003295898438,5802700
2022-08-01,76.90111851976015,78.179905708719,76.75496743024055,77.55878448486328,7313700
2022-08-02,77.36697971533664,77.76888834798721,76.38048747799239,76.46269226074219,7254700
2022-08-03,78.56354621912627,80.3538551929421,76.64535853067125,79.7144546508789,12915700
2022-08-04,79.65966201614418,80.6370248752415,79.07507153792905,79.35823059082031,7086700
2022-08-05,78.33519425108564,78.69142882646946,77.56791495642753,78.30779266357422,4835100
2022-08-08,78.69144031340448,79.33997019835833,78.02463805486397,78.29866790771484,4878400
2022-08-09,78.31691732173405,78.39912904835083,77.14773653018105,77.49483489990234,3498400
2022-08-10,79.01111982736697,79.37649056138255,78.63661290856254,79.00198364257812,5072300
2022-08-11,79.8654983077085,80.42586179224566,79.46129985759687,80.16864013671875,5595700
2022-08-12,80.20539558470594,81.20670358871011,80.09516472785822,81.1240234375,5154000
2022-08-15,80.94031449536898,81.98754986574114,80.84845309611406,81.90487670898438,5601000
2022-08-16,81.55579144853654,82.61221503379964,81.33532269437109,82.1253433227539,4580800
2022-08-17,81.20670079605227,81.7578760870592,80.7106409315738,81.1607666015625,3831300
2022-08-18,80.86679211196305,81.55576285971951,80.54527383139127,81.344482421875,3428300
2022-08-19,80.62796208064994,80.8116918529915,79.5072420079503,79.84712982177734,4597700
2022-08-22,78.43244004899026,78.58861210351368,77.47706628368215,78.03742980957031,5915200
2022-08-23,77.94556841917957,78.6437275184557,77.697541993799,77.79859161376953,4560400
2022-08-24,77.86290462551617,79.44294577261441,77.60568992874666,79.04793548583984,4386000
2022-08-25,79.32351864938863,80.49936125315173,79.2775914590204,80.27889251708984,4236300
2022-08-26,80.38912660870406,80.83006406009054,77.12799487721605,77.21985626220703,6674900
2022-08-29,76.42983567416687,77.77103852653556,76.2828588600148,77.27497863769531,5035500
2022-08-30,77.33009736143427,78.1017414378995,75.96134374470921,76.62275695800781,6812500
2022-08-31,77.04531928906921,77.86289750412817,76.8432200433559,77.22904205322266,6570100
2022-09-01,76.88914935019015,78.51512459293575,76.18180897926412,78.45082092285156,7556800
2022-09-02,78.51512154511508,78.79070568824629,75.83272997062285,76.19099426269531,10336800
2022-09-06,76.31041041254457,77.7342862937877,75.02433010183687,77.64241790771484,11062800
2022-09-07,78.18441711198872,81.4088028376967,78.00987557721407,81.1240234375,9946800
2022-09-08,80.19621783569103,82.19882692210881,80.06761049139972,82.18045043945312,7721100
2022-09-09,82.21719270117549,82.63057243088016,81.42717218827713,81.47310638427734,7094600
2022-09-12,82.46521838837756,83.02558193333455,81.33531006620638,81.82218170166016,9078900
2022-09-13,79.66342471155826,82.03348673566765,79.06631508413254,80.6922836303711,16033600
2022-09-14,82.28148928285897,85.87332723659274,82.2263738592657,85.15679168701172,24320600
2022-09-15,84.59645521361618,85.57020572917521,84.26575555782505,84.71588134765625,11052400
2022-09-16,83.73292127493859,84.60561483881101,83.27360739741131,83.87989807128906,11987600
2022-09-19,83.49408728366976,85.01901292550177,83.43897185372505,84.64237213134766,6287000
2022-09-20,84.20144582134762,84.53214545336878,82.76838137590383,83.40223693847656,6560000
2022-09-21,83.86153781100019,84.07281829306781,81.36286892143549,81.39042663574219,8806800
2022-09-22,80.83926009102309,80.85762956636165,77.51382436873716,77.80778503417969,9953000
2022-09-23,77.07286593713009,77.56892573941185,76.45738705615156,77.32089233398438,7153200
2022-09-26,77.44950720813425,79.02954813801645,77.4219494956367,77.90882110595703,7583500
2022-09-27,78.97444232977104,79.46131399937792,76.4022813853208,77.42195892333984,8628800
2022-09-28,77.78942391641908,80.36158527182171,77.39441357273745,80.02169036865234,7850800
2022-09-29,79.7460958978674,80.23296762541277,78.64374508110717,79.52562713623047,6881500
2022-09-30,79.52561550712487,79.6450346087622,77.30253771354833,77.4035873413086,7737500
2022-10-03,77.85371478522613,79.20409892411175,76.98102108073903,78.65292358398438,6739900
2022-10-04,80.00330512519922,81.71195367980103,79.79202462064609,81.3077621459961,5982400
2022-10-05,80.59122319509983,83.26442655535985,80.42586990415572,82.7867431640625,7980800
2022-10-06,82.85104246609063,83.50326735472777,81.99671834266404,82.07939147949219,6893800
2022-10-07,81.33531117671528,81.66601776542073,79.27758674255027,79.94818115234375,6606400
2022-10-10,79.9298265879772,80.44425604032922,79.12142943876614,79.97575378417969,5092400
2022-10-11,79.65421440524678,80.10434005754655,78.67128295552959,79.19490051269531,5531300
2022-10-12,79.92061995964421,80.8943632014663,79.37863291253917,79.80120086669922,5261900
2022-10-13,78.16603773917153,82.6489459804944,77.81696169110707,82.09777069091797,7616600
2022-10-14,82.68570907969762,83.31955764028484,79.22247755982582,79.34190368652344,6315200
2022-10-17,80.74739533704155,81.95998390760448,80.66471518002088,81.66602325439453,6255300
2022-10-18,82.77755377026745,83.10826034754919,80.91274040916842,81.72113037109375,5484400
2022-10-19,81.19752427254956,81.87730699593419,79.92982021944172,80.3983154296875,6473400
2022-10-20,80.22376675789148,81.05053317241114,79.43374629608091,79.72770690917969,4540700
2022-10-21,79.92062106250145,81.7303190056334,79.51642257530371,81.39961242675781,9088800
2022-10-24,79.82875011819385,80.3891135870161,75.72248309621611,76.94425964355469,16499300
2022-10-25,77.25659819474474,79.00199245297885,77.25659819474474,78.27627563476562,10674000
2022-10-26,78.64373288734308,81.05054044133564,78.524313786759,78.90094757080078,9987000
2022-10-27,79.1214160907395,79.36944954097639,77.23823315832068,78.34058380126953,9524600
2022-10-28,78.23952971719335,80.64633712775257,77.44950923161186,80.01248168945312,8284900
2022-10-31,79.55318696107435,80.44425728235299,78.9560773326177,79.54399871826172,7401100
2022-11-01,80.89436355528441,81.64763808705118,79.53479830700978,80.01248168945312,6219600
2022-11-02,80.16866002046493,81.37206742943292,77.65162133996908,77.69755554199219,7653200
2022-11-03,77.22904227929907,78.51512265786057,76.21855305634867,77.7894058227539,8855100
2022-11-04,84.49540022838944,85.9835729920239,83.15419728077023,84.38516235351562,20194300
2022-11-07,84.21061666921344,84.84447215361081,82.01509658127348,83.08988952636719,10190200
2022-11-08,83.52163771894884,86.14891378213012,83.52163771894884,85.20272827148438,9675500
2022-11-09,84.63915587425599,85.55382220924673,84.3896969336242,84.65763092041016,6271200
2022-11-10,86.7456477297301,89.08313185255703,86.22826194569485,88.93531036376953,10408400
2022-11-11,89.39727474318767,91.16193406858336,89.22173009579961,89.9700927734375,8294400
2022-11-14,89.73911559147405,91.06030334305196,89.3326011632717,90.00704956054688,8521100
2022-11-15,91.38367053222707,91.9564885225509,89.88693823242161,90.38584899902344,6410000
2022-11-16,89.17554103184399,90.50596997160508,88.9353301779404,89.6836929321289,5348900
2022-11-17,87.96520699829125,89.62824284082866,87.86357663853325,89.5912857055664,5245600
2022-11-18,90.31194071551337,90.86628369888139,89.73911563834947,90.49671936035156,5964800
2022-11-21,89.60977118374886,90.99563219762804,89.34183720853646,90.83856964111328,4499200
2022-11-22,91.00487403825487,91.2173758303982,90.09944173312991,90.94020080566406,5398600
2022-11-23,90.99561188480428,92.46462789699369,90.79235118699235,91.94723510742188,5944900
2022-11-25,92.0581366989873,92.27987251076667,91.02335782925958,91.98422241210938,2320000
2022-11-28,91.45757874432245,92.53855560806825,91.06029833600465,91.15269470214844,5257300
2022-11-29,91.42986265402055,91.77171088173455,90.72769115467565,91.15269470214844,4423900
2022-11-30,91.51302958184593,94.75593943787439,91.02335274527077,94.42333221435547,15000800
2022-12-01,94.5434309594453,95.67983293409777,94.19234169178604,95.5042953491211,7452300
2022-12-02,94.25703491416722,97.50919308437548,94.07225624377435,97.05648040771484,7916900
2022-12-05,95.52277234405732,96.30809211594615,95.16244907167476,95.67060089111328,9285800
2022-12-06,95.92005087265696,96.26189909438202,93.72115414470777,94.31245422363281,8383000
2022-12-07,93.58257838359846,95.13474304765742,93.37007658693366,94.11844635009766,4194300
2022-12-08,94.92224584426909,96.00322287695792,94.60812070661629,95.84615325927734,5465100
2022-12-09,95.5597403106564,95.62441354510956,94.00757563492654,94.0445327758789,7999600
2022-12-12,93.43475764237995,95.02387958013973,93.14834858924455,94.88529205322266,5796000
2022-12-13,96.84396749930198,97.19504975237368,93.30540068067184,94.34017944335938,7066000
2022-12-14,94.5341984337931,95.4396307254903,93.03746601036227,94.41409301757812,5624000
2022-12-15,93.50866841571907,93.82280060151587,91.88258939530161,92.38150024414062,7244400
2022-12-16,91.72552418103758,91.96574207514682,90.56139890065867,91.30976867675781,13862300
2022-12-19,90.94021193904776,91.29129423768582,90.29347953396329,90.82010650634766,5771100
2022-12-20,90.71845234257682,91.07877559508482,89.86845234159513,90.54290771484375,4533500
2022-12-21,89.36032491663575,91.53150589834266,89.01847664081562,91.16194152832031,5566300
2022-12-22,90.9586811965572,91.06031157500864,88.8521734411163,90.3211898803711,4756900
2022-12-23,90.16411636707122,90.8200967992138,89.50814298378243,90.79237365722656,3944500
2022-12-27,91.06952946045693,91.89180627780821,90.73692231536513,91.6515884399414,4402500
2022-12-28,91.84563692923274,92.30759062375937,90.90324744504021,91.0972671508789,3491500
2022-12-29,91.46683989122015,92.9912886325114,91.16194873319097,92.1782455444336,3976100
2022-12-30,91.64235444341553,91.69778661798006,90.7646384026474,91.6515884399414,3988900
2023-01-03,92.90812619785372,93.4717102776394,91.90107051194906,93.15758514404297,6607700
2023-01-04,94.87605477356362,96.7608267474481,94.74670829927437,96.51136779785156,8166600
2023-01-05,96.53907476219091,97.10265879637271,95.61516743387365,96.483642578125,5575100
2023-01-06,97.3613396594498,98.85807188349716,97.01949850158563,98.57166290283203,9644100
2023-01-09,98.41458842104852,98.56241695135837,96.4836258236291,96.77003479003906,10124800
2023-01-10,96.41896617923477,98.33145400406222,96.24342153698892,97.93417358398438,4183600
2023-01-11,97.75862983200606,98.34069594628906,96.88092071049026,98.21134948730469,5634400
2023-01-12,98.20211475831044,98.34070227295342,97.16733597101057,97.79559326171875,4882000
2023-01-13,97.07495139629557,99.13526802441648,97.07495139629557,99.07059478759766,5529700
2023-01-17,98.81189199973146,99.41243320971289,98.22059183727853,98.62711334228516,7477200
2023-01-18,98.98743806233563,99.29232919541454,96.92712851205974,97.0102767944336,5725800
2023-01-19,97.01027333882304,97.65700567487369,96.30810176764393,96.32658386230469,5115800
2023-01-20,96.45594099577457,97.19506274030094,95.98474621377287,97.0472412109375,6543500
2023-01-23,97.04724192216104,98.75646933941935,96.45594170266469,98.12821197509766,6320500
2023-01-24,98.30375399302636,98.73799162191573,97.38908759210577,98.5254898071289,5517200
2023-01-25,97.98962228303176,98.98744402474513,97.84180075584523,98.8396224975586,5416900
2023-01-26,99.13525001830266,100.52111088315021,98.91350720475299,100.4841537475586,6324100
2023-01-27,100.4656799421431,101.40806935532905,100.09611560459672,100.72437286376953,6851100
2023-01-30,100.02221907710639,100.58580316616798,99.24613318034363,100.15156555175781,6880700
2023-01-31,100.02220733008157,100.84448427187436,99.32003580097249,100.83524322509766,5816300
2023-02-01,100.6781849274882,102.35045497319857,99.76351862584673,101.62056732177734,5841200
2023-02-02,101.66677473179095,102.3966624494263,99.78200272337578,100.84449768066406,9852900
2023-02-03,96.62223358288571,98.34070183963738,95.19941539993789,96.36354064941406,15200500
2023-02-06,96.08637271097271,98.09125014215931,95.43964032957518,97.02875518798828,6392200
2023-02-07,96.85321215988537,99.20917174526167,96.6037532203837,98.7010269165039,6207500
2023-02-08,98.22982453193674,98.43308526715599,97.61080832838965,98.21134948730469,5557500
2023-02-09,98.1742276734569,98.99133774596316,98.0535133203058,98.47135925292969,5608400
2023-02-10,97.97920909113489,99.59486837333831,97.93278649734064,99.43701171875,6298600
2023-02-13,99.77128213371601,101.14551979474261,99.61343256872972,100.76481628417969,5192400
2023-02-14,100.21699042514102,100.71840121387402,99.07488689233121,100.26342010498047,5109400
2023-02-15,99.81772011573162,101.21052551269531,99.59487323578631,101.21052551269531,4059100
2023-02-16,100.05913764851906,101.30337368567139,99.73415115255945,99.8548583984375,4596800
2023-02-17,99.11202285420688,99.78057052958216,98.63847415429446,99.44629669189453,6876400
2023-02-21,97.96063904444271,98.37847779911431,97.22709407258724,97.2920913696289,5438000
2023-02-22,97.87708419676503,98.36920765130647,96.92997253194866,97.2828140258789,7523700
2023-02-23,97.96992775562758,97.96992775562758,95.2957370192774,96.11285400390625,6857900
2023-02-24,95.31432983674317,95.37932714703804,93.61510533080865,94.33936309814453,6019700
2023-02-27,95.01718410320191,95.91786604318708,94.85004717532658,95.11932373046875,5235100
2023-02-28,94.70148213288154,95.59287676029592,94.61791720726836,94.7943344116211,5186500
2023-03-01,94.88720104933198,95.01719566636872,93.69867478832437,94.18151092529297,5382200
2023-03-02,94.04221059840914,95.79714467003667,93.72651147127671,95.6485824584961,4777600
2023-03-03,96.01071812162542,97.20853158825614,95.64858929266433,97.07853698730469,4882100
2023-03-06,96.98568026820557,98.369205405401,96.97639999943821,97.48709106445312,5237100
2023-03-07,97.48708916459083,98.12778190578355,95.75072965953443,95.95500183105469,3976300
2023-03-08,95.54644209215155,95.6578619788929,94.4600556913803,95.1750259399414,4225500
2023-03-09,95.39788081311303,95.40716816584644,92.81654931883348,93.13225555419922,5732300
2023-03-10,93.42938307615363,94.0050714057887,91.9530057585518,92.27799224853516,6641900
2023-03-13,91.84159347230407,93.03939990826113,91.34018266730646,91.99944305419922,6408200
2023-03-14,92.95584542630094,93.20654731487836,91.43304521819041,92.352294921875,6248800
2023-03-15,91.36803248615131,92.26871441369683,90.32806860660429,92.24085235595703,6603300
2023-03-16,92.05514676611922,93.51294940097476,91.95300714142066,93.25296020507812,8188600
2023-03-17,91.99016005528227,92.19443932819213,90.84805643136588,91.64659881591797,10189700
2023-03-20,92.01800619330481,93.05797008087659,91.86015661909977,92.71440887451172,4864000
2023-03-21,93.32725519212246,93.95866063101445,92.98369395425438,93.35511016845703,4743700
2023-03-22,93.49438564184524,94.22793066580833,91.98086591380228,92.03658294677734,5917700
2023-03-23,92.24085659718067,92.97440163288755,90.55091964282263,91.38660430908203,6879200
2023-03-24,91.2009046185979,91.39589653709675,90.24451264893332,91.31232452392578,4685400
2023-03-27,91.85087342982874,92.59370582379003,91.53517426710877,91.60945892333984,6022200
2023-03-28,91.12662321601742,91.84160069357661,91.07091326136228,91.66517639160156,4709800
2023-03-29,92.2315689129138,93.4943796216923,91.68372847634451,93.42938232421875,4946600
2023-03-30,94.19078030479123,94.43219478511897,93.45723534339398,94.07935333251953,4082600
2023-03-31,94.56219486758522,96.82782717943357,94.56219486758522,96.68854522705078,6900100
2023-04-03,96.62354880041904,97.44066581688988,96.26141997145562,97.35709381103516,3855400
2023-04-04,97.35709554866145,97.50566485764396,95.9642901557359,96.56784057617188,3854400
2023-04-05,96.54926646009469,98.14634391917937,96.50283678311717,97.40351867675781,5170900
2023-04-06,97.40352088684119,97.64494246108875,96.5864038922108,97.1992416381836,3155700
2023-04-10,96.14998985699711,97.32922849292665,95.70428906954835,97.25494384765625,3761600
2023-04-11,97.55208158165593,98.7963246748793,97.42208698620823,98.18348693847656,4010600
2023-04-12,98.64775270076039,98.96345891269982,97.82135547316965,98.0534896850586,4606000
2023-04-13,98.77775390564193,99.56701594624292,98.6570466576812,99.34416198730469,4367600
2023-04-14,99.26988517993036,100.43983659454506,99.21416814768122,99.78986358642578,3963300
2023-04-17,100.24483773723755,100.88553043234351,99.87342157943448,100.56982421875,4780700
2023-04-18,101.08981991146997,101.42409377892977,100.03128835923886,100.19842529296875,5300500
2023-04-19,99.99413756665358,100.15198713398779,99.42772951052577,99.50201416015625,4617800
2023-04-20,98.60134471107037,99.89201055357779,98.60134471107037,99.39988708496094,4297200
2023-04-21,99.63202244062823,101.00625322668962,99.03775933030303,100.45841979980469,4522800
2023-04-24,100.45842330828806,101.47981262207031,100.31914133727791,101.47981262207031,5940700
2023-04-25,101.1269581589439,103.16973652506101,101.05267350602253,101.5262222290039,8747100
2023-04-26,101.21982051732357,104.30256307894386,101.21982051732357,103.50402069091797,8081600
2023-04-27,103.42972465055662,104.81324264700184,103.23473275179651,104.69253540039062,7618500
2023-04-28,104.38611576043076,106.14104992061903,104.26540851470182,106.12248229980469,5979300
2023-05-01,106.0853400341831,107.22744352970597,106.0853400341831,106.37318420410156,6495900
2023-05-02,106.30818181525257,106.3731791112892,104.78538195024514,106.28032684326172,9626400
2023-05-03,101.28481242832257,101.87907551089182,96.38213845503881,96.53070068359375,24388600
2023-05-04,96.81853569146065,98.11848871788496,96.3821293160904,97.23638153076172,8858100
2023-05-05,98.00707147381213,99.79914795306233,97.84921481869972,99.5484390258789,7813800
2023-05-08,99.78986304049907,100.39341344997906,99.28845225804682,99.51129913330078,6090700
2023-05-09,99.34417196662777,99.52059626413244,98.79633853526609,99.08418273925781,3682400
2023-05-10,99.50203160256022,100.38413894798721,98.12779368019281,99.32560729980469,4565000
2023-05-11,99.32559744793491,99.62420849775211,98.09382597750789,98.56973266601562,4791700
2023-05-12,98.69103924814043,99.12029214888567,97.82319984983312,99.0269775390625,5175600
2023-05-15,99.01764842806698,99.62420409856902,98.5510682383652,99.51222229003906,4217000
2023-05-16,99.29760943678893,99.43757781230278,98.16847899834822,98.24313354492188,3676600
2023-05-17,98.87768261639444,99.41891739804288,97.93518854758587,98.625732421875,4757300
2023-05-18,98.37376048988617,99.97879740002344,98.16846407773629,99.93213653564453,5377500
2023-05-19,99.84816304849514,99.98813853273327,98.28045328781558,98.45775604248047,4985200
2023-05-22,98.46708492481547,98.63505408611283,95.90089375576908,96.02220916748047,7504300
2023-05-23,95.29434761968005,95.31300769610333,93.39069944929028,93.63331604003906,6766300
2023-05-24,94.06257347195309,94.07189995017838,92.48553007909791,92.95211029052734,6134800
2023-05-25,92.10292234757469,92.28955868650887,91.19776280167531,91.86030578613281,8177000
2023-05-26,92.03760477428789,92.95210506988435,91.75766093482265,91.94429016113281,7276500
2023-05-30,92.28023296874731,92.34555391308939,90.80583780279855,91.2164306640625,6505400
2023-05-31,91.47770913220681,91.52436999807831,90.49789502394242,91.11377716064453,10377100
2023-06-01,91.06710621163882,91.6643353269836,90.06862501980025,91.00178527832031,6752200
2023-06-02,91.73900874521603,92.99878114692623,91.62703403889496,92.84947204589844,6221400
2023-06-05,93.35335773676452,94.12788249833508,92.84945031789144,93.2507095336914,6536500
2023-06-06,93.0734069414749,93.6239752242136,91.01112351922784,91.6550064086914,8657100
2023-06-07,91.96295662028602,92.2522340545889,91.06711640670243,91.37506103515625,6285600
2023-06-08,91.12311702695169,92.55085133968505,90.44190678338299,92.52285766601562,6877800
2023-06-09,92.19625779323731,92.34555976714864,91.1137882247201,91.41239929199219,5550800
2023-06-12,91.41238710975766,91.9256281504755,91.0017942771834,91.87896728515625,6705800
2023-06-13,91.92563323820605,92.82146637021845,91.92563323820605,92.62550354003906,5137900
2023-06-14,92.90545593867772,94.58514766542923,92.5601911144479,93.93193817138672,9279500
2023-06-15,94.56647064260959,95.17302632088028,93.93192841115882,94.60379791259766,6448200
2023-06-16,95.19169993848224,95.65828016564153,94.69712603680529,95.0610580444336,11709200
2023-06-20,95.05170503752439,95.63959344070047,94.15587203863556,94.50113677978516,5506400
2023-06-21,93.87594028055743,95.61161929514589,93.65198376496677,95.0610580444336,5508800
2023-06-22,94.64113888620997,94.84643534114598,92.98011428820024,94.10923767089844,6125500
2023-06-23,92.98943563141489,93.06409017236163,91.00179941553934,91.7669906616211,18770100
2023-06-26,91.76697060086136,92.16822977142148,90.96445937918844,91.6643295288086,6069000
2023-06-27,91.81363743669917,92.43885310240096,91.19775536704529,92.12158203125,5034100
2023-06-28,92.04693745834507,92.04693745834507,90.79650599168414,92.0189437866211,6581900
2023-06-29,92.01893809673673,92.2242345026163,91.43104966853915,92.08425903320312,5113500
2023-06-30,92.75614389532689,92.81213124032548,91.95362539291952,92.4388656616211,6229900
2023-07-03,92.1309319957455,92.91478333628575,91.68301185868745,92.52285766601562,3287000
2023-07-05,92.52285020542982,92.69081935335124,91.72033173418836,91.87896728515625,6365400
2023-07-06,91.31906907279708,91.51503188477926,89.49940930478523,89.77001953125,7153300
2023-07-07,89.57407144858897,90.19929437375912,89.16348568335037,89.63006591796875,7889500
2023-07-10,89.86334258627419,92.87744646392454,89.79802164798156,92.50418090820312,9294600
2023-07-11,92.79346066787451,93.53065814457175,92.5135097356535,93.40000915527344,5268000
2023-07-12,94.64111314396993,95.02371227309334,94.02523106613074,94.37982940673828,6971900
2023-07-13,94.72512389217393,95.36899979284676,94.5291610424518,94.8091049194336,4511700
2023-07-14,94.96772235881078,95.25700689839779,94.23985845043043,94.81842041015625,3939800
2023-07-17,94.09057666854615,95.00506998861334,93.35337900554111,94.18389129638672,5244500
2023-07-18,94.00657847126134,94.64112783997815,93.18539986681269,94.0252456665039,5989000
2023-07-19,93.89459662272785,95.16369526345474,93.89459662272785,95.02371978759766,5556200
2023-07-20,94.97706040948746,95.630276933898,93.96924551087595,94.13721466064453,5466100
2023-07-21,94.99573503184114,96.62876579139032,94.81843227115208,95.94755554199219,20370300
2023-07-24,96.00353953079885,96.49812052386639,95.48097198425063,95.91022491455078,4746600
2023-07-25,95.58361645180031,96.8340479233043,95.49030183920948,96.04086303710938,5627500
2023-07-26,95.37831764006638,95.80757054277615,94.5291454315064,94.93040466308594,6568300
2023-07-27,95.21035770512647,95.583623301688,93.81995065537006,94.04390716552734,5373400
2023-07-28,94.71576534318336,95.02370993424736,94.07188249267638,94.48247528076172,5320700
2023-07-31,94.53847372523865,95.0237210989801,94.11855441132072,94.78109741210938,6377400
2023-08-01,94.68777646768761,94.9117329455032,93.68929523476004,94.49181365966797,7784300
2023-08-02,93.78261633482323,97.4779305121899,92.65349315169301,95.30366516113281,14463100
2023-08-03,95.15437233699613,96.02221184128997,94.66912491553656,95.49031066894531,5547500
2023-08-04,96.07819667469104,96.25549943398035,93.8012829554143,93.95059204101562,5199200
2023-08-07,94.64112437469099,95.05171722160594,94.19321137755533,94.93973541259766,5222700
2023-08-08,94.45449328735084,94.64112251257721,93.21338829319457,93.96924591064453,4058400
2023-08-09,94.24920136455603,94.7904361107628,92.82146707705625,93.24138641357422,4494300
2023-08-10,94.32024854928304,96.03704013451232,94.18891000633353,95.37096405029297,6844200
2023-08-11,95.12704051545367,95.12704051545367,93.94498654642919,94.74240112304688,3180600
2023-08-14,94.26396582542803,94.95818488405476,94.00128157325871,94.76117706298828,3239300
2023-08-15,93.93560224769537,94.42343722067922,93.60725591438698,93.8511734008789,3203700
2023-08-16,93.44778156272939,93.89808309493772,92.77232210700309,92.85675811767578,3679500
2023-08-17,92.8755045872357,92.96931679675033,90.46449429990396,90.59583282470703,5291100
2023-08-18,90.07048396475234,91.45892192412309,89.864092797367,91.21501159667969,4126000
2023-08-21,91.29943552289902,91.53396962639572,90.211201004529,90.49263763427734,3753200
2023-08-22,90.5207856175473,90.75531973409208,89.68584473524095,90.12677001953125,3639800
2023-08-23,90.45511922110923,90.58645775794827,88.19421398773999,89.29183197021484,9704500
2023-08-24,88.88842545728497,89.71398292707978,87.91276272530227,88.9634780883789,7824500
2023-08-25,89.62955096834033,90.02356653176257,88.6632716381994,89.5732650756836,5360400
2023-08-28,90.00481734241909,91.18686416912706,89.90162175569505,91.0367660522461,5098900
2023-08-29,91.33697015866439,93.09128798929741,91.31820342052391,93.0162353515625,5512300
2023-08-30,92.89427106074714,93.55097089091527,92.875511480417,93.10066223144531,4212200
2023-08-31,92.87552389447383,93.1851106919015,91.26192778869668,91.41203308105469,5624500
2023-09-01,92.31262630442981,92.6409726240197,91.03676018481231,91.93737030029297,4747100
2023-09-05,91.4870541008223,91.75911450239559,90.61458700522948,90.84912109375,5414300
2023-09-06,90.4551159561929,90.57707827700804,89.47007696545444,90.01419067382812,5428400
2023-09-07,89.58265428640019,89.89224105576452,89.14172897683528,89.21678161621094,6404100
2023-09-08,89.35750005605138,89.92038051468558,88.88843181428733,89.3856430053711,4754700
2023-09-11,89.73275104076221,90.27687188842508,89.32935208920703,89.75151062011719,5577500
2023-09-12,89.59204344664406,90.53956339711907,89.31059960950049,90.28626251220703,5007600
2023-09-13,90.24872807033711,91.28068394207487,90.098629952802,90.9335708618164,5830200
2023-09-14,90.78345798087496,91.73097776671595,90.29563019299006,91.14933776855469,6039700
2023-09-15,91.23377443568606,91.44016561044394,90.10801350098745,90.2768783569336,8767600
2023-09-18,90.34253649210692,90.97108615056388,90.14552155327107,90.77407836914062,4477500
2023-09-19,89.31997452352287,89.56389201546155,88.438123930877,89.39502716064453,6803000
2023-09-20,89.54512457100864,90.64274969736621,89.16987570318774,89.2730712890625,4572100
2023-09-21,89.27306578361053,89.4231638899997,87.2748306143695,87.34049987792969,6108800
2023-09-22,87.65009416905812,88.50379466890182,87.59380826898878,87.88462829589844,5118900
2023-09-25,87.14350664797824,87.6876275840581,86.54309980727429,87.0027847290039,4818800
2023-09-26,86.30855560302734,86.76824047118514,85.5392839806882,86.30855560302734,6086600
2023-09-27,86.74009649309036,86.99339734620212,84.78877093265363,85.52989959716797,4731500
2023-09-28,85.52989392838994,85.73628508171635,84.62928384266696,85.44546508789062,4736300
2023-09-29,86.88082493844092,87.30298351554272,85.22031926602456,85.62371826171875,7700200
2023-10-02,85.41731750772757,86.06462672201486,85.17340005271704,85.49236297607422,6430500
2023-10-03,84.90134638174614,85.43608385719101,83.69114953575767,83.94445037841797,6666600
2023-10-04,84.32908498401333,85.77381597703544,84.25403235017535,85.51113891601562,6166100
2023-10-05,85.50175160614542,87.29359558001154,85.50175160614542,86.6556625366211,7548600
2023-10-06,86.30855769929997,87.56565716936174,86.00835430664242,87.10597229003906,6979300
2023-10-09,86.73070528116665,87.04967537153394,85.7738093248899,86.94647979736328,4120700
2023-10-10,87.20916668967163,88.15668654254306,87.12473784167399,87.41555786132812,4974800
2023-10-11,87.51874126199036,87.83770418656806,86.16782262280861,86.26163482666016,4499200
2023-10-12,86.15845041611757,86.54308980637094,85.15464467430769,85.76443481445312,5485200
2023-10-13,85.63310051799341,86.36484585941196,85.41733312624878,85.82073211669922,4780100
2023-10-16,86.4680308003048,88.05348361639633,86.16782743676094,87.85647583007812,4595900
2023-10-17,87.01216320553166,88.36308209984978,86.89958424520059,88.35369873046875,6086700
2023-10-18,88.12853507031997,88.6820321067671,87.71575276692708,87.95028686523438,4110700
2023-10-19,88.53193200953508,89.74212878840336,88.34430044067226,88.5788345336914,5610800
2023-10-20,88.76648188374921,89.20740004478657,88.3161731958336,88.36308288574219,4699000
2023-10-23,88.11916569449104,89.15111445942065,87.51875888008058,88.3724594116211,4481000
2023-10-24,88.4475169576925,89.10421686809367,88.24112576177826,88.76648712158203,3600200
2023-10-25,88.48503310123256,89.46069590587099,88.1566867625113,88.18482971191406,5497300
2023-10-26,88.0065782539551,88.635135116302,86.87143400615417,86.93710327148438,6201700
2023-10-27,86.90896348211272,87.93153597360961,86.09278216270218,86.32731628417969,8293600
2023-10-30,87.35927007617752,87.9127671542007,86.9840140592159,87.38741302490234,7852700
2023-10-31,87.40616616893735,87.54688805961284,86.30854830501136,86.53369903564453,9308300
2023-11-01,86.14907728904218,86.17722023910962,84.94826370340817,85.69876861572266,14292500
2023-11-02,94.74240598337597,95.61487324094028,93.56973532306986,93.82303619384766,23396300
2023-11-03,94.39529718538125,97.35042143378405,94.28271822873779,96.29971313476562,15995700
2023-11-06,96.50610286180854,97.65062336214932,95.66177859318555,97.5943374633789,7532000
2023-11-07,97.78196914150077,97.93206725749248,96.93764487213059,97.2659912109375,6239500
2023-11-08,97.32227967784357,98.33546882782325,97.23785082738537,97.84764099121094,7453000
2023-11-09,98.38532217179619,98.53624509379311,96.244046091808,96.43270874023438,7607000
2023-11-10,96.78172226702894,98.4324826616309,96.1968860474291,98.41361999511719,7338500
2023-11-13,98.026859637524,98.31928492221682,97.12130058090466,97.6401138305664,7120800
2023-11-14,98.55512067766836,99.81912811014591,98.32872548641554,99.61160278320312,8323000
2023-11-15,99.668191008745,100.49828500175028,99.668191008745,100.01720428466797,7980200
2023-11-16,100.25302573272567,101.55477268997949,100.177560680792,101.13028717041016,8037200
2023-11-17,101.10198234777155,101.40383533718463,99.49838969090396,99.58328247070312,6341800
2023-11-20,99.243706539244,99.48896436580206,97.9702643421147,98.38531494140625,9799500
2023-11-21,98.52680242333798,98.743762652801,97.31939035522285,97.80990600585938,6149000
2023-11-22,98.25326786163112,98.74377638373227,97.42316655181355,97.5740966796875,4828700
2023-11-24,97.57408346641466,97.72500637710635,96.65908948113297,96.95150756835938,3206400
2023-11-27,96.4892829969178,97.24391183662614,96.28175772705666,96.55531311035156,7853600
2023-11-28,96.1780041002477,96.26290408075299,95.16868244508755,95.4422378540039,6848100
2023-11-29,95.75353540742434,95.92332818874914,93.8858148128516,94.18766784667969,8428500
2023-11-30,94.38574246806444,94.44234485021913,92.83874502836835,93.6688461303711,11442600
2023-12-01,92.91422268388264,93.64998898106789,91.9897937484808,93.57452392578125,12506500
2023-12-04,92.81045540253614,93.27266624880946,91.28232049455426,92.06525421142578,11477400
2023-12-05,91.8577232091829,91.95205811609465,89.47119687787243,90.1220703125,16027300
2023-12-06,90.50882857828327,91.6596455127484,90.05605262826863,91.51815032958984,12115000
2023-12-07,91.7351103596163,92.15958871137452,90.81068140227853,90.9710464477539,7858300
2023-12-08,90.63145767092033,91.36722395945058,90.3767649115099,91.13140106201172,7125200
2023-12-11,91.70680702685904,93.39529979045726,91.70680702685904,92.55577087402344,7639100
2023-12-12,92.85762371507293,93.00854662276569,91.9048972218637,92.58406829833984,6313800
2023-12-13,92.91420877712416,93.04626900573803,91.32947883701519,92.54632568359375,7741900
2023-12-14,93.12173470219481,93.18776481696439,91.64076738801201,92.29163360595703,9764800
2023-12-15,92.29164259591036,92.66896065852295,91.08423055294487,91.26345825195312,12466000
2023-12-18,91.72566704869602,91.80113209887926,90.4805225076456,91.084228515625,6146400
2023-12-19,91.4426852796022,92.48973947721164,91.4426852796022,92.17845153808594,5992900
2023-12-20,90.89557434270533,91.38608278218662,89.28254665565542,89.33914184570312,10057400
2023-12-21,89.68816544651501,90.0277509921635,89.11275700509641,89.92398834228516,7097200
2023-12-22,89.50894027323082,90.3956366893518,88.99012700917199,89.87682342529297,6361000
2023-12-26,89.93340964343248,90.26356743128906,89.57496145832975,90.24469757080078,3709500
2023-12-27,90.26357141919476,90.34846420491321,89.414607578293,89.8862533569336,4959300
2023-12-28,90.08434405777695,90.52769224283867,89.7164609247988,90.48995971679688,4518300
2023-12-29,90.44280479108187,90.88615303757035,89.94286134606106,90.56543731689453,6135700
2024-01-02,90.03717392680257,90.5088196932012,88.31095589130844,88.35811614990234,8859700
2024-01-03,88.63166822084634,88.89578868860595,87.78270443394548,87.94306945800781,7161700
2024-01-04,87.8204561269469,89.21653101422469,87.72612839597755,88.24494171142578,7118600
2024-01-05,88.03740531514255,88.27322821128507,87.23560890760673,87.71668243408203,7191000
2024-01-08,87.74496870211722,89.20707334813812,87.67893858759166,88.84862518310547,7536900
2024-01-09,88.30152026202045,88.41471783588779,87.59405161802184,87.81100463867188,6348500
2024-01-10,87.73554309338012,88.3769815914771,87.61291059433297,88.19775390625,5847700
2024-01-11,88.03741596261449,88.32983408623903,86.68850854566921,87.6695327758789,6483600
2024-01-12,87.94307625472084,88.10343409443348,86.56586422911946,86.76396179199219,5641200
2024-01-16,87.40540516141336,87.471435287093,86.52814366495858,87.44313049316406,7493400
2024-01-17,86.46211673112221,86.7450999101628,86.216858885225,86.56587219238281,6672900
2024-01-18,86.7450894843154,88.13172920486186,86.61302924395319,88.04682922363281,7549500
2024-01-19,87.89590734126364,88.89579408613356,87.38652903819495,88.53734588623047,9565900
2024-01-22,88.48075077741684,88.59394115815186,87.54688695589236,87.79214477539062,9421000
2024-01-23,87.75441096207818,88.33925430868784,86.56586160459423,86.75452423095703,10227100
2024-01-24,87.30162968293828,87.57517788003933,86.7733815583549,86.82054901123047,7661400
2024-01-25,86.99034746387237,87.3959631162436,86.51870169119618,87.35823059082031,11991500
2024-01-26,87.65064307005275,88.18831892870094,87.16956959429687,87.5374526977539,9229400
2024-01-29,87.7449851428906,88.60338398930375,87.00921881553309,88.48075866699219,12728100
2024-01-30,87.72610887749128,89.31083887411569,87.33935591079906,88.74486541748047,17625200
2024-01-31,92.70669837716004,92.7821634332582,87.74498248823537,87.7544174194336,26751800
2024-02-01,87.82045674430614,88.29210259921298,86.66021197141228,88.07514953613281,15001500
2024-02-02,87.43369927675721,88.30152580734318,86.47153783031929,87.71668243408203,11366600
2024-02-05,87.51859395299157,87.60349393974114,86.68849993148982,87.26390838623047,7335800
2024-02-06,87.25446519354834,90.27299516479006,87.11297002685883,90.24469757080078,11531500
2024-02-07,90.78238233286143,91.1785702777207,89.07502682545174,89.90512084960938,9078000
2024-02-08,90.24674697169019,91.75560804447575,89.13645748268581,91.66070556640625,9888100
2024-02-09,91.40449711052338,92.98927019286947,91.37602926018857,92.33448791503906,9385600
2024-02-12,91.97386121810375,92.1826350740988,90.51245146618066,90.59786224365234,9224400
2024-02-13,90.00950464156807,90.68327023901072,88.62401390372287,89.07952117919922,8138500
2024-02-14,89.27879406292735,89.64889051823585,88.97512499087829,89.26930236816406,5510600
2024-02-15,89.23136079980542,89.43064298971791,88.25392600354937,88.46269989013672,8878000
2024-02-16,88.34882125016819,89.37370728975527,88.01668426698068,88.46269989013672,5737500
2024-02-20,88.59554208377125,89.3167588875841,88.32034083968422,88.69043731689453,8844500
2024-02-21,89.07003195671547,90.88255493311472,88.98462117267339,90.17082977294922,8284600
2024-02-22,90.04745658849262,91.17672936615078,89.33573150812829,90.89203643798828,8124700
2024-02-23,90.98694530154508,91.98336345938287,90.702259570765,90.74021911621094,6845200
2024-02-26,90.49347567620545,90.69275783771047,89.44012193679158,89.46858978271484,7043800
2024-02-27,89.50655418965057,89.82920668775246,88.82329689018076,89.32624816894531,5356100
2024-02-28,88.98462283458706,89.17442055820156,88.03565593664308,88.25392150878906,5622400
2024-02-29,89.67736525094638,90.24674389976933,89.18390568597779,90.05695343017578,11221100
2024-03-01,89.62992267398437,89.74380131076936,88.16851998881351,88.40576171875,7995400
2024-03-04,88.3108489746014,88.55758237228137,87.34290601453714,87.74147033691406,7321000
2024-03-05,87.39985423583165,87.46628163241743,86.42241944033678,86.56476593017578,7137300
2024-03-06,86.68813111015932,87.33342893823455,86.46987276186464,86.97282409667969,4826900
2024-03-07,86.94434601122086,87.07720079194621,85.70119450580141,86.30853271484375,8792400
2024-03-08,85.9953851971857,86.8589413325796,85.97640180429529,86.41292572021484,7673300
2024-03-11,86.60273034411574,88.2159713461778,86.51731954939471,87.37139129638672,6702300
2024-03-12,87.30494400445609,87.98820124637594,86.55525937735192,87.68453216552734,9444900
2024-03-13,87.7699408110428,88.13055284307558,86.23261916725646,86.93485260009766,8254500
2024-03-14,86.45088105965333,87.02975143391353,85.79609883765418,86.98230743408203,8544800
2024-03-15,86.92535606979374,87.32392038193777,85.50190589210047,85.52088928222656,18136300
2024-03-18,86.11873748990159,86.76403520642486,85.90996363454964,86.36547088623047,7413900
2024-03-19,86.35597611772009,87.21004765920043,86.22312134905003,86.91586303710938,5676500
2024-03-20,87.10566778377039,87.90279646029389,86.84944268057178,87.87432861328125,5804400
2024-03-21,87.90279922327417,88.41524220573613,86.96332404211527,86.98230743408203,6287300
2024-03-22,87.05821470293779,87.0961742448321,85.46395014358842,86.08078002929688,6495000
2024-03-25,86.02384763984921,86.46986322418174,85.8530333147866,86.0428237915039,6903000
2024-03-26,86.3370116811303,86.35598783349683,85.6252865066784,85.74864959716797,6216100
2024-03-27,86.02384684545744,87.14362802385108,85.97639560669501,86.8304672241211,5863700
2024-03-28,87.10567004493235,87.53270224129199,86.64067830488966,86.72608184814453,6784300
2024-04-01,87.13412609011596,87.37136777596795,86.37494979937293,86.85892486572266,4990200
2024-04-02,86.4603721648786,86.58373525164883,84.6763170544564,84.74274444580078,8276800
2024-04-03,85.02742669934912,85.25517671181768,84.12591110496439,84.17335510253906,6316400
2024-04-04,84.58141809790772,84.78070028024032,83.13899158005337,83.14848327636719,8057600
2024-04-05,83.4141962069088,83.44266405695201,82.39880186178898,82.41777801513672,7161400
2024-04-08,82.5316512365296,82.9017477428783,81.95278085684723,82.74042510986328,6322900
2024-04-09,82.74042224350032,83.12949488847224,81.90532677909567,82.68347930908203,6240700
2024-04-10,81.91482581789435,82.43676052993483,81.23156846396617,81.56370544433594,7413900
2024-04-11,81.61114584355656,81.9053232385047,80.90891242978894,81.51625061035156,6841600
2024-04-12,81.06074900309329,81.14615978695862,79.98841903707839,80.58626556396484,8594800
2024-04-15,81.04176713914812,81.96226610458538,80.58625988407115,80.82350158691406,9676900
2024-04-16,80.49136658674976,81.79145375601107,80.11177840506362,81.06074523925781,8866800
2024-04-17,81.61114265074072,82.00970695863428,80.98482110401491,81.8104248046875,6870100
2024-04-18,82.02870322485616,83.15796894115222,81.65860670371096,82.70246887207031,11403300
2024-04-19,82.70246839586243,83.58500791967532,82.6740005467141,83.13899230957031,11900000
2024-04-22,83.58500588151875,84.08795717765632,82.88276516611647,83.67990112304688,8669000
2024-04-23,84.23977596047813,84.27773549962046,82.863777056767,83.38571166992188,5670500
2024-04-24,82.61705360514387,84.4011159591167,82.5126666699628,84.22080993652344,7183900
2024-04-25,84.9799938960413,85.15080823790439,83.20542308002163,83.35725402832031,7284600
2024-04-26,82.93969471954804,84.6952817446787,82.91122687568759,83.7463150024414,7185300
2024-04-29,83.73683195637193,84.08795229367938,83.37622716349253,83.8222427368164,8522800
2024-04-30,83.13897953443754,84.4485510743325,82.73092353257984,83.97406768798828,14538400
2024-05-01,71.95065419025896,73.06094348062896,68.96140766692018,70.64108276367188,66610700
2024-05-02,71.07761888371536,71.3148605974527,69.60671736252684,71.10608673095703,23883400
2024-05-03,71.42872407046903,71.65648130324674,69.26508103937286,69.37895965576172,22153800
2024-05-06,69.56876015878979,70.40385565285271,68.98988977860262,69.1796875,18632200
2024-05-07,69.13223154422955,69.13223154422955,68.13582072501745,68.80009460449219,21901300
2024-05-08,68.60082009969577,70.66956829251151,68.56286055376741,69.74906921386719,24482600
2024-05-09,69.81547463264518,71.89371386776354,69.34099131796361,71.81779479980469,18591500
2024-05-10,71.4666918418028,72.41565870090008,71.22945012702849,72.22586822509766,15761900
2024-05-13,72.33024927396731,72.91860404511146,71.9316849631841,72.29228973388672,10953600
2024-05-14,72.33974877662453,72.81423221877989,71.66597591752631,71.7703628540039,10961100
2024-05-15,72.02658206813612,72.14994514657755,71.47617958270422,71.83678436279297,8826500
2024-05-16,71.89416549175233,72.23838603460862,71.19616069791266,71.98021697998047,10758500
2024-05-17,71.97065707536635,74.58099511414936,71.63600022295115,74.43756866455078,14436500
2024-05-20,74.27502179805231,74.88696783860492,73.34753902862882,74.14115905761719,11183800
2024-05-21,74.16027279500055,74.79134619841,74.10290513831664,74.31326293945312,8916600
2024-05-22,74.29413571846693,77.46860827445484,74.04553767553789,77.1817626953125,22072200
2024-05-23,76.58893452540516,77.1626329614251,74.23676583124339,74.87739562988281,15841300
2024-05-24,75.05908040599947,75.74752154634564,74.6861760041407,75.4128646850586,10746200
2024-05-28,75.33636183160745,75.34592553950682,74.01685464538996,74.08378601074219,8833300
2024-05-29,73.7204362289061,74.88696053461305,73.46227448180986,73.51007843017578,9268100
2024-05-30,73.72043827542602,75.4224135378968,73.68219073868859,75.30767822265625,9294200
2024-05-31,75.61365266044304,76.80886085008721,75.16425321394132,76.70368194580078,12669700
2024-06-03,76.18734618277325,78.52039475177726,76.12997852778835,78.48214721679688,12443400
2024-06-04,78.37696975692597,79.77297198194425,78.3100383932255,79.16102600097656,12370000
2024-06-05,78.84549787415727,78.88374541399709,77.41124795753913,77.60248565673828,11275300
2024-06-06,77.59291463935145,79.29488987956246,77.37299312973052,77.89888763427734,9237800
2024-06-07,78.0423154560993,79.00803840707921,77.07658521014764,77.86064147949219,10852600
2024-06-10,77.91802206853868,78.26224266293548,77.29651225671263,78.02320098876953,8698600
2024-06-11,77.37298810284746,77.42079934378059,76.25427509673546,76.38813781738281,9024300
2024-06-12,76.48375961042422,76.66543358769647,75.70926704621607,75.90049743652344,8873400
2024-06-13,76.01523245170276,77.3538669350037,75.70925948080293,76.72279357910156,13947300
2024-06-14,76.49331769459147,76.87578574205867,75.64233011883684,76.15866088867188,7192400
2024-06-17,76.09173092258405,78.16661045229841,75.79531435050245,77.76502227783203,9845900
2024-06-18,77.45905492647483,78.1283685992615,76.1012928695803,76.68455505371094,9664500
2024-06-20,76.32122403459982,77.23914317114674,76.17779757373906,76.2256088256836,10183900
2024-06-21,76.49333146457253,76.73237312539933,75.69015498578136,76.40727996826172,25648400
2024-06-24,76.49333023679256,76.56026160895085,75.69971018479245,76.23516845703125,7396600
2024-06-25,76.49332697422135,77.21045191460468,75.41286135690044,75.80488586425781,15821600
2024-06-26,75.53716893464834,75.80489444215773,74.94434295732538,75.68059539794922,10708100
2024-06-27,75.5849577929684,75.9578621100822,75.23117359430904,75.7666244506836,10289600
2024-06-28,75.26943623624476,75.4224190995036,74.2080907221764,74.43756866455078,13207500
2024-07-01,74.57142642780079,74.79134794183494,73.41446578955238,73.7491226196289,6767600
2024-07-02,73.73956179952599,73.82561328141485,72.93637816037322,73.46227264404297,8854100
2024-07-03,73.4718302412459,73.6630679179238,72.73558524720745,72.9172592163086,4906700
2024-07-05,72.89814314282353,72.92682697504505,72.11408678388736,72.71647644042969,9663100
2024-07-08,72.99374975231403,73.09892865472142,71.2057230013318,71.30133819580078,8871200
2024-07-09,71.35870180718594,71.36826551458206,69.54199133037439,69.56111145019531,11816900
2024-07-10,69.7905980333124,69.96270831296803,69.17865199341959,69.3316421508789,11132500
2024-07-11,69.16908690808793,70.27824364267457,68.920488849623,70.0870132446289,12316100
2024-07-12,70.56509919843745,71.76986388255281,70.16350367542664,71.5499496459961,10559300
2024-07-15,71.60730713468583,71.61687084208194,69.34118994991246,69.56111145019531,9064400
2024-07-16,69.0447892132007,72.20014190673828,68.41372305147651,72.20014190673828,14968700
2024-07-17,71.9228480793783,72.79295583465141,71.28221825039005,71.80810546875,11567800
2024-07-18,71.19616531644242,71.81767507552681,70.57465555735804,70.93800354003906,10701000
2024-07-19,71.38740474028793,75.90050514675518,70.93800525294513,75.79532623291016,32965900
2024-07-22,74.89651698137611,75.0303796957777,72.67821119204444,73.19454193115234,18851500
2024-07-23,73.75868310877702,73.75868310877702,72.69733771187187,72.9172592163086,9592100
2024-07-24,73.02244080515919,73.13717612042176,70.77544361497758,71.4065170288086,10478200
2024-07-25,71.76985248339187,72.44872979771856,70.04875722445654,70.10612487792969,18973600
2024-07-26,70.60332917441376,71.73160590930145,70.47903015856821,70.80413055419922,12387100
2024-07-29,71.12922451946507,72.27662138805637,70.4885947227511,71.90371704101562,10864700
2024-07-30,71.95152516554802,72.7164612414426,71.56905712760071,72.61128234863281,16163600
2024-07-31,76.06305256474631,77.67896908629012,74.38976108917339,74.5331802368164,18901100
2024-08-01,74.47583049017106,74.71487218703129,70.59379566755273,71.81768798828125,17307200
2024-08-02,71.8176718797493,73.30928939919923,71.635997896493,72.55391693115234,15185700
2024-08-05,70.61290333223633,71.71249640273948,69.53243767929177,70.62246704101562,12372900
2024-08-06,70.6798231729813,72.6590874589992,70.60332810517114,72.06626892089844,10525500
2024-08-07,71.99934031891362,73.46227389572104,71.86547759260257,71.98977661132812,7297000
2024-08-08,71.77941770474933,72.81207925887631,71.52125596370327,72.42961120605469,8988300
2024-08-09,72.3339964028056,72.5347904902405,71.47344510310504,71.79853820800781,4683600
2024-08-12,73.17542017387447,74.992137960427,72.9459422593012,73.65350341796875,13123000
2024-08-13,87.03026834335132,91.80154425108283,86.33227090981633,91.69636535644531,157215500
2024-08-14,91.20872850473187,91.65812795970928,87.42230976392361,89.78404235839844,45737800
2024-08-15,89.99439566111847,90.79757203787187,88.90436640982651,90.72107696533203,21109800
2024-08-16,89.80723874784296,92.01009497758831,89.74952436230642,91.20205688476562,16336300
2024-08-19,90.75955868810169,91.27901015155747,88.6240384513597,88.7875747680664,14479000
2024-08-20,88.77794105166744,90.24971632623772,88.62402626629651,89.47054290771484,11536200
2024-08-21,88.97034063875371,89.8264715793332,88.71061857301942,89.24930572509766,6769200
2024-08-22,89.14349305269212,89.2974078646429,88.27774058312443,88.91262817382812,10010300
2024-08-23,89.31664880590682,90.826903126558,89.29741312281139,90.44212341308594,11483700
2024-08-26,90.61526989521721,92.27943896301774,90.59603421297555,91.99085235595703,13882800
2024-08-27,91.7696014561748,94.96326019784675,91.62530816448138,94.84782409667969,17456300
2024-08-28,94.48228758923672,94.95363882633104,90.78841307618723,91.67340850830078,14866300
2024-08-29,91.8369476205012,92.18324862367994,90.69223000782357,91.25016021728516,8781300
2024-08-30,91.37519145392208,92.27942247805406,90.84612588757372,90.97117614746094,7117200
2024-09-03,90.54792423824013,91.20204744987977,89.49940720113062,89.63407897949219,11234000
2024-09-04,89.81686104701413,90.40364843532815,88.47013577319403,88.81643676757812,7193500
2024-09-05,88.66251672382532,89.48016894715344,87.72942839615625,88.07572937011719,8370100
2024-09-06,88.01800725407674,88.65289476357685,86.74823957413776,87.68132781982422,9257000
2024-09-09,87.74866483212793,88.8452820543648,86.96949136871261,88.70098876953125,10089700
2024-09-10,88.61443450471714,89.96115252195712,87.67172455358639,89.78800201416016,7327000
2024-09-11,90.49983253176497,94.60733650272206,90.09581719148622,94.46304321289062,19302900
2024-09-12,94.71315806677578,95.53081031727885,93.63577640763887,95.501953125,14653500
2024-09-13,95.35766454264757,95.72320856709828,94.7516414576207,94.81897735595703,9899900
2024-09-16,94.77087254389191,94.84782994941874,92.3275373004434,92.64497375488281,9263400
2024-09-17,92.81812003261815,92.86622024365356,91.57720944633485,92.77002716064453,6281700
2024-09-18,91.91389533878151,93.88587920773037,91.70226615481218,92.46220397949219,8793800
2024-09-19,94.24180584962785,94.94402198485902,92.66421574911763,93.2125244140625,8752600
2024-09-20,93.1644266223067,93.36643431052914,91.69265108021301,92.3948745727539,19541000
2024-09-23,92.39488159685341,92.39488159685341,90.75956960649133,91.84657287597656,8382800
2024-09-24,91.83694728543963,92.17362677645103,90.60565809599085,90.85575866699219,8606800
2024-09-25,90.67299273841135,92.30829729442554,90.63451403439117,91.98123931884766,8632900
2024-09-26,94.751644190467,95.376910315374,93.30872575101827,93.7608413696289,9876800
2024-09-27,93.9339791124954,94.41495186029202,93.49148506520989,93.65501403808594,6319900
2024-09-30,93.68387435888664,93.97246095283161,92.74117185158204,93.78006744384766,6436400
2024-10-01,93.7800654561597,94.40533150374652,92.68344816491096,93.72235107421875,7171600
2024-10-02,93.14519497164082,93.30872396360408,92.221728068771,92.82775115966797,6346000
2024-10-03,92.00047272596123,92.72193189560589,91.68302892994267,91.92351531982422,5556400
2024-10-04,92.51030004207873,93.04899453050854,91.5291188287213,92.90470123291016,6818900
2024-10-07,92.52954240373572,92.84697884931747,91.73112585656352,92.43334197998047,7478900
2024-10-08,92.39486725713866,93.19327643621241,91.6541651199079,92.54877471923828,6595200
2024-10-09,92.80851939068542,92.80851939068542,91.82733071940135,92.2313461303711,3344800
2024-10-10,91.78883867545758,91.84656039653953,90.1920129473855,90.30744171142578,5459500
2024-10-11,90.5575555042936,92.30829615067569,90.43250522207427,91.91390228271484,4834800
2024-10-14,91.77922724878141,91.8946560162731,90.74993847823362,91.15396118164062,4124700
2024-10-15,91.0673868174761,92.3179190142451,90.97119372673905,91.42330932617188,6264100
2024-10-16,91.81769477427018,92.19285293106205,90.50944831092254,91.82731628417969,7537100
2024-10-17,91.70226823058111,92.52954196533554,91.1731952586817,91.64454650878906,5577300
2024-10-18,92.03894743077467,93.16442192515377,91.42330288654702,93.15480041503906,6178300
2024-10-21,93.26061294598293,93.50109932009744,92.24095306823715,92.7796401977539,3994300
2024-10-22,92.68344354188048,93.49148154405793,92.2890497198533,93.13555908203125,6670900
2024-10-23,90.29782990538487,94.00131874292873,90.12467941572781,93.9339828491211,18858800
2024-10-24,93.97246203070397,95.63662370289713,93.16442396182694,93.45301055908203,9828600
2024-10-25,93.52033913660009,94.23217672465958,92.76040133974057,93.6069107055664,9665600
2024-10-28,93.93398656877663,95.3672834160454,93.83779347939404,94.28990173339844,6790900
2024-10-29,94.02055551052509,94.31876362002829,92.6834517901404,93.68387603759766,7664200
2024-10-30,93.6646392137517,94.41495555542986,93.11633055336672,93.61653900146484,9187200
2024-10-31,93.61653428071496,95.23260298862994,91.72150050153984,93.98207092285156,12011500
2024-11-01,93.88588424529595,96.00216885947953,93.66464087859272,95.10755920410156,8860200
2024-11-04,94.83821056594198,95.04983976635599,93.02013401920321,93.33757781982422,7049100
2024-11-05,93.17404320140871,93.76083055288132,92.49106276621609,93.3952865600586,6348300
2024-11-06,93.27985988355141,94.49191331493222,91.17319680932846,92.4237289428711,9708800
2024-11-07,92.40448225900673,93.01051262020287,92.11590301282632,92.46220397949219,6195200
2024-11-08,92.45259501759679,93.92437065615107,92.37563760587904,93.83779907226562,6118700
2024-11-11,94.27066774202774,97.55090572396459,94.22256752694256,96.49275970458984,10313300
2024-11-12,96.31960415687085,96.71400535052408,94.67467816622926,95.04022216796875,8438400
2024-11-13,93.64540324021179,96.13684617510452,92.56802885890687,96.0021743774414,8816300
2024-11-14,95.64624359074018,96.21378792623582,95.36727850854233,95.453857421875,6441500
2024-11-15,95.9184383715875,97.00248394250738,94.84407382289143,95.26026916503906,8119900
2024-11-18,95.27963769621073,97.37996920993265,94.78600891157862,97.17671203613281,7041500
2024-11-19,96.58629201281911,97.07992078128477,95.04733434094031,95.19252014160156,9176200
2024-11-20,94.85376805196933,95.5796897462446,93.99234156551925,95.10542297363281,7527700
2024-11-21,96.30560659101626,97.10896166449743,95.32803002430371,96.84762573242188,6760600
2024-11-22,96.78955822456173,99.26736855208419,96.56693899148405,99.20929718017578,6563300
2024-11-25,99.6254826365956,100.00296128525494,98.51240135117034,98.57047271728516,8839600
2024-11-26,98.71565645602195,98.81244452567805,97.24445859766261,97.44771575927734,6558300
2024-11-27,97.51547308596038,98.75437816300838,97.48643740203843,98.2510757446289,4857800
2024-11-29,98.11557538907478,99.20929471139094,98.01877992569312,99.17057800292969,3419300
2024-12-02,98.72534247908644,98.9285996509968,96.66372769160407,98.2510757446289,6103200
2024-12-03,97.84454998940593,98.8414885312549,96.6830783735898,98.30914306640625,7101500
2024-12-04,97.65097403677068,98.7156575840669,97.14767163813377,97.46707153320312,6151100
2024-12-05,97.75744515628033,98.04781675904202,96.00555667046618,96.04427337646484,7194800
2024-12-06,95.75390199789696,97.38964775400159,95.27963527110194,96.8960189819336,6297000
2024-12-09,96.85730678257353,97.34125455452293,95.35706573574763,96.1217041015625,7271600
2024-12-10,95.95716233007651,96.06363142921809,94.79569064693169,95.00862884521484,8192500
2024-12-11,95.33770257391683,96.19912894042719,94.83440018512394,95.26026916503906,8007300
2024-12-12,95.06670223895095,95.79262390249278,94.29238284405686,94.6795425415039,6375900
2024-12-13,94.21494787151924,94.9311958845259,93.82779556492386,94.2923812866211,5910900
2024-12-16,93.83746630271598,93.88586403177275,90.11107008350086,90.13043212890625,12395900
2024-12-17,90.02396097297175,90.92410406785491,89.09478219510147,89.13349151611328,8536100
2024-12-18,88.82376911041719,89.28836221173682,86.76215429986773,87.01380920410156,10886600
2024-12-19,87.34288924760692,88.63987307824297,85.82329358371047,85.91040802001953,14628400
2024-12-20,85.03929811753876,86.29756520499787,84.27465979632365,85.14576721191406,26477500
2024-12-23,84.69086098203498,85.05865863418099,83.52938927092131,84.6327896118164,11203700
2024-12-24,84.59406363417948,87.03315691403894,84.37144443197323,87.02348327636719,5422000
2024-12-26,86.50081589737196,89.09477590496275,86.50081589737196,88.91087341308594,7538700
2024-12-27,87.98169561930261,90.20785066637976,87.96233357550503,89.2883529663086,8200400
2024-12-30,88.35917908547304,88.3882147683042,86.95572621149715,87.6719741821289,8404500
2024-12-31,87.81716267298907,88.82376750279218,87.68165050819516,88.32046508789062,4220700
2025-01-02,88.61083178565987,89.68519633057676,88.47532701282857,89.21092224121094,8640900
2025-01-03,89.43354371619517,90.13042964243006,88.85280790581827,89.6077651977539,4964900
2025-01-06,89.08510363965571,91.4661257084716,88.9883155655328,90.14010620117188,8768100
2025-01-07,89.80134940545062,90.64342120602655,88.91088725726327,89.85942077636719,6638300
2025-01-08,89.98525262156139,90.0239693306241,89.05607375742792,89.62712860107422,6243700
2025-01-10,89.23028160382799,89.8110173820022,88.97862672565195,89.2883529663086,6550300
2025-01-13,89.30771592662946,90.58533771114762,88.44628950897099,90.5079116821289,6912100
2025-01-14,90.99185535636607,91.84360071300348,89.54968578681635,90.08203125,6406200
2025-01-15,91.07896309101433,91.43708707662509,89.96588181334629,90.09171295166016,4554700
2025-01-16,89.8884617800635,91.72745740508275,89.8884617800635,91.39837646484375,6548200
2025-01-17,92.51145462701301,92.78246418832613,92.04686153300715,92.07589721679688,8361900
2025-01-21,92.34691286119134,95.41513981268015,92.34691286119134,94.83440399169922,8803100
2025-01-22,94.83440398885227,95.37642310382398,94.33109419541573,94.5924301147461,7678900
2025-01-23,94.85375908662155,94.88279477013499,93.9052182465944,94.84407806396484,7901800
2025-01-24,94.65049104057879,95.83132459747183,94.48595059660668,95.63774108886719,6957100
2025-01-27,95.35705576178992,97.10895153443634,94.95054144814183,96.80889892578125,9654900
2025-01-28,95.76357860909962,97.44771463189221,95.42480929253797,97.18638610839844,14736500
2025-01-29,99.40286315631816,106.54593654734154,99.38350849581786,105.0940933227539,40769300
2025-01-30,105.50061798095703,106.79759451067886,104.56175808897113,105.50061798095703,15023000
2025-01-31,105.50061375956481,105.84905674438966,104.04877045094695,104.22299194335938,19136900
2025-02-03,102.32591647040728,104.9585934898488,102.13233293400313,104.68758392333984,8894100
2025-02-04,105.18120151433016,107.50415217579715,104.65853706166584,107.04924011230469,11123700
2025-02-05,106.64271985745847,108.81080357506269,106.33299361208645,108.6462631225586,12826000
2025-02-06,108.45269909787167,108.70434662352102,107.48480354995478,108.11392974853516,11967300
2025-02-07,107.85259360280791,109.00439158672461,106.52657413715977,108.59786987304688,11502400
2025-02-10,108.9656748601324,108.9656748601324,107.4363982301721,107.8719482421875,8348400
2025-02-11,107.3202454182022,108.48172439515959,107.05891689444915,107.4654312133789,4683100
2025-02-12,107.0105199353034,109.55608972688194,106.85566050127233,109.41090393066406,7269400
2025-02-13,109.48833486465769,109.7593444064275,107.94937727467025,109.37218475341797,10046300
2025-02-14,109.79064760569094,110.4231958122498,109.02185916073924,109.52790069580078,9115000
2025-02-18,108.79804148033638,110.31615126974785,108.62287439505533,109.99501037597656,7574100
2025-02-19,109.42085232527941,110.2966802966652,109.32353150664893,109.4695053100586,8268900
2025-02-20,109.1581019217402,110.45239164091898,108.95374155942822,110.29668426513672,6343800
2025-02-21,110.28695121883587,111.6007005654815,108.63259386512195,108.74937438964844,9664700
2025-02-24,109.3235286698916,110.85137935812665,108.88561469556183,110.15071105957031,13120500
2025-02-25,110.04366561979579,112.14566311993096,109.64467105695996,111.51311492919922,11001800
2025-02-26,111.53257508250984,111.70774214860336,109.24567708178665,109.96580505371094,7466800
2025-02-27,109.96581239525742,112.59331113754209,109.77118560862003,111.41580200195312,9013700
2025-02-28,111.97049395972016,112.97283599468369,111.20170554830739,112.70035552978516,11466000
2025-03-03,112.92418487695082,114.30605435721428,111.03627387534222,112.31110382080078,9225500
2025-03-04,111.90236662963684,112.17484707696974,108.99265410342426,109.05104064941406,12482400
2025-03-05,108.57420611007043,109.4986944559028,107.25072321160286,108.69098663330078,11926800
2025-03-06,107.0560967316823,107.46481742733376,102.09303956074596,102.63800048828125,16321700
2025-03-07,101.91786984797797,103.99067397184064,100.66250709424628,103.62088012695312,11637400
2025-03-10,102.891025944423,103.15377285376404,97.12025326043381,98.41453552246094,15823300
2025-03-11,99.15411416720683,100.23430974973472,96.34171519634695,96.90614318847656,10663500
2025-03-12,97.6068244322461,97.6068244322461,94.36623725185402,96.04005432128906,9461200
2025-03-13,96.05951768663911,96.21522505927489,93.35416519565007,93.46121215820312,9274300
2025-03-14,93.92831371724267,95.61186431497899,93.5779869991805,95.47562408447266,8240900
2025-03-17,95.08636211098987,96.77963883289121,94.39542739932057,96.4195785522461,10131700
2025-03-18,96.56555566120538,96.70179589496817,95.05717209871406,95.64105987548828,7423400
2025-03-19,95.63133165569326,96.85750125264968,95.31992432903375,96.5266342163086,4982700
2025-03-20,96.19575775359189,97.01320660939712,96.02059067195763,96.61421203613281,5952800
2025-03-21,95.3101965171022,95.37831663659908,93.70449950092006,94.46355438232422,11366000
2025-03-24,95.3977744857198,95.56320799776687,93.0622159099552,93.1498031616211,8265000
2025-03-25,93.60717736645984,94.36623217700254,92.22530054711399,93.30549621582031,6984800
2025-03-26,93.4222817254938,95.74810668698854,93.4222817254938,95.33938598632812,9561600
2025-03-27,95.27126663766836,97.2370238980286,94.92093248441034,96.19575500488281,9141000
2025-03-28,95.36857421820567,95.84541501042676,94.45381204883275,95.10582733154297,8066200
2025-03-31,94.02563901056169,96.1665633843925,92.04041458278269,95.45616149902344,11302900
2025-04-01,95.22260594116602,96.24441512250188,94.5219376367684,95.5924072265625,5868400
2025-04-02,94.79441764302932,97.07158201832897,94.79441764302932,96.74071502685547,6043300
2025-04-03,90.84343758172379,90.88236442406249,85.29649247783925,85.8901138305664,20490100
2025-04-04,82.38678143251107,83.13610274590562,79.1170008522625,79.89551544189453,19700100
2025-04-07,76.51868176396529,81.03409126521728,74.10527707771108,77.85189819335938,26099400
2025-04-08,80.83946432327024,81.23845886446759,76.57707557878389,77.55022430419922,20534600
2025-04-09,77.09284901084261,86.73674974393772,75.83748616973969,86.29883575439453,26668100
2025-04-10,83.79784111995463,84.25522222945993,79.47705820833025,82.32838439941406,16209300
2025-04-11,82.16295198674095,83.51562820017787,79.8760538332384,83.13610076904297,10059700
2025-04-14,84.00220380829153,84.44011779685721,81.16061110469134,83.19448852539062,8880500
2025-04-15,83.20422520449029,83.74918617500724,81.21900069463177,81.46228790283203,7088600
2025-04-16,81.06329030729631,81.27737678634377,77.74484965083246,78.59149169921875,13080800
2025-04-17,79.06834303967061,80.3334394981199,79.01968262798547,79.31163024902344,9787500
2025-04-21,78.20224165389273,78.64988923093699,76.03211646619519,78.5136489868164,10595600
2025-04-22,79.71061611316517,81.24818546536652,79.42840209025506,79.5549087524414,10408600
2025-04-23,81.74449036269522,83.43776701276687,80.43074110963039,80.58644104003906,9114400
2025-04-24,80.17772365119018,81.88073393677116,79.38947555200123,81.6082534790039,6798100
2025-04-25,81.38442613119558,81.73476027017159,80.24584389179138,81.5595932006836,5799400
2025-04-28,82.06564056270963,82.77603503309696,81.03409778003156,81.64718627929688,7091400
2025-04-29,81.39416142740501,82.78576444665516,80.96597359854779,82.57167053222656,16356900
2025-04-30,74.31937086368184,78.1243785208783,73.4727287993859,77.90055847167969,41297000
2025-05-01,78.54283366488143,80.48913113869696,78.1146458447906,79.80792999267578,18326700
2025-05-02,80.37235897830175,82.55221772140419,79.84686513929758,82.41597747802734,13512900
2025-05-05,81.74450330457596,81.82235699437383,79.39921101503619,79.46733856201172,13361900
2025-05-06,78.82504741874298,81.13141259012421,78.4455200066156,80.5572509765625,10709500
2025-05-07,80.74215650712475,80.99517727206201,79.93444122740634,80.4891357421875,8224800
2025-05-08,81.10221605250103,81.35523681507921,79.49652649936695,79.98310089111328,8759800
2025-05-09,80.19719681224802,80.45021015660262,78.0465314134806,78.14385223388672,8210700
2025-05-12,81.40389458236659,84.21629388143012,81.39416101597746,83.3696517944336,17241500
2025-05-13,83.56428997645051,84.80018568340091,82.81496124407671,84.54716491699219,11533700
2025-05-14,84.38173448420558,85.27702962937414,83.43777892753457,84.21630096435547,12741500
2025-05-15,84.21629338475162,85.42299575113609,83.51562509958138,84.91696166992188,13721900
2025-05-16,84.88756114184326,85.17176189995267,82.59435837635486,83.85855865478516,13109500
2025-05-19,82.76095923904205,83.4371613230168,82.4277629799725,82.91776275634766,9568100
2025-05-20,82.82955180746983,84.42695572665731,82.76095214373066,83.8781509399414,9310600
2025-05-21,82.72175779971985,83.79975570765208,80.85975733503552,81.32035827636719,10875400
2025-05-22,81.55556580963625,82.79036736736636,81.0655660222453,82.29056549072266,8440400
2025-05-23,80.92836850109359,83.13336759397305,80.91856641162023,82.71196746826172,7088200
2025-05-27,83.72136659023161,85.34816204729343,83.51556757030953,85.26976776123047,10922300
2025-05-28,85.6813602767943,85.84795840454171,82.84916219787556,84.27996063232422,12328500
2025-05-29,83.20197097742067,83.98596620377235,82.02596692268732,82.36897277832031,10308700
2025-05-30,82.26116333472864,82.58455749880706,81.52616368370869,82.27095794677734,7394100
2025-06-02,81.61435763367645,83.5939608220853,81.52616126703394,83.48616027832031,8258900
2025-06-03,83.36855997953293,85.74015705513928,82.7119620868061,84.86795806884766,8287700
2025-06-04,84.89736040223951,86.76916317740698,84.29956006396743,86.34776306152344,8740900
2025-06-05,86.41636982804671,86.64177303836286,85.12277058325125,85.25016784667969,8476100
2025-06-06,86.63196297321628,88.09216023041276,86.47515945407402,87.84716033935547,8772900
2025-06-09,87.29836401658511,89.31716075038469,87.29836401658511,88.85655975341797,8097300
2025-06-10,88.10196593719203,90.05216305658185,87.73936339188892,89.60136413574219,6911100
2025-06-11,90.26776494159006,93.99176646129963,90.1599643860277,93.48216247558594,14835500
2025-06-12,92.78635603285899,93.1685552523761,92.0905572620252,92.43355560302734,7183300
2025-06-13,91.62996557937298,92.71776576888738,91.29676929340474,91.39476776123047,7119900
2025-06-16,92.10035895602644,92.54135575302394,91.0811585494157,91.61035919189453,5871000
2025-06-17,91.29676230473487,91.34575779649526,88.97416066335823,89.7581558227539,6183000
2025-06-18,90.04235537664238,90.72835954326197,89.40536165472847,90.43435668945312,7319300
2025-06-20,91.21835985078886,91.92396072263148,90.55195985813785,91.25756072998047,9197000
2025-06-23,91.33595665891808,91.34575874809359,88.9251586211762,90.49315643310547,7533000
2025-06-24,91.05176299478339,91.96315541071817,88.5037581493284,89.66996002197266,11373900
2025-06-25,89.92475736873712,90.15995515825382,88.80755852252908,89.2779541015625,6929600
2025-06-26,90.25795290471679,90.3559513598449,88.6115534374348,90.0031509399414,6571600
2025-06-27,89.93455748784648,90.86556156789993,88.52336318752661,90.26776123046875,21491600
2025-06-30,90.57155618992493,92.27676078219079,89.25836038797635,89.79735565185547,10083300
2025-07-01,89.7091646972337,93.94276268979445,89.7091646972337,93.02156066894531,9828400
2025-07-02,93.37435419075827,93.39395836840339,91.48295479537002,92.29635620117188,7942300
2025-07-03,92.31595743724856,92.75696173429225,91.8847627063124,92.55116271972656,3557300
2025-07-07,92.27677013998357,93.05096327976084,91.11056817013538,91.76716613769531,5311200
2025-07-08,92.17875618587087,93.83495783421634,91.90435750546403,93.0411605834961,6985700
2025-07-09,95.59895735917237,95.93215361126305,92.76675930918925,93.34495544433594,8322400
2025-07-10,92.98235181403552,93.8251519998156,91.67895813413176,93.24695587158203,6913600
2025-07-11,92.48256113358126,93.4135577245049,92.25715794507376,93.0411605834961,6339800
2025-07-14,91.80635378325218,92.08075244793267,90.4245508945075,91.55155181884766,6048300
2025-07-15,91.74756237528344,92.41396238152147,90.30696181203334,90.63036346435547,8567900
2025-07-16,90.80676094781676,91.414355877346,89.7287554725814,90.65975952148438,7136900
2025-07-17,88.91536614981352,91.42416270931014,88.75856262644322,91.32616424560547,8589000
2025-07-18,92.15915561563884,92.57075361897024,91.38495509881855,91.92395782470703,5172800
2025-07-21,92.41396137338853,93.38415884296782,90.75775972665764,90.8067626953125,7217300
2025-07-22,91.09095604319306,95.21676076729612,90.99295758262696,95.00115966796875,9992400
2025-07-23,95.40295607225596,96.2163575049129,93.62915925376588,94.00155639648438,11275300
2025-07-24,93.58996049813678,93.66836225947905,91.55155956405866,91.82595825195312,7897600
2025-07-25,91.53195893041665,92.59036023266376,90.46375553922192,92.53155517578125,7224100
2025-07-28,93.03135607191017,93.82515330196037,91.59075556048346,91.79655456542969,10333600
2025-07-29,91.38496219321458,92.50216113287475,89.94436159291502,91.10076141357422,20923600
2025-07-30,95.8733678386438,96.9121650781514,88.26856843855506,90.90476989746094,44794700
2025-07-31,89.76796401662843,91.20856465945222,86.66136700458746,87.37677001953125,16565400
2025-08-01,86.62216275680069,86.72996330934076,83.7801624637328,85.12276458740234,16221300
2025-08-04,85.3383565067268,88.3077537346259,85.20115717768083,87.9843521118164,12500400
2025-08-05,87.85696267104532,88.74875838901805,87.52375893034984,88.39595794677734,6994400
2025-08-06,88.40575996879835,88.55276139908754,87.04356116993829,87.21015930175781,7869100
2025-08-07,87.93536162198184,89.5327581734116,87.70015635013212,89.19955444335938,9891800
2025-08-08,88.95455957332632,90.36576137675387,88.9349628713025,90.2775650024414,8035300
2025-08-11,90.19916186006365,90.59116318577134,88.68015952674762,89.90515899658203,9504400
2025-08-12,91.57116314809059,92.95295866795755,91.21836270114511,91.5025634765625,9669300
2025-08-13,91.31635666940186,92.79615805587943,90.88515448284608,92.29635620117188,6493400
2025-08-14,91.73776376061285,91.73776376061285,90.23836555898906,91.19876098632812,9803500
2025-08-15,91.29740726470942,91.47497139898843,89.14691165005752,89.37379455566406,8059700
2025-08-18,89.08771480245056,92.31346185043145,88.68326777975037,91.28753662109375,7376200
2025-08-19,91.28754369021217,91.71172427436163,89.50204304644052,89.69933319091797,6815800
2025-08-20,89.72892582748786,90.08405410793218,88.23936040263176,88.29855346679688,5814000
2025-08-21,87.82504452566592,87.9828826582246,86.91749784186273,87.36140441894531,5669200
2025-08-22,87.92368718288598,88.63394370763831,87.11478559105942,87.183837890625,7625500
2025-08-25,87.02601443510476,87.12465951027971,84.54998315968832,84.64862823486328,11013500
2025-08-26,84.72754459632662,86.01981234991341,84.41187585017808,85.45752716064453,9315200
2025-08-27,85.45752858102892,87.11479140738821,85.3292907378841,86.47359466552734,7677900
2025-08-28,87.0260101301057,87.26275980404144,86.41439865245727,86.8287124633789,7905600
2025-08-29,86.80899090251607,87.37127611072555,86.21711292431719,86.99642181396484,6315200
2025-09-02,86.65114216310876,88.77204489121453,86.00007872455994,88.56488800048828,10466200
2025-09-03,88.19004046279579,88.26895952988069,85.12213134663286,86.06913757324219,10201000
2025-09-04,85.9902204431315,86.58209840732762,85.22077833706287,85.83238983154297,6799200
2025-09-05,85.68441958168108,86.16778571405884,83.90877813968986,84.27377319335938,9047200
2025-09-08,84.3428240453286,84.3428240453286,82.54745662985361,83.03082275390625,9213700
2025-09-09,83.0604107264979,83.53391758424173,82.14299730460488,82.67568969726562,8635800
2025-09-10,82.73488439533595,82.86312223223867,81.64976605948091,81.7582778930664,8108000
2025-09-11,82.16272895264773,82.79406639776164,81.01842512954374,81.24531555175781,12046600
2025-09-12,81.25518980796356,81.42288718594175,80.10101911413696,80.79154968261719,9996200
2025-09-15,80.96911142880505,82.73488604325152,80.8704663579815,81.56098937988281,9685900
2025-09-16,81.90625086424127,83.58324717224303,81.87665809561747,83.22811889648438,10244300
2025-09-17,83.33663029406995,83.7114845715616,81.83719813183049,82.09368133544922,6632200
2025-09-18,82.01476064687631,82.46853398206717,81.51166101445624,82.29096984863281,7163700
2025-09-19,82.99135443233978,84.0666059304366,82.25150517694561,83.41553497314453,15315900
2025-09-22,83.09001459234112,84.24417772965835,82.5573221767786,84.13566589355469,7881700
2025-09-23,83.99755815363584,85.0136166481958,83.70161542510122,84.5302505493164,8765500
2025-09-24,84.42173841117116,84.4907907107607,82.99135859662168,83.12946319580078,9664000
2025-09-25,83.39581673139483,83.5240545715205,81.76814671284097,82.69542694091797,8670500
2025-09-26,82.71514875331583,83.47473156901442,81.77800933388816,82.2613754272461,6955500
2025-09-29,82.51786177184987,84.67821665388466,82.41921670174347,84.48092651367188,11222800
2025-09-30,84.076480076882,84.09620608059149,83.04068801792747,83.45500183105469,7574200
2025-10-01,83.3168988562936,83.98769588758313,82.82366596640829,83.2577133178711,8155200
2025-10-02,83.10973883576426,86.07900282908422,82.89271516815374,85.54631042480469,9461500
2025-10-03,85.32928527526823,85.72387307078574,84.79659288024004,85.2503662109375,7634500
2025-10-06,85.12213012209115,85.12213012209115,80.9493767051771,80.99870300292969,14996700
2025-10-07,81.04803201427801,81.34396723229273,79.69657118765396,80.18980407714844,10070100
2025-10-08,80.03197021825069,80.03197021825069,78.8482142306383,78.95672607421875,12397700
2025-10-09,79.03563571582657,79.37103044604436,78.35497196479666,78.70023345947266,9075700
2025-10-10,78.58186522178374,80.11088261790607,77.3487830348449,77.39810180664062,11129800
2025-10-13,77.78282373883134,79.35130821219471,77.44742899268338,78.94685363769531,8052000
2025-10-14,78.17741035508602,80.3772322797323,77.960386686827,80.05169677734375,7510300
2025-10-15,80.59424445741716,82.1923215964216,80.46600662617956,81.7385482788086,11094300
2025-10-16,82.07394650491517,83.74107601280974,81.91611590020726,83.19851684570312,11552100
2025-10-17,83.1097419260789,84.77687150186188,82.88285148528503,84.20471954345703,8527600
2025-10-20,84.53025205735553,85.17144877039257,83.28730311192636,83.38594818115234,7679700
2025-10-21,83.00122962931775,85.33915622330547,82.51786350733495,84.73741149902344,8262500
2025-10-22,84.59930240885322,84.836052074767,83.75094128601465,84.34281921386719,5286300
2025-10-23,84.32308990155343,84.73740368217626,83.82985706001124,84.28363037109375,4565500
2025-10-24,84.93470197017517,85.66468453848756,84.6979522908024,84.92483520507812,5844600
2025-10-27,85.11226294676158,86.2565668191018,84.94456557702989,86.03954315185547,7164600
2025-10-28,85.7238791166294,86.35521662352923,84.15539458851437,84.27377319335938,11545600
2025-10-29,83.00122998473887,83.74107931846983,82.15286881330312,83.03082275390625,13881700
2025-10-30,81.11708101213355,84.88537983326273,80.15034127662018,82.02462768554688,18337500
2025-10-31,81.64976875574688,81.65963552079947,79.13428554916858,79.7754898071289,13598000
2025-11-03,79.83467267386351,80.81127164956882,79.50913717324964,79.86426544189453,9525100
2025-11-04,80.08129229877851,80.1010183028728,76.93446405310549,78.52267456054688,17774600
2025-11-05,78.52267146722747,81.98516832496419,77.97025306070951,81.7582778930664,17996200
2025-11-06,81.45247739165195,82.71515235855712,80.75208760613852,81.10721588134766,10382800
2025-11-07,81.22558521988259,84.78672713464128,80.65344081194915,84.41187286376953,15009900
2025-11-10,84.89524093821349,84.98402677024731,82.89271664862875,83.45500183105469,10507600
2025-11-11,83.82986068366519,85.86197767029644,83.75094161933445,85.2503662109375,9575800
2025-11-12,86.44398988659859,87.85463619257717,85.95075701774084,86.0790023803711,11975800
2025-11-13,85.58577219952764,86.10859785275555,85.02348701241543,85.27010345458984,10507700
2025-11-14,85.06144651711034,85.94574315235283,83.46176213638888,84.23676300048828,13434600
2025-11-17,84.64413610799328,86.29349549413118,82.91527993272395,83.15374755859375,8547200
2025-11-18,83.0742633211061,83.30278533393748,81.8123966953536,82.79605865478516,7189400
2025-11-19,82.72650708944415,83.84926379611564,82.49797749720574,83.14381408691406,6195100
2025-11-20,83.49156802941232,84.68388345586507,82.01111747825459,82.09060668945312,8966300
2025-11-21,81.99123995734622,86.02523017957422,81.99123995734622,84.80310821533203,10227700
2025-11-24,84.71368760911533,85.04156733010795,82.29925784621435,82.80598449707031,10805800
2025-11-25,82.29926114554821,85.46881577893068,82.28932309890513,85.35952758789062,9265300
2025-11-26,84.95214715105023,86.73067839287938,84.95214715105023,86.14445495605469,7602600
2025-11-28,86.47234489554943,86.72074299421779,85.84638441588817,86.55183410644531,3677600
2025-12-01,85.6576018809487,85.94574459329246,84.22682636600283,84.36593627929688,8752100
2025-12-02,84.48515910738848,85.44894493170885,83.68035170298039,84.65406799316406,9001900
2025-12-03,84.48516010620251,86.9393345339273,84.4255469882848,86.55183410644531,9303900
2025-12-04,86.74061830248135,87.30696565910132,84.20695468678194,84.45535278320312,10555100
2025-12-05,84.36593147364465,85.95567774385795,84.25663570689484,84.5745849609375,9402900
2025-12-08,84.58451416416607,84.95214606324724,82.60726750699064,82.87554168701172,10277600
2025-12-09,82.78611405016716,82.79605209617957,81.49444096684292,81.75277709960938,10322900
2025-12-10,81.68323032232381,83.46176162859415,81.44477026878447,83.3127212524414,10539600
2025-12-11,83.68034916694035,84.45534998925456,83.20342150216571,84.19701385498047,6894000
2025-12-12,84.56464816639756,85.37939361572293,84.31625007110924,84.80310821533203,9071500
2025-12-15,85.44894474487046,86.99894643308453,84.11753459330366,84.85279083251953,11718600
2025-12-16,85.09125276459844,85.98548744317017,84.17714957339552,84.53484344482422,7481400
2025-12-17,84.02811055266235,85.28003912286246,83.95855938656838,84.66400909423828,7947000
2025-12-18,87.12812003174703,89.99960146295369,86.7406196019654,88.84703063964844,16466100
2025-12-19,88.64831179392624,88.68805639808667,87.68452598943303,87.7640151977539,16986700
2025-12-22,87.5951054981904,88.05215707100892,85.488686980389,85.61785125732422,7161600
2025-12-23,85.4688102491564,85.5880440596337,82.8457270627199,83.3226547241211,9511300
2025-12-24,83.3027809216699,84.07778934031118,82.93515659514989,84.02810668945312,3462700
2025-12-26,84.03804724345197,84.6143326563658,83.8790688203688,84.53484344482422,5046200
2025-12-29,84.57458446795528,86.23388189092755,84.4354821439042,85.02169799804688,5352400
2025-12-30,84.69381256398398,85.20054680161462,84.50503516604965,84.70375061035156,4540500
2025-12-31,84.56464477957543,84.63419594025031,83.58099048417144,83.67041015625,5293400
2026-01-02,83.6803515253803,84.41560776464337,82.48803612009364,83.43195343017578,11334900
2026-01-05,82.96496551259732,86.69093701765408,82.86560778856415,86.00535583496094,9894300
2026-01-06,86.0053527781608,90.05921145090244,85.80663733715723,88.88677215576172,11351100
2026-01-07,88.44959368575935,88.80728756256204,85.91593756900026,86.13452911376953,9547000
2026-01-08,85.30984099393568,88.71786310625346,85.06144290289359,87.61497497558594,8140100
2026-01-09,87.78388310423856,88.52907737096471,86.23388145521076,88.31048583984375,7593200
2026-01-12,87.83356615397635,89.65184199238551,87.03868923364753,89.3835678100586,7289500
2026-01-13,89.11530057367983,90.01946567312018,88.89670904312052,89.97972106933594,5561900
2026-01-14,89.68165185959819,90.93357282162648,89.57235608950721,90.56594848632812,8373200
2026-01-15,91.48005087293984,93.56659337193469,91.05280584281878,92.68229675292969,10001700
2026-01-16,92.76178167587683,93.06979287620173,91.62908701218939,92.39414978027344,8958200
2026-01-20,91.17204078204982,93.20890065453803,90.19831689424689,93.05986785888672,13555200
2026-01-21,93.21883425316595,95.90153057400305,93.12941458004181,95.8121109008789,17118100
2026-01-22,95.85185614531702,97.1733358029321,94.25217183988993,95.21595764160156,14150800
2026-01-23,96.4778192906681,97.2627581862956,95.14640913033092,96.99449157714844,11759800
2026-01-26,96.58711183857947,97.34224415028605,95.17621251498915,95.71275329589844,14106700
2026-01-27,95.15634163706676,96.03070780816817,94.62973887338532,95.1066665649414,16403600
2026-01-28,101.64450383122121,104.14835330140387,94.49063412404108,94.55025482177734,25961600
2026-01-29,96.14000092140837,96.27910324832698,92.01659102358603,93.27845001220703,16602900
2026-01-30,92.1258873386672,92.61274548577148,90.41690722008751,91.3608169555664,10748000
2026-02-02,91.26145649202486,92.01658880603338,90.03934213776269,91.10248565673828,8675100
2026-02-03,91.03293309132417,93.79511858884793,90.70504579918439,92.44383239746094,8361300
2026-02-04,93.1194804187886,96.48775802946301,92.92075739159772,96.3486557006836,9077100
2026-02-05,96.23936090628612,96.82557678629692,94.7489722995365,95.45442199707031,6776700
2026-02-06,95.68294945919932,98.9419312606539,95.38486871227016,98.81275939941406,8067100
2026-02-09,98.39545449080771,99.3393718222947,97.6303916756524,98.34577941894531,7150600
2026-02-10,98.34578100017347,99.03135461476163,96.82557823097963,96.90506744384766,8543500
2026-02-11,97.11371621656811,98.6835939820308,96.70634728633257,98.48487854003906,6949100
2026-02-12,99.35923653070085,100.551544336866,95.82205013597051,96.13999938964844,9537300
2026-02-13,95.86000061035156,96.91999816894531,93.5999984741211,93.79000091552734,8949000
2026-02-17,94.9000015258789,95.51000213623047,93.62000274658203,95.38999938964844,8660000
2026-02-18,95.04000091552734,96.66000366210938,94.26000213623047,95.76000213623047,6068100
2026-02-19,95.37999725341797,95.94000244140625,94.76000213623047,95.80000305175781,5676700
2026-02-20,95.20999908447266,97.77999877929688,94.9000015258789,97.48999786376953,8788300
2026-02-23,96.13999938964844,97.18000030517578,93.55000305175781,94.77999877929688,7696700
2026-02-24,94.81999969482422,96.73999786376953,94.01000213623047,96.51000213623047,6537300
2026-02-25,97.2699966430664,98.19999694824219,95.9000015258789,97.93000030517578,6294100
2026-02-26,98.37000274658203,99.80000305175781,97.83999633789062,98.08000183105469,6246100
2026-02-27,96.4000015258789,98.43000030517578,96.11000061035156,98.0199966430664,7286900
2026-03-02,95.70999908447266,97.11000061035156,95.5,96.76000213623047,7250600
2026-03-03,94.91999816894531,97.08999633789062,94.4000015258789,96.68000030517578,7197200
2026-03-04,97.3499984741211,98.18000030517578,95.8499984741211,97.1500015258789,6233400
2026-03-05,97.12000274658203,98.93000030517578,96.94000244140625,98.69000244140625,9608100
2026-03-06,97.06999969482422,99.22000122070312,95.55999755859375,98.98999786376953,10826700
2026-03-09,98.25,100.37999725341797,96.81999969482422,99.7699966430664,9376800
2026-03-10,99.37000274658203,101.13999938964844,98.26000213623047,100.7699966430664,8005800
2026-03-11,101.0,101.69000244140625,99.66000366210938,101.44000244140625,8815800
2026-03-12,101.0199966430664,102.44000244140625,99.88999938964844,100.18000030517578,12248300
2026-03-13,100.63999938964844,101.22000122070312,98.86000061035156,99.1500015258789,9400400
2026-03-16,99.2300033569336,99.9000015258789,97.37999725341797,97.81999969482422,6871000
2026-03-17,98.44999694824219,98.77999877929688,97.43000030517578,97.56999969482422,5382700
2026-03-18,96.19000244140625,96.93000030517578,92.55999755859375,92.66000366210938,7598400
2026-03-19,92.1500015258789,96.26000213623047,91.58999633789062,95.83000183105469,10524500
2026-03-20,94.97000122070312,96.3499984741211,92.22000122070312,92.55000305175781,13961900
2026-03-23,93.80999755859375,95.0199966430664,93.58999633789062,93.83000183105469,7438300
2026-03-24,93.30999755859375,93.58999633789062,91.79000091552734,91.9800033569336,6262800
2026-03-25,92.33000183105469,93.52999877929688,91.87000274658203,92.69999694824219,7007500
2026-03-26,92.30999755859375,92.76000213623047,90.7300033569336,91.22000122070312,6134000
2026-03-27,90.75,90.94999694824219,85.5999984741211,86.80999755859375,12433600
2026-03-30,86.4000015258789,87.86000061035156,86.22000122070312,86.72000122070312,7422100
2026-03-31,88.0,90.0999984741211,87.45999908447266,89.58999633789062,9564200
2026-04-01,90.25,91.02999877929688,89.4800033569336,90.43000030517578,8044500
2026-04-02,89.80000305175781,91.22000122070312,88.16000366210938,90.37000274658203,7340000
2026-04-06,90.0,94.81999969482422,89.81999969482422,94.77999877929688,7236700
2026-04-07,94.54000091552734,95.3499984741211,93.83999633789062,95.20999908447266,6205600
2026-04-08,97.5,98.12999725341797,96.0,97.20999908447266,8232300
2026-04-09,97.0,97.91000366210938,96.18000030517578,96.91999816894531,5320500
2026-04-10,97.0,97.27999877929688,96.05999755859375,96.5999984741211,5356400
2026-04-13,96.5999984741211,97.66999816894531,95.44999694824219,97.4800033569336,5249200
2026-04-14,97.87999725341797,99.0,97.55999755859375,98.47000122070312,4995500
2026-04-15,98.48999786376953,99.18000030517578,97.80000305175781,98.33999633789062,5211600
2026-04-16,98.3499984741211,99.1500015258789,97.7699966430664,98.36000061035156,5645500
2026-04-17,99.06999969482422,101.43000030517578,98.91000366210938,100.0,8133400
2026-04-20,99.0,99.7300033569336,98.30000305175781,98.94999694824219,6581800
2026-04-21,99.0,99.16000366210938,96.8499984741211,97.80000305175781,4564200
2026-04-22,98.08000183105469,99.66000366210938,97.56999969482422,99.5199966430664,5728600
2026-04-23,99.97000122070312,100.80989837646484,99.55999755859375,99.87000274658203,1670720
