timestamp,open,high,low,close,volume
2021-01-04,49.69048210613489,49.92390225347794,48.48603329103465,49.260986328125,8650000
2021-01-05,48.51404591003814,49.438391324326375,48.4953718695596,49.270328521728516,7995700
2021-01-06,50.764224828813234,53.99476315017418,50.45611201247094,53.60261535644531,16551800
2021-01-07,54.05077262713151,55.497976932156384,53.808017223628426,55.14318084716797,10949600
2021-01-08,54.937778147912056,55.628703503711925,54.368232292801935,55.0684928894043,9165300
2021-01-11,54.94711036513042,56.34763148126842,54.27486265134656,56.25426483154297,8766100
2021-01-12,56.76777317434797,57.92553855103085,56.43164762751396,57.1412467956543,12194500
2021-01-13,56.56238090130849,57.2999859785202,55.26456168173333,55.56333923339844,17171700
2021-01-14,55.65671222570541,55.82477505212934,55.20854587581146,55.39528274536133,9165800
2021-01-15,54.676335038032946,55.245877189487416,54.116124563345664,54.85373306274414,9952400
2021-01-19,55.311241571765876,55.638028364530236,53.99475203822975,55.301902770996094,8277200
2021-01-20,55.41394799754687,55.50731820436553,54.25618592666905,54.723026275634766,9798200
2021-01-21,54.95644136768973,55.059146804837354,54.47092702226114,54.80705261230469,6367000
2021-01-22,54.30286211626349,55.01245778633029,54.08811601135237,54.526947021484375,5472400
2021-01-25,53.47189267490863,54.3215419465354,52.846324770683914,53.29449462890625,7888800
2021-01-26,53.67729894673102,53.86403221627015,52.3981539677934,52.48218536376953,6786900
2021-01-27,51.73525011999339,51.73525011999339,49.63446843635255,49.7558479309082,10579800
2021-01-28,50.09197490508528,51.74458673928625,50.01727873361138,50.17600631713867,11278600
2021-01-29,49.72782685022544,49.75583968999669,47.402964166613586,48.12189865112305,17772200
2021-02-01,48.6727701373276,50.15732241738809,48.52338138544706,49.83053207397461,8601100
2021-02-02,50.54013798015946,51.669890787815255,50.52146393849871,50.92294692993164,8720500
2021-02-03,51.05366536136129,51.65122049099237,49.447733279195624,49.914573669433594,10230400
2021-02-04,50.297376139236974,51.5391731262207,50.07329477547283,51.5391731262207,7890900
2021-02-05,51.99667478135399,52.650251957055445,51.62320465360249,52.04336166381836,7994500
2021-02-08,52.26744424445648,52.38882373061218,51.557848492019104,52.14606475830078,5377100
2021-02-09,51.80060699821794,52.780971062316304,51.3337666284845,52.53821563720703,5541200
2021-02-10,52.84632627177818,53.11709452998016,51.69789943652166,52.00601577758789,7549100
2021-02-11,52.127791011066456,52.80221820387309,51.90297956462643,52.39006805419922,6040300
2021-02-12,52.390064908236624,54.57259211451185,52.27766097839469,54.507022857666016,8138100
2021-02-16,55.200184773880885,57.467015681507775,54.92853868464273,57.09233474731445,11008900
2021-02-17,56.77385424802197,57.504485110313574,56.53967732310735,57.42018127441406,8785800
2021-02-18,57.12981088664815,58.2913265696689,56.80196100929445,58.01031494140625,6157700
2021-02-19,58.488027269326416,59.434104043592335,57.27030797881418,57.991573333740234,8421300
2021-02-22,58.68474004679447,59.096890156937675,58.15081693262353,58.96575164794922,8049400
2021-02-23,59.43411432616362,59.43411432616362,57.55132952988145,58.7034797668457,8613200
2021-02-24,59.01258500783777,61.288785001143445,58.53486565381662,60.361446380615234,11535200
2021-02-25,60.277139205349464,61.110808488559925,58.984485149099136,59.10625457763672,10584100
2021-02-26,58.92828725210375,59.27486813581002,57.37335245502835,57.81360626220703,9543600
2021-03-01,58.62853781470322,60.82043407765183,58.609803231040495,60.042964935302734,5863700
2021-03-02,59.677651418647706,60.67992845087799,59.41537438539316,59.76195526123047,6079400
2021-03-03,60.192841074235375,62.0381564563053,59.86499122291107,60.848533630371094,8831100
2021-03-04,60.71739335876046,61.045239627323056,59.04068570352588,60.670555114746094,11204300
2021-03-05,61.9163855417747,62.394108531531465,59.0500618962612,60.90473937988281,10204000
2021-03-08,61.18574572536628,61.476122820960555,60.2677690491953,60.38017654418945,8663200
2021-03-09,59.97740692624311,60.92348392571131,58.38500632212096,59.71512985229492,9761700
2021-03-10,60.09916952094585,60.95156981259071,59.827519856843075,60.914100646972656,8930500
2021-03-11,60.69865674903288,62.62827216298672,60.464479843591405,62.206756591796875,9233600
2021-03-12,62.759405723748706,63.892820999387276,62.534597913224154,63.36826705932617,5643300
2021-03-15,63.12473946015355,63.36828549453966,61.31689308048802,62.14119338989258,6855700
2021-03-16,61.91637523996987,61.91637523996987,60.90472924639822,61.32625198364258,5632400
2021-03-17,62.4502984063035,62.4502984063035,61.01713682009431,61.541690826416016,6881500
2021-03-18,62.67511716454122,63.6024558091143,61.813340628192584,61.88827896118164,7417000
2021-03-19,61.24194540737774,62.37536084003712,60.698660385553886,61.869544982910156,10670300
2021-03-22,61.20447822255164,61.56980080353586,60.63309309534979,60.670555114746094,5138800
2021-03-23,60.30523881402315,60.8204309047301,59.2748617791218,59.34980010986328,6259600
2021-03-24,60.02423356117308,61.60726477863165,59.968026237269015,60.061702728271484,5796700
2021-03-25,59.818154891899525,61.31688579758424,59.07815494391805,61.00777053833008,6220600
2021-03-26,61.738409369852235,61.88827888914313,60.82980173632765,61.551063537597656,6082100
2021-03-29,60.56752210038603,61.288783870488224,59.57460709862542,60.052330017089844,8113500
2021-03-30,60.21157099833604,60.951570953490766,59.930559397453194,60.66119384765625,6300200
2021-03-31,60.96094566954697,61.49486883258009,60.267776748300655,61.05461502075195,7536100
2021-04-01,61.01714412518392,62.2816981969685,60.92347477662825,62.234867095947266,5796900
2021-04-05,63.89283576859389,64.52979733441042,63.48068206526758,63.83663558959961,8211800
2021-04-06,63.583724713936455,64.28625558407509,62.86246283172676,63.04043960571289,7360400
2021-04-07,62.909286119349765,63.32143260551042,62.19738633923683,62.80624771118164,7281400
2021-04-08,62.328542403540894,62.70322698009921,61.897657641778686,62.60955047607422,6361000
2021-04-09,63.99586569107068,64.47358858858463,62.9373886304144,63.2933349609375,6311100
2021-04-12,63.05918395370983,63.62120733937624,63.05918395370983,63.42449951171875,5620600
2021-04-13,63.38701599625892,63.38701599625892,62.000692434941534,62.38473892211914,4886500
2021-04-14,62.750062226619725,64.08955485231506,62.47841606935123,63.17158508300781,6702200
2021-04-15,62.61890883457435,63.21840119582089,60.501947414009116,61.35435485839844,10163600
2021-04-16,61.57915990512792,61.66346731117673,60.26776774463269,60.642452239990234,10289400
2021-04-19,60.91410786414243,62.403477001243765,60.81106943311281,61.71030807495117,8750800
2021-04-20,61.232597213805036,61.569812625219924,59.5839893298338,59.6589241027832,7532800
2021-04-21,59.81815797732566,61.316888960315055,59.44347344495005,61.26068878173828,6442800
2021-04-22,61.120181251682176,61.88828132791176,60.25841182889056,60.698665618896484,8590800
2021-04-23,61.073366986126274,62.928052220970095,60.77362067152196,62.89058303833008,7270500
2021-04-26,63.25586690709059,64.49232072794864,63.08725924304121,63.480674743652344,7387100
2021-04-27,64.2300457545341,65.3447301879555,63.564984154937825,65.2323226928711,8745300
2021-04-28,65.20423094645255,65.59764650980374,64.82954639475521,65.43840789794922,6338800
2021-04-29,65.81310202588793,67.59284854553016,65.61639421559006,67.17132568359375,9816600
2021-04-30,66.90904473672786,67.19942189517123,65.76625996973728,65.9442367553711,8105100
2021-05-03,66.34702716447397,66.55310406111197,65.32601176199877,66.45006561279297,5394300
2021-05-04,65.93485427928537,67.09636982358431,64.32371589555737,65.65383911132812,11044100
2021-05-05,66.31891824208896,67.12448755999361,65.16676444901155,66.4875259399414,8739500
2021-05-06,66.7685088534444,67.11509319805772,65.64446272220223,66.99331665039062,4802800
2021-05-07,65.99106298748222,67.33055545446278,65.56954732755335,67.20878601074219,6233000
2021-05-10,67.59282955019718,67.94877589548972,66.58118354166584,66.59991455078125,5721200
2021-05-11,65.72877566756465,67.40548325900794,65.48523681819097,66.15966033935547,5380000
2021-05-12,66.5249781832764,66.94650093918574,64.31435457032556,64.7452392578125,8500500
2021-05-13,64.63253941565499,66.6892877408837,64.56679896150108,66.14457702636719,6317300
2021-05-14,66.36058759155648,68.90569263398123,66.31362705201438,68.7929916381836,8843300
2021-05-17,68.55821228027344,68.78360713631623,67.63783860657435,68.55821228027344,5207200
2021-05-18,68.9056856270874,69.11229335061498,66.54840865219357,66.58597564697266,5829600
2021-05-19,65.53414611042386,67.00861717940957,64.98943522756944,66.87713623046875,6552300
2021-05-20,67.14947336792265,67.27156074003864,66.09761889794208,66.43571472167969,4606600
2021-05-21,66.85834295288835,68.13559234331872,66.68929502870866,67.7787094116211,5414900
2021-05-24,67.92898605821073,68.59578429807719,67.62845717312761,68.19194793701172,4538300
2021-05-25,68.51125850626075,69.02779589946923,67.17766199219847,67.27157592773438,5920100
2021-05-26,67.89140913642869,67.89140913642869,66.39815130679274,67.17765045166016,7370400
2021-05-27,67.87261923299089,69.62883883004253,67.46878294768693,69.35648345947266,14693800
2021-05-28,69.44101099904312,69.78849320290928,68.73664588503661,69.35648345947266,6205300
2021-06-01,70.3801681156616,70.89669826014668,69.64762950572698,70.09841918945312,6175500
2021-06-02,70.28623815277956,70.70886148871367,69.76970807353379,70.37076568603516,6881900
2021-06-03,70.01389985147978,71.69497839661565,69.91997876456556,71.38506317138672,7623800
2021-06-04,71.29113521843051,71.72314490555247,69.97631907731022,71.1126937866211,5587500
2021-06-07,71.31930463769133,71.32869101186594,69.82604714924915,70.18292999267578,5662000
2021-06-08,69.63824466547666,70.59617823696867,69.09353382817055,70.54922485351562,7317100
2021-06-09,70.2862412532611,70.34259533297471,67.85383723992902,68.41732788085938,9634600
2021-06-10,69.21561246159612,69.70397631086882,68.04167054626937,68.20133209228516,8741300
2021-06-11,68.45489145722703,69.47857239965066,68.41732446101983,69.4222183227539,6912700
2021-06-14,69.00899755273632,69.2437859114736,66.83016187026126,67.6284408569336,7764100
2021-06-15,68.08861556360705,68.84932745842843,67.64721235766386,68.12618255615234,7934500
2021-06-16,67.68479501596194,70.0045053950432,66.80198839974858,69.2625732421875,8819100
2021-06-17,69.62884108924544,69.80728255010538,66.54841870380274,67.75053405761719,8699900
2021-06-18,66.75504251499538,67.431234282873,65.06456309530132,65.58110046386719,17257900
2021-06-21,66.34179007741089,68.52062549733645,65.91917394867784,68.31401062011719,9488200
2021-06-22,68.22951278346912,68.32342671361464,67.16826459382148,68.08863830566406,6856800
2021-06-23,68.32342172329068,68.81177842348205,68.06045987202049,68.45490264892578,7116700
2021-06-24,68.62394778215516,69.15926500477494,67.7693218003322,68.92447662353516,5895500
2021-06-25,69.06533853860672,69.75091647478507,68.70846284341603,69.29073333740234,12715300
2021-06-28,69.12170348680047,69.30953850579532,68.16376996803336,68.82117462158203,5006400
2021-06-29,69.55370173749077,70.06084545683596,68.70846937042094,68.76481628417969,5316100
2021-06-30,68.42672128099025,68.65211610386454,67.89140409843117,68.3797607421875,6429700
2021-07-01,68.99021366232795,69.15926157504411,68.5018570062437,69.09352111816406,4413400
2021-07-02,68.68029945546894,68.86813447256806,67.25278915138193,68.3703842163086,6108800
2021-07-06,68.19193624244068,68.19193624244068,66.36997615867098,66.4638900756836,7684000
2021-07-07,66.1727496713897,66.3417975750221,64.67010561975286,65.80648040771484,9833600
2021-07-08,63.233199537459285,64.6888829944474,63.233199537459285,63.80608367919922,10896900
2021-07-09,65.18665910001276,66.29485354228815,64.35080574911251,66.25729370117188,10327400
2021-07-12,65.6750103444067,67.62845151664692,65.49656887078504,67.3467025756836,6192400
2021-07-13,67.22460974223345,67.71296641313597,66.64233198850465,67.45000457763672,7489100
2021-07-14,67.00859382474245,67.72235241677768,65.70317116868766,65.9285659790039,7577000
2021-07-15,65.4965743628518,67.20583374059476,65.13969855085669,66.25729370117188,5719800
2021-07-16,66.23849922402268,66.35120023031686,64.14419080456005,64.69828796386719,10465600
2021-07-19,63.261381637784375,63.96574677730973,62.171960116035585,62.62275695800781,8937300
2021-07-20,62.54761440933433,64.10661247772084,61.73055554485114,63.80608367919922,5857700
2021-07-21,64.48228976796929,65.75014569793674,64.25688774451076,65.32752227783203,5767000
2021-07-22,65.0927312908431,65.43082714742344,63.05476977463663,63.158077239990234,8206600
2021-07-23,63.41163192164119,64.24748500672906,63.15806366628844,63.77790832519531,6059900
2021-07-26,63.80609904129148,64.45411016479956,63.533743632500304,63.9000129699707,5838300
2021-07-27,63.439826585388175,63.693394896875084,62.54762639385865,63.27077865600586,3879400
2021-07-28,63.53374501453235,64.17236977468576,63.045381110499584,63.72157287597656,5206000
2021-07-29,64.23807365848836,65.06452580941328,63.62762270869209,64.3977279663086,4475900
2021-07-30,64.08783083017325,64.91429047004608,63.63704117676293,63.81547546386719,4084100
2021-08-02,64.05028072463838,65.4684048455788,63.50557701353429,63.61827087402344,4941400
2021-08-03,64.02208577811216,64.08782622973094,62.13439259655643,63.30833435058594,4858100
2021-08-04,62.773017796523455,64.15357461644952,62.453709039214885,63.55251693725586,4619300
2021-08-05,63.91877296588956,65.45898384469379,63.87181959877224,65.08332824707031,4814400
2021-08-06,65.87221363871589,68.0416555264935,65.79707965307885,67.55329895019531,9361700
2021-08-09,67.28095980360469,69.59127667866632,67.05556495766947,68.95265197753906,6079800
2021-08-10,68.88691564456629,70.42712698692523,68.48307930692502,69.9951171875,5784800
2021-08-11,70.2862377258763,70.80277496715667,69.57248629359856,70.25806427001953,6280700
2021-08-12,70.1921647511675,71.0771004860679,70.00388391425204,71.00178527832031,3425600
2021-08-13,70.88883132026253,71.00179696802901,69.14720097101231,69.67440032958984,3552100
2021-08-16,69.03423703634597,69.45787259089231,67.89512123755334,68.96833801269531,3796400
2021-08-17,68.42231668933888,68.71415421049961,67.40558269100087,68.25286102294922,5487200
2021-08-18,68.01751261287265,69.15662857120738,67.7068426653843,67.78215789794922,5828500
2021-08-19,66.81248493377623,67.62210557396006,66.03110570482716,66.89720916748047,3303600
2021-08-20,66.90662043374269,67.88569665162257,66.56770915899757,67.75389862060547,3259100
2021-08-23,68.06458282470703,68.47880221696866,67.82922812224602,68.06458282470703,3989700
2021-08-24,68.2716885022989,69.98507043819282,68.06458239869212,69.80620574951172,5296300
2021-08-25,70.06036050365073,70.9829537604483,69.67438266753389,70.21099090576172,4754900
2021-08-26,70.57815973866325,70.79468201334849,69.31665496990813,69.33548736572266,3237400
2021-08-27,69.42962476736582,71.45367628182056,69.42020856986952,71.39718627929688,4690800
2021-08-30,71.40660204111673,71.54781627288298,69.03423024076939,69.13778686523438,9734600
2021-08-31,68.94009539165026,69.28841571807472,67.7444896060748,68.58235168457031,7450300
2021-09-01,68.57292346552956,69.26016216461427,67.56560590827766,68.91183471679688,4606200
2021-09-02,69.21308312480953,69.40137112928971,68.32815464233805,68.63882446289062,3213200
2021-09-03,68.6764876794377,69.24134461568835,67.82921663997033,67.86686706542969,3348900
2021-09-07,67.31142789703705,68.18694745628267,66.85954382220388,67.85745239257812,4129000
2021-09-08,67.85745398356535,68.11163384368159,67.13255764396571,67.36791229248047,2955000
2021-09-09,67.39614907195786,69.4484417533416,67.1231440189917,68.09280395507812,4549200
2021-09-10,68.70472928382108,68.70472928382108,67.19845385030456,67.25494384765625,4099900
2021-09-13,67.782130215268,68.01748483407101,66.69008133644459,67.67857360839844,3180200
2021-09-14,67.57502243321775,67.96100748665765,65.08026183688604,65.6451187133789,5572700
2021-09-15,65.82397807927963,67.20786438737528,65.36268503739873,66.98192596435547,4248900
2021-09-16,67.18904665422244,67.74448016895987,66.24762807402713,66.63360595703125,3054600
2021-09-17,66.16290106250845,66.77482461677968,65.72984934874299,66.30411529541016,10256800
2021-09-20,64.61898472041162,64.92965464273459,63.36689601465322,64.76961517333984,5848600
2021-09-21,65.17441617403777,65.35328083312376,64.13884991507227,64.43069458007812,4243100
2021-09-22,65.39094301664893,66.94428533133737,65.03320649099021,66.27587890625,4957000
2021-09-23,67.03843044839991,70.06038386969648,66.87839097962141,69.94741821289062,5860900
2021-09-24,69.69323134336952,71.49134466614454,69.6085071004938,71.1618423461914,6437400
2021-09-27,71.54780701239781,73.12939040207526,71.4913241999836,72.84696197509766,6584100
2021-09-28,72.9599576968202,73.40242568623896,71.02063724868404,71.71728515625,8754700
2021-09-29,72.0090939936832,72.01851018910838,70.35220272148268,70.96411895751953,6075700
2021-09-30,71.51959019776422,71.51959019776422,68.50704560981997,68.57294464111328,7077400
2021-10-01,68.69531728416301,70.54991309946352,67.82921388469347,70.06037139892578,4814800
2021-10-04,69.82502268079153,70.7193747479069,68.64824931547231,68.94009399414062,5938700
2021-10-05,69.34490603408372,72.07501456317915,69.34490603408372,71.45368194580078,7569900
2021-10-06,70.62521445280936,71.65136437801122,69.63672931288463,71.27479553222656,5731600
2021-10-07,72.01851938409543,73.195292576646,71.7737485489579,71.91496276855469,4560900
2021-10-08,71.85849083034692,73.29886028685355,71.72669278742832,72.80931854248047,3485100
2021-10-11,73.23294440596868,74.31557709423566,72.06558750209662,72.1220703125,4229100
2021-10-12,72.57395257681543,73.35533169715697,71.87730486085546,72.743408203125,6138200
2021-10-13,72.98817602962392,73.16704784515038,70.53107314061116,71.80198669433594,6066000
2021-10-14,72.69634819394756,73.7883900764233,72.15032366148259,73.53421020507812,4799500
2021-10-15,74.76747139532704,76.25491466442217,73.76956987217811,76.16077423095703,9004400
2021-10-18,76.01954915063199,76.48084223655809,75.04047298079134,75.83126831054688,6323200
2021-10-19,75.86890052637946,76.84797646127177,75.5299965320436,76.76325225830078,5346500
2021-10-20,76.38671296748134,77.0174617745425,75.85952079232034,76.81034851074219,6157200
2021-10-21,76.72561634219319,77.73293396270051,76.01013619098256,77.4222640991211,5938000
2021-10-22,77.54463595288199,78.8343745601074,77.44107935460738,78.65550994873047,5740200
2021-10-25,78.7873327742318,79.08858646891798,77.99653733664645,78.03419494628906,4213500
2021-10-26,78.59903175536869,79.54045029371406,78.1565638931538,78.19422149658203,6362400
2021-10-27,77.82706345361517,78.82497191924901,76.33962054220945,76.39611053466797,6539200
2021-10-28,76.73503561010783,77.57289762786984,76.57498898211573,77.1869125366211,3579600
2021-10-29,77.19633744413512,77.8647438942568,76.95156655822484,77.22457885742188,4421600
2021-11-01,77.71411672587257,77.93063900516573,76.64089998015042,77.0739517211914,4095700
2021-11-02,77.0833387067162,77.68584592922716,76.61262949022621,76.97978210449219,3682600
2021-11-03,76.92331686809285,78.93795220026647,76.7350360114699,78.44841766357422,7051500
2021-11-04,78.09068654892044,78.260142220136,75.6053414927294,76.67855834960938,5782900
2021-11-05,77.29045521120335,78.10007567273036,76.0854407147314,76.39611053466797,4107600
2021-11-08,76.9327381767235,77.81767406304195,76.61265208025426,76.89508056640625,3420000
2021-11-09,76.16077098154926,76.59382270297645,75.24759373274337,76.04779815673828,4193800
2021-11-10,75.79304631901675,76.49124986795498,75.31184857654178,76.18932342529297,4739000
2021-11-11,76.62333339616374,77.44419919173644,76.01948058051029,76.80260467529297,2794800
2021-11-12,76.7459885193175,77.6706421923726,76.05722227580631,77.47250366210938,4681400
2021-11-15,77.83104244129211,77.88765859420712,77.01018380820834,77.2932357788086,3302400
2021-11-16,77.12342218660345,77.52913659745664,76.47239744248692,77.18946838378906,4383200
2021-11-17,76.92524476644016,77.13282048096109,75.62318873693425,76.82145690917969,5613500
2021-11-18,77.08566351254115,77.44420610279565,76.63277745963256,77.10453796386719,3297500
2021-11-19,76.19875570156465,76.4157614939319,74.39662719006881,75.64207458496094,6394900
2021-11-22,76.63277398224766,78.57642486797872,76.4251982180446,77.2932357788086,5896200
2021-11-23,77.68008970667887,78.43490222692677,77.03849510529628,78.2556381225586,4321800
2021-11-24,77.73669518232758,78.74626237176714,77.73669518232758,78.4443359375,4725400
2021-11-26,75.21750185855048,75.31185252711396,73.53803548323874,74.67969512939453,5773800
2021-11-29,75.88740588037182,76.31198751566477,74.47212416473526,75.57604217529297,6017600
2021-11-30,74.34001956909552,74.63250877209653,72.85869190466462,73.01908874511719,9711300
2021-12-01,75.10428174811788,75.75531364208345,72.14162592689013,72.20767211914062,6029400
2021-12-02,72.91530612323781,75.95344507812177,72.53789626079049,75.59490966796875,8382000
2021-12-03,75.95345568689828,76.42521628122684,73.27385896638985,74.0381088256836,7344000
2021-12-06,75.18919307131505,76.4063360620067,74.2079303377692,75.8307876586914,4488800
2021-12-07,76.70825185870416,77.57628935690789,76.33084205994375,76.71768188476562,4333000
2021-12-08,76.69881986074925,77.26493099822062,75.9628746621871,76.61389923095703,4138300
2021-12-09,76.16100958627837,77.1988811554743,75.77416255495905,76.10440063476562,3652800
2021-12-10,76.59503891169174,76.59503891169174,75.12314838134625,76.24593353271484,3864900
2021-12-13,75.934569171742,76.12327048221634,74.33057923873571,74.89669036865234,5057400
2021-12-14,74.7834949637009,76.67996745963491,74.56648191271317,76.22708129882812,6068800
2021-12-15,76.33084831653218,77.2554948408676,75.05709643999207,76.9913101196289,5307200
2021-12-16,78.7840125122435,80.90693500508839,78.30281473162013,79.15198516845703,9825000
2021-12-17,78.80285939999172,79.43502384977486,77.01017551704847,78.26505279541016,13350300
2021-12-20,77.01021096905959,77.01021096905959,74.50044085996592,76.12329864501953,6446300
2021-12-21,77.10453905936626,78.55756229687272,77.10453905936626,78.49151611328125,4353500
2021-12-22,78.30281740926918,79.72753634654342,77.944281967453,79.61431121826172,3945200
2021-12-23,80.25590662733656,81.1428188108809,80.23703937169513,80.32195281982422,3570400
2021-12-27,80.52952063678372,80.97297668457031,80.21815696087045,80.97297668457031,2815000
2021-12-28,80.78428378470626,81.54853361581209,80.44461559343807,80.67105865478516,2719000
2021-12-29,80.70878871770812,81.29377434013877,79.91622731962485,80.16154479980469,4196900
2021-12-30,80.3502662530492,81.32209190591307,79.62375092134836,79.70867156982422,3079200
2021-12-31,79.6520546573072,80.00116007821856,78.99159272422645,79.35012817382812,3223200
2022-01-03,79.79357423365512,81.01071724164917,79.38785989765711,80.91636657714844,6739700
2022-01-04,82.11465564718377,85.71890664008919,81.9070798143286,84.8791732788086,12870700
2022-01-05,84.91690101861946,85.5396284147002,84.25643911231704,84.265869140625,9568800
2022-01-06,85.77549344966293,86.33216735767593,84.39794652108465,85.6150894165039,7941200
2022-01-07,85.4358465766025,87.10587591444455,85.01125772229,86.55863189697266,7344300
2022-01-10,86.31328940348475,86.93600941317472,83.94505008518782,86.47368621826172,6821800
2022-01-11,87.14360335928014,88.78532794442843,86.5491876987508,88.60606384277344,8977700
2022-01-12,89.0212122157748,89.68168128907217,88.09656559105082,89.46466827392578,8669100
2022-01-13,88.12485436877593,89.39860615663888,87.61535221393208,88.1059799194336,9123000
2022-01-14,87.74746751697187,90.21949553740288,87.36062038769464,90.13457489013672,10057100
2022-01-18,89.54959337037074,89.64394404310995,84.57723301372059,86.95491027832031,15343500
2022-01-19,87.74747363331835,88.04940013637489,85.83212670469447,86.34162902832031,9110700
2022-01-20,87.30400796028961,88.04939050787122,86.25669894266817,86.2661361694336,8790900
2022-01-21,85.92645810850857,85.92645810850857,83.34121255621308,84.16207122802734,9773200
2022-01-24,81.567385750233,84.02997608115398,80.36911727431254,83.69974517822266,13314700
2022-01-25,82.34107635365416,84.62440269583774,80.897490342962,83.52991485595703,9155100
2022-01-26,84.90744848680822,86.12459137916483,83.97336475955542,84.92632293701172,8703900
2022-01-27,85.869852302527,87.65310650131323,84.02055191854475,84.63383483886719,10986500
2022-01-28,83.93562998436751,85.32260705054694,81.31264267212075,83.88845825195312,13898000
2022-01-31,82.90719970839935,83.28460238077221,80.12380820943488,82.74679565429688,12540800
2022-02-01,83.61483019390644,85.30373357869593,82.63356753019387,84.97349548339844,9309100
2022-02-02,84.86971419975669,85.57735497584747,83.31291025115235,85.25656127929688,6511500
2022-02-03,85.23770124106129,86.42653996150372,83.73750599734443,83.86959838867188,7044400
2022-02-04,83.92618825876616,87.81349728630302,83.92618825876616,86.70957946777344,8962400
2022-02-07,87.33230320057321,88.54000895293296,86.7001458455871,87.87954711914062,5368300
2022-02-08,88.47395612049067,89.89867476745012,88.398479915511,89.59674835205078,8092700
2022-02-09,90.23837175747451,90.80448306767092,88.90801053843776,89.18162536621094,5545100
2022-02-10,88.55756448194354,90.31622817943068,87.47021310141444,87.79168701171875,9336400
2022-02-11,87.20547007655709,87.59313022467671,83.68812817772483,84.25543975830078,12520300
2022-02-14,84.3594507265022,84.50128043013535,81.53234274611717,82.96007537841797,9735700
2022-02-15,84.2932728597408,85.49408241366856,84.05689240147666,84.75657653808594,6049500
2022-02-16,83.73540701505364,84.94567374628612,83.43284033224552,84.46346282958984,4936600
2022-02-17,83.20591463468175,83.52738856952983,81.22977762471214,81.33377838134766,7858200
2022-02-18,81.05957878776042,82.11855847851794,80.69081868686237,80.94611358642578,5605800
2022-02-22,80.62463854075479,81.59853202808564,79.53729427104365,79.96277618408203,7000700
2022-02-23,80.7191891722874,81.80653334343438,77.70297267652022,78.05281829833984,7808600
2022-02-24,74.85695471604667,78.09063734813903,73.29684239621875,77.78807067871094,10687500
2022-02-25,77.92990200753722,81.75926803478173,77.89208027135048,81.0784912109375,9128100
2022-02-28,78.48777601886503,80.83266632342595,78.1379303140976,79.85877990722656,9401400
2022-03-01,78.62959245714866,79.06453159796096,72.3418713557423,73.61832427978516,14470700
2022-03-02,74.69621290683577,78.04336052805886,74.52601871545976,77.3531265258789,10446900
2022-03-03,77.53278082689933,77.80698299059667,75.67955912644395,76.31305694580078,6544700
2022-03-04,74.22344707450816,75.26351941241856,73.42921237733357,74.91368103027344,6676000
2022-03-07,74.11945075793344,74.96096455368874,72.07712749181947,72.20004272460938,7950500
2022-03-08,72.94698891558635,73.46702143905038,70.56427057346453,71.5665283203125,7100700
2022-03-09,74.86641321994652,75.79302771848586,73.90198419912754,75.06497192382812,5883900
2022-03-10,73.87360922348375,75.48100047218848,73.47649183326284,75.31080627441406,5030900
2022-03-11,76.87091789087017,77.20184904654263,75.79302371881809,75.86865997314453,6321000
2022-03-14,77.81644395539632,80.19915562333684,77.37204757272777,78.7241439819336,9527100
2022-03-15,79.52783079265924,79.78311847769737,77.81643882344727,78.6390380859375,5805400
2022-03-16,80.32207412316998,84.1419830655137,79.96277843568178,84.09471130371094,10413500
2022-03-17,82.94117392251427,84.92676827106956,82.03347385499637,84.88894653320312,6689600
2022-03-18,85.08748948015467,85.8249951974948,84.55799967565561,85.0969467163086,13003200
2022-03-21,85.14423210710359,85.40897702932703,83.43283292200242,84.160888671875,5782200
2022-03-22,85.3428013424417,87.93352910481713,85.3428013424417,87.17710876464844,8382700
2022-03-23,86.2599558641571,87.01636896604636,84.86058044433594,84.86058044433594,6159300
2022-03-24,85.67372879110164,86.52469983315369,84.99295195746001,85.9762954711914,6164600
2022-03-25,85.08750605255793,86.48688151183431,84.36891466756637,86.38287353515625,6894600
2022-03-28,86.46796601681942,86.84617618084981,85.71155290251752,86.79890441894531,4194000
2022-03-29,87.99970972002416,88.08481042939039,86.07084446823913,86.25049591064453,6072600
2022-03-30,86.43959108286758,86.54359904576518,83.5652042824641,83.92450714111328,7478300
2022-03-31,83.63138555846604,83.96232390104235,79.60346859554494,79.71692657470703,12792300
2022-04-01,80.71918262426834,80.87046233105487,78.21354890937927,78.98887634277344,10638900
2022-04-04,78.55393481845499,79.4332701788764,77.61786325771926,77.8164291381836,9851100
2022-04-05,77.79751559253407,79.80202396857126,77.21129682111588,77.40039825439453,8913800
2022-04-06,76.77637220031163,77.99609626621769,76.23742502828424,76.46435546875,7083100
2022-04-07,76.04832279315775,76.29416049436304,74.31801607387304,75.67011260986328,8144100
2022-04-08,76.30359058816617,77.79751645439231,75.76464356221842,77.23966217041016,6617700
2022-04-11,77.17348762910629,78.92270141925687,76.71017677891798,77.13566589355469,5632300
2022-04-12,77.23966388991768,78.2513717405793,75.2446126831562,75.70791625976562,7596900
2022-04-13,75.7173999649379,79.47112328431848,75.34864697921255,79.26310729980469,9598100
2022-04-14,79.42384582703927,80.92722230330334,77.96774112122567,78.241943359375,11563000
2022-04-18,72.14330908463553,72.80517139361973,68.92853384008771,70.8573989868164,24023500
2022-04-19,70.95194620148665,73.44812280571074,70.9046672330039,72.71061706542969,15361200
2022-04-20,73.33467079922275,73.87361795357269,72.19059025099779,72.28514099121094,8671300
2022-04-21,73.38194176193204,73.97761785260235,66.92402663941245,69.27837371826172,18283400
2022-04-22,69.30674003582658,69.51474873988634,66.42289610928002,66.48908233642578,11945500
2022-04-25,65.81776720117321,66.87675411961678,64.81551649102222,66.47962951660156,9841800
2022-04-26,65.95959070043105,66.75382540427935,64.77768866702044,64.8060531616211,8661200
2022-04-27,65.24099708107249,66.50799269221699,64.80605796618298,64.84387969970703,6988200
2022-04-28,65.3639193233936,65.82723019849438,63.87000036444792,65.3544692993164,6481100
2022-04-29,65.2410025942011,65.81777145510561,62.54626697327932,62.716461181640625,7744600
2022-05-02,63.93618720065734,64.97625974583923,62.839378441686655,64.19147491455078,8411800
2022-05-03,64.43730276792228,66.20542366070009,64.23874408436872,65.67593383789062,9513300
2022-05-04,65.78939250020481,67.69934289547024,65.11807305188727,67.47241973876953,6842000
2022-05-05,66.56472515326095,66.70655484255477,64.61694566205846,66.04468536376953,7036300
2022-05-06,65.5530241173856,65.76104005486891,63.08521179316711,63.747074127197266,8118100
2022-05-09,62.820470845803946,62.86774260765805,60.305379389378395,60.63631057739258,9216400
2022-05-10,61.22252741702827,62.1869563351041,60.031171713777674,61.061790466308594,6661700
2022-05-11,61.46837590269751,63.82272322861154,61.02397949045981,61.572383880615234,10257400
2022-05-12,61.344748298572455,62.388024878742364,60.07384582960671,61.60082244873047,8308100
2022-05-13,62.37854479507017,62.76740648137723,61.56289763946507,62.22679901123047,6799100
2022-05-16,61.41113868652183,61.932780596784525,60.130753458400704,60.73775100708008,6051600
2022-05-17,62.31214219540168,62.86223592826356,61.01279159396337,61.83792495727539,8095200
2022-05-18,61.098159239246655,61.13609749407547,59.599634353419574,60.00746154785156,7867300
2022-05-19,59.002116814058155,60.37734773600782,58.75552540489046,59.42891311645508,9179100
2022-05-20,60.054883140451054,60.34889919124224,58.35718420928568,60.016944885253906,7793700
2022-05-23,60.82310870542874,61.951748202595105,60.282504887193575,61.90432357788086,6723400
2022-05-24,61.562896386650756,61.63876565903553,59.609116094105254,60.64291000366211,5758700
2022-05-25,60.57650764516562,63.307999889385385,60.0928076648928,62.40699005126953,10584800
2022-05-26,63.46924351314607,65.859302825748,63.4028533786839,65.27127075195312,7846700
2022-05-27,65.64114480546202,66.9879199342619,65.31868057855796,66.94998168945312,7402900
2022-05-31,66.50424038434478,67.31989476371217,66.13435144904818,66.48526763916016,11549000
2022-06-01,66.95000523741976,67.2914423248102,65.32818269030659,65.98260498046875,5065800
2022-06-02,66.39042019687182,68.03121519414067,65.68858063800829,67.97430419921875,5380700
2022-06-03,66.85515078012581,67.64235320947164,66.33351610847298,66.4568099975586,3561900
2022-06-06,67.42420871604914,67.74668022590207,64.3797346775204,64.55045318603516,8687300
2022-06-07,63.67790647318497,64.16161020608992,63.080395204996044,64.00985717773438,14689200
2022-06-08,63.07090197476299,63.36491439025896,61.98968709121703,62.34061050415039,10059100
2022-06-09,62.26473388818939,62.5587463031658,60.898985727815635,60.93692398071289,7698400
2022-06-10,59.95056032501644,59.95056032501644,58.48996992596387,59.01161193847656,8355100
2022-06-13,57.10524963931106,58.442542356504006,56.28959525813119,57.133705139160156,12359000
2022-06-14,57.797599847862756,58.83139364623958,57.010401057167,57.95883560180664,11800900
2022-06-15,58.68913446896287,59.67550371014568,58.091619653772334,58.33821105957031,11274400
2022-06-16,57.17163548399561,57.85450954125602,56.71638731848561,57.72172927856445,9045900
2022-06-17,58.309756663298515,58.44253692361394,56.830197438374974,56.89659118652344,16943900
2022-06-21,59.07799370527292,60.329927121802186,58.86933692985438,59.163352966308594,10367600
2022-06-22,58.224397420152656,59.618597389745105,58.06316528058956,59.220252990722656,6636600
2022-06-23,59.36252654626269,59.58066608769658,57.65534485217795,58.83140182495117,6216700
2022-06-24,59.59014917589802,61.344751783494495,59.476334416039045,61.107643127441406,16120000
2022-06-27,62.027626265098874,62.027626265098874,60.235081774826874,60.84208297729492,6530900
2022-06-28,61.78103241881846,62.22679786133025,60.67136561680963,60.86104965209961,7243500
2022-06-29,60.84208552451669,61.12661158391245,59.884164481791714,60.339412689208984,5628900
2022-06-30,59.29613335758035,60.24456798527423,57.845029534965825,59.92210006713867,7550100
2022-07-01,59.93158644296302,60.671367957500614,59.220260429209574,60.62394332885742,4653800
2022-07-05,59.43839515051359,60.130755598229726,58.22440000995329,60.12126922607422,4476900
2022-07-06,59.74190462740869,60.785177754617095,59.49530957403987,60.168697357177734,6266000
2022-07-07,60.623941840996984,61.14558379934009,60.36786766616269,60.92744064331055,4713500
2022-07-08,60.813629855690024,61.2309361640172,59.922099005932346,61.04125213623047,4558600
2022-07-11,60.29199193897853,60.34889932189746,59.476337540429675,59.69447708129883,4999200
2022-07-12,59.22024794156994,60.56702679163967,58.85035907129437,59.04004669189453,6283000
2022-07-13,58.214923688720184,58.80295219765921,57.588956922948626,58.376155853271484,4370300
2022-07-14,57.181125249870206,58.01574512718182,56.517220279015625,57.446685791015625,5681100
2022-07-15,58.18646088061315,59.3056139907014,57.79760284188695,58.973663330078125,7219800
2022-07-18,60.40579999976518,60.40579999976518,57.69328000976138,58.08213806152344,9338600
2022-07-19,58.75552724506937,60.1023027103786,58.49944945561106,59.941070556640625,6802700
2022-07-20,59.92210726756045,60.2730271089373,59.182329326822384,59.59015655517578,6765800
2022-07-21,59.751382049749864,59.89364869230281,58.76500916029329,59.87467956542969,6901300
2022-07-22,60.10230396700451,60.59549042908868,59.39097796518928,59.74190139770508,6794100
2022-07-25,60.225604258894386,60.63343147481124,59.76086965773634,60.37735366821289,6720300
2022-07-26,60.14972112438366,60.15920749654198,57.78812097568818,58.015743255615234,5592300
2022-07-27,58.18646375816838,59.60911571917975,57.99677972442636,59.28664779663086,5267500
2022-07-28,60.8041456223526,64.2374816395254,59.580664062940045,64.20902252197266,16393500
2022-07-29,64.2090254135875,66.64650226966533,64.1331561379764,65.48941802978516,9927900
2022-08-01,64.43665942841491,65.54632635268707,63.829661765429314,65.17643737792969,5941400
2022-08-02,62.32164127661373,64.49355753850783,62.20782651129804,64.06676483154297,13210100
2022-08-03,65.04365172153291,66.01105190580503,64.92983695562583,65.42302703857422,6793600
2022-08-04,65.54630682520751,65.84031919550414,64.96776121941166,65.44197845458984,5798900
2022-08-05,64.77808632129097,66.68443466465007,64.6547851917927,65.73600006103516,4870900
2022-08-08,65.79290676949942,66.02052903345624,64.55993897076915,64.92034149169922,4403900
2022-08-09,65.26178391645674,65.5652827055559,64.86344311251067,65.47992706298828,3940000
2022-08-10,66.39043037899566,66.6749636892987,65.38509189162818,66.33352661132812,6992600
2022-08-11,67.40863334708615,69.23537230805854,67.33251740900846,69.04508972167969,16375600
2022-08-12,69.45418599446614,71.54732294282876,68.39810121576302,71.35704040527344,15009800
2022-08-15,70.57687950796652,72.83176488934875,70.33902267587696,72.17527770996094,12471500
2022-08-16,71.69957001121016,73.64999910014667,71.61393776994976,73.43116760253906,11219100
2022-08-17,72.16575667559997,72.98398470507941,71.34752864612054,71.7947006225586,9084300
2022-08-18,71.69005289470559,72.47022306970275,71.36657106403565,72.07062530517578,3790300
2022-08-19,71.45220615577396,71.58540542946356,69.88234927721402,70.2724380493164,5133600
2022-08-22,68.97848773733936,69.40662717149334,68.36005846448295,69.02606201171875,3994900
2022-08-23,68.75965584168164,69.57788399635366,68.69305621322299,69.25440216064453,3902800
2022-08-24,69.3971271399035,70.17729743290714,69.18781191954368,69.7586669921875,3712200
2022-08-25,70.10119071509139,70.69107848113384,69.70159283752248,70.40564727783203,4297600
2022-08-26,70.83377685392486,70.98600874327666,68.3410413657253,68.39812469482422,5369800
2022-08-29,68.046088918808,69.3495471555048,67.60843315715003,68.44569396972656,5363600
2022-08-30,68.95945975368457,69.35905751150166,67.4752281036549,68.97848510742188,6952100
2022-08-31,69.30197390007001,69.30197390007001,67.49426750187574,67.50377655029297,7519000
2022-09-01,67.55133746304978,68.36004920626712,66.02905525367345,68.23636627197266,5949300
2022-09-02,68.55033251638078,68.92138854287921,66.59990385704202,66.92338562011719,6188300
2022-09-06,67.57987794294844,67.87481807433535,66.04807945490815,67.04708099365234,4903600
2022-09-07,66.54283172609664,68.66451066901436,66.48574114863573,68.30297088623047,5208000
2022-09-08,68.20783065477822,69.74913835252873,67.78920028807325,69.60643005371094,5304000
2022-09-09,70.21534124117147,71.2238519080243,70.10116734614839,70.91939544677734,6471700
2022-09-12,71.05258905233154,71.37607084098609,70.36756025422305,71.28092956542969,4511700
2022-09-13,69.58741266225081,70.27244168167248,68.99752494912295,69.4066390991211,5310200
2022-09-14,69.58739519390018,69.83476833521974,68.54082656975298,69.21633911132812,5270000
2022-09-15,68.1031761609183,69.91088970259086,68.09365985429264,69.05460357666016,4910100
2022-09-16,68.46470669766869,68.69304721406807,67.25639723712386,68.37908172607422,12599100
2022-09-19,67.80822971474028,70.29145588673912,67.6655214073503,70.12971496582031,7608900
2022-09-20,69.53031111276998,70.90036153383336,69.35905390278525,69.78719329833984,7442400
2022-09-21,70.74813511169256,71.6805298073855,69.31147784601059,69.36856842041016,8087200
2022-09-22,70.00603402908767,70.56737274449357,68.12220447032433,68.55986022949219,8132800
2022-09-23,67.69406659747283,67.86532383408304,66.41915000074886,67.44669342041016,7988600
2022-09-26,67.03757931399772,68.48375314733192,66.85680577012705,67.44669342041016,10467400
2022-09-27,68.28393318721533,69.1307101506688,67.21833927152399,68.1507339477539,6557600
2022-09-28,68.12219068107638,70.18678610276355,68.0175331012845,69.69204711914062,8273400
2022-09-29,68.87382225013215,69.70156662132199,68.09365214787128,69.11167907714844,7057500
2022-09-30,68.92139498928161,70.06310483009268,67.87481916658828,68.37908172607422,7633200
2022-10-03,69.40662617127259,69.92039784014247,68.51228934811245,69.65399932861328,8144000
2022-10-04,71.05258532376693,72.86980754561958,70.95744405320319,72.51778411865234,8491600
2022-10-05,71.79471028758226,73.06011046384828,71.64248567911035,72.24188232421875,6384300
2022-10-06,72.06111621049976,73.29797485360696,71.83277564489168,72.2989730834961,6276900
2022-10-07,71.83277785535053,72.1943177002567,70.01554780550671,70.70057678222656,8063000
2022-10-10,71.20480993786208,71.65198189441368,69.69204413640146,69.98698425292969,6192300
2022-10-11,69.34005165755777,69.55888323346646,67.77020168049131,68.22688293457031,9676100
2022-10-12,68.22686744871146,69.14023700837419,67.30398158126022,68.39812469482422,8460000
2022-10-13,66.90436892084301,70.9574513406787,66.68553744313967,70.47222137451172,9491900
2022-10-14,70.71006542883732,71.35703618056026,65.13470175455784,65.62944793701172,13326300
2022-10-17,67.14223631591892,67.14223631591892,62.21384172741571,64.15475463867188,20113300
2022-10-18,66.25741986331407,67.49427869126964,64.95396139131886,65.27745056152344,11732200
2022-10-19,64.89685259271081,66.2383685147646,64.88733628763423,65.37256622314453,5917800
2022-10-20,65.32502827527658,66.58091252795009,64.53534155534854,64.69708251953125,7761700
2022-10-21,64.94443508610404,66.93291482897662,64.47823044287657,66.90437316894531,6621300
2022-10-24,66.89486639547295,67.8272685559844,66.14323778600725,67.26592254638672,5456300
2022-10-25,67.49425573980702,69.14973722785713,67.2088246430885,68.94042205810547,5144600
2022-10-26,69.07364089768456,70.70058118940284,69.07364089768456,69.4066390991211,5788500
2022-10-27,69.90136543978284,74.002014812073,69.74913358635993,73.5738754272461,16821900
2022-10-28,74.82025971873918,76.77068904156694,74.28746262945843,76.29497528076172,11482000
2022-10-31,76.00953185719814,76.57087777896372,75.13422042065714,75.80021667480469,10450800
2022-11-01,76.19031027754502,77.14173770680863,75.57188099676063,76.00953674316406,5430600
2022-11-02,75.84780477636906,76.72311637250911,74.55386273911154,75.09617614746094,5139100
2022-11-03,74.42064311869454,76.15224048063368,73.82123928572177,75.11518096923828,5370400
2022-11-04,76.10467926925209,76.93242375931644,75.05811053184286,75.21034240722656,9053600
2022-11-07,75.50528936884807,75.80974588812504,74.42066256524787,75.78120422363281,5633700
2022-11-08,76.11418434123965,76.45669875148037,75.16275703697416,75.76215362548828,5142500
2022-11-09,75.76216886957111,76.03884081645228,74.5409617518628,74.67453002929688,4194300
2022-11-10,76.74485367259672,77.2409633825814,72.56605178778132,74.95121002197266,12947100
2022-11-11,76.2678361537232,76.50635202132536,73.94946162947313,74.76041412353516,12172300
2022-11-14,73.58689228490364,73.91127755921977,72.1462620880653,72.95721435546875,12606400
2022-11-15,73.88265299322741,75.32328311529709,73.65367259538554,74.7031478881836,6709500
2022-11-16,74.43599857881252,74.76038381227276,73.82539878763006,73.8540267944336,6278100
2022-11-17,72.85228231283311,74.45510912713411,72.50881890413103,74.32154083251953,6787200
2022-11-18,75.342389053344,76.54451099444171,75.21835615087107,76.143798828125,7540900
2022-11-21,76.25829671697647,76.61130283642123,75.8194283754361,76.32508087158203,5858500
2022-11-22,77.06922995935753,78.43354072968387,76.95474702521203,77.52718353271484,6901000
2022-11-23,78.02330213720047,78.60528138195176,77.52719238178469,77.67030334472656,4386400
2022-11-25,77.8897352392682,78.02330353268933,77.16464501860641,77.86111450195312,1683400
2022-11-28,77.2027900475265,77.5367107015793,76.08653788443958,76.1628646850586,5833900
2022-11-29,76.14378512657298,77.11693371103988,76.14378512657298,76.6971435546875,6043100
2022-11-30,76.36323181017568,78.86288042077094,75.91482086868285,78.7483901977539,10237600
2022-12-01,78.78654588340297,78.8724080830559,77.04060836787627,77.97559356689453,6122000
2022-12-02,77.54625561066956,78.74837727889731,77.02152521884106,78.67205047607422,4227000
2022-12-05,77.96604834084567,78.22364221028688,76.69714249766817,77.50809478759766,4943200
2022-12-06,77.26005374664004,78.05192079988058,76.36323186303362,76.8879623413086,4989600
2022-12-07,76.4586415738808,77.52719522018565,76.31553060569938,76.50634765625,5911100
2022-12-08,77.10739150548984,77.13601223833648,76.1724063185917,76.5635757446289,3898800
2022-12-09,76.24874044958368,76.61128917759908,76.06747336450161,76.15333557128906,5098400
2022-12-12,75.94343201497375,76.84979645515806,75.85756981774752,76.60173797607422,6803900
2022-12-13,78.26181074935594,78.50986924360078,73.7490954502872,74.17842102050781,10448800
2022-12-14,73.93989725380278,75.38053470936282,73.47240832861952,73.7681655883789,8753100
2022-12-15,73.19573307565574,73.76816956495179,72.48972831482143,73.52011108398438,7854500
2022-12-16,73.14804035669803,74.95121963059732,73.0335574052925,74.59822082519531,13857700
2022-12-19,74.65544298694785,75.88618534863811,74.43600525531383,74.66498565673828,6478200
2022-12-20,75.1420196160096,76.4872449420005,74.80809895203488,75.90526580810547,7110700
2022-12-21,76.85931805836466,77.94694936832843,76.82115466235778,77.51762390136719,7123500
2022-12-22,77.38408282472902,77.69892549313592,76.16288283943375,77.08832550048828,6124600
2022-12-23,77.06922759657644,78.37629685975803,76.57311791299705,78.01374816894531,4756400
2022-12-27,78.33813717278572,78.96781515792742,77.95651040173836,78.44308471679688,5346500
2022-12-28,78.5861934957311,79.17770805954149,78.17594600199565,78.56710815429688,3382700
2022-12-29,78.94873145861538,79.15862653165294,78.46215717829418,78.86286926269531,3378500
2022-12-30,78.44308368368432,79.54979329832831,78.23318859842638,79.43531036376953,5058400
2023-01-03,79.73106965457876,79.99820621383255,77.50810041961988,78.17594909667969,7443200
2023-01-04,79.36852523268051,79.883720268525,78.43354003157201,79.52117156982422,6199100
2023-01-05,79.09183815975426,79.75967946643277,78.42398957415143,79.29219055175781,4562400
2023-01-06,80.15085703294733,81.06675689504416,79.3876035084041,80.65650939941406,6462600
2023-01-09,81.09537537951616,82.6504958399104,80.94272176727078,81.50562286376953,8036900
2023-01-10,81.50563815779591,81.97312719490029,81.06676985862684,81.6869125366211,3986600
2023-01-11,81.620118791119,81.9635821638087,79.27311665143101,79.58795928955078,10252000
2023-01-12,79.79784897038216,80.17947572292799,78.92011253477415,79.64520263671875,8211600
2023-01-13,78.95827965592231,79.3589844894477,77.79432128136503,79.16817474365234,9309500
2023-01-17,78.94872704522196,80.62788025672972,78.11868946977184,79.65473175048828,9365000
2023-01-18,77.75614516437652,78.09960847379689,75.69536530785429,77.64165496826172,14026500
2023-01-19,74.38831568222028,74.79856318695386,72.00315746375189,72.8141098022461,23537100
2023-01-20,73.17665059604983,74.45509917509627,72.95722011805296,73.49149322509766,11544500
2023-01-23,72.99540409971446,74.3215518491954,72.99540409971446,74.15936279296875,8610500
2023-01-24,73.63460912897064,76.09609430169097,73.63460912897064,75.6095199584961,6555600
2023-01-25,74.5314171117163,75.93388385075086,74.50278910245395,75.57134246826172,7206500
2023-01-26,75.89573259641385,76.00068013366602,74.17841587676452,74.46463775634766,11540300
2023-01-27,74.80810392895052,75.44732456807526,70.71517165812668,71.25898742675781,19831100
2023-01-30,70.91552415634321,72.84272874679512,70.19043403764222,72.03177642822266,14849100
2023-01-31,72.01269350941428,73.9112772385426,71.89820330504804,73.86357116699219,12526800
2023-02-01,73.54873205560405,75.47594388650386,73.54873205560405,74.65544891357422,9718100
2023-02-02,74.69362595993911,74.80811619065241,72.2416832638408,73.100341796875,13198100
2023-02-03,73.23390536569136,76.50634297333667,73.21482002234139,75.39008331298828,9523200
2023-02-06,75.32329668212107,76.95475137516529,75.27559788317258,76.19149780273438,7816300
2023-02-07,75.49502804939483,77.80386682061662,75.37100243794809,77.46040344238281,5974400
2023-02-08,76.41091888296643,78.19501970346307,76.41091888296643,76.90703582763672,7128600
2023-02-09,76.9261813474057,77.37598727391403,75.52891637879544,76.16056060791016,6292800
2023-02-10,76.17969143521772,77.27070655336485,76.00742550595399,77.00273895263672,4809400
2023-02-13,77.04101890651667,77.86406640069941,76.93574488040707,76.9644546508789,5760000
2023-02-14,77.51954365318322,78.05547890243118,76.91661649777927,77.29942321777344,4482200
2023-02-15,76.90704995667718,77.69181547453836,76.5625180413654,77.02189636230469,4184800
2023-02-16,76.15100543292716,77.61526263792231,75.95002966965056,76.8879165649414,4665100
2023-02-17,76.53380723306904,77.47169397754602,76.43810554712229,76.86876678466797,4764700
2023-02-21,76.24669169387786,77.16544098347836,76.1796997863519,76.46681213378906,5828300
2023-02-22,76.24670832681586,76.73479650330556,75.69162822818616,76.56253051757812,5389100
2023-02-23,76.87833795023532,77.08888603699187,75.29923460113164,75.57677459716797,5260800
2023-02-24,75.414066848329,77.3376944401165,75.23222857088446,77.13671875,6470400
2023-02-27,77.63438672392199,77.8257900757185,74.39005099045316,74.53359985351562,7722100
2023-02-28,74.80157694600034,75.41407645146529,74.01680419670518,74.57188415527344,9474800
2023-03-01,74.38047865537848,74.82071220590238,73.03106092961558,74.08380126953125,7389500
2023-03-02,73.5574213753847,74.16992078223507,72.18886641598522,72.82050323486328,8579900
2023-03-03,73.08848777642814,74.46660797324257,72.73438354376835,74.08380126953125,5845600
2023-03-06,73.34687587695086,73.99765743197725,72.67695690923361,73.30859375,6969900
2023-03-07,73.11720749143477,73.34689300520787,71.66251553387312,71.72950744628906,6377900
2023-03-08,71.681659954584,73.18419909958398,71.59552332379543,72.92579650878906,5371900
2023-03-09,69.4900525384994,70.0164227442798,61.5945432612155,63.6138801574707,40220100
2023-03-10,62.838678830024485,62.838678830024485,54.84746526328175,56.177738189697266,88882900
2023-03-13,49.53594440734734,52.54102611548665,43.06641365178082,49.679500579833984,148476900
2023-03-14,56.74239375810336,58.48419065013711,52.636728090830175,54.24454116821289,112494900
2023-03-15,54.59864374549822,57.40274619906271,52.1964964012058,56.9912223815918,87012300
2023-03-16,55.90020414392117,57.4218842218311,53.44063372848221,55.39297866821289,66199500
2023-03-17,54.10098395077768,54.84747092637437,51.450006530909015,53.986141204833984,64528800
2023-03-20,56.043759463430405,57.393173576113114,53.54590695359995,53.699031829833984,46523700
2023-03-21,55.986335981747956,57.42188305820303,54.85703865620716,56.91465759277344,39433900
2023-03-22,56.5222774355857,56.7423942258677,53.83301780940223,53.842586517333984,35735700
2023-03-23,53.73731000780353,54.44551113923481,50.53125289953944,50.61738586425781,46162500
2023-03-24,49.85176773756284,51.784971679878474,48.913877366678356,50.971492767333984,45393100
2023-03-27,52.46445682353659,52.92383142038382,51.77539310287336,52.50273895263672,27218100
2023-03-28,52.00508359404178,52.19649059379025,50.69395166955977,51.536136627197266,23163200
2023-03-29,51.65097933306452,52.86640949636366,50.80879078471854,52.83769607543945,26360200
2023-03-30,51.459575026292995,51.84238536762944,49.641214039894315,50.21543502807617,45460400
2023-03-31,50.196291060948255,50.38769804594137,48.5789058710803,50.12929916381836,43886100
2023-04-03,50.512113971547834,51.28731068680117,49.32539713055065,49.35410690307617,24883200
2023-04-04,49.430669463396185,49.70820577342499,47.74629228467936,47.851566314697266,29144500
2023-04-05,46.96153336458179,47.296492914657435,46.28204190540817,46.77012634277344,37753000
2023-04-06,46.70313325824783,47.60274514288766,46.48301646647867,47.22949981689453,28155000
2023-04-10,47.38262322689064,49.928326616638024,47.36348581149294,49.49766540527344,31528500
2023-04-11,49.33496944718692,50.04317431117032,49.0287196818928,49.488094329833984,19861900
2023-04-12,49.83262783460041,50.5121192950728,49.0670033966889,49.68907165527344,19174400
2023-04-13,49.401961200498754,49.717783323536175,49.09571143616347,49.277549743652344,16165100
2023-04-14,49.918754890672574,50.03359763004032,47.966410067496554,48.58848190307617,32171900
2023-04-17,47.37304789537797,50.55039142175268,46.894532260071124,50.502540588378906,52377600
2023-04-18,50.24414433373345,51.9189491448579,50.03359627494097,51.679691314697266,36872300
2023-04-19,51.67969191804011,53.85215347935561,51.67012321106727,53.163089752197266,35415600
2023-04-20,52.215630168539604,53.47891121972498,51.44043348453663,51.679691314697266,24735700
2023-04-21,51.92851860236826,51.97637308971996,50.818362400406514,51.488285064697266,17572800
2023-04-24,51.344742154610664,51.890249825189926,50.73223891937023,50.8375129699707,13246100
2023-04-25,50.36856320948639,50.56953892572295,48.67461720666747,48.837310791015625,17042900
2023-04-26,48.34922826343175,49.067001835660626,48.13868018066002,48.42578887939453,11422600
2023-04-27,48.550201289558835,50.0527402585332,48.196100702489616,49.507232666015625,12315900
2023-04-28,48.96172001949902,50.17715018023241,48.61718817541275,49.99531555175781,12797300
2023-05-01,49.870909977447425,50.79923166213553,49.19141851686256,49.58380126953125,11041000
2023-05-02,49.3828204015415,49.47852573515574,46.9423909815487,47.94727325439453,20934400
2023-05-03,48.215243024777884,48.41621874288357,45.6982494168747,45.966217041015625,22505400
2023-05-04,45.15274100433774,45.55469243337585,43.68848415457748,45.33457565307617,26316200
2023-05-05,46.990234355989124,48.11953155769013,46.483008946182345,47.12422180175781,22019600
2023-05-08,47.832426768905954,48.100394380525934,45.458989442427104,45.583404541015625,19204700
2023-05-09,45.497270830799515,46.205471978754034,45.08574706207533,45.88008117675781,11467400
2023-05-10,46.550004064911434,46.62656832493461,45.17188024155802,45.506839752197266,12343400
2023-05-11,45.3625297515792,45.968643605804644,44.7852737431653,45.92053985595703,11764000
2023-05-12,46.85377153586733,47.902449509652456,46.48817640342524,47.08467102050781,19336800
2023-05-15,48.595151215315546,49.83624786233765,48.29690574438233,49.00885009765625,22098000
2023-05-16,48.74908064336146,49.258990651837564,48.181451275007824,48.191070556640625,12351700
2023-05-17,48.78757140519123,50.19222158999145,48.171834538981884,49.855491638183594,19884400
2023-05-18,49.990181118939944,50.17298051513504,49.06657586581465,49.788143157958984,12764900
2023-05-19,50.15373807116206,50.24032629266161,49.182025399880345,49.71117401123047,11963900
2023-05-22,50.02866696849531,50.16335894619751,49.31671893910795,49.99980545043945,9277400
2023-05-23,50.24032830909917,51.32748709257295,50.18260160242222,50.788719177246094,14865300
2023-05-24,50.28841701588392,50.65401204195058,49.97092572928076,50.105621337890625,10073300
2023-05-25,49.93245631918568,52.21260785413014,49.74965692945299,52.183746337890625,18822400
2023-05-26,52.16449765853565,52.433881563703245,51.35634227295242,51.635345458984375,11521400
2023-05-30,51.95284243479429,52.289572352913396,51.17354847704327,51.79890823364258,12334200
2023-05-31,51.35634525884668,51.51989873361313,50.48084384606928,50.692501068115234,17631500
2023-06-01,51.231270271007816,51.288996967190045,50.384630410737635,50.70212173461914,10750300
2023-06-02,51.13507181471387,52.597445008879816,51.13507181471387,52.30881881713867,12279800
2023-06-05,52.33767838680014,52.52047409892706,51.423692486004036,52.34729766845703,8658000
2023-06-06,51.79890912523557,52.60706461271271,51.65459420351143,52.53971862792969,10894800
2023-06-07,52.895689744462885,53.992471383709656,52.279952941382646,53.52104949951172,15622200
2023-06-08,53.35748926460359,53.49218122373687,51.86625109264414,52.943790435791016,11732600
2023-06-09,53.04962421858429,53.23242360612124,52.645548315761104,52.91493225097656,7863000
2023-06-12,52.866832033928176,52.95342025747377,51.09658676261469,51.92398452758789,11268600
2023-06-13,51.9528482515518,53.03038778025753,51.78929475017666,52.674415588378906,10611600
2023-06-14,52.14526622081023,53.24204797040434,51.67384061910126,52.28957748413086,14994400
2023-06-15,52.0779128220058,53.49218208577719,51.90473639459205,53.40559387207031,12833800
2023-06-16,53.77119240532862,53.77119240532862,52.21260812881964,52.33768081665039,19693500
2023-06-20,51.94322475036256,52.08753600396001,51.38521096022572,51.885498046875,9151500
2023-06-21,51.760427363076836,52.068295786776474,51.385212951072965,51.92398452758789,13934100
2023-06-22,51.90473509529842,51.93359660911801,50.75022683146694,51.192787170410156,9009500
2023-06-23,50.70212864927869,51.33710771355844,50.51932925481206,51.1543083190918,21942900
2023-06-26,51.28899682522862,51.60648447815087,50.9618862212624,51.38520431518555,10131400
2023-06-27,51.70269851179143,53.29976715637166,51.058096548995906,53.126590728759766,12367300
2023-06-28,53.357483517082265,53.694217048724084,52.95340768320836,53.66535186767578,9910600
2023-06-29,54.665936065706234,55.17584242859881,54.34844837544058,54.97380447387695,15151100
2023-06-30,55.368259349457595,55.62802399877325,53.9443670891976,54.53124237060547,18007600
2023-07-03,54.49276724391881,55.89741751128875,54.49276724391881,55.53182601928711,6410600
2023-07-05,55.20470727001925,55.377883707293044,54.42541330228714,54.540863037109375,7979600
2023-07-06,54.04057325217556,54.35806459463251,53.33824825622982,53.83853530883789,8730300
2023-07-07,53.69422982474881,55.22395266140327,53.61726088374629,54.63707733154297,9493600
2023-07-10,55.560680597908096,55.79158374250127,54.925701537878105,55.63764953613281,8258900
2023-07-11,55.80120498849496,55.926277682471195,55.20471037658548,55.39712905883789,8430600
2023-07-12,55.993614077841535,56.57086635562197,55.80119542855456,56.19565200805664,8909900
2023-07-13,56.5131498711695,57.70613902868985,56.47466540284152,57.65803527832031,12598300
2023-07-14,57.97551698288916,57.98513993401838,56.26299868994106,56.301483154296875,12775200
2023-07-17,56.16679707740732,57.09040229812598,55.897409468803694,56.41693878173828,15512600
2023-07-18,62.19910284420133,64.41190483090354,61.57374304833425,63.507545471191406,45975500
2023-07-19,65.29703738138805,66.19178118917172,63.517165378905496,63.53641128540039,22153000
2023-07-20,63.46905449506521,65.40285671969778,63.28625511527645,65.36437225341797,13621600
2023-07-21,65.60490861793497,65.67225461321004,63.94048996304675,63.95973587036133,9887900
2023-07-24,64.1617661202763,64.78711856950554,63.825028844337986,64.03668975830078,7414600
2023-07-25,63.69033896665749,64.14252232679766,62.68014912607425,62.95915603637695,9973200
2023-07-26,63.19005467852122,64.52735883544698,63.16119316062764,64.09442138671875,6704700
2023-07-27,63.93085520912545,64.96029085555439,63.093841899510366,63.32474136352539,9199000
2023-07-28,63.59413030026484,64.04631365216582,63.21891588914747,63.45943832397461,6675500
2023-07-31,63.61337355950575,63.699958109164136,62.7571143143507,63.5941276550293,8651900
2023-08-01,63.24778470991434,63.44020708409175,62.90143177655804,63.228546142578125,5942300
2023-08-02,62.66090377204818,63.10346418327035,62.37228124655323,62.86294174194336,9585300
2023-08-03,62.593554663061795,63.74806672799972,62.53583162887161,63.37285232543945,7426600
2023-08-04,63.31511769365762,63.44980965781913,62.266443495519944,62.458858489990234,7367000
2023-08-07,62.89179907571321,63.56525885195227,62.728238267059965,63.469051361083984,5825100
2023-08-08,62.32416941823905,63.19967456608182,61.43904865833959,63.03611373901367,6325600
2023-08-09,62.920665044223604,63.44019433989228,62.391512796738404,62.81483459472656,6617500
2023-08-10,63.007988147020214,63.64541157253923,62.29330730465458,62.331939697265625,7347000
2023-08-11,62.042202260321126,62.66030582351325,61.7524666755983,61.88768005371094,6573200
2023-08-14,61.549649509093065,61.58828190119153,59.43457577823575,59.66636276245117,12327500
2023-08-15,58.913051432404096,59.260735604098166,58.31426407236864,58.88407897949219,8753400
2023-08-16,58.43981135845683,58.951681338157165,58.30460167165632,58.381866455078125,6402800
2023-08-17,58.23700599399363,58.5653740068418,57.599586167192854,57.72513961791992,8660700
2023-08-18,57.068399319798694,57.80239640193839,56.94284587847118,57.48368835449219,5949400
2023-08-21,57.50300373289764,57.64786968542325,56.662765734659864,57.367794036865234,7448800
2023-08-22,57.65752754816003,57.65752754816003,54.33521543766764,54.52837371826172,17490000
2023-08-23,54.51872095588354,56.13158478119883,54.42213996730334,56.03500747680664,10628400
2023-08-24,56.01568616174382,56.68207834322252,55.42655507988304,55.86116027832031,6727400
2023-08-25,56.237817894211936,56.546869666583575,55.61005809341418,56.16055679321289,8367200
2023-08-28,56.51789219165188,57.14565193666246,56.469603547295286,57.02975845336914,4952700
2023-08-29,57.09736876004229,57.8506856840562,56.49858140746735,57.416080474853516,7604200
2023-08-30,57.5706010444004,58.198360791541106,57.261549298444606,57.73478317260742,10299000
2023-08-31,57.73479407017211,57.80239892209878,57.0104532130822,57.12635040283203,6687700
2023-09-01,57.53197759490129,58.77784471173409,57.46437274523018,58.43016052246094,9392600
2023-09-05,58.62331807375449,58.87442127161786,57.58992545991455,57.638214111328125,6085800
2023-09-06,56.95250711489581,57.27121516959226,55.69698004143478,56.27645492553711,8534800
2023-09-07,56.257135486277576,56.59515971938695,55.64868818249289,55.84184646606445,6351600
2023-09-08,55.65834632615359,57.396763453800624,55.610057677866564,57.30018615722656,9554100
2023-09-11,57.841027088192995,58.51707924220145,57.58026395661026,57.77342224121094,7641700
2023-09-12,57.860343225179086,59.05792164111337,57.76376592507264,58.4494743347168,9448200
2023-09-13,58.71989098369747,58.893733063131435,55.9191088851714,56.72071075439453,13621300
2023-09-14,57.31950035276444,57.879659005072405,57.04908096706422,57.71547317504883,8074200
2023-09-15,56.015690186308184,56.61447756707196,54.87606033261033,56.22816467285156,23653400
2023-09-18,56.00602751681068,56.25713068509219,54.991947535652145,55.88047409057617,8713500
2023-09-19,55.86116583507392,56.2088500284094,55.426560593404574,55.75492858886719,7313900
2023-09-20,55.92876425417534,56.39234189725225,54.69255720597024,54.73118591308594,8867700
2023-09-21,54.315899662851635,54.905027041204924,54.035820357022786,54.09376525878906,8686200
2023-09-22,54.08411313859172,54.277271422352825,53.23421890055554,53.2631950378418,7019500
2023-09-25,53.07969558856097,53.63019432929676,52.69338268646267,53.45635223388672,6994300
2023-09-26,52.867225604649406,53.0990126126781,51.698619570830814,52.345699310302734,8948800
2023-09-27,52.56782371185489,53.34045311893976,52.26842820477742,52.519535064697266,7746700
2023-09-28,52.654750994814094,52.905854200325,52.06561985073737,52.68372344970703,6154300
2023-09-29,53.21490218680822,53.90061427170824,52.7706407174049,53.02174758911133,8061700
2023-10-02,52.86722344359037,53.07969424490014,51.447514261742946,51.717933654785156,8859300
2023-10-03,51.11914548204076,51.196406585627976,49.013727909612044,49.5449104309082,15459400
2023-10-04,49.506283912276096,49.81533941586631,49.004077468889186,49.651153564453125,10421900
2023-10-05,49.361406625880846,49.65114217961122,48.308697956116795,49.31311798095703,8601700
2023-10-06,48.81090996017088,50.07608945606041,47.961015774921066,49.757381439208984,11471300
2023-10-09,49.11996458462498,50.008487528671424,49.10064838790382,49.979515075683594,8168600
2023-10-10,50.37548422931773,50.79077321810899,49.940879045212036,50.00848388671875,8373800
2023-10-11,50.09541225093723,50.69420334070623,49.371071399541776,50.1340446472168,8068500
2023-10-12,50.24992881680839,50.34650978956521,49.03303803357172,49.747718811035156,9412300
2023-10-13,50.230619150499706,50.45275357461647,49.33243993434721,49.57388687133789,12412900
2023-10-16,48.8785177842957,52.732008778003994,48.60809839784258,51.882118225097656,20509400
2023-10-17,51.42819651069937,52.45193282858147,50.28856669704181,51.85314178466797,15991300
2023-10-18,51.669640337480025,52.06561313475489,49.89259087757115,50.06643295288086,9949100
2023-10-19,50.3175404369104,50.70385701162652,49.815334047642494,50.124385833740234,9981700
2023-10-20,49.73807074700053,50.07609499684863,48.801255420010065,49.12962341308594,9786400
2023-10-23,48.96543535093369,49.16824987637286,47.59401495089547,47.64230728149414,10885600
2023-10-24,48.02862881389138,48.453574136942905,47.59402354929992,48.12520980834961,9022900
2023-10-25,47.79683972372649,47.91273322786452,46.99523408331728,47.68094253540039,8056400
2023-10-26,47.50709741212015,50.05678013012416,47.47812495897746,49.67046356201172,14097600
2023-10-27,49.29380771392902,49.63183195323198,48.19281026684177,48.40528106689453,10574800
2023-10-30,48.98475664143629,49.36141328048305,48.009308935209006,49.013729095458984,9293000
2023-10-31,49.13928035287901,50.38514371493414,48.5791217054131,50.25959396362305,13193500
2023-11-01,50.27891562243832,51.68896496628446,50.085757320114205,51.01291275024414,13862700
2023-11-02,51.74690825520107,53.205246104017604,51.67929972476144,53.05072021484375,14948800
2023-11-03,54.48008831356651,54.89537735210941,53.57224913015467,53.9199333190918,12839200
2023-11-06,54.055141417076825,54.27727215694268,52.71269703725959,53.71711349487305,10606400
2023-11-07,53.61087347797689,53.958557638616924,52.548508484188055,53.3404541015625,10955900
2023-11-08,53.34045562266144,53.4466928619074,52.76098446119517,53.02174758911133,6386800
2023-11-09,53.36131775815538,53.50685010518506,52.352302861387614,52.54634475708008,8548700
2023-11-10,53.02174183000699,53.02174183000699,51.89630339057333,52.78889083862305,6356000
2023-11-13,52.37170711082796,52.98293778327404,52.00302788130035,52.35230255126953,9827200
2023-11-14,53.94344185646525,54.27331198174683,52.623965056380385,53.15757751464844,15361400
2023-11-15,53.652382282321526,55.09799061428017,53.623277291416564,54.40914535522461,10245500
2023-11-16,54.35092677352677,54.447945868493,53.44863512638415,54.0113525390625,10189400
2023-11-17,54.729308433025295,55.107688098731685,54.18599185857635,55.08828353881836,7366700
2023-11-20,55.00096769175792,55.27262784344161,54.37033611690418,54.87484359741211,8233100
2023-11-21,54.709903210559794,54.76811688959478,54.234504452085375,54.32182312011719,4901200
2023-11-22,54.6419905107214,54.79722329110817,53.768803807894955,54.26361083984375,6830100
2023-11-24,54.41884053010355,54.78751975047752,54.137479975053914,54.74871063232422,2725600
2023-11-27,54.33152389526367,54.661394009812284,54.11807743848476,54.33152389526367,8715200
2023-11-28,54.30242288273548,54.91364990656856,53.933743621584206,54.14719009399414,7866000
2023-11-29,54.33152195476323,58.14443084517188,54.33152195476323,57.83396530151367,15656600
2023-11-30,57.882477630973405,59.958717441875706,57.83396808139035,59.493019104003906,20200300
2023-12-01,59.056422393294056,61.287894856437994,58.56161909405235,61.278194427490234,17131600
2023-12-04,60.63785724725499,61.46253062540122,60.443815363855556,60.773685455322266,11690900
2023-12-05,60.45352232065792,60.53113685702262,59.68705888095972,60.37590408325195,7172600
2023-12-06,61.01623694233124,61.72448667152772,60.240073109036544,60.307987213134766,8544500
2023-12-07,60.82220382563383,61.1617780961121,60.23038136190734,61.08415985107422,9500600
2023-12-08,61.12296334639749,62.41333879354348,60.98713513112766,62.16108322143555,10159700
2023-12-11,62.04466130780809,62.45214966610086,61.74389617909299,62.112571716308594,8281700
2023-12-12,62.12227481991522,62.70439680666328,61.69538560970273,62.64618682861328,8274200
2023-12-13,62.811119950083175,64.43136922376381,62.38423444148558,64.32464599609375,13922500
2023-12-14,65.69264009637418,69.04955159635041,65.69264009637418,68.82640838623047,26968400
2023-12-15,68.56444265301586,69.27269614954669,68.01142563871537,68.8652114868164,21428000
2023-12-18,69.0107311077885,69.21447342342212,67.15764200726429,67.24495697021484,12870800
2023-12-19,67.19645290308112,67.76887074756915,66.8180732494508,67.66214752197266,10781100
2023-12-20,67.11883796151142,68.88461223251511,65.06199898784705,65.1202163696289,11408600
2023-12-21,65.60533051778071,66.50762236818703,65.32396989753744,66.14864349365234,8674300
2023-12-22,66.21654296991028,67.07032137202536,66.00309651886089,66.53671264648438,4456900
2023-12-26,66.36208970609731,67.1382500394162,66.23595819289596,66.89569854736328,3565700
2023-12-27,66.74045164483978,67.30317273285021,66.38147286757476,67.20614624023438,4320000
2023-12-28,67.25466313848459,67.75916687790374,67.19645316141998,67.47781372070312,4352200
2023-12-29,67.57483364483352,67.62333949228777,66.68224610918313,66.75016021728516,6047700
2024-01-02,66.10012077576482,67.12854399275604,65.53740701788256,67.04122161865234,10111200
2024-01-03,65.05229949951172,65.59561235920712,64.32464517581285,65.05229949951172,10661900
2024-01-04,64.75152424888549,65.9060713631697,64.45076286028983,64.89705657958984,6755000
2024-01-05,64.91646320090315,66.01279291400657,64.63510267585927,65.2269287109375,7243200
2024-01-08,65.00378543983007,66.12922766611626,64.53808342155381,65.77995300292969,6534200
2024-01-09,65.00378955169563,65.35306423697585,64.62540987632255,64.76123809814453,7069300
2024-01-10,63.89774924151916,64.35374711375385,63.54847459053438,63.85894012451172,7990100
2024-01-11,63.538775052771896,63.713412390885495,62.88873895060344,63.31563186645508,8294800
2024-01-12,63.6940142130719,64.08209802544681,62.54917103771161,63.286529541015625,8457700
2024-01-16,62.38424324228234,62.9469570469202,61.85062702865264,62.39393997192383,12604100
2024-01-17,59.114639803588766,61.96704352869073,57.89217842065834,61.5595588684082,24688400
2024-01-18,61.34611407391187,61.34611407391187,60.08484723744063,60.85131072998047,11301800
2024-01-19,61.152072040271406,61.89913097056085,60.055742121429304,61.87972640991211,12711200
2024-01-22,61.94763846720285,62.617082833737115,61.404325591223035,61.734195709228516,10041700
2024-01-23,62.0931707607027,62.374531328962064,61.54985418417165,62.01555252075195,5857400
2024-01-24,62.57827538905496,62.76261686351872,61.540155457753954,61.58866500854492,5977600
2024-01-25,62.03496025420382,62.14168719011651,61.25879632019782,61.81181335449219,5904400
2024-01-26,62.04465841580911,62.791717286989766,61.84091609668017,62.13197708129883,5108500
2024-01-29,61.78270600471167,62.17078980741863,61.49164500320217,62.03495788574219,5546800
2024-01-30,61.685685215866116,62.55887189753194,61.48193918944987,62.46184539794922,5641200
2024-01-31,61.77299963430767,62.258102519581804,61.01624031761325,61.045345306396484,8916100
2024-02-01,61.0453424997728,61.49163994649739,59.34748247937425,60.414710998535156,8942600
2024-02-02,60.152754809691515,61.43342606762101,59.70646106548238,61.06474685668945,9803100
2024-02-05,60.63786562026814,60.89011751279015,59.648255209220366,60.51173782348633,6953800
2024-02-06,60.50203367235379,61.0065411274104,59.83258930841263,60.04603576660156,6171000
2024-02-07,60.22067541371128,60.909520662950506,59.84229573317259,60.569950103759766,6990500
2024-02-08,60.62839200987778,61.281041600772156,60.3069350716129,60.85243606567383,5689100
2024-02-09,60.90114072678476,61.768094944297104,60.73554068433685,61.729129791259766,7562800
2024-02-12,61.670694169555,63.43382856723954,61.670694169555,62.82987976074219,6692400
2024-02-13,62.00188230673232,62.2648878006098,60.08289124778485,61.086219787597656,8998800
2024-02-14,61.52457267304567,61.758359891920854,60.550466073589014,61.3979377746582,6324900
2024-02-15,61.621976130083574,63.560449718179854,61.563532117727846,62.95650100708008,8268300
2024-02-16,62.77142899082049,63.21951711578716,62.216184833978936,62.73246383666992,6057200
2024-02-20,62.27463639148465,62.712981396885674,61.73887849472195,61.93370056152344,5357500
2024-02-21,61.72913631268077,62.51816402339739,61.27130872184986,62.46945571899414,5184900
2024-02-22,63.03443131144964,63.502005705824125,62.67400922762258,62.95650100708008,6084300
2024-02-23,62.87857946735969,63.463041898834206,62.63505283492506,62.771427154541016,4196900
2024-02-26,62.77142899082049,63.472786901844245,62.61556837421821,62.73246383666992,5377300
2024-02-27,62.8688358966749,63.71631124728902,62.820127597779624,63.657859802246094,5484200
2024-02-28,63.49226486537853,64.35921909540323,63.20977307566306,63.950096130371094,5126700
2024-02-29,64.31051913445208,65.10928630721254,64.16440907931134,65.05084228515625,8522900
2024-03-01,64.89497304168792,65.18720051158087,63.99878947789298,64.74885559082031,7875300
2024-03-04,64.91445853393748,66.40484033503739,64.88523652714619,65.88856506347656,5805100
2024-03-05,65.52815197819994,66.69708443340944,65.46970795658488,66.33666229248047,6170200
2024-03-06,66.71656329666644,66.79449361338256,65.39177763986876,66.33666229248047,6624700
2024-03-07,66.77500296714288,67.03800844984526,66.38535888416219,66.42432403564453,5326200
2024-03-08,66.63864569517439,67.24258711799703,65.41126912103849,65.43074798583984,9029600
2024-03-11,65.45996495987299,65.91779628183005,65.09955024995757,65.21643829345703,8456500
2024-03-12,65.43074109451845,65.62556688123578,64.14492062955948,64.77809143066406,9497900
2024-03-13,64.98264644568141,65.85934381877993,64.9436812922278,65.39176940917969,8202500
2024-03-14,64.99239137421085,65.58659697494717,64.32025546443032,64.87549591064453,11673800
2024-03-15,64.41766708852012,66.05416648156724,64.41766708852012,65.30410766601562,11825900
2024-03-18,64.99238483036024,65.82037384301863,64.94367653415104,65.65477752685547,6567400
2024-03-19,65.84958989173471,66.68732197422834,65.61580644113054,66.58016967773438,7979200
2024-03-20,66.5996708247173,67.97315726424593,66.2976927254842,67.86600494384766,6836100
2024-03-21,68.17771654955602,70.13567283031854,68.12901568030763,69.98955535888672,10466900
2024-03-22,70.75909675429118,71.05133168193821,69.70705993297342,69.74602508544922,7231300
2024-03-25,69.60965577794654,70.4473880368657,69.1518244932066,69.48302459716797,6578600
2024-03-26,69.54147633373357,69.67785067643158,69.07390928215308,69.16157531738281,5659100
2024-03-27,69.5512236599749,70.57403129165637,69.45381447103067,70.50584411621094,7358000
2024-03-28,70.52531698726575,70.72013532806682,69.84343793077541,70.46686553955078,6865000
2024-04-01,70.41816344230122,70.74935610225626,69.9895541818011,70.49609375,4070800
2024-04-02,70.13567574752533,70.291536372027,69.13234713078766,69.60965728759766,5373600
2024-04-03,69.58043711697626,70.36946111179421,69.43431963560602,69.57069396972656,5295900
2024-04-04,70.35972098133809,71.08055776386348,69.23949693691839,69.50250244140625,7855300
2024-04-05,69.62913885928486,70.26230216581132,69.36612593123694,70.02851867675781,4255200
2024-04-08,70.39867714945493,70.89547357123068,69.96033217437486,70.49609375,5846000
2024-04-09,70.66169417622285,70.91496397500431,69.63887926595271,70.4084243774414,5024000
2024-04-10,69.69732456159565,70.20385668258693,68.30435193906592,69.25897216796875,7750200
2024-04-11,69.02519586198953,69.4343188597798,68.01212408281096,68.79141235351562,5891800
2024-04-12,67.9049610320196,69.03492810284233,67.67117756047932,68.2166748046875,8615000
2024-04-15,68.67451143975333,71.74294854364285,68.64528943249088,69.38561248779297,14417600
2024-04-16,69.64862378021832,71.36305352341687,68.54788596796674,71.17797088623047,12021600
2024-04-17,71.59684074664938,71.96699860837904,70.44739457072193,70.62273406982422,9852800
2024-04-18,70.65194374054848,71.92802088611215,70.09670332901347,71.04158782958984,8208300
2024-04-19,71.49941915011117,71.96698611196575,70.9734007441426,71.5188980102539,8489400
2024-04-22,72.04493084893502,73.03852384764687,71.32409396976274,72.33716583251953,8847500
2024-04-23,72.42481734467599,73.41841014413632,72.25922102204689,73.28203582763672,9244400
2024-04-24,72.54172217405905,73.59375912171072,72.43456984984394,73.24308013916016,6038800
2024-04-25,72.98980896746079,73.50608428437407,72.08388951813481,72.95084381103516,6375400
2024-04-26,73.01902628353555,73.35022637594383,72.59041702224599,73.04824829101562,5560700
2024-04-29,72.97032249767946,73.53529862734068,72.50274810116225,72.62937927246094,5743200
2024-04-30,72.44431722566391,72.51250439670416,71.71373720801364,72.03518676757812,6725700
2024-05-01,72.04491644480909,73.41841018846804,71.54812004477895,72.63912200927734,7015000
2024-05-02,73.41842072414164,73.51582990255815,72.42482778149902,73.37945556640625,5591300
2024-05-03,74.1100329664344,74.48993395129396,73.22359238053298,74.0710678100586,5414700
2024-05-06,74.51914833087392,74.93801442922313,73.90546390243605,74.86982727050781,4857600
2024-05-07,74.99645874157794,75.05491018631244,73.45737609130423,73.5840072631836,7336800
2024-05-08,73.48659632794013,74.62629914293531,73.3697008731293,74.42173767089844,5190100
2024-05-09,74.26536485436205,74.61719506132536,73.72785186767578,73.72785186767578,6091500
2024-05-10,74.07969024849521,74.51947432760385,73.81581383603624,74.38265228271484,5103000
2024-05-13,74.44128517093672,74.67584362949924,72.97532835800969,73.00464630126953,5488100
2024-05-14,73.29783425969381,75.5163120958744,73.15123709992618,75.32085418701172,9566100
2024-05-15,75.66291188091665,77.00182171743005,75.62381880653945,76.89431762695312,6601300
2024-05-16,76.29817017902445,76.73795426857532,75.56519172561143,76.26885223388672,7992900
2024-05-17,76.52294058609566,77.42205888082908,76.00496296998071,76.9920425415039,6467200
2024-05-20,77.01160078675207,77.33410561842706,76.37635134407265,76.8747787475586,5559400
2024-05-21,76.71839832806995,77.53933047640642,76.30793225390171,77.10932159423828,6067500
2024-05-22,76.87477566260733,77.6859327320625,73.30761274108718,73.56170654296875,13806600
2024-05-23,72.8971391683118,73.03396865822734,70.06296207971624,70.69820404052734,14676500
2024-05-24,70.9914119373496,71.43119606443707,70.5320775410067,70.62980651855469,6152200
2024-05-28,70.45388692609879,70.45388692609879,68.958612040962,69.18339538574219,8486300
2024-05-29,68.31359157089356,69.15407410542578,67.90312543716637,68.92929077148438,5617300
2024-05-30,69.12475531002438,70.36592882946424,68.99770094430957,70.24864959716797,7078300
2024-05-31,70.13137509143456,71.7048359796833,69.95545997795824,71.61687469482422,8617400
2024-06-03,71.54846365829677,71.66574288599918,70.40501914910524,70.72753143310547,4365000
2024-06-04,70.19977531336778,70.89366052751417,70.02386022694752,70.35614013671875,3887900
2024-06-05,70.77638450913916,72.97531946042241,70.68843069008352,72.70167541503906,7010100
2024-06-06,72.77008287754437,72.90690489356352,72.05665485919312,72.56484985351562,4669400
2024-06-07,72.32053198747224,73.17078957481513,72.04688792430206,72.25212097167969,5371000
2024-06-10,71.77325486346618,72.49645820645526,71.48006049012979,72.42804718017578,5337700
2024-06-11,72.09574186858971,72.19347827298772,70.97184778042069,71.78300476074219,6048500
2024-06-12,72.8580473008168,73.29783130615736,71.82209954811259,71.89051055908203,5587300
2024-06-13,71.85142740070951,72.02734251836428,71.05981309938406,71.72438049316406,4147300
2024-06-14,70.84480142071143,71.82210592489766,70.47342839336767,71.58755493164062,5756200
2024-06-17,71.25528342406552,71.26505110177102,70.39525058645981,71.15754699707031,5689100
2024-06-18,71.1086728133696,71.48004581460569,70.7959356922652,71.18685150146484,5868600
2024-06-20,70.89366111529402,71.36276304547692,70.54183093953647,71.0500259399414,5785200
2024-06-21,70.9327681098911,71.91007268856833,70.29751864250247,71.6755142211914,11933200
2024-06-24,71.69507155509045,73.26853267835286,71.52893154983738,72.83851623535156,8341000
2024-06-25,72.61372448441146,72.66258523375006,71.82210280021648,72.2228012084961,5840400
2024-06-26,71.90030551174337,72.37918272054142,71.51915728037959,71.59734344482422,4684100
2024-06-27,71.12821430649655,71.94915389437082,70.86434539454041,71.89051055908203,5564300
2024-06-28,72.32054016401386,72.52577323459509,71.44096453563549,72.017578125,8997500
2024-07-01,72.29121306966553,72.48667098179293,71.60709546473689,71.75369262695312,3902800
2024-07-02,71.58755699795523,72.49645051133254,71.55823905498208,72.46713256835938,4925300
2024-07-03,72.56485765204216,72.91668786139986,72.12507361846576,72.44757843017578,2502100
2024-07-05,72.19348836193431,72.4671324375122,71.48982790688154,71.53868865966797,3233000
2024-07-08,72.51598540173966,72.81895484393927,71.45072715676207,71.57777404785156,5338100
2024-07-09,71.37255922283948,73.1903465148539,71.23573716483779,72.83851623535156,4971800
2024-07-10,72.66258944836738,73.03396993733661,72.37917024329573,72.93623352050781,4527300
2024-07-11,73.26853138235585,74.70517042220483,73.00465494927515,74.35334014892578,5796000
2024-07-12,74.58788097994622,74.95925401485162,73.47375441898824,73.6692123413086,6543500
2024-07-15,71.9393853981803,74.37287153426344,71.69505927128967,73.36624908447266,10069300
2024-07-16,68.61654827003993,69.10520052160516,65.86054986946172,65.89964294433594,34310900
2024-07-17,64.75620381755162,65.08848379708436,59.62535102390876,62.35203170776367,42877600
2024-07-18,61.462682075396195,61.96110947977085,60.446284456545214,60.856754302978516,21576200
2024-07-19,61.24767622191892,61.35518032218814,59.92831653053751,60.67107009887695,14768600
2024-07-22,61.51155287099883,63.417297669937184,61.44314184425777,63.28047561645508,16727200
2024-07-23,63.17296122256199,64.86370125991368,63.17296122256199,63.66161346435547,14758600
2024-07-24,63.82775946903115,64.88325020055088,62.547492860539485,62.62567901611328,11836500
2024-07-25,62.92864412628946,65.37190568564607,62.92864412628946,64.73665618896484,12194300
2024-07-26,65.02984220448467,65.87032466942962,64.97120632059041,65.0884780883789,11168800
2024-07-29,64.47278545452833,64.88325159575386,63.56389188110474,63.8179931640625,9962700
2024-07-30,64.42391225540433,64.49232327364652,62.713629343107925,63.43684005737305,8022600
2024-07-31,63.837534275697976,64.07208528497631,63.10455584749129,63.710487365722656,6982700
2024-08-01,63.72025802399152,64.0623206048179,61.97088559353522,62.264076232910156,9896000
2024-08-02,61.316090175291194,62.64522125481851,60.71993379290882,61.95133590698242,10258500
2024-08-05,60.22150483004944,61.491999988938396,59.762174230463096,60.87630081176758,7873800
2024-08-06,61.00334477520612,62.3227080800432,60.18241257857966,61.37472152709961,7691900
2024-08-07,62.09793358637291,62.498628312973054,60.671069801711035,60.807891845703125,7331100
2024-08-08,61.36495396631563,61.7558735518451,60.71993310847704,61.35517883300781,6138700
2024-08-09,61.207999228043754,61.62010642843501,60.91363640733195,61.23743438720703,4255100
2024-08-12,61.512175937430406,61.600485162851626,60.05998269730213,60.60946273803711,6994000
2024-08-13,60.805702590795235,61.33555417165975,60.167913359108866,61.31593322753906,8774000
2024-08-14,62.552259630301215,64.72073706582532,61.973344450276194,64.13201141357422,15942100
2024-08-15,64.75999315541706,65.13285102709017,63.376480617427426,64.00446319580078,7612800
2024-08-16,63.79840226866892,64.33807187427759,63.71009678014403,64.31845092773438,5335000
2024-08-19,64.34788513183594,64.90717567565477,64.0829536981013,64.34788513183594,4303600
2024-08-20,64.26938388752737,64.39693874835552,63.50403975045205,63.62178039550781,5381400
2024-08-21,63.77877107078204,63.88670497455525,63.00361280098009,63.356849670410156,7814400
2024-08-22,61.502368873410056,63.288174425988046,61.423870116228855,63.06249237060547,19988800
2024-08-23,63.48440629208896,63.906327704254394,62.55225799095847,63.180233001708984,13127800
2024-08-26,63.43535511039965,64.07314438562379,62.94474912731234,63.268550872802734,7439200
2024-08-27,63.15080134210259,63.25873525487363,62.513012081015475,62.70925521850586,7006000
2024-08-28,62.709254307104025,63.21948495995284,62.02240520738345,62.77793884277344,8135500
2024-08-29,63.08211560362292,63.81802454792176,62.63075901611264,63.71009063720703,6429500
2024-08-30,63.87689208984375,64.30862771392594,63.327415830868276,63.87689208984375,6549100
2024-09-03,63.013425312142154,63.77876934653218,62.944740783057206,63.572715759277344,6540800
2024-09-04,63.582536051249654,63.83764576306277,62.18921316443304,62.69944381713867,5489900
2024-09-05,63.32742155139371,63.445169682976044,62.208840502547936,62.49338912963867,5552100
2024-09-06,62.57188839009883,63.15080360780095,61.276688876430796,61.71823501586914,8331700
2024-09-09,62.34620528534333,62.44432497854357,61.678980891107834,61.8261604309082,6247100
2024-09-10,61.97334476199858,61.97334476199858,60.66833485383485,61.87522506713867,8567900
2024-09-11,61.62010336176868,62.463946150699385,60.33471823525781,62.21864318847656,8781300
2024-09-12,62.26771057315504,62.473764188049756,60.01092379600544,60.58002853393555,10621900
2024-09-13,60.83513648197338,61.59067007776749,60.64870757250195,60.952880859375,10840600
2024-09-16,61.82616468944529,62.895685888311746,61.19818962644602,62.49338912963867,11797200
2024-09-17,62.37564011765775,63.199862005534364,62.22845683560271,62.640567779541016,8158200
2024-09-18,62.36582946777344,63.278353087623195,62.06165243247263,62.36582946777344,8802800
2024-09-19,63.08211078752217,63.87688999114935,62.1695834668178,63.54328155517578,9825400
2024-09-20,64.45581984684098,64.73055801406502,63.31761031285155,64.16145324707031,12332400
2024-09-23,64.38712926149888,64.60298959687545,63.6021567264923,63.71009063720703,5872900
2024-09-24,63.61197168547243,63.87689561465371,63.082116341056874,63.366668701171875,6030100
2024-09-25,63.29798185711268,63.57271999174364,62.52282355665949,62.83681106567383,5097500
2024-09-26,62.885867011255506,63.32741685742063,62.39526480480018,62.640567779541016,7602100
2024-09-27,62.846623603048215,63.36666469915292,62.52282188756896,63.20966720581055,6521100
2024-09-30,63.1311753618546,63.63159556903334,63.02324893094677,63.59234619140625,6078900
2024-10-01,63.405918543748044,63.464788864876596,62.257898622396546,62.70925521850586,6331500
2024-10-02,62.63075596081478,62.96436440598387,62.022401901559185,62.15977096557617,4817400
2024-10-03,61.8163493468384,62.48357373446861,61.23743417942474,62.20883560180664,8144400
2024-10-04,62.96436923900781,63.76896274117456,62.86624954090027,63.53347396850586,7141400
2024-10-07,63.268547833494154,64.1712610023573,62.95456031884381,63.082115173339844,7060200
2024-10-08,63.31760532015595,63.8572748818305,63.052681390094904,63.68065643310547,7510100
2024-10-09,64.02407648862992,65.47627339480226,63.74933835433986,65.44683074951172,11115600
2024-10-10,65.15247837178953,65.8982015887381,65.00529507441036,65.39778137207031,6463300
2024-10-11,65.70195058309847,66.81071737996541,65.55476729493485,66.4084243774414,7369900
2024-10-14,66.58504863470893,67.06584043100344,66.27106108605994,66.5457992553711,7672200
2024-10-15,71.23598437250595,72.53118381614958,70.0781539996993,70.6080093383789,21705700
2024-10-16,71.31448710518366,72.7863050772339,70.3627102854893,70.72576141357422,13643700
2024-10-17,71.15748471193557,71.34391737113907,70.4117690472272,70.55895233154297,8717600
2024-10-18,71.21635915637746,71.24579431464092,69.85247525911923,70.01927947998047,8948400
2024-10-21,69.86228453416223,69.91134812375788,69.15581825193276,69.53849029541016,5438500
2024-10-22,69.4894305613119,69.71511260549968,68.61615251763656,69.57774353027344,5559600
2024-10-23,69.49924521200431,70.63744719758233,69.41093224249,70.36270904541016,6593700
2024-10-24,70.54914978809603,71.28505884537229,69.9800449871494,71.22618103027344,6727500
2024-10-25,71.39298372021685,71.54016701022046,70.17627550983651,70.47064208984375,4503900
2024-10-28,70.91219038367286,71.21637120464514,70.30384371383578,70.68651580810547,5758700
2024-10-29,70.80425330087519,71.09861237510104,70.51970095555338,70.53932189941406,6006000
2024-10-30,70.40196474618742,70.89257077229325,69.62680632661375,69.76417541503906,6426100
2024-10-31,69.3913107758198,70.20571849653622,69.15582200230591,69.4992446899414,6997100
2024-11-01,69.61699209433066,70.01929262895277,69.09695090454412,69.60718536376953,6266000
2024-11-04,69.60717959156034,69.81323320706485,68.96939031344448,69.62680053710938,3924600
2024-11-05,69.10675110806594,70.05852780326957,69.0576875209937,69.97021484375,4232100
2024-11-06,73.16897471582674,74.79779014399001,72.0307727480713,74.3268051147461,16218400
2024-11-07,74.21887530150838,74.21887530150838,71.5303565096198,71.79528045654297,10380200
2024-11-08,72.32694654280348,73.83334650604756,72.00203468476938,72.76016235351562,8728200
2024-11-11,73.88258248472368,76.75754254522793,73.85304640718101,76.64923858642578,13162800
2024-11-12,76.73785715546053,77.32860126321461,76.21603306841578,76.98400115966797,10244800
2024-11-13,76.5507875387661,77.83073940262281,76.5507875387661,77.04307556152344,8731500
2024-11-14,80.82383618508679,81.22751593048736,78.57900421942826,78.9531478881836,14717700
2024-11-15,78.91375440381248,79.7506423583155,78.6577625843197,79.39619445800781,9372300
2024-11-18,79.75065949877904,80.61708371257161,79.1500675114927,80.1346435546875,9447700
2024-11-19,79.15006007363075,79.48481980295298,78.66761996108234,78.9531478881836,6549300
2024-11-20,78.46085871653341,79.27805103422573,78.19501900734285,79.21897888183594,6613500
2024-11-21,79.34696628130745,80.43000575482893,78.98267801450278,79.5537338256836,5081800
2024-11-22,79.56358151033967,80.50877353750079,79.56358151033967,80.00664520263672,7738000
2024-11-25,80.66630192029457,81.1290537844582,79.85895000145098,80.5087661743164,13029300
2024-11-26,80.5087768590116,81.06014453139196,79.97711242507015,80.98137664794922,5120900
2024-11-27,80.73522943187703,81.38505317683166,80.52846937986016,81.32597351074219,3977400
2024-11-29,81.58195370007462,82.06439375246086,81.36534581606358,81.4834976196289,3201600
2024-12-02,81.47366757436995,81.76904339201603,80.08541174784013,80.1346435546875,5658500
2024-12-03,80.51862116201272,80.70569299898762,79.63250129176124,79.86880493164062,4840200
2024-12-04,79.43558491883849,80.43000869371788,78.95314482500748,80.2527847290039,6035200
2024-12-05,78.77591705898365,80.96167668107671,78.76606919705307,80.54814910888672,6796600
2024-12-06,80.43000969976208,80.90260193709861,80.15432964269607,80.2134017944336,5071300
2024-12-09,81.1979767035724,81.54257677059454,79.7014171100504,80.2527847290039,9564300
2024-12-10,80.34139707355827,81.84779709498147,79.97710877477029,81.05029296875,5923400
2024-12-11,81.22751661691498,81.44412452976837,80.65646075788666,81.13890838623047,6323800
2024-12-12,81.48350481040394,82.01517670579086,81.129056880146,81.57211303710938,7469400
2024-12-13,81.75918718629876,81.79857112541444,77.49597155143452,78.31317138671875,14089400
2024-12-16,78.75623024848302,78.75623024848302,76.47201428371744,76.73785400390625,12313800
2024-12-17,76.30464158594394,76.6197056120236,75.39883344992978,75.57605743408203,8409200
2024-12-18,75.57604626692319,75.97971846957267,72.37617467323068,72.8290786743164,14116700
2024-12-19,73.3705941286441,74.00072962715468,72.26787390761639,72.48448181152344,9749000
2024-12-20,72.3860177462652,73.84319340120493,72.18910556854922,73.16383361816406,12322400
2024-12-23,72.82908647105698,73.58720667079834,72.60263069041193,73.55767059326172,6863600
2024-12-24,73.58719760296084,73.70534941026656,72.97676537784214,73.68565368652344,2150300
2024-12-26,73.5478179569641,73.95149768834885,73.29183362711426,73.89242553710938,2926900
2024-12-27,73.68566007158627,73.99088372231175,73.02599599166575,73.58720397949219,3967500
2024-12-30,72.9570794849224,73.17368740497821,72.18911141324723,72.78970336914062,5321700
2024-12-31,73.05552591459339,73.2032137961538,72.54354977179734,72.86846160888672,4082400
2025-01-02,73.23275989099888,73.44936781203155,72.14972779755425,72.70108795166016,5870000
2025-01-03,73.08507349763806,73.36075355204628,72.18910580909328,73.30167388916016,4541400
2025-01-06,73.40997526634106,74.6899269160271,73.14414308368946,73.33121490478516,7435000
2025-01-07,73.82350197265137,73.87272625907731,70.34794284477353,71.14545440673828,12617600
2025-01-08,71.58851839092875,71.90358240312054,70.68271029484218,71.8740463256836,9576700
2025-01-10,70.81069501770006,72.32694276426176,70.37748674133799,71.6475830078125,10866900
2025-01-13,71.08637983927697,71.6278996107812,70.74177976273715,71.53929138183594,6701500
2025-01-14,71.63774788180214,71.84450792890459,70.21010825411618,71.2242202758789,6609900
2025-01-15,72.79954479753589,72.95707303619508,71.46052096620151,72.52386474609375,8474900
2025-01-16,72.47464098527873,74.35517726576408,72.37618488623092,74.3453369140625,8044900
2025-01-17,74.60130984927369,75.37912568260536,73.95149368565694,75.2314453125,12288300
2025-01-21,77.61412417875273,81.3259722164521,76.97414830695122,79.68173217773438,22648600
2025-01-22,79.82941890853999,80.46939477100602,78.75622722931817,79.35681915283203,9767300
2025-01-23,79.22882000933579,80.86321201750117,78.6183802769004,80.8139877319336,8861400
2025-01-24,80.07556783525332,81.19798387364918,79.92787993299729,80.56785583496094,6665500
2025-01-27,80.13463361151267,81.2865856363028,79.48481740972778,81.25704956054688,6983900
2025-01-28,81.01091337486352,81.7198093080858,80.33155352023904,80.43985748291016,9057200
2025-01-29,81.03060754171358,81.37520763825147,80.14448764224561,80.79430389404297,8717900
2025-01-30,81.22751484606282,82.54684299672562,80.80414689245704,82.310546875,7192600
2025-01-31,81.94626581959518,82.43855383181698,81.01091408934242,81.44412994384766,7663700
2025-02-03,80.03618328330414,81.93641524814812,79.543895287352,81.47366333007812,6524800
2025-02-04,81.32597876755769,81.47366667474998,80.48909064242672,80.53832244873047,5225900
2025-02-05,80.9715117495167,80.9715117495167,79.79002379331646,80.60722351074219,6475200
2025-02-06,81.25704993130546,82.64530559191364,81.0601377508887,82.34992980957031,5837400
2025-02-07,82.50746584211578,82.74376196175811,81.74933817034093,81.89702606201172,4133700
2025-02-10,80.29217346173863,80.49893351429905,79.02206955739437,79.91802978515625,17849300
2025-02-11,80.78446117552166,83.19666929232778,80.43985357736206,81.91671752929688,59327300
2025-02-12,81.80841417030827,81.87734169981918,80.00664584467403,81.01091003417969,60765000
2025-02-13,80.991218933256,81.19797897926402,78.70700305276749,80.31185913085938,27501400
2025-02-14,80.55881765797587,80.75638377793504,79.07704914828899,79.36351776123047,9583500
2025-02-18,80.01550813891004,80.76627304159075,79.90684450023262,80.48967742919922,9766000
2025-02-19,80.1142861499518,81.22067606630965,79.88708585554969,81.01322937011719,8908200
2025-02-20,81.02310426681228,81.17128263512359,79.77842406099313,80.83541870117188,9361800
2025-02-21,80.99346710924422,81.55653885869995,79.44254965641599,79.46231079101562,9856800
2025-02-24,79.99575001262477,80.11428667599039,78.42507139304757,79.14620208740234,7489400
2025-02-25,79.25486370593846,79.67963765775549,77.53600676416838,78.03981018066406,16317700
2025-02-26,78.4250699277683,79.14620060864961,77.42734365531544,77.74345397949219,7544800
2025-02-27,78.03980971941863,78.57324729784985,77.23965712010407,77.47673797607422,7218200
2025-02-28,77.85211961905804,79.15607568202039,77.01245225535723,78.56336975097656,12686600
2025-03-03,78.92887349084359,78.97826125419118,76.70622065025661,77.1705093383789,9984000
2025-03-04,76.69633636391407,76.72597052781859,73.07094460408483,74.23660278320312,15423600
2025-03-05,74.2069761867861,76.16290657058941,74.05879781548825,75.80728149414062,10896200
2025-03-06,74.77004922507723,76.04437118099263,73.8315912155279,74.6416244506836,10412200
2025-03-07,74.17733140504427,74.9774915621822,71.59906101277903,73.7229232788086,12013700
2025-03-10,72.00406946391189,72.11273308930836,68.61575855290657,70.3741226196289,19050000
2025-03-11,69.88020359387214,72.17200534546748,69.86044999575407,71.58917999267578,14302500
2025-03-12,73.01167948469994,74.04891295025978,72.04358738017949,73.31790924072266,11310500
2025-03-13,73.68340662202172,73.81183138557483,72.04358669073507,72.61653900146484,9664000
2025-03-14,75.22445192576727,77.26929223318,74.68113377347649,76.17278289794922,14199000
2025-03-17,75.540565487761,77.36807861259102,75.31335764979195,76.82476043701172,6550400
2025-03-18,76.95318102514257,77.04208351995185,76.12338672359998,76.6173095703125,6014000
2025-03-19,76.99269518088295,78.44482954521283,76.42962344131263,77.7730941772461,6530700
2025-03-20,77.1606354798409,78.58313583322976,77.1013671440048,77.61504364013672,8635100
2025-03-21,77.08160027987527,77.81260400197425,76.77537051859017,77.43722534179688,11842800
2025-03-24,78.25714774739684,79.4326866951614,78.0990887972217,78.98815155029297,7542400
2025-03-25,79.35364604791218,80.04513501591012,78.94862569761015,79.76853942871094,7661000
2025-03-26,79.98587604628607,80.25259109753522,78.71155405328376,79.16596221923828,9268000
2025-03-27,78.68191025248821,79.6302412049039,78.19786797750471,78.63251495361328,5811100
2025-03-28,78.30651914572381,78.72142003485979,76.47900625221854,76.86426544189453,6457300
2025-03-31,76.42963175191528,77.82249040160451,76.03449192720485,77.32856750488281,10906800
2025-04-01,76.76548976970396,77.08160009770222,75.14542339662981,76.7259750366211,11417900
2025-04-02,76.93341898352232,78.217621384497,76.34071308178954,77.6347885131836,8873900
2025-04-03,73.8019554049625,75.80728108047752,73.14998112614074,73.96001434326172,13517900
2025-04-04,71.1347763902131,71.99419739126559,67.7563381107934,68.22062683105469,25465600
2025-04-07,66.22518330455024,70.49267685703127,65.07927855950199,69.188720703125,24498000
2025-04-08,71.37184924717961,73.64389728978324,68.24038030008204,69.08004760742188,22473400
2025-04-09,67.15376022466353,75.58995665210466,66.77837400041456,74.33539581298828,24973100
2025-04-10,73.28827164971358,73.5055988999572,70.36424941158162,72.95240020751953,11599200
2025-04-11,72.32018339167706,76.39011042259025,71.91517057038764,76.02460479736328,14847900
2025-04-14,77.38783906888376,77.5360174514144,75.37264019846344,75.98509979248047,7967000
2025-04-15,76.60743320358289,77.17050492284724,76.09374924484027,76.2518081665039,6921500
2025-04-16,75.39238188989316,75.81715583316117,73.69328611682116,74.77991485595703,12653000
2025-04-17,76.72597903926642,78.13859878984766,75.22445678710938,75.22445678710938,19271600
2025-04-21,74.72065562478045,75.0466465472124,72.86350823607486,74.0390396118164,12824100
2025-04-22,74.56260211619171,76.12339270661045,74.51320681297237,75.64923095703125,9741700
2025-04-23,77.32856732662904,79.04741689299208,76.71610775957173,76.90379333496094,9826600
2025-04-24,76.99269891838684,78.53373585166796,76.56792495130745,78.41519165039062,8423300
2025-04-25,79.25486758945614,80.15380330006413,78.33617074337792,78.96839141845703,7781000
2025-04-28,79.47218224259981,79.50182394391031,78.33616573562492,79.2054672241211,6576900
2025-04-29,79.23509792986903,80.47978554731837,78.64239205282882,80.2723388671875,7776500
2025-04-30,78.97826369002897,80.66748653323874,78.5041019566119,80.41064453125,8236100
2025-05-01,80.14391619151523,81.07249352954426,79.99574537090577,80.51930236816406,7997800
2025-05-02,82.0603464104948,82.66293292283328,81.6256918673877,82.09986114501953,9348100
2025-05-05,81.66520058428813,82.83085878854705,81.04286051887784,82.35669708251953,5242600
2025-05-06,81.7047208727821,82.5641493863218,81.39849110278442,81.8232650756836,5724000
2025-05-07,82.19864251826948,83.23588355232975,82.17888891974688,82.98892211914062,9393700
2025-05-08,83.5322366595012,84.15458432372942,82.78147929386917,83.34455108642578,8554000
2025-05-09,83.82023227885891,83.97879109105475,82.8688567231014,83.71121978759766,5910000
2025-05-12,86.20857704880538,86.21848933703451,83.30489658823865,84.60313415527344,9421900
2025-05-13,84.7418819380627,86.08966591980669,84.34547355033898,85.44550323486328,9564900
2025-05-14,85.03918071189538,86.50588944637062,85.00945140661226,86.37705993652344,9279300
2025-05-15,86.42661021801804,87.57619381404001,86.16894362565772,87.31852722167969,8619400
2025-05-16,87.62573929730806,88.07170157529009,86.93203027937321,87.89331817626953,6566900
2025-05-19,87.7644719641687,88.58701797184685,87.45725908261728,88.42845916748047,6797200
2025-05-20,88.3095429780794,89.04289358639093,88.002330066664,88.37891387939453,6533000
2025-05-21,88.12124861856483,88.12124861856483,86.53562259257836,86.79328918457031,8581400
2025-05-22,86.43652313898289,86.88247786364272,86.1788565447392,86.52571105957031,6596300
2025-05-23,85.42567358902167,86.97166545334024,85.25720249151371,86.61489868164062,5166700
2025-05-27,87.34825076074804,88.15097223060943,86.82301288240116,87.83384704589844,6808800
2025-05-28,87.64555980716395,87.80411862067719,87.19959754988238,87.25906372070312,5792300
2025-05-29,87.54645629095094,87.70502267301951,86.37706324707081,86.97167205810547,7800000
2025-05-30,86.78336790698098,87.72483113590782,86.16893457767327,87.54644775390625,11834400
2025-06-02,86.97167270938385,87.37798583497002,86.12930959070502,87.31852722167969,6012600
2025-06-03,87.17977387112015,87.72482872944039,86.66444075464759,87.20950317382812,6124000
2025-06-04,87.22932595545205,87.43744620988741,86.5356169768702,86.69418334960938,5543700
2025-06-05,86.8725699384394,86.99148716151326,86.14912406767542,86.45633697509766,6172100
2025-06-06,87.35816755355995,87.80412226850787,86.9617591620167,87.45726776123047,4858800
2025-06-09,87.49690861705697,87.85367541034485,86.86265822029213,87.4176254272461,5117000
2025-06-10,87.21942228130598,87.64555996211371,86.78337231186711,87.47708129882812,5438100
2025-06-11,87.41762320348171,88.54738216653365,87.10049801316644,87.60591888427734,6761300
2025-06-12,87.25906999077317,87.74466631568029,86.81310770144663,87.70502471923828,4380400
2025-06-13,87.12032646630715,87.3086145946183,84.989637954934,86.57526397705078,8938900
2025-06-16,87.03112046135226,88.87441285192644,86.98156658255367,88.17079162597656,7396200
2025-06-17,87.82394645512477,88.5176554665877,87.62573847980596,88.160888671875,7077400
2025-06-18,88.16089267287238,89.37984720360396,87.94286767055766,89.10236358642578,8081600
2025-06-20,89.25100875795948,89.78615896612688,88.34918701592912,88.40864562988281,12981000
2025-06-23,88.24017270076273,88.73568130247803,86.38696780843749,87.58609771728516,10245900
2025-06-24,88.38881728886808,89.66723025112722,88.11133371148354,88.51764678955078,9769100
2025-06-25,88.69603138110897,89.1122567528719,88.09151033889403,88.99333953857422,6585800
2025-06-26,89.07261618370202,90.04381628982536,88.2302531423609,88.6365737915039,11575300
2025-06-27,88.73568005863116,89.87535133877331,88.03205876136175,89.1717300415039,9335400
2025-06-30,89.43929766672137,90.53932730660476,89.31046815930524,90.42040252685547,9525100
2025-07-01,90.10328177242891,90.85645695948926,89.33028956819962,90.35103607177734,8199600
2025-07-02,90.54923759734872,90.99519228006311,90.06363376139855,90.51950073242188,6121700
2025-07-03,90.6780735479277,91.32223623830926,90.28166515685741,90.65825653076172,5765500
2025-07-07,90.67807110117953,91.81774235943212,90.49968770805424,91.7681884765625,7300400
2025-07-08,91.81773997535731,91.96639405924537,90.46995605359766,91.1240234375,7089500
2025-07-09,91.48079510844191,91.8375619045149,91.13394060138795,91.49070739746094,6139700
2025-07-10,91.57989321537656,92.51144414163562,91.20330188099531,92.20423126220703,6740700
2025-07-11,91.69881944117557,92.15468644157158,91.0051104320645,91.14385223388672,6815800
2025-07-14,91.25286088873881,92.16459485115438,90.51950275470553,91.8672866821289,6116100
2025-07-15,91.89702847504869,92.06549958479448,90.757357180492,90.7870864868164,7259200
2025-07-16,90.95555693780915,91.16366964143396,89.14199365654295,90.44023132324219,10825600
2025-07-17,90.44022684409758,92.59073223590906,90.29157276005321,92.2636947631836,12584800
2025-07-18,94.84033011100728,96.62416385263069,93.81958374363506,94.93943786621094,23554000
2025-07-21,95.15746159782306,96.20794489813436,94.2952815327497,95.3853988647461,11871300
2025-07-22,95.47459011412332,95.75208127164193,94.12681372476624,94.53312683105469,8865300
2025-07-23,94.75114742432545,95.00881399250186,93.99797229627323,94.29528045654297,8802000
2025-07-24,94.34483049198903,95.88091011245017,93.86914648985433,95.6331558227539,9052400
2025-07-25,96.60435857453848,97.39716778646466,95.78181249592238,96.18812561035156,9105900
2025-07-28,96.21785335256689,97.19896579414106,96.02956523175709,97.0304946899414,7197600
2025-07-29,98.11069977542729,98.69539627618879,96.84219900827063,97.0304946899414,9532000
2025-07-30,97.11969078080124,97.99178324141253,96.72328236748278,97.6845703125,5962800
2025-07-31,97.11967547634143,97.86293829886445,96.67372080717178,96.85210418701172,8164900
2025-08-01,95.36559159918636,95.63316292515127,93.56194053868015,94.671875,9792500
2025-08-04,95.23675075116901,96.38633432445599,94.97908416390449,96.22776794433594,9032100
2025-08-05,96.47551395847387,96.9412932090046,94.9691712809856,95.57369232177734,6236400
2025-08-06,95.92055363568166,96.346691324966,95.33584956858869,95.84127044677734,5712200
2025-08-07,96.2574979562628,96.42597662659114,93.839421128589,95.12773895263672,7313000
2025-08-08,95.66439835169645,96.6283977400161,95.35631130477499,96.47932434082031,5032100
2025-08-11,96.55883152122694,97.30419093777009,96.31037838237921,97.02591705322266,7337600
2025-08-12,97.5526491228552,98.62596097573504,97.33400913620923,98.0793685913086,7549400
2025-08-13,98.3576263267649,98.80483892793167,94.69045570132123,94.99853515625,12456300
2025-08-14,96.75758835085533,97.60232748337664,95.0084761782337,97.17498779296875,11310500
2025-08-15,96.5488934443303,96.56876635972237,95.29668747335934,95.51532745361328,9538100
2025-08-18,95.49544434810154,96.10167061054511,95.11779830845967,95.574951171875,6803200
2025-08-19,95.4060009775759,96.13148744617216,94.94884813275422,95.16748809814453,6778400
2025-08-20,95.31656339368,95.55507627787223,93.7960238537114,94.91903686523438,9435500
2025-08-21,94.7898394919531,95.48551283509151,94.59108001230678,95.22711944580078,5162700
2025-08-22,95.57495318173574,96.43957284853126,93.76621460488748,95.237060546875,12859500
2025-08-25,95.29667896504945,95.93271835144388,94.7500790632163,95.5948257446289,5962000
2025-08-26,95.50538287159576,96.8768490192583,95.3364365607697,96.6383285522461,7721700
2025-08-27,96.68802169517744,96.92653457872744,96.23086884246166,96.27062225341797,5072900
2025-08-28,96.35012466067282,96.77746436476721,95.92278495657843,96.4892578125,6611900
2025-08-29,96.47932707681126,96.79734679909303,94.40225484207389,95.24699401855469,8829400
2025-09-02,94.76002104869468,95.52526092529297,93.45812909051313,95.52526092529297,7741300
2025-09-03,95.61470117029322,96.0221679409445,94.67058231379977,95.62464141845703,7261500
2025-09-04,96.27062497030101,97.1352370408907,95.61470504429276,97.02591705322266,7504600
2025-09-05,96.62840309785729,96.9961089097823,90.95372644055483,91.48045349121094,18240700
2025-09-08,91.60964178459677,93.07054745617087,91.28168182114379,92.87178039550781,12681500
2025-09-09,92.9910362200673,93.46806956083832,90.86427805609642,93.09041595458984,10773600
2025-09-10,92.5736387898355,92.78233851150718,91.29161971483411,91.66926574707031,12543900
2025-09-11,91.70902448216918,93.4978901749012,91.26181185008035,93.35875701904297,8724400
2025-09-12,93.3488137073359,93.91528656108349,92.78234085358832,92.96122741699219,7701800
2025-09-15,93.1798686127481,93.51776124683137,91.11273664905269,91.53013610839844,9645700
2025-09-16,91.7587181260958,91.82828470401098,89.94003926921413,90.46675872802734,13613800
2025-09-17,90.50650953232714,91.61958232907077,89.98973033731038,91.52019500732422,14497000
2025-09-18,91.35124938463629,93.15998795419404,91.33137646944913,92.70283508300781,10439800
2025-09-19,92.7823385221821,93.97491052678262,92.22580593099359,93.746337890625,15163100
2025-09-22,93.09041873095349,93.89541204362628,92.76245877327894,93.84571838378906,11076300
2025-09-23,93.42832108498611,94.3426268223827,92.78234140319073,93.32894134521484,6914800
2025-09-24,93.47800762580053,93.54757420220307,91.13260936110345,91.79846954345703,10336200
2025-09-25,91.81833877655646,94.21343060643142,91.43075249754406,94.19355010986328,9203700
2025-09-26,94.54137904920272,95.38612572792418,94.15379278629672,94.86933898925781,5288300
2025-09-29,95.16749138051955,96.37994389791105,94.85940433584905,96.29049682617188,8356100
2025-09-30,96.25074634322434,96.6979665511521,93.8755348962672,94.87928771972656,8609100
2025-10-01,94.01466480155128,94.13392503598206,91.59970002519069,91.67920684814453,11649200
2025-10-02,91.91771934465578,92.49413243534259,91.55994622507004,92.12641906738281,6881600
2025-10-03,92.1264204841491,93.77615295896354,92.02704074544428,93.49788665771484,6762200
2025-10-06,93.84572044183733,94.50163278938271,92.84196763217915,93.41838073730469,6284000
2025-10-07,94.06436127666966,94.14386810200304,92.79228240008815,93.4283218383789,7582100
2025-10-08,93.54757127265081,93.83577781791811,92.09660588013082,93.20967864990234,6115700
2025-10-09,93.5177621360771,93.77615552954309,92.20592983552488,93.4382553100586,8584300
2025-10-10,93.71652409032781,94.2730566777305,91.39099884033203,91.39099884033203,8023600
2025-10-13,91.80839704710431,93.19973607910116,91.41087810840898,92.91152954101562,8773400
2025-10-14,92.55376328221503,94.39232262963468,92.4543835401841,92.8121566772461,8934100
2025-10-15,93.7264573939752,94.36249680738717,92.60345196327324,93.746337890625,15688800
2025-10-16,94.18361704376964,96.55883614039217,92.63327180949493,92.83203887939453,17319200
2025-10-17,94.13393113585613,94.27306429394721,92.25562591943802,93.5575180053711,9199700
2025-10-20,93.61713603488114,95.08798189567518,93.61713603488114,94.36249542236328,7380900
2025-10-21,93.9848534953953,94.81965998852853,93.21962116036228,94.50163269042969,7450900
2025-10-22,94.71034324514905,95.1674961285461,93.0506704506345,93.7264633178711,10388200
2025-10-23,94.22336341744843,94.56126361993589,93.35875137010076,94.01466369628906,7708000
2025-10-24,94.4121903699618,94.82958981292497,93.7264572978167,93.83577728271484,7124300
2025-10-27,94.41219510978638,94.6904614190651,93.95504223280159,94.25318145751953,7577900
2025-10-28,94.38238282726014,94.41219599179163,92.93141735661732,93.2693099975586,7090300
2025-10-29,92.91153202556356,94.52151106620795,92.67301913953075,94.02460479736328,11773900
2025-10-30,94.10411775597643,94.93891670261668,92.96123174667649,93.82585144042969,5753500
2025-10-31,93.43825150677162,94.24324481861322,92.53388603973409,93.9351577758789,6275200
2025-11-03,94.30287059950078,94.45194399580885,92.0369792386193,92.57363891601562,6980300
2025-11-04,92.22581048529159,93.53764278800826,91.55995029402335,93.25936889648438,7719800
2025-11-05,92.96123152761308,93.48795099254085,92.2059318284886,93.1003646850586,8338800
2025-11-06,93.41837462790502,94.16373399993617,92.95128154161547,93.61713409423828,6350300
2025-11-07,93.92523209871551,94.89916421261152,92.74259266393898,94.65071105957031,6743700
2025-11-10,94.31281644846678,95.42588169833064,94.13392987871174,94.98860931396484,8498900
2025-11-11,94.41218818759896,96.52900609842808,94.33268136729488,95.52526092529297,5641900
2025-11-12,95.68427072936281,97.89053579494724,95.53519733100397,97.10542297363281,10610500
2025-11-13,97.26443776876597,97.65202405976198,94.33268617372332,94.76996612548828,8347600
2025-11-14,94.61050251133035,95.30814353963213,93.02584988459212,94.07231903076172,9356800
2025-11-17,94.24174489482091,94.26168184057752,91.28173955846954,91.60066986083984,9141200
2025-11-18,91.29170968930768,93.03581989255647,90.95285764246067,91.96942138671875,8505800
2025-11-19,91.71029286659744,93.07568471294182,91.29170824931239,92.32820892333984,6193800
2025-11-20,93.27501291373365,94.07232350144146,90.15554987648258,90.1854476928711,14227600
2025-11-21,90.683763563332,90.8930558786626,89.04928372613546,90.20538330078125,8270200
2025-11-24,90.34491463523658,90.5940732483488,89.3383117092223,90.21534729003906,9966500
2025-11-25,89.98612599550637,90.8332637628413,89.1987838623756,90.43460845947266,8979600
2025-11-26,90.69373251077714,92.05912440789298,90.64389774813048,91.49104309082031,6697200
2025-11-28,91.54087216707764,92.92619343603742,91.27178421281441,92.41791534423828,6707800
2025-12-01,91.72026178062055,92.8962906660657,91.51096947097145,92.37804412841797,7974500
2025-12-02,92.48767831682088,92.80660103086299,91.72026554621758,91.7601318359375,10610500
2025-12-03,91.71029686483634,93.70356572400765,91.2917122293025,93.67366790771484,9688300
2025-12-04,93.80323357040093,95.08889287399288,93.64376841473816,94.71016693115234,8367600
2025-12-05,94.38127750465479,95.29818695932417,93.47434412704618,93.50424194335938,9043200
2025-12-08,93.32484683779757,94.10222047177899,92.43784280889903,93.96269226074219,8371100
2025-12-09,93.76336892223821,95.44767593702633,93.69360481634425,93.84310150146484,6479300
2025-12-10,94.04242433346143,96.05562251309962,93.75339943966418,95.48754119873047,8521900
2025-12-11,95.23838265398213,96.76323209857796,94.54074160211383,96.72337341308594,10564900
2025-12-12,96.66357435739445,97.07219813667095,94.06235780281808,96.32472229003906,13406700
2025-12-15,96.40445218993607,96.83300530089805,94.1919225288634,94.9593276977539,9842800
2025-12-16,94.97926172977773,96.11542434188596,94.71016618265276,95.6769027709961,9624500
2025-12-17,96.24498478532475,96.87286172704185,95.4975089769256,96.28485107421875,10929800
2025-12-18,96.57387980244037,97.05226008073853,95.59717469502903,96.90277099609375,9627500
2025-12-19,97.07219247023708,99.19502101341662,96.8927979733686,98.48741149902344,23213100
2025-12-22,99.22492289188538,101.3975862857153,98.71664479970987,101.0687026977539,9307900
2025-12-23,101.17832195928953,101.70654458372091,100.56041349145795,100.83946990966797,5727400
2025-12-24,101.00890018126697,101.76634449376644,100.55044924583024,101.50721740722656,2859500
2025-12-26,101.52715165078033,101.93576781125309,101.19826046551285,101.54708099365234,2778100
2025-12-29,101.36768758277913,101.45738863596068,100.87933883813342,100.96903228759766,7958200
2025-12-30,101.23812586040542,101.30788996541686,99.98236436648229,100.21159362792969,3943400
2025-12-31,100.4607497278815,100.57038011926917,99.55380878162296,99.57374572753906,4380500
2026-01-02,99.43421205822999,101.48728411992697,99.07543066490173,101.22815704345703,8409300
2026-01-05,101.39758501715738,104.08850254670381,101.39758501715738,103.39085388183594,9206500
2026-01-06,103.98883308522377,104.40742532589196,103.17159315434557,103.22142791748047,7285600
2026-01-07,103.52041774705845,103.6001427201424,101.49724353024776,101.58694458007812,7352000
2026-01-08,101.93577070440159,102.14506302722543,100.79960803551933,100.99893188476562,6500700
2026-01-09,100.9989309586031,101.27799499019332,99.8029726666574,99.83287048339844,6839500
2026-01-12,99.90263576515042,101.93577096834024,99.71328038899138,101.55705261230469,8849800
2026-01-13,101.64674134859226,101.91583689737844,100.0521278133085,100.83946990966797,7029000
2026-01-14,100.52055051458429,101.59691753775913,99.26478898754698,101.57698059082031,6643000
2026-01-15,101.8560336128678,103.25132330695855,101.66667824558402,102.41415405273438,8317700
2026-01-16,102.29455972450941,104.62668830021535,102.29455972450941,103.47058868408203,10868200
2026-01-20,101.9656654727596,103.10182810767189,100.56041488903847,100.65010833740234,12978300
2026-01-21,100.98896729354374,104.47718775283793,99.35448745805755,101.44741821289062,17879500
2026-01-22,102.72310877118633,105.45388493715298,102.66331313952163,103.69981384277344,13539500
2026-01-23,103.32108850353994,103.72971226555201,100.89926655862642,101.83610534667969,8712700
2026-01-26,102.17495939232528,103.34102746537027,102.12513223258048,102.59355163574219,7357400
2026-01-27,102.22479477025776,103.7496442552701,101.9058720518481,103.37092590332031,8837500
2026-01-28,103.22142705844185,103.44068784846297,102.40418713436495,103.12176513671875,7531000
2026-01-29,103.82937466578508,104.62668524700426,102.34439150207453,103.12176513671875,10033900
2026-01-30,103.0021625381122,104.50708259389577,102.53374315888892,103.57024383544922,11335300
2026-02-02,103.3808916459875,104.8359769855275,102.74303862229984,104.8160400390625,9897200
2026-02-03,104.86587302291211,105.36419022404459,102.0952306012103,103.38088989257812,13372700
2026-02-04,103.41078898565306,104.68647981971813,102.6134784125038,103.53038024902344,10779700
2026-02-05,103.5802124402116,103.5802124402116,101.22815467189203,101.65670776367188,9683400
2026-02-06,102.90250602517409,104.92567272365054,102.65334741494365,104.72634887695312,7527600
2026-02-09,104.48714820349115,106.908970131099,104.42735257190387,106.84917449951172,10177800
2026-02-10,106.63988688970994,107.13820411816653,96.6835107941882,98.91596984863281,40420200
2026-02-11,100.57038436177909,100.80957449684368,94.76996465765386,95.12875366210938,25148900
2026-02-12,95.67690397442661,96.14532336672949,92.48767688343258,94.76000213623047,24881800
2026-02-13,94.05999755859375,94.5199966430664,93.01000213623047,93.72000122070312,12653700
2026-02-17,94.2300033569336,94.47000122070312,92.30000305175781,93.08000183105469,11250900
2026-02-18,93.91000366210938,95.86000061035156,93.5,95.37999725341797,16284800
2026-02-19,94.86000061035156,94.88999938964844,93.05999755859375,93.87000274658203,13403200
2026-02-20,93.37000274658203,94.2300033569336,92.7300033569336,94.02999877929688,8491800
2026-02-23,93.51000213623047,93.91999816894531,91.27999877929688,92.75,11226900
2026-02-24,92.19000244140625,94.55000305175781,91.86000061035156,93.12000274658203,13635200
2026-02-25,93.87000274658203,95.80000305175781,93.5199966430664,95.3499984741211,8788600
2026-02-26,95.4800033569336,97.61000061035156,95.4800033569336,97.5199966430664,9895700
2026-02-27,96.48999786376953,96.98999786376953,93.62000274658203,95.19999694824219,13146100
2026-03-02,94.2300033569336,96.5999984741211,93.93000030517578,95.48999786376953,11412300
2026-03-03,94.0,95.98999786376953,93.5,95.23999786376953,8257400
2026-03-04,96.22000122070312,96.80000305175781,95.37999725341797,96.04000091552734,8268100
2026-03-05,95.47000122070312,96.83999633789062,94.16000366210938,95.41000366210938,12027400
2026-03-06,93.87999725341797,95.2699966430664,92.55000305175781,95.2300033569336,9745100
2026-03-09,94.0999984741211,94.86000061035156,92.2699966430664,94.37999725341797,8517400
2026-03-10,94.4000015258789,94.62000274658203,92.58999633789062,93.16999816894531,7017500
2026-03-11,92.94999694824219,93.48999786376953,91.20999908447266,92.66999816894531,6460400
2026-03-12,91.81999969482422,92.04000091552734,90.51000213623047,91.23999786376953,9215100
2026-03-13,92.0,93.80000305175781,91.93000030517578,93.05999755859375,11043500
2026-03-16,94.12999725341797,95.23999786376953,93.26000213623047,93.62999725341797,8835600
2026-03-17,94.2699966430664,95.38999938964844,93.7699966430664,93.93000030517578,5972100
2026-03-18,93.80000305175781,94.22000122070312,92.87000274658203,93.27999877929688,8175300
2026-03-19,93.37000274658203,94.1500015258789,92.79000091552734,93.98999786376953,8001300
2026-03-20,94.11000061035156,94.87000274658203,93.5,94.66000366210938,13145400
2026-03-23,95.58999633789062,96.44999694824219,93.98999786376953,95.30000305175781,8933300
2026-03-24,95.58000183105469,96.73999786376953,95.19999694824219,95.68000030517578,6456200
2026-03-25,95.94999694824219,96.6500015258789,94.38999938964844,94.98999786376953,6454300
2026-03-26,94.68000030517578,95.16000366210938,93.83999633789062,94.47000122070312,6984000
2026-03-27,93.87000274658203,93.95999908447266,91.97000122070312,92.36000061035156,7252400
2026-03-30,92.98999786376953,93.7300033569336,92.37000274658203,93.05999755859375,6406400
2026-03-31,94.0,94.12999725341797,92.16999816894531,93.9800033569336,9731000
2026-04-01,95.01000213623047,95.44000244140625,90.0,92.36000061035156,15988700
2026-04-02,91.0999984741211,94.0199966430664,90.88999938964844,93.7699966430664,7970400
2026-04-06,93.9000015258789,94.75,92.04000091552734,92.98999786376953,10968100
2026-04-07,92.20999908447266,93.7300033569336,91.30000305175781,93.33999633789062,11971800
2026-04-08,94.88999938964844,96.77999877929688,94.5,96.69999694824219,10783100
2026-04-09,96.27999877929688,97.9800033569336,95.83000183105469,97.2699966430664,5794500
2026-04-10,97.19000244140625,97.25,94.1500015258789,94.80000305175781,9346800
2026-04-13,94.72000122070312,96.8499984741211,94.19999694824219,96.79000091552734,7449700
2026-04-14,97.27999877929688,99.05999755859375,96.88999938964844,98.37999725341797,12167600
2026-04-15,99.4000015258789,100.76000213623047,99.08999633789062,100.2699966430664,10983400
2026-04-16,95.76000213623047,98.75,91.91999816894531,92.62000274658203,27859500
2026-04-17,93.3499984741211,93.93000030517578,90.56999969482422,92.27999877929688,20191300
2026-04-20,91.9800033569336,93.58999633789062,91.6500015258789,93.1500015258789,11271600
2026-04-21,93.26000213623047,94.16000366210938,91.83000183105469,91.97000122070312,12842800
2026-04-22,92.19000244140625,93.0,91.1500015258789,91.70999908447266,10790800
2026-04-23,91.13999938964844,91.5999984741211,88.25499725341797,88.35009765625,6849173
