timestamp,open,high,low,close,volume
2021-01-04,462.4737729884716,469.701021145029,455.69025782897796,465.2049560546875,2220400
2021-01-05,465.3825022459218,476.1296768942505,464.3965223682821,471.0223083496094,2046700
2021-01-06,464.6922742578835,483.0906611961303,463.63729872518854,478.4072570800781,2112300
2021-01-07,483.0413541976862,498.4029058214401,481.15812922050407,493.31524658203125,2144400
2021-01-08,502.73137741201094,511.72350823367015,495.99711863260677,505.117431640625,2221700
2021-01-11,501.8538827029393,511.37848191536574,501.8243045105282,506.1527404785156,1669600
2021-01-12,505.08782472429425,508.4697277703009,488.98675986563416,491.7770690917969,2039000
2021-01-13,492.9898559206055,497.91975447981156,492.7630697545854,494.6758728027344,1410200
2021-01-14,494.96174767070937,500.2071662420566,489.105026575955,489.943115234375,1426700
2021-01-15,490.35724598197413,504.3384602839311,490.03188593702197,496.0858154296875,1892600
2021-01-19,502.849649954276,506.7639605001488,496.0463960022489,500.2663879394531,1758700
2021-01-20,502.5145313615634,512.472934605664,502.26803638071794,508.60791015625,1257100
2021-01-21,508.5683782064935,512.7095054789406,504.8315363600022,505.1766052246094,1514200
2021-01-22,504.5356964829323,509.85998118923453,502.8595489383875,507.3851623535156,1936600
2021-01-25,511.2601263037994,514.6814472682878,508.3908914317654,511.555908203125,1509700
2021-01-26,508.97265923482814,510.8952717202166,500.08897152063486,500.7101135253906,1006300
2021-01-27,493.2068177113412,493.97588075323665,472.4617942541887,475.7155456542969,2504600
2021-01-28,484.4414668064803,496.2830944421341,482.79489730604774,489.519287109375,1619700
2021-01-29,487.11356576158477,506.4781972408467,483.7513703636808,502.55401611328125,2586400
2021-02-01,509.5938592530099,519.2071629244499,504.82169023356926,508.2430114746094,2083100
2021-02-02,512.6996238213751,518.3591382142887,510.74740308527157,511.2601318359375,1502000
2021-02-03,511.5263091036953,512.2855328084485,492.299702969883,493.2068176269531,1704900
2021-02-04,493.20681748603005,495.997127084665,480.8229135869671,482.10467529296875,2921900
2021-02-05,484.63858642967966,487.438765084246,480.2312560972065,485.6541442871094,1678600
2021-02-08,490.03196201627765,495.10975198301026,486.32466832885393,488.8093566894531,1418800
2021-02-09,488.3459195435602,492.98000632176286,481.4539006195978,482.43988037109375,1452500
2021-02-10,487.31066603026215,487.31066603026215,477.02690353035706,478.0819091796875,1677800
2021-02-11,481.3257552709611,487.5867027089094,477.3128104046171,487.123291015625,1027100
2021-02-12,487.23178637690023,504.11175590477535,486.8176616173472,500.7101135253906,1762800
2021-02-16,502.8496887796453,506.4090613493164,491.3334521483411,493.0687561035156,1467300
2021-02-17,490.60382951913857,498.47195937795226,487.162769548532,491.47149658203125,1006500
2021-02-18,490.8700343840575,492.5461819387903,481.48348771869513,481.9468994140625,1465800
2021-02-19,482.2821095972886,483.0314336845065,471.3574380177112,472.1462097167969,1918000
2021-02-22,468.11356493819045,469.57282570654075,455.2859896775315,456.78466796875,2127200
2021-02-23,454.4183657368485,454.92122505326444,446.69812721063363,452.37738037109375,2055400
2021-02-24,464.2288232546467,466.7233507691308,448.22639148664103,450.25750732421875,2426700
2021-02-25,451.33224107730763,451.57873602055025,442.2513757933682,445.1402893066406,2147900
2021-02-26,448.3446436116456,449.51796173940994,442.5372093414751,443.7696838378906,2153100
2021-03-01,447.82220568190036,454.1423403457302,447.57571071103206,453.1169128417969,1309000
2021-03-02,453.5507006145649,460.7582104280235,451.6576061899164,455.631103515625,1718700
2021-03-03,455.73959357303,458.48061626885516,444.38111687969945,444.637451171875,2001100
2021-03-04,439.82585170050316,445.59383949278913,432.8451280233373,435.2706298828125,2508900
2021-03-05,438.7610199141763,442.55704823924214,427.44196074791273,440.60479736328125,2749200
2021-03-08,439.362481728275,447.7236019780753,433.28887212092854,433.6832580566406,1572100
2021-03-09,443.69087819201576,454.59581159106915,441.44284561276476,441.8273620605469,2863300
2021-03-10,450.29688815778985,453.3336920377737,434.5507929939062,434.9057312011719,2759800
2021-03-11,443.69097830204913,456.73550389642867,441.72888782671276,454.0634765625,2617100
2021-03-12,448.60104997993676,450.7110308689054,441.22591106986914,444.1739807128906,1577300
2021-03-15,441.40182769846854,449.0673036470221,439.75427739414584,446.72918701171875,1701800
2021-03-16,449.1659505921223,449.59015948170935,436.05470455240544,440.42510986328125,2402400
2021-03-17,436.8538465399996,439.9022799390748,434.28881261210597,436.6565246582031,1876300
2021-03-18,435.03856884780487,447.41974832349894,432.43406470644794,439.7542724609375,2126800
2021-03-19,441.1453361962232,444.33190089523845,438.78746919791365,439.0242614746094,2693100
2021-03-22,439.0242105870079,450.2511438031492,437.1398982534101,448.5444030761719,1431800
2021-03-23,448.00187464544564,451.9678219802461,444.44044623137864,445.9301452636719,1156400
2021-03-24,444.42076899724674,448.6136038005109,439.0045925079687,439.3794860839844,1547700
2021-03-25,438.8072238116066,438.8072238116066,428.7838804018238,436.3408508300781,1680700
2021-03-26,438.61975435587317,454.4341358906838,436.31123297749,453.8717956542969,1750900
2021-03-29,450.34981635624274,454.74984728638276,444.17403908825855,452.40185546875,1926900
2021-03-30,448.9094513767321,452.1848017283133,444.6673021420736,445.3973388671875,1448200
2021-03-31,449.9453806782501,454.6413648676089,446.9068221544321,450.2413635253906,1563600
2021-04-01,455.0457837252688,455.904076646543,449.9551866294426,450.162353515625,993200
2021-04-05,454.0395296865452,461.16241580941846,454.0395296865452,459.130126953125,1509600
2021-04-06,461.6557064092269,466.63776778566626,457.3543362766987,462.43505859375,1150700
2021-04-07,460.71843663993866,464.48706148440795,456.2296502101584,460.1067810058594,1801800
2021-04-08,465.50323927238077,469.39024547242593,463.4709503585004,465.1678161621094,1339400
2021-04-09,466.1149061408307,472.69520261424475,464.71399301644817,472.4386901855469,1147500
2021-04-12,471.6987725066128,474.7373307870759,468.1767846466659,469.57769775390625,1163100
2021-04-13,472.152561727401,481.14004028504985,471.61981674779315,478.328369140625,1837300
2021-04-14,477.48974832446663,486.56601178173395,467.0816677127087,471.60992431640625,1744500
2021-04-15,478.4763578587547,491.3606878906726,477.48980866729335,487.7301940917969,2380000
2021-04-16,491.3804542874621,492.2880928761591,484.3069127788539,486.2898864746094,2590500
2021-04-19,483.40908260272806,488.09519105653,479.54179669478634,481.0808410644531,1677200
2021-04-20,481.14011761179677,483.40916901535695,475.3885181898647,475.8719177246094,1464500
2021-04-21,477.73649631640046,479.37417175968085,470.07101912939265,473.9481506347656,1312400
2021-04-22,473.07004247913176,482.2548127523872,472.44854179813785,477.69696044921875,1087200
2021-04-23,478.8808357262794,483.77411117442284,477.65752439101635,481.5247802734375,1210800
2021-04-26,482.48162869430786,489.5749180771307,480.04485157536345,487.3946533203125,1671400
2021-04-27,488.93370672940006,489.84131497970435,483.5175320659294,483.6260681152344,978300
2021-04-28,482.9749368873326,484.977630198064,478.5255911630564,479.2655029296875,1140500
2021-04-29,471.2054866300019,473.32656133194195,455.39110458059486,458.1435852050781,3359200
2021-04-30,459.20901538198046,468.7785537906909,458.74533609605146,463.9049987792969,2094800
2021-05-03,465.4341635733986,466.7660109667484,458.88349277751155,461.0933532714844,1581300
2021-05-04,457.68975901586674,459.5050059146974,453.44760953683874,459.0216064453125,1703100
2021-05-05,462.2969104675427,467.13099499624445,458.5677561045912,461.4780578613281,1586000
2021-05-06,462.7309826322656,464.2502465177399,456.0914965754353,463.8161926269531,1530900
2021-05-07,467.07188855445384,472.5472249572685,461.6063971715099,462.1490173339844,1442000
2021-05-10,461.72468712618576,463.6287497218415,456.18028614322196,457.23590087890625,1502700
2021-05-11,451.5830421840515,457.8969814434873,449.37318150750525,457.75885009765625,1568700
2021-05-12,451.54357869403157,457.75882658106696,447.9525251720345,448.662841796875,1454500
2021-05-13,450.9121796028797,452.80636733357363,447.4592573671993,450.7740783691406,1240300
2021-05-14,451.7212065397395,455.1938493005201,448.8010289884673,452.89520263671875,1009700
2021-05-17,454.6708668979325,455.23320709578985,445.74260982144716,446.82781982421875,1092300
2021-05-18,444.6475813304034,452.86555302320335,442.48703617466987,448.4951171875,1897200
2021-05-19,445.8214680480256,451.9676788942164,443.53266724002583,450.8035583496094,1136600
2021-05-20,451.5435591679932,461.37945542326617,451.5435591679932,459.0314636230469,1181200
2021-05-21,461.3104132258745,465.50324733754894,455.8646423581725,456.12115478515625,1415300
2021-05-24,459.11045566135965,460.29432689704294,455.50955663787585,456.2395935058594,1194800
2021-05-25,459.0413156658584,460.1561210424403,455.37135155790753,457.7785339355469,1592500
2021-05-26,455.87451748509926,458.25210467657365,451.09962295664866,453.5068054199219,2142600
2021-05-27,453.487063585169,466.28260733711613,450.872684237252,466.124755859375,4059500
2021-05-28,465.3946441969456,474.2242703318429,463.09599813294653,463.1847839355469,1618200
2021-06-01,460.71838907115585,464.57579932483753,440.306687583612,440.9972839355469,4619100
2021-06-02,441.6879009198778,446.39375952101653,440.5237801765083,443.167724609375,2355200
2021-06-03,441.5597323124854,445.41714377452155,438.02789898669687,439.3399963378906,2396100
2021-06-04,442.9309828140362,446.40362505980147,439.142637607631,442.72381591796875,1731200
2021-06-07,443.25654126785855,444.51932303316687,437.495097581946,438.4718017578125,2782000
2021-06-08,435.8278388492953,438.0278544523278,432.81887576582704,435.0682067871094,2819400
2021-06-09,438.66907032155177,443.85832844691265,436.5381205602677,442.1811828613281,1795700
2021-06-10,442.7533881721451,459.43593741087864,441.7766840701328,458.65655517578125,2679600
2021-06-11,457.82788120644005,459.63325294301785,454.9570195047578,458.8933410644531,1935000
2021-06-14,458.7058338778692,464.8653343053698,457.4127340140693,464.0065612792969,1452700
2021-06-15,466.65189927264316,467.3330012288251,461.55845557263865,464.0163269042969,1260700
2021-06-16,462.02243563582715,471.16299942730996,459.91990594090265,462.3778076171875,1691700
2021-06-17,462.7923580576161,483.00819427347074,462.0125399528344,479.8099670410156,2237300
2021-06-18,476.9079223421566,481.7644416874832,474.24273797962616,476.2465515136719,2321300
2021-06-21,477.9740305350536,480.7181700131282,470.5707732966584,477.3225402832031,1111300
2021-06-22,478.072750894669,486.04851350901237,476.74015855515773,485.8609619140625,1840600
2021-06-23,484.55801277330454,487.7858221215761,482.8404365900641,487.6476135253906,1358000
2021-06-24,488.61490352733824,492.0006520937551,487.18359529571796,488.9702453613281,1326600
2021-06-25,488.61491976279916,491.28995462619486,484.8540679418118,486.51239013671875,4676100
2021-06-28,487.3120102201965,499.2164457669468,485.66356843390747,498.584716796875,1449600
2021-06-29,498.29842457955266,504.0137474736913,494.30067781034666,501.6841735839844,1349900
2021-06-30,500.9536829345416,502.2862751109756,496.797996777804,497.9627685546875,1010000
2021-07-01,499.315175399566,502.99707304183283,496.76846802730273,502.95758056640625,1129300
2021-07-02,502.34549009652125,507.991708083768,500.88457001453196,506.6986083984375,923400
2021-07-06,509.01829617062333,511.7723461966274,506.6591708453643,510.390380859375,1288700
2021-07-07,513.2727091179614,517.4975299088136,510.4002719945021,515.9773559570312,1433500
2021-07-08,505.3956571956898,514.1117749499296,504.8823755759647,511.9203796386719,1384000
2021-07-09,512.3843298622436,513.243102788242,507.9522566527483,510.5877990722656,1184200
2021-07-12,512.9864380387492,514.2104334409055,506.3136267195318,508.0509338378906,1427600
2021-07-13,507.27118089280253,511.22940492702736,505.67208224112755,507.6659851074219,941800
2021-07-14,509.8968483574075,510.2226085301091,502.89830645590087,504.19140625,863900
2021-07-15,503.35233109494624,509.1663695826949,502.829168847445,507.8436279296875,1074800
2021-07-16,508.12011839658715,514.7731694707018,507.25146470018234,513.085205078125,1080800
2021-07-19,511.8613763920061,515.9578709608008,509.5614134516917,514.8917846679688,1317300
2021-07-20,515.1284284316272,522.7192362794608,513.3417783262443,515.8391723632812,1145400
2021-07-21,516.2241983536006,516.2241983536006,500.6181635543709,507.6265869140625,1113000
2021-07-22,513.0062442856661,519.0176551902473,511.96974011438164,517.7344360351562,868400
2021-07-23,520.4095005212936,526.2728824275423,518.6820739020031,525.3943481445312,1005100
2021-07-26,521.919757651118,526.1248174263031,518.6129934981462,522.2948608398438,874500
2021-07-27,521.544603314603,527.6054171403026,520.7549346649932,523.4398803710938,1091500
2021-07-28,511.3181453502506,522.3539235742078,509.3439440168519,521.4556884765625,1814500
2021-07-29,524.6736696727069,528.5035650021706,523.1140336804177,526.884765625,1000800
2021-07-30,527.9904207143885,536.2919128663709,524.5256868773173,533.0443725585938,1412800
2021-08-02,535.0875684810336,537.3381267656324,525.0191292132703,526.7958984375,1147400
2021-08-03,527.3488267517033,531.4749016874956,525.4338484085018,530.0633544921875,934100
2021-08-04,531.919074429147,534.3177224642637,528.5036835150554,531.928955078125,854600
2021-08-05,533.9918002136516,536.1042100265612,529.7868021276316,535.35400390625,781100
2021-08-06,532.3336577779971,535.0087230826405,526.697349825924,531.2577514648438,765800
2021-08-09,536.8151072147674,539.0064423260377,532.1757208669347,534.1795043945312,861700
2021-08-10,533.8045254356897,539.5494004284544,532.264589986573,533.3997802734375,903200
2021-08-11,533.4787496320326,536.9434837955403,527.1415780561031,530.3298950195312,898900
2021-08-12,529.717888241115,536.1340446580436,529.0367861500189,535.0186157226562,603200
2021-08-13,534.9692009622881,537.6639670166071,533.6662206041958,537.6146240234375,608300
2021-08-16,539.3618331521367,547.3869691354613,535.7194280370195,547.3080444335938,1141400
2021-08-17,546.8242516443852,550.3976122976775,544.9981390952579,549.1340942382812,830300
2021-08-18,546.8243693116236,548.8183328197374,537.2988798128822,537.6344604492188,913100
2021-08-19,537.0222730061306,547.1203546972865,535.3837122620514,544.7611694335938,834900
2021-08-20,545.1561178697391,550.7924254904191,543.3200643942364,547.8410034179688,951400
2021-08-23,550.5061815917012,553.4674842788563,544.3861439886759,545.4818115234375,1275100
2021-08-24,547.1797155498211,547.1797155498211,541.2175869364739,543.3892211914062,876100
2021-08-25,545.4524539024045,546.0446905839889,537.141017567583,541.010498046875,963200
2021-08-26,542.9054818019687,546.9131089486289,538.1081860040767,545.6397705078125,766000
2021-08-27,547.525087707403,550.427166592249,540.4080689486998,541.4346923828125,846100
2021-08-30,541.9183998917708,551.5426337696302,540.9609409275097,551.3255004882812,873300
2021-08-31,552.6088060636895,552.6976114207296,541.5335007859925,547.791748046875,1287100
2021-09-01,545.6496196795944,556.063521271119,544.7907865389867,554.4742431640625,1062900
2021-09-02,554.168276174474,564.2959407998509,552.7271474544323,558.1759033203125,1137200
2021-09-03,555.6886278178342,561.4532650375223,553.299859803752,560.7820434570312,825500
2021-09-07,560.6732948851621,562.1046031980845,551.2464936140409,561.8281860351562,1241900
2021-09-08,561.4630650504541,565.8754380717448,558.8768651199282,565.1943359375,945100
2021-09-09,566.5267704150677,568.2048538705523,559.7355119054231,561.4432373046875,1122600
2021-09-10,564.2071112189519,568.2048575446142,561.8578064156534,564.5822143554688,1054700
2021-09-13,565.9542703249383,567.8791291070936,542.0960587191834,551.917724609375,1372500
2021-09-14,556.184081593078,559.0973965009127,553.4090395919234,555.4039306640625,785400
2021-09-15,552.4905632504517,559.0479774126824,550.1105094255612,555.9569091796875,1241400
2021-09-16,555.1174092205115,555.7889428746104,548.3822419127872,553.4682006835938,1053400
2021-09-17,589.6325687000881,601.7202934049243,568.834557598913,589.3757934570312,5272300
2021-09-20,585.3170474387853,594.6988691799377,577.7227072183326,582.8580322265625,2674200
2021-09-21,586.1070884143845,595.2617906779557,581.6729527986528,589.6129150390625,1364400
2021-09-22,594.0372002675874,602.5993298843715,587.953795993685,599.0836181640625,1696600
2021-09-23,599.5477484871936,606.4903253381851,595.6567590492525,600.6636962890625,1179200
2021-09-24,603.7943006308891,609.2554769242583,598.313293570321,602.1944580078125,1300900
2021-09-27,596.00258236735,597.9875884012372,576.5674010680517,587.2725219726562,1708800
2021-09-28,578.0783729647652,581.2682342192295,563.0674420067703,569.2792358398438,1750100
2021-09-29,573.7725010283098,578.6510510384503,570.8098203001085,572.389892578125,1040900
2021-09-30,575.609253662109,581.3865162946308,563.886920336626,564.2227172851562,1510800
2021-10-01,563.4723622937878,569.0323323418477,545.1432431072528,565.5955810546875,1657600
2021-10-04,564.4400193806089,567.3731045135295,555.6211140413747,561.9217529296875,1323700
2021-10-05,563.9265890632869,574.6909602063422,562.0896810890191,564.7659912109375,1384500
2021-10-06,560.4403624148122,568.8346233496596,558.870115318551,568.4395751953125,1133500
2021-10-07,572.7256238083494,581.7914185623922,572.7256238083494,576.251220703125,1027800
2021-10-08,577.999194417331,582.2259202298912,573.1798963893308,576.6560668945312,851400
2021-10-11,573.9700505910992,579.4411128791972,571.2641450501283,571.4616088867188,676000
2021-10-12,574.7598718866807,575.7375465606987,562.8696721813293,568.74560546875,1012000
2021-10-13,571.8467449014362,576.2216295314113,563.4228873979275,566.425048828125,1223100
2021-10-14,570.4541555772565,577.2880536928931,568.1037580264206,570.167724609375,845700
2021-10-15,572.9429023905054,576.5475212514971,570.770318158781,575.1452026367188,874700
2021-10-18,576.3004804769512,583.539311768428,573.7723294227158,580.7149047851562,1534000
2021-10-19,583.648082881643,589.5833293753942,582.2852449726398,584.734375,765700
2021-10-20,602.1944607440802,602.2833074036058,592.5459787335028,598.06640625,1062100
2021-10-21,603.3301627616632,604.38685943856,590.1363725839246,600.8414916992188,959200
2021-10-22,601.35501478836,604.4460829821278,597.5232764576042,604.3473510742188,738700
2021-10-25,604.3867665537588,604.3867665537588,595.0049458311105,600.1896362304688,951900
2021-10-26,602.0759874939956,603.3993448207257,596.3481497947395,600.7724609375,1051500
2021-10-27,609.1273084077598,618.2029918743319,601.5527361994913,604.6734008789062,1771100
2021-10-28,607.3495685252431,619.5557990459745,603.8832223192728,612.3565063476562,1280000
2021-10-29,613.9364924945648,626.2118577444344,609.2752375879203,625.1947021484375,1541700
2021-11-01,624.4835507816424,630.7743032491459,620.0297057499627,627.1993408203125,1582600
2021-11-02,629.9253346731925,635.356917497428,624.9183956366518,628.2860107421875,1376600
2021-11-03,628.5819339280675,634.5863155473129,620.5728368716442,634.37890625,1216600
2021-11-04,634.7048817115002,635.5146882181681,622.6961172661369,631.8014526367188,1396100
2021-11-05,606.5396724807488,614.0549905923184,591.992931076426,609.1270751953125,2693400
2021-11-08,613.7588109308446,618.5089733285196,607.7643129723995,616.7017211914062,1170900
2021-11-09,615.9906176136417,616.8497900858777,607.3593519103794,610.8849487304688,927000
2021-11-10,608.0309804632659,621.0864982018079,608.0309804632659,619.06201171875,1119100
2021-11-11,620.1581656841677,624.3651818876473,617.6892651211766,623.62451171875,687600
2021-11-12,625.0368603368601,631.7523196438949,622.0149277590571,627.3477783203125,888100
2021-11-15,628.6711350812815,631.3079046126343,624.1480913308372,624.4937133789062,826100
2021-11-16,622.5382275408363,643.4646313913381,622.5382275408363,633.5001220703125,1346900
2021-11-17,635.3269637124915,638.9512918757158,625.4710743587138,629.3719482421875,1390300
2021-11-18,630.4881563537064,632.2756382026395,623.3283437101833,629.6981201171875,968700
2021-11-19,630.2311957777623,636.9861332077808,627.9795901516785,628.1375732421875,1222300
2021-11-22,632.0385111835684,632.82854726737,623.1504696200495,626.0736694335938,1318900
2021-11-23,621.372959579762,626.1922587182992,614.5587693252204,624.888671875,1022500
2021-11-24,625.3726225215677,625.7972662599308,616.1389569034227,625.125732421875,1283200
2021-11-26,644.5904367238651,658.3570282563209,628.9771124484121,630.794189453125,1677700
2021-11-29,632.0386006874487,646.506383391669,630.3400258805322,640.6995239257812,1869900
2021-11-30,633.4607047392027,641.1537780622292,623.2394793654383,624.9578247070312,2562900
2021-12-01,626.7845732253908,629.7472532237765,618.0940572853016,618.3607177734375,1502700
2021-12-02,614.8944001909216,625.6192878013038,611.2107602396302,619.77294921875,1481700
2021-12-03,626.2613200138591,628.6807942641134,610.6381105396524,628.1968994140625,1698500
2021-12-06,627.1006687236339,627.7524318736737,601.6315152317992,614.50927734375,2319700
2021-12-07,625.3033420844453,629.8164993007815,616.4251857878365,620.8889770507812,1585300
2021-12-08,623.1504685116374,630.7349233992429,620.0890560888932,630.2115478515625,1267400
2021-12-09,630.1718770938041,634.3394115047302,627.1697164885917,629.1448364257812,1029300
2021-12-10,629.0362657388641,636.7589924965699,629.0362657388641,634.5172119140625,989700
2021-12-13,634.5073483394349,641.3116517240262,632.4828622403768,637.9736938476562,1181900
2021-12-14,632.2930490928876,635.582965747995,616.8611516874774,624.498046875,1491500
2021-12-15,629.0819578534062,648.8213300264003,625.5944388249679,647.84326171875,1422800
2021-12-16,647.6062913977581,656.171868024651,643.1802600676261,653.2870483398438,1625100
2021-12-17,647.5766533194122,652.3781739302076,639.7125480287763,643.2296752929688,2475800
2021-12-20,642.6171906429455,648.4559949594025,632.6684479340536,641.5007934570312,1001300
2021-12-21,640.8288516347966,642.1724595396439,628.0347882654771,637.568603515625,1201000
2021-12-22,640.9080173175154,645.6008173232846,637.6378790939228,643.8521728515625,918400
2021-12-23,645.3931826816093,648.3273877697926,641.2239703100088,642.864013671875,840000
2021-12-27,648.9992497154877,654.768949069228,644.9585365930508,654.2354736328125,531400
2021-12-28,657.4858591831097,658.6318636001818,645.363598726765,647.4877319335938,818200
2021-12-29,652.1806621586576,657.1599483338431,646.3319681957175,654.7493286132812,644100
2021-12-30,656.6856658690497,660.88448647669,654.4034857860797,657.4365234375,555600
2021-12-31,656.991940219867,664.2435770394766,655.3420675698255,659.2049560546875,778700
2022-01-03,655.00609005756,656.2707049043223,632.4707765005705,637.1536865234375,1888800
2022-01-04,629.6256217871006,630.346872131729,605.2132181818732,610.5580444335938,2598000
2022-01-05,610.5578369564445,621.1882710796326,608.3744288087888,611.0715942382812,1915400
2022-01-06,610.557832579117,619.2716263577689,602.2688533573418,612.928955078125,1686000
2022-01-07,613.5218906450532,613.9960911678554,598.8902357294379,599.7596435546875,1741800
2022-01-10,592.6166342002317,617.8885513471869,591.7076696067122,617.5131225585938,2095700
2022-01-11,617.4735807776931,619.7261533444442,604.6202410722,613.0277709960938,2474800
2022-01-12,611.2296393233789,624.280581751433,611.2296393233789,617.671142578125,1554200
2022-01-13,617.1871543173403,618.3628265406272,592.6264769695266,593.6539916992188,2018100
2022-01-14,590.7294579901047,594.9875526716125,581.1067609813244,587.6371459960938,2426200
2022-01-18,579.0815007841695,587.6371873436234,577.1450821177584,582.9937744140625,1849500
2022-01-19,586.5604805430405,595.3335511305654,585.1180403648552,586.2245483398438,1875900
2022-01-20,587.8942038865405,595.2248343502165,579.7139441322295,581.0772705078125,1530300
2022-01-21,580.810511105076,583.4187341044083,571.3162513546512,573.341552734375,2095500
2022-01-24,563.9756251893928,569.2711242544335,545.7181863103715,568.8660278320312,2586200
2022-01-25,561.7429359626699,570.0219666136618,553.9676528229738,560.9130249023438,1864600
2022-01-26,568.3225897077969,568.6782399594384,551.6557503973094,556.121337890625,1892900
2022-01-27,561.7330358901011,564.5289129140099,546.1529228346409,547.0717163085938,1933400
2022-01-28,547.9015461676412,565.4970687232521,537.1525625874436,565.1414184570312,1583900
2022-01-31,567.0877857341527,574.6061302332589,565.2798060488999,574.2998657226562,1886100
2022-02-01,581.2156226286729,588.6746927408306,573.2230769566299,587.1532592773438,2215600
2022-02-02,598.840662917904,601.3797213079554,587.153107064128,596.8548583984375,2087200
2022-02-03,588.0422820801982,594.256513858714,582.5788474476172,587.765625,1758000
2022-02-04,585.1772643974338,591.9645294540258,580.642511700594,587.2618408203125,1393200
2022-02-07,590.6999686940469,592.527666429582,577.8565178168737,579.9805908203125,1243000
2022-02-08,570.9309670299406,585.5132343044257,570.9309670299406,580.4548950195312,1143900
2022-02-09,587.0345891289096,591.2630167357012,580.8993500938851,582.746826171875,1335300
2022-02-10,574.6653907928712,580.138715541264,570.3677985266767,573.2921752929688,1931100
2022-02-11,571.9978782793365,577.8367424387923,557.7713226428991,559.4705810546875,1726000
2022-02-14,557.7219229960402,561.9207433934131,549.2748360741424,554.4320068359375,1387700
2022-02-15,560.6463138830861,564.3511559029313,547.1508358842016,549.9664916992188,1438600
2022-02-16,545.7182281695971,548.0201866559638,532.6771735556332,543.7225341796875,2154700
2022-02-17,544.166971028782,544.166971028782,533.0920062068815,534.030517578125,1667300
2022-02-18,535.3447132102538,538.9211157889094,528.1128545412139,530.6716918945312,1473700
2022-02-22,529.8712992465867,534.1985582177613,520.5548666178215,523.5088500976562,1728000
2022-02-23,525.5935817132405,536.1153570461739,521.4837035462009,522.2147827148438,1520300
2022-02-24,512.5523900079594,535.8484470630937,507.7509305516013,533.6650390625,2174500
2022-02-25,530.385128861898,543.4459625322617,528.1128379474334,543.2088623046875,1156900
2022-02-28,538.5555435409633,543.0705178595107,532.3512000002665,537.4490356445312,1772800
2022-03-01,538.0615960352693,541.0155803400348,532.3314526015924,536.5302734375,1609900
2022-03-02,538.2097455575749,555.0050267706482,535.8188444628973,549.7490844726562,1643900
2022-03-03,551.2903467106673,562.1084967804767,544.0683775380643,547.6151123046875,1355200
2022-03-04,543.6434911182521,544.6907238455985,530.5826592506254,540.72900390625,1316900
2022-03-07,535.4731187361208,538.3382204287573,517.8479253438072,528.3104248046875,2168400
2022-03-08,520.2585464971468,529.2786059161748,513.6293883386943,517.6898803710938,1785200
2022-03-09,533.2007813824118,537.2909407219576,524.6253158044256,535.1766967773438,1481000
2022-03-10,529.9701592025718,535.0284979688986,527.4409898194085,531.7682495117188,1481200
2022-03-11,536.6980102167145,536.9548888087851,522.5603411312891,523.4297485351562,952200
2022-03-14,529.2292762444192,544.7501164326861,524.2795975584655,529.4268798828125,1102400
2022-03-15,534.092610021811,546.1524591966513,533.539046141684,544.3138427734375,1253100
2022-03-16,550.4228855237848,559.4282092519725,544.6697423482005,556.0870361328125,1397700
2022-03-17,556.136439852641,566.0907560019591,552.587718030494,565.6755981445312,1330600
2022-03-18,570.1830764028992,583.7849985830032,566.7529718989724,582.322021484375,2622100
2022-03-21,575.1256632743094,583.4093914444912,575.1256632743094,582.5296020507812,1690900
2022-03-22,583.4884785899774,587.8477860858394,579.7914566515605,580.6118774414062,1499800
2022-03-23,574.9181586723308,576.3811964507062,563.4020380128463,564.7463989257812,1195100
2022-03-24,567.5438411351523,568.8189988770612,560.5451648681221,567.0989990234375,971300
2022-03-25,571.2407979893823,574.3743612757215,561.7412208202326,567.6920166015625,1037300
2022-03-28,570.3610864550411,576.5985899195056,568.4038535213168,576.4898681640625,945300
2022-03-29,585.9498720049282,589.7457209890813,578.2197076631817,586.05859375,1201300
2022-03-30,585.722544561351,592.3653105731981,584.1013717844361,588.3124389648438,1092900
2022-03-31,585.5248272365649,594.223713302608,583.8641357421875,583.8641357421875,1637400
2022-04-01,585.4160521570941,587.3337662272136,577.7254666804249,585.5347290039062,1028700
2022-04-04,584.4770689313557,587.9071740252147,578.5262118706105,583.3600463867188,1027700
2022-04-05,578.1505095669181,586.9087038468879,574.0185402136182,577.5673217773438,1082200
2022-04-06,572.5160537643488,583.3303694415097,566.4466404371785,580.661376953125,1232700
2022-04-07,576.292066394214,610.0497439987316,575.2739313527741,605.1763916015625,2140200
2022-04-08,602.9917853249772,611.2557238371564,599.7890189383194,601.8648681640625,1629000
2022-04-11,591.6437505020501,596.7444418141156,577.8342174830166,578.9413452148438,1470100
2022-04-12,577.3697299735372,578.9315344763005,559.0328563780289,564.3806762695312,1411200
2022-04-13,564.934120758821,571.6955635542033,558.11336970795,570.1732177734375,1286300
2022-04-14,571.3891252387631,571.4286439642876,558.1529465471273,562.364013671875,1225600
2022-04-18,562.4231999435483,568.3937842351291,559.4477723935165,565.5567626953125,1161100
2022-04-19,568.1566271695128,569.3823712319311,561.8202374804362,567.5536499023438,1139000
2022-04-20,568.472957424001,591.7128621039858,568.472957424001,584.3583374023438,1598100
2022-04-21,585.6730832692825,588.6584063328589,571.4978667677665,573.7615356445312,1231900
2022-04-22,568.245523082985,570.0841993930992,554.2581286612389,554.8314819335938,1478000
2022-04-25,540.2114510077977,543.5526235357236,523.4067613863209,537.908203125,2597200
2022-04-26,527.97359475883,531.9375335149674,508.1144425923512,510.5066223144531,2469900
2022-04-27,514.3617764012773,522.2599686568647,509.81459016570074,514.5001220703125,1895900
2022-04-28,553.2993096941287,560.8120304038175,541.8029205458995,552.468994140625,2737200
2022-04-29,551.5497622987185,559.8235966874347,545.1738526286414,546.567626953125,2168700
2022-05-02,542.6232981695383,547.0617025967575,529.7528665397411,539.2525024414062,1972000
2022-05-03,538.0959977388483,547.4572293092988,535.1799382361316,540.0433959960938,1428000
2022-05-04,536.148658250052,559.2501579598312,534.6263728677335,556.511962890625,1251300
2022-05-05,553.4969991347435,555.068758291348,536.8208221216865,544.1852416992188,1378200
2022-05-06,536.1585401363338,542.801305645728,527.4596546833008,540.3992309570312,1116300
2022-05-09,532.4712966969703,532.4712966969703,508.9645370210797,511.4457092285156,1568600
2022-05-10,521.2319623510058,526.1547883363992,510.61536347985555,520.1841430664062,1682600
2022-05-11,514.4409756766418,526.4019972543877,513.6303892622343,514.0258178710938,1146400
2022-05-12,507.8673974057306,521.5286288615537,506.2165403299657,519.7591552734375,1532700
2022-05-13,528.6657228912292,545.5198283922559,526.8666250955301,535.1997680664062,1375100
2022-05-16,531.1666254115945,537.5326398409723,526.9061446278947,533.1831665039062,883700
2022-05-17,546.8344363997497,554.5349158468637,537.8884233620017,548.2282104492188,1554900
2022-05-18,541.1505127830974,544.0270535041359,533.0150858303773,535.9410400390625,1403500
2022-05-19,533.796117705626,553.4971412542067,531.2556363498056,544.4127197265625,2065500
2022-05-20,552.4986800029454,559.4182586157615,538.1850566935802,548.7720336914062,2167600
2022-05-23,552.745825849705,554.3472092685038,544.4324726776434,548.8313598632812,1180600
2022-05-24,546.1622566706495,546.8937452033042,537.0383188727136,542.5146484375,1012500
2022-05-25,544.5115347608076,544.5115347608076,523.614393558491,528.1318969726562,1538300
2022-05-26,532.7975355898393,535.3281213429099,527.6671610734517,533.9046630859375,1855200
2022-05-27,539.3021130261014,566.5256922981425,538.0170604127903,565.7744140625,1721300
2022-05-31,562.1464882180212,566.70350993409,556.0374968262945,561.0492553710938,2630800
2022-06-01,563.0065215932995,566.5058897288441,543.9974712095542,549.8296508789062,1309500
2022-06-02,548.1886702919469,563.8467114372077,542.7024461831793,563.5501098632812,842600
2022-06-03,554.5942745141085,556.2055525171777,548.3864558586084,551.6880493164062,736400
2022-06-06,552.5282229754386,555.9385979148142,544.2148118671402,546.5279541015625,1114400
2022-06-07,544.2247948074364,555.0984173224059,543.809637023093,554.2186279296875,1113600
2022-06-08,552.745644482667,554.0109674439883,543.3646853315091,545.7173461914062,837400
2022-06-09,541.6349140757736,545.6779512776818,533.3808700017523,533.6181030273438,832900
2022-06-10,524.1975788479682,527.7265710472673,516.941940477906,520.8267822265625,1177600
2022-06-13,505.72234201385703,511.92029645202354,502.88531966257364,506.0287780761719,1463700
2022-06-14,504.5747801224203,508.58058566885245,497.37417033632664,501.91412353515625,1009100
2022-06-15,509.1739284353507,515.9986777256747,501.59752099895127,509.144287109375,1320500
2022-06-16,498.0764425097473,500.65795491120343,492.3990410075085,499.3820495605469,1180100
2022-06-17,496.67187970937425,506.8199295766358,495.31683030517877,495.4355163574219,2175200
2022-06-21,500.78651554688594,510.9741377978555,500.0446975135245,507.9376220703125,1463400
2022-06-22,502.89329729774965,519.7572823086075,502.89329729774965,513.5556640625,1214800
2022-06-23,517.2944209167919,535.1672965855183,515.2173546554784,534.702392578125,1365300
2022-06-24,535.2168295406835,539.2523370639733,531.4384952944175,538.8665771484375,1292000
2022-06-27,539.8853011926226,541.1414053466466,533.8518116234576,537.7092895507812,767400
2022-06-28,536.6804936343514,539.1730210704962,528.4710543672757,529.925048828125,858900
2022-06-29,530.1724926691112,532.4473895328013,522.3191089655688,530.0735473632812,860700
2022-06-30,525.2565307916291,540.2709182760549,523.7234524946355,537.3531494140625,1364600
2022-07-01,538.015938968382,543.0503772047582,528.1349317882837,542.288818359375,835300
2022-07-05,533.970473117391,539.2225421455632,527.5314832146926,539.1236572265625,641700
2022-07-06,539.0545186972039,553.0798198476133,537.669767345485,549.9740600585938,1220600
2022-07-07,546.967153484193,552.7731110252674,542.5656878244284,547.7188720703125,1243600
2022-07-08,543.8713593526048,552.090701576299,542.902069676116,547.6694946289062,752500
2022-07-11,544.0000146563993,554.5436974688754,540.8843540610939,551.9424438476562,1089000
2022-07-12,544.8803390200617,547.6398810937509,523.8522553361412,525.1380615234375,1639400
2022-07-13,515.8799690400313,519.1439558041532,508.995877030615,517.4427490234375,1916800
2022-07-14,511.4686798307067,520.6375699816673,504.80221813996224,519.895751953125,1338600
2022-07-15,527.7096221562637,534.4156261169746,521.5376451036885,532.9913330078125,1673000
2022-07-18,532.9715366591179,534.1090151910448,511.6566426637816,515.0789184570312,1317700
2022-07-19,522.80380195487,531.7946047334019,518.244107240155,531.0132446289062,1993700
2022-07-20,534.1090521936962,542.3877376731534,531.3989529583222,532.7738037109375,921700
2022-07-21,549.4893459742873,568.8953013731733,549.4893459742873,568.7271728515625,2150200
2022-07-22,567.2236851748758,570.3887873205394,552.5159120770088,555.4139404296875,1252500
2022-07-25,554.4052032836087,562.1695420384181,548.1640426518853,561.2496948242188,1194400
2022-07-26,563.2378397357661,567.3128895202641,560.33981056767,567.0161743164062,1012700
2022-07-27,566.7589309405922,578.974178215402,560.8144855528033,575.5816040039062,1263900
2022-07-28,583.514068353372,596.4216898661667,567.055584678382,591.1201782226562,2294700
2022-07-29,596.3919648511877,604.3937348338713,591.3476266450187,591.8817138671875,2371200
2022-08-01,587.6286593655949,592.3070994124142,581.9117465303399,583.118408203125,1537800
2022-08-02,580.8929925350196,588.3804168487889,576.8871870221865,579.646728515625,1392700
2022-08-03,583.8999130560793,587.1738013217515,577.5400058297961,581.5656127929688,1077700
2022-08-04,584.384499816666,586.5308098227291,577.1937908063943,583.5635375976562,999600
2022-08-05,578.8950869268537,584.226240407762,574.7309929652799,583.8207397460938,982500
2022-08-08,584.3547759848426,586.8275027454159,576.1354346474689,577.5795288085938,921400
2022-08-09,577.5794971601915,579.6466628119496,569.755756311627,574.5330810546875,767900
2022-08-10,582.7525383695073,586.2935005074744,577.549910851819,585.887939453125,991800
2022-08-11,588.5782955106499,593.2566758824214,585.7099079166535,586.0758666992188,1086700
2022-08-12,588.0738565548736,597.4504185456141,585.9967899063195,596.6295166015625,989000
2022-08-15,596.4218330155481,599.5473338035104,592.6138570685664,597.8955688476562,855500
2022-08-16,593.4544757865457,597.3217942245911,591.337807000939,595.5414428710938,798000
2022-08-17,590.447604563929,594.0973516527937,588.0935638741297,589.53759765625,989400
2022-08-18,591.5850782011795,592.1785688970499,582.8415494202122,588.5189208984375,761000
2022-08-19,584.9878201768898,586.7879725387622,579.5873630912727,582.1293334960938,851100
2022-08-22,574.3649649512143,577.767439275575,568.2622924121305,569.8250122070312,723100
2022-08-23,565.7302694928285,570.2108800601649,561.4672903064575,566.7193603515625,913300
2022-08-24,566.7291499882169,569.9041527562346,564.7509686579563,566.8973388671875,855300
2022-08-25,572.0406252923501,579.6962385973076,566.8577992929872,579.0829467773438,928000
2022-08-26,577.6290564188906,578.865419981431,557.3625945608181,557.5604248046875,771900
2022-08-29,554.9888307004242,555.9779216900502,549.2916569410864,550.6170654296875,704500
2022-08-30,551.3389005976607,552.8027958303763,544.4845095457509,548.2430419921875,1058300
2022-08-31,550.1026443522627,553.0402755859544,538.38194185907,539.3710327148438,1166600
2022-09-01,536.5223579739528,544.9691707599828,535.6321522024508,544.74169921875,913900
2022-09-02,547.7289019946966,551.7841506479037,535.6619806107337,537.620361328125,796900
2022-09-06,541.2897867147974,547.105644866506,535.7706436995422,539.2028198242188,1043300
2022-09-07,537.4719290571305,548.2430812707951,535.8597063310045,545.7011108398438,1139800
2022-09-08,543.901046553388,560.992503917793,541.3194737251238,560.3792724609375,1854800
2022-09-09,560.2111206602162,566.0764215244419,559.7462166187637,563.1882934570312,1146600
2022-09-12,563.0398957305108,573.8012076580754,561.2792852611041,572.8714599609375,1097200
2022-09-13,558.836251188524,563.1882744605464,551.131256290043,553.7127685546875,1642800
2022-09-14,556.7806082314647,564.420514392125,546.8843974130865,552.3372192382812,1139400
2022-09-15,554.1878801013751,555.1379382118699,544.5390732603244,546.2510986328125,890400
2022-09-16,541.965990612986,542.3123338188061,530.8723169302282,535.662109375,1835500
2022-09-19,530.1894283423583,534.4052232884518,525.6470415675994,534.0687255859375,1072500
2022-09-20,527.6857146615906,529.9321738050168,523.0246381080333,526.63671875,1053800
2022-09-21,527.586701896897,534.6031408211488,518.7593001718659,520.2338256835938,1268900
2022-09-22,516.5920108840547,521.4906463739737,513.1877126035486,514.8898315429688,1137500
2022-09-23,510.9909059144028,516.1072912424637,507.7152620081143,515.3848266601562,1366300
2022-09-26,510.78306949640046,515.5628961115224,506.0823690832374,508.9720458984375,991900
2022-09-27,511.82217413956886,512.8217011832165,500.3326566781178,503.3807067871094,1166500
2022-09-28,505.37981080968314,515.8005523507635,502.3021029865153,512.4556274414062,1866700
2022-09-29,509.56577048907036,512.6534438691933,507.11152950663416,511.2481384277344,1074600
2022-09-30,509.4569359982042,516.1765020007592,501.48059225748614,501.9259338378906,1697200
2022-10-03,507.48772231237405,521.4117019615235,504.3407336661204,517.502685546875,2462900
2022-10-04,525.2115588177139,536.0083563278523,523.7964082226648,534.3259887695312,1195300
2022-10-05,530.2390971217162,543.2229241535804,528.4577908060792,540.6004638671875,1167400
2022-10-06,538.6902653735664,540.6397895468573,531.6342635494402,534.9791870117188,971700
2022-10-07,529.4473369666199,530.2390218387566,515.4937023399489,518.175537109375,976800
2022-10-10,518.6505656190654,518.6505656190654,504.6474024413372,505.5380554199219,947900
2022-10-11,501.7478151413822,502.4504376823438,491.6140743072121,495.6121520996094,1667200
2022-10-12,497.19550269623613,498.86796464422304,493.24692447153313,495.47357177734375,1098900
2022-10-13,484.1028573680796,509.42728867422454,483.1924228404933,505.2411804199219,1737600
2022-10-14,508.74446897618265,512.0398639894845,496.92838976731906,497.82891845703125,1267500
2022-10-17,505.0333751122705,515.7806770785998,504.0041908060145,511.86175537109375,1071100
2022-10-18,525.2711239662516,527.1810854683774,515.88947473088,518.9573364257812,970400
2022-10-19,508.66524012682896,510.45645188319287,493.4943621094699,500.3623046875,1947800
2022-10-20,493.5734934209751,496.95801066423024,480.5203894946872,481.806884765625,3267100
2022-10-21,481.11423290318476,491.78234793595357,473.3457006579794,491.58441162109375,2836900
2022-10-24,494.54335655745575,503.9546325559459,490.6046537598603,499.7685546875,1818800
2022-10-25,502.3811482788445,512.2674836615631,499.46178413747265,509.27880859375,2382800
2022-10-26,494.8105859472074,512.2180489375706,490.07029207759757,497.7794494628906,2446900
2022-10-27,493.4745719394326,502.1436627289422,485.0331048828197,493.14801025390625,2334800
2022-10-28,496.04754189156046,503.1926069448948,494.4344547785622,498.61065673828125,2017100
2022-10-31,495.19648778352956,511.1095506522784,495.19648778352956,508.635498046875,2875200
2022-11-01,511.17874532850857,520.5010174656893,507.67550917354777,512.3168334960938,2112100
2022-11-02,510.64449520969504,510.64449520969504,485.04300180331234,485.8841857910156,1803300
2022-11-03,479.08552440952735,485.73578035604584,470.83208688497336,481.88616943359375,1471500
2022-11-04,488.15043369285814,490.55523613805457,478.8084072398635,490.4067687988281,1772200
2022-11-07,493.8209333219143,494.89961670647267,484.6174690898377,486.9925537109375,1340900
2022-11-08,489.1301637291426,495.53301383613575,482.7371892971679,487.0618591308594,2003100
2022-11-09,486.3790766708631,490.8026849923492,478.7095117649894,479.6793212890625,1061000
2022-11-10,501.7577111979119,515.266034032854,500.9858078987964,515.177001953125,1937600
2022-11-11,521.3917224460141,539.7987098830271,521.1542230625917,533.0890502929688,2422500
2022-11-14,534.95945550762,536.5626367682775,528.6357625340963,529.2196655273438,1458400
2022-11-15,538.1459426849227,547.1416234970496,534.8702998293558,540.422119140625,1531400
2022-11-16,540.3330195850871,542.4903859315674,525.7063934687199,530.4467163085938,1133700
2022-11-17,523.7271083065247,525.8449113857824,513.652775473648,524.3901977539062,1281800
2022-11-18,535.6918838068,537.5226589838651,523.8857093797355,529.6848754882812,1228400
2022-11-21,527.2503763268493,534.3954119155806,527.0128165174751,530.7140502929688,1329600
2022-11-22,535.395017489319,539.7889383814651,532.0599986132595,539.09619140625,1503600
2022-11-23,539.9966538930686,547.0823752013588,537.3642881924753,541.6097412109375,823600
2022-11-25,544.7765037961287,548.7053309296061,541.6888908295809,545.5286254882812,549200
2022-11-28,537.6611297764675,544.2916032049361,532.5744628428405,534.4251098632812,1822700
2022-11-29,529.9024967583532,534.7813211723079,525.0731413154041,534.14794921875,1195600
2022-11-30,535.6918676586407,556.14732164906,534.2569047892762,554.4055786132812,3132200
2022-12-01,561.7584563444141,563.4210125879216,548.6855395251202,558.7005004882812,1423900
2022-12-02,547.7948399300011,558.9379831391915,544.5687258933037,557.1566772460938,1014400
2022-12-05,550.0907940635685,553.8414968526962,546.2214019710938,551.4268188476562,1824100
2022-12-06,546.7063119340168,550.6747024200347,540.1352129846423,544.816162109375,1969700
2022-12-07,544.7270127739123,553.4455718018767,544.7270127739123,552.3471069335938,952000
2022-12-08,554.3165140436124,563.1043549170196,550.9914013892646,562.0553588867188,1160400
2022-12-09,558.1462961203677,565.1725817158217,553.5148766560809,554.4154052734375,1157100
2022-12-12,559.5120542435155,562.9658226620321,557.5526235422795,561.708984375,1163000
2022-12-13,570.8529983451186,578.6413107028767,560.8676959810884,565.4496459960938,1867300
2022-12-14,563.4991041064598,570.4697351034588,558.142468133362,561.6376342773438,2079900
2022-12-15,555.8553085708387,556.1028438377953,545.4984112453498,548.3302001953125,1366900
2022-12-16,543.9834943457942,545.3993887362067,526.3193521601239,531.1512451171875,2336400
2022-12-19,528.5867659462542,529.6660462622165,522.0716814654536,524.9430541992188,1053400
2022-12-20,524.5865719674847,525.6955249918767,514.8832027873513,523.2894897460938,988600
2022-12-21,526.2204391067512,535.7257700053866,524.2599185284249,534.5673217773438,1208300
2022-12-22,529.4481186247222,534.0226252297074,522.5072816065682,533.8245849609375,1103300
2022-12-23,532.6759727642637,537.7356386045134,530.0521356850129,535.349365234375,621400
2022-12-27,535.3493587506803,543.42894209879,531.5274294935621,540.0624389648438,1050000
2022-12-28,541.983442881701,547.5777642982366,537.7258482169462,538.0525512695312,826800
2022-12-29,543.2012242770013,556.0334730332692,540.7556050836029,551.5184326171875,1027400
2022-12-30,547.3499864336833,549.5283089341597,539.8744332366676,545.2608032226562,686000
2023-01-03,547.8350362487786,550.6173297576177,541.5773385151232,547.7261352539062,1785800
2023-01-04,553.785779588481,562.2118881084524,549.4886020314545,556.3799438476562,1935800
2023-01-05,550.3104104271031,558.7563416401476,546.8548282212452,551.4490966796875,2220000
2023-01-06,550.2808018166885,550.2808018166885,517.6259691958672,529.7254638671875,2938100
2023-01-09,533.4284830275948,547.4984065566894,531.7155586599213,540.7060546875,1871200
2023-01-10,542.0724530165559,566.9844339024615,542.0328691334049,562.4298095703125,2102800
2023-01-11,565.4893729002976,579.1433967370771,562.4397214302933,576.8165893554688,2013500
2023-01-12,576.2323940512302,580.7474955388822,571.1727874719766,575.806640625,1635200
2023-01-13,572.9450893519949,579.09382602199,566.8259650519508,578.0839233398438,2040500
2023-01-17,579.2324205435126,585.470296062685,575.9946404951186,582.064208984375,2086300
2023-01-18,585.3019540832624,590.9655306268044,573.0440057645894,574.3311767578125,1749700
2023-01-19,569.3608574913642,581.3712132615983,568.0439529260885,578.103759765625,1636000
2023-01-20,581.2127555319089,589.480408545413,579.1829786086412,587.8070678710938,2394700
2023-01-23,587.3615936206811,603.2137010561603,584.1832190963482,598.8571166992188,2307200
2023-01-24,603.8375039836103,603.8375039836103,571.0935921635374,574.9946899414062,2102600
2023-01-25,565.5190780117574,570.3410600320138,561.3307403264099,569.64794921875,1238300
2023-01-26,570.3509792079936,572.8164207581983,561.7169178089302,571.677734375,1210800
2023-01-27,569.2321690042605,571.8164228912793,562.5883001586221,567.9746704101562,1110000
2023-01-30,562.1724780121416,565.2418915017133,555.2315786598224,558.7267456054688,1221500
2023-01-31,556.6374797130205,565.0041835440812,552.4986974394087,564.7071533203125,1799800
2023-02-01,580.311836772153,591.6489042720933,570.6480497522782,581.5692749023438,2627500
2023-02-02,585.8367905918294,589.3022845771526,581.2821655273438,581.2821655273438,2312500
2023-02-03,578.796747076426,586.9951425238469,576.905604597168,581.9652099609375,1283200
2023-02-06,574.8362352864103,578.0740155753754,567.7666143038117,570.489501953125,1119500
2023-02-07,565.1526575795826,580.5592477208037,563.7961089342417,577.4006958007812,1171100
2023-02-08,572.8560925295677,579.3217435992868,570.3510667089997,573.5194702148438,907200
2023-02-09,576.9155397076962,577.5690666231369,562.10306873653,563.3209228515625,960800
2023-02-10,561.5188946905193,566.0735799292411,557.7959545516493,565.7764892578125,763700
2023-02-13,569.0042912478032,571.5390497000321,563.4001199784486,569.3310546875,997600
2023-02-14,570.212381356209,573.3906956587232,561.043664959794,565.8458251953125,850100
2023-02-15,562.8556340538552,564.8854112315184,557.2217287515756,561.24169921875,1038400
2023-02-16,550.637197119792,559.8257344248461,545.8647103428233,552.0828247070312,1173700
2023-02-17,547.4687003229587,555.9542152556153,547.4489385992835,554.181884765625,1182400
2023-02-21,543.2409325817382,548.7757874258069,538.765475521354,545.3400268554688,1395200
2023-02-22,544.5774873772758,547.8350291366528,539.3396638456179,542.9932861328125,1705300
2023-02-23,547.9142514387546,552.1718451167084,541.5080689823266,545.5181274414062,1160200
2023-02-24,539.2407237010389,541.2705008457697,533.8543537622915,537.4386596679688,852600
2023-02-27,543.0824387746325,548.9539677753766,535.6960254375908,536.0128173828125,1110600
2023-02-28,535.0820356857537,539.8545222408334,533.5770625604147,536.4187622070312,1188800
2023-03-01,534.0227384003239,537.2703698494516,530.973086828517,533.2108154296875,1126000
2023-03-02,529.5572176861464,545.4489713423616,526.6758730451854,543.3399658203125,941200
2023-03-03,549.9838181571344,555.0038409777789,544.2112784024165,553.924560546875,1153600
2023-03-06,553.9937796883776,561.7267781894317,549.8450866374873,553.0135498046875,1163100
2023-03-07,555.2810612044411,557.4593838418784,542.7359896357792,543.419189453125,1012800
2023-03-08,542.8745176439996,554.3106337103518,540.1516299885154,549.2807006835938,1453000
2023-03-09,550.6669373464695,558.8454511833396,545.5379538221094,547.7559204101562,1013200
2023-03-10,546.4291574159429,550.0629582876533,534.6266925679926,538.4684448242188,1081700
2023-03-13,538.131667809059,545.9834778902189,532.7452988983512,536.220703125,1405800
2023-03-14,545.4746172851305,556.3038493329806,539.9757933192218,550.8347778320312,1409800
2023-03-15,542.1258463889915,544.9297747075132,529.5528278954763,537.6970825195312,1918900
2023-03-16,534.7939482910202,553.4305388716543,534.7939482910202,551.9542846679688,1135800
2023-03-17,550.1907482352038,550.1907482352038,538.9454049359067,542.2942504882812,1947900
2023-03-20,541.7195110047306,549.7547316142028,540.5503965049569,545.494384765625,897200
2023-03-21,549.2693123798781,553.6386310699028,546.5743559431774,551.5679321289062,1000100
2023-03-22,551.5680255417891,562.7638434310408,549.180208468266,549.2099609375,928400
2023-03-23,552.8360962650156,555.4121637693444,545.3061830392588,550.0718383789062,951600
2023-03-24,543.4633860961015,553.50986266817,539.2921749910738,553.1135864257812,1012600
2023-03-27,558.6025582300201,562.9322682420218,555.858134789775,556.5120239257812,865600
2023-03-28,554.8276377831763,557.5126770082526,545.861078671936,549.1207275390625,828800
2023-03-29,554.2034383556769,555.4023055526404,548.1200263869434,550.0322875976562,1239600
2023-03-30,554.8374990513569,559.0780718209008,551.7264314182788,557.7800903320312,1219900
2023-03-31,561.7432117264384,571.3637193559514,558.4637282344551,571.0565795898438,1438700
2023-04-03,564.2599231373058,567.8267119778624,560.9011596877417,564.8147583007812,1034400
2023-04-04,566.1225266358433,574.8909167213072,563.6951004201671,570.8683471679688,1085600
2023-04-05,571.1953719625114,574.7522431830124,564.6660961872605,574.5144653320312,1035600
2023-04-06,575.4952562661542,576.416736030662,567.0637587516495,570.0459594726562,780700
2023-04-10,567.4501461788799,569.0651245117188,560.0787309973456,569.0651245117188,672600
2023-04-11,571.1655212151893,576.1887891065522,569.1047398796184,571.0664672851562,1158800
2023-04-12,577.8731038645943,581.2417839526693,572.3247536315697,574.009033203125,847800
2023-04-13,579.8647815833834,586.6615280570439,576.6348242667015,585.6806640625,1101900
2023-04-14,580.9942341416761,584.1052417624747,576.6446893047906,583.4117431640625,834900
2023-04-17,584.699731169651,584.9474265117124,578.8540969080059,583.1738891601562,783500
2023-04-18,587.7017746435844,587.7017746435844,579.2900503972403,579.4683837890625,1158700
2023-04-19,570.4820422900824,575.3665876928877,566.0631956250608,574.573974609375,1409400
2023-04-20,560.7822525772478,562.6053168967044,555.194231165376,560.712890625,2100900
2023-04-21,563.6257580167857,567.7077721691966,561.6045859179437,566.4098510742188,959200
2023-04-24,566.2513965001162,571.1359414714125,564.7453894437341,569.0057373046875,895100
2023-04-25,558.9494745854469,561.2777872012491,540.4713732008497,543.3248291015625,2495500
2023-04-26,523.1324368886667,538.3706555131085,512.4517872753988,528.2151489257812,4020100
2023-04-27,528.5818414740514,540.63963337163,526.6795582458432,538.0140991210938,2148400
2023-04-28,538.3113417256012,554.044954734214,538.3113417256012,549.7846069335938,2046900
2023-05-01,550.8643609968608,551.6768087362132,540.2828263575135,543.4434204101562,1979800
2023-05-02,539.8271138175506,546.4257504886463,535.9432684373098,538.806640625,1060900
2023-05-03,544.9793019469245,553.0541946195845,544.1767714245035,545.3458862304688,1430200
2023-05-04,547.50578529192,548.7938495083646,537.7168600819314,540.6099853515625,1243500
2023-05-05,547.961428501275,549.2891018697959,536.9241118137013,541.343017578125,962400
2023-05-08,544.3848493785217,544.9297670510733,536.1019314327448,537.5781860351562,1029100
2023-05-09,530.107519737662,532.515110652809,524.3411662422247,529.7310180664062,1225100
2023-05-10,534.4175030774566,534.9425856845615,525.1140527984419,528.581787109375,1586100
2023-05-11,527.1848512391008,530.8011667192245,520.2196296374445,524.906005859375,2326300
2023-05-12,526.8480620509905,530.0383494507129,516.63310721602,519.8135375976562,1518200
2023-05-15,519.417230771006,520.437764800564,515.3451330889496,518.8524780273438,1383800
2023-05-16,516.454585286618,517.8813125431795,514.3838261018412,514.95849609375,903500
2023-05-17,517.544481327912,522.5182225742063,508.2014213593569,516.86083984375,1284600
2023-05-18,515.9889744560382,519.8035187667048,513.8786054369726,518.713623046875,1073300
2023-05-19,518.2181715068955,526.8379799487269,517.8515873046352,522.5181884765625,1313300
2023-05-22,522.5577194228852,529.7111899806357,522.4982749793571,524.1430053710938,1161000
2023-05-23,521.4978152465693,524.4206327487549,514.9190720846456,520.2593383789062,1629400
2023-05-24,505.29847705502027,509.75699302903513,493.90449178809337,506.0118408203125,2482800
2023-05-25,509.2317779696949,517.4949196822648,505.59562794345777,515.84033203125,2262200
2023-05-26,522.8154368049721,527.7990954626604,517.0094732593157,517.2076416015625,1603700
2023-05-30,518.9910593126089,521.5869014382445,508.37976999350917,509.4795227050781,1793800
2023-05-31,508.93463690541347,508.93463690541347,497.0353735043917,503.7726745605469,4052200
2023-06-01,508.3995970534371,516.8410728107633,503.82219243157454,514.5919799804688,1830100
2023-06-02,519.7441649571597,522.3003376316519,513.8886125542479,515.3450927734375,2564300
2023-06-05,519.2288395503309,519.6251762546646,508.6869121289596,513.7993774414062,1477400
2023-06-06,517.187807061474,518.3668391554754,507.9735536278649,511.500732421875,1723000
2023-06-07,509.7867427131191,518.3867173326901,507.8744815455741,515.9791259765625,1649400
2023-06-08,515.8503350418482,517.9309516917843,510.4108946231682,510.5000915527344,1580500
2023-06-09,513.1851333001927,516.9797823562591,509.88581444999465,513.403076171875,1041600
2023-06-12,515.1964620812023,519.9026742022909,511.90706024723585,518.8623657226562,1246100
2023-06-13,520.6356869110315,522.5478873750574,518.1984038554009,521.200439453125,1328800
2023-06-14,523.3122436706594,523.510543944297,514.2206874570929,515.668212890625,1996500
2023-06-15,515.7077948489236,531.6997390170427,514.4784179986868,530.5298461914062,1723400
2023-06-16,534.1091233717146,537.4404114762866,528.834709941065,532.7012939453125,3428000
2023-06-20,507.6177713443079,526.2469251916688,502.8092766386968,522.885986328125,2115400
2023-06-21,520.4965591895086,525.909848400219,518.2856653007965,521.4483642578125,1617800
2023-06-22,521.6467220091616,525.4637457686039,516.9869370667751,523.7882080078125,945600
2023-06-23,518.7219015900453,525.1860552415625,517.9882449910825,519.7232666015625,3779700
2023-06-26,518.5434675468113,521.6763943383872,511.46456460643424,517.5619506835938,956900
2023-06-27,515.8864269825629,517.8395366701591,499.0021580200802,505.2581481933594,2036000
2023-06-28,507.0229010539096,507.0328251455534,502.3135564924125,505.7835998535156,1395200
2023-06-29,505.6348948226612,510.74084002450167,501.7484329065124,509.9873352050781,999200
2023-06-30,512.059388727678,519.128367352183,511.52403241365965,517.2843017578125,1315500
2023-07-03,514.894881610229,516.798430965368,510.94890615486923,514.6668090820312,616200
2023-07-05,515.7773367067823,519.0788522100605,513.7052588852818,516.1441650390625,1432800
2023-07-06,510.38383739943,514.6272334831917,504.6632343180818,512.8922119140625,1506400
2023-07-07,510.59212675799984,515.0139755044191,508.916589008905,509.3329772949219,1020700
2023-07-10,508.10360118560624,514.4785597143912,506.8147399557456,512.42626953125,1026600
2023-07-11,511.8809866237572,515.6782226746734,510.85983383959103,514.815673828125,1310900
2023-07-12,521.2104762523436,524.9977881800721,519.5051662449089,521.4186401367188,1678200
2023-07-13,530.4209026596794,531.8585041245785,519.5448245989284,522.1423950195312,1364200
2023-07-14,525.1365068692033,527.3672489889736,520.8138388846202,524.8291625976562,953000
2023-07-17,521.815207211332,522.6182719590073,514.8156365363003,520.7642822265625,1290800
2023-07-18,521.032078347447,521.2898022066928,515.2717473755476,519.1978759765625,1461100
2023-07-19,522.4794544462566,534.8030581434061,522.439818593008,530.9661865234375,1715400
2023-07-20,532.7309459825918,536.9544938212696,525.9197519653718,533.6629028320312,1147400
2023-07-21,534.0495399095925,559.886487891762,526.3460851016703,557.378173828125,2755800
2023-07-24,555.206937708089,567.6594337476031,554.3344648220988,566.6283569335938,3196700
2023-07-25,550.7256320697913,575.1250412801022,549.5557389412236,566.0235595703125,3073900
2023-07-26,550.2101125016184,570.0785681171437,550.2101125016184,569.4935913085938,3559300
2023-07-27,570.475174019257,572.4580560137449,554.5922698793273,555.226806640625,2260900
2023-07-28,557.5962200787535,560.8481751027001,549.0302171512354,557.041015625,1642800
2023-07-31,552.6490840587909,552.9068684282511,541.743231898793,543.9640502929688,2144800
2023-08-01,541.85224852779,545.9865403234257,538.0153164002469,541.1681518554688,1517500
2023-08-02,539.2447319161893,551.1320986736711,537.9657344218085,549.0203247070312,1398700
2023-08-03,545.5800882329493,547.9794192074007,540.6427310357881,543.6864624023438,1103200
2023-08-04,542.8238197679703,550.2397783758774,542.0901631800544,543.9441528320312,1102200
2023-08-07,545.2925421272455,549.754026562832,542.1794029091304,547.0671997070312,737300
2023-08-08,548.4353644618917,552.1334802940103,540.9400734221178,551.0230712890625,1002100
2023-08-09,550.0217741621108,551.6279038322799,542.6850861404606,542.893310546875,947100
2023-08-10,545.659405184099,552.0046521014887,540.9203484374954,542.5958862304688,1168400
2023-08-11,538.3523795156786,542.6056389615175,536.260453853143,539.125732421875,925100
2023-08-14,536.1217962728954,537.6585179368204,533.7423133325976,535.71533203125,1068400
2023-08-15,531.233952548366,534.3569555592379,527.585456733014,529.8558349609375,894600
2023-08-16,525.5529732456145,526.5939741671745,522.241533762354,524.3433837890625,980700
2023-08-17,526.3063112782537,533.6330731296005,525.3247945929035,531.3726196289062,1257000
2023-08-18,528.5768690996206,531.2934077567395,523.6196641011534,527.8233642578125,1093700
2023-08-21,531.9675294914754,531.9675294914754,525.810659687701,527.704345703125,903800
2023-08-22,526.4551442834996,528.7354463652277,521.8449196623563,522.5389404296875,960700
2023-08-23,536.6768865999229,542.9626487123888,533.5736716526162,540.5732421875,1769100
2023-08-24,540.5335523162545,544.9157038388348,533.315834031773,533.4050903320312,1326200
2023-08-25,534.1784457483565,539.3934348086766,531.3727114391106,536.9545288085938,749800
2023-08-28,539.6611328747898,541.9513589966199,535.9035935444587,540.523681640625,642700
2023-08-29,541.5646324099014,552.6984936307166,540.2956196068354,550.6561279296875,1291400
2023-08-30,552.996001178442,558.1217336046489,549.9919062540974,554.2154541015625,773500
2023-08-31,555.6035296018539,558.8653485252487,552.1830462401691,552.3317260742188,1192100
2023-09-01,558.627339992206,561.0166857336477,552.0540825397596,552.4506225585938,1015500
2023-09-05,554.4931779290665,554.8996421328081,537.0636273755631,537.3709716796875,1404900
2023-09-06,536.2901746376732,540.7715067022392,531.4123025355802,532.1063232421875,1217900
2023-09-07,530.6589342510463,534.1190540703988,526.1280410808116,527.1095581054688,1079200
2023-09-08,525.4637515227286,528.1009580651344,508.39116584956713,513.8341674804688,1834900
2023-09-11,510.99854096246224,513.1896471931631,508.45059103427064,510.5325927734375,1555900
2023-09-12,510.5920818771007,510.5920818771007,505.0003404767841,506.61639404296875,1568000
2023-09-13,494.9174257459156,521.8152244025538,493.7475326498189,506.5271911621094,2359100
2023-09-14,511.07103522626613,514.1366536442034,502.5487238109288,511.5770263671875,1598300
2023-09-15,511.5770447507025,529.9808684759785,505.29690483904034,511.4679260253906,5179500
2023-09-18,511.44809765332724,511.44809765332724,503.30276576827595,503.7294006347656,1300100
2023-09-19,501.23916124883306,505.3961489062626,499.34420730547225,504.7314147949219,1181100
2023-09-20,507.3406956564278,507.886380141167,500.1875147591834,500.9117736816406,1271300
2023-09-21,498.47113399868607,499.8402652386341,495.6237527883881,497.63775634765625,1606900
2023-09-22,498.93745735902087,503.1639009195333,497.6179502467889,498.8283386230469,1198000
2023-09-25,497.2806028506076,502.0527003571807,496.41743252427307,501.6756896972656,961500
2023-09-26,499.03664999381544,502.4495471992427,496.8936659152599,497.63775634765625,1190000
2023-09-27,498.6595767312493,500.5942237234611,491.0202674172499,494.36370849609375,1344300
2023-09-28,498.094129854197,503.4019810635155,496.3976121237225,499.0564880371094,1443300
2023-09-29,505.1976958092115,506.96366917370574,500.7926781535758,502.1816711425781,1380500
2023-10-02,499.116021307292,502.99521651127105,486.8137318443043,491.88348388671875,1652100
2023-10-03,489.01627956043103,498.54064419145305,488.7186554657918,495.67340087890625,1559400
2023-10-04,497.2607472073499,499.2251568546554,491.93306453941204,498.4909973144531,1022100
2023-10-05,493.4708756904111,496.49683138456624,488.8178276926809,494.09588623046875,917500
2023-10-06,491.913264640218,498.20330588564815,489.1849328710726,494.6217346191406,1108400
2023-10-09,491.0996935632411,493.73873797402695,486.5260321622646,492.2207946777344,1182500
2023-10-10,491.6850155048937,495.6039037544752,489.04597123137773,492.2406005859375,1304900
2023-10-11,493.30221255009667,494.7011062480868,487.9150048864517,488.7483825683594,1207100
2023-10-12,487.9645679272924,491.95288164056194,466.90183774030214,478.7576904296875,2026200
2023-10-13,475.85084142541234,480.45426558652053,472.24943855178117,479.04547119140625,2004300
2023-10-16,479.04544408235927,488.17293555644824,476.4956868402286,484.69061279296875,1247700
2023-10-17,475.2257921227668,486.099425986855,473.9360473865173,480.9503173828125,1355200
2023-10-18,477.19014190994665,477.19014190994665,463.1913055318207,463.5782470703125,2134800
2023-10-19,468.5785203943986,472.9438750057233,463.74689819384935,465.9692687988281,2014500
2023-10-20,465.8104944789138,467.4871805058954,459.59981060909763,460.7010498046875,1599300
2023-10-23,458.1116788005226,465.77085090568426,456.3556362699071,458.17120361328125,1897500
2023-10-24,448.36906002279875,455.2345479661146,443.6168241002966,454.6492004394531,2376600
2023-10-25,419.66703425185716,435.38222168845965,412.3253475094944,429.7668151855469,7906700
2023-10-26,427.73298514415274,441.8210803549536,425.79833774560825,436.69183349609375,2971200
2023-10-27,436.10648083203006,436.49339214093555,424.00259680658536,428.0107727050781,2495600
2023-10-30,428.77466766021894,431.9197032402786,416.8989830327963,430.689453125,2946500
2023-10-31,433.05068503034835,443.08103943881525,429.73700605836154,441.26544189453125,2895400
2023-11-01,441.6226520919523,441.6226520919523,430.58034485535507,437.6343078613281,2275400
2023-11-02,441.3349263618488,444.60894252511594,438.44785176760695,444.0434265136719,1713900
2023-11-03,451.1072969523057,456.9409706519902,448.0416480748422,451.1568908691406,1921800
2023-11-06,453.1015085868929,455.8596027561528,448.68655962621295,451.4347229003906,1613800
2023-11-07,450.3036778546355,460.1951209003739,448.5476051124529,455.6214294433594,1708700
2023-11-08,457.87359673239376,460.35389828080935,449.50999690052623,450.7303161621094,1848100
2023-11-09,454.92698955493563,455.224613624843,439.5689517282371,440.7694091796875,2042400
2023-11-10,440.32294528934335,445.62086533920854,433.8146369697033,444.8966064453125,1896500
2023-11-13,442.0195277946687,443.2894410610093,435.6500996718986,441.64251708984375,1675000
2023-11-14,453.2105889128747,458.59779626721405,451.6331208615711,455.64129638671875,1822400
2023-11-15,460.99875410143693,471.0886034834901,460.3340199883597,466.8324279785156,2184000
2023-11-16,468.3404498195681,470.95966274668336,465.01683974133,468.7472229003906,1613400
2023-11-17,471.2572539113854,471.2572539113854,460.51260184413684,462.744873046875,1556300
2023-11-20,463.3500484968535,467.9634028918124,462.2289474570458,465.33428955078125,1183500
2023-11-21,474.51141905730856,486.4565590478883,472.69585175891046,478.58905029296875,2915900
2023-11-22,482.2499202414776,486.70456188344536,481.88284050011305,483.6885070800781,1463800
2023-11-24,484.6508996554445,487.16096349272885,482.9742134657875,486.9129333496094,722800
2023-11-27,485.36526350298203,489.5321823257916,484.30368714556886,486.2680969238281,2427100
2023-11-28,484.5715796934866,484.8989661850397,476.78342655969436,482.0912780761719,1549600
2023-11-29,486.02997807066583,491.89338420662494,486.02997807066583,489.0361022949219,1195800
2023-11-30,491.9926103910243,493.5800094416372,485.523994835391,491.8537292480469,1914000
2023-12-01,487.01216156418485,495.2666121649278,485.74224841615654,492.2207946777344,1219700
2023-12-04,489.58169024636277,494.3835496948177,486.49617983612427,491.43695068359375,1222300
2023-12-05,489.08567126342706,489.7404744630533,483.22223514947575,487.7264709472656,1613600
2023-12-06,491.0996627189907,492.7664179441353,487.7760528855704,489.9190368652344,1241700
2023-12-07,490.6334222385577,494.3737061771365,488.43091319163244,490.2068176269531,2101800
2023-12-08,488.92694373194087,491.77432497039723,484.1746776457804,485.910888671875,1871800
2023-12-11,488.678967209575,493.530451942161,487.4586478547054,491.0898132324219,2030900
2023-12-12,492.4192053827783,494.5820513071273,487.59751378699974,493.4510192871094,1420200
2023-12-13,494.66143469379796,514.7816404047786,492.96491684808126,514.4542236328125,2776700
2023-12-14,525.7224565299243,530.5772184367036,516.3803210865299,517.7603149414062,2763900
2023-12-15,517.0156470570425,519.7060711503151,513.9875868590918,514.29541015625,4354900
2023-12-18,517.3730178462091,520.083317043232,511.8828562372157,514.881103515625,1607300
2023-12-19,517.2539166593132,525.0472997832434,516.0625556441857,524.33251953125,2569400
2023-12-20,524.1935269103788,528.651147775436,515.6257377119408,515.685302734375,1497300
2023-12-21,514.3350718517721,523.2304981068102,514.3350718517721,522.7638549804688,1016600
2023-12-22,524.2827996757909,529.0779345086546,523.1013764716517,525.23583984375,1081500
2023-12-26,523.0816093589353,527.4101626032058,521.9895637424469,525.8812866210938,639100
2023-12-27,526.9832288574655,529.2269455338965,525.4741676035541,527.8171997070312,806000
2023-12-28,529.1574043693035,532.1357762513071,527.6682184283018,529.0978393554688,763400
2023-12-29,527.380333565128,530.1203848101932,525.7025149728414,526.9633178710938,804300
2024-01-02,525.7422680861484,542.1630053062565,523.5680539159556,540.2271118164062,2310800
2024-01-03,538.8966374605834,539.7504227930327,524.1635989973896,525.0075073242188,2170300
2024-01-04,523.5184256321224,535.9481852142454,523.5184256321224,533.4860229492188,1831300
2024-01-05,530.1204444627394,536.8714699977281,526.6456768589051,527.4002075195312,1817200
2024-01-08,525.8116402714049,539.6412047414955,523.5977368345971,537.4769287109375,2126800
2024-01-09,534.6376541932684,555.1983103109314,532.7811404768865,537.943603515625,2890000
2024-01-10,536.8912894850248,545.3995135094043,530.0311320438551,540.0086669921875,2026600
2024-01-11,539.6115567665615,544.5853872599127,536.5139940435906,542.063720703125,1983100
2024-01-12,544.5555467237414,549.0926067457359,538.8767533470301,540.395751953125,2013100
2024-01-16,539.5916528652295,546.8688252557523,537.2784336970026,538.092529296875,1838900
2024-01-17,534.8660313690709,542.014137085978,532.9698276459396,535.3624267578125,1966300
2024-01-18,533.4760191484582,543.0862857409583,532.1258384386506,540.4950561523438,1728200
2024-01-19,541.2297000422378,549.2912155095408,537.9336885544149,547.772216796875,2124000
2024-01-22,548.8941187156353,554.6622301711043,546.5610848441719,549.4004516601562,1818500
2024-01-23,552.1901285550529,553.0141616968808,541.4381896880177,546.7694702148438,1116600
2024-01-24,545.8859477580446,548.0105344206767,535.2531980328333,536.0970458984375,1842500
2024-01-25,539.3136014363354,543.8308470016295,533.7639360885994,534.329833984375,1748100
2024-01-26,550.0061141092986,552.3987133228932,542.7091258226204,543.3842163085938,3172300
2024-01-29,546.0348980533356,555.1586472282505,543.4139159998467,553.7489013671875,2445900
2024-01-30,555.466373139279,565.890675048059,555.466373139279,563.0314331054688,2301300
2024-01-31,559.2390396243999,561.9195868751648,533.9030598802367,535.0943603515625,3589400
2024-02-01,538.2315552420746,549.9265979743818,530.3884846109784,548.248779296875,2163900
2024-02-02,545.0619949044875,550.4528413852863,537.9833920360118,547.841796875,1327500
2024-02-05,545.4987872757982,552.9645319632027,542.7288625056908,547.6431884765625,1473700
2024-02-06,548.5069056187762,556.459168552364,547.4744251399029,556.2407836914062,1328100
2024-02-07,557.9483295865299,561.9194920746903,548.050236170453,548.3281860351562,1451400
2024-02-08,548.2190715423554,548.8742867841873,537.5565084411153,546.9185180664062,1549300
2024-02-09,545.6874344446175,550.1351174060806,544.3371930354856,546.7794799804688,1280800
2024-02-12,547.027709800961,547.027709800961,540.1873669087109,542.9175415039062,1073000
2024-02-13,537.5167180308499,542.2523490092249,530.5572456036783,534.717041015625,1268000
2024-02-14,537.735115250223,544.7342768628032,537.735115250223,544.3173217773438,1297000
2024-02-15,543.3146809034673,549.2416126538076,541.3489745895075,544.615234375,1519000
2024-02-16,542.3814416220284,548.7055137564305,542.3814416220284,543.8905029296875,1028200
2024-02-20,540.9319109674218,546.4418870776317,538.4399966856447,544.1882934570312,989300
2024-02-21,542.172979459966,548.9835099334456,540.3660928985063,548.8643798828125,786500
2024-02-22,550.9988682431623,556.697477473554,546.3029873691199,556.4492797851562,1139600
2024-02-23,558.8120326042026,562.5945623151557,556.816513830015,560.6387939453125,970000
2024-02-26,559.2787799536527,561.9096391413965,556.9655604891084,559.417724609375,758600
2024-02-27,560.9068335565146,563.7263856216953,556.7967263800269,562.0882568359375,901000
2024-02-28,561.1252897610592,568.878982345011,560.9465947147547,567.9060668945312,1021400
2024-02-29,570.5073259613089,570.8547785449723,563.4584740778381,566.0695190429688,1794200
2024-03-01,560.4899433463755,574.329448823951,558.9411922003187,572.1751098632812,1466000
2024-03-04,571.2517732849693,578.3402525858048,567.3997406544215,577.44677734375,1547700
2024-03-05,576.9404326512282,581.924261081944,575.8185743742333,580.3953247070312,1973300
2024-03-06,584.1083420205574,594.0362483052284,581.5866756384983,587.2356567382812,1886800
2024-03-07,590.7104607497849,594.5922456871385,588.2284840239455,593.3512573242188,1819500
2024-03-08,592.6959869851037,599.4668261346404,591.6635065774666,593.3015747070312,1600300
2024-03-11,589.8963088455499,595.6644197824091,585.3890613555939,595.1084594726562,1380400
2024-03-12,594.5823426726424,596.2899134996647,590.4026722349024,592.9442138671875,1146300
2024-03-13,594.7114594152991,594.7114594152991,586.7790105915174,589.0426025390625,1035200
2024-03-14,587.1054065474128,591.1983902155417,577.4392176279966,581.0751953125,1758000
2024-03-15,571.3990844257105,580.8169733917554,569.968522850805,580.3202514648438,1920100
2024-03-18,582.018853134683,583.0023525974083,574.5084219416167,576.2469482421875,1554400
2024-03-19,577.4689744006514,580.4194730407098,573.4157071874992,578.8994750976562,1053600
2024-03-20,577.2403918425136,577.8166061084987,572.5115906033635,576.2469482421875,728700
2024-03-21,576.1973048944943,583.2309027665201,573.8130159305913,580.3002319335938,1230500
2024-03-22,582.9726767144602,585.1284327039787,575.939077889378,579.2671508789062,1061200
2024-03-25,579.3863164116574,581.1943912040874,567.3457837367855,569.799560546875,1226800
2024-03-26,570.2467354780787,571.2202910844785,564.1172036709438,565.0907592773438,1784900
2024-03-27,568.7664070704653,575.9688739023449,567.3358457156993,575.5714721679688,1525800
2024-03-28,575.5018418731682,578.4722284143821,572.4122469556168,577.3993530273438,1081400
2024-04-01,577.2404354775267,577.717329673523,569.0843017086977,573.6640625,837600
2024-04-02,567.007874230373,568.6371361130138,562.0704891697227,567.8125610351562,1381300
2024-04-03,567.4848259203653,574.458820104599,565.4582225989176,572.2235717773438,1151500
2024-04-04,576.6046326410737,578.1842348073147,564.842293160039,566.868896484375,1231900
2024-04-05,566.4814783242565,580.0122382773415,565.3291102286246,575.6609497070312,1181300
2024-04-08,575.5516309766607,578.591566524862,571.9355416919677,575.0052490234375,998900
2024-04-09,579.9525278200192,586.0621695148423,579.4060853377716,585.3369750976562,1026300
2024-04-10,573.5050317802308,575.8694323898146,568.1404727421298,569.9485473632812,1282800
2024-04-11,575.7603146552973,576.555057607434,567.6140629671444,570.8030395507812,1295500
2024-04-12,567.1668612812505,569.630642650965,557.9576803039444,561.5241088867188,1201600
2024-04-15,566.9781913911204,566.9781913911204,550.8745069107235,554.2124633789062,1031700
2024-04-16,555.3747370239225,555.3747370239225,549.0564497261807,550.9141845703125,1010300
2024-04-17,552.2155837850818,552.354680451262,542.8673055309406,543.6620483398438,1610100
2024-04-18,531.2936921631352,541.2976777530996,526.1675492199871,537.9696655273438,2075800
2024-04-19,539.3901722952568,542.5592595552388,535.6349266780137,541.2081909179688,1738400
2024-04-22,545.5497001515129,549.2353379318016,539.589037208082,544.7847290039062,1522800
2024-04-23,563.7892771873437,573.1077844945164,556.328504858094,570.8228759765625,2544000
2024-04-24,574.2104783129058,582.615034132035,561.5241824251823,573.6044921875,2034900
2024-04-25,573.6143753787251,574.2004731639768,566.2429799976939,567.9815063476562,1184000
2024-04-26,564.2164296489533,571.2301398977768,563.2329300662064,569.8392944335938,1438200
2024-04-29,571.3195405913984,575.6906563104465,567.5543503170153,573.1077270507812,953800
2024-04-30,570.9320448536562,572.6805152784118,564.2461282429724,564.9912109375,1515100
2024-05-01,566.1237830404617,578.0848833760334,564.6733941198939,571.2201538085938,1171900
2024-05-02,575.6806598398305,575.9886249207564,561.7823940140413,567.504638671875,1357400
2024-05-03,576.0384931207273,576.0384931207273,567.8822975036976,568.6273803710938,1749700
2024-05-06,571.6374025129576,572.6110185533371,566.61057990627,569.7896118164062,1140700
2024-05-07,567.7531226087807,572.8097781492093,561.6335355781703,569.1141357421875,1890700
2024-05-08,568.9551330046344,571.5777781505966,563.987914768738,569.8790283203125,1598100
2024-05-09,570.4651155869111,575.2734094299021,568.7464775122098,574.140869140625,1513300
2024-05-10,576.3661755362759,590.1353503712062,575.015106747895,589.1419067382812,1328800
2024-05-13,587.3934796614793,590.6321158458051,585.0886829865298,586.8272094726562,944600
2024-05-14,587.2841797922378,593.2647305625096,582.8037994190713,590.9003295898438,1040900
2024-05-15,596.0662067683791,598.0530941242736,591.1288207937762,595.0926513671875,1188700
2024-05-16,594.3277492700619,596.1557125289122,589.3903627227548,593.2349853515625,1409400
2024-05-17,593.0362400814697,593.1852202582984,585.4959755761672,591.3970336914062,1398400
2024-05-20,589.73796507381,593.3242821360633,588.863729801711,590.115478515625,805700
2024-05-21,590.1055428717883,590.1055428717883,581.48245905013,586.2509765625,1133200
2024-05-22,585.8039783817521,592.718368938118,583.7674307541648,586.9265747070312,873000
2024-05-23,586.1317830573433,588.1186704575377,580.3300451693796,581.1943969726562,1185000
2024-05-24,582.1579914464041,584.1051628709646,577.5384541203506,580.2207641601562,883300
2024-05-28,577.8563530331626,578.154374002256,565.4383073627017,568.8160400390625,1435500
2024-05-29,566.3721406169838,566.3721406169838,559.9743611322609,563.58056640625,1324500
2024-05-30,547.9140802595381,560.2724627446722,546.7219355896386,559.0704345703125,2431300
2024-05-31,560.8883149622492,564.8521449854942,556.7257841039957,564.2560424804688,2106700
2024-06-03,565.6570074035567,569.8691996192521,559.3188307998449,565.8457641601562,943700
2024-06-04,567.0477106928341,569.9883258889804,561.5341102556777,565.93505859375,995000
2024-06-05,566.113908779846,571.8063828207753,563.004424925105,571.5083618164062,896100
2024-06-06,571.5181740102055,577.8563493305965,568.1901620458414,576.0383911132812,1153800
2024-06-07,575.7105544163684,582.1083341156082,573.3064376980952,577.2802124023438,1231900
2024-06-10,576.197386198841,578.4624670976619,572.0845144415055,577.6676635742188,1540500
2024-06-11,575.1541928480322,576.1972965164526,570.1471982236359,572.1142578125,1407700
2024-06-12,575.4622509679974,578.154444792598,570.8327690196134,571.9156494140625,1397900
2024-06-13,569.6007436593667,570.8624362921694,561.2955706530718,568.8755493164062,1304700
2024-06-14,569.4920029651933,569.7305822389444,563.4079887792741,568.686767578125,1413700
2024-06-17,563.1197084756897,565.9529283301,560.435570327329,564.6605834960938,1318400
2024-06-18,566.2114521510988,568.6768523697524,561.3004928703061,565.82373046875,1398100
2024-06-20,557.5525742556098,557.5525742556098,548.4663571075429,553.9340209960938,3071500
2024-06-21,555.4251928251567,565.2471101012677,554.8286840050778,561.280517578125,3153300
2024-06-24,562.2845918949339,568.1499282676099,559.0139566509354,562.6226196289062,1557600
2024-06-25,561.5191380138,564.9985603096834,552.9199700691643,553.248046875,1942300
2024-06-26,553.5264261143836,558.079516176998,551.5779882608584,554.8883666992188,1091400
2024-06-27,553.4468275838302,554.9778122410166,546.0008735099835,547.5418090820312,1506900
2024-06-28,549.6791835626416,554.987815109127,542.4221141628827,549.748779296875,6150900
2024-07-01,550.1960488440134,554.2918207922219,536.228666786921,538.5349731445312,1459400
2024-07-02,536.1392064821853,538.4058306937081,530.3236249376507,530.7908325195312,1316400
2024-07-03,529.866357948792,536.6363178062259,529.2997018420605,532.4609985351562,908300
2024-07-05,535.4831949583273,536.9942173194192,530.7113665615193,536.9246215820312,1233300
2024-07-08,538.2667212511593,539.8274981939888,532.2820945969911,533.1370239257812,1140100
2024-07-09,534.9265073297688,535.1650866221926,525.2636212523618,528.7330932617188,1567500
2024-07-10,530.1148500217938,533.8428025535926,525.7109027120528,533.7135620117188,1976200
2024-07-11,536.5866231461118,545.4044693020744,534.7077203753375,539.4993896484375,1402400
2024-07-12,539.499338955816,548.4165720778901,537.6800811736439,544.8676147460938,945200
2024-07-15,543.3764656679674,546.4482646836494,539.7975947055771,541.4776611328125,1326000
2024-07-16,546.0108819389442,552.5124706067812,544.49979895231,552.154541015625,1122100
2024-07-17,549.748805462177,556.667908112192,547.6114214597441,551.7966918945312,1131200
2024-07-18,548.4465140423833,553.884325767749,534.6083693074413,537.4415893554688,1745000
2024-07-19,537.9685669768662,539.0421738971787,528.3553738711358,531.20849609375,1667300
2024-07-22,537.4912036300212,543.903294062572,532.8287752782737,543.2073974609375,1163700
2024-07-23,567.6130239462507,568.8755765560068,547.4323874006028,548.9931640625,2005600
2024-07-24,549.6692415236728,571.867975402639,549.4008701745136,571.3510131835938,2857300
2024-07-25,572.7527191106816,600.2699730193369,568.7662853644964,591.0047607421875,3625200
2024-07-26,597.3174371630447,611.0363522561211,595.7765621131169,603.5704956054688,2715300
2024-07-29,600.6974168111586,604.2364839808753,591.7006368535106,600.5681762695312,1621900
2024-07-30,606.2247142173378,612.1198424205139,599.3056126148514,611.44384765625,1627100
2024-07-31,610.6187300863897,616.9811267529516,605.707771466146,609.7340087890625,1702300
2024-08-01,612.7760176660806,618.641293332055,609.2667425052954,618.1144409179688,1458200
2024-08-02,618.293519175934,618.3432130867368,601.910365131998,612.0703125,1564700
2024-08-05,603.9680130762754,607.7755119989175,589.324635919023,594.5139770507812,2117100
2024-08-06,596.7309894561628,609.2767896938826,593.1024240933076,598.4806518554688,1316900
2024-08-07,597.4367046387623,598.2420006775113,582.2366205547477,583.9166870117188,1692100
2024-08-08,586.2727152129712,597.6057151407367,584.0458946166001,596.5121459960938,1116700
2024-08-09,596.4724754661048,597.8145142653764,590.388461070456,592.6749267578125,963800
2024-08-12,592.7544965241714,596.0052910586434,588.1119692318007,595.5479736328125,1164000
2024-08-13,596.4524822410089,602.0096433168388,595.9355807680378,600.6576538085938,1042500
2024-08-14,598.5501683546971,599.9219991200204,592.2971102207168,598.56005859375,1128100
2024-08-15,601.9601274394199,605.0418780646339,596.452658631595,600.140869140625,1241100
2024-08-16,598.2519501121641,603.0138277021625,596.0649328357382,600.4290771484375,1076200
2024-08-19,600.6377850888483,607.2884549648944,600.3992058302782,604.0277099609375,959400
2024-08-20,606.334107929203,611.1854220199338,604.7534899230553,610.9269409179688,1075500
2024-08-21,611.3842618178908,614.4859137066666,605.4195373123504,606.5826416015625,965600
2024-08-22,609.5650773328216,610.0919905189578,598.460764195834,600.309814453125,1138400
2024-08-23,603.2025991698492,604.1271240823912,597.0290881620016,602.556396484375,777300
2024-08-26,602.4371648541769,603.341788024614,598.7092121013663,602.0296020507812,519500
2024-08-27,602.0394515550953,607.3878255966866,598.4606414250708,606.811279296875,737300
2024-08-28,606.66219372674,614.3666296159366,605.6283299799215,609.5352172851562,790500
2024-08-29,610.8176334587714,612.925164692371,606.0756578450131,608.0838012695312,722500
2024-08-30,612.4877211591424,614.3666239403046,601.4430541810426,611.453857421875,1059000
2024-09-03,607.8749090919074,611.4140367641121,600.1009392040626,602.8645629882812,1282200
2024-09-04,602.0991260000284,609.067921925605,600.6775406576718,608.302490234375,1006000
2024-09-05,607.4475888365499,610.559191984431,597.7251183712652,603.3120727539062,1467600
2024-09-06,603.9183895619199,616.0566254584444,603.9183895619199,607.73583984375,1868800
2024-09-09,610.897233219448,618.6016700589008,610.4896096788779,616.7724609375,1443300
2024-09-10,616.9712407935917,624.188567448408,614.6151793717391,620.5401611328125,1302900
2024-09-11,618.4226256752366,619.3371997352374,605.2803183924148,614.8239135742188,1324100
2024-09-12,612.0900689038295,615.6688790998838,600.6278282792961,610.5491333007812,1397600
2024-09-13,611.6135533446819,613.8019599132926,604.6204152753063,607.9627685546875,1125100
2024-09-16,612.359692061225,613.244975605147,604.0733870896224,610.92724609375,1198100
2024-09-17,609.96232461534,613.3445073677493,603.814761512089,607.2864379882812,1333000
2024-09-18,605.9435579659338,611.6931958968081,598.7017305565316,606.9183959960938,1092600
2024-09-19,614.369078081421,620.4768730142049,608.5995257138029,616.9952392578125,1474200
2024-09-20,615.79156712837,615.79156712837,605.0084840044343,610.4696655273438,1983100
2024-09-23,612.4093121437404,613.1752301181288,604.6104275041708,607.1470336914062,883200
2024-09-24,608.0026612827045,610.7382304952823,604.6304359363577,608.6691284179688,1361100
2024-09-25,610.6487193149613,610.6884875580622,592.8724967934614,596.6326904296875,1282500
2024-09-26,601.3875048037651,617.2836286288997,601.3875048037651,616.0800170898438,1312800
2024-09-27,616.1396906417868,620.496710919289,610.8177289848591,611.1957397460938,871000
2024-09-30,609.275923695661,615.7716863939065,605.8341190461849,615.3240356445312,1041300
2024-10-01,616.746583414398,616.746583414398,607.3660741169609,609.7236328125,1169200
2024-10-02,606.7990021520492,613.3345331167501,602.1535251521312,609.5046997070312,665400
2024-10-03,606.6596905416343,608.2811418280609,596.2048329921132,597.7666015625,1258200
2024-10-04,599.4676742809626,600.8205230424774,593.3997086170497,595.46875,871500
2024-10-07,589.2118171777512,596.1452130665989,589.2118171777512,595.70751953125,1165800
2024-10-08,595.9064016683049,599.1393469064096,591.5892103352843,592.3253173828125,883500
2024-10-09,590.9923655326709,596.9211120124367,589.997613079246,596.1054077148438,890900
2024-10-10,594.0363406135031,594.0363406135031,586.7746594186015,590.674072265625,1221100
2024-10-11,592.5143461301461,599.2487787286827,591.1913084111376,593.78759765625,2138200
2024-10-14,597.6372638395321,601.3675852852342,592.1064430046326,600.6215209960938,1006400
2024-10-15,601.8253075540811,607.3561294395367,596.2348029427525,597.3688354492188,1290600
2024-10-16,587.1724883114539,593.668189576907,584.1882312652748,588.4457397460938,1369300
2024-10-17,601.1687244173197,605.1974597107161,593.7378920185029,596.1054077148438,1946100
2024-10-18,596.881374347953,601.2184806954922,592.4347990816271,598.5525512695312,1081600
2024-10-21,594.7525842924239,597.4284709347523,588.714429357062,592.2457885742188,914600
2024-10-22,584.4070169227972,588.0975697999502,581.0944747754813,583.3028564453125,1619600
2024-10-23,571.5648324071645,575.6532500666572,563.1094372821001,573.4647827148438,2058300
2024-10-24,569.356511801185,571.813581985227,554.3357737203918,554.4551391601562,1757500
2024-10-25,557.2204623373781,559.2696497963994,550.4064328708154,551.4708251953125,1090400
2024-10-28,556.3152520238181,556.4346174486902,547.5614434822858,549.6404418945312,1116700
2024-10-29,548.0688315910662,550.7048891540746,544.3782781450091,544.8955688476562,1638300
2024-10-30,544.6269680241046,551.8289660695325,543.8809036843455,547.7305908203125,1452200
2024-10-31,545.6814218918678,549.19292731445,541.632771983609,543.4531860351562,1472400
2024-11-01,547.113766265932,561.9057281439692,544.417965669344,554.9921875,1459700
2024-11-04,553.7587870690098,556.6236789847284,547.2630851365092,552.5551147460938,815100
2024-11-05,547.521633358186,558.8320238301095,547.3525424529468,557.84716796875,998400
2024-11-06,567.2079193409212,567.2079193409212,546.3181156735118,556.7431030273438,1423100
2024-11-07,562.0350797599658,562.9104666882856,551.2917664845182,552.972900390625,1303800
2024-11-08,554.3058463503143,555.6189267707615,546.1190537349215,548.8446655273438,1620400
2024-11-11,546.198687064914,551.0232121157001,542.2097200638741,544.0499877929688,1565800
2024-11-12,546.2782563639704,547.2730088642954,537.2160756575788,537.9124145507812,1723800
2024-11-13,537.1663424749028,541.9411422650384,535.1768375027735,539.056396484375,1212200
2024-11-14,537.066924847041,539.5338917368421,528.8999845721884,530.2230224609375,1764800
2024-11-15,526.6220025087192,526.6220025087192,509.0148709578428,510.38763427734375,3953000
2024-11-18,508.3184919450069,510.07922317561,495.9934947605249,498.6594543457031,3162200
2024-11-19,493.58622232011936,508.61691732061115,490.7113731579972,506.4483642578125,3658700
2024-11-20,504.4190204821063,511.15348312583035,500.0918719408831,510.1488342285156,1533900
2024-11-21,511.4220723770631,513.5110280222459,504.7970180954485,513.3916625976562,1956800
2024-11-22,511.9195603431391,514.2870763059544,504.5086719454568,510.56671142578125,1833500
2024-11-25,509.61162468646063,513.630463100467,506.687050303389,511.5016784667969,3063500
2024-11-26,511.50168489277036,511.50168489277036,504.6080278418209,510.2880554199219,1748500
2024-11-27,512.7053434539984,526.0847763081871,512.2776071780119,518.9225463867188,2914100
2024-11-29,520.384817536202,530.3721095765375,520.2554948695805,526.8507080078125,2108300
2024-12-02,525.9257486159938,532.0335445795546,523.8367315806826,527.169189453125,2558600
2024-12-03,527.4675603250686,533.1674732313616,525.1696842730397,531.6156616210938,2665200
2024-12-04,529.7553468550474,533.7145024568291,522.0858451663684,526.0946655273438,2579700
2024-12-05,524.443423012996,524.6423249166837,514.963403708419,518.126708984375,2665300
2024-12-06,520.2555421782043,528.5318900202465,519.2607897075003,526.5821533203125,1869700
2024-12-09,526.9103560060184,535.2662997355068,523.8763735891332,534.4107666015625,2106600
2024-12-10,536.6987669961876,539.5537013965712,531.7250052234127,533.0380249023438,1938000
2024-12-11,532.1924421304784,537.1960749818649,530.8395936715817,531.5557861328125,1389200
2024-12-12,528.5417946299059,529.0988535294363,521.299968221145,522.2449951171875,2539200
2024-12-13,521.2893862967173,525.7093730052569,514.8186885922341,524.5147705078125,1553500
2024-12-16,524.9627484078337,532.3193876953305,524.3454875034367,527.8695678710938,2595600
2024-12-17,523.6387343992086,533.5239622481166,523.6387343992086,526.4559936523438,2544800
2024-12-18,525.6196870484929,530.9356401632695,513.5742601909648,513.8529663085938,1774300
2024-12-19,516.381473482019,520.0747699060878,506.5659389895849,514.3606567382812,2235600
2024-12-20,514.3606944518045,524.0567755008569,512.678310768591,521.6875,2758900
2024-12-23,517.8349868358108,523.8676655242728,517.2476806204687,522.9219360351562,1558100
2024-12-24,520.8911268427777,526.5952758789062,519.9453974036282,526.5952758789062,488700
2024-12-26,522.2350804165939,524.9528149013138,521.3391740699911,524.803466796875,777700
2024-12-27,521.6378105867053,525.8985455326382,520.6423185817688,523.698486328125,943200
2024-12-30,520.3336570601795,520.5725653915572,513.4448702121105,516.5010375976562,1035500
2024-12-31,517.9743866362735,522.374444109759,514.828598000563,517.884765625,1262900
2025-01-02,516.8295364787765,523.7282883718442,515.7544489245367,520.2142333984375,1816800
2025-01-03,521.9563429517369,534.3700983186833,520.3834486686734,529.6216430664062,1515200
2025-01-06,527.5012316337961,542.8616647719357,526.1274479141176,534.768310546875,1981800
2025-01-07,537.0878152715804,548.9042993944745,535.8534150235281,543.190185546875,1839300
2025-01-08,541.9259412575816,545.3106383705592,535.823570420602,542.4734497070312,1837800
2025-01-10,539.3177259571372,554.6482654573266,538.8697424297926,539.865234375,2919900
2025-01-13,541.7268408152937,559.7850806625937,539.2281461204344,553.0157470703125,2269900
2025-01-14,554.9867755698068,558.8692185728635,548.8943695490161,554.4790649414062,2207400
2025-01-15,555.3651472868722,561.2684082515435,541.6074389339217,548.9840087890625,3251300
2025-01-16,548.6355091080906,559.2773202994275,543.9566848722351,559.1777954101562,1835500
2025-01-17,559.924405049384,562.4529326428849,556.5894706741711,557.1270751953125,2140100
2025-01-21,561.5570537281415,573.7717608995049,560.0240178102742,570.4766845703125,2311500
2025-01-22,568.1073482441178,576.9572864101549,567.4304209979878,571.999755859375,1702500
2025-01-23,573.3536225645352,574.0603829895156,560.1135912778935,572.258544921875,1246300
2025-01-24,570.8050916281085,574.9662403076281,569.22223283786,572.2286376953125,1156500
2025-01-27,577.0468726454345,581.456955725141,570.5463414056154,581.0089721679688,1727800
2025-01-28,593.2136520491814,594.3086688435515,576.3997791472367,581.6559448242188,2156800
2025-01-29,572.3581337872969,574.4287741464799,564.1453248413169,565.6683959960938,2884300
2025-01-30,587.9375064932312,608.215672140964,587.3402356423428,604.0047607421875,3349700
2025-01-31,597.1657358706371,602.3223767481878,594.3086789082105,595.0552978515625,2165700
2025-02-03,590.4561640898303,597.7033141229153,586.7031398748348,591.0733642578125,2135600
2025-02-04,582.9501477355443,589.1918408381758,574.2494972033812,577.9527587890625,2097400
2025-02-05,586.9619292717884,587.4298420600338,575.2947933675051,579.7545776367188,1348800
2025-02-06,579.3166064135913,581.4370091959719,565.8077729271607,570.1282348632812,2034100
2025-02-07,572.188874374503,574.8766539478314,563.8964096763319,568.8937377929688,1826900
2025-02-10,557.5749042513283,560.8202170743207,541.5574760372266,550.3675537109375,2972000
2025-02-11,548.0083308503968,551.4427900858567,539.536684989597,542.7720336914062,2234300
2025-02-12,536.6598200680044,539.5367458296531,529.800865464328,535.57470703125,2062200
2025-02-13,537.5655746327337,537.7447558664115,528.8152235414778,530.23876953125,1915400
2025-02-14,532.6876801497237,535.0370871617693,528.9147878019088,529.4523315429688,1517100
2025-02-18,529.2631844737856,530.6469327649086,518.7010302435637,520.7318725585938,2969600
2025-02-19,518.8703605675443,530.1990654689314,517.6558893765069,528.4669189453125,1965200
2025-02-20,531.3737262668848,540.9304247553806,531.1845803645497,535.4054565429688,1967800
2025-02-21,535.9330985132051,540.1739044711312,529.6017835033505,530.1492919921875,1613900
2025-02-24,529.4125511242326,541.169308170864,529.4125511242326,533.1356811523438,1375400
2025-02-25,532.3791243219744,538.8100242681353,529.9103237001698,537.11767578125,1888700
2025-02-26,539.2878184948266,541.3982565048818,528.5564471901123,530.8858642578125,1330500
2025-02-27,527.7102404231521,530.6171205653815,516.7897232682847,520.8712158203125,1539000
2025-02-28,525.8785829418042,527.6604916441762,518.2332121193277,526.575439453125,2229300
2025-03-03,528.5265687414504,530.0795337520518,517.2874865067776,521.2794189453125,2330300
2025-03-04,520.6622688504516,522.4839755457023,510.14987528501916,514.2413330078125,2720100
2025-03-05,510.56789327774385,522.5436293039265,509.85110751068834,521.826904296875,1685200
2025-03-06,521.08027447201,531.6026309827577,518.9897658184852,525.2613525390625,1852900
2025-03-07,522.3544492791301,530.5772216016351,516.9589005174864,529.31298828125,1799000
2025-03-10,523.9074954028468,533.7927224730963,522.9816344862957,524.4251098632812,2174000
2025-03-11,522.812471028084,524.3853653700774,507.1135734323917,511.8819885253906,1864100
2025-03-12,514.3607242364217,518.3426919292822,509.50271879033147,510.3389587402344,1412300
2025-03-13,509.6918660069017,514.1516503912604,506.05832655375144,506.6058349609375,1574500
2025-03-14,508.1301776268647,521.9792401259535,506.84489866397973,520.135986328125,1745600
2025-03-17,520.8135491921302,523.7925775321886,512.7831011753417,517.6651611328125,1670400
2025-03-18,516.7485467412528,520.2257419535578,511.25873780480566,519.5880737304688,1232000
2025-03-19,518.5418980923075,520.5843700613719,511.53764283292634,516.5093383789062,1603200
2025-03-20,516.5990850964024,518.7312540635687,511.1790266891649,516.7385864257812,1537100
2025-03-21,514.367291003209,516.7086510799097,508.13023176195577,515.8218994140625,2192300
2025-03-24,518.8807095083769,524.8686859728089,515.234154194065,517.9940185546875,1100000
2025-03-25,519.5681227109426,521.3216799022593,509.0468707801243,512.454345703125,1170700
2025-03-26,512.4642428204409,516.1008853525957,509.4752719596132,511.7867431640625,1216100
2025-03-27,512.1055751641916,513.4406891481085,506.19732331561823,509.8040466308594,1249700
2025-03-28,510.73063093660755,511.4878543193113,497.5690705626087,498.3262939453125,1787700
2025-03-31,494.67972255989247,498.784612875136,482.49454946498565,495.77569580078125,2915800
2025-04-01,493.7431798235856,494.6897091041605,479.44578358711897,481.1993408203125,1837600
2025-04-02,478.73838352682264,489.55855383344493,477.8416892017718,487.2669982910156,2068700
2025-04-03,480.1233283565106,484.12857944395813,466.45362686675236,468.3067932128906,2813600
2025-04-04,459.7980723709713,462.40846204354546,435.6170621625298,436.3045349121094,3894200
2025-04-07,416.2383633647657,451.6779641567245,409.7024160270632,436.2646789550781,4076300
2025-04-08,449.5059741449371,452.4650868346419,411.81464834952067,417.7727355957031,3929200
2025-04-09,413.10991048548846,453.3617920802803,408.34743588263336,451.88720703125,4597700
2025-04-10,444.76340526773885,446.95535180494403,413.7873908634728,425.8729248046875,3902400
2025-04-11,428.4135528337214,439.11419831931556,418.4601880896957,436.54364013671875,2657400
2025-04-14,446.3575067179357,449.1870908350538,440.37950439582045,447.6826171875,2370500
2025-04-15,445.94907634667715,448.6192438396036,436.80273865341144,439.38323974609375,2545900
2025-04-16,439.7119625038124,444.3050769231101,433.7638487731002,435.1886291503906,1823500
2025-04-17,432.9469073579957,434.4214619543403,423.49167871500055,425.9327087402344,3038300
2025-04-21,423.9400794940036,424.9364134058579,415.0926294918258,420.303466796875,2314800
2025-04-22,428.2242512527187,435.4078397786532,424.946334972098,433.1361999511719,3677800
2025-04-23,454.87620551478284,459.9176523462543,427.8456937966064,430.05755615234375,3492200
2025-04-24,428.4235460143719,430.8745187175105,416.2583184888143,425.0957946777344,3662400
2025-04-25,424.55777436402917,425.15558075385457,415.2918817416715,422.6846618652344,2698300
2025-04-28,428.35379195137665,431.2631000843922,415.31178589576854,419.7952880859375,2531600
2025-04-29,420.27352800285786,428.7622809760407,417.27455355509073,425.96258544921875,2437300
2025-04-30,426.0821283951028,427.73604609319693,421.4392094028927,427.42718505859375,2944300
2025-05-01,424.2987000882701,427.29767457457535,413.857141259562,418.3506164550781,2771900
2025-05-02,426.8991683309372,429.8582810983371,420.87136066675413,421.9971923828125,2492400
2025-05-05,420.85136052491026,423.42191856972016,416.3279968872836,420.7218322753906,2637200
2025-05-06,417.91219174812943,422.0071087497683,405.00965788925754,405.5277404785156,4070200
2025-05-07,407.88912948845683,411.83460302127037,403.0867930335927,406.3547668457031,2959400
2025-05-08,405.5776272672655,414.2257977804439,401.33323534010134,409.2740173339844,3013600
2025-05-09,409.0946530710471,410.97770809011786,400.27709310325304,401.65203857421875,2318700
2025-05-12,409.6327158840153,431.14356017237407,408.19799269985316,431.0040588378906,3716400
2025-05-13,429.59921588213274,433.38530270034977,425.73343573558395,427.3774108886719,2726900
2025-05-14,428.3836859044653,428.9715192166774,404.2923411434345,404.56134033203125,3201100
2025-05-15,401.95093388426426,405.54771467964804,389.0683452678949,403.4454345703125,4129600
2025-05-16,403.51517198965337,411.11720342809775,400.19739395402127,410.5492858886719,2498200
2025-05-19,406.73332453398706,412.55190979683323,405.76687961156364,412.4024658203125,1665000
2025-05-20,411.1371504808593,413.8770685241054,408.38728977514717,412.2331237792969,2142000
2025-05-21,407.8193578724524,411.14710911217117,395.9031837452354,396.81982421875,2965800
2025-05-22,393.20313657855223,400.2671397243886,392.36621981716564,399.01177978515625,2891400
2025-05-23,392.3363215482061,394.8869336372523,389.227764965037,392.2167663574219,2318100
2025-05-27,400.4664127711202,406.2551097566564,399.03168965675263,402.07049560546875,2705700
2025-05-28,402.3594535508178,404.6709553526986,398.9221200526092,400.6557312011719,1931400
2025-05-29,401.5722990973677,405.8764681231588,399.94830065265575,402.2697448730469,2499300
2025-05-30,400.2372238878882,403.9535597371205,395.86333451789096,401.3431701660156,2521300
2025-06-02,398.6730380702618,399.0416767268328,391.25033878624436,395.0164794921875,2584000
2025-06-03,393.62157773823776,400.9246906698339,389.8454643521632,398.4637451171875,3204100
2025-06-04,401.0442795928428,406.98245107157715,400.7155028096727,402.18011474609375,2280700
2025-06-05,403.24620826997847,403.754317855354,395.2954532361535,396.8995361328125,2504000
2025-06-06,399.09146055930444,405.1093251655447,399.09146055930444,400.4265441894531,2630000
2025-06-09,403.6945326788827,411.0972857152527,400.0479472238093,407.0322570800781,2164000
2025-06-10,409.90167312375127,418.43028762016627,405.23883845533334,413.02020263671875,2573800
2025-06-11,414.3154329416104,422.95366014090695,411.76482091256355,413.6279602050781,3062700
2025-06-12,412.4623160978884,415.2819276374445,408.4072298547556,413.8073425292969,2067600
2025-06-13,409.2892230783773,412.241418944017,400.512411396873,401.69927978515625,2385800
2025-06-16,405.80843079253754,405.80843079253754,396.15393170017387,404.0131530761719,1973200
2025-06-17,398.9465782090141,402.49720032009765,388.83326784155554,389.23223876953125,3040400
2025-06-18,389.2321926687504,394.7376438385724,384.4448160349355,391.526123046875,2884300
2025-06-20,391.8552745239294,396.85205917206883,389.4715543700392,396.8321228027344,3812600
2025-06-23,394.08939784533595,399.5449933724827,391.9650025037973,399.156005859375,2486100
2025-06-24,400.7418147108946,405.0903481221698,398.1287195648181,403.3050537109375,2083000
2025-06-25,401.16072039490115,413.9070619527282,397.0316088296577,409.5685119628906,3100800
2025-06-26,408.46141519529044,414.21620796037183,408.2020902096581,411.03460693359375,2927700
2025-06-27,411.3139178528689,413.3086507526764,405.8782889632185,407.20477294921875,3923100
2025-06-30,406.76591835346716,412.1915941302255,400.39276273706787,404.3921813964844,3919100
2025-07-01,405.22000129253166,427.96992633567737,403.7837912482392,420.3600158691406,2603000
2025-07-02,423.8807124144957,429.3263243386264,420.6392716725025,426.6334533691406,2669300
2025-07-03,427.4911582021629,431.7598849440528,424.9578391617967,428.19927978515625,1359300
2025-07-07,425.43657469840053,428.1893154793978,414.32592972945605,417.5972900390625,2497200
2025-07-08,417.4776304046231,431.9993137503594,417.4776304046231,425.04766845703125,2620900
2025-07-09,421.0880977456241,428.25916445168923,410.7952694006897,418.7742004394531,2735100
2025-07-10,419.7216605257607,437.33515361907837,417.2182917272197,429.5956115722656,2932800
2025-07-11,429.1169075536166,435.17092910340523,424.5290158769905,433.7147521972656,2511400
2025-07-14,427.8702135477126,429.36626324543187,420.9285514727137,424.2198486328125,2819300
2025-07-15,427.3116509201294,427.8701736535585,416.10126263703773,416.88916015625,2090500
2025-07-16,417.2083252763569,419.4424162131581,412.69025682175425,415.2135925292969,2762300
2025-07-17,413.9070512924084,425.87544795628526,412.2015632902238,423.86077880859375,2494600
2025-07-18,424.79827959659707,426.7830288483952,410.3264844448223,413.6576843261719,2652500
2025-07-21,413.84723000036666,413.90706955134925,402.29770966539854,403.8735656738281,2733800
2025-07-22,405.2399588860158,427.86022261246603,404.08301015434444,426.49383544921875,3674200
2025-07-23,472.0136336812871,486.6449817702466,464.3239167984296,465.4808654785156,8928300
2025-07-24,465.44099266273616,483.3237649629185,463.81528055595464,473.7789611816406,6234000
2025-07-25,478.715934607305,482.3263960976433,473.16059646623626,477.060302734375,4205500
2025-07-28,474.1878831327402,485.82713196318383,473.6193769804318,483.68280029296875,3412200
2025-07-29,480.96997367530645,487.23343358888883,479.1448065151524,480.89019775390625,3164200
2025-07-30,482.70540791897486,483.6030316039732,472.40259581935726,476.0230407714844,2583500
2025-07-31,469.54014510088507,482.5956674166167,465.51077638660223,466.44830322265625,3413900
2025-08-01,459.81587077727596,462.87779320058024,450.2611132139407,461.8205871582031,2756900
2025-08-04,458.8882857468941,466.5380689737122,455.33766380545757,465.34124755859375,2092800
2025-08-05,465.7501731405012,468.63254621355435,463.61579443138305,465.191650390625,1992300
2025-08-06,464.00479820241503,465.2714426193536,445.10469205617756,447.7576904296875,2539300
2025-08-07,453.6620680145691,455.88620605337877,449.9818139852204,453.5423889160156,1490100
2025-08-08,452.29571278157147,460.5040498241104,450.25112368372805,459.5066833496094,1689900
2025-08-11,460.5738762694204,466.4683158308155,458.1203328087805,461.17230224609375,1706700
2025-08-12,459.69613443896117,476.93062398971546,459.69613443896117,476.1526794433594,2104200
2025-08-13,479.174725133189,485.69751004068394,477.4592536737539,483.5132751464844,2054800
2025-08-14,479.47394025477985,484.6203548195313,477.9778905709756,483.76263427734375,1955200
2025-08-15,485.448173724465,490.25545678769015,484.72008527273044,487.72216796875,2462500
2025-08-18,488.8392179065437,491.9410129238108,485.8571019920741,486.25604248046875,2211100
2025-08-19,489.62713651921257,499.6107536906062,488.59985032363835,496.97772216796875,2578500
2025-08-20,497.45639811889816,499.052190349295,491.46224711671994,493.5068359375,2351500
2025-08-21,491.14312571246455,493.4769594990162,481.53848215117387,482.4859924316406,1360600
2025-08-22,486.24607067958084,501.06695215292143,485.60777197035924,498.6732482910156,1778400
2025-08-25,497.93519530876887,498.26431284168893,487.89170795023983,489.45758056640625,1044300
2025-08-26,488.7992877497288,490.22551437470014,485.4481513075131,487.19354248046875,1341600
2025-08-27,485.34843691401085,489.68698702749214,481.70805548535037,486.8345031738281,1294800
2025-08-28,486.3657032558956,489.84653257743076,482.1169432256193,488.4501953125,1407700
2025-08-29,488.6497163116239,492.97828301108905,484.6403141780605,491.4223937988281,1228200
2025-09-02,488.02134366358024,491.40243032035056,477.7684184379278,486.24603271484375,1303800
2025-09-03,485.74734431305154,488.2507436537658,480.2618292515195,483.27386474609375,1219100
2025-09-04,480.8103780635798,488.9688583027888,470.36795069577664,488.20086669921875,1404200
2025-09-05,488.70954508179125,500.6779421042025,487.83185776352786,491.3027038574219,1442600
2025-09-08,486.48540175522794,488.77936275539804,479.68338598658886,486.36572265625,2223700
2025-09-09,485.1988149006342,488.6995502505313,480.25185566558855,481.1395263671875,1505900
2025-09-10,479.85292848634055,484.5405628485669,474.3873799689958,475.2850036621094,1442700
2025-09-11,479.31431931809954,490.7042567180311,479.0948974980138,490.1158142089844,1509800
2025-09-12,487.32319281591896,489.96623818383523,478.1972961425781,478.1972961425781,1543200
2025-09-15,477.94775190973434,482.1005243799936,469.92171903622693,473.63525390625,1663500
2025-09-16,469.4525260120203,483.7476410904134,469.23290721601455,479.9043273925781,1799800
2025-09-17,482.1204890954954,485.72422987582144,468.32453478211266,471.8184509277344,1947500
2025-09-18,476.32055655392156,481.42168960206845,472.2077232890763,480.2637023925781,1576400
2025-09-19,482.4499107723831,487.14172253471486,477.18905205884323,478.746337890625,4244100
2025-09-22,474.6535061298039,480.90260394618025,469.9217247361434,474.1643371582031,2352200
2025-09-23,470.30105483891197,474.74333166159755,466.4677335046343,468.9334411621094,3244900
2025-09-24,467.08666065331494,470.51069109976635,462.12529860180206,467.1864929199219,2409600
2025-09-25,466.1982203374824,467.94517836521294,456.6149016353114,458.4217529296875,3229300
2025-09-26,460.25854893891585,464.93040650497176,459.5098526444378,463.4330139160156,1886400
2025-09-29,466.02849092425566,466.5376141426931,455.87618643979755,461.2368469238281,3018300
2025-09-30,463.313216397627,485.40475274387336,459.20038305847146,484.1768798828125,4363900
2025-10-01,486.15346766365974,533.9702294091843,486.0935743963872,529.8074340820312,6092700
2025-10-02,524.7961816285414,538.9615176261439,522.0908704799298,524.0474853515625,3262000
2025-10-03,524.446747409906,544.4918592271998,524.446747409906,542.3755493164062,3048500
2025-10-06,539.0613097261166,544.9111085753558,535.5274852968173,543.0044555664062,2560100
2025-10-07,541.7366352578559,548.4848938893988,537.4042137343765,538.2327270507812,1870800
2025-10-08,537.1946259296611,548.3052846094719,534.698971436066,535.2579956054688,2153200
2025-10-09,532.8121808972917,536.6355402030417,527.9207352083796,533.7505493164062,1830700
2025-10-10,533.900350986881,536.9949380528586,522.7397918879185,523.8877563476562,1415800
2025-10-13,526.6130361249405,529.9072876259343,522.9793488292469,523.6681518554688,1686600
2025-10-14,520.8330375228068,528.9289250989581,518.5470402173172,524.9159545898438,1601000
2025-10-15,523.9975160460183,531.484478708972,521.511854190567,526.952392578125,1430400
2025-10-16,543.4137033522758,543.6532764023519,533.2314222206427,535.846923828125,2115900
2025-10-17,533.2314190682673,539.9297767108206,531.0752007012724,537.983154296875,2010200
2025-10-20,540.0596240856763,549.5032024782734,539.0613623036326,542.8947143554688,1665200
2025-10-21,558.1082127147943,567.4020274443071,552.7774680037456,557.0200805664062,3932400
2025-10-22,554.5343761786419,570.2969065391595,549.9224119837581,566.2140502929688,3461200
2025-10-23,566.9128542094509,577.2348462566771,561.4024300269874,570.9158325195312,1979300
2025-10-24,573.1519779497229,574.8190579242906,568.7995106428536,571.5048217773438,1655700
2025-10-27,571.0955397485232,571.6744876422711,560.0646996647824,562.7999877929688,1563600
2025-10-28,563.1494069535241,564.6667843136577,554.6042887947283,556.6607055664062,992700
2025-10-29,557.3395385742188,570.5764996828857,554.0951877506852,557.3395385742188,1953600
2025-10-30,550.6410879250832,564.6467277684237,550.6410879250832,555.2530517578125,1315100
2025-10-31,550.9606066410679,568.9293180967529,550.9107057395033,566.4037475585938,1872200
2025-11-03,562.6801603377429,564.7166531906573,553.2366436952433,563.8980712890625,1835000
2025-11-04,557.4392413664634,568.3103249717763,556.0317192987458,564.2573852539062,1636000
2025-11-05,559.3759530843776,569.1688985170168,553.236679815181,566.6533203125,1682900
2025-11-06,561.8915754259788,569.8676769047873,558.3776746369831,564.9961547851562,1277800
2025-11-07,565.8845694560625,576.3463319175605,562.3207680994519,571.4149169921875,2264000
2025-11-10,571.3750821993953,582.6454356044198,567.3720427686067,575.34814453125,1380300
2025-11-11,574.9488631806867,586.5686444944859,573.8208225365481,585.4705200195312,1377700
2025-11-12,583.2743062003348,590.1423515640867,580.9883088439836,586.9978637695312,1504200
2025-11-13,585.0811753106432,597.4796298604298,577.2448451053936,579.12158203125,2745400
2025-11-14,577.1849859351747,583.3143279395954,572.0040048156505,577.7041015625,1318000
2025-11-17,574.6493651787755,578.7821222618021,565.6051167209273,566.174072265625,1624400
2025-11-18,561.8716040197291,577.2148823085472,555.4927577160255,575.0287475585938,1916000
2025-11-19,573.621115749866,573.621115749866,566.2240235864168,572.7925415039062,1247900
2025-11-20,572.3533097673564,579.4410042516887,567.4718564589995,571.744384765625,1167800
2025-11-21,572.003990432686,588.8246767744828,568.5599751631164,586.4588012695312,1933500
2025-11-24,585.4305527948046,586.8979681642477,578.0932931604235,585.0512084960938,1803100
2025-11-25,581.1879714810067,601.2729919261931,580.788642431063,596.7409057617188,1803400
2025-11-26,592.3984297934435,595.5130014045802,586.1692865711699,592.21875,2059900
2025-11-28,588.1658147011965,592.9674510511655,586.927979939234,589.802978515625,746000
2025-12-01,593.8159635373343,596.6410612829925,581.7370210203338,584.1328735351562,1754200
2025-12-02,580.9284232191301,583.4340698653339,576.9553611019805,579.3611450195312,1918100
2025-12-03,580.2794846581677,587.0876363295464,579.001741446751,579.4409790039062,1186600
2025-12-04,578.023502111808,579.4410166674246,559.1862477547772,574.2400512695312,1961600
2025-12-05,576.9953036274342,578.0834357665921,568.6298651122823,571.7744140625,1873700
2025-12-08,569.8077536650301,573.5412425924184,565.0261021614643,567.2222900390625,1412100
2025-12-09,573.0022411100557,574.2500682901734,560.9332298151701,562.0912475585938,1416000
2025-12-10,562.0213541676085,573.4614555314855,562.0213541676085,572.8125610351562,1275600
2025-12-11,575.6176110160287,578.0733565381026,569.8476905298638,577.8936767578125,1226400
2025-12-12,576.8455427941328,578.053461477355,569.1988844000311,571.2852783203125,1576500
2025-12-15,573.6628530607313,575.7708154999399,565.1113096222517,575.3411865234375,1702200
2025-12-16,570.2762448585746,574.2922331000931,560.4459363650445,569.5968627929688,2015300
2025-12-17,566.9794566050971,572.4240861981949,560.935443981973,562.00439453125,2301800
2025-12-18,561.8945330311893,568.8476202674153,553.982371946056,561.8345947265625,2287300
2025-12-19,561.1252754469119,569.3071894117516,558.3779913570374,567.2692260742188,3862600
2025-12-22,568.2681988847852,575.5809764334078,565.1912238455031,575.1314086914062,1108400
2025-12-23,574.8217543506139,579.9866313396498,573.1334209706552,579.3672485351562,732000
2025-12-24,578.0485284865676,579.2373556372972,575.7608121267061,578.5480346679688,401000
2025-12-26,578.2283564046569,580.5960108797785,576.29026993822,580.1664428710938,466100
2025-12-29,579.5470639646619,584.7219408381975,579.5470639646619,584.4921875,1042800
2025-12-30,581.6749522582588,583.8727916665757,579.2673592762255,582.873779296875,665000
2025-12-31,583.1335491561822,585.0316361286555,578.4281788076715,578.8777465820312,739300
2026-01-02,578.9276445339589,593.123631677023,576.4301137119833,591.9248046875,2052300
2026-01-05,593.1835961690493,610.8461276049438,591.9248308232146,610.5963745117188,2488100
2026-01-06,605.46143897091,627.4597110318691,605.46143897091,620.10693359375,2554800
2026-01-07,618.0889843695123,626.1510217583394,614.1128735527006,616.54052734375,2404300
2026-01-08,612.2547050008131,622.7443348610833,603.3934701777939,605.9010009765625,3147700
2026-01-09,608.0089025270221,621.7853221027741,603.9529147527876,618.248779296875,2286500
2026-01-12,620.3666696752525,624.1729042902742,606.0108670817938,614.8421630859375,3184800
2026-01-13,612.7142347474346,619.6073830729497,593.713001178006,606.4804077148438,2847700
2026-01-14,608.0289058211821,622.1049560192528,606.5003876216359,621.2158813476562,2460400
2026-01-15,619.3576496569584,629.247896188877,617.9990075118294,624.0330810546875,2541500
2026-01-16,623.4736390899565,629.1080223556024,618.0989478142286,618.10888671875,2881000
2026-01-20,608.8980037685395,620.2367691124263,605.4014606788104,618.3986206054688,3108800
2026-01-21,621.6753965226013,637.3499033178452,619.6574329632346,635.6715698242188,3182400
2026-01-22,636.7605183722961,643.3539757198577,634.183049347394,638.8184814453125,2621700
2026-01-23,637.0502125102076,638.5687308525179,622.0650266843892,625.3617553710938,2847400
2026-01-26,624.7223945628901,633.0241845502059,622.6144322148244,626.0010986328125,1758300
2026-01-27,621.0060458994352,628.6984531122445,617.3896261067031,623.2937622070312,1638200
2026-01-28,618.0290006646067,619.987025801783,605.7211614778795,607.4194946289062,2338100
2026-01-29,585.2214302801399,595.7609985189519,571.6448864075711,591.5751342773438,3950400
2026-01-30,581.15542679438,585.3712905598516,573.6628342732834,578.0385131835938,3760700
2026-02-02,575.3312369517961,583.523089444699,572.7437681354659,581.1954345703125,1778800
2026-02-03,579.4271631003319,588.2683980094129,565.850558432536,569.5269775390625,2249800
2026-02-04,570.9455700026347,575.71087852507,562.3640269053496,564.6617431640625,2740600
2026-02-05,563.1732305438012,566.2702055126573,540.8053896536776,541.8243408203125,3224900
2026-02-06,542.7034525068037,545.7204892782319,536.5195636982362,542.2938842773438,2959400
2026-02-09,540.6655252113286,548.2579950913779,536.4796607997937,546.2200317382812,2107600
2026-02-10,548.8673395989825,550.4058576172758,537.0190679516046,539.266845703125,2022100
2026-02-11,537.2289212364186,538.8573163362794,521.8341059131706,526.6493530273438,3367600
2026-02-12,526.2897083467676,526.479523137558,493.1524848457809,509.3164978027344,4742000
2026-02-13,513.941904736975,519.8360408918658,503.75196678842184,504.3214111328125,3188300
2026-02-17,502.0936168491936,506.6491107581463,497.66799942464166,501.0946044921875,3775400
2026-02-18,500.025665439074,513.6521784481779,497.92776383112135,513.0527954101562,2662300
2026-02-19,509.496328435307,515.0008965632063,503.50225398312693,514.6112670898438,1776100
2026-02-20,510.18563130789687,514.3714955905949,506.009766904911,510.4253845214844,1362500
2026-02-23,507.50826499128317,518.4074627142513,505.30042578462496,515.929931640625,1618300
2026-02-24,515.5003884995036,521.1148332029917,512.7031660275503,515.0907592773438,1314400
2026-02-25,518.4874215984942,518.4874215984942,510.755075587283,513.1726684570312,1480700
2026-02-26,515.5803349877222,520.1457679858114,509.576230236108,519.6063232421875,1551100
2026-02-27,515.2206453263019,520.7652129239041,508.9768483163311,520.5953369140625,2031100
2026-03-02,511.504333353687,513.1926666980943,501.81390116906755,508.07769775390625,2050800
2026-03-03,501.01468739972495,510.215582496468,492.88271233421824,507.5981750488281,2211500
2026-03-04,509.49630906891537,517.1387780948995,508.4473582746311,512.1836547851562,1679200
2026-03-05,502.68300870468414,520.0658473535009,501.5041814914698,518.3275756835938,3283700
2026-03-06,510.8150149690261,513.8719903979322,499.50618756555673,501.4742431640625,1637000
2026-03-09,495.72991903561257,510.0957217818783,491.64396210431045,509.4663391113281,2210500
2026-03-10,508.4972937983981,509.43636786051786,497.448219480202,499.5860900878906,1864700
2026-03-11,498.906765878176,500.80488326237395,490.6449446465275,495.23040771484375,1627400
2026-03-12,490.5150757690604,491.12445868339785,473.53186540638416,475.4200134277344,2516300
2026-03-13,478.92999267578125,481.5799865722656,463.80999755859375,464.3699951171875,3018600
2026-03-16,471.07000732421875,474.5,467.239990234375,470.0,2995700
2026-03-17,475.5199890136719,480.989990234375,471.42999267578125,472.7099914550781,2794900
2026-03-18,468.7799987792969,470.489990234375,462.0299987792969,464.69000244140625,2419800
2026-03-19,461.2200012207031,470.989990234375,458.3399963378906,470.2099914550781,1843800
2026-03-20,469.07000732421875,476.92999267578125,469.05999755859375,474.3900146484375,2285000
2026-03-23,484.29998779296875,487.92999267578125,475.6300048828125,478.1199951171875,1913200
2026-03-24,472.8699951171875,495.7900085449219,470.0,490.2900085449219,2241300
2026-03-25,495.4100036621094,499.95001220703125,482.9599914550781,490.7699890136719,1729500
2026-03-26,489.75,496.260009765625,485.82000732421875,488.8500061035156,1301900
2026-03-27,489.6199951171875,490.75,471.8299865722656,473.3599853515625,1677800
2026-03-30,478.42999267578125,483.5799865722656,474.1600036621094,480.04998779296875,1819600
2026-03-31,487.75,494.3599853515625,479.6600036621094,491.5299987792969,2272000
2026-04-01,496.29998779296875,501.04998779296875,491.8599853515625,494.5400085449219,1505100
2026-04-02,486.94000244140625,506.82000732421875,485.1099853515625,491.4599914550781,1696200
2026-04-06,492.0,493.3399963378906,479.95001220703125,488.19000244140625,1473700
2026-04-07,485.239990234375,490.3500061035156,480.0,489.5,1287600
2026-04-08,502.0,507.2799987792969,499.7300109863281,503.4599914550781,1507900
2026-04-09,498.6099853515625,505.3500061035156,490.25,500.4599914550781,1491000
2026-04-10,500.1099853515625,503.82000732421875,495.80999755859375,496.1099853515625,1308700
2026-04-13,494.9599914550781,515.6500244140625,492.0400085449219,514.22998046875,1828900
2026-04-14,516.3400268554688,530.0,514.0,527.219970703125,2572100
2026-04-15,528.8800048828125,532.8599853515625,524.760009765625,531.6699829101562,2003600
2026-04-16,527.3800048828125,530.5,514.2999877929688,516.0,1375100
2026-04-17,523.1099853515625,530.0800170898438,518.0,526.5999755859375,1988100
2026-04-20,522.8300170898438,528.8200073242188,521.1400146484375,526.02001953125,1437500
2026-04-21,529.8699951171875,538.4099731445312,522.9500122070312,524.5700073242188,2141400
2026-04-22,526.6199951171875,529.989990234375,513.97998046875,513.97998046875,1800800
2026-04-23,472.6499938964844,476.385009765625,458.5,458.6875,3390522
