timestamp,open,high,low,close,volume
2021-01-04,102.21489681111295,104.62653128610836,101.27958120767933,102.42579650878906,11262100
2021-01-05,103.07684834860083,105.4059515799125,102.71005806945304,103.40695190429688,10583600
2021-01-06,104.39728118088648,106.72639135508021,103.20522154574142,106.01115417480469,10609300
2021-01-07,109.4314479364977,112.73255311981389,107.82674674858534,111.3479232788086,13556100
2021-01-08,115.45595825559744,115.80440512837812,107.2673972797461,108.83541870117188,18976800
2021-01-11,109.79826544668792,113.33777921987128,108.93631620893034,112.42080688476562,12006800
2021-01-12,114.76823797570427,114.80491070537846,111.5771718064907,112.7875747680664,14163200
2021-01-13,114.07133349092416,114.43812373928215,108.20271050502265,109.3305892944336,20650500
2021-01-14,113.20020963607031,123.4702949645934,111.56800032096733,115.95112609863281,37125400
2021-01-15,117.80343150534662,117.86761229002335,112.98015528922134,114.83244323730469,17343100
2021-01-19,119.74741910423191,122.92014967845503,117.77593409455545,120.39847564697266,20443800
2021-01-20,123.96546167378752,124.82741769508368,119.29807699630015,119.7932357788086,17360700
2021-01-21,122.18654801752895,124.15803268897497,121.35209994130791,123.02099609375,15460100
2021-01-22,119.24305500196486,120.3525974856909,118.1151831489696,118.41778564453125,19163200
2021-01-25,120.88443588567138,121.19620304745732,116.77639772253106,119.6832046508789,20469300
2021-01-26,118.33526376613607,118.58285017484644,115.76773883905135,116.13452911376953,17084600
2021-01-27,114.57566663337607,114.71321385421129,111.41211553387745,111.63218688964844,16732700
2021-01-28,114.1630469738595,116.9873232286247,113.3194341692236,115.38262176513672,14148100
2021-01-29,113.70455997597671,114.03467054848564,110.54100848469976,111.43046569824219,15169200
2021-02-01,114.1997311097646,116.3179348845867,113.1360398834486,116.14371490478516,10179900
2021-02-02,118.72038196239525,119.43561909945583,116.86809435498705,117.7759017944336,9302400
2021-02-03,118.28938311408548,118.41775862910767,115.59348330673781,116.91392517089844,9676600
2021-02-04,116.91396051861072,117.55583828778668,115.51099411173827,117.5099868774414,7445100
2021-02-05,118.09683690660135,118.17937503383898,116.18036847335205,117.17070007324219,6226800
2021-02-08,118.01430665883743,122.18653251883289,118.01430665883743,121.5446548461914,11160000
2021-02-09,122.85593078780784,123.25023610750057,120.81108671036223,121.66386413574219,7929100
2021-02-10,122.98428760564975,124.70819954738384,121.50796203662672,122.58999633789062,12196300
2021-02-11,124.15807045376603,127.67007679507863,122.9293306662679,127.60589599609375,12347900
2021-02-12,127.38579525506871,128.20190007454195,125.77192898057314,126.59719848632812,11114100
2021-02-16,129.85242559685813,130.39343580262152,127.84425436704417,128.4219512939453,11833600
2021-02-17,127.6517501300388,128.04604159587714,124.79996504512853,124.95584869384766,12311200
2021-02-18,123.65371560859619,124.59819592278029,122.32409463001352,123.45198059082031,11614600
2021-02-19,124.84578118662836,126.49633423260116,124.45148978803121,125.31344604492188,10771900
2021-02-22,122.49828694653452,124.04797187566726,122.12232506595201,122.4799575805664,10363800
2021-02-23,118.381103515625,120.8019092960412,114.96995919383971,118.381103515625,18444700
2021-02-24,118.75706184370318,121.38878151143838,117.07900807335342,121.31542205810547,12782900
2021-02-25,120.60018841828597,120.61851778824348,115.28174682654485,115.53849792480469,13581200
2021-02-26,115.01583217339598,116.81309698413692,112.6317056691863,115.48348999023438,17281000
2021-03-01,118.8671164931943,119.48148621778273,116.67554639328606,118.40863037109375,9714900
2021-03-02,117.76673366867803,117.8492718010287,115.53849792480469,115.53849792480469,8274500
2021-03-03,116.19869580934414,117.1523475522472,112.52163604029376,112.68669128417969,10660300
2021-03-04,111.82474880571675,112.92511956273194,104.06716540110818,105.99280548095703,24454200
2021-03-05,110.86194423708834,111.22873452904086,105.80025359921797,110.77024841308594,17448700
2021-03-08,110.53181269313978,110.95361900023927,104.25972017953414,104.47062683105469,17246900
2021-03-09,107.34992951504644,108.56950415578095,105.75439993002118,106.71721649169922,17717100
2021-03-10,108.01934873883336,108.23024846767774,103.99384056609291,104.37896728515625,15240300
2021-03-11,108.42279333027284,110.77024697063466,107.34993751193537,110.56851196289062,15091600
2021-03-12,109.11969146032799,109.11969146032799,107.5424981618867,108.47781372070312,8171000
2021-03-15,108.7987558627495,109.22056224660962,107.01982750808227,109.19305419921875,8935000
2021-03-16,109.77991792922452,111.1828843401034,108.29442037867706,109.44063568115234,10793400
2021-03-17,108.38031064727728,110.00946381942315,106.2081017362143,109.30994415283203,9890400
2021-03-18,108.61040340240345,108.91414604642364,105.0207361227789,105.38890838623047,10283800
2021-03-19,105.27844744995215,105.74786722952727,104.20154944589866,104.58812713623047,11536000
2021-03-22,105.65582409295317,108.91413675988213,105.65582409295317,107.85564422607422,9376400
2021-03-23,106.86159508271105,107.4598741591496,105.49936677746543,105.74787902832031,8977400
2021-03-24,103.52044278191133,105.5637921804109,100.18849396773344,100.28974151611328,24196100
2021-03-25,99.40611244035499,103.77814053379653,99.30486491219652,101.6611557006836,16772400
2021-03-26,103.08785009731798,107.41385528355228,102.35150550198756,107.28499603271484,12910900
2021-03-29,107.27579243358454,107.4690813019437,103.44681192998715,105.28766632080078,10863600
2021-03-30,106.10682490177058,106.85236853493033,105.19560412543079,105.91353607177734,8206200
2021-03-31,106.57626419959956,108.94176177540749,106.36456285801971,108.86812591552734,9806500
2021-04-01,113.03765342949355,114.94293730502704,111.96075537425759,114.86930847167969,17904000
2021-04-05,116.95866745401241,117.26241007233487,112.91799318022375,114.59317016601562,14113900
2021-04-06,114.13296182511264,114.14216806247202,111.86871197351644,112.69709777832031,13042300
2021-04-07,112.69709805245222,112.85356897643425,110.3039819389084,110.35000610351562,11193200
2021-04-08,111.72145120077208,113.96729581978451,111.72145120077208,113.60832977294922,10226700
2021-04-09,112.98243347484991,113.61753046005289,112.01598215148033,113.02845764160156,8315200
2021-04-12,112.4854206138438,112.71552744114214,109.75175038197104,111.2796630859375,9868400
2021-04-13,112.66029601976368,113.12050964155821,110.77341736148503,111.62020874023438,8384800
2021-04-14,112.28289591262732,112.68788606915551,110.91146154934042,111.22440338134766,9521900
2021-04-15,112.0160015143379,112.29213251797549,107.28500567331565,108.93257141113281,18709100
2021-04-16,109.70570765221984,111.00350620400565,108.47233169386236,109.38355255126953,9512100
2021-04-19,108.61040193223339,109.42037528302141,106.03320314525969,106.21729278564453,12630300
2021-04-20,106.81556839032163,107.48747624477309,105.4349277322251,105.80309295654297,9299200
2021-04-21,105.3889036046809,108.14097868453251,104.71698872769429,108.05814361572266,8472200
2021-04-22,108.15019302063887,108.15019302063887,105.30607642169471,106.14366149902344,7411800
2021-04-23,107.30340043915801,109.27311400786917,106.70512137823876,109.19947814941406,8380300
2021-04-26,110.45127254625211,111.86873138660535,109.8990175879814,111.8503189086914,8444000
2021-04-27,111.83191009607299,111.96997558707187,110.35002167211037,111.62020874023438,5491800
2021-04-28,110.45126279673727,110.83784053117333,109.28232335528476,110.13832092285156,6476500
2021-04-29,111.11396589959496,111.21521344717569,108.25143692119846,109.62287139892578,8831800
2021-04-30,108.61961480027978,108.77608573743201,107.36783325845758,107.45066833496094,7950700
2021-05-03,108.12258508309901,108.19622094497973,106.52104370985627,106.7143325805664,10229500
2021-05-04,105.84914942436298,106.60389960023585,104.68940895138145,106.18050384521484,9638300
2021-05-05,106.76955042313782,107.22055776471515,105.71105778603425,106.19888305664062,7059000
2021-05-06,106.12524864496663,108.27904471273844,105.35208622058336,107.68997192382812,8581700
2021-05-07,108.97857868141637,109.91741130800968,106.81557622945071,107.53350830078125,9614300
2021-05-10,105.83069910309862,106.19886428370401,103.29952486378276,103.37315368652344,12281200
2021-05-11,100.99846551631161,103.99905270950639,100.44620365627704,103.87019348144531,10007700
2021-05-12,100.64872042341294,101.3298346359759,99.46136840416635,99.59943389892578,15058900
2021-05-13,100.65791191909376,102.56319580526123,99.31408914635601,100.09645080566406,10552000
2021-05-14,101.80846425570971,103.85181398609959,101.46790362654372,103.5112533569336,8425200
2021-05-17,100.39098186674215,101.27459102554879,99.2864721738092,101.06289672851562,10688600
2021-05-18,104.00825983169076,104.4500679190185,101.92809266881258,102.02013397216797,7476600
2021-05-19,99.86636385980296,103.53886688711212,99.40615020146285,103.4560317993164,7280500
2021-05-20,103.44680400219409,104.67097376362167,103.17987929330599,104.26598358154297,6442500
2021-05-21,104.92870325597461,104.92870325597461,102.80251862134558,102.94978332519531,5979400
2021-05-24,103.32714652410509,105.42571915425077,103.19828729399448,104.58812713623047,6653600
2021-05-25,105.71106750323288,105.79390960673874,104.56053344894802,105.1864242553711,5331700
2021-05-26,104.92869225863753,106.76954650878906,104.92869225863753,106.76954650878906,6605100
2021-05-27,106.76954739968255,107.25737265647489,105.84912026692666,106.55784606933594,6513700
2021-05-28,107.0456812471052,108.4631328903067,106.72352612407565,108.02133178710938,5386500
2021-06-01,110.18433615483936,110.48807880760627,108.08576332172625,109.07982635498047,7596100
2021-06-02,109.43878510383998,109.94501580244102,108.53676344358664,109.48480224609375,5383400
2021-06-03,108.6564203986915,108.84970924423094,107.19293767917664,107.5242919921875,4912200
2021-06-04,108.82211367740922,110.31320128456429,108.65643649635838,110.00025939941406,5352100
2021-06-07,108.73926087256267,109.30072198517591,108.2146176879259,108.81289672851562,6266000
2021-06-08,108.19622373123266,108.31587674314338,105.90435487171631,106.6959228515625,11564800
2021-06-09,106.76955117885645,108.28825740611954,106.74193948746472,107.80963134765625,6401600
2021-06-10,107.72677400813862,109.39274458592972,107.34939557764422,108.83128356933594,8566600
2021-06-11,108.87734069894304,108.99699371391277,107.83726043013726,108.84052276611328,6036600
2021-06-14,109.11663519197106,111.37167877139693,109.03379310161871,111.36247253417969,7610300
2021-06-15,110.77341612686025,112.29212246631602,109.77935302951076,109.94503021240234,8196900
2021-06-16,110.0370742073724,110.35922232185348,108.15019564465122,108.62881469726562,8059400
2021-06-17,108.73138021280677,111.09671049123533,108.64822032529686,110.06188201904297,7608100
2021-06-18,108.5743164546733,108.92541798896379,106.44921004118892,106.985107421875,12532800
2021-06-21,106.60626187299964,106.6247449789046,104.42572062601911,105.46055603027344,11116200
2021-06-22,104.8692367976376,105.78395327697507,103.49254130157045,105.63612365722656,11792400
2021-06-23,107.36391459587414,108.49114446081789,107.0035715471449,107.22532653808594,8913700
2021-06-24,107.84437406471571,108.72213130576341,107.42858875376696,108.3248291015625,6772200
2021-06-25,108.51886289955432,108.96236583557702,107.6688232421875,107.6688232421875,6712800
2021-06-28,108.37101317872502,110.8287373058167,108.2693772549376,110.51459503173828,11026600
2021-06-29,110.32058419328176,111.14290623132965,109.41510227145065,111.08747100830078,7874900
2021-06-30,111.0228042602539,111.57717768833831,109.9602510777018,111.0228042602539,7936400
2021-07-01,110.96737296767832,111.06900892863284,109.05477986945246,109.41512298583984,8295600
2021-07-02,109.7200069717432,110.11730917369468,109.40586465120656,109.86784362792969,5144300
2021-07-06,110.73635439548886,111.76194824223089,109.23030553594599,110.92115020751953,7181500
2021-07-07,111.4662928136044,111.84511897811493,109.2210745864472,109.2580337524414,7391800
2021-07-08,107.0590055667647,109.28574046420484,106.60626111542356,108.90692138671875,7565400
2021-07-09,109.02704941893579,111.60489321297032,108.67594789921155,111.39237976074219,8374200
2021-07-12,111.97448256817961,113.3973788648776,110.43146720892689,113.30497741699219,10668700
2021-07-13,113.82239182950897,115.93825656147912,112.84299152544695,114.47840118408203,13460200
2021-07-14,115.6333317991267,116.21542273439492,114.63545558217605,114.93112182617188,10587700
2021-07-15,110.9858359184473,111.52172619339932,107.9829724611767,108.59278106689453,23734500
2021-07-16,109.72000388523001,109.94175181403203,106.41223281312516,106.93888854980469,12110000
2021-07-19,105.33121791528694,106.82803249707285,104.61977331699863,106.57855987548828,9230200
2021-07-20,107.06825157170856,107.982975076298,105.72851527802284,107.54871368408203,7108000
2021-07-21,107.39163097829558,108.90692138671875,107.1144407856067,108.90692138671875,5564700
2021-07-22,109.11019542637297,109.11019542637297,107.37315694654653,107.69654083251953,5746500
2021-07-23,108.70365438992053,108.70365438992053,106.56007222468426,107.90904998779297,5773900
2021-07-26,106.9850893247843,107.27151402669627,106.13504972287551,106.8557357788086,6440600
2021-07-27,106.55082527777861,106.62474360196495,103.52948603136576,104.90618133544922,11127500
2021-07-28,105.27576954695695,106.72638322538042,105.22032727728063,106.31983947753906,6819700
2021-07-29,107.17912340195716,108.20471730189783,106.81878036135528,107.31771850585938,7162000
2021-07-30,106.71716557526119,108.49116351898012,106.43074080653066,107.77047729492188,6482600
2021-08-02,108.56507221940691,109.37815277574906,107.78895083143131,107.97373962402344,6028800
2021-08-03,108.38948643049818,109.61835198688553,107.95522513995238,109.40584564208984,5874700
2021-08-04,109.42434493245254,110.4591804179839,109.2857498242378,109.71076965332031,4254000
2021-08-05,110.01566363725331,110.17273478381895,109.24877691097757,110.15425872802734,4452300
2021-08-06,109.36889835308615,109.58140472094284,108.51885173394145,109.22106170654297,4338100
2021-08-09,109.41509730057581,109.7569642752822,108.39874497886123,109.23030853271484,4280200
2021-08-10,109.48902651653886,109.99720625255648,105.40513371719112,107.51175689697266,5132800
2021-08-11,107.64109660692225,108.37102420235432,106.43994850320074,107.16987609863281,4490400
2021-08-12,106.76334370988866,107.1329212496927,105.73774982368107,106.90193176269531,6338400
2021-08-13,106.31983040756388,106.73560862384889,105.78393315826038,106.71713256835938,4593200
2021-08-16,106.34756093431366,106.69866947441783,105.42360296433833,105.91329956054688,5435900
2021-08-17,105.08172944254274,105.1925998730935,102.32833194629555,102.66095733642578,13398800
2021-08-18,103.2430385634774,104.40722731976773,101.98645544064554,102.05113220214844,9167300
2021-08-19,100.71142401079327,102.53162243501356,99.49179970841197,102.11583709716797,12146900
2021-08-20,100.8407723462069,101.36742810747337,99.53799527328036,99.8983383178711,13042000
2021-08-23,101.70928895743242,102.86423635098272,100.96087825292898,102.52236938476562,9533500
2021-08-24,103.31698175795532,104.47192924096288,103.2985056998928,103.58493041992188,6719800
2021-08-25,106.91116657793881,110.11730158327583,106.8187721988109,108.13079071044922,22106800
2021-08-26,109.00856772312267,109.45206361465907,107.50251167462837,109.11943817138672,9892100
2021-08-27,109.33195248920818,110.2281928824755,108.74061992959183,109.47978210449219,6827700
2021-08-30,109.84012888354972,110.41298540412613,109.46130975404435,109.94176483154297,6434200
2021-08-31,110.88418583533239,111.61411339776987,109.67379623342862,109.9602279663086,8424900
2021-09-01,111.078232216705,112.13154377588393,110.46841655126451,111.29998016357422,8603900
2021-09-02,111.74348402741607,112.15926231237724,111.29998108078266,111.60488891601562,6866400
2021-09-03,112.33481648283612,115.01429612013895,112.03915020177624,114.54307556152344,10361400
2021-09-07,115.14363328285305,115.75344181666918,114.46914093031361,115.21754455566406,9739900
2021-09-08,113.61911502837367,113.77618619467661,112.0114301013976,112.6212387084961,7983300
2021-09-09,112.89842833306206,114.09956948284942,112.61199656450755,113.35116577148438,5101300
2021-09-10,113.66531904031716,114.88494341472388,113.54520702855218,113.61912536621094,5163900
2021-09-13,113.59138911758406,114.66317664084985,112.90765518026605,114.21968078613281,6622800
2021-09-14,114.22893393245383,114.22893393245383,113.09246945118186,113.72999572753906,5110500
2021-09-15,113.10169992236413,113.18485275708109,111.68803828901615,112.26089477539062,5566500
2021-09-16,111.33035252804935,112.37871079953894,110.72731170288378,112.06327819824219,7301400
2021-09-17,111.5066318058561,111.76640150512344,109.18724937926416,109.24291229248047,10722700
2021-09-20,106.87714555506224,107.62863031782551,105.3463587277088,106.41326904296875,8991000
2021-09-21,107.29463946636828,107.49874626572894,106.27411254775888,106.65448760986328,8182200
2021-09-22,106.90497980448852,107.84200522504227,106.60809913178161,107.49874114990234,5345600
2021-09-23,108.51926998976838,108.51926998976838,107.23896631444771,107.79562377929688,5484700
2021-09-24,107.61934625509808,108.13888566165248,107.18330121965697,107.28535461425781,4455900
2021-09-27,107.3410060998109,108.14815365893736,106.70086142151743,107.75849914550781,5198800
2021-09-28,106.07000719615773,106.72871100787083,103.76917653313407,103.81556701660156,9792300
2021-09-29,104.18666609358384,104.6969260033396,102.99913629237345,103.55579376220703,6522400
2021-09-30,104.3072566490254,105.16078760041147,103.58361053466797,103.58361053466797,6433400
2021-10-01,103.90832799448955,104.18665670432347,102.331150847279,103.50011444091797,5315200
2021-10-04,102.9805850728253,103.37951915398293,100.67975447210826,101.14363098144531,8514500
2021-10-05,101.86725932940716,102.37751911777399,101.32916101161634,101.36627197265625,8039600
2021-10-06,100.6055264073742,101.60749415662467,99.80765834976481,101.44049835205078,7553600
2021-10-07,102.98059230204224,103.63929614215847,102.50743624740872,102.8228759765625,7821900
2021-10-08,102.96203303391738,103.04552740798965,101.59823496518648,102.0899429321289,5143400
2021-10-11,102.12704867683499,103.6392834703846,101.96005285904108,102.2940444946289,5318500
2021-10-12,102.48887342412823,103.00841283090232,100.71686182457678,101.31062316894531,9294600
2021-10-13,101.42193573637493,102.09919839426864,101.07866465248468,102.03425598144531,7845100
2021-10-14,105.89372309077856,106.45037345535908,103.12902321281148,104.42787170410156,16930500
2021-10-15,106.48749223079255,106.6452085479849,104.79898199012511,106.56171417236328,11558800
2021-10-18,105.22572762216075,107.01629092406283,105.22572762216075,107.00701141357422,6773800
2021-10-19,107.43379710937494,108.52854590069055,107.27607372453102,108.5099868774414,5406100
2021-10-20,108.43575470838914,108.5749190568518,107.20184875010864,107.23895263671875,8205800
2021-10-21,106.70087450933633,107.94406013177357,106.32977189370649,107.88839721679688,4640300
2021-10-22,107.8419968913627,108.68625544180884,105.97721862792969,105.97721862792969,6283000
2021-10-25,106.13494196154726,106.27410632370594,104.93813977209217,105.42984771728516,6667700
2021-10-26,106.63591845153252,106.96991005508691,105.50405880373071,105.93082427978516,4852300
2021-10-27,105.79166819309754,106.74725260303488,105.49478753099862,105.53189849853516,5394500
2021-10-28,105.44842832448349,107.63791928595256,105.33709539632949,107.62864685058594,5714300
2021-10-29,105.82879058731169,105.94012350194225,105.04020190704559,105.48551940917969,7118900
2021-11-01,105.3741804107104,106.07926754738433,105.16079412053723,105.87516784667969,4955700
2021-11-02,105.38344740681329,106.50603463283451,105.33706400921612,105.86588287353516,4479700
2021-11-03,105.24429056953687,105.85660379896984,104.58558686412272,105.77310943603516,6073000
2021-11-04,105.1793699820288,109.33569984644654,104.28872786822501,109.28003692626953,14682800
2021-11-05,109.63254776179424,110.89429214853165,107.85126406693867,109.2892837524414,8668100
2021-11-08,109.83667252628237,113.41779952329378,108.59348695562531,112.17461395263672,15776300
2021-11-09,112.49005016492974,114.36410809244752,111.48807523582823,112.98175811767578,10874100
2021-11-10,110.95923283066193,112.072540431219,109.17794916360114,109.6603775024414,9046100
2021-11-11,110.64383381374948,111.76641418620538,109.28931517231854,109.65113830566406,6994000
2021-11-12,109.83667676275068,110.23561083463993,108.79759085782686,110.11500549316406,6947200
2021-11-15,110.6994977696392,110.99637847357884,109.02026695156124,109.58619689941406,5157000
2021-11-16,109.18725677820815,109.82740155815463,108.69554880296161,109.54907989501953,5555100
2021-11-17,109.47485132100157,110.91287126708873,109.0202543440204,110.45826721191406,6391400
2021-11-18,111.3025274489448,114.63315728868784,111.14481113926087,114.4754409790039,13229700
2021-11-19,113.21370790746168,115.78358791845795,113.20442839471093,115.28260040283203,9071800
2021-11-22,114.57749140859845,118.83587412900462,114.30844219882259,115.7371826171875,16076100
2021-11-23,113.85384666795099,114.29916413389708,110.88503288947192,112.59210205078125,10984000
2021-11-24,111.33037844666639,112.13752623855486,109.84597481634981,111.98908233642578,6992600
2021-11-26,109.01097446312752,110.43971489270832,108.10177343405121,108.6305923461914,6766900
2021-11-29,109.80884534491734,111.2190267866423,109.38207981547171,110.6623764038086,7634000
2021-11-30,109.56762654604303,111.48807494945788,107.39668795009301,108.68626403808594,10561800
2021-12-01,110.60672020248765,114.58678165252687,110.60672020248765,111.91484832763672,12924400
2021-12-02,111.65508175479405,114.48473147988,111.34892153964817,112.90754699707031,8425500
2021-12-03,112.2580934045538,113.04668190126135,109.4562829480349,110.70874786376953,7809000
2021-12-06,110.30054772427732,110.86647759036644,108.1574406735356,110.53248596191406,5681200
2021-12-07,111.83133564726252,113.72395241656996,111.57156596723476,113.48273468017578,7459200
2021-12-08,112.84260466081341,113.38998265910404,111.43242309251212,113.00032806396484,5795700
2021-12-09,112.4251032116405,113.26935471884057,110.85719845487753,110.8664779663086,6103900
2021-12-10,111.33036393423158,112.06328967951521,109.69751661463523,110.5232162475586,5973900
2021-12-13,110.27271448387818,110.43043078415268,107.98116360059723,108.00899505615234,5854300
2021-12-14,107.09980858245451,108.52854905180351,106.92353324743677,107.88839721679688,6267300
2021-12-15,108.35227292043241,111.80351518749517,108.06467175757504,111.70146179199219,6700700
2021-12-16,112.10762933788172,112.48958496342347,108.19495096475204,108.59553527832031,9116100
2021-12-17,108.3346937943623,109.45259989908766,107.99932054144995,108.36264038085938,11725600
2021-12-20,107.99000426284333,108.64212208994014,106.11751186472273,107.0770492553711,6980800
2021-12-21,108.12973167800418,109.4619066560749,107.20745888010075,109.40601348876953,6122900
2021-12-22,108.92158136900213,113.1323752525232,108.83774161879701,113.001953125,9300100
2021-12-23,112.68520643265663,113.45842839346835,111.64182232502613,112.42436218261719,6512500
2021-12-27,112.92741744858036,114.82786318907996,112.90878165577222,114.30616760253906,6309900
2021-12-28,114.93965269092843,115.2005040451404,113.53295591637388,113.70995330810547,6321000
2021-12-29,113.46775861339046,114.72540473122285,112.69453656860311,113.10443878173828,5847700
2021-12-30,112.72248377914164,113.23486154839989,111.96789752575545,112.18215942382812,4187800
2021-12-31,113.04852893868944,113.4211666366082,111.99583401648141,112.07967376708984,3888200
2022-01-03,115.63837209717204,120.72485739283721,115.51726784280179,119.98890686035156,18592000
2022-01-04,121.91727697771826,126.23054670161928,121.38627764166826,124.27420043945312,25554900
2022-01-05,121.76821903434633,121.92658773764603,118.20021806327668,118.36790466308594,17891200
2022-01-06,118.3120256051196,120.17520711071202,116.27183958210439,119.68146514892578,16249000
2022-01-07,117.89280714401559,118.44244225109787,114.87444812750164,115.05145263671875,21248100
2022-01-10,116.55131805289828,117.25932900540843,114.82787660535006,116.45816040039062,11857700
2022-01-11,117.88351375884163,120.6876043679237,116.91465836649327,120.3335952758789,12113100
2022-01-12,121.5726017430539,123.8270498167099,121.31175745122248,123.18424987792969,16389200
2022-01-13,131.12138523250934,135.08064553260286,129.41657262102856,129.66810607910156,52020000
2022-01-14,126.78017553801035,134.03727508495786,126.78017553801035,131.0375518798828,28255300
2022-01-18,127.39504045751055,127.79561767380002,124.17173007143107,124.67479705810547,15191400
2022-01-19,125.41073430927844,126.60316925690165,121.98248738859816,122.04769134521484,11155100
2022-01-20,122.8954558170936,123.66867788177144,119.4299369268267,119.5510482788086,11421900
2022-01-21,118.38656097809661,119.22499412248304,115.76878598798604,116.01100158691406,15573700
2022-01-24,115.30297664978896,117.44563808118627,111.91198710455824,117.3431625366211,17083400
2022-01-25,116.9053173839658,117.21274402715228,113.37458770464714,114.10123443603516,11370500
2022-01-26,116.8028566889003,118.00460972260268,113.55160665495337,114.66020202636719,13592100
2022-01-27,115.51725768690362,115.64767982859739,108.09247797096089,108.41853332519531,18599800
2022-01-28,110.58913282452586,111.41824799152658,106.37834592383028,109.56438446044922,14005900
2022-01-31,111.3437339770715,114.37140420455786,110.68230533411752,114.24098205566406,10189100
2022-02-01,114.49251550688822,114.80925298048403,111.88405831532984,114.63225555419922,6956300
2022-02-02,117.59470046709073,117.8182802512322,114.16644631120444,115.65699005126953,8562900
2022-02-03,113.14170756239956,115.4054736456701,111.09221050508579,111.641845703125,9926800
2022-02-04,112.20079451094335,113.49570511146543,111.22262136034536,112.7411117553711,5743200
2022-02-07,114.1757458641388,115.61039629384145,113.54226394852299,113.9428482055664,6562900
2022-02-08,113.65408136224194,115.38684087619863,113.29076150681303,115.24710083007812,7036200
2022-02-09,116.33706336646428,116.96123464074118,114.36209530344979,116.93328094482422,10979700
2022-02-10,116.26252728247107,119.8584681101747,115.85262508217119,116.17868041992188,10474900
2022-02-11,116.91466039107314,117.9207802898739,112.21012340485683,112.73181915283203,9845700
2022-02-14,111.74429334837154,113.23484404398835,109.92769446086322,111.57660675048828,8081800
2022-02-15,113.67268661117004,116.08551006137968,113.15099812786958,116.00166320800781,9248700
2022-02-16,114.71607668062764,115.78740739265827,113.25347958567299,115.14460754394531,5749500
2022-02-17,114.1105295950973,114.3527451390482,111.4648157260738,111.56729125976562,7976700
2022-02-18,112.27531817311701,112.43369400809493,110.34692553431739,111.1480941772461,8389000
2022-02-22,109.46191234869444,111.19467170000355,107.80368196265037,108.91227722167969,9793500
2022-02-23,110.44007593113953,111.25987315581142,107.8409371287199,107.97135925292969,8114700
2022-02-24,100.61180217173163,104.31953652720043,97.23944105876647,104.22637176513672,27539100
2022-02-25,104.60832589801778,105.26975447589875,101.87876472332607,103.62084197998047,14258900
2022-02-28,101.88807638792828,102.26070697818379,97.81702251138331,99.68952178955078,26390800
2022-03-01,102.47498540141346,103.50905173178924,99.72679545409225,100.65838623046875,20377900
2022-03-02,100.9844398511466,102.44703706070885,100.48137998762238,102.11166381835938,13342400
2022-03-03,102.39113959876795,102.47497935210528,100.23916019929199,101.3477554321289,10841700
2022-03-04,99.68021318733541,100.72359741677184,96.70843633287284,97.8729248046875,22372100
2022-03-07,96.2240053598411,96.9692736639075,92.2833735263435,92.49764251708984,29422900
2022-03-08,93.35470607611933,96.0563206110173,91.87348022897845,93.15907287597656,25650000
2022-03-09,97.36054408130695,98.48776795265066,95.73026038922366,97.77043914794922,14348400
2022-03-10,97.06244405200523,98.31077226516123,95.50668207321995,96.84817504882812,11811000
2022-03-11,98.15240652188773,98.15240652188773,94.37015017659104,94.47262573242188,18116400
2022-03-14,94.57507556150128,94.89182006465823,92.29268141091718,92.50695037841797,17959400
2022-03-15,91.32383826512725,95.15267673991248,90.94188976112603,95.10609436035156,13415600
2022-03-16,96.40725457505872,99.02829169148649,96.23875922983476,98.93468475341797,20347100
2022-03-17,98.99086321059171,99.72100744194685,98.0547793977256,99.68356323242188,8042000
2022-03-18,98.95341810397939,100.19841127782517,98.18582967005806,99.89886474609375,10218200
2022-03-21,99.89885331695073,100.3668951655933,98.4104765245564,100.08606719970703,10366100
2022-03-22,99.58995414053433,101.05960540949947,99.44018444740385,100.19841003417969,10401200
2022-03-23,99.6928991953107,101.27488269794866,98.61640167236328,98.61640167236328,12905300
2022-03-24,99.95500576916116,101.07831037537879,99.06572920493774,101.02214050292969,10834000
2022-03-25,100.80685019821395,101.0783153127664,99.07508973842242,99.90821075439453,7432100
2022-03-28,98.86915680103569,99.8988473784893,97.923710323289,99.53377532958984,8151200
2022-03-29,101.02215776288162,102.74455559665861,99.96438568408945,102.26715087890625,14076200
2022-03-30,100.90045713453341,102.35138250186365,99.70227120944085,99.90821075439453,15456300
2022-03-31,100.12349197135191,100.30135012467568,97.53054377551565,97.5960693359375,13021600
2022-04-01,99.00956464898162,99.17805999187436,95.67710913593788,96.22003936767578,12085100
2022-04-04,97.37141286202994,98.82234529772309,96.67871299820116,98.09220123291016,9077200
2022-04-05,97.80201894601001,97.91434440875437,95.58349821404327,95.94857025146484,12291000
2022-04-06,94.00151845678519,95.61158347811296,93.34626275822225,94.71294403076172,14902600
2022-04-07,94.0015087346151,94.75974126939033,93.28072754074316,94.0951156616211,12431000
2022-04-08,94.18874146954704,94.26362273543418,92.78461596420243,92.9437484741211,11796200
2022-04-11,91.94212730488822,92.09189695898434,90.71586014133283,91.33367156982422,12480500
2022-04-12,93.60836997175622,93.74878395506421,91.21199798583984,91.21199798583984,13291500
2022-04-13,93.42117249474774,95.68649373187,93.14034447881389,95.01251220703125,15776800
2022-04-14,97.35270001912778,97.82074184614282,92.04510741479763,92.07318878173828,17828500
2022-04-18,91.68938954623901,93.45858705189283,91.24007339908165,92.45697784423828,10277400
2022-04-19,92.14809682694903,93.09353637695312,91.46475247150009,93.09353637695312,10103000
2022-04-20,93.98278080415751,94.54442945175855,92.57865561427991,92.68162536621094,8596900
2022-04-21,93.37434195888721,94.21681865303195,91.18390969586221,91.41793060302734,13038500
2022-04-22,90.82819513784641,91.53962070935172,89.26493716116822,89.56448364257812,11650100
2022-04-25,88.97474944925692,90.126128283215,88.41309357325177,90.08868408203125,10654400
2022-04-26,88.87178393614374,88.94666520034502,86.8404769897461,86.8404769897461,14176000
2022-04-27,85.96992015038018,86.7655969770399,84.45346918759681,84.49091339111328,15846300
2022-04-28,86.26946711414212,90.0512385343909,85.91375077909075,89.13388061523438,15176200
2022-04-29,87.22427818478457,89.48023615530703,86.84048044531812,86.9902572631836,10629300
2022-05-02,86.5877444227752,88.24460947098065,85.4082769314879,87.7672119140625,8251900
2022-05-03,86.8498230341166,88.03865303807233,86.59708364008078,87.64549255371094,9511900
2022-05-04,87.90762656121778,89.9295637054309,86.04481479542055,89.85467529296875,9082500
2022-05-05,88.02929867205586,88.34756365381041,85.38954332354437,86.26010131835938,11517200
2022-05-06,85.55804308769322,86.94344282634133,84.5002640413154,85.7733383178711,7944900
2022-05-09,84.19137623352248,84.42539717511733,81.4486505123608,81.7201156616211,11428600
2022-05-10,84.2662572543111,84.51900386985665,82.45961530494854,83.14295959472656,11690400
2022-05-11,83.18976019551712,84.7810996136181,82.18815093175319,82.21623229980469,11531300
2022-05-12,80.70913050254539,82.57193489842605,79.9321793873573,82.08517456054688,11592900
2022-05-13,83.18976008612273,85.52060647410613,82.52514152335443,85.14617156982422,11180600
2022-05-16,84.12583116492978,85.52995648918537,83.77947768058314,84.63131713867188,6729100
2022-05-17,87.33659763357359,87.51444865079091,86.46603965077074,87.35531616210938,7668800
2022-05-18,86.18522203285013,87.27108250324433,84.5938826723086,84.74365234375,9610900
2022-05-19,84.0977535265613,86.21330462150334,83.83565124151129,84.44410705566406,7739000
2022-05-20,87.0932197152466,87.0932197152466,83.15230858393801,84.97766876220703,10469900
2022-05-23,85.20234138307562,86.03546250663709,84.85599495979126,85.65166473388672,6920500
2022-05-24,83.79821729621932,84.06032675510829,82.8621335111591,83.04935455322266,8788600
2022-05-25,83.62034519118768,85.10871460685826,83.34888010482152,84.63131713867188,9113500
2022-05-26,83.69523948821454,85.52996251754755,83.34888597945606,85.18360900878906,9762700
2022-05-27,86.70006747255171,87.82336496007302,86.61581623302442,87.77655792236328,6279000
2022-05-31,89.43343646692384,90.13549923338223,88.4692714103346,89.20877838134766,9621700
2022-06-01,89.48959360741408,90.20101916596617,87.83272872454091,88.69392395019531,6152400
2022-06-02,87.98250901438693,90.21039289368909,87.63616260016092,90.18230438232422,6335000
2022-06-03,88.328850971983,88.53479051110386,86.96216974352326,87.77655792236328,9137100
2022-06-06,88.92795781815869,89.43344390908273,86.93410196652978,87.15876007080078,9440200
2022-06-07,86.74687062922825,87.86081246448046,85.90439391104387,87.84208679199219,7360200
2022-06-08,87.99184298809107,88.86240086928153,87.18681066175365,87.49571990966797,6446300
2022-06-09,87.05577889485215,87.52382071686749,84.99639773468526,85.04319763183594,8086700
2022-06-10,84.75301029954727,84.92150563381084,82.9650871892089,83.01189422607422,10460400
2022-06-13,80.55936012558152,81.28014856670579,79.5858322303726,80.08196258544922,14603700
2022-06-14,81.19587699508853,82.26301156386897,80.77464229647782,81.61711883544922,10449600
2022-06-15,81.91669248328542,84.06968086321248,81.78564132719212,83.43314361572266,11742500
2022-06-16,80.19322961486291,80.86134882152665,79.03577901386873,79.53451538085938,10505200
2022-06-17,79.9862060546875,80.550813132141,78.99813828461748,79.9862060546875,9735500
2022-06-21,80.92720653592133,82.57398108752439,80.92720653592133,81.8211669921875,9604000
2022-06-22,79.64743431387917,81.09659691604453,79.56274648941884,79.9015121459961,7868700
2022-06-23,79.16752417476583,79.26163134077285,77.87833928114756,79.15811920166016,10370300
2022-06-24,79.18633693424297,81.44477218112172,79.18633693424297,80.8519287109375,10670100
2022-06-27,81.79294383989814,81.86822669093809,80.53198839213427,80.79547119140625,7358000
2022-06-28,81.0683602122828,81.68942573951593,79.36511993408203,79.36511993408203,8289200
2022-06-29,79.44981776360453,79.61920058241203,78.4147037283887,78.71582794189453,7981300
2022-06-30,76.65500727276367,77.37017999477229,75.39405183229077,76.92790222167969,14201600
2022-07-01,74.37775368975058,74.5471365112001,71.68645284859033,72.45808410644531,19531700
2022-07-05,70.15261785146379,71.65823927229746,69.39039139828452,71.62059783935547,22253100
2022-07-06,69.90795002548155,71.79939069258405,69.42803074410978,71.10303497314453,11530500
2022-07-07,73.96369502036994,76.18448851630622,73.71902938319276,75.89277648925781,15847800
2022-07-08,75.20584081864556,77.31371745042014,75.05528230458589,76.70205688476562,10004200
2022-07-11,75.06468428664995,75.53519129082177,74.17072385047035,74.44361877441406,9519600
2022-07-12,76.3727056031125,76.67382981926757,74.2742410616113,74.43421173095703,10363700
2022-07-13,74.60360044730771,76.89967726405791,74.24601765591555,76.49504089355469,14706500
2022-07-14,78.05712590718282,79.08283513013546,75.76105611500536,78.73465728759766,23377000
2022-07-15,80.53197887673944,80.9648444500214,79.01694578056906,80.57902526855469,14061000
2022-07-18,80.98366656497922,81.00249086635976,78.45234366122058,78.64995574951172,11352500
2022-07-19,79.9861918145764,81.36948357465666,79.57214334778578,81.068359375,10673100
2022-07-20,80.15558098847262,81.63297283209197,80.08971028892404,81.45417785644531,11664800
2022-07-21,81.56709195140728,82.62103019200083,81.30360918610062,82.61161804199219,7135000
2022-07-22,82.25404156743751,82.5551657763025,80.73900837238844,81.22833251953125,8612100
2022-07-25,81.20952606201172,81.58592598799679,80.5790411093131,81.20952606201172,5960900
2022-07-26,79.7603553193396,80.17439663198981,78.90402906164216,79.4404067993164,6977700
2022-07-27,80.27790723624638,82.71513738719582,80.27790723624638,82.4610595703125,9399500
2022-07-28,81.99056606490993,83.39268241605619,81.35067611078179,83.38327026367188,10668200
2022-07-29,82.63985258140598,83.94786152069047,82.61162330894719,83.26092529296875,10366200
2022-08-01,80.26849885471277,81.76470770185115,79.32748483381047,81.21891784667969,20102600
2022-08-02,79.53450095705021,82.3481380157681,79.20514748946185,80.97425842285156,15541600
2022-08-03,80.8895743626196,81.65179351626364,79.5721531348218,81.40713500976562,20779400
2022-08-04,81.86822942992839,83.2044677734375,81.51064664457706,83.2044677734375,13472500
2022-08-05,82.83747562337611,85.61347171195382,82.81865849903744,84.47483825683594,13293500
2022-08-08,83.73143256420715,83.84434965438207,81.78353378564864,82.75277709960938,12120300
2022-08-09,81.81177264375587,81.99997260234296,79.45923726457603,80.1838150024414,13075000
2022-08-10,81.68941838055962,83.43970489501953,81.21891140741161,83.43970489501953,10704600
2022-08-11,84.65361907751408,85.63227450480736,84.04195853803489,84.23957061767578,11158800
2022-08-12,84.39013723169876,85.9616289151778,84.35249580953932,85.50053405761719,12098800
2022-08-15,84.70068328924518,86.5168408352635,84.6912711377846,86.16866302490234,15949500
2022-08-16,85.764004370211,85.96161642330587,83.34559898800316,84.64419555664062,10566100
2022-08-17,83.75024611640711,84.47482373849272,83.2609219946485,83.93844604492188,9093100
2022-08-18,83.47734510302868,84.38071761683973,83.20445020103891,84.00431060791016,10947700
2022-08-19,83.2797559521091,83.36444378325164,81.88705178969406,82.05643463134766,9602800
2022-08-22,80.37202162328181,80.95544579876899,79.92974382614271,80.21204376220703,8054000
2022-08-23,80.13676663883913,81.49182210207259,79.97678878065508,80.9554443359375,8462500
2022-08-24,80.73902455078509,81.04955379323026,80.17441026407992,80.51317596435547,7085800
2022-08-25,81.2377466109749,82.42341917331159,80.93662239491623,82.40460205078125,6602100
2022-08-26,82.33874800678237,82.6116430045577,79.65685879329241,79.74154663085938,9381500
2022-08-29,78.9605001984241,79.34631226384714,77.89714962186075,77.96302032470703,9639700
2022-08-30,78.83815708838856,79.02636420870206,76.90908256590609,77.90655517578125,8392300
2022-08-31,79.14869012444026,79.86386279282586,78.1606225276001,78.43351745605469,8887100
2022-09-01,76.64559162948181,77.00318156387756,75.39404839719906,76.82438659667969,11566000
2022-09-02,76.73971243607512,78.0853630565054,75.8551567727609,76.1280517578125,8850100
2022-09-06,76.25036305741905,76.25036305741905,74.82942991118199,75.3093490600586,12704400
2022-09-07,73.76609021535357,75.4505062129099,73.61553170182843,75.23406982421875,9843500
2022-09-08,74.34952988437459,75.97748034085895,74.12368131958596,75.50697326660156,8181700
2022-09-09,76.06218672908439,76.8432303122717,75.97749170977323,76.72089385986328,7084700
2022-09-12,77.13493082592862,77.63366717544774,76.93731871646075,77.30431365966797,7903000
2022-09-13,75.676356917171,76.35388826011213,73.88842857982486,74.16132354736328,12835100
2022-09-14,75.03645730727295,75.43168865916962,74.32129180822963,74.961181640625,8849600
2022-09-15,74.36310364606116,74.9971471955519,73.50193420005853,73.79530334472656,10533100
2022-09-16,72.97198767589876,73.81422634765238,72.79218148081456,73.71012878417969,10604500
2022-09-19,72.44203068792893,74.03187561035156,72.44203068792893,74.03187561035156,10378600
2022-09-20,73.37891108819386,74.23061512697319,73.35052215689662,73.9561767578125,8202800
2022-09-21,73.41676407843755,75.05392166013019,73.00037384033203,73.00037384033203,10869000
2022-09-22,72.34739889099272,72.63130263619146,71.31589590871684,71.57140350341797,10817900
2022-09-23,70.31277810054434,70.39794488757067,69.16770501739728,69.90585327148438,12685500
2022-09-26,69.52730894456555,70.20867203808056,69.00682124258299,69.09199523925781,13441500
2022-09-27,69.56518362792947,70.06674071312773,68.46743005129153,69.1109390258789,12430600
2022-09-28,67.29397928425627,68.4106564802955,66.90597791022111,68.25923919677734,12943600
2022-09-29,66.73561905717153,66.88703629980597,64.80509975338293,65.56216430664062,16120300
2022-09-30,64.17103874478951,65.91230065492591,64.10479551679342,64.88079071044922,10472400
2022-10-03,64.4265713190411,65.83661025931004,64.0196464573561,65.53378295898438,11945100
2022-10-04,67.00060980262451,69.01630342840856,66.92490116936256,68.90274047851562,14900700
2022-10-05,69.00682691918774,70.89004096311635,68.68507610965511,70.48311614990234,14037100
2022-10-06,70.00048702090811,70.89950348633865,69.89638946554601,70.36009216308594,11796800
2022-10-07,67.9563849432374,68.16458001565589,66.0069351196289,66.0069351196289,14758600
2022-10-10,66.10157774389147,66.12996667281391,63.413986579648345,63.8209114074707,16042200
2022-10-11,60.75478103992518,61.42668609426115,59.259571723876455,60.0450325012207,28699300
2022-10-12,60.18697562831273,60.78317200311269,59.969318754488526,60.66960906982422,16468700
2022-10-13,59.675949172806604,66.4327839927519,58.97565894777848,63.04490661621094,36639300
2022-10-14,63.65056570877625,63.83036465141952,60.35731302810249,60.48979949951172,19440900
2022-10-17,61.492934639687135,61.84307444243903,60.6033762262622,61.40776062011719,11280100
2022-10-18,62.36355124169141,62.56228095886867,59.410979972261664,60.291072845458984,16656100
2022-10-19,59.3731353897697,60.66961498636734,58.83372042900985,60.2437629699707,12385200
2022-10-20,60.328924257202026,61.77681728417949,59.978780923289534,60.16804885864258,11300900
2022-10-21,58.69176507445518,60.35731501409455,58.69176507445518,60.32892608642578,13699000
2022-10-24,57.32904821533627,58.31323511093213,56.47734419896995,58.000946044921875,25010800
2022-10-25,56.74232403001243,58.06719630214201,56.316471970400315,57.85900115966797,21700600
2022-10-26,57.594019472136864,58.65391496416504,57.187094633146536,57.57509231567383,14006000
2022-10-27,58.53088812462068,59.09869196791484,57.64133346310809,57.6791877746582,12937600
2022-10-28,57.508853290152,58.70123535487244,56.846417205313415,58.682308197021484,11972300
2022-10-31,58.28484833401104,58.92835725682416,57.79275306303711,58.24699401855469,10802800
2022-11-01,59.865224437677924,60.02610346353381,58.27538299560547,58.27538299560547,11561900
2022-11-02,59.14601554180267,59.51508610118571,57.27227020263672,57.27227020263672,16547200
2022-11-03,56.780177749202,57.62241647488399,56.2407663493835,57.04515075683594,11040900
2022-11-04,58.209139350079,59.14601379701769,57.74543662350265,59.1270866394043,14662800
2022-11-07,59.25957283353322,59.55293836008037,58.64445645914144,59.392059326171875,8507100
2022-11-08,60.91566044265256,62.22160172763201,60.77370857646588,61.5307731628418,14102800
2022-11-09,62.95974157340466,63.02598481370548,61.46452875521858,61.51184844970703,15086800
2022-11-10,64.10480411164889,67.06684066625166,63.70734469038293,67.03844451904297,21367900
2022-11-11,68.83650114269962,70.59668725625545,68.49581949362604,69.86801147460938,15524700
2022-11-14,69.30966305848177,69.72605330763909,68.36332683401326,68.89328002929688,11575300
2022-11-15,77.52384640261837,78.47964782138757,75.71634832669768,76.14219665527344,48742400
2022-11-16,76.23685823925132,76.24632362486453,74.66594356622448,75.1864242553711,24006600
2022-11-17,75.04446211534695,78.48912523998857,74.4671964667695,77.10747528076172,24278400
2022-11-18,78.33772083381079,78.39449870364815,76.65324330888534,77.85508728027344,18578400
2022-11-21,76.47342880480522,76.68162393160512,75.20534171607494,75.64065551757812,18659700
2022-11-22,76.98443820545292,78.72570033666628,76.87088249731094,78.11058044433594,16504700
2022-11-23,78.01595376298225,78.49857999644173,77.34405596936746,77.57117462158203,14683800
2022-11-25,77.73204787261827,77.94970835575528,77.0317611694336,77.0317611694336,5908300
2022-11-28,75.9623986128168,76.72893579410034,74.65645734169824,74.96875,13214200
2022-11-29,75.6217221364541,75.90561863792456,74.72269849853544,75.07284545898438,11502300
2022-11-30,76.30307437926501,78.95281825125042,76.15166436313592,78.52696990966797,21667300
2022-12-01,78.58376176109915,79.14209667373821,76.78572147197056,78.24308013916016,15975100
2022-12-02,77.41975807513401,77.7509815034148,76.79517997089027,77.12639617919922,10519800
2022-12-05,77.54277933886603,77.769897972471,76.60590143779956,77.23995208740234,11523300
2022-12-06,77.03175898190534,77.06961329180949,74.91196816707324,75.29049682617188,13992100
2022-12-07,74.76055986123822,75.43245769739192,74.37255855333373,74.98767852783203,14925300
2022-12-08,75.18640674835156,76.62484178772519,74.85519052874976,76.4639663696289,11197500
2022-12-09,76.51127330497035,77.7793674509896,76.35986328125,76.35986328125,13787900
2022-12-12,75.50816833004086,76.11382293701172,74.57129748800352,76.11382293701172,11516600
2022-12-13,77.68473512649773,77.68473512649773,75.3567489428697,76.18952941894531,16938000
2022-12-14,76.4828866200577,77.13586086768093,75.25264674887778,75.72581481933594,17910000
2022-12-15,75.38416900319135,75.38416900319135,73.65207499781116,73.8614501953125,17080200
2022-12-16,73.86143253817414,74.28969460457775,72.54808924176136,72.61470794677734,11929100
2022-12-19,73.20477124680143,73.39511562671225,72.10080288690136,72.42437744140625,12561300
2022-12-20,71.48219075981733,72.5195403207207,71.28233462223672,71.96755981445312,12080600
2022-12-21,72.19596393287587,73.68061363719238,72.1103071556065,73.41413879394531,10806100
2022-12-22,72.59567429710494,72.73843074821974,70.44483028008749,71.64397430419922,13019700
2022-12-23,71.27283477783203,71.71061604385919,70.58760940112967,71.27283477783203,7452600
2022-12-27,70.73986571313776,71.13005895385756,70.5780784489587,70.7303466796875,8974800
2022-12-28,70.60662219353797,70.94923475922175,69.32182144177659,69.53119659423828,10275700
2022-12-29,70.75889427628364,72.3672696163282,70.56855717868204,72.3292007446289,11142500
2022-12-30,70.70180612089239,70.96828100531786,70.09271859623527,70.89214324951172,7784100
2023-01-03,72.18643931102855,72.30064591824761,70.20690168459754,70.454345703125,9276200
2023-01-04,71.3679730544573,72.9097294974465,70.87309230411792,72.63373565673828,12316400
2023-01-05,72.3292061934199,72.74795655276307,71.70108065440515,72.07225036621094,10039200
2023-01-06,72.80505602039561,74.93686216362838,72.47196244503039,74.29922485351562,13744100
2023-01-09,76.66894763771602,77.29707310624225,76.19309765036992,76.43102264404297,22247600
2023-01-10,76.62137866427165,77.63969750183739,76.57379075393199,77.34466552734375,10269000
2023-01-11,77.63017620065465,77.93471993960645,76.73557579084192,77.83003234863281,11771400
2023-01-12,80.85645833195204,84.53954118500657,80.3425392877423,82.79792785644531,36086800
2023-01-13,81.28468933700957,82.89305717901298,80.79932037052754,82.60755157470703,18719900
2023-01-17,82.05558170432619,85.39605100372421,81.99848202325975,84.69178771972656,21850000
2023-01-18,86.10981672274087,86.81407266947247,85.04391013941895,85.14859771728516,19209800
2023-01-19,84.72985559723996,85.66252485542603,83.99704974222576,84.13028717041016,13651100
2023-01-20,85.65300510816593,86.63325500488281,84.89164215840192,86.63325500488281,14287200
2023-01-23,87.3279955581944,91.106245785923,87.28992668622217,91.03962707519531,22875100
2023-01-24,91.16335402982526,93.26661039288801,87.12814761322453,89.99275970458984,11370500
2023-01-25,88.20356532860673,88.50810906937737,86.71891549996181,87.94660949707031,14147300
2023-01-26,89.35512121431312,89.72628366997489,88.16549609721885,88.93637084960938,15759400
2023-01-27,88.33680562153519,89.57401869272782,87.78481780448642,88.79362487792969,13646600
2023-01-30,88.3653534400177,89.69773504135217,88.10839760604607,88.63182830810547,14079800
2023-01-31,86.60470021038633,88.27969424750587,85.65300020807439,88.25114440917969,13342100
2023-02-01,88.50810641306433,91.14431240928316,88.09887509297671,90.1640625,16788500
2023-02-02,91.93423124190328,92.79076281235028,91.21093710898184,91.98181915283203,14925300
2023-02-03,90.44957217124463,92.2673154618974,89.75482795110408,90.08792877197266,12242200
2023-02-06,87.36607296119114,87.60399798857902,86.35726590765746,87.39462280273438,12425200
2023-02-07,87.34701773898185,90.12597977050231,87.25184919889578,89.98323059082031,15258900
2023-02-08,90.4305208429788,91.30609026480221,89.67868431539183,89.72626495361328,12899700
2023-02-09,91.36322197947315,93.8090912774461,91.00157850639381,92.0198974609375,16997400
2023-02-10,91.3156218983971,91.8390598589462,89.69773462907439,90.76364135742188,11511400
2023-02-13,90.8588156144885,91.73437802078438,90.3258658473338,91.46790313720703,7803500
2023-02-14,91.19191585818717,94.20880384831189,90.62089717167754,93.22855377197266,15345100
2023-02-15,87.87047750312608,89.1552712667672,86.38582031632444,88.27970886230469,30208300
2023-02-16,86.58567087392471,87.35654556538775,85.53879504490713,86.43339538574219,15568400
2023-02-17,85.62445055866111,85.93851330273172,84.64420071586026,85.7481689453125,11235300
2023-02-21,84.11126142807207,85.10103051168642,83.2547370530621,83.4070053100586,14007600
2023-02-22,83.51169374048742,83.83526832786987,82.47434399292987,82.6361312866211,10106400
2023-02-23,85.9385240536527,87.54689232490703,85.13909217427256,85.7291488647461,15468300
2023-02-24,83.83525575572386,83.89236269738352,83.02631214768257,83.85429382324219,8817600
2023-02-27,84.41580960515621,84.55856609540125,83.02632810595772,83.08343505859375,10609400
2023-02-28,82.9311435558024,83.89236265998048,82.70273757195153,82.8645248413086,7520400
2023-03-01,84.73937151268564,85.69107154235071,84.00655842374233,84.1493148803711,8176700
2023-03-02,83.40698833538247,85.02487544879759,82.91210752473972,84.72985076904297,9761600
2023-03-03,84.38723368992798,85.51023993288885,83.63538985040469,85.45314025878906,10844000
2023-03-06,85.72913827198128,86.91876327932707,85.1866695590674,85.25328826904297,9960000
2023-03-07,85.60540885239769,85.88140271324878,84.03510972060583,84.55854034423828,8761100
2023-03-08,84.08269014154388,86.45242101249309,83.88283402094764,86.44290924072266,8813000
2023-03-09,85.37700224525923,86.30967139762981,84.29206487547995,84.58708953857422,10354700
2023-03-10,83.77815249854736,84.86308995212687,82.98823973084973,83.03582763671875,11928800
2023-03-13,82.20785400006451,84.70131093592082,82.14123528189906,83.50216674804688,11847600
2023-03-14,83.77815839573304,85.3008770990914,83.47361465506137,84.97730255126953,11100100
2023-03-15,82.98824015425669,83.02630902696713,81.31325332036761,82.51239013671875,12171500
2023-03-16,82.22444676026717,85.59187449934164,82.10008430974744,85.42924499511719,13184600
2023-03-17,85.1996261597247,86.12758196080149,85.14222923963922,85.59185791015625,13287700
2023-03-20,85.34313636776093,86.45285895198337,84.8169808379537,86.13716125488281,8217500
2023-03-21,87.05555032266153,88.96885912096178,86.86422236230905,88.49053192138672,12299700
2023-03-22,89.44718464888764,90.91086468444209,88.52879731871022,88.60533142089844,12812400
2023-03-23,90.3942804690086,91.66663268891219,89.38022904796685,90.48994445800781,11169700
2023-03-24,89.87768258995973,90.09771632471856,88.09830473041168,88.7679672241211,7653700
2023-03-27,88.05046600128135,88.18439702448673,86.62505308362798,86.73028564453125,9349800
2023-03-28,86.73028698314981,86.93118352105856,86.02235750820263,86.873779296875,7521300
2023-03-29,87.78261102837297,89.17932559627117,87.48604319706939,88.73926544189453,9264000
2023-03-30,89.30367564930589,89.46630512534897,88.04089229064901,88.46182250976562,10232800
2023-03-31,87.28514014221945,89.21758600080982,87.17990758067772,88.98798370361328,8701800
2023-04-03,88.9784327024282,89.54285532623148,87.73477899425646,88.8157958984375,6863600
2023-04-04,89.00712716918584,89.23672218391786,87.74434364011884,88.17483520507812,6338400
2023-04-05,87.62953201207416,88.1843932551759,85.19006793765328,86.29021453857422,9171800
2023-04-06,85.7736220439514,86.96943983533802,85.52488989970907,86.32847595214844,5874500
2023-04-10,84.5873705800074,85.17093028087109,82.7218976337664,85.16136169433594,12232900
2023-04-11,84.79782748371076,85.94580960125018,84.6351980218196,85.37181854248047,11079200
2023-04-12,85.0561286721618,85.62055114842715,83.09498463699464,83.10455322265625,11299100
2023-04-13,82.80800561686725,83.83162557109695,82.24358300318931,83.27677154541016,7910500
2023-04-14,84.13774834090384,84.53954872053586,82.7888694838409,83.42025756835938,7656400
2023-04-17,83.94642275118626,84.23342198776184,83.3820001642664,84.17601776123047,8163600
2023-04-18,84.3769236065266,84.56825888489529,83.70726837897264,84.31952667236328,8468200
2023-04-19,82.49230503281497,83.592451659297,82.31053837685666,83.44895935058594,11191300
2023-04-20,84.49171419251188,87.8974014353343,84.28124906201052,85.41967010498047,19206300
2023-04-21,83.9751194176589,84.09948915690335,81.58348349303343,81.66958618164062,13175400
2023-04-24,81.69828125841062,82.23400534773808,80.34939514946257,80.97122192382812,10567600
2023-04-25,79.66060062607977,79.78497035667505,78.69438503478503,78.72308349609375,13423700
2023-04-26,78.67524586670032,78.80917688187404,77.68989312705388,78.684814453125,11583500
2023-04-27,79.30665323052979,80.22504060197191,78.59873100021497,80.04327392578125,10013700
2023-04-28,80.81815600746663,80.84685446779936,80.0910967180349,80.64595794677734,8262600
2023-05-01,80.64595756446364,81.01905214440625,80.26329439822456,80.33982849121094,4931100
2023-05-02,79.88064609458408,80.40680895839733,78.97182729202757,79.36405181884766,6875000
2023-05-03,79.03879149108583,80.12937695541657,78.86659340204972,79.11531829833984,7151600
2023-05-04,79.40230468214922,80.1293639734752,79.05790855987338,79.87106323242188,7290600
2023-05-05,80.64596199819627,81.86090977170568,80.11979920335367,81.28691864013672,6865000
2023-05-08,80.83727787772615,81.83219909667969,80.75118250525229,81.83219909667969,6746600
2023-05-09,81.55476772592013,81.77480139572543,80.64594918686765,81.37300109863281,7287800
2023-05-10,80.84685323890126,81.45911137900266,80.52158699645773,81.2199478149414,7442300
2023-05-11,80.49288326961549,80.49288326961549,78.95266943394743,79.81365966796875,8730900
2023-05-12,79.76582403880946,80.29198676479257,79.35446244359329,79.81365966796875,5069800
2023-05-15,79.71800008045167,81.95656751298836,79.6223361155787,81.94700622558594,8707300
2023-05-16,81.97570373219263,82.98975488570433,81.88003246973918,82.15746307373047,11283200
2023-05-17,84.47257246655646,87.82086231270344,84.24297019347625,86.94073486328125,23215600
2023-05-18,87.29471555946024,89.35152401594249,87.12251747243629,88.634033203125,14879000
2023-05-19,88.13655594451295,88.76795127093501,87.59126329837248,88.56705474853516,9295200
2023-05-22,88.07917421373035,88.43313898492379,87.24688222137,87.74434661865234,9259800
2023-05-23,87.05555294043809,87.38081194255668,86.41459622542034,86.51982879638672,7656700
2023-05-24,85.41009662948693,86.24238851646578,85.31443265710497,86.22325134277344,9443900
2023-05-25,92.85286460127402,97.93270392905364,92.77633780380368,96.57424926757812,60793200
2023-05-26,96.47858523353568,99.91297798501729,96.3637913880588,98.73628997802734,26135800
2023-05-30,99.2911504021706,100.67829621391195,97.12910964643036,97.55960845947266,25248000
2023-05-31,95.40713619179978,95.64629976590078,93.8095179697983,94.31654357910156,22206700
2023-06-01,94.40264894241554,96.22985490512498,94.32611484484309,94.55570983886719,14998500
2023-06-02,96.86124382184077,96.90907945431633,94.34524574565224,94.65137481689453,13085100
2023-06-05,93.76170548001319,94.52702466726028,90.16468267399961,93.79997253417969,10568500
2023-06-06,93.37902758233709,96.23942191945642,93.19726092824587,95.49323272705078,13827600
2023-06-07,96.9856131788656,98.55452569343619,95.22537271810575,95.94286346435547,14367500
2023-06-08,94.69920627043622,96.33508423303189,94.3548101416063,95.6080322265625,9074200
2023-06-09,98.24840678226204,100.14258576008903,97.81791520937567,98.34407806396484,14902400
2023-06-12,99.81730974820026,102.73510838760569,99.7886112859591,102.4194107055664,20568100
2023-06-13,105.23198359251604,105.89207746154203,102.11328821695813,102.17069244384766,17858600
2023-06-14,101.43405433720667,103.03166526771732,100.6591666892079,102.75424194335938,12862600
2023-06-15,102.08946030711897,102.46412490999663,100.93666982357632,101.04234313964844,11987900
2023-06-16,101.28251384926294,101.58992514992669,100.24499796104894,100.45634460449219,11430800
2023-06-20,100.0816709089304,100.75413072853121,99.01533653123317,99.88954162597656,9295500
2023-06-21,99.09219425098537,99.64937944980845,97.62238393591892,97.64159393310547,9340400
2023-06-22,97.4302530840668,99.36118406777898,97.34379709771669,99.07298278808594,8575900
2023-06-23,97.52632870969754,98.16997732954565,97.03639674005125,97.90099334716797,8919000
2023-06-26,98.00665011467427,98.9865286202216,96.15257374872064,96.17179107666016,8560000
2023-06-27,97.17090041598908,98.74638449873562,96.08534836180287,98.06431579589844,9732000
2023-06-28,96.5464523314786,97.8721621727193,96.27746836333674,96.9499282836914,8160900
2023-06-29,97.35341396706399,97.52633329662018,96.08534132673991,96.68095397949219,7383900
2023-06-30,97.41104889283707,97.88177083708534,96.45999633997448,96.9499282836914,11704600
2023-07-03,98.22760471334593,99.60135048074712,98.05468540943309,99.09220123291016,5638400
2023-07-05,97.41105604250373,99.03456863488175,96.98836273053446,97.01718139648438,9010800
2023-07-06,95.20151867234068,95.64342192263305,94.72118809646685,95.49932861328125,9140800
2023-07-07,95.18230942890501,97.92980093102989,95.10545477713269,96.28707122802734,8036600
2023-07-10,96.30628202317449,96.78661260683121,95.48972149681066,95.84516143798828,8041600
2023-07-11,98.30447285235115,98.30447285235115,96.20062225432967,97.27656555175781,7677800
2023-07-12,98.78479874260013,100.32185528680012,98.71755274783087,99.81270599365234,10202000
2023-07-13,100.86942324104226,101.49385446981562,98.48698030533045,101.41699981689453,9265900
2023-07-14,101.83009075598056,103.07895329129707,100.73493753607808,101.00392150878906,9518300
2023-07-17,100.56201314570421,100.89824309462409,98.55422745770291,100.66768646240234,10722600
2023-07-18,99.61095914464869,99.64938647099189,97.99704808454983,99.09220123291016,10343600
2023-07-19,99.81270418596216,100.66769210222836,98.53502297922239,99.00574493408203,11204800
2023-07-20,94.67315821412917,96.4984085154739,93.23216650511206,94.01029968261719,22810200
2023-07-21,94.02951506134673,94.13518837906281,92.54049460771122,93.42430114746094,15381200
2023-07-24,93.44351277751706,94.40417398860366,92.97279083627838,94.38496398925781,9054900
2023-07-25,95.60498809661216,96.92109642355538,95.21112086239243,96.37351989746094,9202200
2023-07-26,95.57617593518124,96.1909984859587,94.69236943459649,95.49932861328125,8993500
2023-07-27,97.50711157876404,97.75688554239105,95.01900259445574,95.44168853759766,8049800
2023-07-28,96.17178474285873,97.01716388494285,95.85476481610368,96.89228057861328,6758700
2023-07-31,95.27837615784485,95.85477140018746,94.54827160860386,95.24955749511719,8647900
2023-08-01,95.23995526241546,95.28799125638075,94.23125802325394,94.52906799316406,6428500
2023-08-02,93.66446527668714,93.66446527668714,91.46455028965131,91.93527221679688,9820900
2023-08-03,91.10908439823251,92.04092672737568,90.85931781892985,91.24358367919922,8571700
2023-08-04,91.53178792344107,93.74131137278968,91.38768729339442,92.3771743774414,7562600
2023-08-07,92.92477125762551,93.12650925216404,91.48377930012397,92.5597152709961,6601400
2023-08-08,91.14753019898887,91.16674752699292,89.98513104969139,90.77287292480469,7659000
2023-08-09,92.06015771835688,92.07936771605443,90.0235534870665,90.2829360961914,6426900
2023-08-10,91.69510258651987,92.19465048210115,90.57113081535621,91.0706787109375,7459600
2023-08-11,89.821839451294,89.821839451294,88.35202870568246,88.3712387084961,10658400
2023-08-14,88.08303488747428,89.62009146576347,87.7083775755558,89.40874481201172,7489700
2023-08-15,88.8803695402829,89.06289751065123,87.89088969320589,88.07341766357422,6069500
2023-08-16,87.84285809643806,89.07250319848669,87.7275761196474,88.16947937011719,7439500
2023-08-17,89.2646335194506,89.2646335194506,87.7563957864997,88.03498840332031,7712500
2023-08-18,86.52675547131449,87.73719065621893,86.03681619873784,87.5162353515625,9066200
2023-08-21,86.93982566305506,89.25502232859223,86.93982566305506,88.91878509521484,8618300
2023-08-22,89.67772370406139,89.8122156889446,88.19830454108252,88.61138916015625,7059000
2023-08-23,90.10041180361893,91.35887558801892,89.5720452296463,90.51349639892578,10362600
2023-08-24,92.7326211647804,92.97278645623761,88.83233917687929,88.88997650146484,12254400
2023-08-25,88.62099287762,89.73536335217618,87.814041013366,89.43755340576172,10356000
2023-08-28,90.12923522851122,90.44625518964654,89.58165862712454,90.30215454101562,5174800
2023-08-29,90.08118959900015,91.85841852654775,89.83142298597429,91.33966064453125,8910300
2023-08-30,91.69510146092007,92.14661336240813,90.90735963149287,91.05146026611328,6073400
2023-08-31,89.66811330162535,90.6864191621995,89.60086731048716,89.88906860351562,8661200
2023-09-01,90.59035954592127,90.85934352543399,89.42795297418401,89.5240249633789,7094600
2023-09-05,89.72575716505483,91.31084960418032,89.2166079038978,90.87854766845703,6396500
2023-09-06,90.15804768990688,90.26372100301545,87.98695143321655,88.63059997558594,7933700
2023-09-07,86.52675547064409,86.73810211094074,84.95127166204061,86.5075454711914,14684400
2023-09-08,87.18000487944211,87.48741617372526,85.80625905483795,86.1136703491211,5820800
2023-09-11,86.55556401151131,86.83415661120523,85.65254755757721,86.07523345947266,7268600
2023-09-12,86.90140645197542,87.96774091116579,86.86297912659543,86.92062377929688,8242600
2023-09-13,87.03591050020252,88.2751644308865,86.920635837334,87.63152313232422,5757800
2023-09-14,89.59274664267942,89.73759519711896,88.13461729798072,88.32775115966797,6506300
2023-09-15,87.40072317526439,88.00907821059279,85.80740394867718,86.18400573730469,19940500
2023-09-18,85.4984038112628,86.58958249298117,85.39218203007832,85.7784423828125,6647400
2023-09-19,85.41148566938509,85.7880874605589,84.77416239482284,85.14110565185547,7172100
2023-09-20,85.47909333809434,86.2516141031787,84.29135131835938,84.29135131835938,6935300
2023-09-21,83.0842831909779,83.18084643428492,82.41798428774396,82.42764282226562,10652500
2023-09-22,83.28706628308261,83.78919955703104,82.51454561991251,82.6980209350586,7967200
2023-09-25,82.45659866011482,83.27739715576172,82.09930660956876,83.27739715576172,8758000
2023-09-26,82.03171716789731,82.30210454103597,81.13366508148324,81.39439392089844,8877600
2023-09-27,82.24416920493071,82.62077101873422,81.21092700882562,82.50489807128906,7860700
2023-09-28,82.32141233498488,84.13682616592048,82.06069086890945,83.44156646728516,6647700
2023-09-29,84.73554014663713,85.00592017859292,83.72160765949964,83.91474151611328,7338300
2023-10-02,84.18512169607044,85.38252213996682,84.03061461050788,84.63897705078125,6305000
2023-10-03,84.01130474164036,84.32031154484852,82.13794685308281,82.4759292602539,8201700
2023-10-04,82.53385345530685,83.77953901747759,82.44694139095427,83.692626953125,7658500
2023-10-05,83.84714907849975,84.91901807182836,83.55745196835015,84.04027557373047,6651700
2023-10-06,85.06385238220865,86.92755164298923,84.3782438020763,86.2226333618164,9777100
2023-10-09,85.74946967374972,86.27091265034832,85.01557577855813,85.93293762207031,4781300
2023-10-10,86.20331299624071,87.54556923725559,86.07778152602181,87.49728393554688,7182900
2023-10-11,88.12496930786406,88.84920473887178,87.51660683074316,88.83954620361328,8051700
2023-10-12,89.33202163428128,90.23007379581414,88.68503243213804,89.24510955810547,8897800
2023-10-13,89.56376490466673,89.74724020378717,87.10136195228053,87.35243225097656,7985100
2023-10-16,87.37175740014351,88.74297458540714,87.32347209570761,88.08633422851562,8791800
2023-10-17,86.72476370175174,88.54983613154195,85.47907805855637,87.87388610839844,7997100
2023-10-18,85.82671318202613,86.91789914026724,85.53702346705369,86.52198028564453,9982700
2023-10-19,89.89207874142757,91.50471488525243,89.18716053321685,89.71826934814453,22751600
2023-10-20,88.8395395659024,91.07984070374172,87.96079710562977,88.1732406616211,12197300
2023-10-23,86.88893910395453,89.0906135616178,86.09710868729837,87.98011779785156,8227900
2023-10-24,88.06700291865504,88.83952346088786,87.73868647695232,88.49188995361328,7374800
2023-10-25,87.68076686138227,87.72904479998401,83.70229782889339,84.62931823730469,13027100
2023-10-26,84.12718857373194,85.11214549786597,83.56711141721279,84.44584655761719,9377300
2023-10-27,84.53275926383398,84.76451253582036,82.93943986340729,83.03600311279297,12480700
2023-10-30,84.31064312418778,85.26663902567805,83.04564782302499,83.10358428955078,9785500
2023-10-31,83.1905091265454,83.46088916823955,82.03172804703728,83.34500885009766,9004900
2023-11-01,83.49950113888349,84.85140847500338,83.37396230799166,84.7838134765625,9508800
2023-11-02,87.29449634440458,87.92216841151678,86.39644427725698,87.37174987792969,11032600
2023-11-03,88.50155926132351,89.2740725303067,87.71938009107566,88.63674926757812,9226700
2023-11-06,88.8395432019416,89.4285885886431,88.15393456782913,89.41893005371094,8402700
2023-11-07,89.08095129076372,89.85347197245586,88.59812770653194,89.23545837402344,6241300
2023-11-08,90.12385880275322,90.23008058868531,88.77195119141139,88.83954620361328,6537700
2023-11-09,89.44789353937742,90.16247774032482,88.45327814600563,88.47259521484375,8166000
2023-11-10,90.80945727093801,94.39200725027356,90.39422870905798,94.09265899658203,19281700
2023-11-13,93.67743218330259,93.84159043082326,92.43174647441032,93.10769653320312,9526300
2023-11-14,94.63342638864849,96.26537252778577,94.5851410813247,95.51216888427734,13873200
2023-11-15,96.51642547492014,97.24066080574937,95.03898657879697,95.40593719482422,10422900
2023-11-16,94.8651719936525,95.6956291148831,94.54651403988493,95.15486907958984,8459000
2023-11-17,95.54112797592161,96.29433154732841,94.94242411201482,96.15914154052734,7243000
2023-11-20,96.46814843043806,97.1344399311858,96.12051487904671,96.52608489990234,6448900
2023-11-21,96.56471813338237,96.70956668404311,94.86517703138992,95.02934265136719,10112600
2023-11-22,95.32869578049062,96.22674799961146,94.5851432872628,95.26110076904297,7413500
2023-11-24,95.09694864203966,95.33836046525359,94.12164281341028,94.46927642822266,4297600
2023-11-27,94.07333706636062,94.19887590223581,93.1076899832718,93.87055206298828,6856100
2023-11-28,94.5079063176949,94.87484964883996,93.89954378807789,94.61412811279297,6358100
2023-11-29,95.59905748272102,96.30398306738843,95.21279719114857,95.4831771850586,7091100
2023-11-30,95.53147602630177,95.57976133233136,93.57121342527482,93.96712493896484,9681400
2023-12-01,94.34372193626895,95.38662260794106,93.68708159121277,95.1645278930664,7500400
2023-12-04,93.71605596810548,93.86089714230211,91.97788820471723,93.67742919921875,10619400
2023-12-05,93.14632138015178,93.68708141602109,92.58624427597115,93.36842346191406,8009600
2023-12-06,94.44029323037836,95.18383828649777,94.10231083756652,94.48857116699219,11262300
2023-12-07,94.5948072150225,96.2170949495522,94.52721219972143,95.87911987304688,11373700
2023-12-08,95.7149527760596,96.92201177176973,95.55078715349241,96.90269470214844,10572500
2023-12-11,96.14948811414487,97.73314887848656,95.95636162768494,97.4820785522461,9482800
2023-12-12,96.70957094206513,98.15804177784054,96.51643707691288,98.10975646972656,7378600
2023-12-13,97.91661797603771,99.15264509237085,97.44345295716391,98.61188507080078,8988800
2023-12-14,100.26995556341109,100.71624572732273,99.73635113791848,100.36697387695312,10074500
2023-12-15,100.41548950110055,101.6379410110717,99.33856916646313,99.48410034179688,16379200
2023-12-18,99.77515849476038,100.23115273783978,99.03781334622924,99.86248016357422,5660600
2023-12-19,100.16323041668092,100.88118220140692,100.0176992493974,100.77445983886719,8498500
2023-12-20,99.63933184506934,100.01770847368928,96.96159068899327,97.05860900878906,10814100
2023-12-21,98.28104993094627,99.65872916825745,98.1452228175225,99.4937973022461,9068200
2023-12-22,99.8624677583594,100.50279450801663,99.64902304113286,100.07591247558594,5566400
2023-12-26,100.52221830053858,101.83198415828954,100.48340949116522,101.3371810913086,6407500
2023-12-27,101.91929249395788,102.22975552629781,100.97819934535865,101.53121185302734,5889700
2023-12-28,101.87078953232465,102.37528923311831,101.57972717285156,101.57972717285156,5335100
2023-12-29,101.5991250305244,101.84167450494715,100.58041427713984,100.90058135986328,4409600
2024-01-02,99.20273218818522,99.56170806474337,97.59220017132809,98.50418853759766,9020900
2024-01-03,97.34966241100214,98.23254613167526,96.68993488613417,97.18473052978516,6650600
2024-01-04,96.56380853581607,97.44669229420609,96.16603119341589,96.17572784423828,7996700
2024-01-05,96.0495971149691,97.64072116188352,95.85556048564703,96.64141845703125,7347300
2024-01-08,97.63101209849387,99.72664311731543,97.5048890361106,99.19303131103516,12455600
2024-01-09,98.03849954626367,98.9310798267661,97.2235294712666,98.85346221923828,7764000
2024-01-10,99.46469378273831,99.71694733043455,97.00039742409716,97.79595947265625,6975700
2024-01-11,98.66912867662077,99.11542624795473,97.01009106830497,98.20343780517578,7862700
2024-01-12,97.88326394700098,99.32885672192556,97.86386324620642,98.22283172607422,6519700
2024-01-16,97.5340123117579,99.29977253057667,97.21384516718594,98.6400375366211,11185500
2024-01-17,97.86386801254338,100.25055403572748,97.01979314743251,99.88187408447266,17649500
2024-01-18,107.8860045553225,110.01074034537557,106.217270368995,109.66146850585938,58783700
2024-01-19,109.84580295420953,111.71828512112491,107.71136321981697,110.79659271240234,37812600
2024-01-22,111.35931484716541,111.66977788206617,109.166665499541,109.66146850585938,17755500
2024-01-23,110.1368697501536,111.20409343346819,109.7876052925506,110.72869110107422,11667900
2024-01-24,111.89293193026705,115.30802547508779,111.19438821832071,113.0474624633789,21859200
2024-01-25,114.50276134355629,115.29832338413327,113.00866298117421,113.08627319335938,15485300
2024-01-26,113.41613952989127,114.52216457824625,112.83402225212907,113.76541137695312,10196400
2024-01-29,113.67808409013665,114.35722704894535,112.31010892517502,113.4937515258789,10042200
2024-01-30,112.89225104929453,114.49307938819254,112.11608961163972,112.60118865966797,11030800
2024-01-31,110.11746704504753,111.3205104274226,109.51594165284854,109.59355926513672,12853900
2024-02-01,110.40853454693345,110.6316759401555,109.25399656679666,110.01074981689453,8807600
2024-02-02,111.43694700856771,112.50416336777684,110.52495848606833,112.30042266845703,10044000
2024-02-05,113.63928472323846,115.97746536666456,113.10568028488785,115.24981689453125,13267600
2024-02-06,116.54017928349016,117.38424675447328,114.75501122382788,115.82222747802734,11503800
2024-02-07,116.43345567863948,121.27474127788632,116.42375162677087,121.25534057617188,18172500
2024-02-08,123.21512531365067,130.7341585512947,122.35164983077978,129.7445526123047,33367000
2024-02-09,130.49161030261143,131.1416410830239,126.69813317132697,129.14303588867188,16984200
2024-02-12,129.29827514874464,129.53111316452043,126.37797006583551,126.572021484375,14203800
2024-02-13,124.11741367538878,126.04810536210356,122.7106297261688,123.74874114990234,14494000
2024-02-14,125.76677523954375,126.89219370213463,124.14653890553748,125.4175033569336,13069700
2024-02-15,126.90189347547842,127.22206057206972,124.5249114839868,125.18463897705078,12554000
2024-02-16,123.34127266300608,124.80627375818636,122.06061156183532,122.91439056396484,13104400
2024-02-20,123.1084160866087,123.2733479600199,120.45007580201668,121.59490966796875,12038800
2024-02-21,120.72173792330143,121.64342306621192,119.24704021423996,121.6046142578125,11469700
2024-02-22,125.82496000000364,127.56160761653594,125.15552112302412,125.22344207763672,17014100
2024-02-23,126.61083196153838,127.10562758457526,123.92338690782722,125.66973876953125,10123300
2024-02-26,126.14514033952024,127.31907155698582,124.72864483294052,126.74665832519531,9526700
2024-02-27,126.87279846331953,128.03703311956164,124.75775909423828,124.75775909423828,8851800
2024-02-28,124.67044863152749,124.74806625151918,122.87558373085575,123.58382415771484,6519100
2024-02-29,124.21444680670909,125.33988002202184,123.36067524483346,124.83537292480469,9369900
2024-03-01,126.25186449431642,132.57754449563373,126.2227597400194,129.9095001220703,24393000
2024-03-04,135.76951250587618,137.7584213962362,133.57685551870838,134.1395721435547,26544600
2024-03-05,133.03352071561397,133.33427967201365,129.74455068871683,130.94760131835938,13694700
2024-03-06,134.66348430557449,139.7085109052319,134.47914431837154,137.35093688964844,22292700
2024-03-07,140.58168563790832,147.0820241440086,139.85403713087143,144.7535400390625,34675700
2024-03-08,149.3134631371382,153.67935404528896,140.6107860759006,142.00787353515625,43856900
2024-03-11,139.3398085132219,140.0965616412184,134.7895782922916,134.8769073486328,29227100
2024-03-12,140.21300669242066,142.3280310392404,136.3807278924922,140.09657287597656,21218500
2024-03-13,138.78681431723854,138.96144283551322,137.1568741264485,137.9039306640625,12923100
2024-03-14,138.35992728942622,138.8353296042389,134.8769202762154,135.4590301513672,14961900
2024-03-15,131.40362190323995,133.5962640940738,130.61776387744695,132.89772033691406,22751200
2024-03-18,136.55462712049103,137.87945509833042,133.07696296876443,133.10618591308594,14732900
2024-03-19,131.8008449837752,132.74575982221063,129.5895480548854,131.3819580078125,17341100
2024-03-20,132.9990064082378,133.75883255321432,131.5183130823675,133.21331787109375,12750200
2024-03-21,138.86333882103023,138.91204868121739,135.44410581566763,135.843505859375,17809400
2024-03-22,135.79477245173754,137.6846017316599,135.51227909429753,136.90528869628906,9944100
2024-03-25,136.53516585756927,138.01584470075537,135.65843286614592,136.6033477783203,9922200
2024-03-26,136.9735262849213,137.3144804845634,135.05447349483515,135.24929809570312,10786400
2024-03-27,135.26876911017848,135.6779051831444,131.65471150273598,133.15489196777344,13842800
2024-03-28,132.17100727687819,133.2620517015865,131.9372237219973,132.5314483642578,10019400
2024-04-01,133.7393740569174,139.26274854743176,133.50559049442433,137.8307647705078,14222700
2024-04-02,136.74946302055585,137.39238264311314,135.74610232044577,136.59359741210938,9869200
2024-04-03,134.99599621402638,139.23348603829163,134.81090768377794,138.32754516601562,9707500
2024-04-04,140.2758504048725,142.95472949246556,135.82403329541916,136.048095703125,15759500
2024-04-05,136.3793039613159,138.32757973219185,135.32723326134317,137.70413208007812,8263600
2024-04-08,141.4837715610914,142.2241108968533,139.06789924913974,139.0971221923828,16307400
2024-04-09,142.47740764808808,144.33801465339587,139.25301349259743,141.6396484375,18443400
2024-04-10,142.8378155513057,144.59125151805858,141.50323679613544,142.43841552734375,18861300
2024-04-11,143.3931121826172,143.74380246098792,140.4025162195433,143.3931121826172,11818800
2024-04-12,141.24997925631286,142.72092196505577,138.4736806149201,138.83412170410156,12024000
2024-04-15,141.26946799964807,141.71756306397577,136.2624002993195,136.5156707763672,13458800
2024-04-16,134.32387183934011,136.90533127876282,133.51533561427303,136.18447875976562,14218200
2024-04-17,137.48006719541402,138.88282795185614,133.80756366836252,135.4343719482422,18823200
2024-04-18,129.45317333381993,131.63524738534457,126.93015996635182,128.84921264648438,39306100
2024-04-19,126.02419286235614,128.14782083450606,123.36480103220926,124.39738464355469,28284000
2024-04-22,123.4719578296463,127.28083993837791,122.52704303818781,126.39437103271484,18556800
2024-04-23,127.96274471118976,130.2519745353118,127.28085120958858,129.9792022705078,12573800
2024-04-24,132.57038680950052,132.76521136312428,128.13805760979727,129.5310821533203,15558000
2024-04-25,126.637901611535,134.27513764901644,125.52738522273879,133.0477294921875,18034300
2024-04-26,133.2717958650202,135.15188963056363,132.43403672583537,134.7232666015625,9453400
2024-04-29,134.43097628927404,135.0641597246832,132.3950324621462,134.9180450439453,9997100
2024-04-30,134.37255925542033,136.0870362887195,133.71013787753887,133.78807067871094,10980600
2024-05-01,133.86599143974303,135.82400272653723,129.7648803380385,131.45013427734375,12561800
2024-05-02,132.09307522043466,133.20359157994812,129.77462278784142,132.70677185058594,9261900
2024-05-03,135.30771601927438,138.43470447100603,135.17133734044202,137.89892578125,13264300
2024-05-06,136.8371575258573,139.13612365722656,136.19422291850435,139.13612365722656,8601600
2024-05-07,138.20092593011324,138.610062025376,136.8760979179543,137.46058654785156,8682900
2024-05-08,137.46057638112197,140.52910430072282,137.15859606153637,139.8861846923828,10202300
2024-05-09,139.24325177276057,139.64265181596576,137.48006483100392,139.0971221923828,8012700
2024-05-10,143.41256105810737,146.6077316959696,143.1300527860579,145.39979553222656,23671400
2024-05-13,144.19189778795922,144.60103392699227,142.51637939144385,142.62353515625,8278700
2024-05-14,142.70144918303808,148.0786790430109,142.46765076401897,148.02023315429688,12316500
2024-05-15,149.3937637455623,151.96548677331342,148.78005221552277,151.5563507080078,14027100
2024-05-16,150.11463169034909,151.04979559688476,148.27351195618454,148.29298400878906,13394100
2024-05-17,150.01722428449273,150.01722428449273,146.9389452058013,147.75721740722656,7711200
2024-05-20,147.7474585874226,150.25099953347987,146.91945048663106,149.57884216308594,9261200
2024-05-21,148.36119096594192,150.00748623789391,148.02023678785645,149.6957550048828,7919400
2024-05-22,151.84859629451438,153.16367333044522,150.54324042076294,152.11160278320312,13455200
2024-05-23,155.06325779737733,156.6218843228362,151.8388638511964,153.02731323242188,20873000
2024-05-24,153.1344715144718,156.50499511403032,152.6571534671122,155.862060546875,11908200
2024-05-28,155.55029895414933,156.23220722738148,153.52410564267126,155.28729248046875,13964400
2024-05-29,152.6960947721691,152.82273743824106,149.24765362185218,150.34841918945312,15780000
2024-05-30,149.61781656065466,150.06592647518735,147.9617853241136,149.00411987304688,9687800
2024-05-31,147.56239683446216,148.55602159991602,143.98731272129828,147.13377380371094,13782600
2024-06-03,151.1082591221464,153.08575777619095,148.51706372785068,150.94265747070312,12924400
2024-06-04,149.43272011849237,149.8126332342585,147.08505951294376,148.5267791748047,10066700
2024-06-05,154.48849442246268,159.4955616106561,153.8650468884365,158.70651245117188,23192600
2024-06-06,160.26514399449252,160.44048165163397,156.2127274578296,157.87850952148438,14819100
2024-06-07,159.33971880318165,161.82375817280652,157.77135643209076,160.1385040283203,14023300
2024-06-10,159.75858810471433,165.447548894215,158.21944870390848,163.81100463867188,12418900
2024-06-11,163.83046858746732,164.0545309570207,159.5540047485652,161.4243621826172,11508600
2024-06-12,168.87655535080043,171.5067248389839,167.10361714968613,168.50637817382812,20309500
2024-06-13,169.0086558575345,170.10314242319163,166.62425840053666,168.96957397460938,15591800
2024-06-14,168.08027161724507,169.68289686645568,166.47764636803444,168.57864379882812,9192500
2024-06-17,173.7871842973766,174.59827114033067,169.52654414212034,173.20086669921875,18593700
2024-06-18,175.9175131296243,180.6472103805451,174.91098707985142,175.59503173828125,27155100
2024-06-20,178.4191864942748,178.99573740667128,169.54610880878784,171.38327026367188,28403200
2024-06-21,168.77413735769875,173.43542361612566,168.28553180273136,169.9956512451172,20175600
2024-06-24,166.5460824053565,167.51352677273331,163.31151601536789,163.9857940673828,19741700
2024-06-25,166.07699283373364,168.70569259370015,165.15841218337528,168.66661071777344,13346800
2024-06-26,168.1975455185272,169.73177388171015,166.32130226627288,168.14869689941406,11901500
2024-06-27,169.82948379399502,171.48097267898547,167.249647492245,167.71871948242188,10864600
2024-06-28,168.87181860995997,172.79044398656868,168.87181860995997,169.84902954101562,11216100
2024-07-01,170.2692321299812,171.30507329545046,166.56559447866562,168.4027557373047,10717000
2024-07-02,167.2301221400265,172.68296127474082,167.13239507622424,171.6959686279297,10655500
2024-07-03,173.9337734835583,178.3312225341797,173.8262796881009,178.3312225341797,11808700
2024-07-05,179.94363379173703,180.86221452183588,178.14556912191526,179.79705810546875,11372900
2024-07-08,185.67005729056632,188.40625059074333,180.91104533049798,182.37686157226562,22582400
2024-07-09,183.80359177054214,184.1456215446946,178.340986502356,180.31495666503906,19935200
2024-07-10,183.9892732738706,187.05771500707365,182.44527821039122,186.69615173339844,19293500
2024-07-11,188.68966413619688,189.0610090793214,178.8393756900485,180.29542541503906,21584200
2024-07-12,178.89799832944328,186.04140729161978,178.58528369862935,183.08045959472656,19220300
2024-07-15,184.38014961888254,185.728705462877,179.8849883239932,180.99900817871094,15683100
2024-07-16,183.9794992579414,185.26940988475988,180.80356385124225,181.80030822753906,16663300
2024-07-17,171.22691540845221,172.55592298659275,166.624244962441,167.29852294921875,45052600
2024-07-18,171.5005121331658,174.6178172750873,160.7609590253371,167.95323181152344,52903600
2024-07-19,165.3147750684932,166.6340158189772,161.4547947877831,161.9922637939453,22585300
2024-07-22,162.81311356499785,166.98580840917526,162.39290511155224,165.4906768798828,21037200
2024-07-23,165.55907311405474,167.6307555033904,164.1421202551024,165.94996643066406,11690700
2024-07-24,161.32776497053823,161.6795615369224,155.953104318648,156.1583251953125,19536600
2024-07-25,154.5556977897767,159.67627396790854,148.643568163804,156.62738037109375,25731800
2024-07-26,160.5557761356379,160.83916077510446,155.56222714714443,158.2495574951172,13089200
2024-07-29,158.9726459219402,159.51011484460815,155.01495410741597,156.36349487304688,12663100
2024-07-30,156.78372675282387,157.47753817513708,149.07353297594236,151.01817321777344,22018000
2024-07-31,160.0378389235174,162.85219627545385,158.37658331702292,162.02157592773438,19860400
2024-08-01,159.75444701201843,163.84896340851662,153.26576669408314,154.57522583007812,21095600
2024-08-02,147.80314675613278,150.35366776932543,143.54250668956337,146.44482421875,31095300
2024-08-05,130.80946928426167,146.58165473758336,130.52608464596742,144.578369140625,31193100
2024-08-06,147.01162447488667,154.11595258369616,144.35360937557834,151.84881591796875,24528100
2024-08-07,157.86842755252368,158.94335062091582,150.99863595847341,151.50677490234375,22379000
2024-08-08,155.64039148683085,160.9955032938305,151.9953839236417,160.80006408691406,18889600
2024-08-09,162.52975125667015,163.9760194557146,159.51993939142912,163.31150817871094,20519400
2024-08-12,162.21701687633126,165.66657031943143,161.76749328074922,163.80987548828125,14727300
2024-08-13,164.17142967436996,168.52001515674795,162.54925601679147,168.4125213623047,15243500
2024-08-14,167.963034236792,168.57866703748232,163.37991218502313,166.0965576171875,11510300
2024-08-15,168.50050452874345,171.44191951272435,166.92720895636435,169.9956512451172,15393500
2024-08-16,169.43860655686507,171.01191678775464,168.3245866668042,170.56239318847656,10710000
2024-08-19,170.77736700848916,171.45164489746094,167.2007865412919,171.45164489746094,11511000
2024-08-20,171.40279897788568,171.40279897788568,165.97928999778068,168.11936950683594,13555500
2024-08-21,166.4776609036188,169.13567592624926,166.03791895076176,167.53305053710938,9434800
2024-08-22,168.08026247610428,169.33109114350725,162.27562776993997,162.64697265625,13546100
2024-08-23,165.14863885150706,169.34086696918126,164.0932493109401,167.37667846679688,12189100
2024-08-26,166.49720018511067,167.15192970771673,163.99554263274857,165.21705627441406,9611300
2024-08-27,162.62742920413203,166.6926299521925,161.27887344851234,166.66331481933594,9186000
2024-08-28,167.4157675459758,168.53955404272025,162.41243792718058,165.3440704345703,10581400
2024-08-29,164.8066215733494,171.4223439128726,163.69260168124694,165.29522705078125,13213200
2024-08-30,166.18449920058518,168.30504526755848,164.90435518462468,167.78712463378906,9481400
2024-09-03,164.17144492997778,164.8359412402445,156.15831786203535,156.8325958251953,18464400
2024-09-04,155.6697201515793,160.1453484609043,155.32769032645797,157.2039337158203,11317400
2024-09-05,157.85864226355187,160.8391384914882,157.37981846551054,159.96942138671875,10260600
2024-09-06,161.1322997889877,161.6404536165811,152.45466249017377,153.2462158203125,14964400
2024-09-09,157.09644874363389,159.3831340162044,156.59807645798864,159.07041931152344,10339000
2024-09-10,159.17788662247307,159.17788662247307,154.09639280599572,158.72836303710938,11910800
2024-09-11,160.06715718078053,166.4972070447506,157.7413903396908,166.35061645507812,15059500
2024-09-12,167.32752070939304,168.84777630873876,165.7582062613108,168.14158630371094,13399900
2024-09-13,168.93606331634834,171.41753115389173,168.16120887307747,169.19107055664062,8787800
2024-09-16,166.65076579850984,167.28829141959625,163.5709983238861,165.83668518066406,12194300
2024-09-17,166.10149762761122,166.9744248563112,163.16884706705702,164.13986206054688,8629100
2024-09-18,165.2285702758392,168.30833751519256,163.7965697278685,164.07119750976562,9116000
2024-09-19,171.03500533899208,174.36977972799693,169.31857426339724,172.83970642089844,15855000
2024-09-20,171.51559259971168,172.6435419750727,170.31899376524018,170.74075317382812,18429800
2024-09-23,171.48616679859506,172.0354223279433,170.36803519496738,171.40769958496094,5794200
2024-09-24,176.0567796836147,179.27386058862416,173.65377927725146,178.47940063476562,14576100
2024-09-25,178.03806171618066,180.2939457820582,177.7340105748754,178.85214233398438,8280900
2024-09-26,184.88414917857114,185.69822972154833,180.2743086644192,183.24618530273438,15103400
2024-09-27,182.27516802900269,182.37325579095622,173.99706378079003,174.55613708496094,17908400
2024-09-30,170.92713501623876,173.42822358704169,168.63200981787185,170.33863830566406,13540200
2024-10-01,171.9471731085387,172.61413702200096,167.50406949133117,168.7693328857422,11850200
2024-10-02,169.64224605102604,173.5753198737931,167.51385834547543,172.42776489257812,11164400
2024-10-03,172.42778312076226,177.32205467350062,171.7608191922806,176.0371856689453,12555000
2024-10-04,176.25295124507116,177.75360124413655,174.14419901441082,177.68495178222656,9993800
2024-10-07,178.11651942704782,181.45129397859603,177.45935832734276,180.97068786621094,12054200
2024-10-08,181.41205241180322,182.96173124210955,178.53824870452092,182.48114013671875,10394200
2024-10-09,184.19759054881735,184.39375112062083,178.763851416698,183.5502471923828,11925000
2024-10-10,182.29479106995774,183.4913899449326,180.86279054272688,182.21632385253906,6443800
2024-10-11,184.56046787745538,187.81678987924576,184.403533450988,187.1498260498047,12163900
2024-10-14,186.95366540463408,190.5238412914519,186.84577485725399,188.52297973632812,11714400
2024-10-15,189.25858950489092,189.90591781104717,180.71566077412524,183.54042053222656,21812700
2024-10-16,186.13961209641602,186.3651960134954,183.0794651652772,183.88372802734375,18689200
2024-10-17,199.44929861063846,208.5218629419582,198.09576530503287,201.8915252685547,62274700
2024-10-18,201.99941489590708,201.99941489590708,196.90896832146086,196.9285888671875,21030800
2024-10-21,196.95802489519752,199.53758056215247,195.83009038373476,198.07615661621094,14820000
2024-10-22,195.25139280987943,196.33028333386068,193.32898347286664,194.67269897460938,11165100
2024-10-23,192.9072386139745,199.2335254261564,192.46587359514814,197.00706481933594,16535700
2024-10-24,195.14352642004258,196.65397932704983,193.6232557562159,194.13327026367188,9935800
2024-10-25,196.40877111471664,201.26381639624395,196.16356665639614,199.53758239746094,13434900
2024-10-28,195.4377497439037,195.90855306422148,190.7886829429782,190.9456024169922,20135300
2024-10-29,190.66115849208936,194.97675053023877,189.88631906820964,193.16224670410156,13779100
2024-10-30,190.6513778785547,191.700845192419,188.91532609895398,190.74945068359375,10007800
2024-10-31,189.16052960151535,189.16052960151535,184.06027981647537,186.88502502441406,13062700
2024-11-01,190.47480146771002,194.3686490795693,188.85645818864418,189.248779296875,12691200
2024-11-04,189.9844017292001,190.63174505837134,186.94387557906936,187.8854522705078,10917300
2024-11-05,189.86670724041767,194.53539447539438,189.77843723226928,192.0048828125,10339200
2024-11-06,188.35623808812406,190.53365473622637,184.88414976514795,189.51361083984375,19834900
2024-11-07,192.54432374320982,198.13498174018764,192.48547707472963,197.33071899414062,14865200
2024-11-08,199.9789171027123,202.64674240195492,196.18315745268197,197.34051513671875,13112100
2024-11-11,194.1627145235278,194.39810123692968,187.816821629121,190.3277130126953,16610000
2024-11-12,190.11191290491323,190.27865013229405,186.08075121326067,188.0914306640625,11819000
2024-11-13,188.74859388231906,188.7878200121597,182.92253332188884,183.0794677734375,13882200
2024-11-14,184.78606750701482,188.96436091271335,183.94256360049235,184.8841552734375,11453900
2024-11-15,184.57026713897662,185.1783842883916,181.26491628742247,182.44189453125,9834800
2024-11-18,180.81377830540768,184.3937575045645,179.9702743479665,183.88372802734375,10681500
2024-11-19,185.5020727440589,186.37499997537276,184.41336440243447,186.03170776367188,9390100
2024-11-20,185.22744754051965,185.22744754051965,180.52932189689733,184.74684143066406,10624500
2024-11-21,185.7767110502295,188.6112740150443,183.15792920794803,187.5716094970703,18137300
2024-11-22,189.24879550559544,189.29783938984752,185.79631258632142,186.43385314941406,8838900
2024-11-25,184.4820107381096,184.63894517314662,180.18603908313477,181.52975463867188,14380000
2024-11-26,181.8436109442459,182.33401983564474,178.83250813342482,180.31353759765625,10186600
2024-11-27,178.50883071140532,178.9501957062098,174.63460358753537,177.71437072753906,9895200
2024-11-29,178.02824315181343,183.36389466795436,177.70457146431673,181.11782836914062,8045300
2024-12-02,185.70800932442128,191.54387131932992,185.3156882528318,190.6709442138672,16646900
2024-12-03,189.7882372143676,195.18273491296722,188.9055072137606,195.07484436035156,11217700
2024-12-04,196.01644864869985,198.7136976720735,194.46675468661226,196.84033203125,12761100
2024-12-05,197.38957581239234,201.68556242543366,196.8991669283864,200.38107299804688,12483700
2024-12-06,198.12520248785447,199.29237810500624,196.09490238754665,199.12564086914062,9672900
2024-12-09,197.0756905272285,199.23350140999014,195.1630990321354,195.34945678710938,9699700
2024-12-10,195.2808380411823,196.07529809745807,186.7182875175398,188.2581787109375,15307900
2024-12-11,190.93579118433627,192.240280598615,189.55283455347413,190.8671417236328,9027600
2024-12-12,191.5027613101632,192.28006127376347,188.21641579546602,188.38369750976562,7944900
2024-12-13,195.3204112301005,199.28565751799943,194.1003446883572,197.7605743408203,19477000
2024-12-16,199.9350594789313,202.19810698809073,197.64249519903814,198.97080993652344,15139300
2024-12-17,197.77040070251567,199.14789997559424,194.2971207370384,197.4358673095703,11169400
2024-12-18,199.73827556018858,201.94228952299616,190.8435333432041,192.41781616210938,14721100
2024-12-19,195.21219977152208,195.37948150660137,190.83370319910705,191.5126190185547,10553400
2024-12-20,189.5053768034476,194.89732188298422,188.8953285365834,194.0413055419922,16170100
2024-12-23,197.77043271132328,204.70715984645906,197.6818823894971,204.0282440185547,17847000
2024-12-24,202.61135462727248,203.8707868771787,201.26337206611117,203.0147705078125,7634500
2024-12-26,202.19809960218637,204.81536327816386,199.63003554684025,199.79730224609375,8044900
2024-12-27,201.21417041470488,201.21417041470488,195.85174198094828,198.39028930664062,10664400
2024-12-30,196.62906118959052,198.72484215492102,195.29091242992706,197.17022705078125,11235200
2024-12-31,197.5637831991535,198.53788169587847,194.18890221886946,194.3168182373047,6427900
2025-01-02,193.8346827775901,200.4959093286327,193.52966613580406,198.34109497070312,10951400
2025-01-03,200.8206182660936,205.44509776030804,200.4270362794602,205.25814819335938,10261900
2025-01-06,215.2548937688356,218.6297746694807,212.22438019748785,216.47496032714844,24339900
2025-01-07,217.68521877787205,217.92135295513364,207.92461075913073,208.0229949951172,17010000
2025-01-08,206.59629722130953,206.92099673064794,202.61136780585136,203.79208374023438,13262700
2025-01-10,204.2643555798669,206.6061042915481,199.96456113342026,205.02197265625,17265200
2025-01-13,197.29813415495306,200.3187988940021,196.83568471390237,198.1246337890625,16612400
2025-01-14,201.8930931519439,202.94589302117402,195.31058294180215,198.2131805419922,14182900
2025-01-15,199.2364874247292,205.68123296842967,196.14694012887284,203.47723388671875,18286500
2025-01-16,215.3729655741594,218.38379635985856,209.7448709630499,211.33883666992188,38539600
2025-01-17,211.71271436382307,212.2145144394456,207.66875194964257,208.1016845703125,21606100
2025-01-21,211.01414103111054,216.61270356132593,208.64286043462926,215.18600463867188,19061300
2025-01-22,218.38379299710843,221.80787354247082,215.78621206379614,219.61370849609375,17294500
2025-01-23,216.56353105888186,221.08961117041076,215.88461528874822,221.01089477539062,8986800
2025-01-24,222.5851736113727,222.76227422480812,217.4096949437871,218.31491088867188,13183800
2025-01-27,193.87402764618605,203.6740006607831,184.65458614043928,189.22003173828125,68667500
2025-01-28,192.50636001959208,199.5808360824915,189.3676284060368,199.1479034423828,31738800
2025-01-29,201.20436891777726,203.13286827329424,196.54052331017002,199.07907104492188,15199500
2025-01-30,203.2509115824912,206.2518932219186,202.11938037829913,204.80551147460938,13539000
2025-01-31,206.55689508954362,211.54543892562734,204.85469645921006,205.9567108154297,15746900
2025-02-03,196.42242446030443,201.69630258104084,194.79892703640385,196.58969116210938,17719800
2025-02-04,200.79107567247053,202.44407476290547,198.83304495151452,200.77139282226562,12692900
2025-02-05,202.6900822044644,207.09809532237963,200.5549506158864,205.2187957763672,10997800
2025-02-06,206.6848194549024,207.78681884210937,203.67398897655787,207.1177520751953,8491400
2025-02-07,209.58742943802403,209.75469613985607,202.41456904244293,202.80813598632812,11616200
2025-02-10,204.65793375227312,206.60611564860233,203.21155196168456,204.60873413085938,9296500
2025-02-11,201.83406591845971,206.46837929627443,197.77042014300454,205.3860626220703,9224500
2025-02-12,201.60774929350345,203.74289588273774,199.7481175977328,203.06398010253906,7373700
2025-02-13,198.63626627027895,199.0495160528321,196.02883655235752,198.58706665039062,15580900
2025-02-14,196.76679661847064,202.9360569536751,194.28729778694992,200.62380981445312,23220300
2025-02-18,201.47000036399456,202.54249813050765,197.29813644047633,199.4824676513672,14988100
2025-02-19,198.7641725746187,199.34470408302138,196.8061567678625,197.72120666503906,13163100
2025-02-20,197.0619730558626,197.1210065956423,194.43487544035025,196.88487243652344,10639300
2025-02-21,198.09511129752826,199.4332599580462,192.86058373874383,195.0547637939453,13757300
2025-02-24,193.71662572092964,195.59592529163794,188.3837136391433,188.57064819335938,15114300
2025-02-25,187.586718118508,190.42044841710643,184.45782009182048,186.32728576660156,20581000
2025-02-26,188.01962475010637,192.92945246639715,188.01962475010637,191.49290466308594,14112300
2025-02-27,191.56179963545827,191.6405160283844,178.1704791913421,178.18031311035156,24219200
2025-02-28,176.42893464181333,179.233148279715,172.69983706289256,177.62933349609375,27929400
2025-03-03,178.23934009673877,178.652604897807,168.32131517065855,170.19078063964844,37403000
2025-03-04,172.2472201930359,180.65001210896298,171.3813547929749,177.10784912109375,29395200
2025-03-05,180.05962900971718,181.77167678881003,177.81626434117726,181.31906127929688,17334000
2025-03-06,175.71065215836086,178.63293262677848,172.96547231779053,173.02452087402344,17864300
2025-03-07,172.96547620585753,175.60242293970214,168.27212929899724,174.2544403076172,21012700
2025-03-10,169.69883005299715,172.07994476914362,165.21210050431668,167.90806579589844,18265100
2025-03-11,167.90806532004254,170.54501207322573,165.3990496023694,168.22293090820312,16561100
2025-03-12,172.77855227010144,175.26790028341728,171.95203756326904,174.3233184814453,14737600
2025-03-13,171.09599416421176,171.09599416421176,167.76046412899515,168.83294677734375,14381600
2025-03-14,169.8759206051142,171.56828551179382,169.16748808540567,171.29278564453125,11449400
2025-03-17,171.15503533255875,174.3134648937456,171.02713433179463,173.4082489013672,9678100
2025-03-18,172.24663987283006,172.44419005837275,168.34495211582475,171.01193237304688,9986000
2025-03-19,170.88353475971752,173.58013198399962,169.63895490361375,171.6342315673828,10678500
2025-03-20,172.71088610337898,176.4841442760876,172.41455329757895,175.298828125,12209700
2025-03-21,172.7701600145027,175.0321375926497,171.66385181128987,174.56788635253906,9993200
2025-03-24,177.78801063834143,180.69203006468445,177.48179051281915,178.94369506835938,11440000
2025-03-25,180.23765894867265,180.27716295600547,177.60032559991097,178.68685913085938,8718800
2025-03-26,177.0373061750626,177.35339854791576,169.37224699874068,171.37741088867188,14612400
2025-03-27,169.2932196681222,169.510529400991,165.500201721507,166.1817626953125,17559100
2025-03-28,165.9841775286044,166.56697087257018,162.0528734117442,163.2283172607422,16332000
2025-03-31,158.39816214676515,164.0975763950699,157.7758647209659,163.9691619873047,19408300
2025-04-01,164.35438500872155,166.80404048152096,163.040654413101,166.5768585205078,9180000
2025-04-02,164.8087504415748,169.64879744013416,164.3148674795948,168.30543518066406,10072700
2025-04-03,158.10182604857494,159.82054434171425,155.28670194732635,155.45462036132812,28370500
2025-04-04,149.04403404017873,149.45889401527523,143.06804580744742,145.0040740966797,36085100
2025-04-07,132.8644040488735,151.86902800353718,132.60759030552757,144.3817596435547,46388300
2025-04-08,150.12068651500164,150.742983976341,137.27972731275452,139.64048767089844,30479700
2025-04-09,138.48478450633908,158.6549635905098,136.2129197850853,156.80784606933594,45612500
2025-04-10,153.59763050085738,154.09151355713024,145.1127232113973,149.28109741210938,24503500
2025-04-11,154.09149036927377,156.07689453076352,151.37513396853336,155.1582794189453,19632200
2025-04-14,156.36338301644003,156.64982856538268,152.14561737736835,153.9334716796875,17509400
2025-04-15,154.5755078327139,156.31397057875066,154.1408883781764,155.4052276611328,14306600
2025-04-16,148.75756659442752,151.6615859927025,146.67337971801456,149.81446838378906,23806100
2025-04-17,154.14089034806955,155.57314806183518,149.59716062979916,149.8836212158203,27239900
2025-04-21,148.15503290179126,148.4414784199912,144.05579481642232,146.05108642578125,15170500
2025-04-22,146.18937669759075,150.73310659676685,145.63623011621917,149.5477752685547,12668600
2025-04-23,157.42027670018393,158.41793009571592,154.09150980503637,155.87936401367188,17667900
2025-04-24,155.84972076417432,162.53690091120416,155.46449262090422,162.17141723632812,18761100
2025-04-25,161.9244853658432,163.88027304536809,159.18838419127076,163.08018493652344,14654800
2025-04-28,162.9813867979906,163.29747914639478,158.53643988531815,161.4009552001953,11415600
2025-04-29,162.3689906154625,163.96916681795886,161.4997516550378,162.46775817871094,9830100
2025-04-30,161.53925419808292,164.8779082910919,159.77115958922744,164.65072631835938,10073000
2025-05-01,170.6859719431041,172.64174445022016,168.858598770057,170.60694885253906,22670600
2025-05-02,177.6003430178307,178.43993513698098,174.97288164518923,177.08670043945312,21691200
2025-05-05,176.81011041862195,177.87689948566717,174.09375397364312,174.24191284179688,14618900
2025-05-06,170.48840984506563,172.6022283856731,168.50299062955912,170.1723175048828,14565600
2025-05-07,171.9700739468075,173.82706385679242,169.2734618001353,172.40467834472656,9682500
2025-05-08,173.19488207414287,175.27906887988445,171.5354424742546,173.07635498046875,10343000
2025-05-09,177.60034518748634,178.25227442122437,174.3110823141146,174.3604736328125,11582800
2025-05-12,184.98882244994078,186.85569965947238,182.35148893629227,184.69248962402344,22064900
2025-05-13,185.4234327617368,191.90317524156433,185.4234327617368,191.61672973632812,19996000
2025-05-14,192.8909466262661,193.8194490939396,190.86602327665463,192.37730407714844,12359000
2025-05-15,190.73762472599208,192.11061889260023,189.28560746903293,191.8439178466797,10241800
2025-05-16,192.15012290171904,192.6933972278115,190.21410994051575,191.8439178466797,9146700
2025-05-19,186.687773948492,191.13272094726562,186.5000959970057,191.13272094726562,10144400
2025-05-20,189.4535355168272,191.35991680009377,188.47564168013943,191.08334350585938,7054100
2025-05-21,190.73763471619748,192.88108528585323,188.1990686740918,189.4140167236328,7375700
2025-05-22,188.9991391450385,194.42197980547843,188.9991391450385,193.78981018066406,11825000
2025-05-23,189.67082095806126,190.44127718930685,187.7051613017688,189.6313018798828,9403100
2025-05-27,191.72539229976334,195.88387884238114,191.33027684480865,195.26158142089844,12228200
2025-05-28,193.69102616736075,195.64681364722637,193.08848832051353,193.74041748046875,17787600
2025-05-29,197.019819826686,197.3556566610296,193.68116580778616,194.73806762695312,14609900
2025-05-30,193.37494916163323,193.51323579525993,188.22868179973605,190.95492553710938,11998300
2025-06-02,190.67834748025692,192.77242170938842,189.84862763375318,192.45632934570312,7447400
2025-06-03,191.97233204787972,195.74559040741042,191.27101154183282,195.19244384765625,9548300
2025-06-04,198.91631767831976,201.53389149388025,197.9285516992988,199.923828125,13531100
2025-06-05,202.37352419747683,203.24274811990253,199.80532629839746,200.85235595703125,12214300
2025-06-06,201.08939855027205,203.7662358961636,200.74367443094872,202.66981506347656,8532000
2025-06-09,203.87489419194287,206.7097928306776,203.35137942330775,204.46755981445312,11472300
2025-06-10,209.021156450733,210.62133249091258,207.39134863737323,209.8607635498047,14514000
2025-06-11,212.3696962881019,214.7699605045576,210.34477291372286,211.480712890625,13326400
2025-06-12,211.08415696170667,214.01864187233437,210.08287084088747,213.572509765625,9796100
2025-06-13,208.2983767866331,211.42121060520182,207.59449193785613,209.27984619140625,10152500
2025-06-16,211.16345794395167,215.72380158424107,210.89578171938598,213.82034301757812,10932900
2025-06-17,212.04578624838317,214.07811366042674,211.65914953114356,212.05569458007812,8389700
2025-06-18,212.84879944191928,213.31474819359536,211.05440813863314,211.65914916992188,6932000
2025-06-20,213.34449420760222,213.64191056562106,206.35527786666952,207.70355224609375,16992000
2025-06-23,204.84839020449218,208.7742376401362,204.42208990400172,208.50657653808594,7535500
2025-06-24,212.54147172075432,218.4699063325991,212.03587452237284,218.19232177734375,14814700
2025-06-25,218.89621324351728,221.57293017997821,218.89621324351728,220.81948852539062,9168400
2025-06-26,223.04015934492134,223.27809544793288,220.77981931159474,222.07852172851562,7982200
2025-06-27,222.36604052159632,226.90655259871068,222.0983642836375,226.59922790527344,13133000
2025-06-30,225.47897632424997,226.18284611308022,222.8617394552523,224.53717041015625,9279800
2025-07-01,225.46904096684,226.62896627996992,219.27292984946575,222.7427520751953,9990200
2025-07-02,222.54447067849767,231.80395026008568,222.06861359926478,231.58584594726562,12012500
2025-07-03,231.85350826797222,235.53152635608487,231.2586906976002,232.77549743652344,7779600
2025-07-07,229.63282661409883,230.54489230317736,225.4789515380832,227.19403076171875,13817500
2025-07-08,227.7987834747551,228.3440442753619,225.57809181738568,225.8953399658203,8854400
2025-07-09,228.46300418088433,231.25869675469593,228.25482332032985,229.8410186767578,9475300
2025-07-10,230.77291095727878,231.0405871848476,225.80611388585731,227.77894592285156,13124700
2025-07-11,229.0082543163367,230.267308261837,227.42204390654624,228.41342163085938,8817800
2025-07-14,227.35266194664047,227.86818261390454,224.35869689648518,226.69834899902344,10673500
2025-07-15,232.4384461174811,235.66042397404465,231.8337050531602,234.90696716308594,14270100
2025-07-16,234.36170163346114,236.25523682777296,232.13110162377504,235.51170349121094,15092800
2025-07-17,243.67074043071707,246.13927657445467,239.30868420412833,243.48239135742188,27395700
2025-07-18,243.19487794603788,243.8491909037162,236.63196195993652,238.32720947265625,16252000
2025-07-21,238.04962726564497,240.25048714347292,236.65179609504432,236.79058837890625,11971800
2025-07-22,235.77937060809114,235.94790300925948,229.76170044254383,232.5772247314453,11919500
2025-07-23,236.46343636664648,238.4263601690054,234.34188848623995,238.25782775878906,9885400
2025-07-24,238.13886172009657,239.8638493652271,235.97765030687785,239.51687622070312,9081900
2025-07-25,239.23929562496158,244.11687253814796,238.86256722392204,243.48239135742188,11593400
2025-07-28,240.904796344981,241.8466021941359,238.97161273308956,240.65695190429688,11892200
2025-07-29,239.4177236843428,241.86642790694444,237.75221634586697,239.2491912841797,9411500
2025-07-30,240.03238535109875,242.46127303511008,239.14015139218918,240.81558227539062,6823800
2025-07-31,243.85908963403463,245.27676765318554,237.73238252761487,239.53668212890625,13490700
2025-08-01,233.58841442961852,235.1448847169757,229.8410078440157,233.1819610595703,13549800
2025-08-04,235.85868714754292,236.9392852783203,234.35178871266055,236.9392852783203,6450700
2025-08-05,236.2750657686736,236.57248212515537,228.18541953393637,230.46559143066406,11868900
2025-08-06,229.0379962367761,230.1979063680657,226.84705992008142,229.37506103515625,9457200
2025-08-07,242.36211577134713,245.7030538932532,238.723761303882,240.52806091308594,17691000
2025-08-08,241.0634072143646,241.0634072143646,236.90953219565284,239.744873046875,10552500
2025-08-11,239.95306785675675,243.23454096949663,239.45737897369457,240.0026397705078,8272900
2025-08-12,241.61857735506024,242.6595269788642,239.61599013973694,242.18365478515625,7295800
2025-08-13,244.30521112971675,244.30521112971675,237.87117922790674,239.35824584960938,7971900
2025-08-14,235.91816941027903,239.29877124042773,234.7780910243485,238.9220428466797,11040500
2025-08-15,238.25782250725248,238.72377127173172,235.21428547659966,236.82032775878906,8155500
2025-08-18,237.92073670971294,240.76598583261435,237.92073670971294,239.3284912109375,6919800
2025-08-19,237.95049603617105,238.0991966504346,230.57464302421414,230.693603515625,14594700
2025-08-20,226.17292684891606,227.0552524708546,221.77120707125417,226.62896728515625,17165200
2025-08-21,226.1828254455115,228.34403678597056,224.30912212104445,225.36990356445312,7449100
2025-08-22,226.03412915370404,232.42851267668638,224.21990603865086,230.98110961914062,10299500
2025-08-25,232.2797994596329,235.2341007868524,230.2474721376023,233.5586700439453,7655000
2025-08-26,234.33195362728344,236.7707495451449,233.69747247318332,236.6616973876953,9793100
2025-08-27,234.82764377338734,237.33582828108703,233.40998084608927,237.22677612304688,9516400
2025-08-28,234.26256083186786,238.584968343584,233.9651444871598,236.215576171875,8466200
2025-08-29,233.80652796408933,233.9155801230937,228.59188637720806,228.87937927246094,15526000
2025-09-02,224.2000846373203,227.36258225685992,223.68457907012103,226.4207763671875,13974900
2025-09-03,229.52378140942648,230.44575545784252,226.62896018846536,229.3948974609375,7198500
2025-09-04,229.35524244080054,233.2810897556113,228.31429280541676,233.1819610595703,6241900
2025-09-05,238.16858329608957,242.44141874842262,235.84874798916988,241.31124877929688,14056600
2025-09-08,239.90350873570887,245.74272311627038,239.53668867929997,245.0586700439453,12986600
2025-09-09,244.80089762307688,252.53364700617897,244.80089762307688,248.75650024414062,13443400
2025-09-10,256.6379571383984,262.29871570427855,255.5276188825111,258.1944274902344,18822400
2025-09-11,258.10519865957957,259.38408440551353,256.0034827077794,256.6776123046875,10005000
2025-09-12,258.6009077745866,258.7000516064709,256.15220337384875,257.093994140625,8496600
2025-09-15,257.75820616703055,260.5340516701275,256.51898402199674,259.1263122558594,8147700
2025-09-16,264.4588623873146,264.97599421668303,259.17801132925484,260.62005615234375,10381900
2025-09-17,262.88754048795744,263.3549592162949,258.30288539395997,261.3460693359375,10422000
2025-09-18,256.5823885956235,269.0534945858002,256.56250941394285,267.1639404296875,16917300
2025-09-19,264.906369754295,265.1052829526373,261.3659333430305,263.41461181640625,17640200
2025-09-22,265.0754548070481,274.84147392149646,263.99144765712083,271.1319885253906,15630300
2025-09-23,280.8483219615575,284.4285475106924,278.4615150454331,281.1566162109375,17830300
2025-09-24,278.7697759746599,279.6648246674882,275.1995056183398,279.1675720214844,10231000
2025-09-25,271.61927439044285,275.6172049983613,268.7053812343466,275.13983154296875,11863400
2025-09-26,272.38505759242145,273.9861964775729,269.13300599977333,271.8579406738281,10451900
2025-09-29,274.9707654264454,278.3321982543906,271.72869873046875,271.72869873046875,8046200
2025-09-30,273.807214244373,277.954284467032,272.325380667425,277.7554016113281,8348800
2025-10-01,276.9100616594081,288.88391412069626,275.64705083840846,286.88494873046875,14620100
2025-10-02,294.8907099841994,295.08962319046634,285.45286409978945,286.52691650390625,10198000
2025-10-03,291.2508047223274,294.4332337909497,288.8938320405176,290.5845031738281,10572500
2025-10-06,298.36155138253906,305.61147332841716,298.2919287260205,300.7384033203125,15785000
2025-10-07,304.9352165373552,305.4125900171908,291.66851920293146,292.4143981933594,13081000
2025-10-08,293.37906126475184,304.7164155283942,292.36467679244197,302.84674072265625,12821200
2025-10-09,300.64891000422716,301.1660418603919,295.78579462348,298.2322692871094,10259900
2025-10-10,298.31179888181225,298.5505007898126,278.7896551444281,279.11785888671875,23398000
2025-10-13,296.60126439106546,302.9561681137841,290.7138097444033,301.2257385253906,20318300
2025-10-14,294.00560959054894,300.0919772305087,289.73917331356006,294.31390380859375,16567900
2025-10-15,304.6070716334347,304.92529029986935,298.4212467467673,303.0357360839844,20788000
2025-10-16,309.2215348277698,309.6591196007559,295.0597886471838,298.1924743652344,26341500
2025-10-17,296.7603831294787,301.6334531556036,293.2995240198515,293.4586181640625,17633300
2025-10-20,298.35158954853466,301.98152781806317,295.42774154296757,296.0642395019531,13391600
2025-10-21,297.35710404347793,297.72506617243147,292.0464490379999,292.89178466796875,11190500
2025-10-22,291.39005104574045,293.5779748317749,282.83729945018723,287.2926940917969,15409100
2025-10-23,288.2076248435293,292.4740610939465,288.03857593785744,289.1325378417969,10379900
2025-10-24,293.9459584891637,296.3128861176487,292.7724494405536,293.33929443359375,8747000
2025-10-27,297.00903266365736,298.82899454787173,292.07629436062774,296.6112365722656,13615000
2025-10-28,296.6808457608386,300.4699087478271,294.45313312040213,299.8731994628906,11804200
2025-10-29,304.119725558309,306.26786076808014,300.7185342385926,303.41363525390625,16177300
2025-10-30,301.4146487349765,305.6214170208302,299.1670874264836,301.55389404296875,14507100
2025-10-31,304.30868317308915,305.98939964721217,295.049840767067,298.77923583984375,12667900
2025-11-03,300.9273593512381,308.4159831524081,300.45994063961587,303.18487548828125,12466600
2025-11-04,295.24873207210084,300.3306394796117,291.89725413800574,292.43426513671875,16224300
2025-11-05,291.0121354650066,296.5813712041724,289.89829438715213,292.02655029296875,10502500
2025-11-06,292.4840072153901,293.02104856143376,285.8009305586974,287.65069580078125,11516900
2025-11-07,283.64286085739604,286.30815824705064,275.6072710263584,284.92578125,15715700
2025-11-10,292.74254907614477,295.4973480261459,290.1469049570731,293.6475524902344,10869200
2025-11-11,290.4552233535491,293.29952437049775,287.32253764371603,289.57012939453125,9666300
2025-11-12,292.0862257172243,293.24977995003894,287.9888382895772,289.02313232421875,9715900
2025-11-13,287.58114864349864,287.90932208155397,278.46152049338554,280.6494445800781,13827600
2025-11-14,274.39395907873825,285.2837738289432,271.7286921770343,283.2550048828125,11486800
2025-11-17,279.89357391407117,284.9556022464449,278.26257065497276,280.46044921875,10227100
2025-11-18,276.02495788438125,278.6504666727033,271.22151022151843,276.38299560546875,11850400
2025-11-19,275.3984452927396,282.98649590634164,274.8017359901905,280.8184814453125,11179200
2025-11-20,290.604384137341,291.24088209492936,274.89121259556964,275.9752197265625,15747300
2025-11-21,271.3109776660178,277.15867345324483,265.35390086809315,273.5486145019531,20872800
2025-11-24,271.68892081341625,283.4936945409646,271.68892081341625,283.0760192871094,13570300
2025-11-25,281.1765164144742,283.83182877747697,271.57951523799863,283.11578369140625,13726800
2025-11-26,287.51150022837163,291.2011065464774,286.14903276682793,288.36676025390625,12220300
2025-11-28,290.87293556321845,291.0618940076251,287.41204602081194,289.90826416015625,5515400
2025-12-01,285.34347030144386,289.56016300637964,281.63395465495364,286.0992736816406,7713000
2025-12-02,290.39554455264516,292.88180777655475,287.5910323521008,290.48504638671875,10746400
2025-12-03,290.57457758918156,294.99018394912207,284.49816422375153,293.8266296386719,9599200
2025-12-04,292.36468336075257,292.4143964865334,288.60545448493434,291.3204345703125,6753000
2025-12-05,294.4232952098061,299.14719559795464,291.6386923841185,293.1006164550781,10275300
2025-12-08,299.545002169958,300.95718267017554,295.08960759414805,300.2113037109375,16643100
2025-12-09,298.34163738228614,303.0058697008475,296.859834186587,301.74285888671875,11349100
2025-12-10,303.69210299994586,312.25481010271403,300.83787741565504,308.4359130859375,12429200
2025-12-11,304.4620887676012,304.9806166643683,298.79805630078465,303.993408203125,15028400
2025-12-12,303.42501914571716,303.42501914571716,290.16240225696646,291.21942138671875,19306100
2025-12-15,294.3206708038066,294.9688383240091,286.7420194714124,286.9314880371094,12082400
2025-12-16,286.45285309312516,287.6494630176455,282.52392145570184,286.0639343261719,11418400
2025-12-17,287.7192595027483,288.28766516569226,274.30704043061615,276.1817626953125,16823000
2025-12-18,284.199174048609,286.3531082826913,280.9583062743705,283.88006591796875,11260300
2025-12-19,285.57530617616766,291.3490453855629,285.57530617616766,288.1380920410156,12735800
2025-12-22,293.84201090222973,294.18105187373214,290.3917113539842,292.4559020996094,6091100
2025-12-23,292.5755877654344,297.0729251391739,291.3789778288188,296.1156311035156,6802300
2025-12-24,296.90336911754514,298.31939244230784,295.3976327678872,297.96038818359375,2753900
2025-12-26,299.057302880738,302.52753536072214,297.6811756829542,301.9890441894531,5125900
2025-12-29,300.9320317825189,303.6443901134491,297.8108218524903,300.074462890625,6205100
2025-12-30,301.5103768923786,303.694225594236,298.6085805500678,298.7381896972656,6190600
2025-12-31,303.145809122997,306.5262983780608,302.5774034272525,303.0361328125,8175100
2026-01-02,311.10337914292677,320.68636142096807,310.8241671314913,318.7119140625,18526900
2026-01-05,329.4716062493842,330.3192239292284,320.59662035697187,321.3445129394531,17446300
2026-01-06,329.29211764393796,332.1440667365589,323.67793248448737,326.50994873046875,15599600
2026-01-07,323.75773551915603,325.38312988148454,317.64495510365737,317.7845458984375,11744800
2026-01-08,323.4785020895135,323.58817839016587,315.25168399484824,317.1164245605469,10850800
2026-01-09,318.9313013901861,323.857422997462,317.3557543970093,322.72064208984375,12325100
2026-01-12,321.1949567456115,332.6127658228954,320.15787045790154,330.8377685546875,12714800
2026-01-13,331.9346666248943,335.47470976999307,329.8505429494614,330.2793273925781,11473600
2026-01-14,328.9331298593294,328.9331298593294,323.90731338998853,326.19085693359375,11210800
2026-01-15,341.8467491317976,350.34279816101105,336.97050517641344,340.6800537109375,42188500
2026-01-16,345.53636401500876,348.8669754198533,340.50053556544725,341.4378967285156,18246100
2026-01-20,339.8324288336637,341.18859278686466,325.9814434873856,326.24072265625,22809900
2026-01-21,332.49310129241417,332.7025331328663,324.76487770239703,325.2036437988281,16789800
2026-01-22,332.48315293915306,334.1085473196274,325.98145368994255,326.45013427734375,12801000
2026-01-23,331.13692650090593,336.20263886005773,330.4388812525041,333.9290466308594,12904400
2026-01-26,331.85490821813903,334.15841495844967,329.302103948082,331.7751159667969,8646400
2026-01-27,335.55448651427724,340.2911397414476,333.61993518273925,337.3893127441406,11298100
2026-01-28,342.0661250249386,344.52918583413737,337.70840907754706,341.3381652832031,12140100
2026-01-29,338.8451837554306,342.77411518337567,327.2778029426617,338.59588623046875,13844800
2026-01-30,334.47752437203013,338.9449166457037,328.17527549243783,329.63116455078125,12028100
2026-02-02,329.8306265373009,343.2328647010167,328.17528722250364,340.40081787109375,12459100
2026-02-03,344.1003987230499,346.0748156654085,329.09266930140075,334.80657958984375,12540000
2026-02-04,334.6570176533282,337.84800784779,318.17346582768744,324.82470703125,18176000
2026-02-05,321.9129124269428,333.62989599425225,318.7518064489927,329.8006896972656,14812000
2026-02-06,336.55166747921487,348.7373320345502,335.70404978586464,347.8697814941406,17025500
2026-02-09,347.78003818210266,358.5895754992364,346.8227137499511,354.4113464355469,14594900
2026-02-10,363.30624936405627,363.7350642277155,355.3885881063554,360.89306640625,14622100
2026-02-11,369.0401067518016,378.5134129054634,367.3548834438525,373.0388488769531,18651300
2026-02-12,377.935039592847,378.93222967092834,321.1949302363811,367.065673828125,16835400
2026-02-13,368.1127354278381,370.0672195884049,359.7562771552808,365.33056640625,10468200
2026-02-17,360.85319615912016,365.1710465677669,355.239010723004,363.1766662597656,10063800
2026-02-18,362.8375757643795,368.3520662408341,359.6964330306747,361.2420959472656,7310500
2026-02-19,358.70921910560816,361.7805511817895,356.43562692583515,359.3773498535156,6346500
2026-02-20,358.7690647648194,371.15417960431387,358.09098277814786,369.49884033203125,9009200
2026-02-23,365.9787592646981,372.38070285599144,365.43028643422855,369.000244140625,9550200
2026-02-24,378.33391351146565,388.08643136026217,374.9933206284406,384.66607666015625,13269500
2026-02-25,389.11354545099755,389.11354545099755,383.74865777426606,386.6405334472656,10948400
2026-02-26,385.0948876070745,385.3840812735769,368.6612132926515,375.751220703125,14535700
2026-02-27,369.0999696366612,375.6215711814436,367.5842211614136,373.5274658203125,9186600
2026-03-02,364.3333521503479,372.0516240447341,363.6253557161521,368.07281494140625,12571600
2026-03-03,348.56779863159585,354.9797543115567,343.17302679495026,352.13775634765625,18580200
2026-03-04,356.4256567883636,360.0753762742671,353.5537443776967,356.4356384277344,12131100
2026-03-05,353.9027784163684,358.45994470895477,342.83396165662896,352.8656921386719,16249800
2026-03-06,342.534806507991,347.7401401560406,335.7439442196277,337.9377746582031,13803000
2026-03-09,334.65701789133806,348.41822968436554,330.9873654707745,347.72021484375,19182800
2026-03-10,347.4908428127615,352.50670790600384,343.34252825602294,346.1147155761719,12985600
2026-03-11,352.9354860687554,356.34588961312187,349.375510095212,353.563720703125,10683300
2026-03-12,344.9579798603255,345.91530431128575,335.43482613991114,335.7638854980469,17549400
2026-03-13,342.95362719772163,343.5519169028672,335.27525137553937,337.359375,17299900
2026-03-16,340.2911403364549,343.6616479288799,338.8651657186838,339.2740173339844,11123500
2026-03-17,340.6000061035156,346.760009765625,338.3999938964844,345.9800109863281,11434600
2026-03-18,345.7799987792969,347.95001220703125,339.3399963378906,339.57000732421875,12632600
2026-03-19,329.2200012207031,339.8999938964844,325.19000244140625,338.7900085449219,15411600
2026-03-20,336.67999267578125,337.6000061035156,325.8999938964844,329.239990234375,17424200
2026-03-23,331.1000061035156,343.4100036621094,331.1000061035156,338.45001220703125,15857200
2026-03-24,335.57000732421875,344.8800048828125,334.0199890136719,343.25,9725000
2026-03-25,346.0,350.45001220703125,343.5,347.75,12166900
2026-03-26,339.82000732421875,340.9100036621094,325.3699951171875,326.1099853515625,14560200
2026-03-27,324.8299865722656,329.55999755859375,322.30999755859375,326.739990234375,14484500
2026-03-30,327.20001220703125,329.6000061035156,313.79998779296875,316.5,15740000
2026-03-31,322.30999755859375,338.4100036621094,321.1400146484375,337.95001220703125,18488000
2026-04-01,343.8999938964844,348.67999267578125,339.75,341.489990234375,15011600
2026-04-02,326.8399963378906,342.07000732421875,326.79998779296875,339.0400085449219,8994600
2026-04-06,339.75,344.20001220703125,338.6199951171875,341.760009765625,5884800
2026-04-07,339.44000244140625,345.5299987792969,335.6499938964844,345.32000732421875,6823500
2026-04-08,370.2900085449219,374.29998779296875,359.239990234375,365.8999938964844,16356900
2026-04-09,363.29998779296875,368.1700134277344,360.7200012207031,365.489990234375,9246000
2026-04-10,375.5899963378906,378.0,369.75,370.6000061035156,13168200
2026-04-13,370.260009765625,371.4599914550781,366.04998779296875,369.57000732421875,9596300
2026-04-14,379.0400085449219,382.1600036621094,373.2200012207031,379.8900146484375,12859500
2026-04-15,381.4100036621094,381.9800109863281,372.2099914550781,375.1000061035156,14955500
2026-04-16,368.8599853515625,370.20001220703125,360.54998779296875,363.3500061035156,26405800
2026-04-17,373.20001220703125,375.5799865722656,365.1400146484375,370.5,18419400
2026-04-20,369.2200012207031,370.07000732421875,364.25,366.239990234375,11638300
2026-04-21,368.0799865722656,370.75,365.1099853515625,368.0799865722656,9808200
2026-04-22,371.7799987792969,387.9100036621094,370.6400146484375,387.44000244140625,16269200
2026-04-23,384.25,388.760009765625,380.7900085449219,381.1382141113281,7775605
