timestamp,open,high,low,close,volume
2021-01-04,321.44567372638716,322.0218652962535,311.32074603000297,319.6621398925781,4203800
2021-01-05,318.9213777526739,321.36341687717163,315.0708048490068,315.36346435546875,3160500
2021-01-06,308.32991402998573,328.79927204770206,306.5006599145466,328.5980529785156,6561400
2021-01-07,327.9304119929554,335.1651157860087,327.3633476504346,333.8663330078125,3366700
2021-01-08,335.668123219829,336.1162815369099,328.13160535246556,332.3663330078125,2947800
2021-01-11,331.66197734853296,333.1894164393144,328.5248140137506,329.9516296386719,2695100
2021-01-12,327.3816346864575,329.33892221561126,324.90300299819006,326.86029052734375,2372500
2021-01-13,325.6438140373956,326.34806679877414,321.24446027686616,324.72918701171875,1974500
2021-01-14,326.3847292983687,328.17739083557274,320.503682968033,320.6042785644531,2919900
2021-01-15,319.31459140850177,322.909069018082,316.22314751182165,321.3084716796875,3777000
2021-01-19,325.7991955916641,326.4851656726706,321.5461866718629,322.1224060058594,3361300
2021-01-20,321.83897631130304,322.02188497710245,316.30546581706653,320.88775634765625,3036800
2021-01-21,320.8603672523681,330.07982510096383,320.79633664914843,324.6926574707031,3749800
2021-01-22,323.1468304760737,324.34498949199786,317.86944326785977,317.8785705566406,2585100
2021-01-25,317.5127369125839,320.47614718103677,315.1804493784507,318.11639404296875,2506300
2021-01-26,320.58591961984354,321.5005466224624,313.32377898607365,313.8176574707031,2467500
2021-01-27,308.265932611979,309.14396683253574,300.9214779483924,304.5616760253906,4770900
2021-01-28,307.9000904611747,316.9914584547402,305.95193020819465,309.2811584472656,2769900
2021-01-29,307.7993565194802,310.07676832425386,302.40306397083964,305.1011962890625,3899200
2021-02-01,306.4274772745083,309.28110899809127,304.3329736661322,305.48541259765625,3020200
2021-02-02,308.32076843719966,315.2170638584447,308.32076843719966,309.8024597167969,2663700
2021-02-03,309.1439610620684,311.11955895559817,306.03423449181383,309.0433654785156,2537100
2021-02-04,303.94886772014615,306.66531117303595,300.35439011535124,301.2049865722656,5962200
2021-02-05,303.75677680962207,305.0098393169792,295.86356879795,296.8056335449219,7227900
2021-02-08,299.0922130916259,299.10134038221094,296.16539524404027,296.650146484375,4758200
2021-02-09,296.2477022339032,302.7781529081074,294.24466671868623,301.488525390625,4096900
2021-02-10,304.2598608889404,307.0952105415201,301.6165751160173,304.9366760253906,4122700
2021-02-11,306.40008079502746,307.9092099388905,303.19888592104957,304.6348571777344,2776700
2021-02-12,303.3635130943577,304.02204572993406,299.8879412418296,300.2171936035156,2760800
2021-02-16,299.4122578161956,301.68054264651175,294.9489018528489,296.90618896484375,4339000
2021-02-17,295.8452903598019,300.54648731241423,294.7294441194227,298.95501708984375,2620000
2021-02-18,298.07689720818905,301.44271745700485,297.436675133926,300.37261962890625,2383500
2021-02-19,300.68360499037357,300.77507326634657,296.4397226125779,296.8695983886719,2313800
2021-02-22,294.0525729621945,300.95799547029907,293.00075752159717,299.66839599609375,2688300
2021-02-23,301.81778732318764,305.4305755273965,298.7538088727618,301.3787841796875,3225700
2021-02-24,300.44582243534563,305.1195810462738,298.20500297197606,303.8482360839844,3360500
2021-02-25,302.74152537969036,305.11956107085297,299.41226982962274,300.7933654785156,2780100
2021-02-26,302.32992158015463,309.0615903223107,301.68969947428525,303.85736083984375,5430000
2021-03-01,305.8146758868665,309.9762455599126,305.1927362144777,306.0799255371094,4198900
2021-03-02,306.4000836625178,308.84215034203373,305.38486096227024,306.0708312988281,2568900
2021-03-03,304.8634670789753,309.29025824601024,304.36956070180116,304.4518737792969,3039700
2021-03-04,305.6409257517242,311.7414723881422,304.2689852118626,305.3116455078125,4991600
2021-03-05,306.42751575324365,318.555480013605,306.4183605503516,317.4670715332031,4563100
2021-03-08,317.38473857852324,323.7779726662141,316.0951111006427,320.27496337890625,3419900
2021-03-09,322.79020212969283,330.4090334430092,321.3450757089905,321.9304504394531,4277600
2021-03-10,323.6955793779062,324.21692336127325,318.74744496033543,319.7535400390625,3012300
2021-03-11,320.8145189778554,325.5797169936054,320.0004876932956,322.9547424316406,2520500
2021-03-12,324.16639300629697,327.5166359797437,323.0832776575661,326.7823181152344,2088700
2021-03-15,327.6084982019555,328.54472216357203,322.6794777847024,324.8181457519531,2343400
2021-03-16,324.49689977995143,326.17660156308034,323.0099442316214,325.4790344238281,2904200
2021-03-17,326.00222135299947,328.6640577029773,322.93648907522925,323.25775146484375,2633100
2021-03-18,323.8910103176696,334.40070531356577,323.4045369918869,332.3171081542969,3311600
2021-03-19,332.19784791256524,340.03649241037954,329.5268241556449,335.5572509765625,8572900
2021-03-22,335.02484970803414,338.3108345390754,330.5364211527934,336.7320861816406,3505200
2021-03-23,338.55865852821626,341.0277478678665,337.0625157672356,338.2373962402344,3100100
2021-03-24,335.98862386344535,343.10216551561564,335.49299080683033,340.16497802734375,3407800
2021-03-25,340.16496514914934,341.55093932569685,333.5470848155013,340.6147155761719,3021500
2021-03-26,341.1562799216905,346.09445923709393,339.8804463428629,345.5621032714844,2959800
2021-03-29,345.45195925441067,349.25198111462186,344.19447302893076,347.93023681640625,2740400
2021-03-30,346.5442147513426,348.6828823950028,341.26642558634103,342.88189697265625,3066000
2021-03-31,342.18434465532494,346.03943712224174,341.2664681642845,341.5143127441406,3356500
2021-04-01,341.6336375893193,342.0833881015779,335.7225108080608,336.9249267578125,2977700
2021-04-05,339.26544096452693,342.02825765175334,337.448063777942,339.7794494628906,2709400
2021-04-06,338.49452488008325,339.4215891917898,332.93219503258445,334.4466857910156,2698600
2021-04-07,334.28143363745653,335.8326471116786,330.9403498433269,335.61236572265625,2158900
2021-04-08,333.2901032287213,336.77805053418297,333.2901032287213,334.9239501953125,2426700
2021-04-09,338.09978046720653,345.68142054906804,336.86064171421367,345.3968811035156,2483200
2021-04-12,343.72631293561153,348.63692853190554,343.3132574128575,345.37847900390625,3057300
2021-04-13,345.3509735392633,348.15967290375,343.58863863832903,343.74468994140625,2652300
2021-04-14,344.51569888983494,346.9664410198398,343.81810391428724,344.7818908691406,2805600
2021-04-15,348.7930059888036,360.13794400130115,348.7930059888036,357.98095703125,4488300
2021-04-16,361.56988846582937,361.56988846582937,353.80463385372025,358.89886474609375,4532400
2021-04-19,357.9718147649374,361.0834293695038,356.5674649197757,357.824951171875,2965400
2021-04-20,357.8432674362481,365.2046538359758,357.4394276047227,363.96551513671875,3348100
2021-04-21,366.1042017115438,368.50906163409076,362.9650798162093,366.0583190917969,2473300
2021-04-22,365.71862975184234,366.0123568861831,360.89977924879946,363.97467041015625,2718600
2021-04-23,363.1302466754651,368.977114697241,362.1022296181899,367.4350891113281,2263200
2021-04-26,366.97617857570924,367.1505773408554,362.7539413340162,363.3505554199219,1642300
2021-04-27,362.24906693972855,363.78190468714655,360.0828642877591,362.1022033691406,1758500
2021-04-28,362.7263886848251,364.38774272633833,361.0007765726454,362.1848449707031,1886500
2021-04-29,364.1674468516848,369.1331613345799,363.7543912839805,368.5732421875,1996500
2021-04-30,368.0685034708772,368.8578638732625,365.6361361699147,366.0491638183594,2328100
2021-05-03,368.0684511016891,373.3645880571404,367.63704805600304,372.5660400390625,2568500
2021-05-04,372.1805230188955,378.5964699234012,370.3631177103522,377.55926513671875,3237200
2021-05-05,376.7882705965909,378.85349254261365,373.3921166363629,378.6240234375,2767600
2021-05-06,379.08295667139316,382.61678644602665,378.67908881078563,380.89117431640625,3058700
2021-05-07,380.918737676331,384.60859102707946,380.0651192760736,383.3511047363281,1851000
2021-05-10,384.83808970676716,390.9970615042054,383.8743305371397,386.3250732421875,2489300
2021-05-11,386.4259172285029,387.6099854831443,376.88916915121064,377.8896789550781,3024000
2021-05-12,375.6776780247752,377.1095631143241,371.44625282206096,372.07958984375,2888100
2021-05-13,372.91481135135723,379.2481527168296,371.11578150515066,375.007568359375,2637500
2021-05-14,377.2379965457622,378.70660432525347,374.95249337110226,376.1457214355469,2072900
2021-05-17,375.69595704075726,378.633172490743,375.01673752263514,375.0718078613281,1583900
2021-05-18,376.0448245967492,379.0462706602406,372.90567464950385,376.67816162109375,2694800
2021-05-19,375.8612346347508,376.99023280066683,371.05157079452124,375.87042236328125,2783100
2021-05-20,375.89785842893934,379.84471508770787,374.7872360129089,375.0809631347656,2105800
2021-05-21,377.02695243135014,384.2506358575334,375.83369619881154,377.82550048828125,4295400
2021-05-24,378.504662664575,379.9090123473651,376.2558824335174,377.2012939453125,1883600
2021-05-25,378.02741031435573,379.8723228763669,375.3105039461801,379.12884521484375,2285600
2021-05-26,378.2568968875072,381.1940847691432,377.25641490186587,379.2757263183594,1903900
2021-05-27,380.8453346821628,381.01970544898325,376.67816747452025,378.8076477050781,2041800
2021-05-28,378.8075255800398,381.3500326144873,376.34759603231714,378.0915832519531,2367900
2021-06-01,379.75304871780634,379.75304871780634,372.80471699457735,373.3187255859375,2199600
2021-06-02,375.5399012631832,375.5399012631832,371.3268246381084,372.52008056640625,2232900
2021-06-03,370.363127245422,376.10904247066054,369.75732546031105,374.45684814453125,2281200
2021-06-04,377.2104118524981,377.2471347452891,371.4186150173904,372.32733154296875,2990900
2021-06-07,373.5389783068314,373.76844741076667,365.94815043274366,367.3800354003906,3353800
2021-06-08,367.8114263173672,369.67471425947434,366.0032087174808,368.7476501464844,3051300
2021-06-09,370.20706366118145,372.4558719702472,367.63702103198955,368.16021728515625,1925700
2021-06-10,368.90367834173753,369.7664843309522,365.7461815325608,368.5181579589844,4033600
2021-06-11,370.2253718569139,370.2345315712144,362.3591660792671,365.2137756347656,3094300
2021-06-14,364.6723128249111,366.66411710345886,362.6805365577304,366.37957763671875,2674900
2021-06-15,367.11386557992387,368.52740318876215,363.91048565905623,367.4075927734375,2845800
2021-06-16,368.16026440209106,370.0418999951996,364.09407828891,364.6264343261719,3330800
2021-06-17,363.4790923295929,365.3791033985895,362.2032305549997,364.7182312011719,3532000
2021-06-18,356.77706947006163,361.7333346577155,356.74943345322896,358.70245361328125,5521400
2021-06-21,358.7025316805857,367.7583193910105,358.56435156634916,366.7173156738281,3839300
2021-06-22,369.0572443743547,369.0941017765169,366.4870098812407,367.2884826660156,3964600
2021-06-23,366.4869448303646,367.5739990325351,364.1377708253172,364.4049377441406,2942100
2021-06-24,366.9476148920633,370.4851662866039,365.58417220412144,367.45428466796875,3309100
2021-06-25,368.5873487298879,377.68918514488666,367.5923958939575,373.05535888671875,16928900
2021-06-28,373.05538057130315,373.0922098533272,366.5882711037041,369.8402404785156,3193300
2021-06-29,370.31012142790047,371.44325453813656,366.17377089464617,366.74493408203125,2458800
2021-06-30,366.22901925602235,369.78498499345733,365.547283912682,368.9006042480469,2875600
2021-07-01,370.36536638428066,373.2948969069808,370.16269286997056,373.0001220703125,2678100
2021-07-02,373.18442554442953,377.5879435643292,372.0697350555033,377.11810302734375,1982400
2021-07-06,376.48234798241,378.77622161905873,373.755463244775,377.9471130371094,2615300
2021-07-07,378.03002736599035,379.71588057350425,375.12813322396784,379.2368469238281,2270400
2021-07-08,376.42710671574565,378.47225653188565,373.1751371730592,377.6615905761719,2032300
2021-07-09,380.03829950592086,380.701591970391,378.2971743579065,379.6513671875,2078900
2021-07-12,378.6473386090479,383.6036049343649,377.9932673179031,383.27197265625,2802600
2021-07-13,383.58513448594914,386.6344304266096,382.9678925728625,385.57501220703125,2948900
2021-07-14,387.6294063143469,389.2507946223769,380.7938342787353,382.0743408203125,3538700
2021-07-15,379.46720070983633,388.5137658749012,375.1281769985019,386.966064453125,3546500
2021-07-16,388.17293804001247,389.02971098467276,384.7459587172132,386.6437072753906,2625400
2021-07-19,384.377364984796,386.48700804608376,374.7688586206876,376.8416442871094,3611300
2021-07-20,378.6288549068995,384.82879737226267,378.2695585571798,380.4436950683594,3186700
2021-07-21,384.2115888792359,384.3682117382562,378.4722649598856,381.9822082519531,1863700
2021-07-22,383.25350290761105,383.9997035947792,381.143887687819,383.023193359375,1421900
2021-07-23,384.98543926825016,386.3120245291953,383.2258709274971,384.80120849609375,1611700
2021-07-26,383.99966413645365,384.7735288792909,378.5367289609949,380.96881103515625,2232600
2021-07-27,379.5500707726961,382.55331576605204,377.21011828971467,382.4059143066406,2630600
2021-07-28,381.8439892402164,381.8439892402164,374.75966566503627,376.9430236816406,2446600
2021-07-29,378.8868914463498,380.0844900051371,376.25216337143286,379.6238708496094,1597300
2021-07-30,378.4078077323658,381.1807155653928,377.9379672592332,379.7528076171875,1864200
2021-08-02,380.9964823728696,383.6404314618047,380.2963323568044,382.8389587402344,1806500
2021-08-03,383.06920376034407,388.89143484784523,382.38746850176193,388.6703186035156,2496500
2021-08-04,388.80855746526316,390.29176553464436,386.65286352633683,388.3387451171875,1995400
2021-08-05,388.8177476244537,388.9927851113941,375.763819578977,378.80389404296875,3598600
2021-08-06,379.55930999233027,383.94438413165574,379.55930999233027,382.4243469238281,1944000
2021-08-09,382.2677922565739,383.4469759969248,378.0300910255149,378.5091247558594,1509800
2021-08-10,378.17744987912596,381.07012280553596,376.39024577058507,379.347412109375,1441800
2021-08-11,380.4990295534896,381.3281383475928,375.41380458422435,375.62567138671875,1542600
2021-08-12,374.9439354130281,376.53768756910097,372.4565811069654,373.98583984375,1939900
2021-08-13,375.01762438926977,377.7537028970831,373.94901284518386,377.4036560058594,1537800
2021-08-16,377.5602112946445,384.5432116841402,375.247894717617,384.3497314453125,2377500
2021-08-17,384.2484871421042,389.2231681656901,383.8155040316573,388.55987548828125,2258000
2021-08-18,388.1637302656407,388.38481844234155,384.23924644544394,384.4511413574219,3037000
2021-08-19,382.66398945661825,394.6124519536797,379.91868905879437,394.1886901855469,3204500
2021-08-20,394.6123944167875,397.38530232222024,393.285809140092,395.8652648925781,2401900
2021-08-23,396.6483605662718,396.6483605662718,391.4341484097668,391.85791015625,2375900
2021-08-24,392.00520013428394,392.39213248070496,388.50450683255826,390.0614013671875,1619300
2021-08-25,388.624369358829,390.25495097375847,386.4134031362579,386.6805419921875,1939000
2021-08-26,386.7080963571731,388.20052565337426,383.81542342290857,384.0180969238281,1385400
2021-08-27,385.0868117875911,387.24250592960027,383.34565799176045,385.7777404785156,1621600
2021-08-30,385.77767159942334,387.44511029335627,384.9761989592844,385.3538818359375,1284200
2021-08-31,384.15640085085886,387.60182336322066,381.5953593030784,383.48388671875,4249100
2021-09-01,383.7325590894854,386.8002698565084,378.8499798706684,384.478759765625,2034400
2021-09-02,386.1462070282219,390.9734861965366,385.29865551464513,390.33782958984375,3137400
2021-09-03,388.6980342580397,390.60500411510276,387.48199306391604,389.5547790527344,1604800
2021-09-07,387.1963813062269,389.0020283134474,384.6906124259205,388.0623474121094,1920300
2021-09-08,388.0163271552623,389.56400061362046,381.57688101012104,382.67315673828125,2262500
2021-09-09,382.6271086319866,387.1227559929055,381.3281592672485,381.8993225097656,3508500
2021-09-10,384.17347140283084,384.5802412226736,372.18307188812804,373.40338134765625,4215800
2021-09-13,377.1659809048185,385.3290537447194,375.75154030763935,383.2120056152344,3068200
2021-09-14,386.0501629491139,386.0501629491139,380.29994741269286,381.381591796875,2879800
2021-09-15,381.3630541147787,389.59087478441046,378.57115974767004,385.98541259765625,3180600
2021-09-16,387.97302099770826,391.4212821181626,383.61873931155276,385.35675048828125,2262700
2021-09-17,383.62807538407134,389.2858384543176,383.62807538407134,388.42608642578125,4534200
2021-09-20,385.4308133228634,387.63103261130215,377.8501329227336,381.529541015625,2799800
2021-09-21,383.6650992578397,387.1503482279748,381.0765609629527,381.1967468261719,2382200
2021-09-22,374.35555106489886,380.88231863695825,374.35555106489886,377.8315734863281,3629400
2021-09-23,378.84846283229547,383.5170614931431,376.7314431118918,377.212158203125,2681600
2021-09-24,376.2044814666664,377.0827407864408,374.62364290370715,376.3338928222656,1950400
2021-09-27,377.0272591716579,381.02098345549757,374.37403006027296,374.6606140136719,2608600
2021-09-28,372.1923165019837,373.48657125489393,367.0337485553762,368.5129089355469,3115400
2021-09-29,367.0152726602028,371.4989661425339,365.9058953116911,370.167724609375,2056300
2021-09-30,371.16615985130403,373.0151033810525,360.969237413247,361.22808837890625,3779900
2021-10-01,362.023136665381,363.95527920386274,354.1836062047612,362.7904357910156,3146600
2021-10-04,362.04164771696765,365.30503209577876,355.6997846074225,357.77984619140625,3074800
2021-10-05,359.9338490075413,366.10008835761545,359.8413961845557,363.7149353027344,3269400
2021-10-06,361.2373407783581,364.9629608484111,356.6981810442253,364.4729919433594,2809200
2021-10-07,366.7933602471248,377.34158456572317,366.7471197396447,374.1336669921875,2813700
2021-10-08,375.71452458879315,378.21983484693067,372.22927664407393,377.60968017578125,2012200
2021-10-11,377.18452483936056,380.1613254040985,373.68076853506284,374.40185546875,2164200
2021-10-12,374.5126930017926,377.53573332442033,371.9241836916436,372.783935546875,2415700
2021-10-13,372.87648647959145,374.6976972204199,368.0414883674826,373.07061767578125,3021800
2021-10-14,393.5106795027888,400.75853520847,386.2443163045601,388.6109619140625,6038800
2021-10-15,390.17327911892147,397.97582271228976,389.66483095670225,395.7386169433594,3312000
2021-10-18,395.6739133997051,395.6739133997051,391.82810749142493,392.5491943359375,2232800
2021-10-19,394.5922704361612,395.5075166667021,391.4213390581082,392.32733154296875,1616800
2021-10-20,394.7494507446117,402.63519391318226,394.60153187403836,402.2284240722656,2764000
2021-10-21,402.6074488476247,409.07875112531326,402.2191582974022,408.8753662109375,2465100
2021-10-22,407.5441363066644,415.3559341364961,407.19283251607226,415.2357482910156,2736200
2021-10-25,416.0122916271751,418.45291061345466,412.7211744215357,415.5408020019531,3553500
2021-10-26,416.4652690380713,423.13995619209874,413.78430660940603,420.3018493652344,3103900
2021-10-27,420.30182169573953,425.6637462000814,419.22943115234375,419.22943115234375,3520400
2021-10-28,418.78575975461575,423.31566630369343,418.34200309766214,421.0414733886719,1672600
2021-10-29,420.0892315029381,426.54205478477104,418.8411889378984,425.6915283203125,2497800
2021-11-01,426.9395567430904,430.58197774959245,417.10316363387034,419.8118591308594,2203100
2021-11-02,421.7994650450005,421.96586317924755,416.36356695849855,417.898193359375,2600000
2021-11-03,416.40056055687154,422.96428713603876,413.275841659109,422.78863525390625,2438200
2021-11-04,423.03827162196313,423.8795442864161,418.00914312603567,422.26171875,2517300
2021-11-05,423.25090674394676,426.662209902365,420.2463734296993,421.38348388671875,2905000
2021-11-08,422.3450063457353,429.1306269181069,419.996839746871,427.67919921875,2279900
2021-11-09,427.6790961746625,429.38937447352583,425.52508951294607,429.2784423828125,2657800
2021-11-10,430.23991985661746,430.8038340801923,422.14153832526296,425.16455078125,2818200
2021-11-11,425.25700445083305,426.04281107984605,421.04141553328805,422.8441467285156,2246800
2021-11-12,425.8763454032353,426.1814086184052,422.55746752418634,424.3232116699219,2609500
2021-11-15,423.40806958441254,423.6022007560804,416.4745313270259,416.7518615722656,2849600
2021-11-16,418.7764454818812,423.7316286907724,415.42986228905346,415.6609802246094,3383800
2021-11-17,416.37286762583517,419.67321051087663,414.83824105201694,415.0416259765625,2281500
2021-11-18,414.83817783219615,418.6100097885617,413.3405100455232,415.52227783203125,2073800
2021-11-19,414.2835381166501,415.5038476220586,406.305342240767,406.767578125,3536100
2021-11-22,409.3744947430092,410.23424650549885,404.35462104412585,404.4932861328125,2598700
2021-11-23,403.07900770368155,413.71966023477046,403.0697539565081,413.359130859375,2857000
2021-11-24,412.9060565173726,416.91826033791205,411.9815848109081,416.1601867675781,2248800
2021-11-26,411.3159690228386,414.32972763772847,405.11274348442186,406.6843566894531,2480600
2021-11-29,410.058692641206,418.8596536620186,407.2760236085541,417.8612365722656,4079700
2021-11-30,413.29438093266845,417.2603730488317,407.9232017680987,410.66888427734375,7435400
2021-12-01,418.6840357608201,421.48518411082546,410.59490772881657,410.77978515625,4325500
2021-12-02,409.6796866165423,414.0617022838373,406.04651908862974,412.3329162597656,4738700
2021-12-03,415.30084252708207,421.48719325216484,412.8893989782007,416.73846435546875,3038300
2021-12-06,419.3632440728995,428.2949484688055,418.7789227304148,426.74603271484375,4721500
2021-12-07,429.19457157091944,431.9770323266466,426.85731472578425,431.031005859375,3105200
2021-12-08,432.29241294468505,436.0765757597683,428.9534540798049,434.8615417480469,3228300
2021-12-09,434.55546792630923,440.07402670702817,433.4702957198468,438.9981384277344,2977400
2021-12-10,437.7738697478935,443.78399577648196,436.85566666332795,443.5521240234375,2572300
2021-12-13,442.4298492063338,445.43492640587846,439.6381325162615,443.4686584472656,2724800
2021-12-14,444.9619112981428,448.0133516115053,442.5782627915569,444.69293212890625,3018000
2021-12-15,445.7502367372304,459.47703236486717,445.32360066275226,458.531005859375,4188600
2021-12-16,458.1878484827395,460.92391806966,454.57062664515524,457.1212158203125,4080800
2021-12-17,455.78563505850707,457.3716297677193,451.11109305252637,451.79742431640625,5707200
2021-12-20,447.0486967115044,449.8404414061342,440.7974439104139,448.65325927734375,3145600
2021-12-21,451.7046956208279,453.5411300179387,447.2342299203288,451.88092041015625,2536000
2021-12-22,451.82529425596397,459.5234534727936,450.66593548577794,458.2991638183594,1687500
2021-12-23,459.10610750752863,462.0276861670992,457.07490852509227,459.45855712890625,1706500
2021-12-27,462.5191780411311,464.02170234737366,460.6271250727209,463.27972412109375,1349400
2021-12-28,465.59846636640583,468.6777299490383,464.1144815298047,466.4703063964844,1495500
2021-12-29,468.1768754994235,470.4399459895203,465.5984628334484,468.9188537597656,1573900
2021-12-30,471.0984689305759,472.30421902313105,467.12882567062667,467.8522644042969,1309800
2021-12-31,467.583337145728,470.11535868901086,465.6356086707467,465.7283630371094,1695400
2022-01-03,463.74339399968807,466.4331000239562,457.2973495012322,465.8580627441406,3033600
2022-01-04,466.71148264276826,467.22158918502777,455.2848356933039,455.3033752441406,3908100
2022-01-05,458.89271260721455,460.96101871587734,454.18109130859375,454.18109130859375,3921100
2022-01-06,445.1937650179594,449.03357482747475,429.53777975274926,435.5942687988281,6555200
2022-01-07,433.77643522535305,434.0361304758755,422.51672847452824,425.3455810546875,5494200
2022-01-10,422.93405052923384,432.07905829874096,421.4871731470589,431.28143310546875,5831800
2022-01-11,433.3218983987541,436.33623087520937,427.26540997055474,434.9913635253906,3332800
2022-01-12,434.9635471849521,440.85309485802685,432.52425202755563,439.3691101074219,3502300
2022-01-13,441.381777244129,441.99389372167644,432.19037819342816,433.53521728515625,3005300
2022-01-14,435.81685307493467,438.8590091146886,431.35561484043484,434.703857421875,3665400
2022-01-18,431.4390809453208,431.93990347713276,425.1136136816009,427.5621643066406,3938800
2022-01-19,434.06390098084205,441.01076931298144,428.0445196166105,428.98126220703125,4030900
2022-01-20,430.70638914092507,437.4306694467916,428.4989656979785,429.42645263671875,3228600
2022-01-21,429.8901885694709,436.6515761596533,427.6364021409617,427.7291564941406,4273200
2022-01-24,424.8540218540555,430.483875333095,415.634797833825,428.74945068359375,4780700
2022-01-25,421.1440364367995,426.1710002163557,414.8371077408836,423.7131652832031,3428900
2022-01-26,425.20640354733877,430.2426508926975,420.56896879736087,425.1878356933594,4435900
2022-01-27,424.8632184754899,434.69458601175535,423.87082892980135,428.12799072265625,3508100
2022-01-28,427.94252481375713,432.4686662057806,422.0807997878691,432.2646179199219,3364400
2022-01-31,431.28143765126566,438.86827421295976,430.72493981272,438.3025207519531,3500500
2022-02-01,440.55631920261953,440.55631920261953,429.19460360213094,434.4441833496094,3148600
2022-02-02,435.0470238822933,447.0301676581659,435.0470238822933,444.98968505859375,3026800
2022-02-03,462.4913338264511,463.9103876414538,448.5048439252,453.3277587890625,4370900
2022-02-04,446.81686712439557,454.1254692928714,445.3699896529839,448.1339111328125,3066400
2022-02-07,449.7477090696987,451.92730910552814,446.3994663966468,448.6254577636719,2937200
2022-02-08,446.44594641671506,459.7275692306561,446.44594641671506,457.6314392089844,3534700
2022-02-09,460.96111223673995,464.6061299327366,460.3026042874212,461.9813537597656,2818100
2022-02-10,456.54617044734067,458.38260481103663,449.8961048193,451.42645263671875,2626100
2022-02-11,449.53431706123445,454.86736641784603,441.89183451898754,443.45928955078125,2493800
2022-02-14,440.65832472389525,443.0976200058461,435.297451120899,439.99981689453125,2549500
2022-02-15,441.4281708402464,446.27893810361263,440.74183950872526,443.5521240234375,3001000
2022-02-16,441.02002764986094,446.7982813143181,437.2173256411605,445.2400817871094,2651800
2022-02-17,443.49639925880524,444.5351800014525,434.88932242803224,436.2341613769531,2403100
2022-02-18,436.15076587829316,440.48214266333997,432.97874785422005,433.8876953125,2992300
2022-02-22,430.1962460873898,433.3126168601819,424.6220689396817,428.97198486328125,3029800
2022-02-23,433.3125861940207,433.8041530951459,425.5680652912987,426.29150390625,2840300
2022-02-24,416.92391571397627,423.48125511996676,413.41801624125986,422.83203125,3933000
2022-02-25,423.5368866624053,441.27971556462074,423.1473580155281,441.25189208984375,3314400
2022-02-28,432.069810958178,442.6988037170139,431.84719483804554,441.36322021484375,3918300
2022-03-01,436.74432099708736,442.37414498234125,433.8134589893494,441.71563720703125,2917600
2022-03-02,443.51496070870894,451.8438032178183,443.2367259619925,450.18359375,3675900
2022-03-03,450.75872473538186,455.7486097972063,447.25282467518196,451.3059387207031,3139400
2022-03-04,445.83370577218955,463.428134405558,442.8657362002597,462.4913635253906,4170100
2022-03-07,463.7435222150821,463.7435222150821,447.99478201098094,451.56561279296875,4123300
2022-03-08,444.08076794701594,449.35817128498906,437.3286636634181,439.12799072265625,3849500
2022-03-09,447.58662761199867,452.3539239905979,439.2485292174724,450.3598327636719,3115500
2022-03-10,444.57228751777194,457.9095537943621,443.18105715464486,455.8041687011719,2834800
2022-03-11,453.79487961652944,459.34836353475964,448.84606896326187,449.1809387207031,2615000
2022-03-14,456.1855878767482,461.0134923308303,451.4228064503004,453.8786315917969,2704100
2022-03-15,455.81349531412275,465.0599999187111,453.31116997693726,463.171630859375,3043000
2022-03-16,464.95772621760364,470.2321527662427,455.8228719467803,463.4972839355469,3497100
2022-03-17,461.39491421437697,471.7390859747782,460.6321174220119,471.64605712890625,2357200
2022-03-18,473.246009594549,475.05066114862916,466.5669535974646,470.8088073730469,5065600
2022-03-21,469.77622517755043,477.20876587758954,469.17155198373933,472.2413330078125,2617700
2022-03-22,473.7390032402274,476.1390164961676,469.61808435660987,470.0646057128906,2752500
2022-03-23,467.2273796561561,471.6831966269636,466.35295974818763,468.12042236328125,2753200
2022-03-24,469.76693928781697,479.7948627892545,468.70646167961945,477.63671875,2789200
2022-03-25,478.3158296553145,480.4925967676171,473.7111714854391,477.2367858886719,2551100
2022-03-28,478.43672178986947,481.0599817066709,473.311136606025,477.3948669433594,2643000
2022-03-29,481.0227099894569,483.33903423280157,471.90645218902705,475.09716796875,3478400
2022-03-30,479.17160278620656,484.83673841225027,476.72508904958636,484.4832458496094,3041200
2022-03-31,481.0227250418006,485.478570626186,474.1111396365865,474.39019775390625,3979700
2022-04-01,475.05067941460663,478.86466314298804,471.2553468757269,476.82745361328125,2344100
2022-04-04,476.4739137412221,476.7250376467757,469.329713995832,474.4366760253906,2657500
2022-04-05,474.4181425631087,488.12043662972684,472.55767925893963,481.6367492675781,3268600
2022-04-06,482.0646339184979,496.2972240428382,481.8600102017954,494.65069580078125,3955600
2022-04-07,493.02270309974926,500.72504729916517,491.52504398658255,499.4878234863281,2867000
2022-04-08,501.3948906032403,510.6692734789562,500.55765935531986,507.86932373046875,3986700
2022-04-11,505.67389699119553,509.40413495334894,499.19952111143476,499.9436950683594,3574000
2022-04-12,498.05525570488226,503.00409442869955,493.7483358068452,496.4739074707031,3575700
2022-04-13,496.11111736209506,500.7250864785754,491.7390175428054,499.53436279296875,3012000
2022-04-14,500.92965373659155,514.68775693438,496.8087350789597,497.50640869140625,4211300
2022-04-18,500.371576069579,503.2552711789117,493.37621660845156,496.8180847167969,2087100
2022-04-19,498.5018603507868,504.63205522525004,497.8971870580848,500.1855773925781,2207600
2022-04-20,504.31571908601086,510.10173176370364,501.3947785492858,507.91571044921875,2986300
2022-04-21,507.44135981862075,509.766938919531,498.6320934372527,499.9436950683594,2539900
2022-04-22,494.93898824231513,496.1389664828105,483.8878330643402,484.5948181152344,3453300
2022-04-25,484.0926042624648,489.54374845288226,476.02748285139626,487.6925964355469,3030400
2022-04-26,487.6646350424421,489.5437211591751,477.683267526076,477.9344482421875,2895300
2022-04-27,478.98557345459153,484.55770895788555,474.25072595801305,477.96234130859375,3353700
2022-04-28,480.70651237214037,489.5623357719762,477.3669557957764,487.8320617675781,2582700
2022-04-29,482.6506802857434,483.6274689627698,471.5902404681155,473.0693054199219,2873200
2022-05-02,475.17158727185,477.68322387293523,458.9204405649369,466.185546875,3184300
2022-05-03,466.1669573574819,470.2506592416046,462.77161775993494,464.7622985839844,2763400
2022-05-04,464.65071653965936,474.2041855167506,458.68792816203984,472.2041931152344,4002600
2022-05-05,471.8227770892901,475.04139896865274,455.0972305509819,460.2041931152344,3359700
2022-05-06,451.1716287936813,466.57626152474717,451.16231739356596,464.7622985839844,3260300
2022-05-09,456.1855185057189,460.120407941077,450.63203535677513,452.48321533203125,3862700
2022-05-10,459.3576733414795,461.72046960164295,447.5530318295579,453.96234130859375,4275500
2022-05-11,450.59492827860055,465.5995411369261,450.59492827860055,452.23211669921875,3936300
2022-05-12,452.18563644251367,452.9205274365377,438.5298418576109,445.3949279785156,3997600
2022-05-13,447.4228159546952,453.0228001016247,442.61350597606025,451.534423828125,2453400
2022-05-16,451.54374088794356,460.9855862958076,450.3716399447547,455.0879211425781,2338800
2022-05-17,459.5343420188196,460.2041098066912,454.3808517729303,458.1669006347656,2289000
2022-05-18,454.1948668575413,455.07856979926976,435.6832362541142,438.4925537109375,3240500
2022-05-19,431.925145434005,447.9809236242715,431.00419684138615,445.1623229980469,3813800
2022-05-20,447.7949172991199,453.46002465467274,439.3577094000513,451.8414306640625,3068200
2022-05-23,452.362331540399,461.1530031045675,452.362331540399,457.74835205078125,2279800
2022-05-24,456.5483810219188,463.32974903700244,454.56698314525886,462.8460388183594,2658100
2022-05-25,463.73901252042043,467.26459797095254,456.9855509108486,463.3390197753906,3161600
2022-05-26,466.73441377449814,471.8693105937416,464.56698654510615,467.19024658203125,2705800
2022-05-27,456.7437778705878,471.72979736328125,455.2461184168424,471.72979736328125,3349100
2022-05-31,468.483264552825,468.9390689824041,461.07862848030396,462.1204833984375,4003100
2022-06-01,463.5530320591357,466.3995385720817,453.7483827432015,458.1855773925781,1765900
2022-06-02,459.53442647586144,461.5344188081439,449.2739727044573,457.91583251953125,2093500
2022-06-03,454.26002869566736,457.36702752213614,451.06934081212546,451.72979736328125,1756900
2022-06-06,455.28325280198396,459.1902369428026,452.362340291027,455.9809265136719,1781500
2022-06-07,455.3483857453751,462.8925506856256,453.134429909921,462.41815185546875,2341900
2022-06-08,459.5345306585936,463.16242917031894,454.46475575648486,459.0973205566406,3268100
2022-06-09,458.4925746693512,461.82279144531884,453.590235764337,455.28326416015625,3148800
2022-06-10,450.9762692267567,455.9623253747068,447.37627746970185,450.8181457519531,2599900
2022-06-13,441.98089878577855,447.75762847357083,434.6599813956168,436.92974853515625,3764600
2022-06-14,434.8832862081564,436.4460685304011,425.506563886272,429.5344543457031,3814200
2022-06-15,431.8135114652892,436.29720611269147,424.6507169327444,431.9344177246094,2550700
2022-06-16,423.27116028580485,427.38811527489526,420.7319055699597,425.78240966796875,3135600
2022-06-17,420.7971947401699,430.7954961489066,419.81697972565485,422.0201416015625,5277400
2022-06-21,427.38805557423075,452.8832758982703,426.725243776589,448.4022521972656,5726800
2022-06-22,444.10789332643037,462.96559290478143,443.00631243843503,457.1402282714844,5061000
2022-06-23,462.060072628847,470.1165762830329,459.268741844454,466.59710693359375,4687700
2022-06-24,466.25169831119763,466.55044081812474,454.2275830590911,462.7042236328125,15861100
2022-06-27,460.0809010292441,477.87436962866747,459.8475137995885,472.058349609375,3907100
2022-06-28,478.05175730602787,484.14780225698627,471.51688623423416,474.65362548828125,4978200
2022-06-29,475.036421228017,484.2318847091284,472.38514544837636,481.4405822753906,3823400
2022-06-30,479.42407942237736,482.01002839583333,475.8485992738923,479.498779296875,3568900
2022-07-01,478.27583510955697,483.13964595880685,468.93100041314557,483.0182800292969,2426600
2022-07-05,473.90683068746694,477.04354166998877,459.5394978220195,471.6662902832031,3029600
2022-07-06,472.0397479105009,483.0275813106642,470.78876713223207,481.0484619140625,2506700
2022-07-07,481.01115774095643,482.92492193629994,478.19182131955546,480.198974609375,2385400
2022-07-08,478.26643746875055,493.2592306110061,477.0528352875342,484.1664733886719,3092100
2022-07-11,480.64700214097616,486.8177470693374,477.79968921908346,482.59814453125,1743600
2022-07-12,479.14403069934866,484.642648058395,476.6887922379561,480.23626708984375,2706500
2022-07-13,474.3082231713743,477.84635318907647,467.8854018193263,467.93206787109375,3467700
2022-07-14,462.106767367043,472.2731299241525,459.5675128795005,469.04302978515625,3765500
2022-07-15,491.1027788558431,496.6387175228895,481.1978377579567,494.5475769042969,5742500
2022-07-18,495.7145719453806,496.7974638301442,484.27859547394763,484.8573913574219,3212000
2022-07-19,486.463087211309,498.3658372972639,485.9963126981343,498.0017395019531,2953500
2022-07-20,498.0017376803064,498.56184430234293,481.4592193646644,484.95068359375,4327500
2022-07-21,484.87591126889345,487.75120046692626,477.1741338855219,487.7419128417969,2667600
2022-07-22,491.0467641626304,492.5404197409837,483.9518146964905,486.7617492675781,1850300
2022-07-25,491.13078979774355,497.47891123113703,489.3850008487372,494.2861328125,2337200
2022-07-26,498.32861043866563,501.91346486109603,495.74271759509645,496.2655029296875,2637800
2022-07-27,498.0856295910593,502.11856743364996,492.9511109503391,499.08453369140625,2268100
2022-07-28,501.7732502344299,508.1680951655742,496.4053434058955,505.5074462890625,2344500
2022-07-29,504.1259008861513,507.7106978223734,501.0265107767035,506.30108642578125,2945700
2022-08-01,506.23563306413047,507.5239352389143,495.71451762983224,499.803466796875,2335000
2022-08-02,501.82925935225467,504.61127415032814,496.38665266516443,499.878173828125,2114200
2022-08-03,501.55861293967126,507.49597171059094,500.0929339731988,504.7233581542969,1802900
2022-08-04,503.45360964299016,504.5178691567701,497.35756442397485,498.2817687988281,2368000
2022-08-05,494.78094429164554,499.9154635248607,492.5030825708287,499.50469970703125,2373400
2022-08-08,504.0323970927842,505.3300438303793,497.9736734209674,500.9423522949219,1656400
2022-08-09,504.11647846944743,509.475040809081,500.73703552397865,501.5585632324219,2147200
2022-08-10,504.35913518178444,505.96481193128596,498.33773341254835,501.9878845214844,2291400
2022-08-11,502.47339530176777,502.8374930800329,494.4728736829893,497.4508972167969,3006200
2022-08-12,500.01815090850096,508.22408283406025,498.93525917254624,507.5705871582031,1981000
2022-08-15,505.67548042317566,510.8473784475812,502.7721566533938,508.4481506347656,1447300
2022-08-16,508.98029890079596,511.06209505234256,506.34768373794543,509.8298034667969,1773000
2022-08-17,509.00828338169725,511.3888221029773,505.5821742653505,508.78424072265625,1471700
2022-08-18,508.7933406225017,511.7060077477943,505.8153182565364,508.9893493652344,1486400
2022-08-19,509.25102124130717,516.3740052534949,508.61621470679165,511.8836364746094,2258000
2022-08-22,505.4141333614139,513.0038916888537,505.37675493269063,508.3828125,1672900
2022-08-23,507.1877678389854,507.1877678389854,497.77763583203216,500.19549560546875,2039600
2022-08-24,501.01699890840786,503.98567746679254,499.4673328606854,500.8116455078125,1761200
2022-08-25,499.45807398320795,506.00226177826687,495.94792052548144,505.5821533203125,1965800
2022-08-26,506.2263234777866,507.0945172679307,493.11925818052106,494.0808410644531,1906700
2022-08-29,491.0467861293733,497.48829718020903,488.12477312885176,494.5662841796875,1594000
2022-08-30,495.1637177997842,495.7985812843733,487.11652968916496,488.0968017578125,2013400
2022-08-31,486.21098618654344,492.07364414670445,484.6612629726524,484.82000732421875,2891300
2022-09-01,484.8199690305166,489.4223582969538,480.861730788024,489.17962646484375,2085300
2022-09-02,494.42623891939786,494.5849263022837,479.6668308489175,482.03802490234375,1944200
2022-09-06,485.3801484385255,492.4004554947773,482.57015669459565,483.2796630859375,2711900
2022-09-07,482.64491281067905,488.7129823141015,480.4790719350162,487.013916015625,2504400
2022-09-08,486.3323118632827,493.37125007138695,484.33450353809104,492.4563903808594,1557500
2022-09-09,494.3013198952838,494.3013198952838,489.3848091902692,491.03302001953125,2495500
2022-09-12,491.65100959329044,501.0345385812591,489.30981430951283,497.5039978027344,2792000
2022-09-13,490.7145989042981,491.894570634745,479.4487667939892,481.3123779296875,3172500
2022-09-14,481.3498019024382,482.6421464101545,473.9516297290856,477.38848876953125,2648100
2022-09-15,483.5037397485865,494.4417995442432,481.4809717496917,489.69384765625,3058100
2022-09-16,485.5827240355942,489.6095691084559,484.2341930593976,487.9239196777344,3981700
2022-09-19,485.6482565487602,490.7145784785289,480.38519646131164,490.29315185546875,2130800
2022-09-20,490.9394124893785,491.3420913302819,482.10842830223663,489.59088134765625,2421700
2022-09-21,491.6791928479713,494.46987968456983,479.4956019225659,479.5517883300781,2427700
2022-09-22,478.56854076292143,487.8771094774271,473.9610546030694,484.5901184082031,2285600
2022-09-23,480.9377456267447,481.967848791049,474.21383896048843,480.98455810546875,2536900
2022-09-26,475.159697761708,480.01064808231587,467.30263177799895,476.06805419921875,2867400
2022-09-27,477.9503795159024,483.9625536204757,471.59168446719275,476.0774230957031,2583400
2022-09-28,474.3074601568887,483.4755891790259,468.9882425845544,481.2935791015625,3027300
2022-09-29,482.0709208271608,482.0709208271608,470.5522213532566,476.5082092285156,2392000
2022-09-30,478.6340711793495,483.7378608344558,472.7717077984797,472.9590148925781,3116000
2022-10-03,474.86941259768776,484.9178352315363,473.29613588347655,482.7639465332031,2562400
2022-10-04,485.4234243346498,491.26709598111916,484.00001641958943,489.937255859375,3189800
2022-10-05,487.90519992148705,495.7247709533419,487.0904683637479,493.5896301269531,2281800
2022-10-06,494.76951044404973,495.0036299784505,483.91570367967176,486.1539001464844,2187300
2022-10-07,481.5090227721278,481.5090227721278,469.23180619978115,472.78106689453125,3273700
2022-10-10,473.4833604643434,474.1482519516717,463.5754055889556,467.1714782714844,2459100
2022-10-11,465.4015929669348,474.6352547130689,463.7252889119922,468.0611877441406,2844500
2022-10-12,470.233769243392,475.9650108416268,466.5627623892239,468.20159912109375,2254300
2022-10-13,462.1051694415235,480.85342374122797,456.7578584557816,477.51959228515625,3999700
2022-10-14,486.9686653768079,496.24913921548557,479.4112794224697,480.5350646972656,5628900
2022-10-17,484.85227512826884,491.0049445353873,482.54857504759013,488.72930908203125,3282300
2022-10-18,498.20643161686644,498.20643161686644,485.4047898763918,489.038330078125,2345500
2022-10-19,488.5981852982198,490.5460761912111,481.9117164334081,487.2684020996094,2500500
2022-10-20,489.8249580467012,495.7903201800602,486.7627129065722,487.7928161621094,2390800
2022-10-21,485.1519097037976,502.44869233968035,485.10509722390157,499.8265075683594,2896000
2022-10-24,503.8909467142103,511.766705020667,503.63807925201985,507.1966857910156,2627100
2022-10-25,503.6286006275107,509.3692166804445,499.9857437971383,505.90423583984375,2411900
2022-10-26,506.9906250598617,512.8529883450408,505.89496145651555,508.6669006347656,2863500
2022-10-27,511.804179820397,511.804179820397,505.4735768597936,507.38397216796875,2212100
2022-10-28,510.35238577138347,517.8723315111217,509.1537236593463,516.22412109375,2761900
2022-10-31,519.7454306917053,522.6484904143123,515.1847861698151,519.8859252929688,2770400
2022-11-01,519.7454039627186,520.3915762107256,509.6501414732875,512.5438842773438,3338900
2022-11-02,509.8282225603075,519.3522498261018,508.5733734095552,508.9104919433594,2696200
2022-11-03,507.32776955939437,513.0683863878475,503.9470964513265,509.0789794921875,2245300
2022-11-04,512.3003666796955,512.9652867510949,493.6551116387861,503.98443603515625,3513100
2022-11-07,503.9843528342125,512.2066571684728,501.45585078464296,510.3992614746094,2540300
2022-11-08,512.3003209867866,519.5580260891404,507.5711181259023,517.919189453125,2797000
2022-11-09,518.6029934041529,519.380229258796,505.17386909610525,506.31634521484375,2672600
2022-11-10,514.0610395221175,516.6551027701281,500.0326125195236,509.6033935546875,3426400
2022-11-11,511.57934928958736,511.57934928958736,477.2761189505507,488.91656494140625,7034300
2022-11-14,488.8416375598768,495.37823733474215,480.797264389933,481.1156921386719,5238400
2022-11-15,480.23539756122483,483.8221251768408,468.9601916999147,471.05792236328125,5103800
2022-11-16,473.7550253950106,481.4715975148494,473.36169193050085,479.0273742675781,3430800
2022-11-17,479.62673046664395,493.50534658489505,479.62673046664395,482.57666015625,4246300
2022-11-18,488.95398243262235,499.1428695966612,486.4629756250963,496.33343505859375,3566000
2022-11-21,495.40639971695225,498.1596482335567,482.6421957841945,484.33721923828125,3349600
2022-11-22,486.9124367767099,491.3325860742864,486.88431499718257,489.86236572265625,2567400
2022-11-23,491.6510869801927,496.7455310058923,489.7781304583634,496.0619201660156,2238300
2022-11-25,500.07934445503287,506.49419707778304,498.69337504937977,503.4693908691406,1419200
2022-11-28,501.7931190668368,505.3049122409492,497.9160856846746,498.4592590332031,2699900
2022-11-29,497.8973693871998,499.11477966643304,490.3868527769845,494.46051025390625,3751000
2022-11-30,496.0713459798966,513.265134069901,493.9736433596361,512.9654541015625,9688900
2022-12-01,517.2730731723841,517.8724329248142,501.76499681633004,502.8044738769531,2997800
2022-12-02,500.5218582416957,505.95135801112343,500.1554921393436,503.64990234375,2346200
2022-12-05,499.2630443731622,507.6140121419882,498.6900455411243,502.5977783203125,2424800
2022-12-06,502.0154961377537,507.81142026381417,501.84641729466586,506.618408203125,3097700
2022-12-07,508.046165590527,512.8086954404052,506.90951335888184,509.9906005859375,2849100
2022-12-08,511.82244455797627,517.8625551520489,510.8079715506243,514.6968994140625,2272300
2022-12-09,514.7062222571993,515.2322643277373,506.19557823446456,506.5055847167969,2852400
2022-12-12,508.9949168540816,512.9684699048902,506.5807991893049,512.7617797851562,2714100
2022-12-13,517.1767493052549,517.5806693417119,502.65414696679636,505.5849609375,3369700
2022-12-14,509.0700928308987,510.5260971862905,499.3382847082176,505.716552734375,2654600
2022-12-15,501.61147247785493,501.6866377262565,493.608064884513,495.68408203125,2963800
2022-12-16,493.3076170175394,493.92757277130244,484.44935345813013,491.9455261230469,7109100
2022-12-19,492.7908970605658,495.242683488585,489.3434432773801,491.8515319824219,1808100
2022-12-20,495.03597949545264,495.03597949545264,488.1880289078875,488.6671142578125,2086100
2022-12-21,491.8797505186683,495.8720521824589,486.6850340097918,495.5526428222656,2182000
2022-12-22,494.5568571172991,496.9334780409725,490.0009598907012,495.1299133300781,1851600
2022-12-23,492.32115214497287,499.093994140625,491.1939600614496,499.093994140625,1292300
2022-12-27,501.55525040569114,503.34947003076906,497.722624366272,499.7328796386719,1596700
2022-12-28,502.6260936292673,505.5193542063669,495.7311285312466,496.4075012207031,1694200
2022-12-29,500.24944877377084,501.32033870317554,496.7925922305865,497.7507629394531,1379700
2022-12-30,497.86345291740525,498.3331354201575,493.0163547160894,498.03253173828125,1849600
2023-01-03,493.2887611102108,493.75844362361084,481.10516689878386,487.1922912597656,3525600
2023-01-04,487.1922721698939,487.1922721698939,470.24611972363033,473.9096374511719,5070400
2023-01-05,470.63131371838034,471.64581540376855,458.87984724891777,460.2513122558594,5497100
2023-01-06,461.7824663998559,462.98485252995573,457.97804937375975,460.28887939453125,4841300
2023-01-09,462.55278968013357,469.6731647916541,458.9174511935257,460.34527587890625,3702800
2023-01-10,459.20866003821686,460.7304269968831,453.4127644399917,456.5314636230469,3164000
2023-01-11,455.86448997420626,465.54934170395,455.59206607284597,463.48272705078125,4274200
2023-01-12,460.28886939908995,468.489536514883,455.79870565653573,465.6150817871094,3726800
2023-01-13,456.63472505725355,478.60648706570095,456.5314086632594,459.88494873046875,5390100
2023-01-17,461.41611334629897,463.05059932197815,454.446012223094,455.66717529296875,4495600
2023-01-18,458.45705705902515,459.819147717282,445.9635145633905,447.3631591796875,4398200
2023-01-19,448.89434457844015,456.8977526650644,448.4434677288126,454.9908142089844,4549600
2023-01-20,456.08991695582705,457.46138191819176,449.9558642537097,457.207763671875,3525900
2023-01-23,457.17020937563177,460.3828506971467,452.2009885349379,456.35296630859375,3418700
2023-01-24,469.9267749924838,469.9267749924838,450.8952296668102,461.7918701171875,3036300
2023-01-25,459.61248126527494,465.32380754370524,456.2777471619833,462.6372375488281,3037300
2023-01-26,462.63730725508185,466.34781083089024,460.83371366706024,462.6185302734375,3005000
2023-01-27,463.45446620309025,463.45446620309025,455.0941241447407,456.57830810546875,3177100
2023-01-30,458.2316439659463,465.2205219448703,455.40414610784796,456.3341369628906,3606900
2023-01-31,467.80381462694265,474.8490527990352,463.2291112272742,468.9216613769531,5567000
2023-02-01,469.6355793480227,473.79695973806156,465.61509798539487,466.86444091796875,3451200
2023-02-02,464.29062774704784,464.9857487838632,435.7621127568909,442.2812805175781,11169900
2023-02-03,446.4144608049452,449.7491952489529,441.26673003644953,443.3990783691406,5440100
2023-02-06,443.3802945982781,449.92767001053596,442.4503323911455,446.423828125,4174200
2023-02-07,442.4785581116452,449.0916679752836,440.5904250300595,447.9644470214844,3394600
2023-02-08,446.63990373572864,455.62963418994343,446.30171740909714,453.91998291015625,3466400
2023-02-09,456.1838592741191,460.0070819534592,453.1496998061584,456.2778015136719,3664600
2023-02-10,459.47161415945146,465.60566655785544,459.11465086717465,464.2811584472656,3418100
2023-02-13,464.0463350905815,469.56040335197923,461.94216655029726,465.3144836425781,2589000
2023-02-14,464.3187898482495,467.75686960275124,459.4340797925627,462.9472961425781,2072600
2023-02-15,459.9600231037416,462.00783173034665,458.77644280911096,461.4630126953125,2242500
2023-02-16,461.3691670075824,464.04636329850337,457.7244258022189,457.7995910644531,2611500
2023-02-17,457.8277742150998,469.1752921877718,457.7995944083432,468.8183288574219,3891500
2023-02-21,466.5826310690436,470.99762959682164,460.75855630133236,461.5194396972656,2877300
2023-02-22,462.9285109452479,463.9430413031418,459.03955435238214,459.2462158203125,2982800
2023-02-23,457.1513987529538,463.4169475839469,456.40929233652315,461.87640380859375,2511800
2023-02-24,459.89431282811597,462.6466741174628,453.7227064478363,454.962646484375,2940400
2023-02-27,459.1334382608157,461.17187300219246,452.7363646599292,454.013916015625,3006200
2023-02-28,453.4032653940377,454.0514007962605,445.18382258253223,447.0813293457031,3902100
2023-03-01,444.89269759255575,449.40166733711817,443.3803335202285,446.40509033203125,2996900
2023-03-02,446.3956721478383,451.2991590177026,444.5545246157449,448.7347106933594,2188800
2023-03-03,448.96017023060523,450.049837215893,445.46573081818195,449.5425720214844,2863300
2023-03-06,452.1820905194571,454.9814083233031,449.9558002282439,451.62786865234375,3812700
2023-03-07,453.69455980787603,454.4836230404956,443.90636299278685,445.1463317871094,2589200
2023-03-08,443.145510774177,446.5648136901438,438.4580878358193,442.06524658203125,3036600
2023-03-09,445.2120830393781,445.2120830393781,435.6305479307013,436.72021484375,2780400
2023-03-10,436.25831628093806,441.9994222549617,431.375080684999,433.9580993652344,3787500
2023-03-13,432.3743759604539,443.4229495601321,432.3743759604539,437.1162109375,2971600
2023-03-14,438.0305657521588,442.923237086554,432.75137953896586,437.9645690917969,3258200
2023-03-15,434.58023099773214,442.01823282234915,432.930487141343,438.765869140625,3770200
2023-03-16,438.0871490564783,446.2699010619095,436.5693984041193,444.9783630371094,2940500
2023-03-17,444.384459395521,444.96893549051146,439.58603608958157,442.60272216796875,5290000
2023-03-20,443.07408619539603,452.331513369035,443.07408619539603,449.6353454589844,3119400
2023-03-21,450.98343157835245,453.8681243130245,448.4663810941679,452.595458984375,3163300
2023-03-22,454.33954623784507,457.9123999645404,447.61801267402996,448.27789306640625,2632200
2023-03-23,450.05955816427894,453.1328045216528,439.9348535655196,442.9892272949219,3284900
2023-03-24,442.1125033544088,449.55991261757475,440.80212158647896,448.72088623046875,2533200
2023-03-27,457.73321654030394,458.4308420940348,451.1719574404801,454.2923278808594,2271800
2023-03-28,454.3866356019092,456.0740961007177,443.7245780514627,445.50628662109375,2369500
2023-03-29,447.8912907529746,448.61719644300416,438.3133748471398,439.8594055175781,3733200
2023-03-30,439.84056390528315,443.460569752505,434.6650622967694,443.130615234375,3324600
2023-03-31,444.5069481429999,448.7303025236815,443.1683150319644,445.5156555175781,3996700
2023-04-03,457.4032143744078,467.70703477261895,455.7911584649573,465.878173828125,4729100
2023-04-04,464.78469842323983,467.6788274455651,463.66287028454377,464.9920959472656,2624700
2023-04-05,468.8949181744524,482.4227945491509,467.67881324009215,480.0566101074219,4964800
2023-04-06,481.72515350435305,484.7795268761865,478.09571166245723,483.43145751953125,3472600
2023-04-10,481.54612965017145,485.8637614778314,478.9819549732201,485.665771484375,2714500
2023-04-11,486.570711180194,492.30235076928625,485.7033759144083,491.12396240234375,3065300
2023-04-12,494.90439690545196,496.5258897275825,490.24740231531035,491.33154296875,3422400
2023-04-13,493.89563698522034,500.06100302949403,490.68101816776914,496.0827331542969,4224400
2023-04-14,492.09503996193274,497.03483537148236,479.3684441008483,482.469970703125,4872000
2023-04-17,479.57582596809783,480.39597973817223,473.94784149809635,476.3988952636719,3660900
2023-04-18,474.8151724048131,477.94495046941734,469.60198270959813,475.5787658691406,3232000
2023-04-19,471.96813084802363,473.21251594162663,455.9232042530629,458.3459777832031,5809100
2023-04-20,457.6578585226285,461.59838315201466,455.5744755038196,459.5338439941406,3283000
2023-04-21,461.96601840974415,462.6164911772554,454.5186086836348,456.10235595703125,3165300
2023-04-24,455.7158567660833,462.13571537157196,454.9993873118548,460.9290466308594,2322400
2023-04-25,464.45478298087954,469.94136713063614,462.47508440661915,463.73834228515625,2937300
2023-04-26,458.03486479028294,459.76004156335847,450.95509789349796,455.28216552734375,2930000
2023-04-27,454.57513042620235,462.8521295742803,454.57513042620235,462.371337890625,2473200
2023-04-28,460.69337887322587,465.66145481749356,460.15602677094233,463.8985900878906,2398900
2023-05-01,466.25536430758376,470.7803937312241,463.6346292478108,467.3017883300781,2105600
2023-05-02,466.8775433427655,468.253893113282,461.24012216465417,465.1241149902344,2152300
2023-05-03,466.07622828325043,467.06609191563246,460.07116490328787,461.400390625,1749700
2023-05-04,459.1473018926338,461.63607231285266,454.33949963682744,459.3641357421875,2555700
2023-05-05,465.75567621230806,472.15669033398336,463.84197451851844,465.96307373046875,2329400
2023-05-08,463.8514032678803,466.02906278842977,460.3445181438755,464.3981628417969,1738500
2023-05-09,464.60559006784194,470.78977065221255,462.21109656577295,462.2865295410156,2038600
2023-05-10,461.3626947880518,465.1995349399253,459.7035432171964,461.99432373046875,2018700
2023-05-11,460.0429299072259,462.0414724586603,457.8369898021944,460.7593994140625,2384200
2023-05-12,460.75936316265773,464.66217111241815,459.8072160002485,463.0878601074219,1536500
2023-05-15,463.24808528965474,463.61575631400893,455.98922932972573,458.9681701660156,2169700
2023-05-16,459.68462248696414,461.18352916359305,451.5678965413841,452.2372131347656,2178900
2023-05-17,452.50114721821774,457.591779370573,450.1820868941138,457.03558349609375,2682000
2023-05-18,454.4337216167445,454.90507700843045,446.74122694136946,451.7752990722656,3040100
2023-05-19,452.1052345930548,457.02618613928115,450.43664682738773,451.3887939453125,2317900
2023-05-22,452.9159512952383,454.57513140771067,450.5308942681836,453.08563232421875,2242800
2023-05-23,448.89998988856496,455.6969549866459,445.4685377808116,451.9732360839844,2874200
2023-05-24,453.07623284017586,455.5932833849865,451.454797850228,453.28363037109375,1904700
2023-05-25,450.26698063186507,454.1697885279545,447.12773744117743,450.3329772949219,2684100
2023-05-26,450.6723108050668,460.410529221815,450.6157504601055,453.93408203125,3135200
2023-05-30,449.3713962253631,458.0349111449375,448.7586399333242,452.35980224609375,3180800
2023-05-31,450.7289277877429,459.4772837284704,449.7767805791667,459.3264465332031,4944100
2023-06-01,459.84491411815225,470.20529671508297,458.26113809253957,465.350341796875,3376600
2023-06-02,463.8137370888399,472.31697857853794,462.26767748930286,470.95947265625,3064500
2023-06-05,472.01529159571373,474.0892380173948,468.9232014369397,469.6490783691406,2688800
2023-06-06,471.26118630503186,471.26118630503186,455.96100638345655,459.6375732421875,3816600
2023-06-07,461.88119152767234,462.3431106370741,454.00955019229986,454.5091857910156,4381700
2023-06-08,456.6397137941198,463.64404837237,454.7919798492458,462.1451416015625,2725900
2023-06-09,461.91886697452406,469.6773874050622,459.3170046660283,465.3409118652344,3174100
2023-06-12,464.0965398801802,466.1233912227887,460.7216476961392,464.36993408203125,2207700
2023-06-13,462.7484434739292,466.3213254434144,460.66506067175993,463.1632385253906,3016600
2023-06-14,428.5940914372134,434.24092044368564,420.14738117657436,433.5150146484375,14672400
2023-06-15,437.3108145491856,446.7860967344771,436.2885200891258,441.00250244140625,6798100
2023-06-16,441.23916864700976,443.4920065869348,433.4677198205865,433.997802734375,7699100
2023-06-20,432.3507275255426,445.3567368830158,432.3507275255426,444.3155212402344,4597700
2023-06-21,443.89903072926097,453.7623854443298,442.23303945364916,451.2823486328125,4886500
2023-06-22,452.6359520694509,457.36885556815866,452.46557447646154,453.45947265625,3179000
2023-06-23,452.7779215207944,456.51692674164144,451.0930090749429,451.51898193359375,4862600
2023-06-26,452.59815598460864,455.5988009331272,447.7327168238072,453.468994140625,2968300
2023-06-27,452.58860659676463,457.3688272798623,452.247822544513,456.7819519042969,3693200
2023-06-28,456.2139640207479,456.36542037862597,448.66026955024756,449.10516357421875,3670100
2023-06-29,449.7015573140326,454.08423068487906,447.8083958674364,450.9889221191406,2979300
2023-06-30,452.46558213624564,456.34656884835726,449.7394250528628,454.9645690917969,3970400
2023-07-03,452.5601775924286,454.5574487349306,450.856315229134,452.3519287109375,1915700
2023-07-05,450.6008108800709,451.7935118097673,445.45140954491745,446.0477600097656,5053100
2023-07-06,444.2776326943438,447.16469211436214,441.7218533910809,444.2870788574219,3913600
2023-07-07,440.1599561337074,443.57709805626024,436.2032563642212,436.9226379394531,4131600
2023-07-10,435.4270582741095,438.36146379212164,434.63193406896005,438.3141174316406,4339200
2023-07-11,437.6704793132616,441.5703868694401,436.5062036314727,438.1627197265625,3086800
2023-07-12,438.2668455067411,439.9896292406169,427.14452275360026,427.57049560546875,7287600
2023-07-13,427.8544804643879,430.5995587429946,423.29195451408225,423.8315124511719,7276800
2023-07-14,437.8408776386778,459.0916252489559,435.5312184913858,454.5196533203125,11379300
2023-07-17,455.4093880467676,458.71297405269115,452.7494988165805,458.2207336425781,4582000
2023-07-18,463.1903155818023,477.4742435917817,461.45808563232424,473.29034423828125,8816400
2023-07-19,480.4275911411637,487.16721242029666,475.63789496484696,476.792724609375,4956500
2023-07-20,479.5945709646554,481.5066535394848,473.79202677223026,477.3038330078125,2963100
2023-07-21,478.07054681739197,483.14423413437964,477.5688602272423,479.47149658203125,2887300
2023-07-24,478.3356320966994,482.5479279399106,477.61625037850627,481.5066833496094,2279000
2023-07-25,482.7561005591037,485.1225520324326,480.18140020062793,483.63641357421875,2730600
2023-07-26,484.21381824413004,488.30302422866225,479.5661043192986,480.8629150390625,3697200
2023-07-27,481.4025120785727,483.2294057392955,476.2531112029977,478.2409362792969,3028300
2023-07-28,478.22207667213996,480.3708335706211,470.71569788005667,476.0449523925781,2930000
2023-07-31,476.1300353672921,480.7493532548589,472.40050554269175,479.32000732421875,2441600
2023-08-01,480.3896714012426,482.79399429828965,475.64729318444336,477.777099609375,2161200
2023-08-02,482.4627476180943,483.20107945194576,476.1206450008261,477.8339538574219,3220500
2023-08-03,476.0259803125494,478.96983241263564,474.2748002466142,477.8907165527344,2442900
2023-08-04,482.75617376486304,483.6080906469778,474.94688271866676,475.8745422363281,2411200
2023-08-07,478.72367041695543,486.1637801760823,477.69190101431394,483.4565734863281,2430900
2023-08-08,476.1300734434442,481.0239081811196,473.3092526685283,478.8372802734375,2422600
2023-08-09,477.07664895576164,478.714243884361,474.12332194134467,475.28759765625,1916900
2023-08-10,477.5215477501699,484.68714140765763,475.92182412028285,476.5844421386719,2179700
2023-08-11,478.6195396207428,483.3903137958517,477.31325380837455,480.8724060058594,2029600
2023-08-14,481.9515012807024,486.0691326217642,481.0995845277734,483.63641357421875,2127200
2023-08-15,484.2517197127629,486.21117749272247,479.22537873596167,479.6229553222656,1817500
2023-08-16,480.8629767038325,483.2294283608395,475.9691419667082,476.66015625,1454100
2023-08-17,469.01181920974443,474.4546582762238,465.5473303548598,467.572998046875,3009500
2023-08-18,468.3491710359172,474.18011128379504,467.1375489641081,471.81365966796875,2364400
2023-08-21,470.9333662591503,473.5269880944161,469.7122690859511,471.0942687988281,1533500
2023-08-22,468.9549741748155,470.2517849765333,465.08343409489413,466.03948974609375,2079400
2023-08-23,466.6642583818276,467.61083902763255,461.8650875746329,463.29443359375,2011400
2023-08-24,465.17816314529153,468.9550399170959,461.1835912925868,462.02606201171875,2311100
2023-08-25,463.7487673870867,464.91304300485984,458.76026927568313,462.9914855957031,1923500
2023-08-28,464.2883260230273,466.7210451858756,463.00099022644747,465.0361328125,1344500
2023-08-29,465.21599060515393,466.6074653083537,461.90295834871137,466.5033264160156,2113700
2023-08-30,467.60134632560147,470.1760467404917,464.09901540074304,465.27276611328125,2283400
2023-08-31,466.05837755196086,467.44040592959294,450.84685033483174,451.121337890625,4927700
2023-09-01,453.41207100194345,454.9739230890949,448.0733429805878,450.79949951171875,3165900
2023-09-05,452.46553800520996,458.7129758973959,452.0301190068842,455.12542724609375,3443300
2023-09-06,456.337073411657,457.3499216652449,450.9321058545421,451.4621887207031,2596100
2023-09-07,454.26399869457316,461.08883634948666,453.0334555385016,458.9117126464844,2928000
2023-09-08,456.3080505945958,458.9497878594009,454.9396657811912,456.85919189453125,1858400
2023-09-11,458.0090264495307,459.7765065538119,454.22695890408164,455.538330078125,2059200
2023-09-12,453.6378421092855,459.58651463979567,448.6394352737549,456.0325012207031,2195200
2023-09-13,457.48632152618825,459.9665296089079,455.61429729510024,455.97540283203125,2197800
2023-09-14,458.62667264172666,461.13535864448977,454.9681444295521,459.5484313964844,2334300
2023-09-15,461.5820173292327,465.459117335265,460.0616155227473,462.4942932128906,5334300
2023-09-18,464.11920775700816,464.43278263332525,459.54843271253935,461.8860778808594,1997500
2023-09-19,459.70049836497975,461.57252276686364,452.8395795367347,456.7546691894531,3230700
2023-09-20,458.7407693985334,470.48603960035706,455.31032412107464,467.6542663574219,3724800
2023-09-21,469.6117678465341,480.0171879583964,468.5569579311785,476.21612548828125,4703900
2023-09-22,474.1825515553201,484.0938151619439,473.26079272997987,480.929443359375,4558500
2023-09-25,482.9819937406602,485.5286985391669,481.43305620282234,484.9015197753906,2758500
2023-09-26,483.6281545722956,484.08429247927614,479.2949459552921,480.3117370605469,2420200
2023-09-27,481.05297115868893,481.1764813284014,476.13057324912734,478.67730712890625,2593700
2023-09-28,480.8058976112963,488.5790924340637,479.8936507347138,484.7304992675781,2922000
2023-09-29,484.4929171226669,484.5214239303901,478.7437929001847,479.1144104003906,3006200
2023-10-02,480.38771076894875,489.23470913799986,478.1165913335641,488.9781188964844,3550400
2023-10-03,487.77134057252107,488.41751424665546,483.0770259990165,484.1318359375,3143200
2023-10-04,484.15083507180583,486.36497026857484,481.41406536925854,485.2246398925781,2801700
2023-10-05,486.174922678972,492.43719903151367,485.80433414358225,490.5556335449219,2790700
2023-10-06,490.76468623686685,499.79220953835005,490.3180312400489,498.7088928222656,3647200
2023-10-09,495.2309916348951,500.6664835867874,494.37572930698303,500.32440185546875,2341600
2023-10-10,500.3147845979601,501.87323393427636,497.06489283533233,498.16717529296875,2455700
2023-10-11,495.0123401668502,499.4501222790597,494.3566545827933,498.0627136230469,2819300
2023-10-12,498.3858271425099,502.29146327510443,496.27626511434306,499.4026184082031,2377300
2023-10-13,506.7290860681661,517.3815833752607,505.54125417396034,512.5732421875,5245400
2023-10-16,516.1652563296537,519.5862472541705,509.45638358276403,511.27142333984375,3827600
2023-10-17,513.0865282227057,515.452680830194,507.98360541870477,509.9601745605469,2586000
2023-10-18,516.0321262366639,516.925378074712,508.7721423184771,509.3992919921875,2551400
2023-10-19,510.1215471530544,511.5659693139367,502.92803015386744,505.1896667480469,2351200
2023-10-20,504.59110008732046,507.85050456484197,500.5714946295532,500.8185729980469,2811100
2023-10-23,500.81847561342653,501.5311747687502,494.4136371512494,495.6300048828125,2357700
2023-10-24,496.8558221385025,504.2773936233918,496.10513324808505,498.889404296875,1978200
2023-10-25,501.04657926562766,505.8833988616172,494.2141670390027,503.8403625488281,2380100
2023-10-26,499.5546553593442,504.0873829934765,496.5328176033856,502.08233642578125,2675800
2023-10-27,499.830245351008,501.49321032297354,495.3355071580866,498.5663757324219,2585600
2023-10-30,498.88944003908165,505.3702583915425,496.9318952229127,503.6312561035156,2555400
2023-10-31,508.392200398536,509.98863997441237,505.1802973710017,508.9243469238281,2464200
2023-11-01,503.6217681422209,509.1808569670594,500.5999303500843,505.16119384765625,2747400
2023-11-02,505.54134049426943,510.1406518937843,500.74251042220715,509.4659423828125,2350900
2023-11-03,507.9834912440622,509.3233402268072,502.500440145288,504.49603271484375,2739500
2023-11-06,505.1897086390379,509.36138856830394,503.68827274202,506.9287109375,2684900
2023-11-07,508.7342040673912,512.8108808224642,505.0852164540196,511.0813903808594,2604800
2023-11-08,513.1433976545251,514.4737926260646,507.5748554443278,510.0360107421875,1769200
2023-11-09,510.8627811832723,514.0081581090246,507.8979570478035,512.1931762695312,1819600
2023-11-10,515.6901365388009,515.6901365388009,509.3613930682452,514.2932739257812,2480800
2023-11-13,514.2363322383982,517.0871294796726,511.1574224981424,515.585693359375,1507900
2023-11-14,512.221693559922,515.6806162598438,509.8270056910759,513.58056640625,2454000
2023-11-15,513.190956923003,513.5805983225055,505.25626187978463,511.63250732421875,2473700
2023-11-16,511.632444182226,517.7616685188686,510.7391922540994,512.9723510742188,2360300
2023-11-17,513.4000472098336,513.6376136250751,502.063384834466,509.6179504394531,2676900
2023-11-20,507.0712350560917,509.6654996972005,505.3512565649097,508.48712158203125,2518400
2023-11-21,511.0244156766934,514.7304171912502,507.62244815339295,512.75390625,2115700
2023-11-22,515.9656837221604,517.3246145664717,513.3905010722491,516.7164306640625,2234500
2023-11-24,517.8281379940324,520.3558765380321,515.8135799061225,519.8901977539062,1135000
2023-11-27,519.8902539324722,523.4917974501938,514.5973259123062,516.5548706054688,2675800
2023-11-28,518.4934261067094,518.6739788914385,513.2099516688999,513.6470947265625,2859300
2023-11-29,503.6408034489462,514.9109403382928,502.3579679984971,508.37310791015625,4550000
2023-11-30,509.1428264113774,526.3901716559346,507.4513836654144,525.4683837890625,7121200
2023-12-01,524.829451289068,528.9104903085882,519.8139937752031,521.7210083007812,3462200
2023-12-04,522.7699126959798,526.2120600228965,517.7925744121642,522.7890014648438,2709200
2023-12-05,523.5709616624304,526.8415437054782,519.9953084234387,524.6770629882812,2645600
2023-12-06,522.1024563470611,526.2216148784886,521.6638220367237,523.9808959960938,2239700
2023-12-07,525.7162406408617,525.8688344035256,519.2038275098068,522.7794799804688,2511700
2023-12-08,524.6387485155964,526.0785538223204,519.2228341401302,524.209716796875,2039900
2023-12-11,524.20035775355,524.4291902704338,513.997814594246,518.4030151367188,3655300
2023-12-12,520.4242583029613,522.0356879232797,517.4207453095337,520.3479614257812,2706100
2023-12-13,518.7079655541202,523.8759587685784,513.5495167241528,523.4850463867188,2876600
2023-12-14,518.9940456527128,519.5852155615323,504.7868208731356,509.4017639160156,5386800
2023-12-15,505.3588952719358,508.6961709954297,498.6462244820544,506.42681884765625,9030100
2023-12-18,504.51034334647835,506.7606070968749,500.8107295614293,502.0693664550781,3260300
2023-12-19,500.20047049885073,503.0895676461853,497.52111704385936,499.6759948730469,3645600
2023-12-20,499.4947853462849,500.42926209237345,491.8858155704489,491.9430236816406,3847800
2023-12-21,494.75596517760016,496.6057720140799,492.48661272261546,495.70947265625,2491600
2023-12-22,495.7094445918712,498.69392748687807,493.9359347493838,496.11944580078125,1759500
2023-12-26,495.7094591480314,497.23504779330716,493.8882273228517,495.8525085449219,1390800
2023-12-27,495.58545886871946,498.8368934152563,495.2135770245417,498.4841003417969,1851800
2023-12-28,499.13246598669906,503.32792161759755,498.6271373524489,500.49603271484375,2001000
2023-12-29,501.525832650747,503.68076881104304,499.5616096209817,501.9930419921875,2080100
2024-01-02,502.3458669089263,514.5697806285111,502.18372874787866,514.2647094726562,3415700
2024-01-03,517.792522182164,521.3681741355186,514.3980389223445,516.8295288085938,2891400
2024-01-04,519.6615548891745,523.475584649829,517.7545400088472,520.06201171875,2994400
2024-01-05,521.5686116790698,521.5686116790698,508.91554830819564,512.3958740234375,2815400
2024-01-08,514.3219422960392,515.1324003503162,503.45193407675515,511.5758361816406,2648900
2024-01-09,512.9869286336365,514.5220614229361,507.58055852492595,513.3397216796875,2677000
2024-01-10,513.0823139551112,516.0382218440949,511.22302106390515,512.6437377929688,2180000
2024-01-11,511.2039275534478,515.0465321167882,509.6783389908385,514.5888671875,2814100
2024-01-12,494.7367628050518,503.90949798765206,489.27318483010976,497.2635803222656,6327300
2024-01-16,499.361388696384,500.1146386022921,492.53424302211425,495.0133972167969,3736700
2024-01-17,497.0443378860367,505.9881832611514,495.8238205468282,500.5341491699219,3791300
2024-01-18,481.7405628735871,492.8107991187623,474.3317916186578,492.33404541015625,7367000
2024-01-19,491.0563205555368,493.4877528333557,478.4890997626862,480.148193359375,6143400
2024-01-22,480.5105098683268,489.69279056415775,473.4164126559163,489.1397399902344,5922900
2024-01-23,488.67257390235704,493.99316183155327,488.27211706391597,491.55218505859375,2672900
2024-01-24,493.82151283274067,497.4734043250195,489.10163949544506,489.36859130859375,2918800
2024-01-25,464.92066515918253,472.47245649728916,456.73004016457224,470.4605407714844,14671000
2024-01-26,470.34612550170567,480.27214095144706,467.1232658586188,479.804931640625,6212200
2024-01-29,479.7191038765823,482.9610523820027,477.8502374819334,481.0826416015625,4554100
2024-01-30,481.08267641336425,482.5224529339102,476.01000959065783,480.1958923339844,4931200
2024-01-31,481.05400589248626,491.0562887537588,481.05400589248626,487.9478454589844,5358100
2024-02-01,485.17319896846624,486.4985883350374,479.6142631552217,483.5617980957031,4242600
2024-02-02,484.62010164710466,489.0634202087879,481.89308464408754,486.508056640625,3804500
2024-02-05,486.25063221364746,490.2935234321398,476.8013702584285,479.5760803222656,3646300
2024-02-06,480.51049734945275,487.18504881421217,479.0897807064063,486.9276123046875,2745400
2024-02-07,490.11234359572785,496.77735095043465,488.85370685530455,495.2422180175781,4109100
2024-02-08,496.4245409915408,497.8833769881836,493.23031461775315,495.90966796875,3343000
2024-02-09,494.8608062501438,496.1957399162054,492.2863245784389,494.1265869140625,2715400
2024-02-12,494.1265702632589,494.8607895745989,488.9681209053607,493.5735778808594,3194000
2024-02-13,497.7308684269261,502.4316529783724,490.30306664804397,492.8202819824219,3436000
2024-02-14,491.3042424480867,494.42223033409016,490.3793099881746,492.9061279296875,1918500
2024-02-15,493.2874472137126,497.49238841644427,491.81900885921766,496.662841796875,2292100
2024-02-16,498.0169494638299,499.43766630969833,494.76551453585097,497.30181884765625,2135500
2024-02-20,499.83813580216236,500.9441787808167,495.26125371780097,496.8345642089844,2600200
2024-02-21,499.32315300948574,499.34224177873307,493.47814858696836,497.7021789550781,2095900
2024-02-22,499.82858162230025,502.25046942313,494.4794191730519,502.0216369628906,3186800
2024-02-23,502.26002457080676,505.8356773323455,499.79041478994907,502.72723388671875,2502000
2024-02-26,503.7570984793831,508.0383379200872,499.9335240237491,500.8965759277344,2308900
2024-02-27,500.3625117768604,501.15393914968445,488.2434127589726,489.5497131347656,3780600
2024-02-28,472.4056596994268,475.3710534391747,461.8694156592105,475.1136169433594,9558600
2024-02-29,475.3234870660434,478.42238643006476,468.7442911590998,470.65130615234375,6833200
2024-03-01,466.66560544810494,467.2376866102639,455.06140756336964,466.7704772949219,7315000
2024-03-04,460.7728836689627,464.39622906737713,457.77888571372495,459.4665832519531,5239800
2024-03-05,459.9624359769688,460.44870495042653,448.73963556507437,451.1520080566406,5296200
2024-03-06,452.38204408299663,457.4928296767857,446.4226229528867,450.6275939941406,5577500
2024-03-07,451.96246933215406,458.8181892855764,451.58107222419443,456.5202331542969,5102000
2024-03-08,457.88914492766537,463.55617388775767,454.48127947116257,456.2043762207031,4673600
2024-03-11,456.6159566601098,469.35716686631736,455.65869050358964,468.2467346191406,4410100
2024-03-12,467.27030557740505,471.2429540455527,466.5236391887254,468.43817138671875,4153800
2024-03-13,472.4300342989727,474.80406514152156,464.59002128949953,467.14593505859375,3669000
2024-03-14,467.83514655952234,468.75411394772124,464.4559979833594,468.1031799316406,3378500
2024-03-15,466.6194155660761,470.2282985821728,466.6194155660761,469.84539794921875,5713500
2024-03-18,471.0706924440402,471.0706924440402,465.5951287326052,466.2364807128906,2970500
2024-03-19,468.74460079980844,472.35348422491955,466.9449354861682,472.2386169433594,2511700
2024-03-20,471.42494314883317,473.4639250732095,468.52442738395325,473.1097412109375,3548200
2024-03-21,471.243036765763,474.9955333864439,470.28577049873144,470.6782531738281,3693400
2024-03-22,474.038221558285,474.64127470925735,468.840244025675,469.12744140625,2847300
2024-03-25,469.6347830307053,470.47718192402783,463.3838361865286,465.1164855957031,2786100
2024-03-26,467.2703930019823,472.25774213110583,464.4943266381887,471.2717590332031,3113300
2024-03-27,472.60231964604696,474.545568801917,470.3144394781082,472.0279541015625,2653100
2024-03-28,473.84673846861847,474.6795553348062,468.3903097948143,473.5595703125,3820000
2024-04-01,473.3394035013844,474.5934198450297,467.81598822604207,468.77325439453125,2928700
2024-04-02,439.95955115516966,443.8651843954112,430.38688915968487,438.56195068359375,11867000
2024-04-03,442.25699792097583,443.0706800585415,436.0826190568302,440.09356689453125,4460400
2024-04-04,441.12745275872396,441.98898656529593,432.60778873649303,435.919921875,5182000
2024-04-05,431.4303131450958,438.1886102917109,430.7793791295652,436.2644958496094,5747400
2024-04-08,436.4846803986757,437.66212836853555,434.2063821162436,436.5133972167969,4532300
2024-04-09,434.86690174537574,440.1127312020076,433.1246701957507,440.0744323730469,3521200
2024-04-10,436.02518812731915,439.13630339175035,430.5592061040375,430.8176574707031,4493500
2024-04-11,431.1431387552129,431.50687537268993,422.6138933895028,422.8436279296875,5844100
2024-04-12,421.5226037488703,423.34140372392073,417.7318376979778,420.43133544921875,6045700
2024-04-15,423.111697087685,429.19034382744894,423.1021150765514,426.5865783691406,5376800
2024-04-16,456.39580281508853,459.24846665266915,445.7031555529191,448.8525695800781,11816500
2024-04-17,458.14761642566754,467.1459130056276,454.308969554511,458.52093505859375,8759800
2024-04-18,465.35580789201754,480.54761733562816,465.20264179920554,472.1045227050781,8880400
2024-04-19,475.76129917079487,485.6211292992177,474.3828335121781,479.7148132324219,6618600
2024-04-22,476.5079664271538,478.07789701286254,469.673100970805,470.2378845214844,4697700
2024-04-23,470.01771674178366,473.18626561125643,464.24540257029514,465.4036865234375,3646700
2024-04-24,463.10623311127677,467.9691324698157,460.1674189165387,466.4757995605469,3724400
2024-04-25,468.06492462668723,475.88580319769574,466.69604082084777,472.7555236816406,4329700
2024-04-26,470.9750063903013,475.9815195157225,470.40064078372103,474.1818542480469,2727000
2024-04-29,474.52639735712,476.0963278732502,466.92570175187785,468.1318664550781,2192100
2024-04-30,468.0648941784983,468.7828438610259,461.96711288238214,463.0296936035156,3367500
2024-05-01,458.7794317225408,468.2850785613659,456.68301630071016,463.4221496582031,2729200
2024-05-02,463.5849180506028,472.5927973509059,463.2594510174075,471.903564453125,3561400
2024-05-03,469.8837131401778,471.7312592665805,465.02081328174097,471.4057922363281,2487600
2024-05-06,471.43449585632965,473.72234701516095,470.97499753701334,473.2532958984375,2029500
2024-05-07,474.80409129030033,480.21264011654233,473.88512380950436,479.5521240234375,3752100
2024-05-08,482.6249292339561,485.3339798176805,478.7096846356803,481.7059326171875,3078900
2024-05-09,480.6816846845609,486.2625340203921,480.6816846845609,485.3627014160156,2342900
2024-05-10,487.2484786438843,491.63277404504214,485.33394631129534,490.8956604003906,2784600
2024-05-13,490.16814911257507,492.6761818982237,485.63071664429293,489.87139892578125,2454500
2024-05-14,492.59011152653255,494.11213223223433,485.6211847820687,491.9200134277344,2949700
2024-05-15,492.8293998313208,500.2577952793872,492.8293998313208,495.4331359863281,2981200
2024-05-16,497.77839392784114,505.5896599401086,497.3093428664805,498.994140625,3655800
2024-05-17,500.59278907363597,503.3784080084076,497.78800611825477,502.2105712890625,2657200
2024-05-20,502.21059411131546,502.21059411131546,494.46628449187426,495.1268005371094,2476200
2024-05-21,496.1702133533108,502.29668184824385,493.87275115090415,501.17669677734375,2521900
2024-05-22,500.47795152595376,503.7901138090546,498.40070010767005,499.07073974609375,2299100
2024-05-23,496.1702749562989,497.99862787899133,493.2122963854635,494.74395751953125,3055400
2024-05-24,494.05464627169573,495.04065850622055,485.8317330891483,486.4539794921875,2527800
2024-05-28,484.9989044783575,484.9989044783575,480.45189012125695,482.15582275390625,2912800
2024-05-29,471.30040576059423,472.7937385952603,453.04533354096174,464.00604248046875,7521600
2024-05-30,461.708672512019,465.26012217975716,457.57327523092204,461.0672912597656,5169700
2024-05-31,461.79479633760195,477.111055713054,461.79479633760195,474.2009582519531,6694800
2024-06-03,473.0140069995344,477.36955702985796,471.99930704679815,476.18255615234375,2795100
2024-06-04,477.2546409231814,486.54968767372986,473.45429288818167,483.88848876953125,3178400
2024-06-05,486.96134342295676,487.34424407268926,477.48438436475664,481.6197814941406,2464400
2024-06-06,482.1271211838686,483.13226823318706,476.02934009576614,480.4710693359375,2419600
2024-06-07,480.58592432219467,481.3708603926969,469.4624959121793,469.720947265625,3416300
2024-06-10,470.0177064221314,474.22011908245355,465.4132583154384,473.8467712402344,3332800
2024-06-11,469.88365608069495,476.50795080136254,469.33803656845527,475.0146179199219,4599700
2024-06-12,478.6331464948946,478.6331464948946,466.59074938300057,471.9992980957031,4048200
2024-06-13,469.32849390182685,480.54765547304214,463.68062889333913,476.0484924316406,4951700
2024-06-14,475.5985747952302,476.5750050599828,470.7165403252565,475.8761901855469,3188400
2024-06-17,472.3288832919303,474.0496672054145,469.80061738313896,470.31011962890625,2407200
2024-06-18,471.73289713009706,472.64616977287113,460.5142243018901,462.44647216796875,3692700
2024-06-20,461.4755298825957,467.12813866667005,459.6201460396095,465.7822570800781,5258100
2024-06-21,465.7053410317818,469.41604986149804,462.0042255244408,463.9268798828125,6368600
2024-06-24,469.95438633809766,471.9059086574693,465.7630139580017,471.0310974121094,5139800
2024-06-25,471.66562503314856,471.66562503314856,462.01389104428523,465.7630615234375,2916100
2024-06-26,465.76303360130055,468.58933794785287,462.8502133262674,465.3208312988281,3153100
2024-06-27,466.2917318749843,470.069769947882,463.4077503662124,467.62799072265625,2991900
2024-06-28,477.17399899394445,489.7000917988397,470.4831695960087,489.5655212402344,22734200
2024-07-01,487.1525418832403,489.22901208447104,473.8285614303974,475.5204772949219,4523100
2024-07-02,475.1455857343383,479.1927649848065,474.3092357740449,478.9716491699219,3312000
2024-07-03,477.89495672189474,478.8178225880521,467.7048828808752,470.944580078125,2239200
2024-07-05,470.089003128738,470.73310526437507,465.7630307073079,469.1372985839844,3499000
2024-07-08,470.27163931191365,474.7802660734779,467.3684418281639,470.41583251953125,3450600
2024-07-09,469.44488926426715,476.24147947309774,467.29152576736135,473.0787048339844,3056800
2024-07-10,471.95399795720607,482.1056112733189,471.16570257875924,481.5576477050781,3189800
2024-07-11,478.45259714314926,489.05603582710313,478.45259714314926,484.8550109863281,3535100
2024-07-12,487.3160067838115,494.67015414198585,483.96095483994714,491.7477111816406,3570600
2024-07-15,503.966238891549,510.3014119237705,493.9299790441042,495.43927001953125,5128000
2024-07-16,513.2526955302893,528.65311977531,506.74449059619104,527.6437377929688,11062000
2024-07-17,532.575263770918,551.4268759029618,529.9796686204769,551.1096801757812,10330800
2024-07-18,542.6692284364503,559.0117915603115,539.7083241003713,542.5154418945312,6834800
2024-07-19,545.1877953230137,547.8603127026619,539.8235739214248,543.467041015625,4290400
2024-07-22,541.2752123072157,542.4288165629908,535.5361176799905,536.9300537109375,3377300
2024-07-23,537.179964035875,537.2280773320138,531.4312465938074,533.2481689453125,2785600
2024-07-24,538.3431760132872,539.4294803302939,531.6331316310415,538.1028442382812,3156200
2024-07-25,540.2659308597562,547.8508171738757,536.9782079941334,538.03564453125,3102900
2024-07-26,538.3432444581764,556.7334389137371,538.3432444581764,547.6873168945312,3201900
2024-07-29,543.8323942236323,549.254234667833,540.0351403085051,544.8321533203125,2965000
2024-07-30,544.9764391591989,557.0218390391991,544.1015985075834,554.041748046875,4139100
2024-07-31,543.5728357942912,558.4349749228182,540.5734997264656,553.8782348632812,4713200
2024-08-01,554.8781186168558,564.7797778813555,545.1686778688475,550.6194458007812,3680800
2024-08-02,559.8097593948038,568.6635465346517,553.0035454830023,567.0197143554688,5094000
2024-08-05,559.6077418188743,564.1259910454249,544.8417712474143,547.9180297851562,4587400
2024-08-06,546.2357590754086,555.1857131183758,540.7754275240102,546.3703002929688,3216500
2024-08-07,544.6976443420093,549.5427714589134,535.4881711050516,544.1881713867188,4320700
2024-08-08,542.5443025606484,550.3118438449385,542.5443025606484,544.3419799804688,2860800
2024-08-09,542.707563000872,544.0438217101755,536.0648187637431,537.151123046875,2976700
2024-08-12,540.5734754724512,546.9951336205588,539.3525712489067,543.4285888671875,2532400
2024-08-13,547.9469516491934,553.4649610972692,546.9952469870375,552.0325927734375,2369400
2024-08-14,552.9938301327544,558.6464385684457,551.1000437777296,557.2525024414062,2344400
2024-08-15,557.2525625431542,560.7806758722317,551.3308123729042,557.1948852539062,2751800
2024-08-16,558.454168210026,559.1559769492957,551.8979098104558,555.3394775390625,2728900
2024-08-19,555.7240928575404,560.7421931169829,554.7531429125746,556.3970336914062,1847900
2024-08-20,557.4255933935208,561.2324705012221,553.2438432437716,558.1947021484375,1677500
2024-08-21,559.0214457872646,560.8287457993497,555.0992139871269,555.7144775390625,2844300
2024-08-22,556.848764964013,560.4056872390878,548.5525067669865,556.3392333984375,2282000
2024-08-23,558.5310668324038,562.5782752037903,556.079694366971,561.9053344726562,2376400
2024-08-26,565.3084157747699,569.1922149916727,563.0877524172323,564.4240112304688,1800000
2024-08-27,566.6735069829543,569.4325699817813,561.2036116338135,564.635498046875,1581900
2024-08-28,566.231395351908,569.9132952942653,561.2901590091299,565.779541015625,1657000
2024-08-29,567.8367874562591,569.6921420550584,561.7708147012019,568.6923828125,1953200
2024-08-30,567.1829669931354,570.3169026054978,563.9048675262165,567.375244140625,2944700
2024-09-03,569.6055941929485,577.4307527728462,568.9326534382313,575.52734375,3175500
2024-09-04,576.7964169701941,584.4293585684236,574.7584076575473,580.8147583007812,2935000
2024-09-05,580.8242512729378,582.5642510619579,566.8657623230572,572.460693359375,2144800
2024-09-06,572.826047187947,577.3827288331312,569.3556699978096,573.7969970703125,2926400
2024-09-09,575.1812204006116,576.2963339865457,553.0226431398069,571.1243896484375,3411400
2024-09-10,572.1916144600423,581.4107099436081,568.2886281661349,575.8638916015625,2863500
2024-09-11,566.3564144514561,568.5290236710971,556.5796729630714,566.9428100585938,3563600
2024-09-12,565.7699751644733,567.6733844127136,560.6557069676677,565.6641845703125,3395800
2024-09-13,568.2213684430723,574.5661052819125,564.5202230581128,571.3360595703125,2241900
2024-09-16,574.0180249200463,577.6743538305442,567.0333444246239,568.3646850585938,2548600
2024-09-17,565.3449706913425,566.0298955880409,556.0642147879537,557.578857421875,3416000
2024-09-18,556.5176239143686,563.9075350349754,552.1280866615132,560.1740112304688,2988300
2024-09-19,563.1357357016333,564.2066375381677,554.3180923784247,556.7202758789062,2945700
2024-09-20,551.5395885110225,558.4278177520179,549.5618914677397,554.7232055664062,5398700
2024-09-23,556.1606121642767,558.9969381808173,551.8289572185483,553.189208984375,2386100
2024-09-24,550.6906025924453,556.9517297203126,546.0405680740049,554.906494140625,3188500
2024-09-25,557.49204651057,560.6177820595661,552.8709817801491,555.987060546875,2658800
2024-09-26,554.7232191938424,556.2667732941255,550.7774229088774,554.5399169921875,2751900
2024-09-27,557.308732069468,566.0203271425139,556.2572027158136,561.3316650390625,2986200
2024-09-30,562.9235081289563,565.7405210226354,558.3313549224547,564.0618896484375,3009700
2024-10-01,564.3705928572019,567.9401280415799,560.2897781821201,562.7305297851562,2648400
2024-10-02,582.951460027146,583.202300840774,563.6470807541358,571.4228515625,3667000
2024-10-03,569.7826799583781,572.3102834130681,563.7627371080387,571.8472290039062,2645800
2024-10-04,571.249187246312,575.1081316168771,567.6893087091529,570.3519897460938,2462600
2024-10-07,568.0269351313409,571.5482453751409,562.7595138215289,562.9813842773438,2591100
2024-10-08,567.322637291805,568.4321072204594,559.12238147267,561.0711669921875,2231400
2024-10-09,561.6306495148418,571.8954540591518,560.1353205828251,570.3711547851562,2207700
2024-10-10,574.1915272630954,577.8286005839376,571.8568827854035,576.6226806640625,2143200
2024-10-11,575.4553414112443,580.3079915373669,575.1755891816028,576.9603271484375,1909700
2024-10-14,577.9829812615534,587.1672869898434,576.3140067939261,584.0512084960938,2447100
2024-10-15,532.5536514784117,549.6101790036165,523.8517128388442,536.6730346679688,11939400
2024-10-16,537.3676971713294,555.8616728461632,535.5443316995343,551.1923828125,5103900
2024-10-17,540.8117567767515,549.3882155956394,539.0173029549586,546.069580078125,5588700
2024-10-18,546.8605736347639,550.8160265325386,543.1849318597318,549.5232543945312,3687000
2024-10-21,549.5522025542585,558.8522712756837,548.6453484028696,551.317626953125,3018000
2024-10-22,547.8252756515324,552.8322574959213,545.5485129829785,549.764404296875,2593800
2024-10-23,551.9544402435403,553.8935691226433,540.2521872623921,544.7285766601562,2911900
2024-10-24,545.0662200577036,551.5396202530287,540.5512623384923,541.0336303710938,2590200
2024-10-25,546.1949212723022,551.3466375473242,543.7348561884176,544.6513671875,2513700
2024-10-28,546.2818881269752,548.288555964814,542.9631931532838,545.3074951171875,1826500
2024-10-29,542.9727380854082,547.661341047372,540.8888752915482,542.3070678710938,2600300
2024-10-30,541.4580075138203,550.1985121483972,541.1685985291267,543.1077270507812,2323600
2024-10-31,541.1011660328685,548.4042250728639,541.1011660328685,544.593505859375,2490000
2024-11-01,545.191634931169,550.2179309777472,544.0146852073021,547.5455932617188,2548300
2024-11-04,546.7544839356493,548.5392809068492,535.8336650957058,538.100830078125,2656600
2024-11-05,538.5928614582286,548.6839626913584,534.8496809347594,547.0343017578125,2608100
2024-11-06,582.604083057415,584.1476370754228,570.0142313866171,575.6483154296875,6591300
2024-11-07,577.5778618051969,586.2122617326844,575.1274532931407,584.0994873046875,5254300
2024-11-08,587.5242659372961,597.9434037044484,583.8582806521817,594.0941162109375,3875800
2024-11-11,595.1457102101048,608.4879677763275,592.2707566566786,603.2012329101562,3003200
2024-11-12,597.7311494461629,602.4583205329171,592.1356924032639,592.9942626953125,2809400
2024-11-13,591.3832115692685,591.3928683512299,581.7937326674655,584.504638671875,3409400
2024-11-14,582.1988963977138,584.6300501020254,568.2198803635546,572.2332153320312,3079200
2024-11-15,571.0466372571397,577.8094474669235,569.1461351994395,571.345703125,3423900
2024-11-18,568.6540736655714,573.1883453076999,564.6793654727662,568.856689453125,2577100
2024-11-19,562.1709719935054,566.1457387567522,556.430839508307,556.6527099609375,3198300
2024-11-20,562.1614013983558,581.3885850574725,561.0422745333065,579.3240356445312,3928600
2024-11-21,578.8416017691196,582.7005457809138,575.6868961969778,576.4201049804688,2722900
2024-11-22,577.4525153689196,580.0573149660132,567.911259924069,570.03369140625,3197900
2024-11-25,576.5070521520995,588.3347269189982,574.0276731499199,584.4661254882812,5146200
2024-11-26,586.7910910714538,587.0129615376344,577.761175076059,585.3922119140625,2693600
2024-11-27,589.4826603529242,595.6762489227921,585.3053370281901,586.9260864257812,2269800
2024-11-29,587.3312917861116,594.0651894132648,585.2281742762173,588.6819458007812,2010800
2024-12-02,592.3478915529721,592.3478915529721,579.5844533836707,587.0611572265625,3364900
2024-12-03,589.3089575642272,594.0361874813939,583.4916301475398,583.8871459960938,2329900
2024-12-04,589.4730890181954,600.8666203586289,585.5658605852859,589.2511596679688,4147600
2024-12-05,584.2826487356048,587.5144903596879,553.6522847426907,558.5531005859375,5943700
2024-12-06,561.5824202449493,561.5824202449493,524.9514251054093,530.2381591796875,13003600
2024-12-09,534.5768276307163,545.2102390916431,527.4491507817185,542.9247436523438,7684700
2024-12-10,544.2612106837603,549.8297195119304,539.4481105557431,547.3505249023438,5360600
2024-12-11,538.1211955395142,540.4841820678732,515.8568583040054,516.6897583007812,10363000
2024-12-12,514.7529407245319,517.1449498545126,497.96023038998635,499.4806823730469,9403800
2024-12-13,499.36449827669105,510.87921984745134,494.59977876877963,504.05169677734375,8202900
2024-12-16,501.6500110683613,505.2332372548677,480.42187404395673,482.7655029296875,8880000
2024-12-17,471.62845620914123,479.95701391343334,460.801345970726,470.1951599121094,14132700
2024-12-18,473.01333682055974,490.55173365243036,470.6600436951235,483.9469909667969,10147600
2024-12-19,484.353750200077,487.752941550745,470.89246184954123,473.8074645996094,7418100
2024-12-20,473.846209149497,486.7748397648772,473.30388718166904,484.34405517578125,10956900
2024-12-23,484.95414049926626,492.7209884964918,483.29809325145885,490.3580017089844,4286000
2024-12-24,488.4792568433077,490.1256103515625,484.7895169572707,490.1256103515625,1824400
2024-12-26,489.68980522702617,496.0524092053198,488.7988603886508,495.0162048339844,3387000
2024-12-27,493.3408055489962,496.982105737808,491.77191400449726,493.8927917480469,3471800
2024-12-30,490.86160965080677,493.6410466620811,484.8573223133883,491.7719421386719,5408600
2024-12-31,493.2730206423877,494.87093457898817,487.4527091951398,489.8931579589844,4214000
2025-01-02,491.96561798775014,495.94587681334474,487.4042914977609,488.5857849121094,4234900
2025-01-03,490.36770508892573,499.99393430228037,489.428320736608,496.80780029296875,3019500
2025-01-06,496.80776830332906,503.8773407089165,493.7281482946043,497.45660400390625,4444800
2025-01-07,502.4731549570934,503.1026622010019,495.08401074982714,498.01837158203125,3914500
2025-01-08,498.26045270066476,508.1094328537697,493.42796525041877,507.9642028808594,4141700
2025-01-10,510.0173042082741,518.5492255965776,502.10513712573095,504.2550964355469,5467500
2025-01-13,518.1521344774897,530.1220520173557,516.3121409804821,524.0596313476562,6472500
2025-01-14,522.6166435053588,527.3619456429129,519.6144556792417,526.5775146484375,3978300
2025-01-15,520.1471146329208,529.0470466207265,517.4645862678351,526.2676391601562,4103900
2025-01-16,513.6101577603758,522.8006677143226,493.90250309410436,494.473876953125,9059900
2025-01-17,489.6607341839008,505.3494133257226,486.9297368536609,493.6700744628906,7495700
2025-01-21,497.8246171239474,508.4290053428288,496.63345951191377,508.4193115234375,5682100
2025-01-22,505.1944119395442,507.88669300021957,499.7130889484224,503.3156433105469,3756100
2025-01-23,511.2084703164466,514.7045112100521,502.92835168629506,513.0485229492188,4580800
2025-01-24,511.4408829806137,517.7551066056291,507.9545359251706,515.7020263671875,3671200
2025-01-27,522.9361997175708,534.4896373600476,522.9361997175708,526.364501953125,4263000
2025-01-28,525.8705383158714,529.2503711186959,520.863739827532,525.3572387695312,3162700
2025-01-29,524.6310294290199,526.3257931205297,517.1547288306335,521.1156005859375,2737600
2025-01-30,522.4422956613432,529.8411630841464,518.1134138282436,528.3497924804688,2924700
2025-01-31,526.0933316270866,531.8264580322981,524.3210766292264,525.3670043945312,4120500
2025-02-03,524.8923910476574,536.4264395368574,523.9917525250603,530.8773193359375,4083600
2025-02-04,527.9914724726043,531.4875132625891,524.417940229678,528.2335815429688,2869900
2025-02-05,513.978188127614,523.633528954395,505.43657270997664,522.7716064453125,4621600
2025-02-06,520.9121347283271,522.0839046398822,508.6904752482717,513.3098754882812,3926800
2025-02-07,512.4965404278714,515.5858548221756,508.80680021098334,510.3950500488281,3349100
2025-02-10,511.01469210417196,517.2998333265084,506.86012225601365,516.5347900390625,3143100
2025-02-11,518.1133715031702,530.2575402776052,511.59581473529255,517.0674438476562,2631900
2025-02-12,522.8103110204755,525.2314017617182,508.9229676295576,510.7533264160156,3859200
2025-02-13,514.1428090266004,517.4645381435149,510.4627041309814,514.4139404296875,2835100
2025-02-14,512.3027588412426,516.3702027747568,506.4049562713487,506.9860534667969,3705300
2025-02-18,494.8128671617819,499.71315269009403,481.3128621840634,484.9251403808594,8759300
2025-02-19,485.5061307307567,495.70376323004285,482.42651055816975,494.90966796875,4380300
2025-02-20,489.24432542742136,492.38204950934653,484.4505540317426,486.561767578125,4144300
2025-02-21,425.67618038194956,454.8745596048507,424.6593340491745,451.6980895996094,19864900
2025-02-24,451.94983246551135,453.22817543799096,442.5753764426536,446.95269775390625,6919300
2025-02-25,446.2263926486939,455.90109158508096,435.8641417544629,455.5330810546875,9101000
2025-02-26,449.98387643804074,458.1187346436733,443.73748065261196,448.95733642578125,5108400
2025-02-27,451.4559604367645,460.3946085207388,450.3422350545616,453.7705078125,4216800
2025-02-28,452.2597610343028,461.3243107952926,449.8193121496512,459.968505859375,6146300
2025-03-03,459.3971273820728,462.20558676859315,450.5262472410497,452.30816650390625,5700200
2025-03-04,454.92293059036706,464.08432928351016,451.73676703757684,459.6295166015625,5864100
2025-03-05,456.201273274366,463.9584275721246,456.1431694634711,460.956298828125,3637100
2025-03-06,460.97567022194073,472.7131132308318,457.10192509402526,472.32574462890625,4964000
2025-03-07,468.55849722033093,484.14066247024596,468.1130248211261,477.9039306640625,5434100
2025-03-10,478.7792717074242,484.19652216794935,464.6088452981466,467.0500183105469,5108900
2025-03-11,469.26746417729026,473.42034897834867,464.05447612764226,472.71038818359375,4101000
2025-03-12,469.88988301686373,474.2275590518488,465.68835204310193,467.91552734375,3680800
2025-03-13,466.30109285633245,470.7846493330336,461.9731222597509,468.3143005371094,2876600
2025-03-14,467.80858630323115,476.02685712405514,465.12426974056973,475.248779296875,3915900
2025-03-17,474.14006268371367,486.88077184055254,472.6228480103705,485.3343811035156,5152300
2025-03-18,488.46609215468897,492.0938078396457,484.1673269796837,489.9833068847656,3617600
2025-03-19,491.1892841864445,492.46335505648415,486.34585002236173,489.3997497558594,3317600
2025-03-20,491.39352098610277,500.28287077325814,489.70124997620474,497.277587890625,4965400
2025-03-21,497.647218409738,504.76647524170204,491.2379520834706,502.6754150390625,10244900
2025-03-24,500.9539819990374,504.0370283394562,497.1025633646783,502.33502197265625,3840900
2025-03-25,504.0662373676699,504.7664629268749,497.50132594376555,499.3492126464844,3015100
2025-03-26,501.0706781671975,508.60813481274454,498.78509118049533,503.9884033203125,3253800
2025-03-27,502.1307604100737,506.78943297628746,498.8823929257676,501.5763854980469,2822200
2025-03-28,502.69485766651485,506.69212684606305,500.9247639651137,501.8876037597656,2379100
2025-03-31,504.9414944452076,513.6363175446919,504.3677084226668,509.38616943359375,5238700
2025-04-01,511.3215792924124,513.6849294573781,506.662966336937,508.7734375,2962500
2025-04-02,508.60811357161367,510.601880470722,502.62675351302096,508.85125732421875,2378900
2025-04-03,515.4550479612328,533.457421868868,514.7742335451168,525.6184692382812,6457900
2025-04-04,525.8129522586746,536.6085108091019,510.44627942282426,510.6504821777344,9919000
2025-04-07,499.3200040276032,514.6866763946822,489.77901644370996,510.3100891113281,7356700
2025-04-08,566.203978052891,568.9661172056265,532.4459373812787,537.9118041992188,11762300
2025-04-09,544.7782397073023,573.235797098449,539.2540201719338,562.6347045898438,12691900
2025-04-10,564.3269368777211,585.3734751826886,564.0935283637875,578.0986328125,8646000
2025-04-11,572.7688860349585,589.7305974060856,570.4444767629383,583.029541015625,6121500
2025-04-14,578.6821480848512,579.2948751081956,563.4029728552765,570.9598999023438,4839300
2025-04-15,575.9978213283852,576.6008130929112,566.0483978524392,567.5850830078125,3871300
2025-04-16,569.2676498072763,578.4973777677357,566.9723868778486,568.9953002929688,4192100
2025-04-17,468.73258394954684,476.35756921469056,434.83833558807737,441.65606689453125,29120200
2025-04-21,437.42537591503486,441.06279720342945,413.1596158835179,413.66534423828125,13029900
2025-04-22,412.9942803710208,419.6661309171119,405.68049705444884,415.464599609375,10156900
2025-04-23,415.3576292152384,426.8145619925678,412.1286729609589,416.22320556640625,8345700
2025-04-24,415.8439467214948,418.1100336673088,412.0314392325066,412.614990234375,7629100
2025-04-25,411.94389674609124,411.94389674609124,400.72037206038084,407.1588439941406,9263800
2025-04-28,408.23836259387787,412.4885106610223,404.1535356581477,408.48150634765625,6614300
2025-04-29,409.6388862184649,410.1835258700657,397.880457467707,398.00689697265625,9909100
2025-04-30,397.8124014267359,401.9264048826062,390.00262437522554,400.15631103515625,9192800
2025-05-01,400.0395574970835,400.6911661281663,388.89382658875303,389.69134521484375,9316800
2025-05-02,388.9910911028413,390.9751524257284,382.32894637538067,388.95220947265625,11392900
2025-05-05,388.174145016033,398.46400555509035,386.6861063928245,393.7080993652344,8157200
2025-05-06,391.75320785554106,393.62056496138894,382.63047906074274,383.6905822753906,7858600
2025-05-07,384.50756044534785,384.6728815863433,375.12221694170273,380.335205078125,8517200
2025-05-08,379.30425856174224,380.1990406414182,374.8012314611975,374.9762878417969,7218300
2025-05-09,375.093040182794,375.94888131237803,368.1585751870771,370.20098876953125,8381100
2025-05-12,370.5510867883663,376.59076941992976,366.5051710979773,368.36279296875,11004800
2025-05-13,326.53230463194006,332.62063332451265,300.6229233648014,302.84039306640625,59478300
2025-05-14,312.63424608725194,314.08337334160456,298.6874944475506,299.5628356933594,40029600
2025-05-15,267.36086263183637,269.06286888863497,242.05447171577902,266.8259582519531,121849200
2025-05-16,271.6304959582822,286.4136190151132,261.75886506665245,283.9043884277344,71094300
2025-05-19,296.41168615947583,307.6157696878403,289.09793249673174,307.22674560546875,62524700
2025-05-20,312.1187772635859,315.73675739521883,304.0074757692634,312.7606506347656,41487000
2025-05-21,292.7450672332499,301.4593306914765,291.84057963059877,294.6707763671875,45506900
2025-05-22,285.83008662809686,297.2870191665947,284.4781931047579,288.5338439941406,27159600
2025-05-23,287.9794833738524,291.4807595523835,283.6418068841188,287.4640197753906,16873600
2025-05-27,291.286225141105,291.72389578235226,281.20062670231624,286.9096374511719,20144600
2025-05-28,285.93705706974725,295.4488396176992,285.23680186520824,289.934326171875,16114200
2025-05-29,288.66028396923014,295.059844884986,286.9096606241176,289.99273681640625,16221100
2025-05-30,289.7981790115771,297.2578424516742,287.7265894764023,293.630126953125,16309300
2025-06-02,294.8069416255086,304.9508921779451,292.71591122386513,296.3630676269531,19074400
2025-06-03,294.78752188409976,297.33566392432255,291.7822683547857,292.9590759277344,12805700
2025-06-04,295.2154613134276,299.2030252561166,291.9670639624418,292.1421203613281,11255600
2025-06-05,292.14212294571996,294.1261845258954,286.044057871498,287.72662353515625,13529000
2025-06-06,289.0784903204682,296.0421311804983,289.00066769597913,294.9042053222656,12589000
2025-06-09,296.67433099226844,298.96959409125054,292.8812938571313,294.87506103515625,12170300
2025-06-10,295.4682626957328,296.75206877375786,292.3463053665362,295.45855712890625,11384100
2025-06-11,294.37904125019236,303.034954207036,293.9414002381442,302.0429382324219,14711400
2025-06-12,302.8598781373188,310.0569278920826,300.04915155142874,309.7651672363281,15957200
2025-06-13,307.2364556639253,308.7147887514347,303.3558906704839,304.93145751953125,13762400
2025-06-16,306.5770037166454,306.84145235194234,298.535487483939,301.3465881347656,14240100
2025-06-17,301.1408945446279,303.58959256534746,299.2504769552191,302.53173828125,11593900
2025-06-18,301.23882042329126,305.39183261833136,299.9459305777348,300.8960266113281,12205600
2025-06-20,303.1488203528119,303.2369698961645,295.4011360905991,295.8125305175781,16177900
2025-06-23,295.7047619519275,296.2630722650332,289.45567992719884,294.5097961425781,12274700
2025-06-24,295.2640077891988,299.54432698000994,293.1874868398255,299.3484191894531,8781400
2025-06-25,298.13388258962783,298.13388258962783,293.64785113086737,295.8222961425781,8722100
2025-06-26,296.36101114396786,300.41603924801507,295.1072790379664,296.40997314453125,6532700
2025-06-27,296.73321942907944,304.07931302882895,295.99861006910453,302.76678466796875,15304400
2025-06-30,302.6590609288233,305.9697052775834,300.0536427720555,305.568115234375,10074100
2025-07-01,305.5681239117944,319.8489173410143,304.6963730853915,319.4473571777344,17865500
2025-07-02,314.15815566311034,315.8037034712005,300.1418104070469,301.2486267089844,18177200
2025-07-03,303.4818594066644,305.8424080808137,301.9049120987486,302.21832275390625,6161100
2025-07-07,301.6796049103449,302.2770728969049,295.0191580571696,297.4776306152344,9031200
2025-07-08,297.9869785624067,301.973436333282,297.5657797737485,301.3857727050781,9613800
2025-07-09,296.9682837260765,297.3698737616238,292.6193939403098,296.69403076171875,12816700
2025-07-10,296.84096983872723,298.6725911963836,290.513542451005,293.36383056640625,11355600
2025-07-11,293.86335752867694,297.8792284825695,291.8848201796152,297.8596496582031,9808200
2025-07-14,295.45007950811913,297.80082328580306,292.86424042873654,294.41180419921875,10681400
2025-07-15,293.5597107695234,294.5098068154151,285.05783825265127,285.723876953125,16019000
2025-07-16,286.5465898391946,289.91600022973967,284.78353947054313,286.4878234863281,9714000
2025-07-17,286.3311302394295,286.9873944300734,278.0055573634717,282.1585693359375,14792700
2025-07-18,281.98228386238213,282.15858294610433,275.04755432264164,276.84979248046875,14979700
2025-07-21,278.79897880536623,280.62079580199986,275.4295679060006,276.35028076171875,10319200
2025-07-22,276.83020222480064,281.21824977000534,276.21312556592324,279.2789001464844,14600300
2025-07-23,281.60024634406705,286.63478335697874,279.10258655041713,286.5074462890625,13111100
2025-07-24,277.2905770342848,283.2751808042554,272.51071359129213,272.8633117675781,22585200
2025-07-25,275.23365307335445,280.268190470294,274.1954075206833,275.29241943359375,16486600
2025-07-28,277.6823439927793,279.1515627440638,273.9505307558231,276.3306579589844,15779400
2025-07-29,260.2476245145736,267.3096608817093,255.20328293243062,255.71263122558594,41706000
2025-07-30,259.3660834098628,261.15854710716854,252.8231694468964,260.5806579589844,22371800
2025-07-31,256.0358417087395,256.0358417087395,242.665957400366,244.43881225585938,29606900
2025-08-01,245.46727106317894,246.3292175001933,229.78581520843133,232.89076232910156,39989200
2025-08-04,233.35113336893357,237.27883963739322,232.08759681305582,236.03489685058594,17427900
2025-08-05,236.2112021569378,246.8973235760359,235.12397967151503,245.84927368164062,23795900
2025-08-06,245.49665852325765,247.9649502159644,240.27603275469244,240.73638916015625,12946400
2025-08-07,241.36325849220185,243.64544678217413,234.58526433901793,239.649169921875,11369900
2025-08-08,239.76670238365446,245.92763480795531,239.3553229206979,245.7415313720703,10185700
2025-08-11,248.660380916436,253.09742051810687,246.96588607707895,247.191162109375,11779500
2025-08-12,248.80729167303463,257.4854773237936,248.4644680008039,256.2023620605469,12171800
2025-08-13,258.9645198498962,266.6044456478773,257.4953010509511,266.23223876953125,19480300
2025-08-14,266.5162905672543,268.23037913039553,261.5209407764048,265.9187927246094,25011100
2025-08-15,295.5186642558558,303.9323870878161,288.6623097817648,297.771484375,68198500
2025-08-18,306.753305997043,309.90723039472243,301.1115258126942,302.1595458984375,39600500
2025-08-19,302.5611111613304,304.12828381950413,293.0699555648354,297.9967346191406,22348600
2025-08-20,300.1123922663625,300.8959934863947,289.63198376115565,293.68701171875,16679000
2025-08-21,296.08675451372926,300.27892399357637,291.6888728948681,297.125,13359000
2025-08-22,299.8185611156413,304.3045622807679,298.3297337401432,301.1114807128906,14930000
2025-08-25,302.15954893891285,302.53175584228103,296.5177686977937,298.6040344238281,8917100
2025-08-26,298.0653070995863,302.6198793117593,288.16278693014766,294.2649230957031,16303200
2025-08-27,294.3726776854884,299.6912423967933,294.3334901491734,297.6441345214844,9982800
2025-08-28,298.0065322445578,298.2220188538308,293.25605237512923,296.0867614746094,11235000
2025-08-29,296.09653559896867,303.63853702350445,294.7350751216137,303.5111999511719,12065400
2025-09-02,301.9832300399858,306.46926151928125,300.9939464818443,302.4631652832031,10957100
2025-09-03,301.78730330794957,303.23694319521405,297.4678266073487,301.5620422363281,9654600
2025-09-04,299.81857263731615,305.5093440855689,297.85961434486893,304.0107421875,7725700
2025-09-05,304.06950456553506,311.41559806607205,301.8754808719339,308.9179382324219,14126700
2025-09-08,313.14926503762416,315.04945694571137,307.3605397784098,313.6781921386719,18438600
2025-09-09,325.6768431833187,344.49263077630627,320.4464276947933,340.7804260253906,46408900
2025-09-10,338.46882205007205,341.4170639383929,334.3941850863436,339.6637878417969,17804300
2025-09-11,341.8382226532766,353.57239360723975,338.74306495862527,346.3536071777344,18943500
2025-09-12,348.5966334695135,354.8750985874098,345.2272227059103,345.2762145996094,14016200
2025-09-15,346.2224520475393,346.6659803729041,337.6176415765004,342.9007873535156,11035900
2025-09-16,342.5163594805096,344.03428212907227,333.46802085787266,334.9070739746094,12695800
2025-09-17,332.8470807812118,338.08092594557957,332.8470807812118,336.7108459472656,8467700
2025-09-18,338.6032969601525,339.98321298133885,329.3282459435908,330.0182189941406,11255600
2025-09-19,331.67411162387157,336.07014046105763,329.05225619579915,331.86138916015625,13656800
2025-09-22,329.6633721170834,337.5683734645221,327.83006153061575,336.4052734375,8903700
2025-09-23,336.1095853053592,347.6418030501478,335.08449193073244,342.7036437988281,12504100
2025-09-24,345.1776609440596,349.41598098040356,342.8514909580368,346.7645568847656,9016300
2025-09-25,343.89628316094525,345.167791190768,338.67230455766355,340.60418701171875,8104900
2025-09-26,342.94017723266074,344.9509291272339,336.4052561352322,339.1453857421875,6774700
2025-09-29,339.04684203467684,340.59430311194376,336.5531270830069,340.2296142578125,6878900
2025-09-30,338.82014160227453,344.31026718865274,337.4204931639848,340.347900390625,7429700
2025-10-01,338.96800901131803,343.69918865313474,336.73057466965435,343.3049011230469,8825500
2025-10-02,342.3094082444923,349.98766763338205,339.7072549149169,348.6471862792969,8564200
2025-10-03,352.126535812741,362.72236579171084,351.4956998686579,355.03424072265625,13494800
2025-10-06,355.85232340493496,357.320945094395,351.9885284550572,353.6247253417969,7181700
2025-10-07,354.25556153974156,359.4894063067969,352.9249164118652,358.4446105957031,7236200
2025-10-08,361.6676980177549,369.25728116771097,360.55389900193904,364.6148376464844,9438300
2025-10-09,367.1775268328722,370.8244756450051,360.8298831118089,362.41680908203125,8759800
2025-10-10,364.10226091064186,364.10226091064186,347.4545037086911,349.41595458984375,13141900
2025-10-13,349.6525318498204,354.0091562179849,348.2529134436983,353.5163269042969,5659400
2025-10-14,349.85953628823887,357.13367157615096,348.33174739200996,354.7680969238281,5974800
2025-10-15,354.235842452557,358.9965600371419,350.74660274614405,355.9705810546875,6579600
2025-10-16,356.6507087880658,356.80841777567787,349.3174063036312,351.55487060546875,5872100
2025-10-17,345.96617606622607,353.25020771577965,345.7986008654478,351.4858703613281,8608400
2025-10-20,353.3980539778645,360.32723295053415,352.38282679114036,359.25286865234375,5996500
2025-10-21,359.9034141970049,365.7286303529974,356.3156022696786,360.1300964355469,6885300
2025-10-22,358.74027236737913,358.7797071311973,352.865755914749,356.3056945800781,7833000
2025-10-23,350.4804571986446,357.0843815763727,348.5683072675696,355.2806396484375,5756700
2025-10-24,356.1874399937535,360.1793753327506,354.86666109223046,357.3012390136719,5462100
2025-10-27,358.28687923459734,360.96787166617924,356.2169902849351,360.7313232421875,7766400
2025-10-28,375.2205199441119,375.535937924803,353.4867591906658,362.5646667480469,18858700
2025-10-29,359.0556989607047,360.89887565474453,348.80485595476836,350.1650695800781,11874900
2025-10-30,342.53608025852225,349.4554231728605,338.672315228671,339.8058166503906,11441900
2025-10-31,339.4509600624588,341.3138390671766,332.2852032036984,336.6615295410156,8390800
2025-11-03,334.2664040083706,335.8138952211129,321.9161030209008,329.00299072265625,11181400
2025-11-04,322.93132925525197,331.67411615203054,322.5075032799426,326.0854187011719,9646600
2025-11-05,321.62038312291526,325.47431178630677,319.57022650848404,323.03973388671875,9697100
2025-11-06,324.20282690349836,327.6033308887378,316.83995625453247,316.9483642578125,7922100
2025-11-07,315.0756292067795,319.89548408130514,309.6545069494294,319.56036376953125,9402900
2025-11-10,315.4008850525274,319.59980030430273,312.62135066774687,316.96807861328125,9283800
2025-11-11,318.6633991779628,323.15799978770735,315.2924637606103,322.75390625,7157800
2025-11-12,323.739564851245,338.2484600032916,322.38918736197735,334.1973876953125,10403300
2025-11-13,333.49759672689856,334.16783736255434,326.5388493463283,327.7511901855469,7788700
2025-11-14,322.26107760332604,323.50298693219406,315.89370166045217,317.2440490722656,8676500
2025-11-17,316.00214834013826,323.1777416351322,314.84891456062456,315.92327880859375,6485400
2025-11-18,312.4636258692001,312.9465889320589,304.34177898084386,309.0827941894531,9182100
2025-11-19,309.4277797928265,310.48244165508765,300.16259548640306,304.6571960449219,8181100
2025-11-20,306.35254092716593,310.2360381398207,305.55415988354065,307.07208251953125,7337600
2025-11-21,307.43678886596666,319.1956891781539,306.973528103697,315.3811950683594,8406300
2025-11-24,319.87581624897524,321.1768929502889,313.0649110321548,314.4743957519531,10773800
2025-11-25,316.5146756519514,323.2960114363287,316.2978295630354,321.6006774902344,6149100
2025-11-26,321.90625616034407,330.38292659967567,321.2163131505786,324.98150634765625,5504200
2025-11-28,326.91342495466466,327.29781619516183,324.17329504989186,325.0406494140625,2464500
2025-12-01,322.4680705252425,325.3264744434064,318.39729570279246,318.57470703125,6154600
2025-12-02,318.7324168369967,323.9859940225137,318.1705842155217,319.8856506347656,7978100
2025-12-03,321.3247027812761,336.5137053781646,320.3489103953346,334.83807373046875,9770000
2025-12-04,334.53252129967103,336.36586192887205,324.00569471881727,328.707275390625,8061600
2025-12-05,330.19564689914716,330.89545611646776,323.7987319027036,326.164306640625,5906000
2025-12-08,326.1643021326461,326.5612103323999,320.33955998612566,321.12347412109375,4782800
2025-12-09,320.66702959313227,323.8423254573514,319.99228262872805,321.1036376953125,4628400
2025-12-10,320.2602121946151,326.1940916288756,317.1345182714553,325.83685302734375,5910500
2025-12-11,327.8214023139655,336.6329036496296,326.22383696767264,334.1323547363281,7513200
2025-12-12,334.89642556702444,342.31873354487146,334.7674235801795,339.20294189453125,7979000
2025-12-15,338.35949127350534,342.29886671519796,334.4002810193819,338.4686584472656,6447200
2025-12-16,337.7939053635172,338.3594851881083,328.4763282693324,331.62188720703125,6334000
2025-12-17,331.0364226425074,332.93169199085276,327.9305937934756,329.07171630859375,4685600
2025-12-18,326.39252647422813,327.6328835933034,322.0661753783285,325.608642578125,6354900
2025-12-19,325.5292426546717,332.01879957848786,323.55460381206,324.8941955566406,10553000
2025-12-22,320.409036028938,327.2558010793172,319.1686789443709,322.651611328125,7872400
2025-12-23,321.5005561377824,325.27122955986954,321.26241726797,322.29437255859375,4463300
2025-12-24,322.6913030880782,326.45204387040064,321.6295501827735,325.05291748046875,2842700
2025-12-26,324.67588437182803,329.3297066015354,323.7431334164823,329.2701416015625,4359300
2025-12-29,328.3374043807456,331.67146953910793,325.7475231575945,326.4024353027344,4346800
2025-12-30,327.1863787199748,333.55683603301947,326.96807465204813,329.5976257324219,4432500
2025-12-31,329.7563887116683,330.7585766695686,327.3352091985709,327.56341552734375,4285200
2026-01-02,328.34732981065946,337.6351396453709,324.9735645103421,333.8049011230469,6863600
2026-01-05,332.8622369855367,344.26358953637697,331.27457387202924,339.38153076171875,7956600
2026-01-06,345.662711327742,349.8898275937949,342.4576177850687,346.2779235839844,9441900
2026-01-07,346.2878643521878,347.4091217233587,335.43225668934457,339.06402587890625,7461400
2026-01-08,338.3793412906715,345.2161737147571,338.1709394997304,344.1742858886719,5059300
2026-01-09,344.57120987581374,346.36724457311226,339.8380179808238,341.3264465332031,4129100
2026-01-12,338.78619283823343,340.00668485359506,331.36388499223295,337.8832092285156,7146400
2026-01-13,338.86555257809704,339.2029260683279,330.28228768342836,331.35394287109375,5605900
2026-01-14,332.782847847861,337.4862723400109,331.5226559199649,332.3760070800781,5740900
2026-01-15,332.6141801527573,336.83139439550655,325.5292456895034,336.34515380859375,6943500
2026-01-16,332.2767735847801,333.6064630655481,327.8809552197778,328.4664001464844,8039100
2026-01-20,324.87433425330187,337.26800331941564,323.9812831738787,335.8192443847656,7596500
2026-01-21,336.8115280003352,345.3947932518869,336.0772462723701,345.0673522949219,8933300
2026-01-22,344.5017331063574,352.21181217559,344.0948923460704,351.7355041503906,7491400
2026-01-23,351.5469517834556,355.1092535612803,350.26689484175847,353.5116882324219,9082200
2026-01-26,351.21951505665726,352.05303136197875,344.5910239544544,348.9273376464844,10399500
2026-01-27,291.702213399879,297.189551826661,278.23688987744464,280.5191650390625,65836900
2026-01-28,281.5313004420569,292.6647472242202,281.5313004420569,291.7518310546875,23396900
2026-01-29,292.05942772986015,293.3196499104892,286.9888624950166,290.0351867675781,13456400
2026-01-30,289.846652494331,290.690101376754,282.503744536245,284.7165222167969,12022200
2026-02-02,283.813546924047,288.1597631644659,280.1024080713407,283.3868713378906,8664200
2026-02-03,282.5037398579998,285.867572502765,276.4507912682167,281.98773193359375,10809100
2026-02-04,279.83448944092856,282.3052710508733,271.9358737623288,273.7914733886719,12944100
2026-02-05,272.17404228482235,274.75399105843275,264.2357570011935,266.4783020019531,13035300
2026-02-06,264.99982219373493,275.66689369311825,264.354842531599,274.5158386230469,9572800
2026-02-09,272.0351201393386,278.01860173294193,271.21153632782267,273.57318115234375,10371600
2026-02-10,275.3791211558089,277.33392522870173,270.546694561348,271.1123046875,7284700
2026-02-11,270.3383030122331,277.53237392426894,267.7186543791748,276.7583923339844,6333100
2026-02-12,276.01418403452675,284.1013061426968,273.68230666683036,282.17626953125,12336900
2026-02-13,283.42654580952046,291.1961288714354,282.3151907629167,290.92822265625,10281900
2026-02-17,291.73198959854005,291.9602262062647,286.11564902207004,286.85986328125,6091700
2026-02-18,287.76284771983296,287.89184970361094,284.08147631938635,285.97674560546875,6632000
2026-02-19,288.64600598150304,288.64600598150304,284.6768631241196,287.6933898925781,4931800
2026-02-20,286.6713275933028,288.5566643334604,283.3471645007809,287.7628479003906,6974100
2026-02-23,286.3240116656432,289.5191726640262,279.4971118432662,280.16192626953125,7247500
2026-02-24,280.0230266545793,280.2214656182002,269.70323151732475,271.836669921875,9684500
2026-02-25,275.15090127919626,282.5434113343664,274.7341279746084,282.0075988769531,11380600
2026-02-26,284.7661470745293,292.98227105493606,283.02964718498066,284.4486083984375,10210000
2026-02-27,282.5037339526243,291.8609802744715,281.6602851018,291.0075988769531,9723300
2026-03-02,285.9370523533373,293.0318890868292,285.2821401542549,292.6548156738281,8141400
2026-03-03,286.7606388027243,291.4739959442926,282.16635110169267,286.97894287109375,7051100
2026-03-04,286.78047821184975,292.06934726969536,285.46072137240793,289.70770263671875,7796000
2026-03-05,287.81245235313276,289.1421418264066,284.52798914087526,286.5423278808594,5397900
2026-03-06,285.12337070169843,289.08258097242623,280.866456550322,284.27001953125,6816900
2026-03-09,282.0,285.20001220703125,278.6600036621094,285.1700134277344,10348800
2026-03-10,287.3800048828125,287.5799865722656,278.8999938964844,282.3399963378906,6075600
2026-03-11,282.3800048828125,286.2200012207031,280.6000061035156,285.25,6878800
2026-03-12,284.7799987792969,287.55999755859375,276.2900085449219,277.04998779296875,10512300
2026-03-13,278.05999755859375,282.8800048828125,277.80999755859375,282.0899963378906,4737600
2026-03-16,283.9800109863281,287.3999938964844,281.0400085449219,285.489990234375,4854000
2026-03-17,287.79998779296875,288.989990234375,284.8399963378906,287.57000732421875,5752000
2026-03-18,285.20001220703125,288.3999938964844,283.07000732421875,284.3299865722656,4544100
2026-03-19,284.0,287.54998779296875,280.07000732421875,280.44000244140625,5542100
2026-03-20,278.989990234375,283.1000061035156,275.0,275.5899963378906,38893000
2026-03-23,279.1400146484375,280.75,269.0899963378906,269.5400085449219,10424200
2026-03-24,268.8699951171875,273.3800048828125,267.5899963378906,272.2799987792969,5911700
2026-03-25,275.0,276.0799865722656,267.1099853515625,270.54998779296875,8121200
2026-03-26,269.989990234375,274.6400146484375,267.17999267578125,268.04998779296875,6218800
2026-03-27,267.5,267.6700134277344,255.97000122070312,259.0199890136719,10735300
2026-03-30,260.17999267578125,262.3299865722656,256.6700134277344,261.7900085449219,7774700
2026-03-31,263.0,271.8800048828125,262.6099853515625,270.5899963378906,9170800
2026-04-01,274.2099914550781,275.29998779296875,270.760009765625,273.9800109863281,5473400
2026-04-02,272.2900085449219,279.0400085449219,271.5299987792969,277.260009765625,6407000
2026-04-06,277.8800048828125,283.29998779296875,277.25,281.3599853515625,7097000
2026-04-07,308.8500061035156,312.42999267578125,300.75,307.7300109863281,22099800
2026-04-08,312.0,312.9700012207031,304.8299865722656,305.9800109863281,9645000
2026-04-09,305.82000732421875,307.8900146484375,304.1400146484375,306.9100036621094,5742000
2026-04-10,307.95001220703125,310.3699951171875,304.20001220703125,304.3299865722656,5212900
2026-04-13,303.25,313.32000732421875,302.9200134277344,313.0,7972200
2026-04-14,312.510009765625,319.6199951171875,312.510009765625,314.19000244140625,5864500
2026-04-15,316.0,317.760009765625,311.1499938964844,314.04998779296875,5041200
2026-04-16,315.0,318.6099853515625,313.1099853515625,316.3999938964844,5205600
2026-04-17,320.04998779296875,325.2699890136719,317.1400146484375,324.6300048828125,9414700
2026-04-20,324.19000244140625,325.3999938964844,320.1199951171875,323.4800109863281,9050600
2026-04-21,353.010009765625,357.67999267578125,345.2300109863281,346.010009765625,26097300
2026-04-22,350.8800048828125,358.55999755859375,349.1000061035156,353.5199890136719,11797800
2026-04-23,354.67999267578125,356.8500061035156,351.9164123535156,352.760009765625,3943806
