timestamp,open,high,low,close,volume
2021-01-04,211.96934194508503,211.96934194508503,206.18530298614024,209.5729522705078,10318300
2021-01-05,208.17745829503315,210.24663422914426,205.6078432114175,206.44512939453125,6869700
2021-01-06,205.76181840140498,208.04270941148087,204.0968648857639,204.6261749267578,7206200
2021-01-07,204.22195361928368,207.12841535976614,204.22195361928368,205.77142333984375,10967900
2021-01-08,206.11793257307968,207.99461624927994,204.75132151951053,207.3498077392578,6513000
2021-01-11,205.91582599044773,206.78198312620057,204.49145846772535,204.88604736328125,7353100
2021-01-12,204.3567124606786,204.78979100709518,199.6698131058141,201.00755310058594,9331600
2021-01-13,201.53685255870144,203.0670700837218,200.78617925642325,201.47911071777344,6688500
2021-01-14,202.65327615633583,203.26921369985604,194.14561956225688,194.27073669433594,12887500
2021-01-15,193.96277166913902,195.61810666544534,192.89450332483793,194.01089477539062,8755000
2021-01-19,195.41598702901936,196.49387399283825,192.54802939451065,194.0782470703125,9772000
2021-01-20,195.39672151630234,199.40032237311755,194.62679601535982,198.26467895507812,12675700
2021-01-21,198.3032044748019,199.38109148011594,197.05207723785716,197.4274139404297,6513500
2021-01-22,196.32067957071666,197.61029663328287,194.2130137244465,194.42474365234375,7316200
2021-01-25,192.80787533606158,194.0590025743644,188.39044767365718,193.42381286621094,19282400
2021-01-26,194.17451449430595,195.83948303359037,193.41422223139452,194.4151153564453,9605300
2021-01-27,190.20938552827946,192.19193395481216,186.66774847216448,187.6397705078125,13772400
2021-01-28,192.48065477771297,194.4054613254901,190.71945502428386,190.767578125,11041300
2021-01-29,190.38261050541547,195.41597519389788,185.56096101333935,185.9844207763672,21503000
2021-02-01,187.80335851699496,191.72034656182322,187.68787483305553,190.9022979736328,12970700
2021-02-02,193.29871388516779,196.6671255258894,192.48066518409166,194.99253845214844,11305100
2021-02-03,195.435220904917,195.85866596882954,193.42378709707364,193.7895050048828,13458600
2021-02-04,195.59886511783543,201.79673045068054,195.46412923418902,201.38290405273438,14534800
2021-02-05,202.08544400152695,202.22981330986366,200.8150792617973,200.9209442138672,10284000
2021-02-08,202.10466191445622,202.7302180891964,198.1684365473098,199.11158752441406,8637100
2021-02-09,198.02404220386708,199.82374585618103,196.04149431130637,198.75547790527344,7619400
2021-02-10,200.15100361899403,200.15100361899403,198.1973262105373,198.67852783203125,8467600
2021-02-11,199.84486142842118,203.95105929841486,199.70991637282256,203.0546417236328,8411100
2021-02-12,201.80153855152957,203.50764088427735,200.1821834455557,202.3798828125,6911000
2021-02-16,203.05462273612642,203.4305421207069,199.8641248066011,200.39425659179688,9652700
2021-02-17,197.8495568548851,200.76053085369983,197.65678033417475,200.01832580566406,8373200
2021-02-18,198.44717591006506,202.1292558566576,197.5603921810014,201.79190063476562,7328600
2021-02-19,201.7822666899735,201.96540953880447,196.4037177394564,197.3386993408203,15011500
2021-02-22,196.20133812952588,203.04500152209542,195.77722087828607,200.79913330078125,8337700
2021-02-23,199.9123372908934,206.18731948150133,199.09303323377776,204.45230102539062,10571700
2021-02-24,204.69326352570874,212.56830394477984,203.6618861921184,211.5080108642578,12039000
2021-02-25,211.3730664851634,212.49119106312418,204.9053227970213,206.0330810546875,11404300
2021-02-26,206.32225655890753,207.44038115489332,203.1317582839395,204.72218322753906,11730000
2021-03-01,207.20900894330876,209.93684013552496,207.03549977685554,208.80908203125,6982000
2021-03-02,209.1271885868238,210.06215554343575,207.06444871732833,207.9801483154297,6155200
2021-03-03,207.38251071258995,209.34886955954667,205.17519223401408,207.09335327148438,6484600
2021-03-04,208.17291063595624,209.18500578910528,201.13645708061816,203.86428833007812,10658900
2021-03-05,206.01377772877896,208.29822446331107,202.061807394899,207.6331329345703,7582000
2021-03-08,209.14644222162005,217.96611177089824,208.01868409064474,212.3176727294922,14750400
2021-03-09,214.0430414857012,216.87690202543183,212.24055816206427,212.4044189453125,9228600
2021-03-10,212.75147571362663,216.09620150354036,211.4791238441668,215.11302185058594,7822900
2021-03-11,216.42388821289842,219.99030575295086,215.72988088848842,217.9853973388672,10053400
2021-03-12,217.14683952564968,218.36134514737222,215.3539894890634,216.2600555419922,8172400
2021-03-15,216.13471439038165,218.89146160017847,213.73461922739813,215.20938110351562,9306100
2021-03-16,215.6335346200079,217.4360183924797,214.27443549898967,216.58778381347656,8949300
2021-03-17,216.92509416624503,218.07213432691879,213.75386375639346,214.9683837890625,8675600
2021-03-18,213.43577861085674,214.4864378780177,211.65257737602983,212.69358825683594,9321800
2021-03-19,211.20918586077974,212.2212810353643,199.41109152911616,199.43035888671875,32209700
2021-03-22,199.09305877305115,204.6258217660529,198.7846044711041,200.49070739746094,11371600
2021-03-23,201.5027398105553,202.37988991089412,200.0086960072333,200.63522338867188,8820700
2021-03-24,201.21357914842952,203.51729331060304,200.4231762328176,200.55813598632812,10101600
2021-03-25,200.17260452381137,201.28109554257682,198.35083872369535,200.46177673339844,8390800
2021-03-26,200.7316223344997,205.98485992940354,200.2014758525392,205.8209991455078,7399900
2021-03-29,204.780013830923,207.51747910607995,203.49802843543773,206.76564025878906,7792300
2021-03-30,205.31974340678912,206.41858565927788,203.77751666548977,204.24981689453125,5498000
2021-03-31,204.87640148677525,206.38007912283257,203.91250405772237,204.08599853515625,13180000
2021-04-01,206.0619714162295,209.87901134017213,204.63540747645166,209.03077697753906,6138400
2021-04-05,210.7079775766593,212.54901043311733,209.46454169391563,211.132080078125,10440500
2021-04-06,209.76333620002003,211.47907230311208,207.56565142284805,210.7561492919922,7828100
2021-04-07,211.20918159787374,213.05986273592086,210.7465149903385,211.35377502441406,5614300
2021-04-08,212.0284758362912,214.77558883760562,210.23562639191752,212.73211669921875,11042000
2021-04-09,213.02130689756635,214.5635484867744,211.58509460146516,214.48643493652344,5724900
2021-04-12,212.28872999024512,213.89843658999564,211.3055507031738,213.4743194580078,6315200
2021-04-13,213.02135208664384,213.6189638429805,212.2695131970884,213.04063415527344,4764000
2021-04-14,213.0213574245957,215.04554815206555,212.12493976762804,213.96597290039062,4972600
2021-04-15,215.80695812151365,219.41193918827767,215.7780423801895,218.1106719970703,8698100
2021-04-16,218.96859501887755,219.57585515514737,217.6094960033731,218.2360382080078,6829400
2021-04-19,217.5998172783777,219.36375111694514,216.95400784697418,217.63836669921875,6541600
2021-04-20,216.664855493395,217.24319981415022,213.8117274377005,215.21900939941406,5799100
2021-04-21,215.24792964103813,219.6432995052913,214.8238124246791,219.23846435546875,9490600
2021-04-22,219.09386957506214,222.59280693787215,218.69866813350725,219.3541259765625,7303000
2021-04-23,220.35657911336193,223.45069615334353,219.4890773604958,221.69639587402344,5345200
2021-04-26,222.4385618148395,224.53985065909995,221.2336903102211,222.02407836914062,5650000
2021-04-27,222.68919468167923,222.8145060386942,220.7228506378526,221.60963439941406,6642100
2021-04-28,222.61210702706495,227.74004838014133,222.34221692510383,225.0218505859375,10111400
2021-04-29,226.73754335581162,228.92559420601503,224.73263533423776,228.30870056152344,7411400
2021-04-30,226.8243528199351,227.41231613920854,223.90373004315077,225.1278839111328,10260200
2021-05-03,225.60018806288127,227.22917701240786,223.03621746431168,224.21217346191406,8174400
2021-05-04,223.23862264758876,224.00009505022032,221.9180733328827,223.65309143066406,5884500
2021-05-05,225.40740444510453,225.40740444510453,220.40477477288937,220.93492126464844,6523200
2021-05-06,221.33974591992944,223.21934274913662,220.40476434449457,222.96873474121094,6124100
2021-05-07,223.95192677664,224.80016122695005,222.38078395715272,223.7398681640625,4528700
2021-05-10,223.23862090345034,223.6241739408758,217.0311199287232,217.81187438964844,9627400
2021-05-11,215.66242740772103,218.24566559357848,214.02378992586793,217.339599609375,7633300
2021-05-12,215.55636484465091,216.87689948163137,212.35621864583817,212.6646728515625,7721300
2021-05-13,213.82303825839222,217.0953961075382,213.22455853761235,215.9756622314453,6650100
2021-05-14,217.98349246547832,219.61483289741747,217.11471586219122,219.0646209716797,4777200
2021-05-17,218.33096819459374,219.27697029210495,217.50082653520764,218.5819549560547,5534200
2021-05-18,220.464319082754,221.2268977086687,217.60703169540315,217.7421875,6900000
2021-05-19,215.02967681269902,217.04715988529372,214.09333701139187,216.79617309570312,9311900
2021-05-20,217.61665751479268,219.70170352294343,217.42360097239427,218.5819549560547,7478600
2021-05-21,219.00669600681354,221.3523618027857,218.68814607231045,218.9005126953125,5603900
2021-05-24,220.03957760447338,222.1246238856654,219.73069004204046,221.36204528808594,4040100
2021-05-25,221.9219005574315,222.20184509495044,220.4932643095322,221.07244873046875,4689100
2021-05-26,220.13608134916123,221.39097095111822,218.52403641229506,219.19009399414062,4295600
2021-05-27,219.85617343689606,220.4932733802812,218.5144103781577,218.98741149902344,5969600
2021-05-28,219.69203914957419,221.46818289052666,219.26730592254862,219.412109375,5779700
2021-06-01,221.47787997181226,222.09566983624003,218.4275360721434,218.76539611816406,5091500
2021-06-02,221.26546759990373,225.02047383552957,220.84073439414342,221.69020080566406,9081100
2021-06-03,221.05311437897547,222.39487723516174,219.86580264864645,220.19400024414062,6382400
2021-06-04,221.39101632734446,222.6941592843659,220.79252178355534,222.15359497070312,5085700
2021-06-07,224.7695217483943,226.5360031564784,222.09564363268893,223.29261779785156,5421300
2021-06-08,224.09380484631015,224.7695248680063,222.17287228136274,223.99728393554688,4170600
2021-06-09,224.43162356643836,226.70007812645147,224.064805876921,224.2482147216797,4659000
2021-06-10,225.010850576409,226.13058446939726,224.07451083374235,225.8313446044922,4452500
2021-06-11,226.25606307003298,227.26962831309314,225.59966789046322,226.80628967285156,5378300
2021-06-14,226.55531260202918,227.05727140916014,223.53394154564984,225.9568328857422,5805800
2021-06-15,226.30437579240066,226.6518835238547,224.54752705858502,224.89503479003906,7093800
2021-06-16,225.5127942535549,226.05335848972098,220.08782708868296,221.63230895996094,8905400
2021-06-17,221.2558336630435,225.24250209163327,221.2558336630435,224.0937957763672,6876700
2021-06-18,222.45280524810417,224.1227657937957,221.265493450935,222.41419982910156,8840000
2021-06-21,223.4180481482965,226.85450404132283,222.40448307823107,226.18846130371094,7298400
2021-06-22,226.16922026366532,227.89709640762092,225.14600721122855,227.74264526367188,8858400
2021-06-23,227.27927863420967,227.73296960801795,225.82168480663051,226.53599548339844,6814700
2021-06-24,228.77550616917142,229.9821280371523,227.24068668812478,228.04188537597656,4611500
2021-06-25,228.19630975252377,230.20413020252352,228.11909891880117,229.0843963623047,7825200
2021-06-28,229.74079300336697,230.0979483463503,223.81386725203075,225.9664764404297,9301700
2021-06-29,226.42986223539498,228.31218958570977,226.02442428676815,227.761962890625,11897700
2021-06-30,226.9511295789898,228.19635705837018,225.70590209960938,225.70590209960938,7797100
2021-07-01,226.0726554447931,228.05151812463865,225.92786672181873,226.98968505859375,5329600
2021-07-02,227.64611722953867,230.49374198420162,227.63646955682037,230.3489532470703,4383700
2021-07-06,231.18875793460197,232.26023877975365,228.97823307656597,231.28529357910156,8048700
2021-07-07,231.92235875182473,232.67528958031906,230.03038400867953,231.67138671875,4366100
2021-07-08,228.7465555495388,228.84309119369328,226.41053730785907,228.3990478515625,6388000
2021-07-09,230.47443358776243,231.1404912419593,229.18093842906583,230.1945037841797,5615900
2021-07-12,229.33539611616047,230.23311577708162,229.03615622918676,229.61532592773438,7010700
2021-07-13,229.98215430044735,234.06535904378887,229.98215430044735,233.93988037109375,8079200
2021-07-14,234.7796286180093,238.2450426576431,234.39351555989427,237.45350646972656,8693400
2021-07-15,236.79711359654476,240.1660069781524,236.79711359654476,239.9246826171875,10135100
2021-07-16,241.31474476725774,241.76843580338746,238.93045859160463,239.50962829589844,8674500
2021-07-19,235.52292042683322,235.96694898715236,230.60954541447012,232.06715393066406,11474600
2021-07-20,232.28916912710565,235.73528796530294,231.19837833586624,234.27767944335938,7072300
2021-07-21,234.84720615434526,238.33193047902986,233.89157112175428,235.20437622070312,11241400
2021-07-22,235.32021692971725,236.8357410332795,234.7120748079986,235.667724609375,10293600
2021-07-23,238.19679055524884,241.33400722949833,238.19679055524884,240.3783721923828,6766000
2021-07-26,240.561801405925,241.6718876620589,239.10419272419836,241.56570434570312,4879000
2021-07-27,240.5424834718562,243.90171460702393,239.60614372984136,242.2220916748047,7038300
2021-07-28,241.37265086539685,242.77232934119158,237.3763196713767,238.37057495117188,9036500
2021-07-29,239.4999677229502,241.6911972124828,238.52502253254067,239.31655883789062,7495300
2021-07-30,238.63121169855674,239.8378336253481,237.4631951925432,237.83966064453125,5804700
2021-08-02,237.6948897352514,239.22970940623642,230.09798749840115,231.4590606689453,9989500
2021-08-03,232.27955787006164,233.01317871721034,225.9085880468639,228.86239624023438,9839000
2021-08-04,228.77547433480945,229.30639082869757,226.89314742854137,228.45692443847656,8171800
2021-08-05,228.39906821817266,231.912750931354,228.22530698905436,231.8741455078125,5337500
2021-08-06,231.67143161451773,234.1812113487175,231.53629053524685,233.02284240722656,4509700
2021-08-09,233.36065724690755,233.77572807806231,229.78905964751416,231.67138671875,5226900
2021-08-10,232.16369362599522,232.9648923088571,227.3854740044042,229.80838012695312,7185700
2021-08-11,229.81809647664826,230.08837867582037,226.43955425772197,226.90289306640625,7375700
2021-08-12,226.0812247608007,226.29388090495064,223.30704881123256,224.05133056640625,9867000
2021-08-13,224.25429085817163,225.48189390777327,223.6743169648334,224.88258361816406,5445400
2021-08-16,224.45732489693196,227.61814038821075,222.51442234336187,227.5021514892578,7575900
2021-08-17,227.1541385586277,227.80176773693677,225.43356796566349,226.6998291015625,6850500
2021-08-18,226.1102056858372,226.52585711920466,223.74200579599017,223.89666748046875,4996500
2021-08-19,221.39315357199249,224.66997280654334,221.2578282695083,223.8386993408203,5761300
2021-08-20,224.12864868614096,224.40897483721508,222.6110732883631,223.63568115234375,5522200
2021-08-23,224.93096539280185,226.81585882569127,224.25433887193793,226.32289123535156,6342000
2021-08-24,227.1927887459278,228.30440291599737,226.13918376463957,226.4195098876953,5081800
2021-08-25,227.1541728153834,227.1541728153834,224.33166316138679,224.8246307373047,5277100
2021-08-26,224.37994793951637,224.86325458497305,222.46604300397706,222.82369995117188,5889100
2021-08-27,223.30705240894383,225.26927661210814,222.54341949282494,224.92129516601562,6369000
2021-08-30,224.92128715814164,225.86856421403093,222.2437637585175,223.51002502441406,6448000
2021-08-31,223.2006939157775,224.09963725854712,221.02581386144527,221.4511260986328,9405100
2021-09-01,221.45113769716866,223.07504114310123,221.13215350257119,222.43707275390625,8177600
2021-09-02,222.73670696741058,222.85271059886733,214.54950546942078,216.69537353515625,19708800
2021-09-03,216.5214188023447,219.71124622564233,215.89312594216764,217.5943603515625,11532000
2021-09-07,219.16991614360015,220.38784365402776,218.31929167637182,218.71560668945312,9662600
2021-09-08,219.78855143350725,222.53372984751576,219.4598916802306,221.4414520263672,10652600
2021-09-09,221.65411087669577,222.32107646598968,219.51790357550618,219.89488220214844,5853000
2021-09-10,222.17608863533377,222.35973278588352,217.31402457203598,217.40101623535156,6715400
2021-09-13,218.00033256725123,219.6145752763688,215.95111675077754,217.13038635253906,6808100
2021-09-14,217.4880617745952,218.2710164370872,214.85887158119405,215.58383178710938,6575700
2021-09-15,215.09084360934656,217.3333792957528,213.9695683914676,216.3377685546875,6535800
2021-09-16,216.3860988000371,217.6813573507917,215.31315722456688,216.8404083251953,5928500
2021-09-17,215.02318416148626,216.23145111535993,211.9783573374656,214.3465576171875,13787400
2021-09-20,209.71646082287407,213.13826594976825,209.08815323010103,212.7032928466797,8822600
2021-09-21,213.37991245584172,214.7525017422608,211.66900257269708,212.81927490234375,7033600
2021-09-22,214.00817651029857,216.61804419282643,213.71820432277173,215.3131103515625,6005900
2021-09-23,217.48802708687384,221.0644939157656,216.86939506646743,220.68751525878906,7952700
2021-09-24,221.2867913503812,224.20596785279685,220.98714356607007,223.8579864501953,6461200
2021-09-27,223.98366398304864,225.53991218700932,221.13215732965122,221.9344482421875,6881100
2021-09-28,221.2288310344541,221.2288310344541,216.52142792393607,218.0293426513672,6951400
2021-09-29,219.22794212473244,221.37382524898476,218.54164005823588,219.1119384765625,6432700
2021-09-30,219.9818543122724,221.1514481335594,215.19712147655176,215.3131103515625,7128500
2021-10-01,216.6857549189405,223.8290283706789,216.00912839259996,222.76576232910156,7925400
2021-10-04,222.3210768945074,222.6400610791041,213.4378975926092,217.22702026367188,10283400
2021-10-05,217.95201703926807,219.7885916163109,216.44410227558905,216.79208374023438,5814000
2021-10-06,214.62685309163098,219.05394465115216,213.8632349233143,218.94761657714844,5420900
2021-10-07,221.26747678302328,223.44235693154084,220.861500925222,222.85272216796875,6561900
2021-10-08,223.28771600244517,224.95995320892217,222.4950858616223,222.58209228515625,3735200
2021-10-11,222.33076048812333,222.6304230553851,217.36236780736502,217.5943603515625,5620200
2021-10-12,218.02931357303783,218.6672819493587,215.4774548171041,216.56973266601562,5448200
2021-10-13,215.68043555318994,218.31928579604818,211.33067559822962,215.03280639648438,9076000
2021-10-14,216.63742507337673,218.11634263153113,215.61281706569878,217.6620330810547,5590500
2021-10-15,219.63387880616682,223.374667618694,219.16023297163744,223.27801513671875,6355100
2021-10-18,222.4950770947142,224.98894156847658,220.52319214418273,222.9493865966797,5580200
2021-10-19,224.20601192849406,225.83959120214098,222.97840857946642,225.72360229492188,4409700
2021-10-20,225.66559487388722,225.9942399250247,223.58736699306766,223.69369506835938,5401800
2021-10-21,222.99770396381803,223.12336842309315,218.74461098874113,222.55307006835938,5982200
2021-10-22,222.60140601700255,225.04695162705838,221.0741697378416,223.51002502441406,3788000
2021-10-25,225.65592748850335,227.01885611688118,224.53465224461723,226.0715789794922,4938700
2021-10-26,227.666465171731,229.0487300777663,223.60669162316339,224.08033752441406,7814500
2021-10-27,217.24635947268996,217.24635947268996,208.4598472945951,208.57583618164062,22958100
2021-10-28,211.93000379433676,212.64530307358004,202.0318765285658,202.83416748046875,23199400
2021-10-29,202.22520943909845,206.53629723201317,201.5775654383222,204.69973754882812,14329800
2021-11-01,206.36229455537944,208.0635287841038,204.39039501249363,205.36668395996094,13210300
2021-11-02,206.04335295276357,206.22701189170135,200.8816400079723,202.15756225585938,14688700
2021-11-03,202.68919469703678,203.13382866390108,199.8280121411388,201.15228271484375,11486700
2021-11-04,202.1768575982009,205.27001745664396,200.92991808146394,201.80953979492188,11368200
2021-11-05,204.87368036071086,210.3640514236443,204.30338206921095,209.43609619140625,14273600
2021-11-08,211.0793554553718,214.21118806269465,210.86669933546628,213.1285858154297,13500100
2021-11-09,212.35532355708517,213.0512864615632,205.81134598967296,206.26565551757812,11535000
2021-11-10,206.7837028575192,210.07596845134174,206.5706723428854,208.73001098632812,10063600
2021-11-11,209.61114677104797,209.9113220534734,203.50108155683458,203.75283813476562,13546900
2021-11-12,204.7986165359548,206.81271345033898,204.73082739577805,205.3699188232422,7660500
2021-11-15,206.85147149970484,209.54338635509785,205.0988234940694,205.57330322265625,9596900
2021-11-16,205.43772915108764,208.81713929500592,204.9535716152538,208.36203002929688,8719600
2021-11-17,199.4244982396852,200.7414074086287,193.14014249679119,198.5626983642578,38379600
2021-11-18,199.95702282889826,201.28360948712074,194.89274014082773,196.88746643066406,18292200
2021-11-19,195.63839339992066,197.05214007060854,193.51779555686454,194.49578857421875,18032600
2021-11-22,193.66302293319987,195.30915567306883,188.4341272241299,189.38307189941406,21185800
2021-11-23,190.72902363171696,192.61723509396052,188.2210911055751,192.20086669921875,14742700
2021-11-24,191.89100087241945,197.48786094734905,191.37779505337448,196.81004333496094,12026800
2021-11-26,187.1946602826004,192.87866452526308,186.44905360590639,191.387451171875,10987600
2021-11-29,194.63134269963427,194.87342148408655,189.17004591340344,190.07057189941406,14633500
2021-11-30,189.0829048645605,191.39717749902363,186.45876428767244,187.63043212890625,16023000
2021-12-01,189.81878511115963,190.57406961657358,184.07668434880554,184.13478088378906,13204900
2021-12-02,185.91650643360094,193.12077342195363,185.77126507307628,192.0072021484375,13976300
2021-12-03,191.9878206846659,192.18148073111365,187.89183756448935,190.099609375,10660500
2021-12-06,192.4720164724064,197.7493313582016,191.4746529982695,196.25811767578125,10722100
2021-12-07,199.47292769789996,201.35146151696975,199.36641243675732,200.7995147705078,11897200
2021-12-08,201.0803032955931,202.8426289724608,199.1920919363367,202.3681640625,11749200
2021-12-09,201.91309397511364,205.47648689544883,200.60586251692723,204.69215393066406,10176800
2021-12-10,205.18595514549614,207.46150144486577,204.17891398501214,206.638427734375,8882700
2021-12-13,205.71851512022414,206.56095920238945,203.3267759309222,204.33383178710938,8844300
2021-12-14,204.05301848607644,206.60936952855295,201.8452614391792,203.3267822265625,9832300
2021-12-15,202.76516174753672,205.75726642501942,201.2739630997125,205.5829620361328,10892500
2021-12-16,208.46856117351714,209.4175206543349,204.90516853022976,207.5777130126953,8548400
2021-12-17,206.05742819794455,206.45444088100098,201.2061607508281,205.1665802001953,11578400
2021-12-20,202.4650000515159,203.12346200052906,200.3056615226584,202.1260986328125,9434400
2021-12-21,203.93679793718198,209.31094848861332,203.69471921662483,208.5556640625,6993700
2021-12-22,207.07417962635165,212.00289969129116,207.07417962635165,211.053955078125,6003400
2021-12-23,211.5187646227854,211.59623160815036,209.7564239501953,209.7564239501953,4798200
2021-12-27,210.78282471130635,211.20888572104562,208.07155424081265,210.7344207763672,4818400
2021-12-28,209.16577240921183,212.76790633115385,208.7494039427183,211.14114379882812,4279800
2021-12-29,210.860265752574,212.00288511770185,210.44389740129702,211.2572784423828,3223100
2021-12-30,211.06363429088782,212.20623896672504,210.26960885149026,210.966796875,3812800
2021-12-31,209.9403895370681,211.0733164044265,208.66222131824668,209.84356689453125,4723300
2022-01-03,210.62787074564935,215.02401409005606,210.13402066803292,214.41397094726562,7694500
2022-01-04,214.96593029259137,219.60415264776617,214.78194807829064,215.41136169433594,10629300
2022-01-05,215.58563240459296,218.1323053629233,212.9518146498584,213.02928161621094,9594600
2022-01-06,210.89902005990515,214.8787954916014,210.65694129830638,212.7872314453125,7877500
2022-01-07,210.42456428135995,213.22299449245133,208.8074797431475,210.08566284179688,10702100
2022-01-10,207.20006170094712,207.41309220573322,199.95706886416647,205.25375366210938,11978600
2022-01-11,204.72115296095913,208.13930368609041,202.12607588563708,207.58737182617188,8803100
2022-01-12,207.68422117292042,210.68600393152235,207.03545182064266,208.87525939941406,6923300
2022-01-13,209.97910218527758,213.49407539597908,207.85849008711358,208.18771362304688,8867700
2022-01-14,207.38403704443476,211.33476430832235,206.93862038581952,207.86819458007812,8838100
2022-01-18,209.03987119548609,210.0372345792446,207.5389798161851,208.87525939941406,9099300
2022-01-19,206.25109131477203,211.31537453719702,205.38929157118295,207.8778533935547,9399800
2022-01-20,207.9166061866231,212.64198830119201,207.161321638844,207.55833435058594,8532700
2022-01-21,208.63319328301012,208.76875681596226,199.2986356238732,199.40513610839844,16200200
2022-01-24,195.77392243182473,196.29682081354338,189.45082657264126,195.4543914794922,16054000
2022-01-25,193.29500011090042,198.87250294387894,190.74834217531216,195.59959411621094,12125500
2022-01-26,197.80739799152312,204.1789128180265,197.2167252177424,199.34701538085938,10817600
2022-01-27,202.86201024762983,204.27575677245147,199.32766609854917,199.61814880371094,12009800
2022-01-28,213.64900418257915,220.89199567505304,209.25286092994563,220.7758026123047,26425300
2022-01-31,218.4034793069085,219.20718263335826,215.01437637083467,219.0038299560547,12380600
2022-02-01,219.71068900635782,227.17640488522306,219.24590189814035,224.99769592285156,12247200
2022-02-02,223.97127065892371,228.3771070253683,222.72213598899305,227.96072387695312,10590500
2022-02-03,225.65614698301383,226.09190060324892,223.2450518126475,224.20367431640625,9968000
2022-02-04,221.25998814652846,222.92549120869384,217.82246677605988,221.15347290039062,10848100
2022-02-07,220.77584452317896,222.63500775665202,218.84889214002519,219.96246337890625,5984500
2022-02-08,219.09095074703518,221.2599817073938,217.62880038834467,220.7177276611328,7542000
2022-02-09,222.8383726192517,225.76267376580296,222.8286800114437,223.55491638183594,7772800
2022-02-10,221.16415817506194,223.02634640032016,218.0993002462727,218.79762268066406,6794600
2022-02-11,220.407584312126,222.2018873978843,216.80928456477622,217.92466735839844,7535200
2022-02-14,216.56683632465032,220.4173026707661,216.10129304332077,218.55511474609375,8280800
2022-02-15,220.42700651187158,222.3861745635286,218.13806446001004,220.96044921875,9461700
2022-02-16,220.650065937812,222.95840982495437,218.80728009807257,221.93032836914062,9561300
2022-02-17,221.52295440353524,221.92061300674825,217.42032228567507,217.84707641601562,8131200
2022-02-18,217.83738799970547,218.94306245479794,215.16048104574782,215.98489379882812,8121200
2022-02-22,214.3652188327408,217.58524784310794,213.29833328148186,214.65618896484375,9928800
2022-02-23,216.13040599632004,217.52705075225026,208.9338199116818,209.44786071777344,8669900
2022-02-24,197.24663448260804,211.30035374200125,195.38444642079978,210.75721740722656,13463400
2022-02-25,210.747498625173,214.03542680311025,207.79903803938726,212.6678924560547,8463600
2022-02-28,209.49633455806557,212.0665382984115,206.81944227759092,209.6127166748047,8409400
2022-03-01,208.02210009845575,208.6719249256773,201.0388918006597,202.67800903320312,9317800
2022-03-02,200.67031494446496,204.20071535754502,199.98170105803976,202.20274353027344,8865700
2022-03-03,204.2104302508888,205.13182318713058,200.34056215944952,200.99038696289062,8610000
2022-03-04,198.82754421403595,200.1562894078682,190.9326364650235,194.2593536376953,10912300
2022-03-07,193.8228811850854,194.15264034746508,184.3276613078164,184.9580841064453,13412400
2022-03-08,184.2889030627509,190.50590520826623,181.0494720899695,185.93772888183594,11070900
2022-03-09,190.5834629278864,194.4630245142047,189.3614063559632,193.74530029296875,8457600
2022-03-10,190.97142640860454,193.91990170628938,190.3895010099183,192.00921630859375,7061600
2022-03-11,194.7055060210973,194.7927926089381,190.5446825411292,190.7871551513672,5432100
2022-03-14,192.4456624163165,198.27469872646543,192.19349622563826,194.29815673828125,7994700
2022-03-15,196.00515308613186,200.19508683971046,195.3359263227669,199.93321228027344,8277700
2022-03-16,203.67697142090032,207.23646719314334,200.76730040060175,205.49066162109375,9232300
2022-03-17,203.6090834731843,207.11038839032642,202.4355243831341,207.02310180664062,6668500
2022-03-18,205.3258035863176,212.65817295904066,203.95825451142062,212.5126953125,14620800
2022-03-21,209.826099775554,211.49431256033031,208.09000235384994,210.50502014160156,6101500
2022-03-22,211.28094726899485,212.95886852368594,210.64081597411922,211.89198303222656,6259900
2022-03-23,208.81740656608522,210.74747899499332,207.75052120385988,208.216064453125,6008000
2022-03-24,208.51673823358365,211.10634377362265,207.5565414291119,210.76687622070312,5487000
2022-03-25,211.8434710960831,212.338109899644,209.1956743016155,211.85316467285156,5051400
2022-03-28,211.92107089645054,214.32639515456816,210.96087398887758,214.1227264404297,4316800
2022-03-29,218.07017936901303,221.92064588918186,217.0420977932338,221.2514190673828,8032500
2022-03-30,219.04006263157783,219.35043468912323,216.02370264432184,217.20697021484375,7084000
2022-03-31,217.16818593266063,219.11766051461314,213.80266470556356,215.09262084960938,10759500
2022-04-01,216.36316358090048,219.80627764175597,215.5387507778246,219.54440307617188,6559600
2022-04-04,218.96247963973912,222.3377093229453,218.1865790590689,220.88287353515625,8521200
2022-04-05,220.00027131907137,222.09523842165152,218.52603356547553,219.2825469970703,4658000
2022-04-06,216.0721862113483,216.1594727971531,212.03743851925557,212.4156951904297,7430000
2022-04-07,211.73675129022467,212.09560596927116,207.24615441739263,209.64178466796875,6995100
2022-04-08,208.3421928576871,212.80369543977142,206.6642863002346,210.4468536376953,5438600
2022-04-11,208.76895715360453,210.7572358958911,206.98436195440416,208.2840118408203,6942700
2022-04-12,209.98129867167688,210.45655035671544,204.35593066656006,205.03485107421875,7446600
2022-04-13,204.09405617860696,207.41109479927096,200.9322183932241,206.8485565185547,8052900
2022-04-14,207.81841348940603,209.44782220547967,206.13079891974186,206.38296508789062,8191600
2022-04-18,205.2967357958805,209.33148413110894,205.15125812968344,206.75157165527344,4744400
2022-04-19,206.6836466654481,209.99096162602476,206.04351546042574,209.20535278320312,5028800
2022-04-20,212.07628253848358,214.17124979018791,210.844517330395,211.2324676513672,7178300
2022-04-21,212.9006319700717,217.1778520973957,208.86589923708226,209.93276977539062,8850300
2022-04-22,209.729122893011,210.03948015119843,201.68872251965365,201.902099609375,6201100
2022-04-25,200.13689756954616,204.19103249200708,199.14760518011144,203.6284942626953,6839400
2022-04-26,200.7478975018695,202.28032600791147,195.04495239257812,195.04495239257812,8155300
2022-04-27,210.82509145957212,215.12171403376368,206.6351722308035,207.6632537841797,15955800
2022-04-28,213.76387123158736,218.1574742377275,212.66790497400106,214.01605224609375,10799100
2022-04-29,212.03748927180393,214.53980892596113,205.95628554884098,206.71279907226562,7965000
2022-05-02,205.39371349393028,205.75256823993098,200.72854259850342,205.1609344482422,8803700
2022-05-03,207.17833071664037,207.17833071664037,200.05933729683164,202.28038024902344,6616900
2022-05-04,203.0465958948489,208.3324965192354,199.14763167603564,208.06092834472656,7191100
2022-05-05,205.8786623413775,208.11910704766154,196.95567262485736,199.06033325195312,7749600
2022-05-06,197.61520217932394,199.5258877720737,194.1914896764355,196.7132110595703,8825300
2022-05-09,194.0265570754424,194.70547732417447,186.29653021640752,187.18882751464844,10314100
2022-05-10,190.78713478288972,191.79581422207727,185.21995891841135,187.75137329101562,11016500
2022-05-11,187.6641175799267,192.34869045605043,185.6370351938209,190.79685974121094,9427300
2022-05-12,189.03314153668464,190.5199069590497,184.58255736046053,188.4889678955078,9308600
2022-05-13,191.43332901627718,194.87329195769686,190.94745762283486,193.60031127929688,6684500
2022-05-16,191.74432967823537,194.2902915110865,190.3450174310552,192.22047424316406,5161300
2022-05-17,197.11803635946637,199.01293188709235,194.49431889147186,198.23553466796875,7265600
2022-05-18,197.08891683831732,199.65431769311502,193.5031828966705,194.33888244628906,8748200
2022-05-19,190.80171018869586,194.75669578787637,187.84760368842132,191.79287719726562,9012400
2022-05-20,194.0278901633428,195.96166374371506,188.53754907442737,193.40597534179688,6966600
2022-05-23,195.20371108092618,202.08365233086727,195.0968187728823,201.6949462890625,12187400
2022-05-24,198.14808071404627,198.8865999145672,193.40597103802082,196.9042510986328,7458500
2022-05-25,194.9219135573401,199.1587133858287,194.80530914891125,198.080078125,5457200
2022-05-26,199.314199519129,203.81337417780657,198.88663024345067,202.65699768066406,9212300
2022-05-27,204.06596974734407,207.20469455886806,203.71614177752963,206.86459350585938,4897200
2022-05-31,204.4352845368927,208.2931051963149,203.2011668509071,206.17469787597656,9586400
2022-06-01,206.05806010504972,208.05984786565332,202.91933506762615,203.99795532226562,5246100
2022-06-02,205.90258623884074,209.1676427182796,205.11547692437563,208.97329711914062,5337200
2022-06-03,206.93260854418904,208.15701385683764,205.30008789748038,206.64108276367188,4352500
2022-06-06,209.36196623012472,211.43178297025918,206.09691009514313,206.9228973388672,3965100
2022-06-07,205.1543321544283,208.89554781009744,204.76564097122912,208.43882751464844,4493300
2022-06-08,207.71973458082203,209.4786014954758,206.8160208984697,207.4670867919922,3646300
2022-06-09,206.58280869889262,207.67117077249364,200.19846589167653,200.28591918945312,5138600
2022-06-10,195.95191963931435,197.67190845883573,193.55171386020243,193.8723907470703,5162500
2022-06-13,187.53666876385654,190.35471726016303,185.68063625479766,186.82728576660156,7119200
2022-06-14,187.27429946446287,188.84851827302182,186.3317076320831,188.05169677734375,6441200
2022-06-15,190.4421592654139,193.2116323142229,186.79812358414895,190.61708068847656,6490000
2022-06-16,186.00130632019906,186.4482997369679,182.2309392394594,183.70799255371094,9887200
2022-06-17,181.64789913124903,185.9041379175387,180.6567320166608,184.640869140625,15089300
2022-06-21,190.1797716994015,191.17093858459617,188.25571046377584,188.89706420898438,6241600
2022-06-22,185.84584462928748,190.8406029454351,185.63205998781797,188.34323120117188,5138500
2022-06-23,190.59763993282374,191.88034759812933,187.98364932233622,191.08351135253906,4752800
2022-06-24,192.14270749575485,199.82919691455453,191.92892288486294,199.70286560058594,7754800
2022-06-27,199.93607188721748,201.2382036205886,196.88480022892068,197.80795288085938,6121200
2022-06-28,198.23556668858083,200.9467230617861,191.91923735781722,192.52171325683594,4354200
2022-06-29,191.74429399717627,194.97047234216313,191.74429399717627,193.86268615722656,4324600
2022-06-30,189.84942355160095,193.23109983874699,187.40064188830098,191.32647705078125,7045200
2022-07-01,191.22930778101897,194.15426384348322,189.20809529065704,193.55177307128906,4131800
2022-07-05,190.685081996818,194.9024569404993,188.6541431406756,194.873291015625,4110200
2022-07-06,194.34857290259927,196.78764215458392,193.05615311348268,195.43692016601562,4111200
2022-07-07,196.81679537064588,197.68164593625724,194.38743818324093,197.0694580078125,4650700
2022-07-08,196.60300949396097,198.3327104836636,194.79556730130764,197.81768798828125,3621800
2022-07-11,196.29206361395637,200.89813024660322,196.29206361395637,199.26559448242188,5353600
2022-07-12,197.50673574716512,202.23911871740046,197.0305764091429,199.03237915039062,6779500
2022-07-13,194.7664022201208,199.76117444492593,193.86268853368676,198.38128662109375,7597300
2022-07-14,194.34856435776365,200.2567624935539,192.38563970601697,200.09156799316406,5605500
2022-07-15,203.45379247875093,205.7276819800726,201.32567329915008,204.1048583984375,7245700
2022-07-18,205.52359788110428,206.89375875893998,200.80092737924227,201.35482788085938,4648900
2022-07-19,202.33626081472215,208.05982457284188,202.02529604171212,207.62254333496094,4927100
2022-07-20,206.00947636829227,208.07929330494372,205.24180607012863,207.34075927734375,4460300
2022-07-21,207.12696364835264,210.77099900337376,206.7188334679044,210.08106994628906,4801300
2022-07-22,211.77189041065546,211.9079486301815,206.12606740503008,207.6614227294922,5071500
2022-07-25,208.51655464325134,208.73033922786723,205.64018966781236,208.21531677246094,4357200
2022-07-26,207.8071969789947,209.07045071597602,205.76653123405606,206.48562622070312,6141000
2022-07-27,204.81426144013085,210.72246023189228,195.5146744858471,204.52273559570312,17432200
2022-07-28,204.68792466648233,206.70915168573188,202.04478278189598,205.37786865234375,7477100
2022-07-29,206.00948647639376,208.10845461421584,203.90080624790727,206.1163787841797,6059700
2022-08-01,202.5597979367343,207.94326173071934,201.69494737703022,205.3875732421875,8028400
2022-08-02,201.9281787796843,202.93878487750803,198.16752365166303,200.4316864013672,9939400
2022-08-03,202.11279897869895,204.38667366959857,201.0341638313308,202.5889434814453,9520100
2022-08-04,204.58104631782356,208.80813416899045,202.65699938867593,207.43797302246094,6789700
2022-08-05,204.75592956251367,209.84785228640646,204.55185705270335,209.77011108398438,5553700
2022-08-08,209.14819271897068,210.50864149668715,206.05805782048213,207.29217529296875,4063400
2022-08-09,206.0095025987331,207.4185268915494,203.82308099096352,204.31866455078125,4596800
2022-08-10,208.75949723858352,208.76920932816336,205.33895859903868,206.1066436767578,5746400
2022-08-11,207.63015290085247,207.83458689908488,205.00180278203885,205.4788055419922,6639600
2022-08-12,207.34782045821422,207.5619837146036,204.5247809569083,205.72213745117188,6443700
2022-08-15,204.78761804415876,210.98859385863335,204.78761804415876,210.6770782470703,5290600
2022-08-16,208.85670723184631,211.83550473888343,206.50092609978506,211.3779754638672,6564400
2022-08-17,209.29477323890694,210.44345370170325,207.10447910036024,208.8275146484375,4902500
2022-08-18,208.19476176495476,210.2682450457317,206.79297108802854,209.53814697265625,4516400
2022-08-19,208.4283847478152,209.5186597117841,206.75402542235878,207.17262268066406,4178800
2022-08-22,204.36900375138197,205.6442390226651,202.6751712991359,203.0742950439453,5139500
2022-08-23,202.48051652623488,203.7460227253003,201.049523225936,201.31236267089844,3525500
2022-08-24,201.1468742495073,202.8212335442573,200.22207155179848,201.18580627441406,4230800
2022-08-25,201.88670249085146,204.3398359800615,201.02032010730457,204.25222778320312,4495000
2022-08-26,204.20354035657607,204.68052819354804,197.321142985419,197.506103515625,5060200
2022-08-29,195.90962514118698,198.54771905146683,195.2963380831551,196.96096801757812,4476200
2022-08-30,198.50877053137216,198.98577322299158,194.89722752900659,196.0361785888672,3918200
2022-08-31,195.66628374435666,197.77869905505113,193.36890787837706,193.4370574951172,6559000
2022-09-01,193.44677856995645,195.11139378903363,191.44144498942094,194.81936645507812,5608300
2022-09-02,197.06805684624047,197.10698887098874,191.62639658739636,192.51223754882812,4508100
2022-09-06,192.64854294867766,194.73175556637221,191.18834677214736,193.36891174316406,4547800
2022-09-07,193.43702379415794,195.80253401087077,191.9865571930993,195.1016387939453,4098300
2022-09-08,192.16182376288515,195.773382417153,191.73351199967226,195.38400268554688,4377600
2022-09-09,196.70787434969316,200.92296032841773,196.00697909299902,199.7548065185547,4885600
2022-09-12,201.02034127315144,201.69203389422066,199.51146891267308,201.1468963623047,3812300
2022-09-13,196.68840054419553,198.07071761624226,193.5927773572547,194.37155151367188,5217900
2022-09-14,194.69280946126014,195.54946257613213,192.80428683286473,194.11846923828125,4632800
2022-09-15,192.83347690972244,194.99456814121402,189.36794750538652,190.18565368652344,6099300
2022-09-16,185.17230735807897,188.67678339852282,183.22537952536138,188.1705780029297,9398200
2022-09-19,186.50596877931375,188.84229134906877,185.64933053889754,188.00511169433594,8133600
2022-09-20,186.02900518683668,187.90778386829305,185.24048674730986,186.9732666015625,5292500
2022-09-21,187.4210325501587,187.96617004209588,182.03777753645542,182.0572509765625,6705900
2022-09-22,181.40504618775066,182.24222593195555,179.75988943486914,180.85989379882812,6604700
2022-09-23,178.60144272328694,179.6819883662449,177.39434200605584,179.0784454345703,10755800
2022-09-26,178.1828352746088,179.60409918052554,175.1261590588624,175.7978515625,9914600
2022-09-27,177.6669277671691,179.94484505298686,172.32261935792945,173.15005493164062,9799600
2022-09-28,172.55622855542234,175.320877688692,170.19071809313954,174.42527770996094,9751000
2022-09-29,174.08456485365346,177.4040805813807,173.98721251436493,175.28192138671875,9105200
2022-09-30,175.28191902837295,178.06602656031717,172.88720599446225,172.9358673095703,9472300
2022-10-03,174.58105787057508,178.49438793002363,173.4226331503144,176.8297576904297,8842300
2022-10-04,180.13950233453434,181.26872405273215,178.21204792166608,180.72357177734375,7081400
2022-10-05,178.4748862781883,183.80947969546767,177.52089571683092,182.6899871826172,6119900
2022-10-06,181.69706117919662,183.05991977793963,180.33421743433638,180.66519165039062,5163000
2022-10-07,178.5819527373166,179.71117444681806,177.1022834232761,178.95187377929688,5610300
2022-10-10,179.24392395636767,179.8766695896918,176.09962466641707,177.3456573486328,4743800
2022-10-11,175.58369382000063,176.81999723721253,173.46154946741288,174.38633728027344,6294500
2022-10-12,174.33765885097884,175.79785480621848,173.4907499501819,173.51022338867188,4884300
2022-10-13,170.35620628467746,180.45102358384713,169.96682661186546,179.75987243652344,8426400
2022-10-14,181.83332982008346,182.1643188613808,177.23859351189066,177.77398681640625,6449400
2022-10-17,181.06432660678138,183.56613652900808,177.99792056547807,180.334228515625,13952100
2022-10-18,184.4617214765261,185.1431433898614,180.8112310259259,182.20327758789062,5209200
2022-10-19,180.56783960049273,182.6607812229282,179.85720019792527,181.4634246826172,4927000
2022-10-20,181.51208015312898,185.9121261608494,181.48286257139236,182.2519073486328,5706700
2022-10-21,180.8696211876406,185.88295504058092,180.13952315931635,185.31834411621094,7582500
2022-10-24,186.3307596410637,188.0051190157332,184.08206003484256,185.6493377685547,7299200
2022-10-25,185.8050709040679,190.0493745833904,185.65905724406676,189.22193908691406,11907200
2022-10-26,191.36352160902277,200.89372597524894,191.28564272010632,197.9344024658203,15450000
2022-10-27,197.9246959021678,200.84508772942,196.2405925869914,198.8689422607422,7946700
2022-10-28,199.56012753123227,205.90711720984928,197.91497093252434,203.7849578857422,8455600
2022-10-31,203.37610261840865,204.05752446613025,200.72827927821993,201.66281127929688,8674100
2022-11-01,203.36635787044233,204.3982272834142,199.88135513821962,201.4388885498047,5919500
2022-11-02,200.29997485376268,201.50707572725653,195.2574377697758,195.61761474609375,6985600
2022-11-03,193.0184496939804,193.5733313296081,189.02724116710667,189.58212280273438,8236200
2022-11-04,191.77238786575333,196.10429924016816,190.1564342304812,191.75291442871094,9680100
2022-11-07,193.05739632291997,195.12113534281835,191.937903760066,194.7901611328125,7821300
2022-11-08,196.30874144875864,198.70345441985546,194.43969246886718,196.42555236816406,6943700
2022-11-09,195.81091164826674,196.42556950737068,188.62045083768726,189.20582580566406,7320200
2022-11-10,198.1426587379451,200.74761489314676,195.14745266616706,200.562255859375,8048900
2022-11-11,200.9818197110804,201.4013377229297,197.22560013543313,200.0061798095703,9601000
2022-11-14,198.5426962839324,204.07457207944768,198.2597672965464,201.8208465576172,5796100
2022-11-15,204.87460327148438,208.52348653003426,202.4550058923632,204.87460327148438,7316100
2022-11-16,203.49893944100089,205.7526648660581,203.14770853793476,205.02093505859375,6125300
2022-11-17,202.8940477514316,206.1331639608501,202.26963891063522,205.85023498535156,5385600
2022-11-18,207.97714819028909,208.95278805507652,204.63071059986797,205.66488647460938,8028500
2022-11-21,205.1770640528032,205.42097401604067,200.8744887283938,201.2940216064453,10450900
2022-11-22,202.48427079879443,205.35265409720805,200.347632213095,205.20631408691406,5273100
2022-11-23,204.8843368199207,207.64539895494354,204.80628385753965,206.5721893310547,3807300
2022-11-25,206.55271351839207,208.7869221631866,206.240501629171,208.58203125,1993500
2022-11-28,207.08933320036752,209.24550406905354,205.518552264353,206.1136932373047,10229400
2022-11-29,204.25022907795002,205.03072912671828,202.29894918186102,203.96728515625,8986900
2022-11-30,203.14772041405934,211.71383666992188,202.94282950567563,211.71383666992188,13918100
2022-12-01,211.71383666992188,213.32363638562077,210.0552519867905,211.71383666992188,11261500
2022-12-02,210.47476505628197,213.15777444472045,209.02107131536934,212.35775756835938,5132800
2022-12-05,210.3967278836894,211.62604362350922,207.86007320369623,208.47471618652344,9006300
2022-12-06,206.83563705188345,206.96247498941355,202.58184693967277,203.9867706298828,5986000
2022-12-07,203.71359997503072,203.9282419291174,200.13300357670454,202.74771118164062,7923800
2022-12-08,204.40630291065088,205.17706674134743,202.6891821063083,204.0063018798828,4896500
2022-12-09,202.84527892312624,205.39169945350488,202.46477998810795,203.61602783203125,4928400
2022-12-12,204.88436555391772,209.5869567090977,204.36727763181966,209.362548828125,5941700
2022-12-13,214.19198615634832,214.62127011244107,207.44055954920213,207.85032653808594,14585000
2022-12-14,207.66493748270017,211.01137485247793,206.47465573517266,208.1234893798828,7001700
2022-12-15,204.4941403005758,206.66006218928848,201.78186241959042,202.84530639648438,10831800
2022-12-16,202.43553334229077,203.3233543596145,200.29887952519115,201.8501434326172,12472900
2022-12-19,201.5964414113606,202.41597520856183,198.981719203567,199.83053588867188,4893600
2022-12-20,198.9134183138277,201.49885745369562,198.5914554401136,200.35736083984375,5024900
2022-12-21,201.5379201852356,202.8940589087474,200.5720314260263,201.77206420898438,4086900
2022-12-22,200.73789111716127,201.61596099224553,197.2060797651387,200.064697265625,5690300
2022-12-23,199.1573637486895,201.2159643905059,198.56222285545113,200.81594848632812,3246000
2022-12-27,200.90375800622166,201.8403788213058,199.61592113344912,201.26473999023438,2904900
2022-12-28,201.64524837731346,203.45018815601836,199.8110554795149,199.99642944335938,3139200
2022-12-29,200.9330524730202,203.45020542753122,200.49401745600795,202.9916534423828,3675500
2022-12-30,201.28426918750318,202.97212207798808,200.689128241783,202.69894409179688,4159400
2023-01-03,204.18192581332295,207.1576306130022,201.13793395900663,202.3379669189453,4202800
2023-01-04,204.5136026195477,208.00639476203517,204.5136026195477,207.43077087402344,6606200
2023-01-05,208.5918199847036,208.94305095494195,205.33318619182103,205.96734619140625,5246000
2023-01-06,208.78692255556652,212.82607083569093,207.8990867418931,212.44557189941406,6829700
2023-01-09,213.73345431835259,216.79696321354257,213.03099235245435,213.27490234375,6294500
2023-01-10,213.65535853106422,216.97252779329102,212.8650778124399,215.70419311523438,10857000
2023-01-11,215.89930976595315,216.76762853203834,214.34804616481458,216.68959045410156,5408200
2023-01-12,216.68963021686812,218.35796612813408,215.2359213899339,218.17259216308594,4264400
2023-01-13,216.50424084002643,218.30916561488422,214.77735415187038,217.626220703125,4283200
2023-01-17,216.96279604114895,218.9335778324777,216.95303011485146,217.56768798828125,6101100
2023-01-18,218.62134217778964,219.5091778631314,214.09437463950002,214.1138916015625,6558000
2023-01-19,212.7870157348287,216.12370158454416,212.20162598417838,215.04074096679688,4853100
2023-01-20,215.75300278130013,218.96285144084888,215.04078983624825,218.8457794189453,5211000
2023-01-23,219.1286843658707,220.68969896638134,217.7139948796435,218.71890258789062,5501500
2023-01-24,216.61157802091586,224.39718037150917,211.35287947638864,218.43601989746094,5274900
2023-01-25,216.22125926909828,219.48965812398635,215.78222439426793,219.42135620117188,4729600
2023-01-26,220.49462241611178,221.54831531853264,218.22137961094697,219.23605346679688,7043400
2023-01-27,222.4458749449157,227.1679680155835,221.7141450931232,225.8020782470703,11382600
2023-01-30,224.59228361500365,224.80692556639738,222.3775770549404,223.5190887451172,5677400
2023-01-31,223.23614609328493,225.17767470540184,222.8849151606176,224.60205078125,11294200
2023-02-01,223.78249508248857,226.99235834576837,222.25074834516113,225.2752227783203,5792700
2023-02-02,228.26070449568408,228.59241846980694,222.80686645251086,223.96788024902344,7190000
2023-02-03,223.11909348113906,225.2362303001605,222.09466859784902,224.52401733398438,5243600
2023-02-06,223.12882074446716,224.65081646050578,222.48489489934866,223.85079956054688,3402400
2023-02-07,222.46538335706273,226.47526338621617,222.39708142772184,225.68499755859375,4042600
2023-02-08,224.72885886845242,226.21183547284653,224.38739388451438,224.59226989746094,4978600
2023-02-09,227.1925353173127,227.26095610190242,223.98617058789446,224.20123291015625,5238400
2023-02-10,223.82004736831897,224.74871768505707,221.08290202721554,222.09954833984375,4509700
2023-02-13,221.7867500324931,224.67052216611214,221.1904433947284,223.74185180664062,4946700
2023-02-14,223.53654916362385,226.22481397808278,222.0702229011917,224.24038696289062,4829400
2023-02-15,222.48075485831225,223.9275405990529,221.70849638711437,223.78089904785156,4407300
2023-02-16,220.99490197023286,223.23348659174624,220.60387272622495,220.76028442382812,3865900
2023-02-17,219.14730590092583,219.72407214272715,216.76209475375325,218.54122924804688,4520200
2023-02-21,215.21754089345387,217.44635503933955,215.05135908355098,215.66720581054688,7276100
2023-02-22,215.46196318786852,216.77187760567813,214.52350790994723,215.08071899414062,4621800
2023-02-23,216.5861416644267,217.10424236834285,214.01517842014195,216.16580200195312,5533800
2023-02-24,213.57525999162598,215.29575866716573,212.57816907692623,214.62124633789062,4414400
2023-02-27,215.7747641807069,216.4688317483995,214.41596928958148,215.40330505371094,4255300
2023-02-28,215.0611836224645,216.79145277633847,214.57240820514073,215.00253295898438,5385400
2023-03-01,214.53330439652535,215.32511815521534,211.5713117597259,213.45799255371094,4792700
2023-03-02,212.99854031872167,214.6701587271351,212.21649670610861,214.14227294921875,5539300
2023-03-03,215.2566729056085,218.99092394322165,214.96340469635373,218.7465362548828,6055400
2023-03-06,218.90295218459877,222.31460998204355,218.66834952966892,221.65965270996094,5737600
2023-03-07,221.65965271400577,222.27551451569198,218.07204292529815,218.16001892089844,4386800
2023-03-08,216.97717860460025,217.9253891422468,216.21467527005115,217.20201110839844,4194900
2023-03-09,216.42974843017558,219.33307559708882,214.72881952738248,215.07095336914062,5066700
2023-03-10,214.11296317911533,214.20093917641444,210.64265465086356,211.287841796875,6638900
2023-03-13,209.81170037988616,212.9594146601421,207.72951272618715,209.65528869628906,6810800
2023-03-14,213.10604893112415,214.9340639354559,211.1900430289649,213.75123596191406,7985600
2023-03-15,209.59665843252702,212.04053529056338,208.87326551270166,211.5126495361328,8372200
2023-03-16,210.33957556158717,212.69547625268603,204.07347219629517,212.56838989257812,13674600
2023-03-17,210.04631837593533,213.75124395681974,210.04631837593533,212.50975036621094,18801200
2023-03-20,212.1285081751159,215.5988162460214,211.97209647859142,213.252685546875,9817400
2023-03-21,216.3711006140174,217.51483331357264,213.77081178447705,216.9674072265625,8971400
2023-03-22,217.505046967378,219.8511628558106,214.98296418338037,215.1002655029297,6700600
2023-03-23,215.49127432346444,220.19329070848798,215.31530744458908,217.59300231933594,6427700
2023-03-24,215.71613080550804,216.36131790610656,213.35045968622148,216.07781982421875,4791500
2023-03-27,217.59300899049396,219.0495649184512,216.4199511215722,216.8305206298828,7210900
2023-03-28,217.81783441988793,218.31637986192,213.74143524353698,215.38372802734375,6418400
2023-03-29,217.299758273156,218.53148181340413,215.96051846573448,218.28709411621094,4483000
2023-03-30,218.89314069643927,219.20596406557513,216.24398677667637,217.3681640625,5383900
2023-03-31,218.58036029985098,220.77006449990884,218.2773070285119,220.3986053466797,9509000
2023-04-03,220.17374519777573,224.01552729618706,219.08866329843332,223.85911560058594,6421500
2023-04-04,223.8591547303921,224.88558615236082,221.73787108031962,222.5492401123047,5254700
2023-04-05,221.68891952272247,223.34098239088897,221.46408706568292,223.04771423339844,4813600
2023-04-06,221.08288411024654,221.64008028863637,219.63609824150768,220.9167022705078,4285200
2023-04-10,220.49635260712213,221.3956975390841,219.2841991805062,221.34681701660156,4952200
2023-04-11,221.90401136170317,223.99596928626082,221.12196780977956,223.3214569091797,4513300
2023-04-12,224.76823409076485,226.39097189619176,222.22661112100556,222.69583129882812,4373000
2023-04-13,224.30879344582016,227.61290471680735,223.66360639454376,227.46627807617188,7615500
2023-04-14,227.75954243167863,229.71464382711906,227.02637940838846,228.76641845703125,9781300
2023-04-17,228.76644169168105,228.7957670222919,225.7555834469564,228.23855590820312,4865000
2023-04-18,228.5024921272881,229.06947336294323,226.48873993086113,228.35586547851562,4796200
2023-04-19,228.74690487444056,228.80555554037366,226.64517645854426,227.34901428222656,3833900
2023-04-20,227.2414617195435,229.40184059821146,226.3030064041383,229.3334197998047,4925700
2023-04-21,229.72441603757713,230.28162710010176,228.14078866617444,228.79574584960938,6771500
2023-04-24,228.9716838719387,229.87102867723658,226.3127449187801,227.53468322753906,9124100
2023-04-25,227.78890502532175,229.74400674061462,224.27948611002685,224.43589782714844,6076500
2023-04-26,226.0293171407308,227.54452399785927,221.6303381520471,223.02822875976562,8400400
2023-04-27,223.536517566313,224.47497280476367,221.52276550381924,223.86888122558594,7128200
2023-04-28,223.51694744145038,228.32650970733,222.94019614485228,227.50535583496094,11627900
2023-05-01,227.64224786079956,229.32363641413008,226.31277818877635,227.2903289794922,4571100
2023-05-02,226.74287317619456,227.15344266448238,221.13174192002168,221.8844451904297,5244000
2023-05-03,221.88448749435307,223.53655081550036,220.84828598117585,220.9069366455078,4093300
2023-05-04,219.79251328830068,220.98512643044896,218.46304363391778,220.53546142578125,5648700
2023-05-05,223.21389898610474,227.12410136091427,222.18746787946955,226.57667541503906,6237500
2023-05-08,226.05860602486624,228.20921464488177,226.05860602486624,227.0166015625,2938400
2023-05-09,225.89242979460934,228.83485219131117,225.63827196867442,228.0234832763672,4352100
2023-05-10,229.04014841645508,229.53869393935668,223.7613653081987,226.0781707763672,5245000
2023-05-11,226.00958314527634,226.76376882085154,223.5805352554251,226.2642364501953,3818000
2023-05-12,227.23392149156012,227.94892059432212,225.09871336854007,226.6266632080078,3432700
2023-05-15,226.44053754145588,228.04684551082306,225.8136860154911,228.02725219726562,2843200
2023-05-16,227.78242755583167,228.31134249629648,224.91262685314587,225.73536682128906,4289700
2023-05-17,227.9489332736212,229.0851065311539,225.81372503183357,227.87057495117188,4990100
2023-05-18,227.62571127312066,229.33976034880777,226.3818121331109,228.8010711669922,6621900
2023-05-19,229.1928409849862,229.52585263714707,227.17516281030143,228.5170135498047,5399400
2023-05-22,228.51701270642582,229.0655060009774,226.43076540470796,226.52871704101562,3987800
2023-05-23,224.56002357037747,224.77550522251673,219.06527133147023,219.96636962890625,8537200
2023-05-24,217.97808987470356,218.51679404456843,215.50985482525547,217.6842498779297,6730800
2023-05-25,217.88011323402415,220.07410135356088,215.96038670658572,218.791015625,6827600
2023-05-26,219.2219714704517,221.5628720194046,218.751821567374,220.38751220703125,5067300
2023-05-30,220.38750996229237,220.8380665451558,215.23557395910433,217.0867462158203,6916000
2023-05-31,215.44126236814367,216.9790013305003,211.6997312940161,216.48927307128906,20460600
2023-06-01,218.15435319124038,222.05260102077187,217.86051323718368,221.84690856933594,7003600
2023-06-02,224.10946758473418,225.53948083068565,222.74802347616787,224.08987426757812,5897100
2023-06-05,223.22793847463694,223.63930841851962,220.6813455511875,222.11135864257812,4858900
2023-06-06,222.03301829604175,224.5404247923295,221.51390749541912,223.53158569335938,6020100
2023-06-07,222.33665242075026,222.87535655004112,216.4795060262506,220.64219665527344,8517200
2023-06-08,220.46585810439626,220.5148339180396,217.84092188069724,218.4677734375,6248200
2023-06-09,219.0456587312209,220.5540152180893,218.18373219854143,218.96730041503906,6385000
2023-06-12,219.79985866784753,221.79794355113324,219.03588371729816,221.52369689941406,8621100
2023-06-13,220.9850028516728,222.48357031875548,218.0564370562226,218.81060791015625,6868700
2023-06-14,219.14360190089616,220.83805745510261,218.00742877811214,218.84976196289062,9160700
2023-06-15,217.45895799725204,222.4443884924663,216.82230224157982,221.52369689941406,12534000
2023-06-16,221.79792782558363,225.07911317323743,221.43553369264606,224.2073974609375,13628900
2023-06-20,222.33664619809085,224.85385681118038,221.53348461956807,221.81753540039062,12312300
2023-06-21,221.47472171016588,223.93316734228918,220.3581417834712,222.58151245117188,7032100
2023-06-22,221.70976367469657,224.2269589916072,220.86743052587605,223.69805908203125,6275500
2023-06-23,222.552123427598,225.25541818529945,221.73917267961082,224.83425903320312,5424400
2023-06-26,224.72652461928814,225.37296956194683,221.55307985604506,221.65103149414062,5165400
2023-06-27,222.80675526701424,223.91354586884322,221.86648541820432,222.6696319580078,4628500
2023-06-28,222.82637515347645,223.37486845491048,221.3767835789263,223.2769317626953,5324500
2023-06-29,224.08987766252145,229.8784699807652,223.90379345534686,229.50628662109375,7118900
2023-06-30,231.41621476189417,233.38491714498542,231.1027814765526,232.60134887695312,6879400
2023-07-03,232.13119429439146,233.50242743867744,230.5738620208123,233.08126831054688,3087400
2023-07-05,229.59444395636388,235.0696032109412,229.18307394418346,234.53089904785156,7601200
2023-07-06,233.3751108767622,234.67778985113176,231.82756777063864,233.9725799560547,6441800
2023-07-07,231.86677597200435,233.54165347291556,231.27911093043696,231.592529296875,5729500
2023-07-10,232.14098055553552,234.1880560066582,231.6414631189769,233.26736450195312,4858900
2023-07-11,233.90400143946283,235.7551736034274,233.22817407168975,235.60826110839844,3856500
2023-07-12,236.58773172836038,238.9384214611586,236.27429845981618,237.2341766357422,6116000
2023-07-13,238.78170417006945,239.25185407159253,238.15485258002616,238.3115692138672,5819600
2023-07-14,239.7024119575472,239.71221608865224,236.98932790873997,238.1646728515625,4941200
2023-07-17,238.11567358331533,240.32923992340324,238.0079327690227,238.97760009765625,4328100
2023-07-18,238.10588116634375,238.1842245344746,232.79721378361,235.82374572753906,7674000
2023-07-19,236.29389761884642,237.60636583636,235.1871069117455,236.4604034423828,4835500
2023-07-20,236.20572852774433,236.64648095509847,234.1586680694792,234.69735717773438,4695000
2023-07-21,234.81493056919953,235.41239969277038,233.82566983859437,234.33499145507812,5427400
2023-07-24,234.7561512648774,236.32328780668183,233.2967704924602,235.7943878173828,6010000
2023-07-25,235.08914741158745,235.85312226677837,233.6591343815543,233.78646850585938,4997500
2023-07-26,226.66585035166645,233.94322084658597,223.00267719405085,232.2291717529297,7551400
2023-07-27,232.5425863247005,233.75711790022524,228.1742182177649,229.62380981445312,8160100
2023-07-28,229.7609284533877,231.03422500822032,228.90880600341484,230.90689086914062,6794800
2023-07-31,231.15176612800374,233.52204939401324,231.15176612800374,232.84622192382812,4799600
2023-08-01,232.2683307086941,235.78457621260875,232.13120738653177,234.85409545898438,4627300
2023-08-02,233.7277131456499,233.88441482973292,231.9255017981514,232.6796875,4868200
2023-08-03,231.15174679459017,234.13909227400816,230.41715437892938,233.85504150390625,5033800
2023-08-04,233.11065491737594,236.94033354932407,232.95393828517638,234.080322265625,5169700
2023-08-07,234.3056044725346,237.20478758254453,234.29581528704153,236.54855346679688,5649800
2023-08-08,235.48095149543346,236.4016430809763,232.5131992243539,234.37416076660156,5080600
2023-08-09,235.5592911141672,236.99909338229938,234.5700454174542,234.83448791503906,4055000
2023-08-10,236.11999846408528,239.38772368721604,235.59991154906146,235.66860961914062,4778000
2023-08-11,235.51158168439264,236.21811762731966,233.96112864149293,235.5508270263672,3607100
2023-08-14,236.21810740181238,238.77929634069727,235.76670363481836,238.35733032226562,4351100
2023-08-15,237.48401083632177,238.13167134787955,234.87376857717092,235.34478759765625,3770100
2023-08-16,232.10650226030248,236.56160524526024,231.60604548203094,234.81488037109375,3218600
2023-08-17,235.5116210302206,235.8845192216813,232.06726896308683,232.93080139160156,4177600
2023-08-18,231.17427633674893,234.57938294532667,230.89951398563244,233.71583557128906,4344800
2023-08-21,234.90319904869585,236.0316861389309,233.31348557201986,234.98170471191406,3573600
2023-08-22,235.51157567209833,236.91482495656837,234.20644722677142,236.0709228515625,3848400
2023-08-23,236.80694744111972,238.0041177659728,236.2181623859764,237.76861572265625,4947700
2023-08-24,237.7195243172732,239.00502275477865,234.88357269628483,234.99151611328125,4570700
2023-08-25,236.86579143089355,238.85782580712677,235.71767420223384,238.03353881835938,3541500
2023-08-28,238.4653019365207,240.6437854283983,238.06298100076387,239.2699737548828,3741500
2023-08-29,238.9461389429255,241.23256580641817,238.84800312236786,240.75172424316406,3975600
2023-08-30,241.81154063731637,243.58768827730322,241.44846503476703,241.62509155273438,4573300
2023-08-31,240.99705966638294,243.38162245774234,240.85967849547424,241.0853729248047,5532600
2023-09-01,242.8418946056601,244.21570625386636,242.15498878155694,243.4699249267578,4112900
2023-09-05,243.705441744916,244.03907957733364,240.61434307843774,240.75172424316406,4459600
2023-09-06,240.83024555475149,242.04706093098812,239.6428829053352,241.55641174316406,4520300
2023-09-07,240.90872260152415,242.77318330438663,240.52601687942402,242.51805114746094,4007900
2023-09-08,243.15593242022118,243.49939286155882,241.83118851811696,242.665283203125,3309100
2023-09-11,242.70451629056188,243.7152523664864,241.66434246278905,242.59657287597656,2995800
2023-09-12,242.321811348924,243.12646819116168,241.40919611831782,242.67507934570312,3499600
2023-09-13,242.5278844976806,245.38346632847555,241.99798996981102,243.19517517089844,5657000
2023-09-14,240.41809524314993,240.947989762726,234.28498056857978,236.98355102539062,12000000
2023-09-15,237.37607949427905,239.53494797597116,235.5410562582662,236.56161499023438,13077900
2023-09-18,236.4340113185157,240.64377437526068,236.26719240678136,240.08444213867188,4771600
2023-09-19,240.41812283813982,240.53587386191109,236.94433287605136,239.0050506591797,4709000
2023-09-20,239.07372480363176,239.9568873403503,237.15037342517678,237.33682250976562,5756600
2023-09-21,236.26720218916316,236.27700978199235,231.85135972131118,232.18499755859375,6881500
2023-09-22,232.32239076039696,233.3429344841948,230.48736758685834,230.68362426757812,5935500
2023-09-25,230.97800008635363,231.06631334028282,227.8672862527596,228.9957733154297,5921600
2023-09-26,227.5925072386746,228.31867337017206,225.30609537923186,225.3551483154297,6193200
2023-09-27,225.95377397957748,226.36591752861628,223.6575392177501,225.20799255371094,6006700
2023-09-28,226.35605455518876,228.19107740221725,225.37475635276974,227.32754516601562,4203900
2023-09-29,228.48551127160727,228.67196035960916,225.35516704275466,225.70843505859375,6045200
2023-10-02,224.9528355741076,227.04299084450517,224.49162415905374,226.9448699951172,5175200
2023-10-03,226.15982735197616,227.41588801671884,223.52013244807307,224.53086853027344,5585700
2023-10-04,225.1883332699262,227.36681672841854,224.59956326462427,226.8957977294922,5430900
2023-10-05,226.10096242109762,229.81026908472208,225.91451333389864,229.11354064941406,6126200
2023-10-06,228.80935537149932,232.16539423821962,228.3972118236662,230.64437866210938,6401300
2023-10-09,228.44625907210093,230.77193137211486,227.3668248967983,230.0555877685547,5372200
2023-10-10,230.50696705133038,233.76488462808058,229.89856689056876,232.17518615722656,4644000
2023-10-11,233.10740733396122,234.04944528925967,230.49715033877163,231.27236938476562,4760900
2023-10-12,232.28313880115857,233.2840523363637,230.49716861857286,232.35182189941406,4472800
2023-10-13,231.96912845336232,234.18685744957074,231.8121171155532,233.22518920898438,4966800
2023-10-16,234.53031056309615,236.20833736505534,233.872842451634,235.58030700683594,6227300
2023-10-17,235.14853255746306,236.96392555298937,233.83358136542304,236.6891632080078,4527600
2023-10-18,235.47236905390943,236.3260938646182,232.55791162781887,233.0289306640625,9528300
2023-10-19,233.02891819191402,233.4704994505972,229.044849323941,229.43736267089844,5927400
2023-10-20,229.7513851319411,231.36071381057783,228.28924521493224,229.01541137695312,5748300
2023-10-23,227.033178032036,230.07520878818727,226.95467237027592,227.1999969482422,5071700
2023-10-24,228.53457796519822,232.10650345142355,228.53457796519822,230.26165771484375,6844100
2023-10-25,227.9065535933626,234.02003843799037,226.96450054025618,232.4205322265625,10365300
2023-10-26,230.1831613560376,231.20370505265873,226.05188871047446,226.95468139648438,6414500
2023-10-27,226.8467300996748,227.06261692724647,223.7654539838349,224.98226928710938,5540900
2023-10-30,227.847668618054,229.0154160622732,225.7280605667027,228.7210235595703,5170300
2023-10-31,229.20186179922072,231.3116472531688,228.63270696188684,230.7032470703125,4828400
2023-11-01,231.72380877582293,234.5695682102979,231.2724049133885,234.11817932128906,4996200
2023-11-02,235.4232880647475,238.70082092285156,234.72655965586432,238.70082092285156,6286700
2023-11-03,240.53584369800313,240.73211534424382,237.72932985379867,239.04428100585938,5029800
2023-11-06,239.43678180872138,240.2021932740065,238.0727777899775,238.9363250732422,5254100
2023-11-07,238.8578620824293,240.48682112197173,238.82842432646146,240.1924285888672,4219700
2023-11-08,239.44502653812467,240.6840893798054,238.76648676578674,239.85804748535156,5117500
2023-11-09,240.2710623761472,240.41856449454508,236.9668798763169,237.62574768066406,4866600
2023-11-10,239.9268901194707,241.19546846126346,237.95028654693473,241.17579650878906,4094400
2023-11-13,240.92994265621425,241.59863896798004,240.0547283626956,240.6054229736328,4088500
2023-11-14,242.08049495592877,243.8112515245751,241.50029994207202,242.83770751953125,14092000
2023-11-15,242.70987445689266,244.11612643090163,241.26429358392323,243.98828125,13258900
2023-11-16,244.4602849971338,245.30599881265877,243.16222135313146,244.4406280517578,7051600
2023-11-17,245.3060418481378,246.0829264805365,244.52917222104355,245.41421508789062,7238200
2023-11-20,245.46334746361134,246.7614111237752,241.51996910316186,245.81736755371094,8604200
2023-11-21,245.87634568461536,249.13135551505744,245.87634568461536,248.039794921875,7213700
2023-11-22,248.79701053549255,250.31142051902842,248.46266242300163,249.5050506591797,5701400
2023-11-24,249.96723572561092,250.46875787787738,249.28869604558554,250.07540893554688,1640900
2023-11-27,250.07543641665575,250.74413269316153,248.32500792191766,249.9180908203125,5478900
2023-11-28,249.63290802361155,249.92791225181642,247.43011475277197,248.73802185058594,5234900
2023-11-29,249.7017593228158,251.81605151131345,249.30841031371537,250.00660705566406,4955100
2023-11-30,250.0262691581985,252.50439482745327,248.9642088691026,252.4158935546875,6874700
2023-12-01,251.5406886682694,252.64209290097372,249.682086844378,252.1897430419922,3939400
2023-12-04,251.65866964764822,253.1140937832948,250.12458772575653,250.2130889892578,5247500
2023-12-05,249.96725861216305,250.58679750809276,247.951311336217,250.38027954101562,4199100
2023-12-06,251.55050689394474,252.56337973829622,249.31821323258217,250.06558227539062,3874000
2023-12-07,250.65561707414386,251.8848663455713,249.2887091704234,251.57017517089844,3589300
2023-12-08,250.76381920071609,251.78655063101408,249.65258649432582,251.4915313720703,3732300
2023-12-11,250.76380675990796,253.3501206274029,250.76380675990796,252.258544921875,6479300
2023-12-12,253.02559673655853,255.40540773816522,252.1405539712225,255.24806213378906,5946600
2023-12-13,254.84482723638132,258.11952393691223,254.39247745571174,258.02117919921875,4859900
2023-12-14,258.8177540186998,258.87675486682394,252.14054460700987,254.43185424804688,8168700
2023-12-15,250.28195617182013,254.07783265775223,250.22295532055895,253.7434844970703,13374000
2023-12-18,254.40236977864794,255.27756908777985,253.6648291202374,254.0778350830078,6041100
2023-12-19,254.31380375091626,256.015074774407,252.92725391184132,255.67088317871094,8731200
2023-12-20,256.17245859930824,256.4871498200948,252.80925994969073,252.83876037597656,7240900
2023-12-21,253.23211818172032,255.6708999118847,252.76992486824497,255.2283935546875,6246700
2023-12-22,255.68076649747752,256.87065704628435,253.93033783495753,254.1368408203125,5111500
2023-12-26,254.23519733281017,255.4250879366291,254.23519733281017,254.854736328125,2085100
2023-12-27,254.9432465462794,255.45459731701771,254.0188597606534,254.62855529785156,4034700
2023-12-28,254.24504065093333,256.6346653365383,254.24504065093333,256.0741271972656,3020500
2023-12-29,256.241279304345,257.1164785438654,255.35623658676815,256.0249328613281,4074900
2024-01-02,255.297200892084,255.76923767079677,253.38945685330268,254.5695037841797,5471000
2024-01-03,254.25482875145062,254.5596764787564,252.59290145840683,253.69432067871094,4148300
2024-01-04,253.78283074167254,256.70349294845636,253.71398641103104,255.29722595214844,3843000
2024-01-05,256.4478196795264,257.1165160516348,254.45154403208548,255.3759307861328,3748400
2024-01-08,256.6051323737145,258.25721614363215,255.63158836833526,258.1785583496094,4659000
2024-01-09,257.64752166495515,259.24060459263717,256.80182283099236,258.9554138183594,7055800
2024-01-10,260.5681704779341,260.9615194507578,258.4932073795891,260.16497802734375,4355800
2024-01-11,261.0500050590714,261.7678886490977,258.040842082108,259.6437683105469,5599000
2024-01-12,260.7255377560471,261.13854370815443,259.32911427417645,259.781494140625,4656100
2024-01-16,259.1422515746486,261.2467151353618,257.9917050571849,260.83367919921875,6196400
2024-01-17,260.0273142503868,262.6627853278609,259.99781382827337,262.2005920410156,5118700
2024-01-18,263.4298260256499,264.3148686986883,261.9940888000275,263.6855163574219,6694300
2024-01-19,263.7248430985359,266.6455050693166,262.6136104616532,266.399658203125,7226500
2024-01-22,267.71740354135494,267.825591771928,265.8686302386586,266.6947021484375,5984300
2024-01-23,267.038822833184,267.3535139876631,265.42608318502874,266.753662109375,5883000
2024-01-24,268.04193673137235,268.32709749730475,266.57666895652,267.13720703125,5021700
2024-01-25,267.4322589303194,268.2484574004039,266.3013392279014,268.0812683105469,6894900
2024-01-26,261.5220557051272,266.37014853563545,261.18770757998203,263.48883056640625,8586500
2024-01-29,262.5349954712694,270.5004412366373,262.27930508535064,269.1138610839844,6574500
2024-01-30,270.0283678237029,274.01110517261696,269.63501882902864,272.54583740234375,6549000
2024-01-31,272.51638196006655,275.3386997262323,268.6418322012453,268.72052001953125,6139300
2024-02-01,268.8483377281884,272.58519842824285,268.8188072913933,272.447509765625,7065000
2024-02-02,272.99819733502784,273.87342664033366,271.10026660789333,272.5753479003906,4848700
2024-02-05,272.7917258356382,273.3817644228453,270.55944669255155,271.001953125,4899100
2024-02-06,270.23486196905975,272.2803246915351,269.4776644287743,272.1623229980469,4400000
2024-02-07,274.7387832313547,274.8961288204169,272.4573172058564,274.7486267089844,4785900
2024-02-08,275.40872577405236,275.52694750015064,271.2116740981837,271.70428466796875,5833400
2024-02-09,270.93580654926257,273.08358136338717,270.0392517268757,272.34466552734375,4618300
2024-02-12,272.3446776032524,272.58115112653405,270.1870408610098,271.0047912597656,3676200
2024-02-13,269.7043332283661,273.8915237899024,268.72897375415715,271.73388671875,5493800
2024-02-14,272.38412025772163,273.53684234979676,270.65012123599024,273.4580078125,4218400
2024-02-15,273.5466804542624,276.9653994744741,273.45801414767425,276.8274841308594,4834800
2024-02-16,276.8077008019531,276.96533977965595,273.7633713323079,274.44317626953125,6630700
2024-02-20,270.5121421676691,272.74858305489374,269.30030949139103,271.08355712890625,6157200
2024-02-21,270.57130434492547,272.8767183566813,269.4875550060919,272.6698303222656,4770100
2024-02-22,275.05402037944435,279.86190417378094,274.8569941987386,279.5564880371094,5100200
2024-02-23,280.51219543047165,281.7240283916237,279.31022430311833,279.40875244140625,5107700
2024-02-26,278.85701096411447,281.1328694826165,278.4826221053887,279.9505920410156,3856900
2024-02-27,279.97029802120545,279.97029802120545,277.37916167308583,278.9850769042969,4145200
2024-02-28,277.930922606935,281.90136306989547,277.91119893919273,281.40875244140625,4358800
2024-02-29,281.2806392084779,281.43827820096067,278.0096977642289,278.4629211425781,6633700
2024-03-01,279.014636990534,280.69935670992,277.94071949661026,278.9752197265625,3955700
2024-03-04,278.6303665426558,278.8175609500319,274.01953918178884,276.3840637207031,5920300
2024-03-05,276.12792985016307,276.8372903038528,273.57621059681713,275.2510986328125,6227900
2024-03-06,275.86194558135537,277.8323880497936,275.1821405244189,276.28558349609375,4535200
2024-03-07,276.7289494240888,277.01467200513804,272.0787039228808,274.1476745605469,5668500
2024-03-08,274.87666786067797,277.50722124476,274.7091670559927,275.90130615234375,3928800
2024-03-11,275.3200846385791,276.6205538110621,273.88163999543445,276.4136657714844,4614000
2024-03-12,277.15252597891293,280.2756898782004,276.1476113506974,279.7239685058594,7988700
2024-03-13,280.45313879291143,281.8718600722142,279.6255563910802,280.9260559082031,5783800
2024-03-14,284.6895176814504,284.7683522169831,280.34468845710944,282.1772155761719,5484500
2024-03-15,279.3594675281388,281.40874452226245,278.4629426680962,278.8570251464844,9845000
2024-03-18,279.6747265179549,281.9998640954839,279.0638942080086,280.8372802734375,4095600
2024-03-19,282.4234970066432,283.80280059619844,281.0343315843386,283.1033020019531,6595200
2024-03-20,283.38904410525356,285.586068167378,282.4826273601136,285.0047912597656,6105000
2024-03-21,285.6845613751677,286.6599206353756,283.64514649785866,286.0786437988281,5057600
2024-03-22,285.71414211628183,286.19689087303976,278.7092339604852,279.0737609863281,8744100
2024-03-25,278.82746283974365,279.3102116088779,275.9013546583214,277.0540466308594,8519200
2024-03-26,279.9308625612171,279.9308625612171,274.2953969361662,276.4530334472656,8752400
2024-03-27,276.1082256535571,277.0934467977268,272.886563336085,274.8963928222656,5190700
2024-03-28,274.37422850045795,275.6648658019069,273.02448033532147,274.95550537109375,5844400
2024-04-01,276.21657454985336,276.7387705993727,272.6993580557942,274.1673278808594,5084000
2024-04-02,273.89148197452806,275.2018128856218,272.88656721714557,274.3249816894531,6912300
2024-04-03,276.33484963096123,276.33484963096123,272.47276934475815,272.8668518066406,4536600
2024-04-04,274.2461417743895,274.95550219701386,269.5170923346028,269.9505920410156,4018600
2024-04-05,272.01955109286246,273.8520479026656,270.96535730233086,273.044189453125,4392100
2024-04-08,272.1673964801948,273.87184023053345,271.0836469876838,273.65509033203125,5542400
2024-04-09,273.52695647824856,273.89148349815343,269.2806556681886,272.6304016113281,7313900
2024-04-10,271.3496332727811,272.7289369249278,270.0688276863441,270.42352294921875,5276000
2024-04-11,269.95060952133406,272.39396892782634,268.15749971656714,271.60577392578125,8102300
2024-04-12,271.477708503965,272.9062913698927,270.00973843522627,271.88165283203125,9038400
2024-04-15,273.78314092679597,273.80283452735245,266.34470263051026,267.27081298828125,10267500
2024-04-16,266.54175593598535,270.07869648999673,266.1772288970704,267.33978271484375,8237100
2024-04-17,269.26094364840793,269.9506105194267,267.48755750373846,268.65997314453125,5940900
2024-04-18,268.54171334171195,269.11312833105865,265.8717426032765,267.35943603515625,8231800
2024-04-19,267.45802565835356,267.98019174106867,264.32502916206295,265.7929992675781,7905400
2024-04-22,266.9456570157201,269.7141257763645,265.3791290788938,268.30523681640625,6463700
2024-04-23,269.96046189737683,270.8274613359711,268.6796563388848,270.0589599609375,6438000
2024-04-24,278.39397432596604,278.8176122452037,270.4333698316527,270.9555358886719,8807200
2024-04-25,268.9358990073737,272.13786870318387,266.4925390001432,271.0935363769531,8064600
2024-04-26,270.9456999903768,272.6796689093154,269.78311608878676,270.4629211425781,6840600
2024-04-29,268.2954573059155,270.4136769744962,267.0836243476587,267.8225402832031,4128600
2024-04-30,266.5318660344473,268.05894673032094,264.61067284080815,264.6402282714844,6376400
2024-05-01,264.18707466396404,266.90629496089207,262.7683536452683,263.3693542480469,6119900
2024-05-02,265.36933461971523,265.48755635234596,262.70922536926423,263.655029296875,5061700
2024-05-03,265.02450613102246,265.467867703221,262.561453100065,264.52203369140625,3862000
2024-05-06,265.66484155381596,268.74858815154175,265.5860371016433,268.6402282714844,3958700
2024-05-07,269.67471045279166,273.77323368112286,268.7978492751439,272.37420654296875,6377100
2024-05-08,273.6944458605695,274.43336178359107,270.8570339720819,273.0934753417969,9029700
2024-05-09,272.7091872797562,274.66979770558066,272.3151048547645,274.4234924316406,8948800
2024-05-10,275.4185877280501,276.876725998399,275.1131715466326,276.59100341796875,8986400
2024-05-13,277.30034077216953,277.98014578156506,274.97523325396634,275.2609558105469,10528400
2024-05-14,275.3102336418598,275.85209331284284,270.2166264550378,273.6353454589844,18526100
2024-05-15,273.05403420506093,277.56636388448015,272.975229742783,277.3397521972656,21288400
2024-05-16,278.0898864382011,278.72160932835493,275.64203554436835,276.2145080566406,10341500
2024-05-17,276.42176007993055,277.27063389034566,274.49704165744396,276.47113037109375,6177800
2024-05-20,275.602548954751,276.6389335649095,274.5760143058645,274.9313659667969,5460900
2024-05-21,274.39836811972134,274.8227900209365,271.3187941316,272.37493896484375,6578200
2024-05-22,271.9603949267609,274.47734658468073,271.55570302982517,272.0097351074219,4202500
2024-05-23,271.67414063672834,273.845650762225,269.49278054853187,270.67724609375,6115900
2024-05-24,271.4471203139999,271.6741212730699,269.8086228128569,270.933837890625,4339700
2024-05-28,270.6772244635418,270.9042254206514,266.72904645793267,267.4693298339844,6212100
2024-05-29,265.5149401748285,267.62722962223796,264.78453696735625,265.3767395019531,5469700
2024-05-30,265.21886469138127,268.1207778818387,264.8339028842642,267.78515625,4901900
2024-05-31,267.9233706831208,269.22627669715774,265.52485969514976,268.9301452636719,8910000
2024-06-03,269.55198796371155,269.591478179259,264.5871551664789,266.8771057128906,4838800
2024-06-04,266.13679313755625,269.45324794696313,265.82093169222077,268.8906555175781,4188500
2024-06-05,269.98629117952504,271.3681475077985,268.49584428856116,270.9437255859375,5368700
2024-06-06,271.2398358611346,273.55939662570955,270.5291625656523,273.4508361816406,4862400
2024-06-07,274.1121080150813,276.6981596756592,273.27311420128456,275.0596923828125,4515600
2024-06-10,274.53655892001944,274.9511007223029,269.8382176794319,271.4767150878906,5213800
2024-06-11,270.9832211360724,271.2990525014602,268.6932705343072,271.1115417480469,6244600
2024-06-12,273.18428991716115,274.00355370409176,266.403299158331,266.81787109375,7536600
2024-06-13,266.8178508938962,268.33787759020674,265.8308064885079,267.67657470703125,7361200
2024-06-14,266.6006694711225,268.0318656221545,265.7814058397844,267.1534118652344,8537300
2024-06-17,265.51496061255284,268.3082831897616,265.51496061255284,267.6568603515625,9258200
2024-06-18,267.78512309529697,270.3514444583844,267.78512309529697,270.0750732421875,6707500
2024-06-20,269.65072676181586,274.43789927517577,269.56189635916115,273.23370361328125,10164400
2024-06-21,273.5791065173378,273.9443081216676,271.0226350426203,271.65435791015625,14594700
2024-06-24,271.7531135654778,276.7574366785951,271.70374326450144,272.72039794921875,24149600
2024-06-25,273.26326189179235,274.3292566435725,269.98626708984375,269.98626708984375,18325800
2024-06-26,269.37435670950583,270.90426385484994,268.22938131077234,270.055419921875,12172000
2024-06-27,265.0313387192031,267.0843781058789,263.04736955735603,263.1361999511719,10529100
2024-06-28,263.7382805010175,265.1201366615802,257.86535416586975,259.0695495605469,13957300
2024-07-01,260.37251298449655,262.3268420857099,257.9147513575653,259.8296203613281,7955800
2024-07-02,259.82957155570443,264.75494384765625,259.00045783180497,264.75494384765625,8697800
2024-07-03,265.5841073924301,266.2552905154645,264.6760130736922,265.505126953125,5017800
2024-07-05,265.5150250204421,267.04493226070787,264.76486140729827,266.8573913574219,7986400
2024-07-08,266.74876612296725,267.92335144370156,262.52421702625963,262.9486389160156,8561100
2024-07-09,263.5409163643153,264.08377886224855,260.5008321559083,262.0011291503906,6431300
2024-07-10,255.76294472409916,260.0664740493096,255.16086208789181,259.5926818847656,9635500
2024-07-11,258.73398721897087,260.21455401254326,257.38174103372813,259.1485290527344,8803600
2024-07-12,260.91535433929045,263.9357082711158,260.2441712704869,262.2972106933594,6627800
2024-07-15,262.22815464183657,265.751881004632,261.8135826521019,264.9721374511719,6845200
2024-07-16,265.04119589074946,266.7093036162633,263.90610066483777,265.7617492675781,7869900
2024-07-17,264.96223391944886,269.3743241380767,264.76481296614764,269.16705322265625,5324700
2024-07-18,268.7623591347733,270.07511508454115,265.0806722537845,265.66302490234375,5550800
2024-07-19,266.8179268630007,267.43976983500085,260.88577865849453,262.0208740234375,6839900
2024-07-22,263.76793709293264,264.9227623968229,261.5865468572101,264.24169921875,5313600
2024-07-23,264.0639891074897,264.2317999105182,260.4415228785526,261.3594970703125,8109200
2024-07-24,252.75249935154562,253.86786448702082,249.85058603131748,250.87710571289062,13065900
2024-07-25,252.08129993237114,254.87463773764222,249.4261477577695,250.4526824951172,8573300
2024-07-26,252.27865404469412,257.81598834147604,252.27865404469412,256.0985107421875,7062200
2024-07-29,256.9474301984031,259.3064508781868,255.22995229379697,258.2108459472656,6068100
2024-07-30,259.81975738339406,260.87587219821154,257.62851719618044,259.6914367675781,5941800
2024-07-31,261.1127842080853,262.9091824685601,260.8265328428374,262.2281494140625,7642500
2024-08-01,262.8795835568283,263.54091671396606,260.75744362271246,262.4847717285156,7269700
2024-08-02,260.4119096502471,264.4884078238293,259.4742355477034,263.12628173828125,7017900
2024-08-05,258.06280912341373,259.51376581386165,251.21270248941428,253.11770629882812,9631300
2024-08-06,253.17691556701294,257.1152135033933,252.45637729537378,254.91412353515625,21586800
2024-08-07,256.2959741509008,258.63526475679197,252.98936910737135,253.19664001464844,12908600
2024-08-08,254.78578763252847,257.0757379762813,254.578516733113,256.4637451171875,8223700
2024-08-09,256.3252930984267,258.6494747152461,256.16704567989024,256.9088134765625,7228100
2024-08-12,257.64070459211496,258.7286368284504,256.39452492298415,257.03741455078125,26769400
2024-08-13,257.2747497558594,258.80772447648155,256.42417364635253,257.2747497558594,12005700
2024-08-14,258.00665639202714,258.62974626961955,255.90003068497225,258.2737121582031,8552300
2024-08-15,259.95502551276667,264.4551021467704,259.95502551276667,263.8715515136719,7397800
2024-08-16,263.92100901911385,265.4935532508348,262.4770427115619,264.4451904296875,5111100
2024-08-19,264.4847200467011,265.3649354078448,262.31875581989334,263.5451354980469,6555900
2024-08-20,264.069398568962,265.0979919433594,262.8627881247505,265.0979919433594,6803600
2024-08-21,265.612229148485,266.31442759491796,264.45508820546564,265.2561950683594,6639700
2024-08-22,265.98807780945026,266.54192875328965,263.64409610380636,264.9990539550781,4425200
2024-08-23,265.75072685807237,266.2551085093339,262.3979214395611,264.5045471191406,3697400
2024-08-26,264.7815011893839,267.40240870041964,264.73206206342,265.26611328125,4612200
2024-08-27,265.5726706353339,267.97602150517696,264.94961096956513,267.74853515625,6594100
2024-08-28,268.1836991521918,268.9947059178316,264.73201572388655,266.2353210449219,5455100
2024-08-29,268.00571521191523,272.9607045732427,267.48153373672125,271.3090515136719,5565100
2024-08-30,271.9815594850406,273.9497072934235,271.2496914924987,273.3365173339844,6296100
2024-09-03,273.33650161596876,278.993718935248,273.33650161596876,275.4826965332031,7278300
2024-09-04,275.6507938601499,278.55852602537817,275.6409241470769,277.4112548828125,6107500
2024-09-05,277.91567949861,278.4101913838389,274.36508778458017,275.5617980957031,6447400
2024-09-06,274.72117500932853,277.2036348119368,274.3849104842232,276.3036193847656,7187700
2024-09-09,278.993744442489,283.82018583647124,278.5585715179422,282.47509765625,10933900
2024-09-10,282.79158931194524,283.256431740462,280.45750745478927,282.20806884765625,5314400
2024-09-11,281.89156353762405,282.0399412594647,275.2453221366819,280.84320068359375,6281800
2024-09-12,280.88274371393703,282.86079120488023,278.3805148451982,282.2377014160156,4160800
2024-09-13,283.34540775692193,285.5707112201652,282.4157230065582,284.19598388671875,4987600
2024-09-16,284.88830561925977,287.7070296055238,284.5817106428442,287.2916564941406,4458900
2024-09-17,287.7070428583821,289.85323797476497,286.89603602674515,288.35980224609375,5135700
2024-09-18,288.63667326276794,288.8146902851127,284.9674037833809,285.3135681152344,5890000
2024-09-19,287.8949571013072,288.2806909014838,279.7651796146909,282.1091613769531,10382100
2024-09-20,282.3663159204415,283.84985173088165,280.14101220478125,281.6443176269531,27810900
2024-09-23,281.77287493572635,285.7092005303872,281.4959494786846,285.4619445800781,6505600
2024-09-24,277.1046894962697,277.91569628084494,269.71668027751355,269.7859191894531,13690200
2024-09-25,271.1804479861817,271.2397870017281,265.2858743752154,266.6705017089844,11671300
2024-09-26,267.5309145905451,270.2408299079998,267.03640273363095,268.7078552246094,9552500
2024-09-27,270.1617412506054,274.9288431472739,269.785907382367,272.1496887207031,6509600
2024-09-30,271.98156802739135,272.6639969217782,270.20133710971203,271.93212890625,5969900
2024-10-01,273.92991921879843,275.99697530964835,271.3485514423519,274.5530090332031,5781600
2024-10-02,273.53432173308806,274.5925844511293,272.34748109083097,273.9595947265625,4741600
2024-10-03,273.6332192090877,274.6420125868415,272.81231257927755,273.82110595703125,3036700
2024-10-04,274.3057739720374,275.3838063589564,272.08047028408026,274.87939453125,4259300
2024-10-07,274.5530605083755,274.5728301220624,270.2409002979349,270.7848815917969,4339300
2024-10-08,271.6947301244493,273.06948774711844,271.0024315473182,271.9419860839844,4370900
2024-10-09,271.9815416749592,274.444201248417,271.40792115832073,273.8903503417969,4115800
2024-10-10,273.7420400729797,274.6222858516943,272.3277431075768,274.4244689941406,4063900
2024-10-11,273.0101742712905,275.73985979574155,272.3475149573958,274.7904052734375,4746300
2024-10-14,276.0167380740133,278.28161093893755,274.93870579591123,277.59918212890625,3996600
2024-10-15,277.9156789803071,279.5376924484856,275.76948412206804,276.2244567871094,5807000
2024-10-16,275.5617996542724,284.4432440289553,275.2947741004782,284.3641052246094,9442700
2024-10-17,285.4026364792854,287.7367184153602,284.4531517957774,287.2026672363281,8815800
2024-10-18,286.7378161406982,287.84551805542185,284.9179856435227,287.43011474609375,5350900
2024-10-21,286.421292443109,287.2520687955795,283.18716536881584,283.70147705078125,6313100
2024-10-22,281.92121867826637,283.3849847501523,280.41791338634266,281.6640930175781,5736500
2024-10-23,282.9004201846117,282.9201897979452,280.4179604022373,280.64544677734375,5249300
2024-10-24,279.2904516329402,280.5069316173495,278.6376922883882,280.111328125,4679900
2024-10-25,280.8827377840056,281.96077002189736,277.69808018351637,278.6376647949219,4464600
2024-10-28,278.9443441313886,281.5158126298632,278.43993222079894,281.07073974609375,4306200
2024-10-29,281.1497617356516,282.5640885926105,278.2618293784195,278.7860107421875,7534800
2024-10-30,289.13122340116183,292.53346779757067,285.1652281767325,286.97515869140625,9606800
2024-10-31,288.88398294550905,293.08733445672664,286.4410927422733,286.6685791015625,7950200
2024-11-01,285.3234635620057,289.4576059436179,284.0377447078547,287.54876708984375,5470700
2024-11-04,288.3499116774509,289.93235598528514,287.5686045124736,288.6466369628906,4281600
2024-11-05,288.50815661723516,291.54446726773324,288.3795786795911,290.0708312988281,3753700
2024-11-06,302.95780741285546,305.60838421333796,299.49622377289853,304.02593994140625,10320500
2024-11-07,304.12483406440464,304.25341199420274,301.0786538848571,302.4434814453125,6237300
2024-11-08,303.5215595849181,307.7347808806575,302.3347188302057,304.49078369140625,6240600
2024-11-11,306.6863870435086,309.0105990139976,305.905049789044,307.5072937011719,4674100
2024-11-12,306.22901681287175,307.7252614664828,305.30745300158225,307.0316467285156,4616400
2024-11-13,306.6749275411851,308.12166942881066,305.03994167859054,306.6650390625,4046400
2024-11-14,306.48663474835115,308.45855452661425,305.030004470335,305.4461975097656,4415800
2024-11-15,304.7624499860359,307.89371044147214,303.8706423808781,306.82354736328125,5106300
2024-11-18,306.6650322851682,309.56837423494426,305.8921282450232,309.3206481933594,4585600
2024-11-19,307.18027956782373,309.39000665885465,305.70384209444103,309.0134582519531,4885500
2024-11-20,309.0233678993548,309.4494796858251,303.4346839614257,304.59405517578125,6349900
2024-11-21,304.5048502927646,308.09194891872653,303.8607686071072,307.0812072753906,5757100
2024-11-22,305.1687684105703,308.755836784716,305.0993978588059,307.1010437011719,5919200
2024-11-25,309.0233586013876,310.8070042436528,307.04155026997876,310.3412780761719,14189300
2024-11-26,311.34209080672355,311.6393499507424,308.7062821831103,308.9837341308594,7071500
2024-11-27,307.94327855444243,313.49234796399094,306.67492242425953,311.8375549316406,5204300
2024-11-29,311.4313187094662,313.3734826565171,310.84668880540494,312.214111328125,3853300
2024-12-02,314.0175624975275,314.532852080359,310.85657540284564,313.76983642578125,5597500
2024-12-03,314.21569698287135,314.4336970950434,309.9250652842114,310.16290283203125,5009900
2024-12-04,309.578305227165,310.0043867779849,305.9912066012031,307.0812072753906,5981800
2024-12-05,307.16048418139343,308.2603732901632,306.02092019880024,306.2686462402344,5200100
2024-12-06,306.06054203666247,309.71698055509125,305.9911714926289,308.18109130859375,4302700
2024-12-09,308.9936796006417,310.1629696761031,304.8418183367571,305.49578857421875,5785300
2024-12-10,304.5642771952526,310.1331837766131,303.8508552559972,309.53863525390625,4539500
2024-12-11,310.1926738657285,312.67982296183976,308.3793021598012,310.93585205078125,4321800
2024-12-12,311.9564559995197,312.67979668525186,310.57908469710617,311.371826171875,3218500
2024-12-13,312.9572486574793,314.06708672221254,311.4808111306398,311.8771667480469,4682200
2024-12-16,311.8771596786045,314.6715166139761,311.242996753127,313.0167236328125,6562500
2024-12-17,312.94736216870484,315.93988187514907,312.27355459082924,315.40478515625,8843900
2024-12-18,315.6029654992168,318.69458154734065,306.74428015517265,306.9622802734375,10479200
2024-12-19,308.9935936728185,313.9877585046097,308.39907544045536,312.015869140625,8317100
2024-12-20,310.7178021941834,317.08930822370513,309.43952745320854,314.82012939453125,24387000
2024-12-23,312.7788984236697,315.0778033792705,310.4998309052697,314.3346252441406,7984600
2024-12-24,315.27597558581283,318.61531761507683,314.394056408236,317.7333984375,2684100
2024-12-26,316.8614434985661,318.5261856333765,316.55426559797564,317.9910888671875,2856000
2024-12-27,316.36591153866004,318.5756383614361,314.67147415329737,315.761474609375,3489200
2024-12-30,311.8177420857562,314.2256321552965,310.3809490674699,312.4420166015625,3478500
2024-12-31,313.24463378700017,314.770634736431,312.32310013000483,313.1653747558594,3963800
2025-01-02,314.88948264049577,316.77219425665254,309.568332817572,311.54022216796875,5369500
2025-01-03,311.3222528766725,313.0464466292302,309.17200784502637,312.0456237792969,4271300
2025-01-06,312.1447399431988,312.5212883754562,309.2314791925708,310.1926574707031,6567300
2025-01-07,310.0440178128232,312.3230852897886,308.48829102063627,308.8351135253906,4958600
2025-01-08,308.1712000954382,311.1835572709654,307.3883773257462,309.75665283203125,5161600
2025-01-10,308.36940914595635,309.0134908488646,303.2067763235751,304.9111328125,6660100
2025-01-13,302.2257467444819,304.1282958984375,301.07629437396605,304.1282958984375,9568400
2025-01-14,305.94166066613013,307.33883916631174,304.72283765788785,306.278564453125,5107600
2025-01-15,310.8268108506683,314.30489414248854,310.2818256565633,313.4031677246094,5222000
2025-01-16,312.87796273017324,316.2767564612195,312.87796273017324,314.36431884765625,4606700
2025-01-17,314.61205666824657,317.67394675631306,313.82923394981077,316.7127685546875,5805800
2025-01-21,317.3965310355639,321.6276812051789,317.0893531439055,320.68634033203125,5653000
2025-01-22,321.8159289099539,322.77710714206955,319.447683723604,320.616943359375,5026500
2025-01-23,320.8151346058415,325.5219292790962,320.6268603997117,325.2246398925781,5297100
2025-01-24,325.0363999988564,328.07848329272724,324.8283185743239,327.19659423828125,4327500
2025-01-27,326.9983571738793,332.4384110755195,325.066082058218,331.4970703125,6636500
2025-01-28,331.6258657380381,334.75709586837183,329.86205777044904,331.4375915527344,5999600
2025-01-29,331.45746796599275,334.04371351474384,331.45746796599275,332.8249206542969,5087300
2025-01-30,336.42190826253784,341.3070589090581,335.9165374232435,339.9296875,8081300
2025-01-31,343.31857591186593,348.0550967303691,338.60186229076385,338.6910400390625,8624100
2025-02-03,336.90742977965607,342.85285501106176,336.1543329068791,342.67449951171875,8004500
2025-02-04,341.46560436805163,342.8627829638602,339.42434406949366,342.0105895996094,5532600
2025-02-05,342.85288351112837,346.3012413183914,342.10970529542504,346.2615966796875,4939100
2025-02-06,346.59846450137985,347.46054630363625,343.44739645175457,344.31939697265625,4294500
2025-02-07,344.83465447272994,347.55964096640815,344.0518317037109,344.8544616699219,4261200
2025-02-10,345.5282920100313,348.6991671718126,344.53738785197555,348.0352783203125,6067000
2025-02-11,345.71261834277146,349.504248490428,343.67785901944006,348.1146545410156,5154800
2025-02-12,346.5662585673462,349.2164074329278,344.90865088222534,348.8789367675781,6760100
2025-02-13,350.49682566406943,353.43482867534993,348.12459564923915,352.9881896972656,4279200
2025-02-14,351.79712168254787,352.7896932169901,350.596118607319,351.1817321777344,5720300
2025-02-18,351.06262171904,354.0899527247787,349.7821959826771,354.0800476074219,5822000
2025-02-19,353.3752962027272,354.49690684959194,351.54896826896316,352.5911865234375,4152300
2025-02-20,352.5911617384743,353.4844699717451,346.46698265690856,347.8863525390625,5697000
2025-02-21,347.8863494826955,350.6953435817881,344.8987300875696,345.94091796875,6924100
2025-02-24,346.1692733773193,348.19409758782973,344.7796489348489,347.2610778808594,5055900
2025-02-25,348.7598650855966,349.97080360353914,343.4297606412601,349.4745178222656,6191900
2025-02-26,347.4000047347809,349.21639714583705,346.39749788518003,348.02532958984375,5960600
2025-02-27,349.28591060328654,357.63344069207915,349.06754365801817,353.0973815917969,7298100
2025-02-28,352.0750524548494,361.29605080435203,351.0824808867056,360.015625,15857300
2025-03-03,360.3034597833793,363.81717142634926,356.86917082446587,359.1322326660156,9099600
2025-03-04,357.43493339733703,357.59374848338234,347.7970719377436,349.6134948730469,8955800
2025-03-05,348.2238562418129,351.47948964577205,346.3479118029868,350.06011962890625,8244200
2025-03-06,343.3900407238917,346.2784275336947,337.8614402796064,341.6034240722656,8611100
2025-03-07,338.3378360507605,343.81685001477626,336.62070677393535,342.7547912597656,6358700
2025-03-10,337.41476025635785,342.44710506283326,335.13185790834467,338.9433288574219,8204300
2025-03-11,335.89611111863024,337.0871786950584,327.1316881716332,329.6726989746094,9776100
2025-03-12,333.47424630087136,333.662837308143,326.66519009566895,330.36749267578125,6295400
2025-03-13,328.5312520376789,333.7025716918127,325.26571340391433,326.109375,7915300
2025-03-14,324.7793056180254,330.29800062574157,323.95548461728515,329.335205078125,7810600
2025-03-17,327.5783764672847,333.61319796124707,327.31039306247374,332.0647888183594,6149400
2025-03-18,332.79929864348503,333.30548949840875,329.8314893326802,332.28314208984375,7778300
2025-03-19,334.29804381683005,338.49663184920973,332.015141655727,337.3452453613281,5614900
2025-03-20,336.4817415891937,339.69766358563754,335.1516994018881,336.97802734375,5432700
2025-03-21,334.8638537841396,336.90854872216164,333.02759038693904,333.16656494140625,17279700
2025-03-24,336.1343574479224,342.65555995835115,335.14178587400806,341.3155822753906,5675100
2025-03-25,342.00044568976176,342.96324129038476,338.13935816971735,342.05999755859375,3931200
2025-03-26,343.4198125365693,344.79950149712596,340.4520333673521,341.6232604980469,6187100
2025-03-27,341.44462297103365,348.2338089324125,340.7696815675302,347.2610778808594,7254800
2025-03-28,346.5960305247208,349.0079719025993,339.0723218953758,340.3031311035156,5687600
2025-03-31,336.8291431228227,349.24619193619026,332.0052299024805,347.8565979003906,9950800
2025-04-01,347.83674375043194,347.8466791580807,340.02521123181765,343.7771301269531,7473300
2025-04-02,340.88874739233717,345.61339727308604,340.501629980197,343.75726318359375,5682500
2025-04-03,331.4195976476345,342.179068418752,328.5411465307668,336.86883544921875,8792900
2025-04-04,327.548569076171,332.16402012770556,309.80138721423106,310.80389404296875,13201700
2025-04-07,299.8260810630953,319.78667944095287,296.778879280273,309.99993896484375,12163400
2025-04-08,319.8462363061084,323.8562337207618,301.6722542325901,305.9800109863281,9569300
2025-04-09,303.36959980790294,331.54869191479946,303.36959980790294,329.9605712890625,11361800
2025-04-10,325.5832807256775,327.707398198318,310.94285163126773,322.1986083984375,8709800
2025-04-11,322.01994237069283,334.4767320151453,320.1439981157205,330.9233093261719,6804500
2025-04-14,333.9109984216604,337.0872092038152,330.66530036126704,332.69012451171875,5011800
2025-04-15,334.21870397872834,336.86888342808714,332.51147964770786,333.3154602050781,4386200
2025-04-16,332.51146424051313,334.7149742599511,326.4170604757067,328.86871337890625,5850600
2025-04-17,328.610675317875,331.8365329043558,326.0002072551973,327.1614990234375,5655900
2025-04-21,326.55601758292966,326.70489724705635,314.29775372186907,317.7221374511719,6362300
2025-04-22,321.45420402020414,330.08958852422495,319.99515293739404,328.9382019042969,5435500
2025-04-23,334.7348143715311,338.7150359152207,330.72484718434157,331.8861389160156,8906000
2025-04-24,330.8042146303982,334.26827932908634,328.7892957803454,333.2161560058594,8055200
2025-04-25,332.27324834486654,333.8712739361726,329.7024917691491,332.6802062988281,4452800
2025-04-28,334.27821953702613,336.81920008518114,332.53128405109055,335.0028076171875,5422900
2025-04-29,335.9854769850612,339.7274609052591,333.96062249755994,338.9830322265625,5519500
2025-04-30,331.95560318233197,343.9458531517072,330.76450530796507,342.9334411621094,9526700
2025-05-01,343.01285133188384,343.1518258838107,337.5934193334326,339.9061279296875,5849900
2025-05-02,344.6406707739598,347.4893460773067,343.5488360869076,345.0178527832031,6113700
2025-05-05,344.4223389642861,348.4422417551538,343.54887112555906,346.0501708984375,3865300
2025-05-06,343.8267653261146,347.05262273661964,343.1915353103797,345.11712646484375,3438500
2025-05-07,346.1096780367608,348.5414599239066,344.63072597288647,347.2511291503906,5454000
2025-05-08,349.38517160328274,352.69042140438404,348.34298363388575,348.66058349609375,4156400
2025-05-09,349.21642550515,351.17179261651313,348.06506919478625,349.9211730957031,3086600
2025-05-12,356.4721421949445,359.2017138134001,348.5216348059256,353.2065734863281,7985400
2025-05-13,353.46507058705555,356.7957135338314,352.53050139384237,354.0815124511719,5406200
2025-05-14,354.60843571646035,356.3383686851556,353.15685277328083,354.3996276855469,6207600
2025-05-15,354.8271984768698,361.62765979141955,354.6183904264411,360.2059020996094,5826100
2025-05-16,360.8521422236704,364.0734051456595,358.80405155830886,363.00958251953125,5838100
2025-05-19,360.9217005235553,367.01627342168587,360.22576479180896,365.77349853515625,5081500
2025-05-20,365.65420417005475,366.1214887501993,362.58206823126,364.7196350097656,5281400
2025-05-21,361.6176895057481,363.87455791983723,356.01027429871647,356.22900390625,6125500
2025-05-22,355.69213173413715,357.9191746673327,354.4990556821056,355.9009094238281,4936600
2025-05-23,351.7052986849405,353.9422935175656,350.1841434124028,351.49652099609375,5345900
2025-05-27,353.3557058501838,357.91917164775055,352.4310886053113,357.22320556640625,6316000
2025-05-28,357.2629964880913,358.8239291058765,355.9705226776412,357.6507568359375,3299000
2025-05-29,358.2671591242516,360.9416131728053,356.64657577796976,360.3052978515625,4590400
2025-05-30,359.2613920730208,364.9185061271794,359.2613920730208,363.0791931152344,8726900
2025-06-02,360.673186316356,363.34764060177986,357.879430482929,363.2084655761719,3845700
2025-06-03,362.47269995679756,364.759424071339,359.4105158276682,363.74530029296875,5221300
2025-06-04,364.590403043131,367.5233641421073,364.19272111645273,365.8729553222656,4202300
2025-06-05,367.8613656369081,368.8555855440349,363.81488333301803,364.6500244140625,6881900
2025-06-06,366.8771110066502,368.85559898474776,365.4255280436987,368.0801086425781,5008500
2025-06-09,367.6526239175377,367.6526239175377,359.95734045158093,364.54071044921875,4999900
2025-06-10,364.8787468414267,369.29308615148983,364.5605891535765,368.557373046875,4109300
2025-06-11,367.8613865449288,373.33954825373667,367.2449750220648,371.1522521972656,5562700
2025-06-12,370.07848489023866,372.0072739266105,367.4139524946883,369.2532653808594,4874000
2025-06-13,359.42046478823045,360.9117947171911,343.0058836609573,350.8105163574219,14181700
2025-06-16,354.4294650172824,358.137916403319,352.2819462555537,353.4253234863281,7234700
2025-06-17,351.44677443191466,357.5214736546947,351.2777740439734,355.7716369628906,5559600
2025-06-18,355.78162171567277,356.4079851502761,336.0861265714273,338.41259765625,15008600
2025-06-20,336.99087607586944,338.0347949237182,332.98417074968575,336.6130676269531,19332100
2025-06-23,335.5492476029829,342.30993141821295,333.690061070854,341.76312255859375,7553300
2025-06-24,349.4881847257173,352.5106218590836,345.90901719070337,349.5975646972656,10172000
2025-06-25,348.42440848490133,349.2595496376034,343.264404296875,343.264404296875,6836300
2025-06-26,341.79297311297563,344.904886774484,340.0530879972866,344.02996826171875,8829500
2025-06-27,344.58668785023735,349.9753733140441,343.66207058124957,346.5950012207031,6601900
2025-06-30,347.33073684929604,353.5545329474738,347.04240457552913,352.9977722167969,7080100
2025-07-01,351.7748874939299,354.9364994508519,349.3887658347658,353.41534423828125,6653400
2025-07-02,352.5503853237964,354.30019172926967,347.9769676803324,352.1725769042969,5131400
2025-07-03,352.5404582199922,356.92497196219716,351.56611171910697,356.7857666015625,3702800
2025-07-07,356.8454335264291,357.58114657143045,352.44101614142653,354.57861328125,5138000
2025-07-08,354.6183647363144,356.20912272568273,351.20819758727356,352.50067138671875,6966800
2025-07-09,353.01771486982267,355.6921691894531,351.7053371426281,355.6921691894531,7297100
2025-07-10,354.767488787687,355.55293103791666,351.4070508681062,353.822998046875,6121300
2025-07-11,350.47252066482696,351.7649945975195,342.39945868738437,345.9189758300781,7580200
2025-07-14,345.382081112289,349.9355951083556,343.015832789593,348.4740905761719,5598900
2025-07-15,346.10786928409664,348.1857854896148,344.7557446176338,345.01422119140625,4891700
2025-07-16,345.2826639034013,348.64313227631465,343.8012555074003,347.8775634765625,5544200
2025-07-17,347.97702069360685,349.3390973200174,346.46581712656524,347.7881164550781,4747100
2025-07-18,347.4798818290788,347.4798818290788,345.15341072472773,347.032470703125,4927600
2025-07-21,347.04245200721493,351.6059184454977,346.3862631261223,348.9115905761719,5216300
2025-07-22,349.07064634589125,352.4311147839002,348.1758544185435,349.82623291015625,4614200
2025-07-23,350.95964746352973,353.72357775115313,349.17998523156797,353.2364196777344,4385600
2025-07-24,352.7691347853894,355.11547933584245,351.8146617746286,351.9240417480469,5887200
2025-07-25,351.9538507970478,355.5827474277071,350.96958278789594,354.9762878417969,3915400
2025-07-28,354.32008797586263,356.24887698280617,352.6796312315113,353.41534423828125,3921000
2025-07-29,354.23065199777454,356.2489173824306,348.78231547952714,349.2595520019531,7402300
2025-07-30,349.66718668152214,354.5587320980825,345.2230220609473,348.8817443847656,12129700
2025-07-31,346.9131676575012,350.78069791357024,343.09536660475925,343.4731750488281,8641700
2025-08-01,342.111094619033,344.1691372200112,336.14577485354397,337.3885498046875,8658700
2025-08-04,339.7249824907629,342.3894847802844,338.0347963724263,340.17236328125,7335300
2025-08-05,340.17236435347024,340.4805701238393,333.6105063349677,335.4796447753906,7295600
2025-08-06,336.34459648145895,339.4565097752272,333.49119008351096,337.7762756347656,5944100
2025-08-07,339.4565124616352,340.1723520439536,326.80011183390815,330.1705017089844,8797100
2025-08-08,331.751286289915,335.42991202689075,330.8067955971987,334.8333740234375,6073900
2025-08-11,334.78371569509886,335.90715882250316,332.57654605394436,333.95849609375,5715800
2025-08-12,333.84894997860204,337.2850261197865,333.46050732909305,335.3827209472656,5682800
2025-08-13,335.62175495109443,342.0955555803865,335.42254892774906,341.1692810058594,5693400
2025-08-14,341.55773293031257,344.6850608988738,340.29286279189733,344.0974426269531,6224000
2025-08-15,344.8543977666452,346.9558785686944,341.4780469796213,343.0815734863281,4946600
2025-08-18,342.45409285637004,344.3364894908787,339.5757572803942,341.3585205078125,3999600
2025-08-19,341.17927471045255,344.9440378209097,340.51199223443484,341.0697326660156,4457200
2025-08-20,342.01586914906005,346.039593838693,341.4680981636876,342.5437316894531,5834400
2025-08-21,341.50792422632094,343.13132863657773,338.35068820536213,342.3046875,6073600
2025-08-22,343.82854031012994,349.7844479666891,343.82854031012994,348.6291198730469,4973200
2025-08-25,348.20082587581777,349.3063676468326,346.0993451607829,347.4140319824219,8019800
2025-08-26,347.28454198788506,351.97554893901935,346.04954976671655,349.7644958496094,5876200
2025-08-27,349.29640058585716,352.00543842090394,348.4299121185624,348.9378662109375,5531100
2025-08-28,349.1868671034665,349.62509605771004,347.1949283640224,348.4498291015625,4987100
2025-08-29,349.0474346520695,351.20870166850244,347.5933278083949,350.36212158203125,3671900
2025-09-02,347.90205015208494,348.7585995956409,344.6850582193853,348.65899658203125,4940300
2025-09-03,347.9319176719724,349.47568835059127,345.8603148655181,349.45574951171875,4176400
2025-09-04,349.3163554918516,351.20869125607726,347.7427068329104,349.5752868652344,4324000
2025-09-05,349.9637226051439,351.19871489948525,338.8287923269697,341.83660888671875,5448300
2025-09-08,340.9601353694522,342.99192130469794,339.625540120141,340.9202880859375,4711600
2025-09-09,340.3127677727729,344.9241107011969,339.91438611386513,342.6034851074219,4646200
2025-09-10,341.2290645499819,341.2290645499819,335.0839503188202,336.7571716308594,6557900
2025-09-11,337.3647058719823,342.14534655170456,336.5081564334102,342.1054992675781,5157600
2025-09-12,339.8446834033817,341.8067443574847,337.80295827006614,338.0618896484375,3518300
2025-09-15,339.2370898085397,341.3286314243895,337.02606713399587,337.6833801269531,4367500
2025-09-16,334.88472202680003,339.16740843668805,332.1258978898668,338.6594543457031,5527700
2025-09-17,338.5698181836777,344.8045959472656,338.15149768935095,344.8045959472656,5763500
2025-09-18,343.34054286819156,343.8783444611386,336.8169250488281,336.8169250488281,7526600
2025-09-19,339.07779550115055,341.30875723821197,336.8866506561266,340.23309326171875,13674300
2025-09-22,337.6435732483086,343.4699695296953,337.2949779029044,342.97198486328125,5621800
2025-09-23,343.2010826702708,343.8683955239399,336.26914434314534,337.3348388671875,10142700
2025-09-24,337.76307872075415,338.5299641513985,336.5579643598641,337.31488037109375,5207400
2025-09-25,336.986245742455,338.82879517404456,333.16172697127865,333.58001708984375,5398700
2025-09-26,335.870772959751,338.13161256415685,334.8748035560274,336.01019287109375,9619200
2025-09-29,336.02014683051596,339.2670166635244,334.19750588460323,338.7889404296875,7217800
2025-09-30,338.4503185350138,344.21695930197603,337.1456010921614,340.0040283203125,8164400
2025-10-01,338.9383303898218,347.9518409378596,338.9383303898218,346.4280090332031,8381000
2025-10-02,344.8245038053001,345.78062585482786,342.17522173126287,344.55560302734375,5198000
2025-10-03,344.7149548323991,351.7365573470426,344.6054127876714,348.429931640625,5199700
2025-10-06,348.59923040877214,349.70474176137265,342.96204042656746,347.8721618652344,4735600
2025-10-07,348.649038694597,353.0113894416703,348.649038694597,350.9995422363281,5044600
2025-10-08,352.3540458932983,353.56912975217324,349.6848552507119,349.94378662109375,3927500
2025-10-09,350.053372578839,351.4477236851982,344.1870981171116,345.6412353515625,4434800
2025-10-10,346.22883102731305,348.9876551929239,341.8664803982835,342.2648620605469,6296200
2025-10-13,342.334610813895,346.258732766631,339.35667196952477,341.9162902832031,4030700
2025-10-14,339.62554105235273,348.59923442929517,338.84868619182816,346.9757995605469,5731000
2025-10-15,346.97582147163655,348.66895120043125,342.61347067376323,344.2966613769531,3778200
2025-10-16,343.60940702088106,344.2966282664885,332.8230729219237,334.048095703125,6241500
2025-10-17,336.4085739408942,342.06570324361587,335.64168844347057,340.5119934082031,6267100
2025-10-20,340.52192718186024,343.56959107313133,337.57386630815864,343.0218200683594,4665000
2025-10-21,341.73700528252846,348.2406840511567,341.61749382129113,345.8105163574219,4121800
2025-10-22,346.4180937374913,346.76668911620203,343.11146794187306,343.9679870605469,5074400
2025-10-23,344.8046050728569,345.75075772943865,343.07159771571963,344.5655517578125,7217200
2025-10-24,346.7965606090745,347.6729881581522,343.9281638460587,345.9798583984375,3576700
2025-10-27,347.59332744074374,348.11122059688944,343.6194191827997,346.4180908203125,5400300
2025-10-28,347.17499127440243,348.47973911832344,345.1033883485486,345.50177001953125,7445400
2025-10-29,344.605395498532,349.5653338093142,337.6336100404692,339.9044189453125,8361700
2025-10-30,340.84064122785446,348.31041155130293,340.41238169067435,343.6393127441406,6411800
2025-10-31,340.7011723929481,341.6174775430599,336.80695909004464,339.3665771484375,7301600
2025-11-03,339.6255334575112,339.83467850136,333.47045043910737,335.54205322265625,5538000
2025-11-04,335.1237952294841,338.94831408470225,332.9027725216237,338.9283752441406,5920200
2025-11-05,338.75906718983583,340.73106709286975,335.00424320677166,338.66943359375,4984600
2025-11-06,337.225272127104,337.2850278589407,332.36493664056536,335.6018371582031,8507900
2025-11-07,335.37277903778016,336.9264888333082,333.50035174712497,334.6656188964844,5318400
2025-11-10,335.2930990082746,337.31491571415205,332.9725036343658,333.5003662109375,5295800
2025-11-11,334.14772643061497,337.72325285148054,331.85700901827914,337.553955078125,4453300
2025-11-12,337.5539392647252,343.5515814566134,336.70568232861064,338.1826477050781,6389600
2025-11-13,338.3423280213681,340.7573310621838,334.90940445750977,335.3883972167969,4961700
2025-11-14,335.19879671610136,335.38837770243606,328.35289786675315,329.3408508300781,6422300
2025-11-17,330.47852149051675,332.6739759173699,324.2613310180461,325.07965087890625,6494800
2025-11-18,323.83221811811876,324.33118917839323,317.3455943345509,320.51904296875,9170400
2025-11-19,320.85834726361674,323.90208907652226,319.21174881651825,323.4530029296875,7066700
2025-11-20,323.4530151026438,327.7242064226939,322.4750512555066,323.1037292480469,6510300
2025-11-21,324.71042849279974,330.39868059498417,323.6226751809159,327.3050842285156,8930000
2025-11-24,328.5624708767812,330.0494254219168,325.3291479858861,328.6223449707031,9337100
2025-11-25,328.22316412466176,335.36843350968144,328.22316412466176,333.8415832519531,5854300
2025-11-26,333.841586342223,335.01915077050296,332.3746101630006,333.1031188964844,4309900
2025-11-28,332.74383871779224,334.3305630576491,331.3167887740865,333.75177001953125,4586200
2025-12-01,332.25485376399234,332.6140983109483,329.4606279939679,329.7101135253906,7082300
2025-12-02,330.7679320657214,332.1151295810464,326.53663671382,328.9416809082031,8201900
2025-12-03,328.93170166015625,331.66608389546013,328.67225740707886,328.93170166015625,6296700
2025-12-04,330.5982707162828,331.69601316055844,323.61267574060867,326.4268798828125,6277500
2025-12-05,326.15742105214764,333.4224387208775,325.7283132347316,330.558349609375,5266600
2025-12-08,329.2011721972187,330.6581592570448,324.0417977110623,326.16741943359375,6059400
2025-12-09,325.9378840225944,327.5545759522349,324.4010749776002,325.828125,4325400
2025-12-10,325.9678233516992,328.0834557386547,324.63055413261685,325.0596923828125,5467500
2025-12-11,331.91557675720895,346.60528693573457,329.38079508046536,344.91876220703125,12953600
2025-12-12,347.28386033910544,349.1200701989689,345.25803903865176,347.11419677734375,6942300
2025-12-15,347.11421561078276,347.7329653453619,343.12244688455576,346.1761779785156,7004600
2025-12-16,345.28799394865695,346.904655405941,343.0126869986315,344.3998107910156,7269300
2025-12-17,344.8389016551313,347.07431280569114,342.9727546862657,343.7012634277344,7263500
2025-12-18,344.4597058800123,346.81483473957803,343.56153357971857,345.2979736328125,6805000
2025-12-19,345.3378535964944,349.18992596210575,345.3378535964944,348.5312805175781,18623900
2025-12-22,349.27975255876925,352.71267599172904,348.8705926226271,351.3654479980469,5043500
2025-12-23,351.2756364751809,355.6466279609035,351.2756364751809,352.6528015136719,3703200
2025-12-24,352.6527918079347,355.2574061270487,352.28355809570263,354.4091796875,2023600
2025-12-26,354.3692705227613,355.9959211320052,352.982116288697,354.26947021484375,2017000
2025-12-29,354.75844298281737,355.8162592189493,353.0719183232759,353.8802490234375,3989900
2025-12-30,353.27152636221,354.1397311728781,351.9342875158643,352.8923034667969,3366500
2025-12-31,352.9222335935573,354.46906219163503,349.9683333708139,349.98828125,3503200
2026-01-02,349.1500062568855,349.32962853016494,342.7731719172512,345.7669982910156,5403800
2026-01-05,343.7910798703184,356.80425438171716,343.34199370889576,353.0719299316406,7592200
2026-01-06,352.95216786632784,357.8820044617432,351.2756323845481,356.8241882324219,6775400
2026-01-07,356.41501956274413,357.54269902318487,353.78046822093927,355.14764404296875,6333900
2026-01-08,354.2694768864638,355.6167049317765,348.7807948501946,351.50518798828125,6357600
2026-01-09,351.4352976810692,353.97007917190984,348.44147134622284,349.0502014160156,4902900
2026-01-12,342.0745948107181,345.7969298399835,336.62583942441455,342.4937438964844,13281300
2026-01-13,336.3065196930893,336.8254386707351,323.16360758569283,327.2052917480469,20383500
2026-01-14,327.98368499941245,329.22112357393314,323.27339662748295,328.4926452636719,9388400
2026-01-15,328.65226616102615,331.00742540917696,325.6983660025441,327.0755310058594,8587700
2026-01-16,326.1075285720045,328.57244685544373,324.7303635575226,327.6243896484375,8341600
2026-01-20,321.5668970946223,327.644360890433,320.89826248076747,325.1495056152344,8279900
2026-01-21,325.75825361952474,327.9936647784267,322.3353193026403,324.6106262207031,8974600
2026-01-22,325.7881853155845,327.7142368080782,323.33325615728353,325.6883850097656,6938700
2026-01-23,325.1894097523205,327.1254199321477,323.9519712494617,325.5087585449219,5667900
2026-01-26,327.32501347087873,331.3167819278407,324.3611241733934,327.8139953613281,7540200
2026-01-27,327.80404260907557,328.25309829578197,324.24138188731973,324.5906677246094,6365800
2026-01-28,326.05764337353963,327.71423096530964,324.21144434052763,326.30712890625,8106000
2026-01-29,329.3209038427684,332.6739747908746,322.844269146056,331.1171875,10214200
2026-01-30,331.53632717586584,332.3147207991864,320.9381868988181,321.1676940917969,11199100
2026-02-02,324.16154631106275,334.00127208429024,323.4430267202089,333.15301513671875,8502400
2026-02-03,330.96751673112385,335.0990119599509,328.19323869876354,328.25311279296875,9081200
2026-02-04,326.4368440875912,330.62821332543064,323.7524077058803,329.2710266113281,8472300
2026-02-05,332.3147289199413,336.89527963696725,328.1433381303329,328.45269775390625,8339000
2026-02-06,331.09724465448534,334.4403569413341,326.4268827108616,330.89764404296875,7798800
2026-02-09,330.07936733351744,332.1351258012084,322.9540455040185,324.9100036621094,8513400
2026-02-10,324.7099914550781,329.8800048828125,324.54998779296875,328.1700134277344,5801800
2026-02-11,326.9200134277344,331.0400085449219,326.4200134277344,329.239990234375,8264300
2026-02-12,328.8900146484375,332.239990234375,324.0,324.17999267578125,9392600
2026-02-13,323.8299865722656,326.4800109863281,312.82000732421875,314.0799865722656,11653900
2026-02-17,314.4100036621094,321.3800048828125,314.4100036621094,319.5,8591700
2026-02-18,319.5,322.2799987792969,316.7200012207031,320.29998779296875,7091900
2026-02-19,317.489990234375,320.20001220703125,315.7300109863281,318.92999267578125,5967600
2026-02-20,318.1099853515625,322.3500061035156,317.82000732421875,320.95001220703125,6831100
2026-02-23,319.0400085449219,320.5199890136719,304.7099914550781,306.5199890136719,13048000
2026-02-24,305.5,309.2699890136719,303.0799865722656,307.2200012207031,9120200
2026-02-25,308.54998779296875,313.94000244140625,308.25,312.989990234375,7624200
2026-02-26,314.4800109863281,319.4200134277344,313.94000244140625,316.70001220703125,8725500
2026-02-27,314.4599914550781,320.2300109863281,311.95001220703125,320.1400146484375,12412900
2026-03-02,315.5,322.6000061035156,314.6000061035156,320.510009765625,6674900
2026-03-03,315.80999755859375,322.0400085449219,314.3500061035156,320.8299865722656,5474300
2026-03-04,321.44000244140625,325.7699890136719,319.79998779296875,320.4700012207031,5257900
2026-03-05,319.3299865722656,322.79998779296875,314.7699890136719,319.79998779296875,8267200
2026-03-06,316.04998779296875,317.69000244140625,312.29998779296875,317.3599853515625,6439700
2026-03-09,313.4599914550781,316.3999938964844,310.1499938964844,315.9700012207031,8381500
2026-03-10,315.42999267578125,317.1300048828125,311.45001220703125,314.42999267578125,5271300
2026-03-11,313.25,315.0799865722656,308.3900146484375,308.9599914550781,6376700
2026-03-12,308.1400146484375,310.95001220703125,306.0199890136719,306.5,7514900
2026-03-13,307.5899963378906,310.3500061035156,306.4200134277344,307.1400146484375,4814100
2026-03-16,307.8500061035156,311.1300048828125,307.3800048828125,310.1099853515625,6401200
2026-03-17,311.32000732421875,312.69000244140625,307.3800048828125,308.4599914550781,6872200
2026-03-18,307.4100036621094,307.94000244140625,298.5,299.0199890136719,7191700
2026-03-19,298.0400085449219,302.4700012207031,297.0299987792969,299.7099914550781,6826400
2026-03-20,299.8500061035156,302.9200134277344,299.010009765625,301.6199951171875,14398100
2026-03-23,305.20001220703125,307.8500061035156,302.8500061035156,304.44000244140625,7824500
2026-03-24,302.0,306.0400085449219,300.6199951171875,303.760009765625,5375900
2026-03-25,305.4800109863281,308.489990234375,302.1700134277344,304.9100036621094,6280900
2026-03-26,304.1600036621094,307.8699951171875,303.0,305.5299987792969,7652700
2026-03-27,304.32000732421875,304.5899963378906,294.32000732421875,295.5199890136719,9974400
2026-03-30,298.7300109863281,300.67999267578125,295.8900146484375,299.5400085449219,9330300
2026-03-31,301.6000061035156,303.3399963378906,296.5899963378906,302.239990234375,10246900
2026-04-01,305.04998779296875,305.04998779296875,293.8900146484375,298.510009765625,7707600
2026-04-02,297.79998779296875,302.4700012207031,295.8500061035156,300.79998779296875,4376000
2026-04-06,300.739990234375,304.4200134277344,299.4599914550781,303.3299865722656,5501000
2026-04-07,302.44000244140625,304.9800109863281,301.1199951171875,302.54998779296875,4413900
2026-04-08,307.7300109863281,311.0799865722656,307.70001220703125,308.9599914550781,6879300
2026-04-09,308.0,309.5799865722656,303.5899963378906,308.2900085449219,4811500
2026-04-10,308.7099914550781,309.0,303.510009765625,304.3599853515625,5190000
2026-04-13,303.92999267578125,309.75,302.3399963378906,309.3900146484375,6787200
2026-04-14,308.4700012207031,312.1199951171875,307.489990234375,311.3699951171875,5571000
2026-04-15,313.0,316.7300109863281,311.5199890136719,315.9100036621094,4831400
2026-04-16,316.3500061035156,318.0,314.57000732421875,315.1000061035156,5695800
2026-04-17,316.6000061035156,319.44000244140625,315.17999267578125,317.0199890136719,8082300
2026-04-20,316.3999938964844,317.54998779296875,312.3500061035156,313.94000244140625,5506800
2026-04-21,314.010009765625,316.8900146484375,308.82000732421875,309.94000244140625,6806900
2026-04-22,311.010009765625,311.3599853515625,308.05999755859375,311.2900085449219,5665700
2026-04-23,310.4949951171875,312.20001220703125,305.5199890136719,305.5799865722656,3801880
